0,1,2,3,4,5,6,7,8,9,10,11,12,13,target
1.2069258935914962,-1.9514398720908872,0.3546112062619016,0.3455850935681951,-2.001452720878547,-0.8000393101836598,-0.01575720453176433,0.07799221355843221,-0.13804818982301353,-1.757954868661733,-0.4630907564860563,-0.40503960292632724,-0.4539852603320955,1.9066685072796887,0
-0.5856745744357084,0.09057037936030812,-1.2038808986111131,-0.8524042240971137,0.790369958465103,-0.2516997415652495,-0.23113968057134215,-0.2582932170638313,0.41564336444159605,0.1847109081595163,0.5168311051860851,-0.8083996028547276,-0.29579384729593144,0.536545739984951,0
1.0760542941122688,0.20239395345092995,-3.325520726092366,-0.6864737150174696,0.47586941387559306,-3.1388653306507313,-0.6556231745571836,-0.033828089429926614,-0.13018900805022618,1.4698456710657692,1.3201809108800509,-1.701039610070556,1.7322027033331795,-0.8620658869106166,0
-0.5697311526098305,-0.11495920788702689,0.23405084407327725,-2.7163908506007655,-0.4322794478467694,-0.2970220807764923,-2.00868381659062,1.285925444773175,0.4041791500034205,0.5250240729613549,0.5003259410801137,-1.7166434360781828,0.9684457802877278,-0.40407945325667066,1
0.3374023977184749,-0.6396309122869785,1.4783836599469886,-0.6593113643827146,0.23699526252761338,-0.630158045455912,-0.32079043891226816,0.09343773918002422,-0.6443566182814159,-0.06460403084942162,-0.2896681705713945,0.4617380573062277,-0.1609423931528243,0.4859615040094128,1
0.24005005979841904,0.792040865195977,0.4324158971693947,1.0186617396796473,1.024750458503411,-0.4801439071814209,0.28547636443801716,0.272596751690432,-1.2113524710760613,1.7222367759156538,-1.1937094804995785,0.19443996475104242,1.3123044060683329,-0.1198425027753412,1
0.7199108138214353,-0.3753689860379542,0.39468616077698493,-1.9241532974834044,-1.3422370437183584,0.3110996556225921,-2.2951458908599274,0.6519849257545147,-2.0755198036622464,-0.8983091534433468,2.1241576939671627,-1.2446955037336733,1.0970302572720474,-0.26899797263107955,1
-0.13114637346678654,0.5682765715082292,-1.1217436868756385,-1.650042798311205,-1.3080666488711115,-0.026465284072681703,-2.471926953310017,2.1132745502779313,0.3313884580330401,0.9663444097946761,-0.08860347509874768,-1.0598664632706047,1.092818342306433,-0.6051605968462553,1
-1.2898596908270916,-0.9452304823531293,-0.3763396109982028,1.208429168712659,1.085191992625479,-0.5621604762439621,1.19970113534382,-0.49075980945076936,-0.5792515738579295,-1.343506578695666,2.0954228189971316,-0.15342271139136923,-0.981151101160503,-0.9439349648135419,0
0.4579467148253311,0.6452811311336523,0.6622669482148436,0.9729603545908959,0.33183064652799604,0.7373421708615349,1.8019756650737522,-0.06909636128177007,-0.5019434446411979,-0.7064339431373434,1.134974778022015,-0.38083076562372475,-1.053101693404783,0.1433173032844291,1
2.2724438955200026,0.30089314724622024,0.7422729266857747,-0.9572297960929166,-0.1378779909988357,-0.9740217293900933,-1.3734157650079755,0.16021422645210606,0.1807565747542677,-1.055477808256086,1.1432534871245752,-0.3829432467675285,-0.8225891154675803,-0.4188242011680377,1
1.5137930740728407,-1.225352309803844,0.8462448148301398,-0.9643796628523315,-1.5093167384366324,0.42423807769257627,-1.7178457670314753,0.23144864636374018,-1.2190516816573829,0.21142128142582228,-0.14312904999602638,-0.6636744409322393,-1.2738636957025415,-0.12956089319392053,1
0.9577689856283448,0.5258678052782704,-0.7586435263973684,-0.38388369747403356,0.030864938576314973,0.969504907798346,-0.9787210493331986,1.6792438545889292,-1.9609645148219605,0.165865842968726,0.6519655074866804,0.16714272210805217,1.089358618495165,-0.06441307128448254,0
-0.7250769949321513,0.8741891229215202,2.528882610559325,0.906721241032071,-0.33821462452191514,0.6479730018019869,-0.0247481637345011,-0.38908935636088315,-0.5362239640290619,1.0902354893635007,-1.9887324448985677,1.0018738172108623,0.5728199187577828,1.316921028126345,1
-0.37784262560815485,0.31391527490630533,0.08629068126528161,-0.36452186107828743,-0.1701635171834964,-0.13913444623270235,0.5172150697646993,-1.127587316732544,0.4977897230801901,-0.1282806648193485,-0.16551123535723433,0.2186900990283497,0.30468068509384094,-1.279030092050777,1
-0.6442369957088491,-0.6217952215667186,-0.658508014574444,-1.5552647091505183,-1.4807549341970803,-0.23558175512191348,-0.26801954921891047,-0.4932508027799502,0.9462234201131505,0.5092032137437431,0.6238039117829354,-0.039380890348280635,-0.1095212660010225,-1.9376224363066952,0
-0.6002101337292118,0.7300069486725265,1.6927069308982157,-1.3750853805055483,0.7149393411087683,-0.6926237332447664,-1.0005525688274348,-0.11365842358545505,1.5652144856815076,0.21732139371155287,1.330407775951573,1.323397453294059,0.7459783416874287,1.138310645072961,1
1.342747309995162,0.27660295927739487,0.7323792525893396,1.0829192570131199,-1.0720570072729703,0.35223455925903635,1.1549812049513166,0.1334981877717644,0.8557691503842408,1.4357910490278343,1.882748996093958,-1.226019993532862,-1.1119116585105118,-0.9488990217557564,0
1.5402333107262283,-1.7344911445138043,-1.1881767664419873,-0.18609916505671373,0.12006733009254496,-2.2711759055845753,-0.4287780369463581,0.34220238063959996,0.4657799315032627,-0.1828634148375019,1.4431608129854674,-0.08699576194648857,-1.1829926721825352,-0.5452440757228644,0
2.103168235901205,-0.03725968168807406,0.22532849141711433,-0.4686177121345652,0.358187121563119,-0.7895004871775653,-0.20569717496228707,-1.1527352548377359,-0.11984649975846595,1.1955365277946637,-0.10745362606277094,0.03665324333861392,0.9248000381888783,-0.02198283119200781,1
1.2131731582569965,1.0774264544368057,1.817061792743186,0.19917610445239203,-2.4303765290150965,0.16642221082973718,0.26282376493895415,-1.404792531453722,1.1504800294223,-0.019330106809255794,-0.4968432381630102,-1.0207556743824653,0.5863408010337213,-0.4066178513732984,1
-0.03018006184975159,0.8050073571982973,-1.0973645484860173,-0.12719493346491248,0.9394112629203455,0.39439971591911255,2.182247337716799,0.720918983771382,1.324887298146808,0.17154942419978497,0.7172838886359155,-0.603616533267045,-1.2696738498264406,1.3555817201588651,1
0.75338485727623,0.004057743165824457,-0.4088042311316207,-0.5733686417402787,-0.20675343704608556,0.2796127854072827,0.5297085714160364,0.10298563436611573,-0.4539000434242012,-0.7762013758611602,-0.3999599952957049,0.26511674669651913,0.3088289373724024,-0.9665899833210704,1
0.5688584399783196,0.1453682575218606,0.040934571865244906,0.9232544230474997,0.11870151534176172,-0.6763890209585908,-1.0346371386059403,-0.96022004950345,-0.37695225569461016,-1.4912222594460243,0.7393473164625447,0.03451708191822482,-1.3629056015833922,0.031654861806020874,0
0.5026563902107998,0.6952169586306828,-0.19500353438328694,-0.16316988546142866,-1.0162065049249294,-0.5641437013599775,0.7933071621326055,-1.6692408710195688,0.08877337383761556,1.2103914212890683,0.08235832800661014,-0.2238921714863452,-0.639493510690935,0.7809285150906978,0
-0.084875822479454,0.8549561739788141,0.6261541151433748,0.24491966765382986,-0.2041700072698604,0.054889904932500774,-0.05895035405211786,0.1735209883442993,-1.0310559920154247,0.05296378980929671,-0.20382366689484985,0.5824211041136075,-1.2945989712698407,0.23237676434729848,1
-0.7719915680730258,1.5719386454497444,0.6544661058621662,0.42524753545015465,0.6264129559773037,1.0081396128294493,-0.40608829766797894,0.7329968668275259,1.6347888683646334,0.7208612890583181,1.994738772081195,-0.07050290571415334,1.779003731040816,-0.850596361815343,0
0.3990914684701111,1.1624670734662503,-0.9022793288785252,1.3832306330571462,0.5014932336632697,2.626205117867522,-0.7739981986318242,-0.8719673718978284,-0.2653616146247734,1.0120608657766055,0.30012372218650424,1.1065780244621068,-1.631572447354937,0.40140289139490104,1
0.4699161551357972,2.29973953119897,1.0360169374116315,2.930987169691929,-0.17982915784291512,-0.10518365033073157,1.6227427409110082,0.4491551491388932,-0.18412846316486764,1.512016697763077,0.6350177844365097,-0.5612029815915214,1.268834798062608,-1.046638704013637,0
0.24675396141069586,-0.49777357874554046,0.9281957859748312,-0.44363350557510073,-1.2101689397116562,-1.4191878538516636,-1.1936203376179517,0.30802049554279315,1.1702978635858647,-0.1804629079620772,-0.4636286045508429,-0.7402723370069851,-0.8758769872470157,-0.7581348019936401,1
1.050460054537675,2.166869491605503,0.3796771595731391,2.060512307652012,-0.42130546867519636,0.08698527381457857,0.5400262429656966,-1.3577385649359004,-0.6994120720673478,1.3461431965101036,1.2206306045174287,0.35529628514439604,-0.22620381112499469,1.0821496915842057,0
1.5485352392663416,0.19477506924656787,-0.6503486251048667,0.11432261938061519,0.03571520985479088,-0.24731424485022085,0.22079560390754419,-0.23255450568024283,0.06815175742065066,0.6933435693201181,-0.36525177345992843,0.9261282402206371,-0.33462025265343337,0.3901323432409142,0
-0.19276809724713043,-0.17028128248237379,0.6084363984137391,1.0646766942861825,1.1260334980662356,0.05044391929343494,0.7693998471640456,0.6389311382600092,0.06400154577132082,-0.692245221911177,-1.8829372606760553,-1.0663270337992667,0.8725541634601418,-0.6710531623230139,1
1.7538178930406092,0.8401968264144376,-0.33133781743020885,0.0038344257746081504,0.23326974581029955,-1.310178111029936,1.545981478113992,-0.8963183286339679,0.9142076571593732,-1.1918027820118549,0.20861521773173278,0.4516621134332443,-0.026376466469144984,0.26320114776636433,1
-0.150979537380971,-0.39171388048736533,0.25707974716819076,-1.962426247867584,-1.3854806649618059,-0.9940895680718932,0.1900476769318187,1.0233483985455996,0.5570692885594815,1.6343980946323078,-0.42831317926047424,0.7951730790858237,1.0166054486207043,-1.3635536065053055,0
-0.3316640999488969,-0.5385811912949127,1.775213654095822,0.6898381529691104,-0.5304674614653225,-0.561478104143131,-0.17270448080994677,0.2813228209896285,0.5943584143992197,-0.42508205373864844,0.8950595985650318,0.07191945503091651,0.8045854245276165,-0.4423762037881478,0
0.15416514113069774,0.2337379177529045,-1.4860263284602202,0.6315722489319431,-0.445929654488583,-0.49357260612268333,0.5588869684831936,-0.45107302289913015,-0.3521968391838436,0.8707562193587965,0.17097870555197725,-0.06224177280341746,0.6091775345593993,0.3309824937738665,0
-1.4519357822664496,0.2638757312063498,-0.9974842584386244,-0.2610766887712095,1.0802577258571753,0.34274678688820814,-0.31053838413525603,-0.696094284812224,-1.0640132499050876,0.42433133892823927,-0.0009957789411072385,-0.412884954324142,-0.6322274451549604,0.25954936044094024,0
-1.092690979342258,1.633394471050636,0.571451586257473,-0.4466887823896541,0.07173459365454303,-0.27098611704720477,1.843719112588196,0.7338432281359161,0.7204135667563765,-1.6997329810811583,-0.9708050618388249,1.2528005643310423,-0.308492216220486,-1.4725047722469418,0
-0.6543593149022036,-0.28807686698286655,0.08706873056690671,-0.6899971311382868,0.02043766495680216,-0.5996829215840737,0.04691437134491554,-1.1887312780922583,0.9240655917982222,0.11542800794510297,-0.15005495867686636,-0.30533866688710937,-0.27181268819312804,-1.5876907342252917,1
-0.5113568199047515,0.35149234274709623,-1.2093825766774347,-0.09216148024528006,-0.9005341047777323,0.9865419099603527,-0.05383417085459225,1.5247342627309992,-0.20579420002067073,0.5535112216326514,-0.28570469575747376,-1.2157509140107106,-0.40787418150583243,0.21576027992574365,0
-0.05358269460619195,-0.7844031178867631,0.235201703944438,-0.3616093838834283,-0.8095593632294931,0.9022569261394532,-1.3417024044957866,0.8518168115862266,-0.10323102765096415,-1.0527484780529348,-0.4223375806503694,0.16770074119576606,-2.011435620437373,0.330714247349617,1
-0.008516506982106384,-2.9356921151336848,-1.3694990915372887,-0.6050914624670706,-2.6250170298649493,-1.3270629096441968,-1.7092590221704178,1.1443382363824093,0.9528714548717149,-0.08751870094984117,-0.03924973290222979,0.21122037548989958,-2.5594432030836782,-0.7386896504152016,0
0.440593872295298,0.5004526233189531,-1.1474639609952382,-0.10920181049499807,-0.3054995118918366,-0.5990146397257057,0.9024634988854898,-1.84306950130431,0.752791580384105,1.3604053887451195,-0.8346786345704136,-1.3564300587525375,0.11252892913120115,0.40877545709796625,0
-0.29648883678825866,1.53948769352937,-0.4749347649078316,2.4546268932781667,0.7666596873438336,0.6194418637031008,0.5517183003776314,0.7290208272191713,-0.19751286198522955,0.6807293730731159,0.10537917298321137,-1.1686581908830072,0.396389768464979,-0.7753061831653634,0
-0.7564103610590508,0.18423543538646645,0.028108002756445632,-1.386711266314468,0.4889741393747542,-1.2645190472465764,-1.7182270695889643,1.682575854164056,-2.5023574833421263,0.1743817149945516,-1.2176640086255688,-0.1795732240624685,0.6602511771592469,-0.17521311914302143,1
0.5103801188961813,-1.1435911767307902,0.7435287244777955,0.503838725818969,-1.2364431850284416,0.2547753166255618,-0.6934119007964286,0.5059287151062266,-0.7891361315755259,-0.37036631822114213,-0.9103626833662395,0.9245956943709186,-1.2330438553473642,0.9143126226928755,1
0.9604968822867734,-0.8506132006403732,-0.4153378726385046,-0.7970976474467603,-2.0814665126969984,-0.6858846219475745,0.2255217941904753,-0.9864826859352986,-0.45392701643293365,0.2128730092632094,0.7694868755091175,-2.102133424519909,-1.6977337381383932,1.1205046904466591,0
-0.3644619645492921,-0.14056313500843245,-0.30745839805310643,-0.5592664076431865,0.36559047526260824,-0.03301305974283043,-0.5543594700664036,0.05974174008551458,-0.6857342960766268,-0.10705484409878159,1.0853342225499854,-0.045526550746587326,-0.4589812417611711,-0.35963859014235205,0
-0.8298723450646261,0.6529361831288402,0.7683764927879202,0.05970502702684702,1.120877819897639,-0.3220433929799073,0.17356439448753694,0.4053623983804089,0.6618688069062909,-1.2112030382120718,0.9365900018888261,-0.14877677313500917,-0.5475250291539878,-0.36612463444676635,1
-0.3870917166181311,0.4153961980698394,-0.8934960803399793,0.6900070561989298,-0.22082894060892552,1.3509498234384876,0.13936728011631883,-1.2335037893116994,-1.1563960035786442,-0.10455191733684814,0.04059328323603315,1.5676549869714724,-0.34054111093556155,0.011344703426060573,1
1.843615109555188,0.8910069647288634,0.49489323194171875,-0.7331415046891223,-0.3924284541862551,0.9152291967595515,-0.9219180594091058,0.24253958075081952,-0.7637146208228627,0.6756675535833397,0.15755138783820488,0.33794487167784615,0.78963897528498,1.0836743576611338,1
-0.9289745637698148,0.2561054040496245,0.8270732795658189,0.3420754282456516,-0.24665273094542225,0.3648228640187874,-0.6892306900862799,-0.19234301388622452,-1.1938682742168385,-2.1103657253634474,0.03852016645863591,0.5321994476636435,-0.49849338684215144,-1.3148798417089513,0
1.3303739483150525,0.6717687403924167,-3.0820534517826754,-1.5153297921492246,1.1880028977536319,0.4810690644065997,-0.998720054964158,1.002947183576883,1.6071455588656223,1.7398840021598745,-0.3955753526269696,-0.04135421563303356,-1.0875798329577966,0.6978243623263302,0
0.2390713718764709,0.5170583955620375,-1.1021793542805185,0.07179246778250364,0.3129377097714259,1.6005078002842168,-0.07177009990507201,0.678273439305088,0.48223654358013707,0.7274282580825306,-0.27781954134883446,0.900612661953549,-1.070399100699103,0.9893182029831307,0
-0.14056666259524644,0.038784642724353315,-0.6924804059984212,-0.08909240413030675,-0.544124607134241,-0.9138909529864324,-0.6808910800197376,1.413467203341113,-0.2561368194607427,0.8202234376546873,1.4853664043401071,1.559961886880026,0.3419001555150346,0.2341470628450896,1
0.14827202980387133,-0.23182299746823581,-1.2668989233813566,0.09943738559558483,0.29257096460142323,0.9243960233644056,-0.32671805876756455,-0.5790397758056933,0.5230200951459961,1.6391040859886838,0.019822477234558957,-0.2404370244076565,0.6491829919478624,1.6171428872359224,0
0.1763252149946557,-0.1607602693950116,-0.3122915674779046,-0.7710529471672807,-0.45544362034944225,-0.5058022105371668,-0.1281779055632866,0.08222953074495541,-1.8573517952480578,0.34055887177866057,-1.7902308199285748,0.1063529376343366,1.1688357929214812,-0.11320692295845254,1
-0.47647758780995103,0.34773246835621646,-0.8133522143440313,-0.4303216087701219,0.6345383510049218,-1.796519845707225,-0.008751918848043832,-0.03496911959793402,-0.9900364382899378,-0.36914659760170426,-0.24849334519972668,-0.2504971268736273,-0.5477899889031974,0.33711399729555713,0
-0.0577525294137432,-0.3122529254417202,0.7698991747971357,-0.89837099218563,0.6889293577617065,-2.0349958116967115,-0.9391260307287432,0.9484059666710571,-0.6089525858366224,-0.6409070783668189,-0.7964677075284876,0.24581420372098622,-0.24990817325066647,0.7786036052650241,1
-1.1867411160115777,-0.9181295409299434,0.28905332839351283,-1.2587120643354108,0.7927599335135638,-0.4356202912752164,-0.9408547083270817,0.6826959551126207,-1.3722497103062292,1.2185956330272818,0.020670635450934415,-0.08838250512523524,0.8598453456478365,1.0733728339414759,1
-1.7385167047273686,-0.428492075065291,-2.616026464189638,-0.12592071098427793,2.5834540606537924,0.0027527049130353382,-0.7532218307888484,0.7301472638300163,-0.7971962265626266,0.5488330140345464,-0.3801127746874409,-0.5504509140053796,0.3321095565627559,1.179647133093226,0
-0.3525810362647431,-0.8651746477575808,0.06578239000974277,-1.1802356533867306,0.10929711317572234,1.290861648529954,0.5074555161227812,-1.726500657817426,-0.11652825116787346,0.614539490610523,-0.22719514678255845,0.9052548827584704,0.9613831952981987,0.34531732493674266,1
0.30986069664041355,0.5575985814797837,0.6296140790393964,-0.5468289099812721,-0.3445700815079572,-0.06317585422606398,-0.934911213361842,1.7602420195585085,-0.14919929259518647,-0.8883698092508642,-0.14706724205141486,0.543992381570209,1.266151166004689,2.0296697053551362,1
0.42889093678010043,-0.800467758072301,1.7958394306962728,1.2826214838010963,-0.5573666992265646,0.8732948397934487,-0.41662206811266694,-1.8717616049794619,-1.5929737725541089,1.5620926579628494,-1.9702870682958702,0.969157457045083,-1.0641191517610533,-0.21333859124582388,1
-1.8331745060174032,-0.9308362082389962,-1.000185821223786,1.0017047127305583,-1.2376678040297886,0.2942313915832082,0.3607736860760612,0.43739116792457555,0.28915890036034514,-0.9955457856604732,-0.17379383756269245,-0.5382377189005912,-0.7550113399181186,-0.4649900380852813,0
3.5041741701467752,-0.7278297281485835,0.9421425462467512,-0.13693914738909432,-2.99887778973451,-0.04520501778174323,0.8430052336603778,-0.14813414533614255,-0.5969397454984245,0.5780444249743201,0.1086471084462587,-0.777943362459846,-1.8520684619488637,-1.6763455645354075,1
0.23979895647151864,-0.04632465076520714,0.655275777864091,-0.9698995719273602,1.0890052438331288,-1.1342198372330226,-0.6104236805927676,-1.0665028122426703,-0.4022215559660522,-0.2555136480079216,0.30816423390480974,0.9374681977114608,-0.527877717320681,-1.2047455006635337,1
0.5253972295219408,1.8300013981355385,1.153639948504474,0.36084965934070173,0.9192147860730026,-0.08347320607973532,1.6108051390307172,0.12020124081801174,-0.16409907125410453,1.372301476243099,-1.052746490762481,0.047056380039043604,0.07636618083048771,0.4785739210824702,1
-1.7590042293163497,0.11914086688791509,0.1641566618763775,-0.4039773499640266,0.3718432866559937,1.0404648603268536,-1.2513474107625695,0.4008217447398689,-1.0183824682653235,1.069704232644805,-1.0437313619400423,0.7333657826711948,-0.6300786949442359,-0.538456341526277,1
0.8604040877341445,-0.8527339201935901,-1.5966809804757898,-0.14160028658422502,-1.2515795559141247,0.6899162521830643,1.1431055753559787,-0.11869884661864162,0.9682464641595585,0.020161574997132926,0.4642258305137189,-2.8304772518751133,-0.3769417394363033,1.4154948787233215,0
0.14516042367415338,0.3094505871614502,1.8752761566672942,1.0576418437609154,-0.083721793091854,-0.9669265441075989,-0.20662443365142952,0.12205681484398895,-1.281554076012023,-2.613031666242327,0.9585285566762433,-0.43739014139746896,0.5264706332802233,-1.1811292140405305,1
-1.5308427753759217,0.19186931783470126,-0.6472262557065229,0.533174372284799,-1.047810026504067,1.4050173455566046,0.029540826509495754,0.31101169729359557,0.2638856782108477,-0.355748850702156,0.8270970770018122,0.4142411784095701,1.1536096218224292,-0.3180858573389767,0
-1.1091133539299893,-0.5752943696422416,2.1030035218905154,-0.3833314975596216,0.8921073871109452,0.13810977611593991,-0.30595041195700884,0.559017915391471,-1.7421903430088181,0.6420709373660701,-0.5544934442237935,0.32936835586818186,0.8417477707915738,-0.6355487595544972,1
0.12529410128174723,-1.7398884654318714,1.9538931642962256,1.4631553310362362,-1.2795142182269,-0.006762211206722933,-0.15231418133442706,-1.1026283543734907,-0.6845972441305747,-0.4326993782537517,-0.991850584088852,1.0597235665492548,-0.1372259606590217,-0.3832012154035684,1
-0.4233872209464254,1.8283335843005972,0.38318852657827507,1.6392926301823807,-0.27101775796907257,-1.3552880102642102,1.6227857675385398,-0.20678911148593343,0.7382474068203846,0.4865017288544228,-0.9247940309911067,-1.000577722463872,0.8549801879213026,-1.0333627465378834,0
-0.20801529972737695,1.1316458733486745,1.3176411356792896,1.5168416675272696,-1.4504970214974044,1.329719546136355,-0.4459935608802675,-0.6111574151636137,0.8406634229049641,-0.8499770484381157,0.041030457969290744,-0.2749008609402299,1.0657446140306472,0.48435006095706046,0
-1.4798035705142365,1.558646303465765,0.06414135929686597,1.5733421544160853,1.0100860498967479,0.8314179713095661,0.6610397386061457,1.7227181277017896,1.9141552152178967,0.5611590308326192,-2.4002873568616745,0.5934106181045038,1.0515511229670875,0.8044253521006142,0
-0.7134482397270586,1.2119733765296068,1.7813884440782695,1.052253744203571,-1.487734803982702,0.3425485649858566,0.5296416676014518,-1.8041029483202031,0.5064651698087639,-1.068759537456695,0.6168472612968053,-0.9458836926204415,0.9227941788219602,-1.3949028353730042,1
-0.3958227231828808,1.355458944991057,-0.7079165218511658,0.817988434319343,-0.6017958927327903,1.1417850425914229,0.5852419416982687,-0.30779088003666644,2.2336553695027828,1.636655154427362,0.4047425648677641,-1.4389239552960902,-0.19860493842504484,-2.3639895778541424,1
-0.769577299804625,0.6807468114876498,1.648444265289114,1.2841552413519794,0.7796711222107832,-0.7904621460438979,0.09520772534309427,-0.43232323616743945,-0.7116016782695225,-1.654070079800837,0.4869038171754633,-0.6922725246329438,-0.1375379176198241,-0.751506422895551,1
-0.4972570661545955,-1.0881609494950104,-0.2200886595899651,0.39614891614750786,1.3633038095579884,0.5957251904169326,1.5281669467147707,0.7113677586718782,-0.11347300877871211,-0.06991370381139367,-0.5453147904992799,-0.4122677570759017,1.557167076195641,-0.05134627715541951,1
0.5787533995442271,0.6913718100930286,0.7356086379293866,-0.5098974260885546,-1.117516077775055,2.31817840555306,1.207682987663679,0.3618073110682045,1.86353086765394,0.7060346582489022,1.2752631658264963,-0.4651664235297921,-0.5354663069056959,-0.46875803812911077,0
-0.7245324623082742,0.33153323134906443,0.04557378502176073,0.7417530596442553,0.6360152762648779,-0.02863334090411091,-0.11840231833786694,-0.13436969782104358,-0.2581441947903316,-0.03274400559156477,-1.475896045655139,-0.07080425146560508,1.0885157207133462,1.4292032879172,0
-1.1116334077502537,-1.1145837664878884,0.058501327870730896,-0.04002322781081244,-1.6250680220514802,0.13176407207533167,-1.1703024106857987,-0.8507940444787996,1.765210838888913,1.5122985133610443,-0.8278446922019411,-1.0558778759062266,0.012503502913574018,-0.261585257215307,0
1.5714246675137762,0.48766261498491786,-1.9498059688106655,-2.1975974904558555,-0.43005462241330084,-1.1937762363296591,-0.09964648179221779,1.1346732492287395,2.720475886721776,-1.6001818318098218,0.6237774398019299,0.5147301974424529,-0.9102117648879056,-2.0591727054702065,1
-2.325341563385862,0.5332214045882703,0.0059941125750654885,0.036151256153411436,1.7982792866618789,0.5917982784021755,-0.017389519347673243,-0.7638647541055752,-0.2824267924796883,0.6264884474049951,0.1632962037052144,0.3711674460219868,-0.3520200879811164,-0.6766748871850897,0
-1.4405522113945328,0.424231014729962,-0.2788227674023857,-0.6737292364667089,2.103485378769808,0.14585466676029682,0.3177664364168786,-0.2901890043496522,0.9149719188839686,-0.5582110755122767,0.5165823678293161,0.5333570024462908,-0.4209664966415548,-0.2792786371216027,1
0.5396379399935515,0.9427955149894285,0.6681240265274705,-0.5236476626342161,-0.11901655269604758,-0.6215596722938911,-0.09235520076354448,1.3330887225981776,-0.08670013637830468,0.16224757627488137,-1.0314795217969719,0.26568662215125255,-0.413457120099679,1.9758329879051457,1
-0.35861918557123573,-0.11121836334847203,-0.39786126577925846,0.9093402358484625,1.0870935609484291,0.5621235288544109,-0.5529454003827224,-0.6832756056162206,-0.45223952820221375,-0.6722709796743146,0.57350049860678,-0.5290263287882332,0.7361779449609644,0.5570956246831463,0
-1.1999898647098441,0.28790520395078617,-1.0715527377871625,0.6973320294285568,0.9551554871874061,0.1870809144156818,1.5546045321093205,-0.8662034197014721,-0.1572404584138098,-0.5132656666144292,-0.04652767079966715,-1.2731787287262326,0.9015535559381714,0.4695654021392524,0
2.0280825814413435,1.8441913437849904,-1.6773172004705885,-0.08673354330662746,-0.3986995477154776,-1.4262155607744242,-0.1056389910857642,-3.495767024019858,0.5786940002940008,-1.3815031114084853,-2.0408451040104696,1.1076366607484407,0.11142877577239603,1.7161247571989078,1
-0.3803702056301784,-0.7882069121460787,-1.24797614548976,-1.2229755966165976,0.3691512628649032,-0.6732906987551482,-0.34105320475235895,0.48068165631767845,0.38917497235086024,-0.8953034023117435,0.3178016870417568,0.3644494158847491,-0.6999181704787255,-0.3366143110503065,0
-0.8698692698863257,0.16103841183086132,-0.1683181817440663,0.31098088144765207,0.3023078020358513,0.25254068080620823,0.01548331597327225,-0.3607157633411939,-0.16576156380299994,-0.0694313425142622,0.054904412885768895,-1.0623361177290507,-0.2607614230340849,0.3515330694613899,0
1.0856153442994738,-0.26286473118572523,-0.48988897921708857,-0.10669903454854353,-0.2716230735445549,-1.8876824417321554,1.1221935321631666,-0.7432188970837557,-0.06452410832992102,0.8594827853663956,0.40780409776415005,-1.0307151901955185,1.614585306619017,-0.909883227535279,0
0.05328214636635098,0.2751790883410644,1.2307071753739012,-1.7128154604492787,-0.10957489404498821,-0.5611856676063384,-1.8051471359164857,1.564198853591189,-0.5267829820323295,-0.3240508261770869,-0.26468806696846015,-0.3162842288590286,0.29752174370696566,0.1923000730915671,1
1.4481723843199008,-0.8394438635412828,0.5014021098058028,-1.10766749537838,-0.1817558144079509,1.118656194379973,-1.326457096486855,-0.5671036506658671,-0.4747957007859837,-0.32298605314751727,1.7269826929147962,0.06507186911245254,-0.23609039045141836,-0.7101337366801503,1
-1.0234040225171304,1.3814104583959588,0.16095154754608046,0.3535322619490588,-1.2127837069481426,1.298453958787992,-0.12795379881280186,-0.4583133643345098,-0.24865588354627427,-1.0250635449550292,-0.15078385287774973,-0.31896393257286487,0.7100483401550849,-0.013968402354082903,0
0.1426663688751133,-0.4621569170705562,-1.8798494267416364,-0.5061193221692531,-0.9438204941026295,-0.19519062962814254,0.12637669254943928,-1.8536103288071486,1.3653984217250306,-2.605043912635174,-0.34730208539590957,1.2998964617716382,0.05662662490735683,1.3389235689678596,1
0.2580069584265078,-0.864228737857993,-0.8554177710733247,0.13346771632960952,-0.13672663555199763,-0.3209023481191567,0.5864223039906316,0.5827131091567153,0.28359863436900207,-0.7230418365717443,-0.8098596937567145,-0.6218630833772043,-0.09028188000802419,1.8851991072620324,0
1.6934691841674454,0.8044984284354871,0.8072695549349858,1.4456042249389345,-1.2616488154125132,-0.3044665083199051,1.2566485789830388,-3.1713199240012133,-1.5446953557205538,2.6512906583669573,2.238622197182035,-1.5790774718460239,-0.4546760264110186,0.9311691155731082,0
0.9024446400189012,-0.942701449511057,-1.1106831658651968,-2.396868023180293,0.8849550026631869,-0.4705164756066495,0.4282279407530876,0.7873141066237931,1.5633260802673843,-0.19421058541463246,-2.162293048264056,1.183053000429987,0.1118154411553115,0.557041626143201,0
1.0479820697776938,-1.6922484955177013,1.6753269444687748,-0.7315959590997181,-0.299004786138178,-1.0823414960248905,0.15229270916798332,-0.02893233184308923,-0.6073630356842017,-0.5274588958061529,0.44284847527150695,0.4498440036926191,-1.179418255277465,-0.46772370539143987,1
0.03926063071703266,-1.1033053745781791,-0.6955952972394907,-1.1003455696925297,-0.6576433635340935,0.5345109070720021,0.8567039856279248,-0.5474485467987654,0.3280002333128047,-1.2204694603146822,-0.0007805322121244136,0.10331369628628889,-1.3552991516159025,0.4438318244378293,0
0.9623983088245373,1.6319881137845267,-0.608112308520194,-0.24150859230380517,0.0712786030219755,1.2226490431145054,-1.0218162533479391,0.7232340200682583,-0.671973856470958,0.22651753229068025,-0.2927318740620548,0.9114972913258684,0.20365104017197352,1.6065366790571505,1
-0.9140743716499811,-1.7101719087264013,1.0056149639290646,0.87624898139038,-1.1217828229972944,1.0896635020413064,1.2403314281189775,-0.25417989451015066,0.43255190735030846,-0.10550290670373035,-0.30094419004635475,0.05360892884593301,-1.2199135614135523,0.3399955365222801,0
1.1996701961609415,-0.36846671957491955,0.4570386845291466,-0.8018849222082225,-0.9052761293848292,-0.4650330043292522,0.7446757910585632,-0.7593638633872637,0.38774407960710533,2.36316630251595,0.5137568557277501,-1.2522905185325752,1.2360927586376957,0.01473565666180023,0
0.7305879530427075,0.9649489048981159,0.8768316876949213,1.192202612570618,-0.7670982861510084,-0.24661903370907104,0.4632727644111008,0.13535846770268858,1.521554637322454,0.4490500551489012,-1.004205534657774,-2.6149227293873967,-0.39550218500899187,-0.2253027903313895,1
1.1023721495707088,-1.981689792356758,1.2501349977025993,-0.21392427243904746,-0.03238768111842276,-0.4580220337470495,0.8073554504740312,-0.8069646334262445,-0.21140802245840604,0.9965950784427584,-1.0889757011568746,0.7407931593062222,-0.7024360001909349,0.36207192010536726,1
-0.9240275812283458,-1.4324805224086732,0.8199872161615184,2.2045982719173383,0.24615629031795427,1.4103024064112168,1.71864819910799,1.4593699578148145,1.428524110082326,-1.5002501510316997,1.121401589494244,1.840059268318178,0.01499988674083611,-1.7377973040527648,0
0.23851808059412816,-1.0574911071516913,-0.7632294509016702,0.14213700331809326,-1.5138361030763867,0.03513932206472839,-1.116795770408463,1.0589373297982168,-0.7064156841138955,-0.7138082408387544,1.6608765122761662,-0.03275509921887915,-3.0198120636049297,-1.89669895150153,0
1.7665493102832004,0.5339496768458706,0.787050997706596,1.177075257568414,0.2902160991170164,1.5073777178077157,2.5876087684877316,0.7100746319763104,0.4592390404551839,0.4480052995218799,1.7158401133418388,-1.569182308460435,0.654936571725852,-1.1390423976363122,1
-1.456417249724289,0.32284670126567105,0.9458835541973448,1.083114085533508,-1.4375777618863528,0.587893143539651,1.3786337955369508,0.09486864499578818,0.9416698908494106,-0.100712004841073,0.41438759901228217,1.2824349261625634,0.486852336220062,-0.6230704440128985,0
0.48034571022080574,-0.2127137653939863,-1.8353789812220893,0.4752748288617074,0.8299960521391199,-0.010120584446565805,-0.46319554940861496,-0.5258974530662203,1.027330464944539,-0.19362624919792581,1.2749566461854662,-2.796614965265223,1.0889829145249976,1.6342153564374042,0
-1.082921139844155,-0.6744891319392781,0.6335945451366446,0.024994899676989365,1.4884099791159484,-0.042345318015080693,1.190250416421654,0.238729921141333,1.0432268810359837,-0.21110621123863227,-0.4660707075700978,0.6299517179632294,0.4866081717032142,0.9728203948819626,1
0.6017842871557146,-0.7912309527046062,0.23426921346238144,-0.41674651764949533,-1.7281797819607114,1.2035040966016501,2.1683496989639988,1.329397070422974,0.11130376122482041,-2.4538942889886455,-0.6660973727106875,0.48416864784762453,-2.213021614993329,-1.1691624960812932,0
-1.450155301873219,-0.09990922432590899,1.4289280562876914,-0.32945148342076574,1.3679383021077562,-0.4605503219313015,-0.8344125051819192,0.890252383026452,-1.378935969040591,0.6468980654027622,-1.1999057926161907,1.2898384529843714,0.2226307901345959,0.33334358681576187,1
-1.075153698520971,-0.1393481993255507,0.5328175298064096,-0.2684860602378474,-0.48215114732073466,1.443490647679198,0.767979736728742,1.8672861278788755,-0.024350246344522555,-1.1680975566947729,-0.4478176321838935,2.053288569439197,0.6285800744742609,0.23268231096346803,0
0.2974504623866429,0.5752288189782977,0.18755009213000684,-0.7558744726503503,1.1010649516355324,-1.2415450736285991,-0.018726078542039185,-0.7562199449108528,-0.35364956115003593,-0.3931526989832726,-0.21576553164033038,0.8645377077909409,-1.243154040930407,0.1393628873501528,1
0.0757219875005519,-0.5783606992124602,0.9645995545448349,0.9910979987748931,-0.9017021966477815,0.2546114021763314,0.2133464584098727,-0.6010106082500548,-1.616837597120772,-0.34242407690048327,0.5467545434681046,-0.549993538654909,-0.4438195953219659,1.1489246131588682,0
1.6610508962889405,0.2718889789945497,-1.1240863409597448,-2.2155302731448607,1.2616556625360127,-0.8654560921977733,0.6569997117195469,-1.1342372072320812,0.9175908748783675,0.17666540831527042,-0.34264750576033215,-1.140503817627108,-0.8976334020588702,0.606830121175576,0
-0.1870658074489824,0.6101439290337323,-0.8630468365812679,0.8632074005930862,-1.5858678128060226,0.9936968117699929,-1.6669432735371847,-1.1870580829916952,-0.6491634880969931,-1.4914153649672104,0.11102644793922045,-0.9033485871709455,-2.2613489633199233,-0.3338522091087822,0
-0.9110280428037638,0.7504299950539077,0.3855079497276253,-0.5255094534521123,-1.8051053168268825,2.5162258496652035,-1.3657495343215158,0.4784162524313315,-0.5145975817144136,3.425074670661578,-0.11286285222975825,-0.643846125488042,2.2210358599469084,0.45311244748550544,1
0.019432136836873136,-0.2237622598073518,1.7837062084700825,-1.6480928252725924,-1.2386806849405327,0.35800345860663707,-1.2977461346142194,0.7177452045280056,-1.410514801104961,-0.06210203507239425,-0.7278805518310932,-0.7645847964193291,0.43763735706453694,0.8727870239715536,1
-0.9796995275335438,-0.5780585461570132,0.9223350718574103,0.6913307790868655,-0.2806410089985382,0.534487233001946,-0.1789903509870284,1.475545055959402,0.16242012558980484,-1.311194787620737,0.20400794904022987,0.9961371616977405,0.9552999814809294,-0.006310092492536486,0
-0.0024093344039700535,-0.9060759345842682,0.16170559294191011,1.041288504672437,-0.5936402770803555,-0.6927105055638202,0.10033472235668454,-0.6182593380608696,-0.05474314367544526,-0.22801066295383876,-0.5565476797669613,-1.1896700405788438,0.4534113442185884,2.185508704242038,0
-1.0640846525785839,-0.619272372135035,-0.8969660269547164,0.556911632198817,-0.22982200804673758,0.0014753705899150321,0.02984502089785652,-0.4906594977220199,-0.0661703364415972,0.05801302899617226,-0.38802184847069404,-1.9569047675399414,-1.0938289994209773,0.44510197775466237,0
-0.4445446491425289,-0.0886755091834483,-0.6152206816148209,1.4507918637180888,0.0037219723799481502,-0.21643546069622835,-0.2623933237170326,-0.5127550789781338,-0.45534891881372747,-2.297847938708025,2.0828184295732735,0.46493520460532944,-0.785875497149577,-1.1972977618452771,0
-0.7202980987005488,0.7451753772020477,0.8049921284777172,0.8686456107559074,0.5215618628556596,0.27500733088441526,1.8640969102589846,0.17800554867988605,0.10275192452880082,1.3459132726378893,-2.048818895245232,1.6913988460310545,1.541518128399124,-1.0300150072651806,1
0.6849624129722612,-0.6472246650493215,-0.4741018451931079,0.844996441864021,0.05248060459446696,-0.8604485080127807,1.7224256336585488,1.458633232393993,0.354413243240677,0.8979425654388477,1.8641686896930552,-0.224362883169245,-1.2340897360625056,-2.695426462140721,0
1.5002830377941228,2.7920277184798366,-0.8773861441123416,1.4762334319480495,1.0041107346428395,0.8658782948869115,1.4416665099688837,-0.10318613528368172,0.08508825941803125,0.37740065721465527,1.1112443981670173,-0.7399069445584154,-1.3036074166477896,1.063478996360397,1
1.4564340845976311,-2.559554634072857,0.7052334736262533,0.9667482826608766,-0.7505012039124122,-0.42401402247732567,-0.6581736719697626,0.6943902662118863,0.08838428221268471,-0.7094961612942297,-0.2259582047347501,-0.3333418291537388,-1.4218511460395142,0.5269946429987206,1
-0.32348185088039727,-0.9852086709961577,0.7416231748688441,-0.013497564650670629,-1.3897612964551476,0.031580552807537764,0.7628382732544443,-0.30805634748594907,-0.5450682214546386,-0.46094075882663565,-0.23476643854997745,-0.25729701029995994,-1.723874864620284,0.05547096179790116,0
-0.6113883024980679,-0.8043346448586592,-0.48810064751951776,-0.3756459502705637,-1.1549465799606644,-0.23559178179868975,-0.8084802604885706,-0.04282504903004242,0.42362391029692925,-0.9587646132089375,-0.25460820179560306,1.082567529026067,-0.31640456912540155,-0.21120592521229267,0
-0.19341603534678742,-0.32155878021511236,-0.5326651111805732,-2.3319189126521764,-1.033893903545402,-0.27655043936395823,-3.08582634986699,1.7779693830137469,-1.2423246673198536,-0.004631853367097096,-0.6526218162000836,-0.5920133141127487,-0.5191513373239647,0.10234779932642894,1
-1.106276150616509,-0.749066635450666,1.1165698295386568,-0.13540292963601525,-2.0995961065637507,1.9353632101360596,2.590525902942331,0.5307533131206654,1.3756238034980992,-1.13818419090875,0.639991334397609,1.4677745844615162,-0.4986905078347906,-0.4976473091016701,0
0.21248849642939632,0.8996429176238077,0.7807124348165555,0.753037469862462,0.6711098972639965,0.5939905218330659,0.6613764636057584,1.1310343120539712,0.6631458799187414,0.4199146169941032,-0.51115187663801,-0.1911419046554144,0.5966725156532886,0.011780014260280134,1
-0.2581001536027593,0.20994627384790238,0.4237625953243397,0.311044296392411,-0.5315322610299806,-0.4934355582283376,-0.5549230983262409,-0.6134312550924763,-0.07751460622516974,-0.4375562899880266,0.14966163802060897,-0.12630519805890714,-0.19097636057979833,-0.6895089549133042,0
0.6489750341586813,-1.5334420883189803,-0.6993468377106284,-0.9780892240794777,-1.482645728395773,-0.4603348621359621,-0.3747589560455409,0.786382753565002,-0.7765426847335221,-0.661575164185499,-0.03235901151083284,-0.12465829209447986,-1.6269909502573934,0.32679992906761507,1
1.2596776704098405,0.1274851079061436,-0.658603817564446,-0.42654030610694055,0.8972670573658049,-0.6471367622747021,-0.16169594280729088,-1.5921548933629002,0.4446879154012514,-1.042427437579543,0.9888805263949374,1.3785072441759996,-0.18593342701195933,0.26741729633008887,1
-1.101989901484652,0.836095239192203,-0.02055146114111665,0.9648814048654669,0.06619575639897139,1.3377013498445822,0.41070225289270984,-0.08790127236544311,-0.12522998259720147,0.30567788456317097,-1.6376339933711577,0.11527300740783177,-0.6556670432649574,1.122940543703121,0
-0.5984584022687623,-1.2816449203649192,-0.10341683873343459,2.038713277038612,-0.7037636068433832,0.6374415895325188,-0.1609586398218393,0.5925134225455853,-0.5738829402374633,1.0516777117402942,-0.2320243440072942,1.748261767611678,0.8549384030862784,0.33768362767374405,0
-0.23811975470326718,-0.9292636211454378,1.7137589718227857,0.3441006148918218,0.30242246081922497,-1.4215807637585842,-0.5173988096358996,2.0374993607305854,-1.7154884702421132,-2.2565129299251185,-0.4516917065497634,1.8579951982853344,1.581213561707613,0.599072281395594,0
1.850425249592249,-0.4182383488174163,0.8263723568438947,-0.222038455190014,0.4613008169996076,-0.8968429876279113,0.9361351509518844,0.3070915517525298,-0.34696441125494404,0.08935642275066913,1.009982133756175,-0.15177976555685666,-0.13045200377371638,0.7933596061486743,1
0.940677555352,0.47221036956830836,1.682998426695409,0.08800360531874943,-0.020608559324059642,-0.7693532768818596,0.13991405912354268,0.46662602843633694,-0.47890951262416115,-1.1440301262133257,0.4231673204200528,-0.44416636395165837,-0.026295417921393408,-2.492075056998231,1
-0.46484623764077393,1.0700881861158011,0.6941130276716844,1.723795775000134,-0.9830622928187259,1.1340266061240123,0.493355078305385,-1.0619783045692675,-0.8371629165268994,0.9581032071246626,-0.6799691468265986,-0.9216764359003692,-0.49362449552813176,0.4442087466317672,0
0.8791469670887819,0.119296076605135,-0.6251835433593977,-0.3279922287432274,0.7265718810681919,-1.1723649790456028,0.030555029011739607,0.47196924902119913,-0.07905270251823106,0.5045152002027998,1.8270749815029905,-0.9671293899803837,-0.6540675595024558,-0.06528282125031712,0
0.1186702216609508,0.1400826918010962,-2.1797223927957883,-2.5077435445449345,-0.6016893983813717,-2.1013212074686587,-0.5755725782039187,-0.1251302873181981,-0.06826383483842205,0.41884563997482893,-0.1705551269932355,-1.011927343349702,-0.8505410620299796,0.7737816006877016,0
-0.003699734018300274,0.12333304629004313,-0.5997869482190692,-1.3659783234014191,0.5056837423804494,-0.6274054743011447,1.2390229738518768,-0.006205437793737553,0.5939803996178109,0.5165204600183209,-0.7881513295685667,1.0004502070468666,0.23440188103389825,0.561582222648398,1
0.6124233003661135,0.26955700453572307,0.9006733379708303,0.31313098353160784,1.3529441249129057,0.22409478445042114,1.174277197021347,0.6567381878285145,0.06503245255456977,-0.2903177410423778,0.4427203475554894,-0.6790379305175384,-0.3005033196432255,-1.1513967055413166,1
0.5184180992866184,-0.6911987341337468,-0.25203535070064437,-1.4199502526712011,-2.2681516636457792,0.6398541888478202,-1.7901470999848759,0.8119229458134385,0.4893575621986165,0.10780055693946676,-0.5652241203767242,1.3835132033632593,-1.1904367418720743,-1.172369812578616,0
1.3591824034336781,-1.3261407014148328,0.5687402897651356,1.174598516142581,-0.08085024648415406,2.5131803389975484,-1.1836144751583064,-1.2082736730944463,0.25439176494186433,-0.08524949725510331,1.7221663036762977,-0.3711555986682579,-0.3706194853959549,-0.7536947967233687,1
-0.7833712089199428,-0.14484737249128724,-1.5222475129731752,-0.16344582563335644,0.3760967678975951,-0.34507278731110835,1.6402582894015438,-0.883083315573973,1.7714385667806531,0.6163602095119776,-0.054374770511961705,-0.12440545651501615,2.594906046555868,0.12211864551054358,0
0.4583779723053349,0.5491478176210755,-0.09040595566245756,-1.1157028061407328,-0.19301092654451965,0.7318352089735978,1.7270113142506558,0.8394210007819759,0.852225363561431,-0.7155018568654854,-0.16449176691146544,0.8410637993987685,-0.7706994182382838,-2.0329712793027848,0
0.8203856030127608,0.25619925597708554,-0.26027916920837174,-0.12952744979906042,-0.2577525581769467,0.32684857464780565,0.4435333663686172,0.7031853775474346,0.021733877376265257,-0.24411795785134302,0.5038037150149509,0.3865466788615159,0.4874406654361355,-1.3824222429292135,1
0.32857867453178546,-0.5148001433799244,0.6864136780498704,-1.8470532343091817,-0.23163455288875942,-0.12378770998017734,-0.7922707166115701,-0.6755079108410497,-2.353087247379538,-0.8050994627296272,-1.0351555272827375,0.7645695839431869,-0.8183209862439699,0.6579765084572962,1
0.45718739369290223,1.531619025809219,0.6044559783585589,1.4705403885745751,-1.324640907114848,0.7697074897961993,0.4426157075708508,-0.04549126166669517,0.7172469370420368,1.333095280268274,0.7324572564729019,-1.2692217440564544,-0.5581161731237799,-0.6155473937376559,0
-0.9389242130926704,0.3790301846750661,1.5611624170250797,-1.1326457763609648,0.7887817513676767,-0.7885003762776661,-1.6875807028910674,2.2799224721262696,-0.3651779665289697,0.5739094636065077,-0.7647803389171168,-0.9771643169433142,1.2957670194725701,-0.306299144102074,1
0.9577826868180399,-0.44174677988000266,0.30448285503360945,-0.2811432816606292,-1.3888354864324026,-0.7978014820887432,0.012311650027666281,-1.7747175499028083,-1.0751143117693265,0.9966950149240426,0.4163802481345465,-0.28763777025688564,-0.7031139129638531,0.6425169624948481,0
0.22559534153957247,-0.8433925641042763,-0.3043285472761242,-1.1016108724678446,-1.5681402148662664,2.3851168218922356,-0.44616431387829497,-0.6629315704518581,0.33661327458705254,-1.0148092381306626,1.3247994670790475,1.1879082324431098,-0.019013148417494147,-0.6911372408244564,1
-0.516106883152208,0.4990240123225725,0.5438665578073055,0.8595432807449013,-0.8618806752594351,0.27460992572100246,0.6236251583468426,0.2262896454089504,-0.3251718658573348,-1.833978175402234,-1.045891051967752,0.9619792443301258,0.25668263387195916,-0.2159684655051976,0
0.1749316534949314,0.7392192067112007,-0.30756520497333006,-0.6230761883018784,-0.30504640554264595,0.06859924063736275,0.20797147394759477,-0.3297834479665921,0.3615782073458763,0.009475142593828364,-1.1725089185289324,1.5016299128011792,0.8446324441183926,-0.1642768612114591,1
0.790672859971639,-1.2197766666309449,-0.7946562703290635,1.661586539402961,0.791294737713833,1.237448861134123,-0.9671589265119165,-0.10076349514177674,-1.0259151211849036,-0.5597610344823682,1.6616394343639806,-1.8931490224107814,0.4929692503362147,1.7028973130036216,0
0.5489842913453267,-0.15108119715316112,-1.208444566786437,-0.1931770755713181,-0.4697403887588434,-0.2790743914891169,-0.3819517509502503,0.6576830264296516,0.2863343306733579,0.16004967499912318,0.5314054784579749,-1.0100598731079706,-0.2727315041568577,-0.41311913148477225,0
0.05791650495009828,2.049159859790601,0.5708303895118297,1.4058931720232681,1.1025682389398648,0.4746786931785942,1.4490953125975616,-0.16168931871820708,-0.12207990404755346,0.49315701264895245,0.062149699784035055,-0.4036914876807283,1.3472164617105447,-2.446508054648386,1
-1.3964107720595453,-1.4899411324538225,0.3221817927925389,1.2918827233839796,-1.4885976135562298,-0.570379720194389,0.08999485008380452,-0.3331077093391897,-0.12023770419761899,-0.4988467884606907,-0.0999658715295242,0.4493462617426511,-1.7110821552407809,-1.0116920535089822,0
1.0144872424014861,0.9384986788085925,-0.7801574483517301,0.5872206932688026,1.022151134527429,-1.470725249762445,1.061202377281199,-0.8235021493107328,0.07665714048131687,1.3800479691692107,-0.04441443176175367,-1.1806375730010208,1.6217219506414566,0.28997125113906985,0
-0.5229074910118912,1.0089265780983,1.1376647640847801,-1.512591577203986,-2.016479191856413,0.543689159817969,-0.9491644752239194,-0.5243111483256794,-1.0572814864249163,0.40068397238437825,-1.0190310156256701,-0.27485323978228093,0.37270081653777576,0.5470208250932062,0
-0.4778593232928038,0.08071542800427892,-1.6244247000422412,-0.334198718590923,1.0486580753481494,-0.6928410296223901,0.09953819940705796,-0.6738820030648625,-0.004108472962400671,-0.8999303373916419,-0.15807737536002095,-0.6728144800233907,-0.5364340274017971,0.1967873625772877,0
0.16054900467942837,0.6071637972047248,-0.4811157979648296,-1.5613848744277001,-0.47348238274132115,-0.07325560079526636,-0.8823719117403148,0.7317100601940747,-0.3816581477578492,0.3119510793667317,-0.5646405468705677,0.8389139834110831,0.3882800888034396,0.20448738212090908,1
-0.025902711088682213,-1.1286211741787082,1.2160314733757798,-1.2077269271478122,0.7019414564696616,0.5931831336983674,1.2266614259173694,-1.2560389996438923,0.023787678325869872,0.15125632898222124,0.9366648421073086,1.7896206658458431,0.25564734996139016,-0.1652849587713656,1
-0.3734490033115522,-0.8175128862253056,1.7152255841466135,-0.6314871561958135,-1.0314513414918653,-1.0801474661031987,0.9936047455180526,-0.7790667696409824,0.6156710535921841,-0.030298894248149074,-0.53901575453577,-0.09553449991022449,0.11343529567938707,-0.3818858546564333,1
-0.38573097353263325,-0.15775379061544845,1.3352521740676166,1.0497079740888984,-0.8483721755241614,0.11427653614121885,-1.19125336003257,-2.098802845318375,-1.6791405358290954,0.3062400475127934,1.214868912075079,-0.16205244095192972,0.657572788907199,0.5376716233911499,0
0.3534189819973674,0.27479138216714327,-0.5846290148523451,-2.3258234254539283,-0.9061304244197615,0.050006333819375574,-2.9126790140242167,4.160650491539085,-0.18365589347195072,1.3861243102686236,0.2185487204349468,-1.9016974129632644,0.8779709192879929,0.1844169006855832,1
-0.04560805276208244,-1.5768737491201053,0.6683863976508209,1.3661951893639552,-0.22206723192876038,0.8407851429473057,-0.07625102789179423,-0.7039002532247515,-0.05245953948178151,-0.3154610300916134,-1.602025423933604,0.857773178675856,-2.4019847011865587,0.029985682875011337,1
-0.018849605869570914,0.5241208233256577,0.8458295534629615,0.8507698250565312,0.5170926405297408,-0.3446588947132779,0.28459361168451647,0.5316564334442139,0.5954370349092408,0.26127510579404384,-0.07164325599612416,0.6187171823886604,0.4866113624111566,-0.7133144743786606,0
-1.088327645360077,2.070267191358096,0.19113286288315207,1.1067654537336107,1.3761199964692743,-0.4830265188877222,0.3081551785802554,-1.805800513284122,-0.19993455431710885,-0.5785960485559405,0.353812115065432,-0.3728658506409413,-0.7691976048430025,0.17263984797566265,1
1.4846047537892757,-2.1336209496293135,-0.8060964308182286,-0.2549242882634518,-0.5503676220029106,1.5761497569706218,1.949440307722624,-0.5522841633579666,-1.5188472834667117,0.9236719951839634,-0.41579908742565996,1.6208369562236558,0.24671738431656215,0.1723743747175061,1
2.4053639425118147,1.0409826441378918,1.5334260639308634,-0.4625949319166829,-1.6228083198043421,-0.31222189285061885,-1.087245085982985,1.9210396099777107,-0.6256282676749896,0.04703599416980186,-2.4519434652532124,1.0226780922747958,1.2268840411417226,2.945293343803787,1
0.5747753364253343,-0.2432823734105825,-0.7746147947208816,-1.0973604376527863,0.3097952735487447,-1.125112072868742,-0.37718608325224184,1.054663423693356,-0.4139973048950548,-1.1475603016600897,1.0187021215683387,0.20253405904806507,-0.7122215292667853,-0.039423486380019565,0
-0.6852856843884897,1.069007185621092,0.9010748477368412,0.34787969482546816,0.2385215250422599,-0.9008860674631792,0.06548672324227384,-1.5958513677603428,0.5856870667259003,-0.1514394260617664,-0.8855528286972171,-0.24884524524627066,0.9640987979724648,0.03267313128664571,1
0.9297351338886579,-0.3441677040991621,-1.1709161620145219,-1.2450048303880936,-0.17621188470462093,-0.5790260577980617,-1.0926923260817796,1.7273030895547732,1.1942788890819127,2.7930857916178775,0.41011382677423397,-2.575052260175308,0.7571601887852982,0.17126782081114506,0
-0.09707063689912769,-1.4890303061655508,-0.747398134449357,0.35025980789510597,-0.6792748775644932,0.601793063206522,-1.4081876791725882,0.6809218466881607,0.8238252334819967,-0.03627744204618385,0.39621448906574325,-0.71875038696895,-0.5394009005793072,-1.1677231444945748,0
0.14658178379644732,0.906215315585712,-0.09980313226982569,0.2358407378636155,1.8704084343380265,0.7830945577641203,0.9253612982062823,-0.9645059276465269,0.22409822116496952,0.7835870583604996,-0.969036691549953,-2.115743351686011,0.8472665624187458,0.8682091303802166,0
-1.4029285991883704,-0.6593205109430659,-0.2956328471387799,-1.1735940482517355,0.30456057879827353,0.5339292274307746,-0.4439830440332713,-1.3515274522908916,-2.178573052120887,-0.8603177855640077,0.6274225694533311,0.6907053403581774,-0.45507893108119735,-1.0793989287931185,1
-1.3948041287724937,-0.7325031578311555,1.6365600867832266,0.726890592333044,-0.7345657787257887,0.03428681469957176,1.7783225134494605,0.7602714851167588,1.3549928104468647,-1.728288150590301,0.41550674628685796,1.267266213915898,-0.22509409752798556,-1.5085617398562772,0
0.11389132958044651,0.6647282748104087,-0.27854045946861433,-0.1302739590571376,0.8863542549728176,-0.7577087836194315,0.2950329017090729,-0.5084603222504837,-0.10306415027890604,-0.23042012462272649,0.6180143018850489,0.382745854986606,0.2856944749561372,-0.336644340212353,1
-1.8828594870018793,0.615259230448099,0.21123421504254117,-0.2677524955956521,-0.03300360676375236,1.1309281376368667,2.2446421491150685,2.8189542034062955,0.34686451403392643,-1.8809267327453834,0.13442231354153075,2.4955406174233716,0.11032251281095701,-1.6426117728823952,0
2.1270654900971486,0.8484552684569393,0.8615764554666133,-0.46272084827393417,0.028401141487810075,-0.3624948085873931,0.2713407499096193,-1.4261223941302799,-0.31166776060141915,1.9301320193743168,0.21919431598009353,-0.5040139027602897,-0.7489241885880273,1.1906665336144933,0
0.34443730475496037,0.5140925992474666,1.4229465282332308,0.10694456737382448,1.2928657120046443,-1.4801899438748158,-0.6413914213224546,-0.7857394359787078,-0.7364212788362806,-0.6976036292986527,0.950883346994015,0.1212009211589223,1.0464752928111385,-0.8354775209618046,1
2.291791501187121,1.244141983125997,-0.711615607792107,-0.7815293217554606,2.29007248639036,-0.5909845888206525,0.4851927106637473,0.17300690972909422,0.9859210132164525,0.0538616419133288,-0.5401810997524105,0.7503900533510504,0.45284920634074705,1.0836023999604532,0
0.4214390892006076,-0.8281611614397533,0.5027929611520804,1.149405253130813,-0.18848123141189418,0.9400671835674081,-0.9806832446960367,0.11705728647228063,-0.9923337588482657,-0.7390596522451279,0.7826544527983439,-0.6137659943368257,0.2206240928104315,0.8618107269596779,0
-1.298182707181523,-0.9547287219608872,-0.34399373403276146,-2.139183141352947,0.4985569145320051,0.5861645774912788,-1.1396063031895245,-0.3760366216876948,0.19102024215373692,1.1922600497321996,-0.9508734089401063,0.014806965177361056,0.9061939027655036,1.175084753803737,1
-0.05319965420954327,-1.031058896137798,0.056892884000801294,1.2986879270075644,-0.12883311232928868,1.0144692332559933,-0.3342817084681797,-1.3462955077866516,-0.07187514803533859,0.5501351878681,0.8038018086798477,-2.4249264312271075,-0.40137874343802243,1.7328154703612784,0
-0.5330103609917156,-0.04127163635282159,0.6087457795729504,-0.039869772408887595,-1.4105519226963226,-0.10381060635165057,-1.031046210879798,0.005556385781356031,-0.5796829102101699,-0.9611157147975723,-0.698787710023971,1.069898767056192,-0.6186891933324145,-0.4810547847912195,0
0.5410259027096609,-1.400171326221582,-1.316575566952553,0.054266687011299795,-2.510228271371527,1.192050109898947,-1.1569049517422432,1.3631764513793456,1.9134054458470213,1.2777455438391343,-0.41087732291388485,0.22838269447218393,-0.9496110907621457,-1.2922778581661818,0
-0.22093269190820816,-0.82373615830979,2.5033259308577214,2.0980296491438786,-2.2175223695153172,1.4509659289295973,0.7974216355283296,-0.7054997956833925,-1.7359444908832493,0.17838225839215918,-0.2450162426421843,-0.8866694458013169,-1.5076847243434324,0.9495298100714622,0
-0.8368509651878053,-0.4249823643031707,-0.05462133354367801,0.5878645791472552,-0.6621385316462253,0.590940228778458,-0.5702617749177485,-0.20591815878176298,-0.23458176543915002,-0.5778955813195782,-0.15503790042303242,-0.6433507803927918,-1.174317962846493,-0.7024795823776386,0
0.09255071948019154,-1.4659863433407552,0.3942068480548997,0.7811521031265045,-0.36641472021702737,-0.1368641323685011,-1.5513767802940692,0.7173240615317913,-1.0899607413693602,0.2902526306837587,0.09352387376768498,-0.6771664684569779,-0.10201541890949191,1.5091567834944415,0
1.5216125099179867,-0.9981349163967964,0.6282346453479061,-2.0162754749221126,-0.325432363815444,-0.5960516502290141,-0.7240317410963051,0.09260282333835024,-1.2753399886958297,0.29700145569074343,0.4967353357357193,-0.36902154639517104,0.3017522063914709,0.06957905161137672,1
1.2432168917798936,-1.8288837819124593,0.41048321348450945,-0.11230665175337504,-0.9070721484403457,1.6897202780890996,-0.9675480940668585,-0.04871741607721976,0.6164094035606476,-0.5641622339807089,1.228660493293152,-0.4179570155967009,-0.7845089525172073,-0.3799558883607221,1
-0.27803452311520843,-0.010760837632274983,0.16805736000820073,-0.002290105027366737,0.38756466229297737,-1.8235101649301397,-0.930279886964302,-0.1262034054370437,-1.321211732673423,-1.1686867149987603,0.20258932884359981,0.5692415762629871,-0.25274578317637447,-0.22452245994902453,0
-0.005772391653192592,-1.1722085913695492,-0.5370168072832282,0.8223209157864385,0.2505537976098492,-0.007061575238276259,-0.13304102557407088,-0.26992352459845204,-0.02344216974739247,-0.15095564568485897,0.5631310996237945,-0.7822789374433718,-0.9322995031169321,-0.7939607960068322,0
1.5108328619007767,0.9536848886122047,-1.7485535455268966,0.9476384585325371,0.12310003888731809,-1.459317076279191,0.684284247131381,-1.0431753153719066,1.4602154778289376,-0.8622109366703997,-1.0634188101588362,0.4718313732798221,1.9129055489077544,1.7949486122527751,1
-0.9723337468399477,-0.27192201593151494,-0.6844442879444669,-1.7121194734757723,-0.45559744728668644,1.5461589417556043,1.1990403272843477,-1.5583097930397511,1.4347190577314457,-0.4350630421977491,0.46207605002655633,-0.6372769076272058,-2.311462811315746,-0.9774510192165254,0
0.1894074464875519,0.7616555339640575,-1.4322217804894777,0.5668412718977868,1.511682199470471,-0.736582434439364,-0.11746196787450223,0.8604558011199567,0.9353645538134389,-0.22894782237892444,-0.7684377316424743,0.29280245035935015,2.9929370784916514,-0.17960409780006556,0
1.1395865523563757,0.9248382732128493,-0.2715787575334362,1.2837605229549722,-1.4320458413799084,-1.6421857336024104,1.2959808017436396,-1.6890602362965905,-0.7647018222949146,1.8164684930011628,1.7858620759662893,-1.8759367938251286,0.13788428143333753,-1.0924473998142064,0
0.3480553229939193,1.15277746840445,-0.8078161621336947,-0.9855650410700317,-0.4477380452659581,0.5855818687350631,-0.9646584256575852,1.0495180331018077,-1.15742344487886,-0.45097304203297695,-0.059437893968880905,-1.4489373226218674,-0.8857525967001626,0.18459959516469993,0
0.16775638318402444,-0.7613041802667406,-0.9667094797747603,0.7525028557810431,0.2121253851453483,-2.1756522686874895,-0.3701364098092405,-1.604175699975333,1.3588485500125325,-0.6501673616362382,0.5364020435379916,-0.599855825935929,0.7474571965525458,0.694846341034236,0
-1.8131547411687756,-0.21185366117852705,-2.134739040025501,0.5114631287939295,0.020019071446280495,1.0707777044854858,-0.6280116801066823,1.563220834053613,0.6854750151996452,0.7840379746210652,-0.8963752968370572,-0.3903200871304309,0.9406049747899976,0.3087986787516675,0
-3.986149070322495,0.8087277181354101,1.5906455363287129,2.946366156766358,0.08425290658467083,1.3546372079545768,1.6508067409624527,2.1921819968062866,1.4030105307804177,-4.004183130849815,0.12830975111932963,3.2998244945716944,1.9209115193082669,-0.9963386018543113,0
1.3911031167629113,-1.0319242669065134,-0.7607947148691617,0.08577852071273244,0.2613684178511584,0.7491382925962273,0.16378364300099144,-0.4315896986143401,-0.5493649758556912,-0.20842271111536,-0.722534148866796,-0.45629265889434506,-0.14887079107667017,0.48747973049808424,1
-0.5702918873991619,-0.9277237086406348,-1.4128600937672595,1.6285928456886742,-1.4234768938473477,0.34180894582235616,-0.5138138360310563,-0.5327156689021788,-1.2955515603058625,2.381796659756058,0.8094635805687861,-1.1504927071218913,0.4860518533497936,0.813664961307113,0
-0.3873298487730123,-0.25954608558444076,0.09164117156483823,-0.3619182829892281,-0.8531412277669161,-0.8984245593639599,0.2517586682027895,-0.17853260472773388,0.26376378926774036,-0.48835555321814583,-0.46152416688484116,-0.13435478774994403,-0.29520746434109474,0.4811476863891907,0
-0.5026257000071539,0.3947923024117056,1.1053453681052834,0.9794743348656558,2.012089465284243,1.8138998380094484,-0.6747009405089459,1.380111604929442,0.9901081641995038,0.995074341086474,-1.3770353642685162,0.23169296268644138,2.965957899355051,2.005358187398119,0
-1.14013521758781,0.21013544657523126,1.924857669989268,0.956710276060744,-0.18654883867920727,0.49819856179400257,0.7053823048549186,0.1314974886072327,-0.8924949681008488,0.13064698843713127,-0.35850094378409053,0.6905476712730888,-0.6711647976306137,0.5066172804098028,0
0.3237391333778496,1.042147897729048,-0.023045591997630444,0.6735638922158564,1.1739101405457095,-0.041508975790580105,-0.02521825100032765,-0.39302811109158187,0.3608855216701103,1.0173383094985462,-0.8539009659924106,-1.1518955795556065,0.3534972398456142,0.9803602203442073,0
-0.3511690990500241,-1.0430520641416552,-0.8715458968574065,0.03992865908117526,0.7263305521776268,0.4801769313532028,-0.9777490466561095,0.1991082939569685,-0.20013438522678487,0.5481574833038352,-0.6987734401528063,-0.42574716687555425,1.6246844665602458,1.409156972211136,0
-0.4723273489020741,-0.33777794846338427,-0.20655719110568413,-0.6700166890485006,-0.37706577985674716,-0.32947327989541686,0.53959191527676,-0.2697448578523363,0.3450624369107741,-0.5441338373796409,-0.24347739101055735,-0.19973361057516478,-1.0127851738239722,0.11531220241246097,0
0.9190892629370508,1.391211022564935,0.4450004750716202,1.7942449811098924,1.1011831674693215,0.9464143864857266,0.4145332055360547,0.4797985555817731,0.4442552037560718,1.3014386561299105,0.08159605847251913,-0.16105530832889628,2.297806189913247,0.2708176836652095,0
2.1898653838608997,2.017638169204361,-1.1052843917979924,0.8581362403952117,-1.0564521261934496,-2.060354294511548,-0.5139072043261709,-0.6943476453476476,0.43011352481270626,0.34052713886627023,0.7242131647320952,1.7752764142238406,0.706033811539626,1.114716966970338,1
0.3470474701778511,0.35616682193671734,0.5593676704201269,0.41584588572493697,0.1817875423874629,1.356370771659126,0.8291622921852867,1.3729312208996767,1.6916387402891404,-0.5248534271951967,1.552925548022183,-0.9816447618126038,-0.3548058013985422,-0.985619714072911,1
-1.2883107846692066,-0.08394065076705907,0.22669810313251884,-2.08234659262444,0.5851027078605475,1.1541426843580085,0.2561434154019442,0.40350082735797077,2.37036803482275,-0.12666913581710956,-4.045603831083606,-0.4397584769883753,-1.0143455769768126,0.9498822963556813,0
-0.5682356345416052,-0.32148009470648564,-0.7150842873364972,-2.0113464743617393,-1.450049068329736,-0.11288980946465091,-0.5953312456172816,0.4267051250467966,-0.5411094333569056,-1.3173491505428077,1.0924090610888373,0.7431643534264665,-1.7981254621951654,-1.9843959229440244,0
-0.4447235875021829,-0.40369819136501356,0.24537802641824336,-0.36042514012123195,-0.4918329011933797,-0.4976322317502078,-1.4921350601221064,-0.28885874402603046,0.09238399338391552,-1.812147707443896,0.07819585211091137,0.4846938168764728,0.6877788030742148,-1.2640734837344205,0
-0.44992474064139737,0.8402776076013447,-0.38109435625676363,-0.9759932147185978,-0.06909125272505882,-0.08912535714162985,-1.720768326786931,1.6382519688090464,-0.33809549695736657,0.5055898749821244,0.03814288447033232,0.5081190723508437,-0.5778254825198568,0.6258911007270849,1
2.0431719545065383,1.6177111914407007,0.49826689668082885,0.312948065502905,-1.3823666278071358,-2.50678263412487,2.6563144537292986,-1.824753387640705,0.6022660324115617,1.7511553971988718,0.8369700156164166,-1.1692650365226482,-0.8922803731912485,-1.5620452368016615,0
-0.8875491909097208,0.8256838993596791,-0.9700442144145107,1.6628492409085436,-1.6289421513269984,-0.11816521195408747,1.4759005276625823,-1.0405382363546762,-0.5029247779198822,2.1705917413354023,1.088787611605077,-2.932017726814807,0.18735895014603404,-1.540874453755008,0
0.08274569225774141,-1.3567575992953222,0.5436719863203529,0.7236499626133975,-0.8511647685520148,1.1171721866604738,0.1979862983791686,-1.1945360283148052,0.8504577505297662,-1.2001852155297157,0.6078387210546328,-0.8997345123169805,-0.422106634043342,0.361711516339471,0
-0.11321965469117538,-2.0226701265063185,1.6193912998430318,1.306601465354649,-0.8612568795574602,0.6255005048039534,-0.2076064390075238,0.014612145055931874,0.42794796531115437,-1.361153305242796,-1.7856417911359006,-0.4211299652107224,-1.1305862935191335,0.19539901579362218,1
0.419509822048968,-0.5077561630267756,0.11886133852294307,1.0026452217266797,0.9833240582111337,-0.8407057802888197,0.9088665312460557,0.6083841729847205,0.6679134564303473,-0.4541463759274649,-0.26275769962868367,0.03063009158822185,1.3315760067272036,-0.028989871716602868,1
-1.881429264641448,0.4558115105460772,0.2775757747740778,1.4601679004687314,-1.178829849963579,0.7693067378764074,-0.23353270741334697,-0.7400775831287826,-0.6179456223643879,-0.47453392909450887,0.5574112756672558,-1.108783290280971,-1.5051053472610574,-0.8037055224585388,0
-0.8281073295132901,-0.45683061223390126,-0.1751269790364551,0.6992339497701145,0.1189785124562791,-0.28879504058206695,0.010718471896580962,-0.5509084529826036,-0.7500406792133267,-1.5606276448947876,0.6185464422889095,0.08987733127181774,-0.2963162453818491,-0.9279446237201072,0
-1.2382916500253622,-0.3282722696820479,-0.018763306195154376,0.2814408479516489,1.1973574498425519,0.45036621766846324,-0.37100186057820445,-0.4337430397569523,-0.10301311268997368,-0.5011342995506703,0.8894204167755505,0.7838406244876306,0.46622693716129293,-0.20187944793927537,0
-1.5720940244889854,0.7646190188483343,0.35517928901965823,-0.9996231422325498,0.005609347740471456,-0.1368577891689886,-0.6435121078969853,0.522600687259302,-0.17539428798783713,0.6208480593604706,-1.5953039587924793,0.7290992459843713,-1.6187175641047957,-0.10207116424595454,1
-0.6148476327659972,-0.8495976046206731,0.7835658852829582,0.2884420076185848,-0.8832746688745872,0.7873562443547656,0.6264076436907553,-1.7156972758550935,0.9638530057131904,-1.0650669470148384,0.0948003200572179,-0.4113102516032295,-1.028768139700409,-0.37523501718209296,0
1.9524459912862993,-1.4352081076036194,-0.7816096553556532,-1.7387284908354246,-0.5761936452239166,-0.06785345967899592,-0.03742024633845826,1.7524090169339048,-1.2072987417677834,-0.5618671885846263,1.122971856326242,0.44333147128629546,-0.5547571998155126,-0.6184188171669395,1
1.1636525531459758,-0.357865994108422,0.3917182952318574,-0.044307281981466586,0.24055099999860266,-2.416452011927635,-0.6113848872684894,0.7116301583143718,-0.3856615116920252,0.05993649420775014,-0.44646820535146936,-0.5084431351004884,-2.00850427938972,0.27817123989495757,1
-0.7657199721764939,1.1870944669187282,-0.6623719092474074,-1.5631798464656497,0.10344574925584532,0.6114150293023589,1.5316308979399977,2.362504016039725,0.457463902213402,-1.9466153265042603,-0.4909544671671459,0.930543840745893,-0.5812606429991551,-2.2383813434530806,0
-0.29507220737058054,-1.1027706187098298,1.7595630695338054,-0.7092628772574955,1.446743175121059,-0.23320583550976332,1.8131223514789496,-0.2956295075984841,-0.061012203172408186,0.6010753592685844,-1.2742977791136643,1.703678433813793,1.314865471031599,0.841694119493129,1
-1.6526906879040266,0.8450582229236462,0.7794079471584439,1.467870131537095,0.028218043584854528,1.2818431863004536,1.0898771104253644,1.683501306377864,-0.4210946275403766,-0.2631749376531835,-0.1641249676924508,2.1223618254862444,0.491645156151997,-1.046118388639021,0
-1.489753126541321,-0.8396257179777923,0.9414953199198797,-1.3041441223059396,1.208676906942808,-0.49844285156421053,-1.0782886575748583,0.3099161582102847,-0.16514578778122263,1.111218883657853,-1.4609760199757393,-0.03293353642447165,2.0458022143225554,0.3398037758686847,1
-1.2397877211026107,-0.6998412619284885,-0.21672569370615855,0.6155965219813834,-0.26043584967421674,1.015554541283222,0.9578278291897314,-0.839643736964593,0.08182638798972973,0.43278750938329746,-0.7313690522121383,-1.5781738254856217,-0.9908674873328588,0.8675816418984975,0
1.2061446903587913,0.551178523028469,-0.4332857456148105,-0.13694714897320795,0.008889032798508256,-1.147699682247005,-0.9879041005245408,-0.9360741701399447,-0.16481537097936494,-0.7600994126323803,0.34589535425336376,-0.2797018202365725,0.3408800090575886,0.05852066375113819,0
-0.06942088807212361,-0.30364954076550893,0.05730804151572597,0.44206725160385635,-0.002182401595061607,0.017137990981596195,0.532920957895042,-1.1635435066567725,-1.4568837995859145,-0.9915063205555061,-0.8205394413942502,0.46878945163258995,0.3377290540267992,-0.0025545912739056474,1
0.9431934396110958,0.7742547386388696,-1.0830339748958433,-0.3163152232373651,-1.0213959264164503,-1.679763046995565,-0.04117235386416056,-1.2539897116014866,0.3059191174755483,2.24532912239498,-0.5686279375994057,-1.1945477858554698,-0.1877816096881611,0.02545824676117699,0
0.07203034871309766,0.01763474067172924,0.06622026806047937,-0.6630396093793857,-1.0368306458145615,0.5242740053166587,-0.6291777941459296,-0.126796341522943,-1.4327322017235133,0.282401013618841,-0.5037193903542116,0.4551177714979788,-1.605632461037203,0.1712293621193473,1
0.8803206687516694,-0.6885677170576758,-0.8054555458413,-0.2632837339020418,0.5628151988434146,0.20423983110133845,-2.9882183333533816,-0.22942294491482648,-1.3626350223851336,-1.3458711357161153,2.6044039421494762,-0.1563451154746567,1.0192804653851664,-0.28076433703519943,0
1.8858826151215635,-0.1426815101034545,-0.13332936229672596,-0.4467067191015314,1.6989436401008993,-0.04541568862781081,-0.7281472689926745,-0.9949513826484564,-0.0953310512088172,0.19746902475845948,-1.0485242425895933,1.8316324408100146,0.9097321265905193,3.076092630485196,0
-0.3196055632740395,-0.9776828070465863,0.35559663815114506,-1.8146192453621677,-0.4025361225374636,-0.12747173154749264,-1.8504152148509827,1.3616084800435573,-0.6629164098478019,1.325250570282822,0.8877522968507069,-0.562720618935201,0.9996785123311794,0.5178109827338592,1
-1.780728573093844,-0.18452323153288974,-1.04678278024336,0.05270769637775266,1.820323520558988,-0.1644899847556929,-0.15118130048935594,0.8176921124995835,-1.248989524897363,0.8825922963652844,-0.03764529059791475,0.12087854279228227,-0.44203354722529176,0.023891834896519207,0
1.1978027082536888,2.267040165411484,1.3496144790935543,1.1809563224775017,0.5721134036000717,-0.36920429557338724,0.17122089459217815,-0.4875862614215451,-0.9030832413516704,-0.6297924118834742,0.11472513392855564,-0.4490859699208269,0.21185949882379437,-1.836591420116889,1
0.19394548757757568,0.3548213764728368,-0.47141785478165454,0.27322271481623567,0.19009421309171468,0.05024369152537835,-0.23110139004123006,-2.2504857319346376,0.605020247325789,-1.1781078112782062,-0.27851370367556116,1.5563011068018453,0.06309614170956214,1.499364425768995,1
1.091071326110114,1.0396716957972016,0.954364605346853,0.5915439856705468,0.7114649171868285,-0.9572707995994849,0.9127045572184647,-0.46110047887795935,-1.161875316897068,0.07028406032796261,1.1441651284827044,-0.5140037804021704,0.7358965654889962,0.04406729384732136,0
-1.4019136108359194,0.000637764869611571,1.1801823850099782,0.20864127322444342,1.3457883808141653,-0.8263365937790501,-0.19367137569475165,2.1658676773724275,-0.8542544174656546,1.496317668975124,-0.6572532487137427,-0.11875317764975846,0.19405430779327623,0.2022865476186911,1
-0.6221387629826244,-1.195592069075754,1.4565004242356456,1.4937894208393014,-1.5482838525658045,0.9662078245803483,0.9112176329910404,0.22324841397614187,-0.7472893106340951,-0.3082015845697126,-0.7077580909808543,0.0955656951536255,-0.6287984638615344,0.7850715916041232,0
1.043935686233713,-0.366729344934244,1.4988971761206165,0.9097146821329193,0.5909832326915863,0.8785203305001955,-0.2986138141025422,-0.8315116661252,-0.28546281811886554,0.7738298375210694,-0.56493070874631,0.7395532146795815,0.2193649553140887,0.6262447312735626,1
0.541376666316741,-0.3517306098245321,0.048293258303188036,-3.207987691414324,0.7822427938981764,-2.2766491560378093,-0.6009699621764816,1.2365324366719623,0.541470491641076,-1.0661956043070284,0.40462545153970203,1.8633712736660228,-1.257074279830034,1.0990716052518967,1
-0.33981305235346826,-0.13812738241404704,-0.6855761227455196,1.094761118006707,-0.7218943711603043,0.6498062776527043,-0.5268454628006504,0.6312153633701326,1.2986291923632387,0.4918235649286041,0.825656758583565,-1.3077304779202839,-0.69873748526352,-0.4310211625487377,0
-0.15725696539981457,0.09034901149407507,1.715275152571655,1.3510752969944333,-0.817670114566315,-0.25667859198076265,-1.036060896018144,-0.01574884196575401,-1.5437406370293187,0.06413478900688617,-1.8725750046998642,0.8765822853823934,-0.910314253427744,0.797731099991493,1
-0.08397925909269796,-1.5502750997234658,-0.7944589777762892,0.4812742406597484,-0.26173698736326223,-0.6129867165048338,-0.82283257578106,0.7800020360555592,2.0577969440654234,0.2997972997591663,0.7725849320414323,0.09515336990115114,0.7025766026966166,-0.021572248863022725,0
-0.3276460278045826,0.272922538149565,-2.534542510726148,1.6906377955755352,1.847253170134222,0.05382858255921315,0.10755669495676454,0.9456747260513755,0.0982805547834599,-0.06573295776330602,0.21967843539577003,0.5240183539434025,2.537249601997319,1.2699242055986375,0
0.7059854445304403,1.3376070213283247,0.6403137496908077,-1.0469642595768496,-0.09647376711613849,-0.6225348194624792,0.2151903831653503,0.14487942104035084,0.15316609466162276,-0.03695056947607553,0.19359675322713146,1.149466077157402,-1.5529972278435367,-0.29121457719538185,1
-0.13718584550423218,0.1788789409272639,-0.5377601304830136,-0.9484745439133822,-0.3372031041746549,0.3007951126590596,1.8466154490969586,-0.5383910394426545,-0.4234016194078194,-0.7954012490670896,-0.823041074058415,0.494006715041679,0.0937404193666703,0.7523740020532229,1
-0.18397474884019738,1.6899202975140366,1.153365120414058,0.10835997157271278,-1.140572827114684,0.22345994554701842,-2.787415043039101,-0.46439227256335436,-1.3921559066747382,0.827511826958579,0.4618186893917286,-1.3549973125314783,2.1994200513774373,1.389274162896158,0
0.07384643993628415,0.865458893818482,0.17021433255857885,2.049745482308041,0.21047935142344248,0.10783671963344546,0.22009848876354215,-1.548151226666601,0.27224133285272145,0.09315992271897729,0.107040531154782,1.4244761434545565,1.2413646365568618,2.699245425764903,1
1.1659915120020865,0.5848370972938761,0.6042278821941308,-0.5114276053224034,1.4967410678442463,-0.0995388669763232,1.3760705703518537,-0.8349166707487251,0.25009415871907514,-0.39193440889499,-0.7802879048505741,0.27217682803932963,0.4347758113347392,1.1211313836698735,0
1.256331072619419,0.4789340469412485,0.2899778529741935,-1.080665745260209,1.3509890449166222,0.586585639557766,1.261956266266003,-0.23520719453845987,0.7539944179661154,-1.0065827297167966,-0.010086374983345737,-0.33800154804693333,-1.1501466845888824,-0.7660601353552566,1
-0.8733846415489899,1.1586740002915161,-1.1833589874791655,-0.4023233069520517,2.059676019206501,0.25234857892730145,-0.08638766808227111,0.47051530025632016,2.1381734909978696,0.7274546087274516,0.05664441172418407,-0.3888535649520722,-1.2829631253383014,-0.2729386133497909,1
-0.6042713811998767,0.6523959425974626,-0.4216722327409359,0.32341875145299054,-0.5893771460551002,1.099366542243705,-0.49476908748699394,0.4529545635128493,-0.3387622351504549,-2.274723005522069,-1.7739585501275072,1.3537345986713103,-0.24101843042375184,0.7603507891613044,1
-1.653804273672347,1.4226626942648917,0.02965045433358766,-0.7612142501059591,0.5516809013204886,-0.7600998237542587,-0.012924365192576453,-2.981704173055709,-0.107977117077524,0.3132799782508283,0.37177741965870215,-0.9623034862369575,-0.9624019149157755,-1.720825461613005,0
0.5975973986898641,0.8192234323453571,0.05878551854111545,0.45135122832387853,1.6530110545258077,-1.6305669442789745,-0.3631067795098509,-0.15208673287889396,-0.153005653806917,0.1422678631714048,-0.42887077980671107,-0.7337209552244887,-1.1329729171620702,0.46988579881840997,1
-0.36300248801743984,-0.9131024225621284,0.2911885726724144,1.1319495642542061,-0.019225183468028376,0.6472382394915225,-0.24505019064527844,-0.9998905711496938,-0.7817339162553169,-0.1138007824746397,1.0072688890629686,-0.7674973759291889,-0.7107912104204458,0.5247909182632152,0
-1.983131044498186,-0.1196059956544163,0.029778078110354135,2.0935203016398787,-1.3743804160278703,1.0972715267698776,-0.294469756869407,0.2544865058554481,0.6778467095838719,2.07362208794249,-1.1611210048374132,-0.17239809959984603,0.6543349412416039,1.851942183773371,0
0.09945937199323274,0.22987872935906908,-0.905741481209643,1.1054363841835244,2.0998868465689435,0.41309525990221907,0.8591255274430974,0.9619216943536594,0.06943319932275666,0.3253307230533443,1.184410672640029,-0.6967627876445134,-0.6913048803272577,-0.29808650425670885,1
0.16440490041900585,-0.38936080724706285,-2.288466680796473,0.49913758736173347,0.13439460623594846,-1.0650010736323554,-0.7148162241766564,-0.012244600305902688,-1.0831536171651117,1.6305147679033358,1.5660871304568365,-1.9099725135565284,2.1264268960764903,-0.23190484909720968,0
0.4226520805509875,0.5137290794804248,-0.5641927749487855,0.44693617604053204,0.23733755885414315,0.17342495848028722,-0.9495903871483851,0.6254331325338903,0.8442817673406127,0.36586215377650416,-0.0616479374197354,-1.0428494802356836,1.0332322143670836,0.9870664970464103,0
1.1208892484701196,-1.4073448394434482,1.9543843589428322,0.42875793035907106,-1.1982008879807768,-1.1005946522446304,-0.20931507027106971,-0.002141253989866758,-1.207349417045471,0.34906022368772094,-1.5286140998309876,-0.35220691616132394,0.05213127472244371,0.7005032289177977,1
0.5034846772537005,-1.2871276256042032,-0.4387322741103146,-1.4444151091820348,0.334718431255443,-0.8702039659570013,-0.2281524222408123,1.210931291314115,-0.8987725843740555,0.2818314276098806,-0.30627945300690274,-0.6929502576620816,0.4831596194948836,0.2483739111602192,1
-1.3387638261873867,-0.24078683372843868,0.7019365281957834,0.8981105424679762,-1.2261192664172158,1.435312043694545,0.3400592933823443,1.1290127925985565,0.36209589528841407,-1.6634129105598967,0.23554008126953055,1.2579311850051171,0.931813057554104,-0.157309914404802,0
-1.5592066607728288,0.3593328104925418,-1.1689708641351075,-1.036745774784775,1.737630590597189,-0.8678424364256002,-0.7455845461690148,-0.6316530836275632,-0.12881406135885684,-0.13681576934446665,0.4092877978952538,0.24987177094938245,-0.2625954187741902,-0.5216934473314411,0
0.8874314021997597,-0.9685018833345349,-0.07962206578356355,-0.07171020216332775,-1.6567780728562673,0.16184147958586206,-0.5436169582569803,0.47679664095643487,-0.7404776136765941,-0.7558164832495777,-0.7878997878374314,0.6150668703380908,-0.7920545182815182,0.6130614484470981,1
1.5568562977393405,0.5157887026387292,1.0632978685027805,0.6038212024712306,0.7738367160222938,0.29888987418970814,1.0819556501108845,-2.222031521095305,-1.5722616495640684,-0.04447379536124475,1.415994195170535,0.031323529841650266,1.0485535672852786,-0.9835951546956668,1
-0.7029427732633795,0.12363773642500847,0.4394050078136286,0.39713441660491716,0.7168882562390954,0.7147091336075366,0.41573100465942037,2.1290383179763386,0.2971464990310806,-0.7712166941621094,1.8581647028945982,0.9378604988675301,0.8893009151996326,-2.062791508063534,0
0.42981980301700523,-0.13577239658581736,2.223084930668633,1.5308269935838739,-1.1754531943827258,-0.5838014421076035,0.35715019410384125,0.07281725667835115,-0.7625070837931087,0.8972910208521376,-3.166491624748555,0.6801382534924099,0.7641380088327403,1.8182146155010734,1
-1.36813456224581,-1.1348301901263385,1.2153181550997907,-0.4322025851539341,0.8064235882553281,-0.20135956132250582,-1.0440956551980793,0.08365057402339476,-1.5816471803448005,1.2197614242277526,-0.7687734279397466,0.2328509977775266,0.6734211407805155,0.9960188887894011,1
-0.24202503283439278,-1.8680080297993698,-0.14561718366547358,1.8538801901510784,-0.2850452244765329,-0.5419333483774614,-1.036494248984566,-0.32150969029760906,1.1425781104743329,-0.5153199190994127,0.11983971787636188,-0.20933034307222084,-0.6442121553547938,-0.061934063012097994,0
-0.1093693065757508,0.3090930299521174,0.5395935524617711,-0.40394230986563034,0.686467842024215,-0.2156090547172752,1.412880523730855,-0.4224698403629811,0.19403463649792926,0.028339975135662776,-0.005632788126680821,0.595772386186191,0.3877178258984286,-0.8422878825724168,1
-2.3411312962893485,-0.6621702952306614,1.7430072102816796,1.4798655539790284,-1.1691841718156173,-0.11500400091421804,1.965482930010768,0.9101325822152625,1.5864416748006858,-2.8506373754967553,-1.1451830120687951,2.211778979196536,0.16629756919528482,0.44487198152306373,0
-0.6886671660142742,0.043166206261177315,1.4081520086428656,3.0974064061307924,-0.29724530312886094,-0.21451967957784246,1.182078850290966,0.5166961362749874,0.6569189498666086,-0.40059289130325354,-0.30681303050100706,1.446662998253925,0.470358354745745,0.422203529760716,0
0.7522077027632755,0.4441323104824037,0.606637399550156,2.4960575363374926,-0.7009541494201965,1.053209655386087,-0.8805391369589575,-0.1884853362422437,-0.798809081631569,-0.32257486647939115,-1.594747235634531,0.7504182812317264,0.27490739850796847,0.9426332563044793,1
0.15149397224821437,0.13437793204003767,0.4261963095244745,-0.062042361269052486,0.6919336646125717,0.6456619529209879,0.4118031687894367,0.5026828205169002,0.6192754131163553,-1.2782872188577123,1.6344549669575175,-0.4213119794250307,-0.5676286302298247,-0.5396789750587984,1
-1.2534554527886257,-0.6683521261309477,0.3909274509630251,-0.458958945856639,0.2015979739623032,0.2983726287112126,1.920863291412412,1.1232633329860953,0.7190745435017943,-0.7038865197651808,0.6466042059372274,2.392736199287459,0.6012998876448407,-1.0634014949834671,0
0.8506134414353124,-0.49110115088089973,0.21909881461963304,-0.8503662632241467,0.21199563010455344,0.8544230069585161,0.16955665847512272,-0.7604371872149304,-0.23534096174861738,-0.6700751690332112,0.27274273455166376,0.519190380878284,0.8308617837699196,-0.03266983790989698,1
0.521644702784637,0.6712809062441492,0.22517725954381385,-0.7960478241908109,1.6958216661687695,-1.0355782061320762,0.4808207672959161,1.7022134042700383,1.5622072464241625,-0.22286294548382007,-2.0473680921454434,0.3038714574516929,1.7845262153618486,-0.4113869495410193,0
-0.5372029033042623,0.3448993310336452,1.3189664887258137,0.2559867613901639,-1.2743335721562739,-0.9342755568022626,-0.4137026926254753,-0.0979336215663027,-0.717956384321097,-1.0296817638270936,0.01863818924740653,-0.25712156322752966,0.6240066171036261,-0.08245873144116408,0
2.3342940346763,0.7408354451919332,-0.9977035393359427,0.13179468146973214,1.5119636673724555,-1.456258564056243,1.2755597497392597,0.6703332563081255,1.277668559648943,-0.4999216346587762,-1.2168250250172663,-1.2047546803061098,1.3313767949214739,-1.3328341995209436,1
0.025059428822606172,-0.07504266679985244,0.4083679976744641,-0.9014386528159474,-0.3585341411895954,-0.5675958095058072,0.11739933381174594,-1.315944154023227,0.7483566554130159,0.4935448443915791,-0.7251676706073269,0.443903116487351,0.48922313643911364,-0.973679492873612,1
-0.08581817908468366,-0.49532281936863837,-1.5682699897159493,-1.044838168976933,0.6910100232573789,0.04887512582934631,-0.06419085180637432,0.427204179251063,0.9434568696097747,0.6314699564242344,-1.5251800199907803,-0.5940077223146577,0.4007814374722314,0.40376354706094497,0
0.1582329020264508,-0.5551472870570752,0.24129387470895888,0.13588193911996857,0.18031299694948352,-1.934402149500758,-1.4436990149263116,1.3250824197127482,-0.7943984213512072,-0.8587416529175846,-0.38170092789886306,0.7675370090972152,0.5440526051561139,1.1106385518668318,0
-0.2841504071297201,-0.06599485105503346,0.3485263832344192,-0.6666621063477296,-1.2790335881701436,1.228992313685667,-0.22629608123139822,-0.2734158177239186,-0.07212735352779397,1.2722386288937462,0.1488771067036369,0.5495070787739423,0.6554116465705088,0.2805616143292377,0
0.07090768950697046,-0.8477332290954335,-0.5062513406780339,0.18205265229222575,0.5376182681721549,0.7320070858209639,-0.6926788556941916,0.21458772150630562,-0.8858314922741695,-0.7432278083107018,0.9536470815428443,-0.3811779543968753,-0.36685241161707666,0.28648699468629246,0
-1.521347640101283,-1.657809046357322,0.7336794069282773,-0.9878232846376892,0.4694064855061372,0.6105617731041991,-1.1078909186792887,0.6296209185891345,-2.616198479604947,2.311766472631411,-0.18516001717506614,0.5257870509650436,0.27231710246873536,1.4259679138283847,1
-0.031274499181245634,0.33016439773243433,-0.026329813778140584,-0.27848866493672164,-1.3758353428779118,1.7876106750156158,0.1433822269128699,0.8849752898562079,1.2233049345070697,0.1431046802140537,2.2526819952319297,-1.488531221250103,0.18258470708467014,-0.1778757742319038,0
-0.15159099544965102,-0.6075204263655426,-1.4327038388929838,-0.11560150701993115,0.24988162799194724,-0.5034702032829946,1.6134319429650035,-0.547777380732385,1.658686809721638,0.26414073192455556,0.7161421530028029,1.1859927464478917,1.6558600697669013,-0.4615431798125433,0
0.6895662357389494,0.40370079656937274,1.4163596279208985,1.7474386183818158,0.352768232254678,0.34222902847324843,0.8239181904921888,-0.39815946268199987,-1.0141247896498913,0.16932032501655464,0.09494106204827744,0.389377322926174,1.2490892363833852,0.807206791346271,0
0.2250780768175992,1.2043056660797697,1.1540882137091577,2.5689532791371676,0.5350471615268401,1.4630540670157637,0.5093414024394805,0.512437748472639,-0.16514412899235734,1.4168556414715678,0.8697121750620983,0.03712685391412055,1.680419641528442,0.8880932854684872,0
-0.15130389468621586,0.7067554394770459,1.1260827039963648,-0.48556421154522217,-0.14067828567053578,-0.21246946011823692,-0.8425990622561984,-0.14477382190155982,-1.6431490205976422,-0.16291834024839547,-1.7765174232025245,1.2352936990991765,-0.38784173030999625,0.5853828755315605,1
-1.0365823678880988,0.14544348664197138,0.7139137230747763,0.0748693789952016,-1.0427232741625816,0.9668994570792534,-0.4808657393643168,0.40431006646671647,-0.30751083346335856,-0.7769562002341336,1.0091290290861237,0.9173676637136169,1.936150571883435,0.06338548497655144,0
-1.0421808196527869,-0.016296336942303362,-1.4662930126493683,0.6184078419427597,-0.3783922768514981,0.8207897722419236,0.7274292925152782,0.2818662039346225,-0.7645582486509455,-0.8296598500449451,-0.10938724851468268,-0.8805408241397649,-0.8827159160196975,-0.08626229996343782,0
-2.5453228194807775,1.5445485216489914,0.9881191660620576,-0.7498104408616637,-0.17299653785298907,0.29517894194705496,-3.5229928324599205,0.6730394731218561,0.24218422836996314,2.2119559272848672,-0.9598959266990688,-0.006476251241174256,1.1758767427148489,1.5828400913779703,1
1.088351180140604,-0.43188570497810014,-0.08878821140007745,-2.228632348910781,-1.1241587456148279,-0.78617446689478,-1.1137728443097554,0.9811749026702655,-2.3251774703119206,0.5097600639327763,-1.4580458557617055,-0.2583179304340887,-1.4703817102631775,1.0981507676893094,1
0.42567616414742065,1.2948229771746538,-0.6231935817156593,2.0679962504713614,1.2098039821552142,0.09488805069869458,0.33586770037826896,-0.4070512032581193,-0.7004798447212356,-0.7343865769272047,-0.5204366067733998,0.45371228502322086,0.5499232993386741,0.4908801343213043,0
-0.8560948835769306,-1.4050927112980793,-0.8431360602459519,2.1948072210402305,1.0592347522991783,0.42752009720286627,1.2144605243445208,1.1441555106937924,0.764101904512541,-0.16074185494479704,-1.1241672254409987,-1.2115209748764748,0.8104992611955596,2.7536772383707966,0
-0.15810895030641411,-0.2874888541495362,0.19670524552929272,1.075372630078503,1.5451463282204945,0.29988334193368815,0.1902620816186435,0.7783938219066213,-1.0731698252146609,0.9508674851549297,-0.4603853565837992,-0.18400696757225302,1.315618685736388,0.7222578462407416,1
-1.2646119747302589,-0.2066048337428332,1.099156096002004,0.35397659855370067,-1.189021071778955,1.5821839212003084,0.22334127374773144,1.1442355728552118,0.8303645476343509,0.36526084399224856,1.4712043724285357,1.0985523917623141,1.3309775301951028,0.1886950550939166,0
-1.575210930072698,0.504631323367602,1.347503253210267,0.7878236865859043,1.7921800302611326,-1.8825034660436946,-0.07056095968819942,-0.8906300056010359,-1.5671848724951851,-2.104791928494142,0.6054220074373973,-0.186041968486747,-0.37078162896495803,-0.7661515268883523,1
0.2913948894153648,-1.1289053756393226,0.8372356016470115,-1.286432528302021,0.2041164101036347,0.9423055229746524,-0.5062759661556455,-1.1539208327521322,-0.5109459928062653,-0.2565594788739031,0.8746867834162516,0.11673543827918502,0.10800507222044071,-0.9922018564284714,1
-0.7752945650205018,-0.6367908321102663,1.7575690053655466,-0.7773088770802604,0.29875766417830907,-0.326622696499125,-0.25731997358898534,0.6759011323245727,-1.3749411143065453,0.8905078092685075,-0.4605519761889986,0.7497190262160335,0.38244754738585074,0.07497731432659702,1
1.304199501157102,-2.29594429895055,2.320306502823327,-0.01513554437565295,0.30938618506280097,-1.7802043139592076,-0.6559595186293529,0.5067355359302432,-0.6179079874283632,0.17502151834600613,0.2844917546613945,-1.11858283837033,1.0388838779027827,0.6549326917665967,1
-0.12118077112496711,-1.7126508857040068,-0.22911110795426112,1.2707253689461968,-1.032713459784074,-1.7805264651885755,-0.5083609086457391,-1.2279701049095793,0.556225107310522,-0.9735857944732987,1.3288747857661578,0.4951582232547415,-1.015200308580726,-1.5750002763647881,0
-0.8664416716978809,-0.20515492149708395,1.1780594185096542,0.20366354081790533,1.0207750034853336,-0.3100870592615785,-0.16203669460067163,-0.653300070175199,-0.5306859589048746,-0.16603940384442464,-0.10027262770608539,1.9717857391564084,-0.6168380549539971,0.6545741798582256,1
-0.5790888138765141,-1.4430099919430304,-0.7922087179552748,0.36778165861346945,-0.3290103022656229,1.2387418919711561,-0.45600187749828325,-2.414449463430697,-0.6252023318623805,1.1246692706116597,1.6577499544525511,-2.034592480064672,-0.6635728413718233,0.9579754898068586,0
-0.9874265649609927,-0.7726365727114849,1.1023543618020684,1.2533643345356853,1.1850000352729502,-1.2277341433833449,1.6114041085868465,0.06684514026576643,-2.0427153739362423,-1.3407928061331091,1.437874607193289,0.1225510036298092,-0.9375138528568142,-0.11947717841610647,1
0.5662371856355392,1.8923401504507222,-0.6042314618551917,0.5563160746210299,2.3905387760880594,-0.9450836492657166,0.5035321981637344,1.7398219831331052,1.1844570531530187,-1.4316827320543746,-1.1650140242870182,1.8463966345075449,1.6126891919901412,0.13024107505465052,0
-0.1558628028377848,-0.5323756811860365,-0.48869676339684165,1.8720565845609811,1.3403479223312298,0.9233964064978533,0.36112813219175555,-1.5983192307936358,0.4820032694126216,-0.9251050628141151,-0.6147477893419656,0.08429865188649328,1.6265630456315268,1.5143435362276698,1
1.7080714978704297,-1.046401216299386,0.03460156959232373,-0.8801343422174048,-1.1943827027879366,0.21310882054572663,0.26155245943643235,0.8676259270325426,1.3969678497996745,0.6270992398821812,0.24219802083711806,-0.6786676331525114,-0.6810495397021941,-1.2792072126904983,1
-0.5279889371423317,0.022678107244527877,-1.220890545511283,-0.5180747033022347,0.41943819928010967,-0.364342697800799,0.4728129348661788,0.8245664702362108,-0.10736869957431486,-0.6977632851032707,1.9040813183170595,-0.8984158351919881,0.6466355127336522,-1.242538665571016,0
-0.7138406820353973,1.1059750360484126,0.8673287247893456,0.583213874671077,0.6741033368685033,0.4849537843762323,0.7068385548384357,-0.4731308751435084,0.4939652441840428,0.46540339709132905,-1.6020459497158095,0.4609064134116515,0.22684324296636685,1.2084183272691804,1
1.4370584152622332,0.1226953486918038,1.0070724627993997,-0.8812552525213806,0.27454639576315154,0.25033493802272755,-0.12701250716874937,-0.48739009412930573,0.16557265480387898,1.1556591056831567,-0.31072350298981105,1.0635657592352084,-0.0744492408664199,2.136045313023281,0
-1.187511083515398,-1.081760266983329,-1.3654016353298555,0.9361869483134739,0.21973593733238228,-0.19558360636833466,-0.3525719631664849,-0.5601955282473973,0.3344971636116885,-0.39415286617084483,-0.6609442759554219,1.2110797503410438,1.7682890103498405,2.123938711312629,1
2.044269172658899,2.1173127637124014,-0.3830225416794623,-1.8073428592846117,-1.2807464033092875,-0.7377746729894352,1.2117553182276966,-0.7778449067663489,-0.3840159506704655,-0.5419505223197713,-0.27226759115240434,0.981488209568048,-1.7756039807178878,0.28121451465186453,1
1.0739082996899152,0.978118308398389,-0.39190669148066604,-0.3164638618957585,0.49948604997149143,1.0605491355052532,1.5729636673114469,0.008907043739378773,0.7681993668929474,0.4404079358887345,0.25560315443843384,-0.2626631297826132,0.020446159988496446,-1.7731143083301184,1
-0.5194563388855459,0.45456479140956557,0.6265051828645782,-1.0113096476825736,-1.1498704762992957,-1.3468047125143767,0.30558602121165185,-1.541261810281404,0.7135431830794647,0.05469566848529524,-0.2065470018878965,-0.885244071288744,-1.2182283158291112,0.2613606205055028,0
-1.0487156957896953,-0.14372639824512998,-0.3695381822246155,-1.1835294219367025,-1.8625772878735132,-0.08829077621438951,-0.5323796985602924,0.06886718135446818,0.6399914358412295,-0.26142014602155234,-0.1523492799522949,0.5410385832837161,-0.08920448286743793,-0.9878351006085982,0
1.7780661493959833,-1.460234289459629,-0.018596309378120176,-1.040048712467938,0.5502214002193992,-0.37089038185371215,0.7670912953587854,0.3550907065137861,-0.5813650396109191,0.6111778859843708,1.4561885516921749,0.8262813796822357,-0.5231971785689621,-1.4441903356092831,1
0.3464540974052902,-1.0754395589889891,-0.7604713775389347,-0.28266320556766306,1.3432301016389343,0.5896357689191255,0.8850857807849087,-1.2632828587332432,0.4852566723750422,-0.9632876983499394,0.6149968279337611,1.0078159347337905,1.110433804780554,0.6908186810286185,1
0.22042903164640398,0.06216455974545163,0.19882627978468304,0.9888394564514971,1.2764486860721005,0.3228092292773905,-0.30380991620914555,0.3423850557085272,0.7728132717136381,-0.4820815918701119,-0.542163040919093,-0.3222869715332045,0.4250019551167456,0.038794733979345096,1
-0.9877550015758627,0.3859947514590172,-0.16534590040491298,0.17180181999254052,1.0689574024924193,0.0030724737921148907,0.41107186442251853,-0.439983751154181,-0.6571118939031678,-0.7704280507605378,2.487920968367749,-1.0757844709653028,-0.023300147331196838,-1.3202812083574413,0
-1.603304396122627,-0.9136162263514832,-0.3146663476644694,1.1529435944748838,0.359968800559166,-1.0781400309221902,0.796867406216001,-1.3478553772318485,-0.3258961124646997,-1.0344628208042248,0.39242919115357516,-0.5277319902947396,-0.3831924715721604,0.15014499623997038,0
1.0925068004115495,-0.08784572397793024,0.3595761201056699,-0.5670510878359151,0.24380846041046583,2.657811276867358,-2.67731210765203,-1.1026552092447686,-1.3019609578938403,0.2709999031584615,0.48555706126376963,0.4955543652572776,-2.382179128066009,-1.0236700194027573,1
-1.8086970818569814,0.297392341193716,0.2897546907076797,-0.0515466263866488,-0.06989055630225315,1.7409429326563068,-0.308719356713797,1.7289382657156689,0.44434390034535637,-1.2225541747979967,0.37408039758764433,1.7777406012997883,1.91268798251022,-0.5157533766395117,0
-0.3251036179477717,0.09129512432144693,0.38124262499077566,1.5672223257740987,-0.18295514557272144,-0.07658534075914705,-0.7212038376547402,-0.7162864419448899,0.5865999663430966,-0.672384102380488,0.5860604382086938,0.19155895859411343,0.4561283654764378,-0.4564027794658643,0
0.43873987008722204,0.8689044241052598,-1.9373811070493836,-0.09213191616026327,-0.4764586289332214,2.0177068800250275,-0.5312103670187818,2.1997820104120502,-1.9151978994248013,0.3806263075104307,0.8615708483562361,-0.09151054820700989,0.42744653380828124,-0.6636036848756282,0
0.8474271910514346,-0.6099091132135743,-0.18130941921697802,-2.3462262672289778,-0.6180867333388637,0.14877003978726674,-1.007462959572901,0.9118082602050739,0.08686093404634762,0.35555655824934734,0.5442735045527919,-0.20286316101548985,0.5460344521769422,0.6507368813925777,1
-0.521470353483431,0.5032511008659913,-0.7942305541155934,-1.370782912674718,0.333128164483944,-0.24350426399134736,-0.5872398859166137,-2.1376151320617622,1.1950567180639284,-0.6012211492318713,0.645167204953374,-1.594620912503618,-0.7985280028920254,-0.18766480977917868,0
-0.18886360340821476,0.8812368777021946,-0.8882723130545355,-1.1603895190250493,0.4990357035032276,-0.06966488329512423,0.2532700746954324,0.41358034520369663,1.7824635784654705,0.861421726417006,-1.4615106673246907,-0.39346047903003817,-0.164156449919445,0.6056249347484987,0
-0.5920591950426902,0.48829941524256654,1.1023855242691105,-0.9334143920946278,-0.5800820531592603,0.48407431038371834,-1.2475673468741542,-0.4925747976075182,-1.2765796899073052,-1.0595910461686526,-0.6027143931517174,0.1547306998381927,-0.8780981938000089,-1.1180268074383242,0
2.3077876863206312,1.0062842245553651,-0.6104324158457395,2.264363316005479,-0.28731844773248977,-1.6757446794861388,0.7943081806587191,-0.6525343433656754,-1.3364316129130995,0.7299283107201654,0.04824574711516559,0.8449376245893105,3.1441682572951035,0.07506295182163593,1
-1.1616121876202339,0.1352584254881789,-0.23257743526335153,0.8339741456147807,0.6019114247022364,0.5037846429859472,-0.3619007997022802,0.07072792557685877,-0.4876877877110066,-1.0254217984672351,0.4891232050946326,1.0638633452559716,0.4242453382524367,0.6337632959049999,1
0.15637382310600514,-0.11148390415024985,-0.49139347385604726,0.386773010801199,0.7317873567631497,1.051973019023723,0.5410345070889687,-0.628804417119255,1.4218322733957038,-1.3676544645180186,0.10587828603865988,0.07098461869022403,0.2800694843505739,0.4383271947033847,1
-0.7360736834812991,1.0509271894940515,-0.053568507681591625,-0.5531490247095614,-0.077496443516082,1.6037749931506953,-0.6999617414260193,0.9257356725895538,-1.0940033760835592,-1.1377649659072409,-0.05367555681372035,-0.4665186830058897,0.002629043363123953,-0.6574153707511239,0
0.6136689584720726,0.4912678457480266,1.0511221165381983,0.11762302692406205,2.257549177096624,0.46782782072054757,0.9835539831786599,0.3158106883945141,1.6134021818312028,-0.5349790080660304,-0.9184086480823402,-0.6574947401329918,0.19384161276762862,-0.6281042273689728,1
0.7381808595515296,-0.11480540838598627,-1.375292941724407,-0.44407247007315354,0.3283941989414793,-1.9339970064689427,-0.8491884501381222,0.15206484054995897,-0.8457041122374135,0.16122534114162662,1.1109704839976873,-1.5602065204250077,0.6898261552493831,1.849165378375001,0
0.40120695851215904,-0.8558232222618997,0.19013000640899763,-0.9149728045891009,-0.42083518694233596,-0.8938890362655619,1.149487211310698,-0.3061806957703729,1.3812783012346141,1.596746749998549,0.06856334280074919,0.41876294302516315,-0.4929004887665068,-0.9049018170525269,0
1.977234489428941,-1.1798069976317402,0.2127885286628195,-0.37479236254507503,-1.9441667794219286,-0.767751386300695,-0.05689710719035074,0.3010013061781812,-1.1186662897679838,0.583407569488042,-0.9285391136281966,0.2605994887833474,-0.7505136222798349,0.8306781486707567,1
0.04766369290911434,-0.24835700493667162,-0.0008812923873681363,1.6945331245670556,-0.9821944834647625,0.7692996495079355,0.29675059999266523,0.711264890272714,1.4863896166286985,-0.9367360855356733,0.8518270401796711,-0.5778100032747732,0.12083484803287577,-0.3640338266506887,0
0.5024471339018592,-1.0891156873300782,-1.3640448907321607,-0.5834915703244907,0.061980409920513235,0.07072675394811292,0.5747452289577365,0.05396275650705917,0.6161387789974103,-1.8430301709518984,-0.3582060034834988,0.26085964210594054,1.0403243759422947,-0.24102567425423826,1
1.8486062641290801,1.1792948993435552,1.1002216544629377,-0.33450188978576856,0.4633981772011947,-0.6287080558952957,-0.19077193601228168,1.0350237571539105,0.448535818598422,0.46362495777542934,-0.18047814924399486,1.5934020766466053,-0.036574104385566394,0.41013072785662297,0
0.10832530852288884,-1.4593178265179765,0.17271890451636782,0.7208920567853766,-0.041778118896971875,1.7622103676127494,0.02850085030136807,-1.8212235653304134,-0.2522044802522224,-0.8548677288844381,0.9768240309988413,-0.030910076835524103,-0.24914366127368892,-1.245340592886531,1
0.7331462382262446,-0.7699669203282885,-0.22563136291404381,-0.9884034404009703,-0.36250021089435525,-0.5038408735023439,0.7096677019999089,0.24199290634688017,-1.0144938524211438,0.9262250344348242,-0.5158506943391028,0.7565782082216145,0.18829732770527238,0.6717495869415003,1
-0.464076203533797,-0.3504850108404928,-0.6926438928790475,-0.37948745868413164,0.870053933060589,-0.24138262941320368,0.44476548901041446,-0.6282650755022476,1.2328534015792447,-1.3748789619861908,-0.7731732970191146,0.354013379976987,-0.23779677124961435,0.9189119279933616,1
-1.0018231566840818,-0.18373890135274554,-1.7892529345410162,-0.6943771893312591,-0.8843918352227373,-0.6665040835775614,-0.12702602506006128,0.03523556719725296,2.0520471348797367,1.460557216112669,-0.4821630549278521,-1.897826814153459,1.5960412771094112,1.1903807946482972,0
1.6392060604033523,0.5592061941789274,0.6783298315146489,0.3638299956060875,0.720357777765038,0.6718488486132639,0.10424358356788062,0.10176222481527461,-1.4128960215388167,1.1748252414057954,1.8692460532276203,-0.6131618703281224,0.11380927933845486,0.3794677589828746,0
1.1545627155600378,-0.20021582349199163,-0.4949417089455008,-0.4444683131968707,-0.0190834254856304,-0.7635440423231481,0.3008438986698623,1.2546124769476532,0.1196271067113061,-0.7730909490563233,0.18991982230388235,-0.0007742598264836167,0.4923810205609998,-2.063130599437597,1
0.6870996517283994,0.9838364155372719,0.5184447225315062,-2.0962847375607816,1.901152434544727,-0.34850183627437203,-0.08883473161685371,1.2194259711870858,1.1749426199610733,0.30609476108345246,-0.5697921025639233,-0.10997183651818915,-1.9446154754513827,-1.799886274848103,1
0.3714004960745012,-0.5945871439965964,0.6417239018691645,-1.1577557285592832,-0.6016249435206387,-0.9312898881830521,-1.3119203345327546,-0.014942647259035309,0.4449435477209138,-0.3667448553053366,-0.4769131204937621,1.207469886487403,-0.09475958128221104,0.77604032250481,1
0.14434873366927767,-0.0497162793646396,-0.8538629429236824,0.4238099653699805,-0.18264005318644436,0.17035659649165846,0.06516053645159649,0.08857284119187045,0.15570861986635556,-0.40571416256880727,0.6721522311289894,0.9554264506262309,0.7731463250924588,0.9693910751058243,1
0.08096938512440179,-0.5940516480632885,-1.7349140628702149,-0.6472056397564611,0.7158911565242557,-0.5679811509822834,-0.6907989359306521,-0.49662520285924583,0.4939624885683057,-0.5113996250577664,0.42635313480044124,-1.3189307602369496,-0.12702061066228684,1.1309978412149706,0
-0.4079443134180847,-0.032301851525560484,-1.2934257025876743,-0.15521695665125543,0.22097514860429995,0.40725476107358094,0.010036015383978237,0.3886744823672666,0.4847582130367298,-0.0633663345984761,0.7383684994667155,0.1482264448184793,0.3723031132518581,-1.8666747733511175,0
-0.35366860223494334,-0.061126921792081276,-1.3128221807955462,-0.31828008949627085,1.6195092736061247,-1.7751399672357175,-1.1561183623450457,1.8004580589407042,-2.1783243247110486,-0.8378168829934228,-0.1832066139032815,1.2521566076797381,-0.3743323825550967,-0.004585491532615587,0
1.1042171637775549,1.3257442873055518,1.9520640919878331,1.240938442101408,0.6922888814637425,-0.20964397595300185,1.013137481413432,-0.41583540013822856,0.33717581954554854,0.5684078354003999,-0.6799550364547354,-0.5519039618226339,1.899468528921977,-0.24191012316232116,0
-0.131130332884395,0.1444118086253501,0.06931687435396092,-1.0447449815751502,-1.0828886013443313,-1.1828057100963496,0.9942845026433108,-0.08206103360511355,0.7162251878475242,-1.3448530388543498,-1.3814130751448315,0.25037888673306835,-0.6162319676330676,0.559532143279895,0
-0.738892314824864,-0.384264524522031,2.0338312787328223,0.26071445254724573,-1.5893489381144352,-0.955869754446637,1.4603054867083975,-0.5612688536777118,1.6395459935322756,0.06762675759780477,0.33998760333382927,0.46607171617895293,-0.07855640698389874,-0.09769960879810037,0
-0.35128951035113126,0.6401601292628343,-0.9321486061228609,0.7791995275481257,0.5085469376495786,0.8299699488507959,1.2762618257681677,0.319810701734848,0.8619668282095172,1.4253759375114214,-0.2868637291338237,-1.2173768902874038,1.1761658458750253,-0.028357149276985294,0
-0.6585492683008862,2.058853142276248,0.008468520061951923,-0.46512931254104706,-0.30462166476840136,1.0714659903208803,0.007434715500479267,1.0586232252078793,0.19516096830323723,-0.31299579410406825,0.8710540130136526,-1.0530196611741156,0.6102944784835616,-0.08182548752270834,0
0.4179689940561608,-1.0365076971544698,-0.444874169295041,-0.0688329760484227,-1.0372433932697533,0.058369760886832184,-2.400518308060611,0.30514914670401405,0.21461825908767687,-0.3914939721959668,0.8770063429729876,-1.1493052682864968,-1.9564960882864944,-1.2263520329145752,0
1.3664254407099934,1.47883252467049,-0.20273014445567872,-0.23097518471131184,0.26447444204570575,-0.6166056576775608,-0.9673817395907452,0.5507494406371978,0.903005228319448,0.6649189145771718,0.2904968790553086,-0.25555901514815194,-1.0325085052691128,-1.4552225335907114,1
-1.7251440474252522,-1.2356542970422715,-0.1769120279739516,0.4955304501926671,-2.6553710566176485,-0.14191888355608948,-1.8762159251668318,0.2003060689559278,0.421613771187893,-1.8211372114346847,0.9514343812893706,0.9607705484826984,-1.9074080502886281,-1.5259522234497682,0
0.9968998655960462,-0.22134109433958463,-0.0011050110582476438,-0.3656284724208772,-0.874884829364755,-2.3195305780156237,-1.8463677202391318,-0.921925509082847,-0.28725692124329044,-1.1317344814725159,0.9115950643411536,-0.38779493359897743,0.8604724244915881,0.8620898014569535,0
0.38947881027778514,0.413322999341708,-1.8589427128652884,-0.8474401746539169,0.925736024341951,-0.27833979424532324,-0.6834100703626246,0.6207793679746871,0.47725159488286967,-0.18357234588862212,-0.6575703786273254,0.47158548239074727,0.7260769368739234,0.4333884130431374,0
-0.293994371739206,-0.10030618080669965,0.5814426867839385,0.36742233502762556,0.29366847449142996,-0.5870774095855706,-0.8625068851319576,-0.4491758989399977,-0.7418436535059186,-0.44869278326234674,0.9152861210050033,0.04803195858313417,0.054473093052211125,0.43926973336877473,0
0.4901573152761961,0.6387804012097853,-0.8569968031133027,-0.3392332398430255,1.089737956899506,-0.2753932501055481,-0.24705030403742662,-0.06498664786104398,1.5503235019879529,-0.05271472986067765,-0.5074554525467467,0.27594765629318063,0.18931407853659374,-0.6532708965202462,1
-0.08073931699100938,-0.7914430460875199,-2.785952426618123,-0.872802573890804,2.2685378340338405,-1.047888908018406,-2.14989894538627,0.43383527962704577,-0.955816559703564,-0.8475945122443252,0.8513705839939567,-0.9249268975640044,-0.4389003485446198,0.5261940163354292,0
-0.6187506345786289,0.2177352945221711,-1.2453760901775195,0.9828113149760209,2.145854394877899,-0.6434681635993055,-1.5291119503035457,-0.07934501069272094,-0.6147038842365108,0.5658780841292246,1.83886220915631,-1.437793654626469,1.351068895556684,0.4378498863786811,0
-0.4280814965678871,0.1881539160077156,-0.7074115117721188,0.10409627800122775,-1.4374420080081165,-0.5038528163464717,0.9908503014083512,-0.3229392607912378,0.09642662689192738,0.6337348902353005,-1.0823974159666965,-0.7972304502063017,-1.0156503495129892,-1.013937320310105,0
0.4586624683846443,-2.2842796953005333,1.434665117498838,0.12354246901851966,-1.6083109654769745,-1.3293825158361334,-0.22878181286144617,0.5178356105425986,-1.0959025428588767,-0.005161563686119469,-1.8321957892937173,-0.5398491302818732,-1.9330651224584061,0.5661118185716743,1
0.2776721466701063,-0.5681226079380521,0.14595266783078706,0.4819700868627417,1.0368718658822842,-1.1559913574073546,-1.07208589360676,2.2092227101675035,-0.9195592656779208,-0.5912638238449284,0.9253451406179618,0.5971613126709542,0.00329667899607063,0.5453602145008224,0
-0.9978189981863399,-1.3306449983301492,-0.4828039098813125,-0.9090088915128044,-0.0723444945359507,1.3320028686786207,-0.708874345275948,-0.3864740753792459,-0.7415295081763466,2.0102986836492076,0.12816622008987746,-2.155652299176351,1.1648113766169486,1.4804579384971561,0
-1.112836102879274,0.4230160319957734,-1.2714057340355853,0.31183767997339157,-2.313535488427728,-0.14681774889064694,-0.6064568600953577,-0.17053425664816102,-0.022889742769259373,-0.0060018429443208674,0.24889614318599945,-1.2812773888753388,-2.3615811609508874,0.7617942712908056,0
-1.461803120964004,-0.9539764657594557,-1.4931077421344294,-0.2023276612978676,1.0018636372601466,0.4439900572536073,0.7669628172513923,0.3618991844396706,0.6773967992426472,0.3028663132558761,-0.531169769021781,-0.3719664521812092,-0.12040026043313877,0.8069681067395885,0
-0.0648338777574105,-0.31934621150960957,0.8180028105911608,-0.12314280886864627,1.3052249619863094,-1.4608397811741132,-0.16762873413650806,-0.05843043557815933,-0.47300609127576804,-1.1365640339071126,0.20314858102581268,-0.5684874696599024,-0.692771971627923,-0.6712585063430517,1
-0.02757834183419923,-1.408969388420641,-0.7679825951559069,0.29949824400925,-0.1287889493718293,-0.8875629055048763,-0.9844484773641369,0.19013072161516145,0.26679891136029893,-0.8853309896139872,0.698235969368239,-0.8337423682455135,-0.24436024191694122,-0.9187582694499118,0
-0.14184539150540187,-0.6955336617862181,-0.005258660911133366,-0.33445002441971183,0.37963173268081774,0.2554551706457882,-0.0803939974796444,0.3148653918846723,-0.3278204108809451,-0.7652639796076087,0.7589907074473781,0.4658169274744264,-0.1684042297628778,-1.607629566484626,0
0.324038994330155,0.2860820424919103,0.5810068704964044,-0.034689165015253376,-1.175171748701884,0.2747667669236353,0.3610281256704747,-1.4098703992635975,0.6874165460978131,-0.102516620619186,-0.06047685425195742,-1.0570184970900212,-0.2272130103924602,-2.2689307148594127,1
0.04904934646445209,0.05663638362189906,0.2884236189824709,0.6273469590330074,1.09964041959468,0.019564633111282877,0.5894933069710212,1.4361148742936178,0.5747039889390004,0.24495185016803858,-1.0986411686591975,-0.43917972012708584,1.4990396253734901,-0.3945928924107135,1
0.6376761041925779,2.0976262795986975,0.36465843331353676,-0.6003159000743588,-0.7696770853209616,0.36934752154321765,0.80511608443648,-0.5755060086382258,2.264863458447443,2.6832881014910956,1.1998434517897396,-1.8478718383328323,-0.6448382789082421,-1.1793379011538863,0
0.5700597531910505,1.7740574334383217,1.2386415993815212,0.5470183351966822,1.7150139258245687,-0.16842451687412943,1.5908782487975193,-0.8566726576567879,0.4679964367785741,0.8206771352648679,-0.8745048793057139,0.08405772536805697,-0.5636303757059292,1.3050024529545234,1
1.1790859823619404,-0.4271621598258958,0.7818011748834711,-0.22838849785272206,-0.9137982045025349,-0.9551918302631861,-0.6031684759343565,0.42562356905403353,-1.0004170177881977,0.9951822143255465,-1.2257553153401635,0.8587659437353227,-1.6315127705724883,0.9368409882629785,1
0.5559152145951265,0.33060156394085277,-0.9472341922507704,-0.1379347053183036,0.040513402510012245,-0.507838523216898,0.8962340689211873,-0.5287726566288311,1.424711327069602,-0.9989359992072536,0.4473406497403358,1.151853272715879,0.7248503160733883,1.328064943055346,1
0.3178925582214383,-1.0116050053466359,-0.2589505264173474,0.6571138010509541,-0.6602094581563448,0.8410985042521809,1.9194955870635555,-0.8959492383010493,-0.27562684656459413,-2.0206429521127145,-0.25541140903058657,0.6046513768107463,1.7864324915777923,1.1905814234267607,1
-0.2086481942995778,-1.0783041124928323,-0.3248220491944704,-0.32839469105421165,0.345721871474774,-1.8031498832164263,0.2636600502234952,-0.3439962319323218,-0.24924499926281612,-0.930298201410198,0.3277314424456568,-0.1476376552935161,0.09354013177101297,-0.5320975136503873,0
0.08832359986231601,0.7176276040013502,-0.6961826967115806,0.616928684116107,-0.8388672367995719,-0.8029626943267417,-0.23190588836763246,-0.6081215039580442,0.6782774427455576,0.5234553604337099,-1.3503976366846067,-1.4414112339247012,-1.1438478179791365,-1.7916765269720774,1
-0.5324774418025836,-0.060370757915206914,1.5010299101694877,-0.8563399091654053,0.7628963460227373,0.17591823403187504,0.3183405610972046,-1.1395290920229926,-0.3766546976496547,-0.21776855359482353,-0.9263188299452031,1.3965454891564544,0.2443991505748312,0.13101797706388538,1
-1.217664488207805,-0.848871130626656,-0.4770159436753779,0.9241187525926012,0.2991705556091005,-1.339482315269438,0.48386548893837555,-0.5279280755268388,-0.5640607166353895,-0.9232010294533652,0.6449700392970533,-1.2433823349267143,-0.13233607225220523,-0.3230396768035723,0
0.1465679520861149,0.13711133617102297,-0.5531484758458237,-0.19209770192784226,-0.6042909023172102,-0.7185858011702302,0.4286752522196941,2.135595578041991,-0.8100993638329276,0.9709696437432875,-0.14272457490452223,0.4833348855928057,1.2763263743623114,-0.5593097517476527,1
-0.1297343986170753,-0.5105579545111059,0.6029517524450546,0.9974057053868289,0.5248524466528051,0.047300774379060856,0.6031002082943634,0.12955820715548533,-1.4885011169241968,0.5629767144015427,-0.5799879108532209,0.37200630233209026,-0.43811946356877307,0.17624503238229403,1
-0.4904570606844614,0.46157937568936536,-1.2724013480172331,-0.04672840313824915,0.45743407750255227,2.178462999344801,-0.1420215702435236,-0.5191814047603377,0.6947305717628325,-2.420581066866726,0.9161179341755704,2.0779992852405442,1.2058187521008081,-0.1616392542578154,1
1.558819484171395,1.8629178760086864,-0.1719551505163504,0.9526501142988818,1.082189566891668,-1.639300271206506,0.5985452082025748,0.8109917298215282,0.6731678081590481,0.6106061136833257,-0.1987110892465455,1.2577689662621776,1.2863643234109803,0.007171088202435082,0
0.6947053909486774,-1.2402464408891747,-0.04432798265038437,1.1907577669182483,-0.15091822730263768,0.6534389696807285,0.6549885205363911,-1.141465760427992,-0.3965067535143251,0.6563757362381124,-0.48398570541341474,0.3831439666026743,-0.803324378518814,0.16527573403166052,1
2.11840561495721,1.030302625629893,0.09206054928674469,0.09546184576443006,0.24133812264867477,-0.021893370522067957,-0.6019684558140053,0.7827534667152797,0.4187458746636812,-0.14679301969232336,0.7719014213325133,-0.9101831849163137,-0.8786860270171734,-1.3968298766511653,1
-0.5871454235792533,-0.6266242028128807,-0.9647608551572938,-0.03937209808643579,0.5353911811225687,-0.08047138336712543,-0.7926498040696042,-1.219437555435134,-0.5674879692046668,0.8231939052504,0.8997383622748528,-1.7757347495325464,-0.6005040254888577,1.1629708490704525,0
-0.14825811781757248,-0.8573497460335069,-0.6651365469039009,-0.33997965253415646,-1.6367251077766143,0.8779464880730408,-0.40206648937937234,-1.7994951160298582,-0.13664512075471974,1.7142262680757614,-0.7533245723412795,-0.7642801959594258,-1.0846637502306233,1.432480354339005,0
-0.9317421732575855,-0.7178510513555106,1.9347825838986181,1.703122808271002,-0.8513040158171219,0.027287608964197317,0.07229918564761983,-0.7479809951105242,-0.3426738311024531,0.12366862513494571,-0.050073619360630026,0.04457197693364468,-0.17140709519806646,0.424937497350099,0
0.414513689069508,0.17275715299602415,0.04719052450450812,0.7410901243536988,-0.27723528701400124,0.40084524281982725,-0.3737213387751679,0.6743467965558331,-1.2614356115198648,-0.9430299830975061,1.3706440852679753,-0.0526442584678076,-2.0857437858833134,-1.5927960754815478,0
1.4064583277452274,0.6227862276945294,0.3317112115442093,0.6718165028310612,0.5959098170080959,-0.8124653696659148,0.896149431753782,-0.3352795994550053,-0.4442666230821322,0.5427288925197441,0.06292382494306607,0.33810129411505974,1.8585791677550287,0.281142098713692,0
-1.3451489679705853,-0.6855072769944073,1.1604339336578682,-0.10780146470266135,-0.9290867293099957,2.2560152685698345,0.6600813581335311,-1.0611400264038944,-0.06700055310834294,0.49644404222692134,0.45102566201476935,-0.2955169345978982,-2.150718120973921,-1.091978595900912,0
-1.3814176747403382,-1.137586733547366,-1.4170920281819044,1.093487445083004,1.7027761501187666,-0.8776718203632842,-1.132265171055079,0.12083408589371396,-1.9943064852213033,0.4180504396183814,-0.7160386143980726,-0.8624126324630005,-0.044842825390565694,2.0040876471905835,0
1.0284203093500803,0.915970814979282,-0.3845202557955635,-0.2874368530408881,0.5101874907663078,-0.896746336458005,-0.38648982089707057,-1.325174373323496,0.13371997347205022,-0.13292473695276322,0.411423221648445,1.6231386985608875,-0.31523160905611053,0.8131611989744724,1
1.3552849609893767,0.5760589656495457,-0.2338369830317937,0.16020537291823675,2.461139727314507,-0.6929487932772286,-0.39244315086066417,1.0447515792076079,-0.5578373528373071,-0.15290350656477747,1.6636710625453779,-0.03588207907727536,0.01828342718093405,-0.5867041408438973,1
1.243874029091462,-0.5378241183027338,-1.261759168163205,-1.713733142721241,-0.03856418658504115,-1.0990074944490917,0.5445300408968134,-1.5030506267733703,-0.06572326019245957,1.3342093281860505,1.4595846686067706,-1.5463089561489365,-0.03529358304947645,0.3919810677947847,0
1.2084012036755567,0.4773447554104036,-0.3950741039395734,-0.4401802185636792,0.8713275708049715,-0.315762852915444,-0.02032238783472846,-0.5939200724322542,1.2435486050524676,-1.1354519818955815,-0.7501392486041619,0.08664146513812437,-0.1360168023037545,-1.3143475181343158,1
-0.23206253298573515,0.013329858065141526,-0.3611348552870966,-1.4109621291338632,-0.2187362694406124,-1.0190147952875956,-0.11227498461734678,0.1476212106924846,0.3922070187074269,-0.4499170759812409,-0.003334377170138484,-0.5435105641157789,-1.4673809974304581,-0.48187461777095864,0
-0.2363483246979929,1.425736917296239,0.18444676185264722,-0.1636972368855455,1.1413895403908525,-0.7003343970375894,-0.12274385359713244,0.5456939660235773,1.5944150373100836,1.1755867093265018,-0.8126858020145212,-2.139946564217697,2.239620220621204,-0.2036500735138615,0
1.8716689916351046,1.036766414049421,-0.5123476132031669,-1.5100444153961003,-0.7815652798043966,-1.3882006709470587,0.7961958608539326,-0.38204970868130683,0.49456957116917094,-0.7742432360161591,1.1752811373272805,1.9790928350045915,-0.40964061934003365,0.3591302380018163,1
0.8961049511700859,0.4934876190786242,-1.4550058970841,0.926386230115898,-0.7500205533419684,-1.7883657323361228,0.744561604055813,-1.298027459778812,-0.2553009706465615,1.0681049037916799,0.665720519891691,0.20424792608664366,-0.15585903421061245,0.5724765199850641,0
1.2625376533580535,-0.07273596850602346,-0.5527793854522999,-0.17887482386236256,1.3371263353643636,0.005734067105673641,-0.34058625840509416,0.3298238823598399,0.5673370965881284,0.7351095645181501,-0.5977404105994718,0.778956988552372,1.6323207744069703,1.2833952665938573,0
0.4982403816270691,1.3230755247074983,-0.4366166702680597,-0.05865951804015517,-0.5894323886065421,0.18559986426254202,0.1509057442495285,-2.1778976142803153,-0.2753828641046735,2.6392961189226716,1.1587172836770259,-1.8562508168556402,-1.2189698479408015,1.5106582415940681,0
0.14129690674648787,2.3313789339594453,-0.5135740955436745,1.031798283941281,-0.1685792879656047,0.14124603990765053,0.5916945765790681,-0.7987014650600558,0.9527281426529818,0.14410327656567185,0.5442684762689819,-0.9947952249572547,-0.7787845109682668,0.7963908573224464,1
1.552393503944235,-0.6828201175231768,-0.15526868784777384,-0.5783152648186267,-2.0958423087290976,0.5770214415764462,0.5296221795094415,-0.5686479092325608,-0.26347713859542315,-0.5334647495290241,-0.5644439531523837,1.4315439271291392,0.8861491527956997,0.18266211867082363,1
1.0059423439353592,0.07953877818417872,-0.672054879139357,-0.36281851382279595,-0.9186288223761024,-0.984602695171728,1.5034890338483242,0.9933353348117269,-1.0695165889236238,-0.12109542754421508,1.0027635709856972,0.6709806989183681,0.7564980619234586,-0.3175778514181432,1
0.09922958694609683,-1.3560917617809354,-0.8813367675793994,-1.8427903361398097,0.3294661796593532,0.8321382802575423,-0.36333363530881047,-0.15747713049320755,-1.5981206847237515,0.8855938010736297,0.47483072201130316,-0.08886691429322395,-0.09140047753923296,1.1522223943806402,1
-1.1076204214486345,0.9733228878222422,-1.0093466942431473,-0.2499609350334635,0.8934090179495964,0.4146745588158401,-0.5897227435339366,-0.04651657844099011,0.9743412123811384,0.42865852033600177,-1.463346284425169,-0.9223005123501019,-0.21173205445356363,1.8728289335484947,0
-0.059015252624766965,0.06607448812244732,-0.16884832233700137,-0.7610472163532176,-0.30897216781423587,-0.647929195203019,-0.9503046402922739,0.7643400488377167,-0.6774606874571001,-0.2606306069581498,0.8571195426655875,-0.8079710432418786,-1.2907756485339636,-0.24884336402674082,0
0.599464857022368,-0.7953005630362008,1.8345497777809394,-0.23468677766519974,-0.4513381640789719,0.8694845926731146,-0.7890081068362942,-1.1595519843094486,-0.6636916164706343,1.076448847934822,0.4526275417181312,0.1048144334189228,-0.5866662082993798,-0.6499235678811288,1
0.7346430733718082,1.4085247503776634,-0.37478279102996687,2.725011284701769,-1.9729768731946244,-0.24046827700842152,1.2567236327184457,-1.6597965129176109,-1.0473004300796995,2.2082781900499246,1.5080425730235538,-0.23608542080347755,-1.6050818201840718,0.06463711675933863,0
0.042751096008493895,1.9391559114236276,-0.8839857077306014,-0.9990001599916425,0.3130717362407943,0.8828981428258762,-1.6952076539157768,1.5517602287209984,-1.5423085805772778,-0.23819862132562653,0.6703504834725776,-0.7558403118975698,1.3855992242725854,-0.7036838174217783,0
-0.5252379136757115,0.5191684559625621,0.6025234992567645,0.07362638185190619,1.1592479503034814,-0.7240205906952782,0.7814675556653786,-0.5950262032507004,0.06636329034039705,0.08667239319317195,-0.4355972886179627,-0.03602527997392275,-0.5442954406075443,-0.39952330987269163,1
1.324816210964784,-0.7690604532177332,1.6853720519234847,-0.11757148788306333,-0.4373935650013547,-0.5180843115675544,-0.8130385800503679,0.16798369988712195,-1.364548173291335,1.096364145896992,-0.2927990492182188,-0.25464590566750434,0.17634320544858845,0.8999403860921378,1
1.847582988569322,1.5165069646654619,-0.922881513997575,1.4782633347269405,0.01776966137342612,0.046018359792957035,-0.5577320152945304,-0.8355980540643921,-0.3090789529412214,0.476590250012295,-0.8240420872799312,0.2732721191508609,1.8694518058670666,-0.3423660981749761,1
-0.06804637747368147,1.4716493754792885,0.7898402785091269,1.556490902540084,0.6733013548437959,-0.13908964537509286,1.3222694364391039,-0.8196182922789181,-0.34468053075767846,-0.5318760229839009,0.6591426694807543,-1.0370977789529456,0.17629963797131493,0.384246029031536,1
-0.04214791283152347,-1.3659954725556245,-1.2683591350847634,-1.2388802356280575,-1.5109516414551944,0.2748328188000458,-0.5810262354855317,-0.2689864798390542,0.6578465131823459,2.226433891156153,-0.9996479294554984,0.03959377765232564,0.17997859873966443,1.218153491759699,0
-0.06775668587487887,-0.6340414773799572,-0.06952645735898005,0.9037075310046434,0.008700955714634856,-0.29703551015863683,-0.43739809069524727,-1.0183420716776421,-0.7072354319604206,-0.10343781651536663,0.9785139941890548,-0.8487583982218319,0.5261474942263763,1.045596909158063,0
-0.812618401458746,0.424488402830625,-0.5766985159442688,0.36704501714535576,-2.3930037235143846,-0.5142298305891538,-0.33987504650888234,-0.3443186033793652,-0.03636607112282316,-0.19349877317304123,0.2270193743973948,0.033132156206628204,-1.2269823905093118,-0.2608542806834503,0
-0.11771876526406846,-0.025260301644389957,-0.5264501428735002,-1.3825338843442954,-0.30436118508325183,0.09107074843551935,-0.722529518584887,0.8417670721493397,1.5591288756271122,-1.153742957442716,-0.5599698538525026,0.6128148753350492,-0.7567449002334228,-1.9396184607748803,1
-1.5586332011741626,1.1642811800210784,-0.3285025561684586,0.40970814690465124,-0.23870990663651903,0.1235658007100701,0.024482203396280443,0.4006575263490239,2.31210505237421,-0.3152593478332343,0.08466105989436516,-0.8041516401640474,-1.1158685117067182,-0.10424577844374011,1
0.02607909060935336,0.6429781001972741,-0.8985074520541596,-0.057118102407559566,-0.7048810946387141,-1.7697917578288391,1.21788797611397,-0.6326357679335061,1.5467462674785781,0.45878158123618046,-2.217950320953546,-1.069137462720185,-0.13129444739082835,-1.129411677456121,0
-0.6992113024742759,0.7007874009282177,-1.4227581685119586,-1.1283936871657658,1.4317900900679228,-1.0629262469389311,-1.652279742481444,-0.1536350467949809,-1.4536482691814778,0.07609043013208351,1.2316519275014413,0.4725533326560418,0.1585764827668774,-0.7424373176849713,0
-1.6113237130100748,-0.8834191599497047,0.9745232393889063,0.24948855840090697,-0.24495048026568803,-0.7422068345267651,-0.8222669452787464,-0.4258843581012273,-1.014756248741188,-2.3634807634811112,-0.27992856817256034,0.01876171772917857,-0.2668406819893122,-1.5803259981652606,0
-0.8723618525578274,-0.9737118637884474,-0.39202861634692293,0.8802545638949241,-0.9748799352869566,0.40829843109804864,0.8232510178185733,-0.5000002085674323,0.5297030752995758,1.2320067258804388,-1.438379308048311,0.09552113610206928,0.49684045844833297,0.9495537474912358,0
-1.2178456518566432,0.29376830180801333,0.1318127738802098,1.2674963535827286,0.2132437025336852,0.28884443676100235,0.7040687304928276,-0.48882194565120035,-0.39582710723454545,-0.1898929506013053,1.4314387650795395,-0.48466784004460406,-1.7671013942386864,-0.15301563734721846,0
-1.3549558728301925,-0.7480767643459946,1.3204108001355823,0.19248684070716704,1.2109096069627334,-0.47038552480166274,-0.005920513522242904,-0.4841342313628574,-2.10231787329328,0.07885809810679986,-1.8944911859564213,1.1666238692886892,-0.31293989450941745,0.10902438959616069,1
1.4394786782161255,0.4683904501591507,-1.5147495161163493,0.1944881246985324,-1.2070602416008258,-0.7428072186493329,0.19831916538568514,0.28740514150304425,0.3604635702795355,-0.8182747021387624,0.9260514617366328,0.869525368999878,0.9097749650160283,-0.003139806102209064,1
-0.4546909465889912,0.7515892706154302,0.5292371765086468,0.48609053817515285,-0.06159645434046784,-0.6381236669935834,1.405767556540803,-0.5217824854902058,0.402766077125995,0.49647678149688856,-0.414946479924995,-0.14462392827068532,-0.2656921401840466,0.2125281457044969,1
0.22112161726257032,-1.568675832404266,0.9483552225243618,-0.5315774482087264,0.49292265224842263,0.015686014223670032,0.7999905013222166,-0.28550807799903355,-1.1681628231171202,-0.21724885228465743,-0.5060155660493713,1.6693703923091145,-0.32820886177981645,0.11756501179593841,1
0.46570525813199487,1.9022939714618972,-0.6475243664066839,1.723738401338952,0.41336525835597715,0.8866425542823424,1.3849410365300896,-0.6393820258485383,1.0419653859268354,1.143763586093732,-0.032240280366923904,0.4647655739903316,0.04146690036450773,1.0224211043292906,0
0.6178189346339265,1.0798194275040973,-0.6644880944937822,-1.003004653491651,-0.25963890389429845,1.217971384425928,0.4261042731537401,1.285676411354512,-0.049489549111516255,0.40993083955739396,1.3016684009222648,-0.5925750528433593,0.2696581646463721,-0.608274203079639,0
0.5798748648635863,0.7158102404025249,-0.8273724357056945,1.8409884407730743,-0.2661458139733779,-0.3548703898372371,1.0418428246554408,0.605996967773914,-0.14635379543844698,0.8797909207086501,1.3000918939469903,-0.14442966400936633,0.43143966859251354,-0.8853196524777956,1
-1.596591483243959,1.686365484641467,1.6738923413737765,-0.6822630550031932,-0.2843071038646928,0.6326864848044813,-0.6434740151632793,1.0660747018306092,0.01313842051763044,-1.7023012526469037,-0.1283449548095716,0.2954218488162717,1.690281233088728,0.3880932412826613,0
-0.2201005290617147,-0.6938753365191564,1.239494107525246,-0.05747320145423614,-0.9137671874060552,-0.34990408726931144,0.8756560012991118,0.3187616964853958,0.5878429537846569,-2.5671517901205467,-0.27526452401513773,0.9941045654526881,0.2870506613569921,-0.5387706511556268,0
1.187639629367785,0.7025216223245229,1.3434296767831297,-1.1072471100803767,1.2462038708178789,2.098535557588417,-1.2935170628556647,0.08254268431379225,0.9033230324485347,1.1012024334548935,-0.9151907279240605,0.4562468779373867,-1.3914410271290332,2.4594944934852103,0
-1.9101507598720542,-1.066605372317115,0.8764919630535131,-0.18347527966352128,2.493650461827419,0.12658138212646933,0.926780393545328,-0.28596117503666846,-0.007367796844542728,1.3239390918331821,0.42925431173329187,1.3070188187344278,-0.34837876803135764,1.3422076514012455,1
0.11864706092668739,-0.5885028446563746,-1.1477587640503362,-0.8783026072968027,-0.15233853678756096,1.0809607749896724,0.34429367302059866,-0.0143457917678775,-0.0806474658121055,0.42976922048734045,-0.7361078841955117,-1.2095729691925228,0.002803105638454855,-0.5933440941655928,0
-1.402655237562264,0.1979393192199682,0.6202953788098875,-0.0534296827554546,0.46435663228267654,0.49853404875599727,-0.463877653619098,-0.2538141766770196,-1.1352958529114863,1.2302078359172792,-1.2673715833774037,0.4924294269014289,0.8491286737587815,0.533102012268383,1
-1.6798567354492089,-0.0322085083576552,-0.37634481792215263,0.7165450945979189,-0.4691518587961419,-0.001028469664340645,0.4167322008879003,-0.9523654550352753,-0.081830918912793,-2.175809214044767,1.01531208908629,0.9770441938244443,0.48535276175563113,-1.416779310748999,0
-0.358736590462517,1.2358922293757597,-0.22383412602471017,0.08127833952947809,-0.0070465642547481895,0.36861846101032936,0.7903178040935647,-1.1419659247759166,1.0981962813802861,0.45411516133168567,0.583861733413697,-0.6241201641442436,-0.5725621104528053,-1.0002649190578694,1
0.9533352630609127,0.2895384251501003,-0.581041082043767,-0.6461136664483653,-0.9357306505919892,1.0755730929484575,-1.437303441796644,0.846355804203836,-0.5065488139600434,-0.39153492484023084,-1.0095040552196464,0.861164031667497,-0.9028621270496546,0.9423805588326056,1
1.4404084818453131,1.7807442108340414,0.392546163626927,-0.3833212320070578,-0.9538380567443642,-0.544654569021474,-0.6181953345691059,1.7604341413421256,-1.0747936305279682,1.1532633283499683,-2.342829773175298,1.0699126183641412,-0.14404496887988397,3.0432611296390553,1
1.0478559009820951,1.265332738674095,-0.2342703528034432,1.1569844575055428,1.1811648333953912,-0.5441040404302434,-0.14103416664230636,-0.3908447673911598,-0.3975958659070824,1.243605173704478,-1.9290443681272416,-0.10950647315774065,1.898975241980789,-0.4840958332423689,1
-0.37466196262650375,0.24357298316754755,0.4707591196938987,0.9540758065336533,0.43047899235972853,-0.14521560940026343,-1.415221343168265,-1.5146361360863356,-1.8447519005119442,0.8587998587135756,2.055228958520404,-1.2379183229225308,0.17017765914957325,0.17812495465622158,0
0.41279705237288733,0.9524707654943085,0.37029096713455334,0.8966197198741708,0.6852162826187158,-0.18498660941533443,0.8465204923912146,0.139903357869258,0.4400859801722028,-0.5492103450853975,-0.25170432741940707,-1.8058241872781782,-1.9632460365070417,0.5316196158066848,1
0.2938127660923795,0.09341557612924684,0.08969368469291245,0.4477066091383037,-0.46611010885768284,0.3145119173383888,1.7232764690066773,0.6408945730334741,1.4132406343429706,-0.38971354813258186,0.8672103205573078,0.1448912192063488,-0.5967744815774346,-1.374657391671385,0
2.7487370889477885,0.7111977373655032,-0.08166618397788435,-0.578438516698053,-0.6891056756004982,0.07468565805699748,0.5146390091431868,-1.0662123118679063,-0.38898419815210705,1.4394908282280716,0.21376519745795267,0.4650347261810132,0.4904467444073426,-1.8987327218436003,1
1.3694177976347905,-1.3288861764310596,0.3452920708828255,-0.5401618787229401,-0.6065940954242244,0.8535687237554307,-0.4500353498164025,-0.4769637729692025,-0.5249146165852457,-0.11469408694864279,-0.19129372836026817,-0.0842655954297932,-0.15051498941485023,-0.04777964480414666,1
0.08711761962393948,-0.621244218357637,-0.04695940245048648,0.3279828639126142,0.24689137115205723,-0.5213658142456772,-0.8927070446319327,0.4123591198527611,-0.7939460766769847,-1.3697853820023322,-0.45117973523370764,-0.31824567815348775,-0.7050962889216047,0.5777783782970065,0
-0.3781733197043536,-0.12082385079813539,-0.9641701354289249,-4.0720692297804195,0.1099811428233041,-2.0578834790706524,-2.147446037315933,1.6062663616179527,0.2622437875125015,0.30066663938277227,-0.6530257384380483,-1.1013300466040101,-0.391626110284061,2.5622261550666514,1
0.33485057930337914,1.5504090343757528,-1.4566439890204637,0.22494982202332778,-0.3019806161722314,-0.8060553004956938,-1.652416910498819,-0.9716969855406918,-0.3677257125854171,1.2920370365342393,-1.0809492126618443,1.356279234040509,0.38738135116972344,0.2690063211418091,1
1.149861518751469,1.070887805056083,0.26082336907983733,-0.7351785530294034,1.577725099079363,-0.8454939707286848,0.7291571770856039,0.3405562294704721,1.4306327695501184,-0.017434602123055948,-0.33583033795699324,0.026640602380190986,-0.4509649929310016,-1.1623689997753444,1
-0.3493634954070018,-0.8307758370568236,0.2217055665944815,0.9341501188349752,0.3517329631716461,0.2588488092640037,-0.46394706077177844,-0.9010106452184994,-1.4715570011033041,-1.4621930554738143,0.018717246848949227,0.49104662733678345,-2.6233548280811876,0.13453475823005723,0
0.47229712425399983,0.02051966127735373,-1.0938657998172374,0.2831209318236145,0.4214818091880508,0.9156498223016577,0.45679742179558874,-1.7445765595756038,-0.987717897954107,0.6779103523868175,1.2767496999406878,0.46963662266743483,-1.267949438365423,-0.7336643893249623,1
0.36806858135140985,0.37554792849944535,-1.160356186385874,0.6589255422187587,0.1444216482834994,-0.7153748107167075,0.07465670952182214,0.03480145621415732,-0.6434460311848237,0.40108848536182024,-0.6869068636081822,0.23284247231857874,-0.60285682747553,0.6395628430126833,0
-0.8364990079456839,-0.2828743848023234,-1.6949060538100043,-0.21351884635587304,1.0228612456501873,-0.3713606947992664,-0.9172162488096341,-1.308284069067285,-0.5547725339651005,0.7261058575504773,1.4365439668191342,-1.5799835503988344,-0.9063332063879812,-0.7324544215273153,0
-0.916289009940675,-0.2328183580084058,0.14980081086061042,0.9820987143841051,-0.33975847713202517,-0.6203125398934833,0.052796348830085715,-0.4337782579917502,-0.06214121791508275,0.2944489012900754,0.5698595357042129,-0.6789795380207825,-0.5781903175082349,-0.0866166198271123,0
1.6424650943059598,0.11997787248843494,-0.9916576280064051,-0.3262613043755852,0.7734901862634794,-0.18455378496623065,0.5893842821763858,-0.8037164857743038,1.6294731020903643,-2.350515123650944,-1.4419448133077863,-0.8399101876366726,0.08307336058085003,-1.0824419069334226,1
1.0791177297869736,0.03552647156839071,0.9284687894330975,0.7168658429727707,0.9206274299988759,0.27974719816069776,0.8828093628306678,0.9246383917435429,0.14497942337446543,-0.43342133174053593,1.3113191885840592,-1.0365010609857954,-1.1265072482046394,-0.011079042322372739,1
-0.6048673256248269,0.7918075121842282,0.26295581737638,-0.1285183091228332,2.311573136010904,0.04758201742472644,-0.3487915826063844,0.5991396370221191,2.1765864546055487,-0.018160009625591094,-2.1432830888469416,-1.0672555491190518,-1.0928786565740496,-0.5605379482463312,1
-1.342702229405303,1.7038176784910635,1.3828353882566473,1.0875187189745856,-0.5026302623623786,1.552630165932284,-0.9390593473556405,0.8020382004632755,-0.46414216201258734,1.336318158813139,1.3794157860172218,-0.2441842937368032,1.4796521279443462,0.1262064814597961,0
-0.9555736364753956,-0.6028256389098958,0.758030295628191,0.08841658020031035,0.8085859097905376,-1.795917058657368,0.2817557859615244,-0.5944728505942526,-0.252414663055111,-0.745965053051334,-0.43667948448376653,-0.6447811393738514,-0.19101059392437414,-0.23306796010046935,1
0.10496699624026812,2.0495787829470786,1.4189735429005466,0.054462062282289454,-0.5246240345843796,-0.673282876861269,0.8547941650423321,-0.10000734116080824,0.39714303311192234,0.11881984644359896,0.03245258099844686,-0.40397130092664396,-0.2672369500988429,-1.0155294769879923,0
0.7904606646980906,-0.2301395986181083,-2.9253430722945857,0.8003146996062019,0.7987912101650886,-2.444176592546239,-0.8835709768801003,-0.3433306130935578,-0.5002638263714069,0.022195685039367762,-0.029626083703382957,-2.8238766841527276,2.0579393266349375,3.4176555441708887,0
-1.3947424824178918,-0.768130470509738,-0.8451096834675754,1.7872888400611346,-0.054576615414297154,0.21706897785497334,0.07834733180824764,0.03400344158440765,0.9352807850292634,0.278706297786292,0.7438177971170604,-1.241108183874316,-0.31138777613273344,0.6314041444137253,0
0.2604649739244514,-0.28929726952067336,-0.5049740708007602,0.7284879488285589,-0.24319860433788065,0.3791205292345473,1.305641963990872,1.7339102433897948,-0.4621759194077765,0.3252525814900959,1.1401959020656955,0.4736247883684865,-0.6433096529791038,-1.562475257669781,0
3.045317628048882,0.6752916671966499,0.5748494189731749,0.07763270903157003,0.40461605421117003,0.6885932435661893,1.6015880215524176,0.5261063692263646,0.4119602558251195,1.8408500037152589,0.8579625076169313,-0.5001790914347299,-0.347194788938463,-0.027051755002275833,1
-0.15160961502593542,-0.0606021483304505,0.27544524551563904,-1.0147071885682146,0.028287479825177937,0.3053011972912024,-0.47909132821521433,0.7246418546763064,0.2609528307504332,0.7134922388433832,-0.7833579807268938,0.934616320071502,0.7890079547380024,0.8538463992075309,1
0.7534400877875186,0.2631598227764564,1.7258814647533902,-1.232631519554408,1.6572668454792454,1.0642622526025012,-0.05987572397300616,0.8362877449807758,0.7237453532786171,-0.2104501581465512,-1.877398207848966,-0.20926029856932307,0.663699344438509,0.6611000060411568,0
0.6421419214780504,-1.8096024119274898,0.0001927105588175155,-1.0628645665420793,0.4439237487213046,1.963321890810537,-1.6694669156087807,-0.7037553356929016,-0.40998228325589947,-0.5513381868848508,2.5280914343969463,-0.7421791486179616,-0.8642313073953682,-1.243007907953672,1
-1.5082497213318184,-0.7653595386404861,1.3907352783107398,-0.17804074364794648,-0.2705470496404212,-0.32944364365531464,0.19860210435166117,1.3008736765991418,-0.5219152399718986,-0.859105962198425,-0.7120350461446575,2.332457120009145,1.0613327022093506,-0.08125431883269413,0
-0.3116245902373478,-0.018941135613216625,-0.9614177122684685,-0.16691525249655892,0.1672493325353012,0.7573962208907062,0.80590145023887,0.08827822429995699,0.5466782927325606,0.5700539727453863,-1.0043356418729303,-0.2450044092385022,1.0445994057214103,0.22563455466721052,0
-0.8833406118184486,-0.5667147423130114,1.7060423827772209,-1.1591159809262261,0.7793075952081794,-0.67041351962783,-1.1341551034976338,0.9725664112100879,0.04875426560198092,0.8560427869014741,2.0114039087695943,-0.07346213543984949,-0.4688318022661181,0.9735283449575267,1
0.7187144428338893,-0.5315450869873867,0.6129816470760511,0.6607104025373979,-1.4436197254853032,0.7623279623486191,0.13347770349918,0.12722087661977122,0.35824831257176176,-1.2044652178870174,-1.777927254825568,1.17560340850283,-0.13453380633112022,0.7561887349172969,1
-1.0297452904676299,-0.884632656023052,-1.4479130090052281,0.09179974342757004,0.3869972758985662,1.48804548007262,0.5970007747528702,-1.138145219407402,1.1523173260335797,0.9089154601862686,0.47085073646369907,-1.7082667548338069,-0.03284820282120108,1.0984032793706424,0
1.235004650108408,1.0624572993658947,-1.3735668327597128,1.6632146071547433,-0.06641965429726879,-0.5099492977521725,0.7578435689011398,-2.1982273075571737,-0.32377630398222645,1.731134184910159,1.3714939897217735,-0.17130199061710688,0.8581308247475342,1.4900334671662696,0
-0.5197541655555571,1.3435832680471336,-0.7921611488054947,-0.3553831459368968,-0.3092457592652024,1.3571288162200716,-0.09935676964710559,0.7984906145291574,0.24754541832583124,0.7146188625944161,-0.18460717330438078,-1.9120166907507978,0.041459272121523984,0.5774975552500344,0
1.4755081875179856,0.4961193073316229,-0.788245237687776,-1.153029590583724,1.192754091420594,-0.4752312128585027,0.6594871544426997,-0.1977903121750908,0.8489112381082203,-1.2228249863392215,-1.572536571289247,-0.5485256952974508,-0.09736340421177331,-0.5808816437743809,1
-0.2505403410340456,1.1552136988872201,0.7801578053254998,-0.03121378693967666,0.7340224993079054,-0.4199316760859392,0.9318681781266863,0.8245557309772241,2.050450996334973,0.7533611955446857,-2.691637191057887,-0.7685984588928598,1.4233972224258924,-0.7191385773556979,0
0.72495022852239,-0.35840892469400987,0.7972450814559989,1.3247944567226917,-0.7483619223685982,1.5889952321770753,0.6064939397562304,-0.7543875687547094,-1.2485381155433704,1.8060384332837027,1.0036886495664228,0.30215116261050334,0.7029314040565792,1.1525451127554722,0
-0.8752285182188423,0.9328713959185522,-0.1621524101567466,0.02584422451410505,0.6088142423412896,1.256880067435223,0.4944974772692589,1.745121132919032,-0.22267828782621202,1.027685818559712,0.8309726721870024,1.383872403143235,0.6672145854555589,-1.5260608797322666,0
0.13658317086024294,0.1689637341505229,0.5571518598984075,-0.6064872215643655,0.1841543747495238,-1.0397258271586187,-0.12929333604607843,1.1860917079687623,-0.969757620867958,0.4446436296136364,-0.9705935674301083,0.5163616162948592,0.6578684129663493,0.24522554240752684,1
-0.08134452718174563,-0.19214922056552716,-2.8786543706600853,-0.3333317343990937,-0.31128558419799157,-0.7457135037296971,-0.6491202650812568,-0.8402186652871588,0.06951023795904808,0.8573022137227881,-0.5324210415445614,0.5166242117846159,-0.0435079185098058,1.647886204929162,0
-0.33748773540571747,0.11566425471403938,0.051531073150590447,-0.4911621768408693,-0.3745901810031252,0.43173352321095815,-0.1760747792581122,-0.2239417922369124,-0.26792450219173025,0.15808555433035845,0.818015907791068,-0.2286302686182877,-0.6049872620724621,-0.7842660802303771,0
0.6909735151714417,1.4196843702341966,-0.35204070427749046,1.7493446208794914,0.3030232127626183,2.0846217420722906,0.4194904826501586,1.2999426629318602,1.1045337503514885,-0.4435607860358208,1.2937126249959243,-0.05451154758709163,0.8875171335764105,-0.39934074742484776,0
-1.9819862258557372,-0.1434129794713563,-0.14773744255274918,-1.9198988457108248,0.24828021704377298,-1.1276103211875377,-2.4924613862850196,0.2646308289068595,-1.0846432473710306,0.9955806408303947,-1.8130548017730366,-0.6611317927300469,0.27575644098929414,1.36005928894359,1
-0.7767597885499647,0.8953163374989271,1.0597228929802431,0.5762768538114178,-0.4242937505644022,-0.41407240236381876,1.0579561818386205,0.23782156387331072,1.4681682777179246,-0.152566789443579,0.2570251838071328,-0.10548717032799633,0.24248095664615288,-0.2604164073918834,0
0.9877252574609025,-0.6691960902232601,-0.6925044894088448,-0.7381299199104394,0.8470536269555443,-1.4764981536573543,-0.3957468240371702,-0.03932519361746394,1.1365998860564859,1.5938387190618315,1.1228414945250704,-1.4304941816728796,-0.009155009452778893,0.49034897488799256,0
1.310556316773457,0.20367997131670515,-0.05532627567789503,-0.37108287207191787,0.5853721466819293,0.4184947987736802,0.6566284143937062,0.6932519855990985,0.37735798893859707,0.3040472472428532,1.9368584760129515,0.5000890552628224,-1.2636561601277794,-0.2546191292803851,1
-1.0582996147728523,2.053061712280845,-1.365576996233667,-0.6119408075533131,0.38569677099996064,-0.16243448963595156,-1.7999102742610447,1.2254959844376665,-0.899361930593196,0.5860517279106546,-1.671717198215878,0.4665962028095226,0.09302127152959758,1.2304893158526569,1
0.17821074809019063,1.0467790484501498,-1.1829111324213228,-0.4974900224601281,0.42779579612264296,2.07857084454075,0.01774281747209221,1.9099062031617609,0.5019061619841626,-0.8597880028017868,1.6998208615442751,-0.399435481986152,0.8125967545981999,-0.9454561248554155,0
-0.1838683576496632,-0.8453783847055354,0.11645474828337339,-1.017357473925468,-0.32110609593503453,0.03937616413254306,-0.4466207376713913,0.08265995988119826,0.9139746517188121,0.5183774145779663,0.15949727026876587,1.0865652870829068,-0.14752689262219565,-0.54885114315964,0
-0.5433674909482313,-0.5334366978627567,1.0297894099664255,-0.15582317970305765,-0.7595345228289064,0.6449667362154401,-1.185731806079171,-0.3118180738355851,-0.01642260430382339,1.5782949738919385,-0.4637837769207127,0.8501071852234007,1.6753562507131858,0.8060582459334684,1
-1.0770352871751303,0.29079436463526703,0.995882044529994,0.9536671789642982,-0.7022476884016879,-0.3326569959302266,0.27357613086879085,0.07867829853058239,0.36203979657345536,0.33363254934651004,-0.9612550463779832,1.5964123152893686,0.6687095426131267,-0.4235848498119455,0
-0.47953309698720764,-1.3842256605021959,-0.10134450101596955,0.5301994280263276,0.8007362844082851,0.7473558403392008,0.12157140911027989,-1.7668921796395105,-0.8679900363694324,-0.9598072270491766,1.228231344981163,0.6158825621646439,0.08942526697674485,-1.128874286729526,1
-1.737698955295721,1.5889108744215639,2.4649090209781614,-0.3337979322539421,-0.7528292531646581,-1.2118591423728,0.3383318764851656,-0.7352738832827278,-0.6625640507720619,-0.4060996014142697,-1.1175308624074949,1.093951062394914,1.097078220514304,0.7331969749850225,0
2.3010510774416173,-1.1416052396062355,1.6425313569522995,-0.24160438688525807,-0.9189840424147805,0.2448884837118135,0.5382108195812827,-0.08810165847377487,-1.0511337258720137,-1.2089008931234329,2.182867065454383,0.24042049226366044,-1.1953453708516906,-0.3015484506008441,1
0.11816791725542886,0.4416989604987086,-0.7150492111350715,1.139335951625528,-0.2748210007945154,-0.9271638730172247,0.07821816480944974,-1.4727206093037801,1.8553469266511584,0.6880223481270344,1.2970276441067363,-0.9173713129330698,0.98276352730231,-0.19236982001079983,0
0.19760680198617042,1.3804207217537805,-0.01707338870794615,0.7370871559105918,2.167424981769294,-0.06261114062211395,0.8265595705959345,-0.28767832114284453,-0.8493526964848221,-0.5287233813195332,1.7943799566901797,0.315459521715571,-0.7832145522801474,-0.1779059114175344,1
0.44759575305101035,0.9382725760177807,-0.3909965628825843,-0.4113396248805071,0.6273030791443351,-0.3502631297659611,0.8168322117741443,-0.5532659654102706,1.7032089161455979,-0.7089965330044284,-1.00669877808492,0.28273313734734606,-0.3821246948174375,1.063119821685885,1
0.32838445098964386,-0.5382939977749972,1.0215767369353004,-1.8028776446874644,0.4713007757883936,-1.087157012597413,0.6734889849978694,1.6678787114391869,-0.8365227537970084,0.5413043994618107,-0.4466270658845284,0.5490283499587009,0.2929349677531017,0.33936979107094184,1
0.840114786940647,0.33676243889015756,0.433827382444155,-0.04984896222196922,-0.37336712162703034,0.2278503720558998,0.717870196398655,-0.5020931648452853,0.7118041678504969,0.5115371440795536,0.29611476888813226,-0.15453220948656424,-0.10350418516597103,-0.07507729463109479,1
0.4106537275716588,-0.35772145219179813,0.7493409564379591,-0.3615790937049918,-0.4124054978365765,1.8378192517165213,-0.47017381860296137,-2.116164353686103,-1.2588566319545482,0.04353874632696195,-0.6478664406375102,1.3101379674197888,-0.26959205697736127,-0.994408707365346,1
0.10350422053147333,1.2199911548469922,-0.730505494557639,0.7452628989314621,1.5895860032429396,-0.08476200892239062,0.2583547042354944,0.07104380025438455,0.7726234987518736,0.8888486098004766,0.48785087757677403,-1.1566914272348185,0.2251570125659281,-1.0793667239380444,1
-0.3757579936893926,1.1112328493098265,1.6107733700983407,0.12625171011809572,0.42887053454978746,0.6820372892109832,-0.18349406997672488,-0.9990492592735003,-1.583584065301323,1.1945404283514383,-0.7988358016989014,0.5075497017410748,0.49852041876002756,0.7381430077313371,1
-0.4783962265138423,0.13783322701563536,-1.0662391994786329,-0.9850142636200391,0.06966790195628782,-0.9362441567638228,0.05559193349681168,-0.714157671992983,0.9113313345927307,0.21693787574951437,-0.16583464968078845,-0.7536476801010354,1.6261571861923247,0.5743719377914589,0
-1.6884151238678973,-1.0372799020440704,-0.5774946539411399,-0.709083776323567,0.17038351050358422,-0.6084704845268556,0.6262607992143621,0.3791761082104058,-0.6883142857772524,0.24600796250067636,-1.057992026063934,0.9916061325077852,-1.0650343695130797,0.4876441158221954,0
-0.6038079639665905,0.08938693876077516,-0.17578083976565984,1.0218553190176634,-1.1192857540252676,-1.6730957720348112,-0.24766134791756292,-1.4994217389806714,-0.5657583950604944,-1.1333414276046943,-0.20604784119685862,-0.8177818822185567,-0.3840735380625814,-0.17031755560023737,0
0.7869747155713743,-1.6124873344075907,-0.17250589349545248,0.1017524960236115,-0.763654657935655,-0.3256666794232859,-2.233250121904636,1.1326514805248058,1.24485158044966,0.4029489692774282,0.4102113384042229,-0.15716511898195493,-0.032913032348475695,-0.8504326186162371,0
0.38436252434681134,-1.3484638573974417,-1.3369230690507188,0.8126161044623996,0.43372535934702094,1.496932976650286,0.4349777100107852,0.2824010866070854,-0.3384729041827615,0.10514538904988373,1.4526762846696741,-1.7473532348198773,-0.09743046757952208,1.2736971005937783,0
-0.4336651764818876,-0.21754662777257405,0.8476670850705462,1.364667002992283,0.5279368027343595,0.42973877175372677,-0.18756079253872115,0.5065386226841901,-0.6312156038287423,-1.325698759198571,-0.23879454552479146,0.2804821309122776,0.27726009906834326,0.1583113201348067,0
-0.9054955186487667,-0.035684317261980666,0.4682833330372141,-0.2630042834268258,1.5696550705159797,0.028828224286911917,-2.282462381149181,0.9624228606041523,-1.8774016946193937,-0.5020408810797188,0.8780639471380188,0.9280245156632222,-0.9192573446381327,-1.056488256875166,0
-0.17642333483104655,-1.5431508528069566,-0.8269284565712247,0.6482133572366795,1.2156355731351511,0.663131983582354,-2.3154048405386463,-0.1158189218360593,-2.246977859588799,0.690578679233377,2.097652073896882,-0.6503739137983636,-0.33317540327741485,0.7755388083242224,0
-0.6464763250809353,-1.53194066122004,1.4319144567070459,-1.113097489157908,0.904572604259789,-1.4075409358236468,-0.37270616924618805,-0.6906343836594231,-2.499451720636806,-0.10879850042708636,-0.18700870950992693,1.4554055805495618,-1.1532990741190872,1.1775668683861347,1
0.24709243240895623,0.4527266041017023,0.49206448696912625,0.9713769380260372,-0.2471431168451688,0.553620588271369,0.49607881235430634,1.038556092835169,1.5458145142252584,-0.7462902263488025,1.193336128880189,-0.6453209935101125,-0.17575727278913283,-1.5430697460333607,0
1.8300443114933254,-2.383051753137513,-0.3451993622441731,-0.0419284686356907,-1.2639299229032377,0.4378699622934652,-0.0078098242819475035,0.5435234294413659,0.26344657249866565,0.42179329818170613,-0.7436121052105481,-1.2603246973601818,-2.709475432153733,0.5530520196204778,0
-1.9542904609193588,0.5487996215975869,0.3354613607454336,-0.6708977435748518,0.8321700930853821,0.6668090536640373,-0.7132906818848606,-0.8798757667769098,0.33929209310850816,1.3937634100667062,0.0007935662598527192,0.857222766797872,1.1910932802636707,0.5554701223875016,1
-1.0858866622695607,-0.8847796523499549,1.1558667201132096,-0.6556132048816677,1.3315168020630244,-0.31127143391281425,-0.1025936230166304,0.07329515452844163,-1.2970279755070506,0.5663749231307285,0.45044169904455306,0.5396811475521637,-0.39010332144213,0.6472509575061148,1
-0.47936220874414615,1.1397564733715022,0.2301840417824734,-0.3046008363703486,-1.140488098652605,2.287755414758857,1.32854887636623,0.4168509509711978,1.2208047634845538,-0.22330287904772408,1.0824222824875274,-0.37511457882797616,-0.0892256831926137,-0.205601142998418,0
1.2371309464195486,1.778105267887184,-0.5770589200467431,1.1366954931718924,0.12248977659035257,-0.736336381781402,1.5989258343329293,0.0990511722011144,-0.06105661693033656,0.2554729874118122,0.020237397745651354,-0.5020660691766847,-1.8599954910541048,-1.381634643050485,0
0.9194312752405269,0.36210273370249435,-0.27147496874690513,-0.6637366280887541,0.49116662766339725,-0.08199098436928585,-0.5814908814710631,0.3457954899272444,1.0357449883926333,-0.10237275859148326,0.3056379565042044,-0.76246985833228,-0.5064105168232937,-1.9372202153369078,1
1.1754974830443747,1.835296750182717,0.13416481863008087,-2.132416077417264,0.518448729551798,0.1761190228749392,-0.11570365360809552,1.5343905327365592,0.1939978675569273,0.6881631173625207,-0.7345190832444,-0.0630382295792381,-0.36242216577144043,-2.1603763870487604,0
1.0603572986175103,-0.11153400136356562,-1.682854359265154,-0.5713542240657661,0.46447619474252677,-1.2942455772595176,-0.5866228004814428,-0.5551955928029725,0.6454716644564268,1.2281138019337046,-0.3406836427684003,0.47242868799991694,-0.5931962460607488,1.8695940106528441,0
-0.48326563494439817,-0.9353862588467347,-0.029405798843849036,-0.09285352379256266,-1.266315558062744,-0.15612931997034102,-1.6237963466050553,-0.2505137400060303,1.1091517234008306,-0.02238576689644797,-0.975681656646557,-0.6833228158756577,-0.33739840968665535,0.05412826410401898,0
0.05074633037055711,-1.9410027473301712,0.8797578367358143,-1.0010705875912902,1.2320369135607279,0.101576594893023,1.136840198151905,0.1753302118393879,0.2229074830135926,-0.47566389882707966,0.7317685223142684,0.13256675249526706,-0.2480210988643448,-1.2685801714037077,1
0.9930200093636202,-0.16766407921630608,0.24032096238997738,0.2568325628501952,0.29283237892406994,-0.8586025266221319,-0.36956469607971687,-0.24125627118408868,-0.6313735068073846,-0.4733363718224207,1.2008323562243772,0.46234960000904757,-1.0825106504979685,-0.8681934297216053,0
0.03713931875166985,-0.4240779817247309,-0.6901301077274031,-0.19484802820368913,-2.3491454742985245,0.5476571198689968,-2.0900417013125367,0.9553139327082304,0.3718692362986231,0.31561663029739334,1.4430068206432543,-1.1776325313880693,-2.435737666457084,-1.9986406095177154,0
0.3658739093790446,0.23744348747382935,0.26720019819208485,-0.5367235674780417,0.376223284434,-0.556581227854224,-0.7044063083545089,0.5073371825441197,-0.22604680127301377,0.3077986762035245,1.0320244695441463,-0.8679921740090905,-0.41098610399061924,-0.5850298747175023,0
0.48580707894671604,-0.19992966041744722,-0.25721264150974094,-1.9692120910202298,-0.13016925844671745,-0.24853198635086723,-1.1324438657355202,0.6717529539182425,-1.8254695371777714,0.0945771090234403,0.09306709838100252,-0.07979253536434146,-0.6672384126065463,0.620255029351707,1
0.7490779403860565,0.709812908294145,-1.38934789214903,1.0482984480448463,0.5594334519988291,-0.7825499503383155,-1.567019000423414,-0.4390129103645608,-0.257226921928007,0.6101272268395602,-1.5535695006071846,0.4448632059764728,1.6462061074143441,0.17860860073134727,1
-1.0392467883226326,-0.47882146234380824,-0.8948061120296666,-0.9884241237044945,-0.7504024438027185,0.4833067789952164,-0.8615267606093965,-0.034308287890325896,-0.3552898155078349,0.2678924343130097,-0.48614754852595726,-1.9247524057790943,-1.7534356413707153,0.37078753937257003,0
0.8734714797816502,-1.3560642657640785,-0.5351320865529057,0.7748819865707688,0.3369757737117935,-2.002354352799195,-1.015773606507243,-0.2778080999421104,0.9529536312581529,-0.6649898440420432,1.3887011009730594,-0.24236090190885176,0.5773964366843836,-0.5992089121402338,0
0.9503417278823787,1.319922694235085,0.08871102808613246,-0.5152782892412144,0.5054929282710644,-0.9673791574618311,1.2375293715544162,0.27069694631156693,0.48944517251396125,0.3920709018763442,-0.0035333175700795246,0.5661910254059329,-0.34875520330287246,0.4814369684440797,1
-0.3439186785854633,-0.5081448229141278,0.7115768727190428,1.0070772225460993,-0.7231673974146905,0.5157917186109113,-0.7716306014735365,-2.467160412263482,-0.8475503817322746,0.9236647613470916,1.9146989805862724,-1.9223232004962612,-0.24831018061404325,0.47684586260353673,0
-0.8417265346543867,-0.11404253344972795,0.5694284545764584,0.9589886004997923,0.25592480588675487,0.6730574442323312,0.5129074399709098,0.8309065782866644,-0.1688606036309461,-1.3492026606824994,-0.29192343174414137,2.1811995408449127,1.1987118312493834,-0.5691413501456662,0
1.3410691494918023,-0.7841449239584951,0.9373783333606048,-1.0907716107341625,0.09052786285186938,-0.3130444725617083,0.6277030008019672,-1.3938689402275963,-0.44330296458106994,1.605404873993451,0.5606457322563956,1.2370369012241897,0.8546504726585671,-2.5583417637152945,1
0.6202564435777586,-0.03321585279370368,0.8643498923394556,0.010271529337452475,0.35787790865801333,-0.1504832143532596,0.6946587168554639,0.5568881250308026,0.5711994897416158,-0.9826630884703775,0.6794806247900045,-0.9803361797120607,-0.011450788820763759,-0.16070504424217938,1
0.3755166333975573,0.7641563653037772,0.17828444692389162,-0.5918543308476275,-1.004187385231325,1.0139297341326168,1.0684230657316156,0.9957432510569914,0.8038914485908876,1.698786564237632,1.4369507873403347,-0.3466192907406951,-0.08480108097100107,-0.30820507613944026,0
0.5037493517447419,0.8421366007903555,0.03783689308510697,-0.7192970812250727,0.1267238906859607,0.23569047754739259,0.26467572773667014,-0.5252358287375988,2.0742683586124655,0.6158522385378487,-0.5174233628192916,-0.6355257811199541,-0.3098224126751456,0.1883233026716358,1
2.9594992069462633,-1.187181924516669,1.372825833822941,-0.9078145943165953,-1.1163607172647316,1.7503963726788097,-0.5019498114588015,-0.21651124905213676,0.7777732218512801,1.2453698144935905,0.20252403683646555,0.2886554890750386,-0.05805274198195779,0.5205721770324604,1
0.27656835509174726,0.7764733929689944,-0.3687043630761714,-0.9517349986692467,0.21315249133692754,-0.05631219467289289,0.15096194160241708,0.07301590919005993,-0.1877645315195918,0.030887214280962944,-0.5879040272658065,0.5728028055597068,-0.5598455765556903,-0.0507462354290522,1
-1.5033212532618438,1.4913925967707393,2.29976415284545,-0.33517448125387334,-0.9292723080009124,-0.09080553727427874,1.0635434500772014,-1.3504922108488036,2.066963889885764,-0.11415958820219946,1.1306100209846885,0.1711668571626298,1.17401484593834,-0.11814734828545188,0
1.2300857617046448,-1.7414236035572601,-0.5162160019930265,-0.3000844769598563,-0.21550107769918528,-3.192567765882327,-0.6383306296260242,-0.24756472812443406,1.0935268465099808,1.0574759020213471,-0.47655723471238226,-0.5620562586463469,0.07275747458575142,0.9666764424099228,0
0.4543835981948002,-0.09114693711923699,1.357886531469574,1.586957265469674,-1.5009689720210058,1.02851917433498,-0.2274870463276668,0.49954910183255863,0.4401790155483939,-0.5811901296318899,-1.7805752803985193,0.5786928392801172,0.3090962772539287,1.400299092256705,1
-0.48759767634312623,-0.7528924514772518,0.39013287489536846,1.10925340874577,-0.8777293727914626,1.0449080504500705,2.157611880800548,0.7421501727604028,1.2748616795443852,-3.922961051620032,-0.04131912189765346,1.0991294455409988,-0.3834902119119274,-1.0930755322729204,0
0.14665813461316596,0.16365617768761268,-1.5724340080560597,-1.2301766151787104,-1.0086355628677994,-0.5359800751676471,-0.15641229793149738,0.9168272986716152,1.5924200513225875,2.4974678350951933,0.1040162977133937,-0.8760017998237152,0.816021850433799,1.1562980098618796,0
0.09980438418157506,0.39953900954471133,0.06852834749788728,-0.5871722926012404,-1.6328997477099698,-0.12697322827887372,0.3171973470543243,-3.421670245119693,1.438385021963595,0.2651162995690335,1.2286376584595344,-2.233540285769017,0.145346549419559,0.10300406727103147,0
0.21142805444103552,-0.2200892604337561,-1.10555472378677,-0.8037639348197414,-1.2650821007836424,0.05803388797085858,-0.847189426536938,0.9927457549472439,2.4130934780218176,0.8845412233973188,2.939801736284292,0.3076891504281409,0.3132626373808707,-2.213045539857281,1
-1.0537555088595894,0.7058210003407207,-0.8409698942873229,-0.3784907049790813,1.1871416602142444,-0.7338498508456175,1.5141301565602117,-0.14427469136853122,-0.05536644178563636,0.30120889846125193,1.4497127511642864,-1.4899330787923,0.5395080032407503,0.8180280326163505,0
-1.167397807225526,1.3654900800191898,0.7773196788536895,0.11553808963821803,-0.3276361328336917,1.0345877702247346,0.7142572227008749,0.8848765844247103,0.37352088211150664,0.4644502631002241,-0.026125711084062156,1.4230816235498764,1.1004969553121535,0.316502349288249,0
-0.9548100211284972,1.090300201990201,0.6130755248632969,-1.7502511128482905,-0.7886288925185367,1.1532987312855902,-2.1691966612005333,0.7906131306619169,1.8311704639730677,1.6854972198272664,0.23524520372440702,-1.2026492839688736,1.4890298988767525,0.5102877180339875,1
-1.1161425694504064,1.0235731790152887,1.226995750346911,-0.4052144535906019,-1.0572793437588761,1.2193927487460032,-0.3264587185794022,0.49332927761323997,0.03698475535982478,0.9599277445295771,1.333591426552663,0.11160621571133922,1.5380544896781434,0.6759468547921726,0
0.23060173367137493,-0.8793532412399534,-0.7173890026236699,-0.4133437591191157,-0.023269361792961348,-0.6680829040009686,0.06797147727657625,-2.1567444574012047,-0.5285090823928837,0.419885447947143,-0.6341345349942263,-0.8402605332533454,1.2121111947288328,1.4244770731059428,0
-0.5304909398070823,-0.904232578715171,-0.6217529971662462,0.16282770014799777,-1.4232585998199623,-0.43920926022733126,-0.7359665238879418,0.751203227669618,1.7249224939205674,1.722959189500141,0.14360795473993224,-0.6591787585650651,0.6925853604792467,-0.18037850096850444,0
1.5008889813135158,-0.47864637752511974,-0.5657276673669577,0.8639411675157629,-0.654363979347082,0.22580514773512864,-1.0991947149232668,-0.6081480875805967,-0.5729268354712935,0.23136450716963944,2.448946426667726,-2.376921362690545,1.4448857320385127,2.1782639360393405,0
-1.6989196925167305,1.1980395909898471,-0.1875720042232458,-0.17148847192892167,1.1746107762140063,0.004526622267776407,1.009839585406013,-2.5037291542799203,-1.0715775995802839,-1.710207411613433,1.3114305620407873,-1.013178368664391,-0.3177881547880859,-0.157319821230902,0
-1.0409517449345842,1.3057303009070096,1.8347272566026807,0.9924940862609527,-0.6259815938603698,0.9199341741614213,1.5684680192994598,0.9512240328270948,1.8169435950264692,-1.5741640380528188,-0.17582891265715347,1.0044315647396465,0.005194780780023559,-0.8741010664931015,0
0.3089111701108002,0.44554298425851896,1.3144602420785043,0.9044381878547514,1.0445915038503921,-0.8557571819828678,0.874680575787197,-0.613660490544106,-1.4182863562827297,-0.835948715542416,0.8096160656208161,-0.4659688920064216,-1.6887249385540575,-0.9148058645090071,1
-0.8137174729214468,-0.19695097288130786,-0.7112051676089688,-0.7724433252536542,-0.1919725128349537,-0.419881650458156,0.39116637330224757,-0.6344674425126013,0.635795955660025,-0.3542674579488162,0.36599869823920816,-0.0303661046545367,1.1489470225835037,-0.9680713867771635,0
-1.6208930299843227,0.4381719121735394,-0.7452345131150464,-0.6549951129364473,-0.7288946707795048,0.540859559712061,0.019818766448114103,-1.5294947762672753,-0.08180262768004867,-0.565094916191748,0.08404753386489448,-0.4198054875414063,-0.06819917234831221,-0.26261097814598144,0
1.0130424436743695,0.8516033428635973,-0.35189057754317005,-0.38740261970293716,2.7879034321591014,0.9777378146091288,0.0029786972833456,1.4001912510542263,0.5906315567039944,-1.2216689891509542,-1.1906344045206136,0.4756860788663376,0.36135034368479196,0.38729826732064804,0
0.8855903731914742,-0.22343790839917535,-1.7214412241909376,0.8698319926463651,-0.09065493844195058,0.2628969988406616,-1.5199176133333354,-0.2074349236109467,1.2625554791746498,-0.286306172076037,1.6645151840947625,-1.6278736884650937,-0.3608209826934071,-0.3426913280647236,0
-0.684008082706853,-0.7699019941261828,-0.14135820528376788,-0.6112542847866302,1.003491692858935,-1.9922220979211376,-1.0082436711108325,2.102200359791956,-1.3573733378970707,-0.0465545696882165,-2.227666586042454,-0.5603131688125107,1.096574455065459,-0.8756307999132743,1
-1.507225901490952,0.1195105821107713,1.4441019270642097,0.31527511649872036,0.04536650164296635,-0.8631985429441429,-0.7944749436694347,-1.030637206884254,0.12612617625069875,-2.7947085696491447,-0.2590192192808755,-1.423222050343669,-0.19628110464700424,-1.4832467189979994,1
0.0919046915398559,0.829448054161661,0.34577674219815,-1.0619184363119176,0.8533955929412487,-0.06233056516125261,1.4142382550786918,-1.543834074724325,1.0364644761628299,0.048954239577987405,-1.650170484100267,-0.9033744127592829,-0.28349100088326507,1.1064955656949216,0
-0.8600055253323924,-0.6311139912699675,-2.0343791805963143,-0.6398557931433199,2.0656516022161555,-0.34741531729158365,-0.6012777947450417,0.8338332149194058,-0.706129712345534,0.014728940100784573,1.1045376238632123,-0.035983787485129745,-0.48463325247158884,0.14386085373923116,0
0.7677954519060507,-0.048211758002632936,-1.941219810102534,-1.4030675056529522,-1.6012606617737104,-0.6133761817970728,-1.7246093856513565,0.9680966252602456,-0.1773528571694537,0.015298432371717827,-1.0335618031607794,-0.7172267803020221,0.9707508474848793,-0.4340808619653066,1
0.05633535336936167,1.1660598057974323,-1.127128540929446,0.18088418028833259,0.961520221070293,-0.641674291562728,1.1431578131872462,-0.5093288043460422,0.44185004993740146,-0.20402213506354752,-1.1542350685948424,-1.057263658307167,-0.2674024394379618,-0.06713684975432516,0
0.2952971389786234,-0.024991856362020063,-1.3986739308895193,-0.7617327927827219,1.4956098465830314,-0.690381648772765,-0.09901837211161725,0.672798784711564,0.45489658385089626,-0.4442831391853618,-0.8029434202233751,0.5575830034066674,1.1581763667303793,1.010385949235984,0
-0.6660785406629497,0.7402511726103113,1.08472849630738,-0.9942056482420503,-0.25072735374572497,0.30567315374132425,1.4626299816378017,-0.20183853776869268,-0.1490855204625223,-1.051183117265576,-0.9354088652356105,1.755888863493777,0.3302624016307499,-0.24478914752873693,0
-1.0765224546768293,-0.020724073336642026,1.437637874055322,1.464530977915272,-0.7447260183078115,0.05555972703710259,0.8114486613551434,0.49661943910638295,1.930889078562073,-0.16501837088988172,0.8644759577227429,0.4504968871429495,0.62466237998947,-0.05782362536526748,0
1.33363727964031,0.2496110752892307,0.31772783661882986,-1.9081554210026486,-0.6459801028476184,-0.0006003060590056671,1.1494905726377478,0.3431108900033892,0.4847680147797191,0.5699185624198748,-0.2155965217152333,0.20052154349002013,-1.1456599171294348,-1.633497735047435,0
0.6392684103027647,2.4649501721865392,1.4720820279143032,-0.00226814301030294,-0.9733516939171255,0.6862711420246503,0.8301272020401315,-0.33471801793221645,-0.162698455513499,0.4986524109684951,-0.7063258187336168,-0.08137895758459732,-0.40834312352994395,-0.2829466834057777,0
1.153773083747412,0.46493026908177726,-0.2692080430484721,0.6123107742430552,0.18846831517436394,-1.6228669872042067,0.7437335044271606,0.3555244082942013,-0.6995557113921385,-0.4037557382756579,-1.5134296891043455,-0.1303016229847767,1.1266579375437902,0.752329830718922,1
0.8266526057504827,1.6182641755579392,-0.816255036682169,0.16969826625508927,-0.24448811985532576,-0.6742784835029734,-0.6496367965220247,-0.2516779919639856,0.7035538680215714,0.416127788828681,-0.8669411006349675,0.8715525486382215,0.23122506218000308,0.7456945538537283,1
-0.681921634419625,0.07567277091241162,-0.6384803188027243,-0.30882973716501094,-1.0283418259914645,-0.1487438662345783,0.39961837511032483,-0.3133213207264712,0.6779954838978967,0.9643089210470032,0.5352902079550189,-0.45190280365580565,0.19845202355684538,-0.7313676140640807,0
0.5242888596707403,-0.43592084636574485,0.507392341205149,-0.10212101424228665,-1.5624007988272912,0.3020429583955133,0.027305219065914172,-1.302408531842352,0.56656436800662,-1.179000746393337,0.4775886710000157,-0.960235637589182,-0.4543024671932774,0.36674444156357777,0
-1.666604257432228,-0.3128264438683735,-0.31825603945707365,2.026312445955261,-0.5091057449025146,1.0316233312516574,0.21745633060701347,0.4232228773654747,0.6594137682392234,-1.3930324311396538,-0.37664544427610563,1.6485875917196762,1.1028184856837902,-0.5485834733549375,0
0.3405747666082566,-1.4232812607512932,-1.712277234566674,-2.74520611908969,-1.314511825470012,1.700127924420516,-2.0211548044369407,0.9432693742738212,-1.0507920927369807,0.9007681483037125,0.6829006648713154,-0.5488772819170922,-1.0694953436646955,1.127147551461529,1
0.057562698651753244,0.08710737378067555,0.3927165902049209,0.23272986061925025,-1.2448838729463654,0.6630658513527804,-0.199239103014508,-2.712150989761907,0.7752268394371405,0.012052685456018054,1.4279588430943562,-2.5910699377932884,-0.9255247617159139,-0.25680514213767214,0
-0.35643128251698264,1.5605036885296666,-0.19342063640001353,0.015271990796262711,1.9691373452029053,-0.7219821982366467,-0.9785872399164889,0.5487970232858791,1.4723338124277865,0.030983663976946418,-0.7359730052658506,-1.0479184664328678,-0.0038683299532187563,-1.7334875840929627,1
-0.34650513584759624,0.13144076763351148,-0.034882426001858396,-0.7088290905730875,-0.48174779291853764,0.9098108705561297,0.44871488396997955,0.0507965193556142,-1.3366838067758575,-0.13930421191045267,-0.5751385770581099,0.8967609437721835,0.0334445382592045,0.9340320337159748,1
-1.7878120322762119,-1.8499117730124697,-0.6615291644834009,0.8948809734000014,-1.5090882739223452,-0.17648257522117103,0.638766787417686,-0.5587951343874245,0.6862270772537443,-0.4786261066209851,-0.30812551503266933,0.788923228326745,-0.6271522602004639,-0.9372738711769413,0
-0.8998342057153117,0.27302600393821824,0.22615663403974215,0.7730129436035242,1.2564371160979941,0.7776481980368726,0.7110934149120184,-1.4036556232582207,-0.44260911354244054,0.47679502399251633,-0.9701538729676347,0.7995203220818375,0.8058328811695108,1.8189929982725193,1
0.44718476466801155,-2.0135090911083617,-0.9322650677033744,-1.1887591269661753,-0.15895858385707462,0.8491690094817226,0.21018650638761202,0.5851434970689171,-0.550782623422925,0.5112889222096614,-0.4528359342588969,0.967132115914603,-0.27144380590644335,0.0020702440807092585,1
-1.3630444482457644,-1.5985111715775495,1.1387677598273516,2.3437696907055305,-0.08908074149599034,-0.10537995453970839,0.8996909061379182,2.5353449713458343,-0.2565474109636356,-0.061141899162479155,0.5802901200808791,3.3118979849672074,1.1156071770250358,-1.0392309750821698,0
-0.8505698637052679,-0.22040953463147356,1.8379891186248694,1.6080593129159928,-2.052024282308962,-0.6728623558897989,1.6222505699001655,-1.1683920105745054,0.7795401985816945,-1.2092578512287755,-0.5624928789736265,0.5964082023652875,-0.32725692961172326,0.5083979587281073,0
1.2995115552474195,-1.4093250902728283,1.08129578819391,0.15789397625796833,0.12201755531441211,0.5335331435592159,-0.9927753570414696,0.624198553160353,0.5196041514134702,-0.23419009287047907,-0.3754093958416899,-0.04352719183908829,-0.9734804921305595,0.7176019936481542,1
-0.748479312022194,0.6767999566484602,1.6537315816842377,0.6612102248726033,0.5589281394290332,0.3085876291743272,-0.3956550814073246,0.5620633441625446,0.4860523014443248,-0.2983835242328303,0.048404808013055585,1.373811773984163,1.6587648828494796,-0.0851878420446924,0
-0.9862305272525129,-0.2214812881400406,-1.1013510335348835,0.00988669360697712,1.8938050074259563,-0.7576716183300864,-1.3765414089226242,0.48746013601427934,-1.9885683445671296,-0.286211194735158,0.7842874740526932,0.6384113106218842,0.13546477821313055,-0.3447951726766305,0
0.5467864328385953,-2.5512113146022806,0.993786051339245,0.5193204243752515,-1.8440745906561467,1.3178666308740075,0.02117118938216502,-0.43028258680073034,1.0025878280905502,-1.6048178051058446,-0.7048288792825282,-0.073329617094189,-0.6396124561090564,-0.5960087378401212,1
-1.8394820399043883,-0.5568165242010022,-0.362139368950807,0.39648982041365866,-0.3961774519004535,0.7073013275105414,-0.027940485812639554,-0.17299899294468815,-1.116385658869211,0.5762895866070746,-0.727327185568709,1.463950845840893,1.0945651865576518,1.8980301805927107,1
0.6659898179529515,0.8404976776477984,0.5001338232569751,-0.07130821862121671,0.9556765082151231,-0.726865403313272,0.8925806021261204,1.3219687902586847,-0.748354954211519,1.2263010089799862,-0.9654123427713396,-0.1523800759328063,0.6666635406618785,-0.22364652373022517,1
-1.1956103746841447,0.1344083494260751,1.005920363582662,0.5585963286905865,-0.37922431877106955,-0.10398331132481803,0.8521379186611122,-0.6303313639352711,0.004441699337856116,-0.4672636231400878,-0.695713496572255,0.05609960765654963,-1.0214940013175988,-0.14869459890172515,0
0.5314943337097274,1.0338290103996837,1.0542288979660812,1.577237757815703,0.7947468859892781,1.3098426349577907,1.8128283374788434,1.235262890717697,0.35300118027343685,-1.1694705405975465,2.52877395347773,-1.4820504262535088,-0.36095548236711467,-0.23391722537470702,1
0.9163367323617446,-0.9510905536915185,0.5349262438543073,-0.22450377085586554,-0.12175928182011922,2.646561780630269,-0.3365792138125031,-1.1042486716454596,0.7065041936314489,-0.7919226744127121,0.014501511501300718,0.7837042409621643,-0.29111902269629,-0.4345241190773724,1
-0.36659957077118854,-2.0230139767124236,-0.5648947811139248,-0.48151028633215187,-0.04545289304379256,-0.8310778986690137,-0.621173109204032,0.7760621717737761,1.5302708552878854,0.7380727695039958,1.1915319686656167,-0.6026013779524845,-0.023670083059382008,-1.016116095004022,0
-0.9593194845686496,0.6500930480548562,0.8933109705968473,-0.4125437575950532,-1.030535817637028,-0.36426130133982726,1.4800826465409784,-0.44054815807644027,-0.44678349179580457,-0.2273168991134055,-0.730689086591023,0.4290741794930694,-1.5305148950521432,-1.3634517819516496,0
-1.3074858437255004,-2.272799667977973,0.0609954155748914,-1.3330903009684887,0.7875813974369391,0.9697448593593453,-0.4607343907076178,-0.06949307218452308,-0.5220407776222237,1.3708128557514898,0.5740536344209194,1.3005408077816587,-0.04689793906947402,0.8860210495588968,1
0.18265029094994914,0.20100073143579777,-0.1024913034828554,0.9188402600964737,-0.437673913346982,0.6982495598879187,-1.0473231906083855,-0.5482212753135439,-1.2408934290544833,0.23796469237142664,-0.9574827913830736,1.4842884407592136,-2.717317291648692,-0.011547030149333294,1
0.4658442253641287,0.08255820839465591,-0.20071231434860368,-1.828752256680735,1.1907875144649633,0.35488052149954635,-0.25940177456714447,-0.23165184113852655,1.0410592899898066,0.14337816630258632,-1.4862908912222874,-1.1594167636916006,1.1345094736944046,0.18622515558380504,0
2.2327315964521683,0.2160541056510425,2.042601384483578,0.3199438670037228,-0.22400229722454487,0.7939252781075293,1.1565987806271032,-0.6675830548001958,-0.9660207355846961,-0.48844353571280386,0.8736820820196032,-0.6344458964882412,0.817725309393023,-2.797766496547988,1
0.275942437920844,1.4433405911325863,1.2890768569759958,1.494937642544423,1.5022793731832758,-1.4847870713888909,0.7068728731102814,-0.559724195705182,-1.1110758190570602,-0.9768678988134094,-0.12320280695134776,-1.284090357704778,-1.092998735391951,0.8052834399808189,1
-0.4439413323157977,-0.18445998562167415,-0.25269755945359224,-0.46348414027476237,0.10285877888415679,-0.07734503332417848,-0.022481759175425865,1.8121275184915886,-0.9798197788923364,0.728448050818677,-0.9820780963039167,-0.17094895049403439,0.3931634471335092,-1.3437948475084924,1
-1.004224525702944,-0.598394381914686,-1.004278977939126,-0.2242935411576381,0.724615720151464,0.22901519808917054,0.07281033776781662,-0.35679899430573797,-1.1281696463993904,-0.5822646699568973,-0.07446913158473263,0.08079902166192299,-0.6595780866215626,-0.5407684639267146,0
0.005552488060585871,0.5084171290165479,1.1371122943793455,1.6931060633244872,-1.0171592051439406,0.23772268523081636,0.28822425624415937,0.2205319367420877,-0.74955706846167,-0.041529675550069145,-1.5334736047187072,0.5870815517329957,-0.03730112781685207,1.6851195141275515,1
0.32050275085968916,0.5896908765937241,0.32579486229094107,-1.7712193442697084,0.7514008117848787,0.9025785645596284,-0.40907401792637466,-0.7926825319151862,-0.00366182798218948,-0.023497284549968897,1.003413527605431,2.0739053464731976,-1.2491004322432893,0.7803538338645801,1
0.04511914383326147,-0.2651684485939796,-0.011583986222116753,0.19961805353448187,-1.5222293705640324,0.9472646473599946,-1.0924121751355016,-0.9459412593603811,-1.9166170543020815,-0.12490088514228838,-0.367605965985298,0.603677084231052,-1.2473328351355624,-0.6322057737923391,1
0.21271704273633382,-1.5334566328376817,0.3423758991197739,-0.25194304862911915,-1.3125090240410875,0.5548703279927047,-1.2141153395375415,-0.6988590718608324,-1.1119409002014276,-0.08304473555423048,0.41514517991991073,-0.9904425048614641,-1.9049770327343751,0.4706384993490525,0
-0.12031207586971251,0.8271267935518419,-0.5913999228854885,0.36051338172520503,-0.89248672985579,1.5104063633595906,-0.6296751463288179,0.05920021702425026,-0.2374070340690628,-1.0335355793523795,-1.3518307702189887,2.214106176108618,-0.48797546498256394,0.7025029447884991,1
-0.9055416271497548,0.39337090773993116,-1.8255417570736414,-0.9253951926542799,2.760322632432194,-0.3837894008856474,-2.1348285503939466,0.17582413660758234,0.001023691355156423,-0.6274814068379201,1.4521946270447628,0.2245549933604254,0.644596565072722,-0.6844156387365524,0
-0.3397529229284459,-0.2138066563409966,-0.18073116656390587,-0.33433509256897265,1.3912490201425851,0.2742573680246519,-0.2617188882714445,0.4344178883922065,1.0093809271635066,0.07521275542927361,0.40756075683661186,0.6178097728252939,-0.08794814632643762,-0.06314784104294327,1
-2.184710247073377,-0.026081774754493033,2.5582673354684284,1.8533419625292185,1.680234995886744,0.4050153831358635,0.9203870238713983,-0.8401565683387967,-1.439107088452233,1.7497932041026363,-0.6934049653084826,1.8123969903970139,1.0726096765297728,-0.051379548893537144,1
-0.9017023507807319,0.028310619428685367,0.22501847416794032,0.3579019056965448,0.325726811948293,-0.48783979652652365,0.22538025201632772,0.2713653589147672,-0.9045386969900723,0.10665327422698462,-0.5380974602129199,-0.10746076763076914,-0.46618645688626975,0.7139245652991729,0
-0.2881059178343209,0.14659689949337354,0.22210394954415785,-0.5783323870881485,-0.06616834937550542,0.512295320619023,-0.8619636605122984,0.876239567285541,-0.45319286775971623,0.6216678541217392,-0.22678005315597738,0.405852781415892,-0.23490285281819479,-0.1933435948181273,1
0.7280370839430883,0.9066911319873547,-1.1040626215694858,0.6013898632108093,-0.017797056797204846,-0.9372708700967812,-0.39847831214674245,-0.5394429866182024,0.012505074352972859,0.0878228545426873,-0.6396472017627084,0.7492500669562215,0.6075009488201233,1.1289937259751897,1
-0.6378492487301677,1.7210441410081259,0.23776121821998134,1.2211394780412619,0.2959787799832319,0.4446416370120188,1.7755848772297804,-0.5888667180852485,0.8227100364101027,0.6563850971983384,-1.2329012847486023,-2.029524354265368,-0.8750972357889513,-0.5954305458164675,0
0.6974640161812331,-1.9205688027438297,-0.3867173662187057,1.7409732487297096,0.36320339645538774,-0.329803396052032,-1.322597690902734,1.0093902242028512,-1.4754927437649075,-0.15349718968142698,0.6840077495374759,-1.285306953582429,-0.21716954524719428,2.057990257350537,0
1.079681395542433,-0.3915098785285165,-0.09142386714433687,-0.3935658318296376,-1.4949865166991183,1.0113744571233445,0.5731554443192538,-0.15870666096716227,-0.14979722307357518,-0.5827551309739031,1.5309603337514615,-1.2432609071974203,-0.7554252536072019,0.44540713517993336,0
-1.1424834740992973,-1.7978084681322644,-0.7408629558448764,-0.1723839820689474,1.1677604442597003,1.4649745716864888,-0.2044299127060325,0.7196250110461784,-1.4027866960902176,2.1746667505167006,0.15232340697125515,-0.04055786181272684,0.008068284633358997,0.7474919902471994,1
0.042258471472854636,1.6398035055989282,0.3270583919794646,0.033414233585185235,-0.385595060253037,0.4628992168005336,-0.9290248217385464,0.4249790990819691,-1.6663328078092337,-0.1667631530748999,-1.2024016648699547,1.376035614343324,0.5512240388459589,1.4658337450017547,1
-0.2397085059953586,0.4677491119404162,0.19453558446865452,-0.03517373875332844,-1.1975907364822589,1.0207141229074017,1.0929178763120235,0.752160854413651,2.343481591389819,-0.5682996120435361,-0.12253954556497647,-0.9507524388734728,-1.309407312062697,0.1207390850949337,1
-0.9870624768630523,1.293953021115394,0.6547542544917774,2.1792093279999714,-0.20263397110914658,2.5420685992462366,0.6944334348499209,-0.165112573539352,-1.7941732836511621,2.559469387437875,-0.7685671926780906,1.6681147517541437,1.1977596173450828,-0.040914889116575266,1
1.1677854800565606,-1.5915334207056278,1.0310641053115792,0.09932817112491069,-0.18036288727101998,2.4340783436687987,-0.2530446142782555,-1.158179060068264,0.7003199186944074,-0.6964669342968154,0.6226710056689124,0.07252788879536692,1.3531232763760552,-0.3184934818439294,1
0.21254434141080666,0.8941132828653102,-0.11279100742471068,0.5784558580189005,0.9288147562042136,0.29534601573016306,-0.139900652044426,0.6663342583256989,1.1030027821714825,-0.36911817461856755,0.14212521372598333,-1.4098572433082421,-0.6403686246168578,-1.1479617948074525,1
1.1073069590336124,-0.013411255035312172,-0.1350485257281796,0.2339101288148027,-1.0981058950514813,-0.5761737708013032,0.9770511713933979,-3.2006647311032403,-1.3859646939610484,2.120057643369697,1.2289713554231523,-2.653585010122772,-0.10683661805290265,0.328828680052622,0
-0.9200237415302948,0.47714583349879613,1.8103383871454097,0.443003129757864,1.6083077332712623,-0.8122189320767684,-0.5233926541912953,0.3692637102252964,0.14553255286284264,-0.2521960481570326,0.6636123933231842,0.21654026171367952,0.6614683437845771,-0.04706767191381175,1
1.1818028669159626,-1.0468227780260357,-0.2746809836267407,-0.584261836309632,0.09649544488771657,-0.09090901446310401,0.09790756350054872,0.7618874177169173,-1.426940487953536,-0.8238418613297647,0.12191518680708878,1.2442490749470811,-1.0932801108060692,0.17427091339621978,1
0.7813824039412549,-0.17844974170291242,-0.31444933247195145,-0.6953981897783043,0.7566248957904783,-1.3447628410127892,-0.8796667472163122,0.3521845923187978,1.206350398940873,0.537920709148265,-0.8304525112899348,-1.5266028253323196,-2.727030331549974,-0.9735511429296991,1
-0.20427512038932347,-0.6570785253293315,-0.25382576509237603,0.6802794786527522,0.6422524180555835,-1.9224083410223414,-0.8588193116346207,1.1946113176676618,-0.9697379715564336,-0.7742995795641683,-0.7240260192760443,0.11993798283848182,0.33954735434672334,1.3857743995070586,0
0.41778656164763794,0.8291216231104646,-0.900487500417475,-1.0071937096953332,-0.346075679245982,2.1198006441046866,-0.5622615124269236,-0.1718038133932099,-0.3616247967886956,-0.8341031900107199,0.49076060068703187,0.6427660600560163,1.1581129179264373,0.385179816411292,1
-0.05544323726708122,0.40257019835033203,-1.185688119052443,-0.36279715876604185,1.6357297253301422,1.4415191565758219,1.5148415242283662,0.2939667071610972,2.2983141956761606,1.6601289328658666,0.6575022113950453,-0.588782773957026,-0.0735229808083893,-0.4174604438924315,1
-1.1873723786561388,-0.22305196803215005,-0.15461312782619574,-0.1931459630448185,0.2240363582461609,-0.566148874422348,0.18880853365319394,-0.13632812818393877,0.26844750061904277,0.43813666074629765,0.47591192720828224,-1.1147362258070141,-0.12679682196243114,0.18404612999511216,0
-0.2971834836019141,-0.6736853238486258,-1.3037819320125061,0.10463717651607851,-0.1347765625384518,-1.0437283493423675,0.3064291344178097,-0.6064249915310682,1.4446797839346406,1.3578863448968381,-0.0030895047216975093,-1.7581054261255509,0.43888179370409025,0.7435304026225633,0
0.9464400356928581,-1.8636404014562924,0.5789773154149686,-1.1945756991624574,0.35266492037335495,-0.2553223608409894,-0.948970391011046,-0.6254773424077887,-1.497117304549673,0.8706443937591662,0.7948330309115891,0.5952919074453277,-1.5281667464386472,-0.4954030550333404,1
-1.2650789531006847,1.842841576464071,-0.45264061332472405,1.3459345174614215,1.7106634407968617,-1.679148964988029,-0.1897545896805645,-1.3553474713672407,-0.3935349766412854,0.9025438381379379,-0.7708763348149502,-0.7476832403493534,0.1368763687379904,-1.4643510661745962,1
0.6142246820284021,0.03672922578112958,-0.16101873083967927,1.0195199795194299,0.09792970230343387,0.3953001403922264,1.1796032185227505,0.12044666669723332,0.3778844799948174,0.3833472982388507,0.6594375475329706,-1.0358197532050528,-0.552515348868752,0.20249219135802446,1
0.043392941252103835,-0.14161644600287782,-2.161749090795212,0.6319273515420722,0.22816812215748186,-0.003946193081976353,-0.2902043973439892,-2.657102123540383,1.2111789218912377,-0.9873762261217615,0.42071209199234344,1.9702183658909307,1.3891930760281896,2.504202333972188,1
0.5165340683328805,-0.08351191491620069,-0.013090598185202407,-2.2810823979498496,1.8670339922953534,-0.024470073876715914,1.0546155507452084,1.1791579811648667,0.1392012953205869,0.4067050513020645,0.27894913425273854,0.24211162553680265,-0.6092091089612784,-1.0937103553517804,1
0.9853818759803175,-1.9714274303346764,2.0755241372665925,-0.5705049725335083,-0.5976304449218041,-0.36344852958642215,-0.7724278288351072,0.007019533680124517,-1.0842091393333924,-0.5010755701136679,-0.24910342798725793,-0.7531473715074314,0.36549161400100405,0.23169584054750172,1
-0.19391319953385347,-0.30948552817074687,-0.6755764303678469,0.5207020182471669,0.023832215898950623,0.16161266057712673,0.35989734793958644,0.31796653660494545,-0.9959706998467199,0.17015860200793428,-1.0201022980120358,0.3694697354208287,1.6923437215927233,0.5312236742310219,1
0.20423187405778576,0.2513346338867128,0.8386905625883421,-0.9162988772269721,-0.5737262427209783,0.8039890973291818,1.1967933612040043,0.4768140546290546,1.410612611537709,-0.16222417376190112,0.8945371609463848,0.2930717554132156,0.320386269045161,-1.6905379471407496,1
1.0989931780815285,-1.5120192239303272,0.44273426087088374,-1.048691701223612,-0.06689900099659704,1.4121324368321664,-0.5714471660048736,-0.2876302163830309,0.7196668963414452,-0.8648852729705166,1.0642863358247219,0.5345741439597043,0.028230338681577285,-0.38347926568082485,1
-0.14815828630786118,-0.5953318705343451,-0.538397642231186,0.6065875121956636,0.04776637288681268,-0.21792029607342994,-1.3706985651728791,-1.245422971235729,-0.7880144246570694,0.8412633493150072,1.2391462543684075,-1.674773834918384,0.46715940396048294,0.8575244933263437,0
-1.3985219418899055,0.006463485917896232,-0.8291620609548127,-0.4595496615244253,0.6796892712014333,-1.7922855674508336,1.3292099744392845,-1.7603536326639906,-0.6527017701547624,-0.5084344814989047,0.3021767610682314,-1.6855427632237396,0.7420958854746931,0.278597362504421,1
-0.46473984996389134,-0.9958412312361671,-0.8040313791122369,-0.500850308261633,0.2980300738927802,1.4349123201558829,0.40346312885639957,0.15117476199753996,-1.0624677187522618,1.4766863958720242,-1.9289887906018892,-0.16134871485642852,1.6155215740938842,0.2788826152912383,1
-1.6238369981870653,1.6045268537012778,2.4694006505850443,0.05971301444159243,0.15436000278610365,-0.9901056628203666,-1.730624572707727,0.6016365326360009,-0.6231428146542048,0.6235192218115749,-1.7378566470206631,0.8918770954301177,1.4699720838855033,0.20842833015858536,1
-0.20040580709729436,0.8887100719077148,-1.9571906199353404,-0.025981658567979703,-1.2841882266527576,-1.021844053879023,-0.7595027328338655,-0.6513076939730965,1.3249440388310798,-0.24956145666134819,-0.976515179008489,1.4695468333556032,0.5724207104078967,0.6848583615900853,1
-0.08176445273820791,1.5735269016794304,-0.36994409750156315,0.7060241677489206,0.8095729968808956,0.7243886825608812,0.6061987313393333,0.3921132703356374,1.020872695014169,-0.23256497711549617,1.358674445605975,-0.5302667675165674,-0.33243367345613994,-0.49055957699873726,1
-1.4257076406089078,-0.10732803539855927,-0.36292693437478485,-2.791669927651311,-0.512131429979671,-0.3620181229176637,-2.422799252551319,1.2352875596089368,-0.13412641882952017,1.7163537257990777,-0.38451496255662615,-0.6586729466483288,-0.5232142526377326,1.9767157799146726,1
0.054020844520302994,1.3564195453761698,1.0262426971605718,1.1906597984531295,1.0885552903606697,-1.2049181431261244,-0.5648708979107825,1.2768292266588035,0.28049566386773805,2.0812252709604904,-0.25733889559263257,0.526432351452627,0.24864160334230098,-0.2513245704865835,1
1.3102565790250777,1.208068196930819,-1.8805245450497745,2.1498088698242,-0.3790161081936028,-3.3028459356212183,1.327534523959968,-1.2286523083710914,-0.05759627548257075,0.4318673764602512,0.05992320203945661,-0.21848538275056734,1.9130478159227662,-1.499021990097219,0
0.4565545387443301,0.6858548031574832,-1.080861322543539,0.22734404669719532,0.3131327604789934,0.19160809499646642,-0.7296464772229014,-0.24183827069596794,-0.5468515299894025,-1.0596723149528602,1.6308819945561779,-1.7143576520774142,-1.425959674876011,-0.3952247499596399,0
0.049514785943554816,2.6452242439758553,0.06259046412436226,2.738833249213301,0.0908574344454552,-0.0356301714005063,0.5880479627154308,0.17041776462696998,-0.028319443549682043,0.8838428935201851,-0.8344194951977689,-0.633546522052909,-0.16353739455128555,-0.7709090140098037,0
0.29569545121649965,0.45978946605651244,-0.49788087888098337,0.27147373524756846,1.9453302651508595,-0.3305111597092808,0.5598227280143497,0.0676322234884803,-0.11503683668911277,0.6334383069552687,0.30721338927507646,0.11705095071578453,-0.10664251434978768,-0.6620282699801032,1
0.3643995478710225,-0.4956129178640534,-0.408105344644432,-1.435520441041394,0.5659441366229674,0.30062468008929866,0.5056179250187224,1.094820788238196,1.9385048968583949,-1.7782417706946188,0.8362152379479985,-0.2567331415779745,-1.786714599754168,-1.3597745077899355,1
1.1576128397347,-0.3107312977628037,-0.6805290707845096,-2.0809818246264795,-0.39455879772952285,-0.9711174244312344,1.1846077896308793,-0.07248686644781913,1.0966892646097972,1.080947934832846,-1.146561906608621,-1.3213726446599516,0.5063721131519094,-1.6010559649492788,0
-0.8325247920106307,-0.6565854281502004,-0.22145073726930284,-1.0523984367567123,0.35823495843092057,0.8742345671556246,0.27029509819787817,-0.2388497650713556,0.8873449806864395,1.2456698184018078,-0.08028599651154109,0.8971017589864869,0.21200752549902133,0.814057847317472,1
-0.0965095728105817,0.6118540187301126,0.15352738514986752,-0.724559186174284,0.027193275914159022,1.8186386981437235,0.45702075388145613,1.2594189554651933,0.019842395270562526,-1.060536435994144,0.6362542008387906,0.6078888134954491,0.5252629427324854,-0.7642598829617286,0
0.14099329495723759,-2.4721099725003874,0.06450439673141718,1.1637057178147132,-0.8585285081122562,0.6247031310588819,-0.030297149992474817,-0.03164212442607633,-1.4414102315713544,-0.36467028591903417,0.24148067320898378,-0.7223397662561315,-0.844412155019662,1.753502940433695,0
0.4256552354255425,0.33473858101027165,-0.4354158079851692,0.5346189944229108,1.7202594647563563,0.06756418296062175,-1.046517246221537,-0.40529308064294756,-0.40567508818658926,0.9465628593892759,-0.35764078130143123,0.6493292900112135,1.0451849587781246,0.22006098955989614,1
-1.490307653769515,-0.7339549071198722,1.2245886594297213,0.12883673943035243,0.90343170883407,0.770553277974668,-1.6528654580131175,2.1486054180678216,-0.2756937501487217,1.764043544049054,0.29944299599907875,-0.2535542387304417,0.3151505225536702,0.31105716340530687,1
0.12990063846423897,-1.7297059155445205,-0.2947338551631173,0.6812397072190062,-1.3868155159311217,0.6552622999100712,-2.194127321555657,1.2015232636356898,0.9851556556189519,-0.601807907877139,0.14742627541361245,-0.368463537868725,-1.4087526864967332,-1.4200423067530747,0
-0.5836474984721814,1.004362984433869,0.6780859630242976,-0.3876012542331587,1.2029339847143414,-0.715872400442959,0.14894103974844647,-1.2268525594226232,-0.3872490999977361,-1.049323824274638,0.940448811495084,0.6287636520621325,0.37296805047197196,-1.0086295037758979,1
0.1456183905529728,-0.38081106045884444,-0.36037521783235693,0.4418361757915339,-1.705933736879449,1.721407464858602,-0.6967356794260952,-1.2466470294497507,-1.4333266086643148,-0.5929177027924495,-1.4402228433000037,1.0447484659041022,-1.9057180265721454,-0.6743736001071229,1
-0.26743956817152537,0.536618526057473,-0.2621748369308302,-0.44557117679666347,0.25056902695656774,-0.37663662024221506,0.7485941199937739,0.5345034027665597,-1.6300277378235808,-0.3369584718149144,0.313409629158648,0.11821869170978218,-0.9706539014339839,-0.12058979475907648,0
-0.19649353701090166,-0.19543748810323763,-0.3914221244566338,-1.210301371616335,-0.6659552776277678,-1.9507634750072085,-0.44051605512081365,-0.5792413816961353,0.9062559417774687,-0.4736810051625285,-0.4481341521434084,-0.5173163110678743,-0.1545487962932365,1.0030644620087743,0
-1.5406148484147242,-0.12630402584148218,-0.9841066066089552,-0.8392768154625687,-0.10061466435146411,-0.8637922417729857,0.39501656679886815,-1.1953292709584933,-0.5539007635584456,1.6737397619755006,0.11426748377224326,-0.6850227618063038,-0.8671674477001625,0.2135972655255417,0
-1.989014512201331,-2.1181889325567025,-0.7258295903273005,-0.13081716359730292,-0.2875370295402307,0.1776652872482106,0.7845489791268214,0.5504165630219577,0.19264668788433134,-0.6971256121084537,-0.8415481699560856,3.169631558430436,0.736797128586028,-1.2373295958453396,0
1.7207179707073357,-2.0754354063367844,-0.9949857823650927,-0.9060106321366866,-1.966369595615324,-0.48886242029882704,-2.554445122085519,0.752605197886689,0.9453660719653689,1.1582390471614352,-0.08312180200687218,-1.0762832733421608,-2.8272910695586493,-1.073731876259096,0
1.1693506190509924,-0.549966575492575,-0.28382043298284243,0.2277363826182239,-0.9636521005915171,0.11227819979409721,1.5497346287487277,-0.42558952029536296,-0.2818631731728604,-0.6034560539898401,-0.9620669797875405,0.9424581290817471,-1.053633714640211,-0.6272058144775428,0
-0.8549267129177314,3.556447411809729,-0.10826483985201803,-1.4691184289715205,0.4529637850269372,1.672051552814924,0.3084403904877837,-0.7184897343518283,0.4308009238024961,0.8630959117202065,0.6133263913897904,-0.27503059975284194,1.135711349724877,-1.255687294655378,0
-0.5973003637051449,0.046296986060364795,0.8934328809444599,0.07576730397649238,1.8291173005803558,0.7343818114720053,0.5031025398125998,0.20260794579122363,1.9716964470139542,-0.9481006028856848,-0.5988558450733842,-0.37425839235631286,-1.0989838885682817,0.10311653177513054,1
0.9125430189155617,0.46903410527090234,-0.3015428558482616,-0.7999832064319129,-0.7444790164554649,0.2936982186648057,0.05081377774029324,1.1339392924330802,0.7242218306810231,0.8743031587887693,0.822800460774507,0.26202901821952135,1.4255796168542938,-0.5644873403182799,1
0.5679740094981717,1.3149713037358617,-0.05439027852846048,-1.742061035193796,-0.6835541540131544,1.215343952025333,2.029609194364703,1.0285106160235242,1.2580270322955935,-0.1870802037605332,0.5216233190524021,-0.5801782056325562,-1.7123586774376385,-2.33915965530657,0
-1.1384792539103554,0.4491341427688997,-0.4269678507972026,1.3962639750345032,-0.7419005956166599,0.5426137871259648,0.16802615175144767,-0.8629882214494948,0.4018164160921446,-0.9160335083108716,1.1036770059427654,-0.09036717688102015,-0.6561389511716091,-0.7241171141536505,0
-0.565707657540026,2.0766450543545223,1.4345127070924726,-0.1649287929269647,0.04428033441360292,0.08396518402903595,2.0127865353674856,0.6594948196579941,1.0225264858897314,-1.0470247412218459,0.711130974523122,-0.12198835166085394,-0.20572201027704037,-0.9825454760120975,0
1.4978906266411787,1.3593569647488077,-0.584369122936521,1.2274259126816096,-0.40664429801484003,-1.5973267331773966,0.8136354301765099,-1.2656290003051767,0.09289974515407406,-0.4600373546791901,-1.0264957344384469,0.6551216777685598,1.2244272616990657,1.0565494499851542,1
-1.5334829513085315,-2.0776550279033095,0.6565021038947744,0.18692343933714387,1.3052164021095842,0.33920017270297664,1.0369950899833689,-0.5308897558426022,-1.4312997822902318,1.4375647128506195,-1.6095718761252715,1.228068593297566,0.5608110671391704,0.10804683280612223,1
-0.9593962766073247,-0.7134562134406393,1.5340835116900704,0.14810439563050234,0.5953003677448014,-0.8490117929002927,-0.10030765685483342,-0.02959211501479773,0.005017627416018395,0.609851542213567,-0.9876042900966865,0.31514605951454977,0.8629275184340547,-0.0628444916632673,1
-0.7130157472635265,-1.487052945721382,0.7660944289143019,-1.0418558696408589,1.3694785293478986,-1.1028940228993362,-0.5719093508435108,-0.021259590642807122,-0.0895184613685219,0.032717383562504976,-0.34107740253962476,0.5218275447458481,0.5312464801602589,0.7477404731177012,1
-0.5703079899958559,-0.536770714762426,-0.05294108739508488,-1.04711676871926,-1.2343120081452814,1.2163909125598287,-0.8512175961326234,-0.18513588532517605,-0.7587828220189956,-1.382863938779677,0.26717381583707006,1.2350949595918639,-0.9853878496074648,-0.45697019259295674,1
-0.8784600825102978,0.1809197180393166,0.8827694424465811,1.0272255754673314,-1.4312615041007737,0.626020011776266,0.7523725737305459,0.2911289527484202,0.6460936689378913,-1.65704859760297,-0.30295947401805645,0.9479571385803994,0.714661258718602,0.3487361264283038,0
0.2539510052277923,0.22924850524470602,-0.011579050219750588,0.29132480407930567,-0.7430561667086385,0.03144463392712407,-0.911967798405516,-0.4129306066703198,0.7295596759242561,0.8557127552387273,1.046830109654971,-1.0058368449934048,0.9343051534092265,-0.315625713819107,0
-2.6669789830991744,-0.2726691671688543,0.9915550749964098,0.46797316906704867,-1.383141788718389,0.3999512385901021,-0.07744198912877405,0.4637862768812512,-0.6330805209666548,-2.591402531270022,-1.311336465395758,2.1081645864891394,1.6479377909875979,1.1724435262125776,0
-0.5909893986114979,-0.13148895253077253,1.5861459127329574,0.1036132142544792,-1.2458242969257671,0.5394690146148088,1.5337627923589743,0.45322677355237856,0.6124987798678145,0.7550070060856295,-0.39199878856557524,1.345376153741123,-0.7667554628451836,-0.713248272960569,0
-0.4150139049057231,0.1937799534615791,0.6381315560669562,-0.6882625227385085,0.022708872195887988,0.8449142886269222,0.8518297536098401,1.489865481242807,2.585940565835569,-0.877069652785786,0.42547917368084753,-1.087838552963068,-1.3825767377720826,-0.7581890381061861,1
-0.710571527198824,-0.8558930394450626,1.8047973585452706,0.21672756630993292,-1.4500401468494835,0.39508945004068796,1.6067345189308904,0.2577726303798545,1.453314610807972,-0.690379871715771,1.8096438693464734,0.1860613355838205,0.18954040940005384,0.5907377256499123,0
-0.2874335075532732,-1.1087179850442828,1.8849808146660014,0.8281860573590252,-0.6117430603066212,-0.24656027026698812,0.6258062369807394,-0.532871147742226,-0.6420119910273422,-0.06715102610384187,-1.5322568107875028,0.1017130790719901,-0.06740326899111715,0.5788673448491637,1
-0.009412508685657375,0.577833377116845,-0.11388799748005447,1.1682194103214494,1.6247055041181913,0.15309934537375525,-0.16848396506784938,-0.11222014144067023,1.048211914970917,0.37666541334409503,-1.5628174187986805,-0.1321046128400741,1.4789218316589032,0.46224925959740887,1
0.14706791533160973,-0.43697308613506497,0.4073362071512792,-0.930312157961181,-1.121450692634205,0.5417118173059433,0.10715177229862433,-1.6737265005373176,-2.0011011940917958,0.8678236227292413,-0.7544395270497138,0.9859260312914346,-0.6601735749139144,-0.5916551689116558,1
-0.9352017081357376,0.153444925881052,-0.18996827737414693,1.1156065638732031,0.6235009664127514,0.3334142524625495,0.02167730328594558,0.7913310985425017,0.8081082310551453,0.17528890218641072,-0.88660909184421,-0.1660279681825702,0.8599220541507233,0.21042303123608164,1
0.9995626917333557,-0.4888584300523005,0.19793340282142896,-0.32676989917990773,-1.271008624990955,0.6620870457941145,-0.9023229308455147,-0.14843215791114098,-1.2641465664704088,-0.21248749082343255,-1.0482222496823503,1.2346170545036055,-0.7655006414866238,0.3589446795045019,1
-1.175056508743673,0.522309294000386,-0.21926378529510523,1.4874278007168256,0.07012480710599389,1.2534076300154584,-0.49186009278545345,0.9089490016331805,0.09729626795240193,0.8895065077999011,1.57762809453019,0.7099645815538499,1.8374403666718064,0.09825740923194438,0
-2.3345498396747395,-0.43785267193968475,0.9423224415998678,0.10283860824160422,0.6882706418659631,-1.2549504496494652,0.6475498029178443,0.8067052665476856,-1.4710143389255022,-0.5294304924202443,-2.0760093351966566,2.682838598633012,-1.3138284753366245,-0.1582139975970223,0
-1.634179894249486,1.2989718205143723,1.1976772841075298,-1.4912079641641522,-0.9696944675131228,0.21823760420884064,0.21736403629017625,0.5591267739451405,-0.005111054770528541,-0.6736198567584513,0.0563146071520913,0.3922072789965883,1.179007835427561,0.2647144284597881,0
1.592458124880811,1.0336557880128618,-0.8671969100639336,1.0563717073235144,-0.05133354894911501,-1.1434089459859345,-0.5264319292832512,-1.1177389137810554,1.1922486977539049,-1.1368738785441703,-0.6115336283887355,0.6107482907122878,0.6193087331311045,0.7840392280723181,1
0.06053162369949159,-0.5361266876383055,-0.4409895000246582,-0.4358650828496855,1.1186773168759478,1.9103274404092547,-0.6544991251989857,0.3420682179563531,0.404032262059683,-0.010937863301516438,-1.5034832933653053,1.1374969705611122,0.5741688854350802,2.0310612391001213,0
-2.363971912965126,0.7450788805864357,0.11055024562937754,1.0401490895008467,-0.19357033512525917,1.880458339030238,1.7370589261428575,1.962943781323773,-0.09792490007170802,-3.308623129800506,-0.4819086561720301,2.5341664676669455,0.23207624958892467,-2.2080603991259893,0
-0.9357511301949424,-1.0932580199759416,0.20508549144964036,0.8018019430755117,1.4423608113739455,0.8056722400615839,-1.1352138638581666,0.883594324969479,-1.950125544262779,-0.9077035412406727,0.41585363530248404,0.757894113054782,-1.5480347086627804,-1.0792120288826519,0
-1.5640763214511162,0.04184562077832005,0.6769921410777615,-1.3728765780787267,-0.12274578012123635,0.5482548590247894,-1.9749769523928484,1.5618612902464308,0.2640383884460542,2.2958536834151864,-1.3368543476357693,-1.8280712085694888,2.735744881907506,-0.14034126648552012,1
0.5212839529893767,0.43881431905859986,-0.4090634248111493,0.15890766686522492,1.5030469948156322,1.4696891837944053,0.3522366904952394,0.5712205773810634,0.6480148547815382,1.267145303817682,-0.5255175526649328,-1.5239588733940737,1.2197010105038468,-0.11934538926421517,0
-1.4860370470769506,-0.33531319501598783,-0.949776979178802,-0.7199173221464377,0.8905156529106013,0.814892279662079,-0.4017121200894533,0.23505224792334606,-0.7622018926301894,0.5989295903539449,0.20105425682634961,-0.31522921782146307,-1.863191970092427,-1.373846080161056,0
-0.3792982189184754,-0.6681174224764129,-1.1448995609590984,-0.617322542264143,-0.0051082498957000936,0.4085935952109465,0.01580502197457898,-0.6437541042551862,0.5991142765425049,0.03750847796804007,1.0584414932685078,-0.8836648361438152,-0.813381841199316,-1.064530876420493,0
1.5149526959057866,1.6546368556487194,-0.35905543911096743,-1.8033732289624447,-0.5423749510019714,-0.010767663504055851,-1.9303395679117128,1.295985730135213,-1.7429259605193157,-0.18516900888590515,0.6910878213370604,0.47345986656102096,0.3767195771524154,1.2598719490007921,1
0.24589318197224885,0.7159293177091673,-0.13017468476695512,0.35373840631320697,0.3173793925774333,0.3595010017110531,-1.2139592493243305,-0.7439209475088554,-0.32260529368153507,0.2794370202723784,0.025970988227876628,1.2704636064607002,-0.10501931825208101,0.5575952789851609,1
0.14391184992431663,-0.5785758032286521,-0.9138558977841671,1.336748810948087,-0.34697174679822906,-0.05775215732965222,-0.5894308434477074,1.1391922524184803,0.6647973247101537,-0.05778102583290902,0.7638702096198126,-0.8025357335492055,-0.5524387091958369,0.08426503330247465,0
0.33234167038060236,-0.49473692273635633,-1.0065826401354605,-0.6034582737744864,0.2723743745348661,-0.8255152800690677,-0.322927013706141,0.19961986428326364,-0.578342911771392,-1.753825025622963,-0.029614517107718293,0.15624957730206704,-0.22529242785292486,0.6769242807183797,0
0.3925031681651875,0.39730768477513145,-0.7355895828478536,-0.9898424608695885,1.5987445017650181,-1.2359534857328667,0.36648806678859214,-0.3351274549519692,0.16762442643809775,1.9475555839278162,-0.3337739761880674,1.0921591869912903,-0.05836718699937419,-1.1511520790993044,1
-0.5875471364660687,-0.8774643334534511,-1.903463531345517,0.2099825073262357,0.23356228575977403,-0.19937251855835667,0.8079614174189728,-0.5678260987390377,0.4596289228112161,1.1918354154643998,-0.3836043311973215,-2.3401344290828905,0.18532293218083093,2.3940197492728337,0
-0.4280971815520858,1.1721316898233065,-1.7303654060920874,0.8714316274978401,0.4996530257340271,-1.6688274666639906,1.1087074511747987,-0.4596214414871088,1.69273060452356,0.3256671506365144,-1.6424315655434798,-0.6843994494958162,1.9817296912788367,-0.1640757654567644,0
-0.5785281579681888,-0.7924139098603834,-0.4046122107167178,0.262541950540727,-0.30234958748130353,0.9080202131001327,0.881393199382082,1.7178733504516366,-0.1920803548366065,-0.18495158935847839,-0.1385754574735593,1.884347482645761,0.256876396021489,-0.4922524262163868,0
-0.5934231076897916,0.8616729842243802,2.0439648521687337,1.8879425086678963,-0.5299014395708787,-0.5802205906530526,1.1296193233307965,0.17077752278403519,0.7369142641350115,-1.018040536797842,0.37966926467484646,-0.2079366299337239,-0.27432845074124673,-0.7174929209131483,0
-2.025428398051865,-0.3054238618740285,-0.20065400385276846,0.6570743044364286,2.0511264737868893,-1.1772738795788409,-0.671863866869541,1.3703951491674982,-0.6887529589692492,0.4899219234447005,-0.1720455232867635,0.7086154461631098,0.4290162387284353,0.11480838582393552,0
-0.00035347893232513556,0.5034254235410622,1.1483776872856037,1.8923457983033585,-0.8839788715562273,0.9069541679984102,0.30247712110735664,0.4882884305615864,-0.14257210224246872,0.25942554148278535,1.3123610642068246,-0.18765892670807058,-0.07178565741630365,-1.107610829009786,0
-1.7495109237054602,0.718557877263701,0.5820325926754918,-0.5211958421757649,-0.2999859635970705,0.21935314479164508,-2.8415127078038305,1.1805717606695072,-2.049727688489359,1.686799975613526,-1.6200109584357825,-1.0910534697140566,1.6158732472018689,0.6316227842635527,1
0.4305668968917446,-0.5055440095408245,-0.16295415206912497,-0.09171054808117997,1.421364899319163,1.10963812305972,0.37538212833272694,3.231533954041787,-0.336076425548426,-1.4255035809910173,1.3295838258532817,1.509497638795103,0.8159242776571065,-1.5249792081004314,0
1.993077682524962,1.2227175323087,-0.8780380050024703,0.7069873604790582,-1.0921948876235903,1.4271985372238614,0.28967736590808685,0.9476679833372954,1.126132892845477,-0.20632913556031915,-1.1171616051578777,1.6364260561645692,0.48970179040923584,2.1757315547504565,1
0.034938947685169225,-1.3704648102497874,-0.36497800270096636,-2.0734840641570322,-0.6253283762818064,0.006412021978455137,-1.0614114750714132,-0.10179988170080238,-1.1654731725192173,0.3091006848802912,-0.08086981849959783,0.6145817841719246,-0.4755875407897891,0.8692744364420439,1
0.9511764242009519,0.21178799205063806,0.026618631854451274,-2.278981653713583,2.6174657986971184,0.7324989529494059,-0.30785805778895114,1.7499184615386465,0.6147369649565988,-1.4057279821669828,-1.4088320310587577,1.4543603161312777,-1.431203756258507,1.380812843132731,0
0.6230439685087465,1.269824278091549,0.6625855543542638,0.4251820231746989,-0.08139705418344824,0.7237332725676063,1.9447629154419797,-0.7321097975871846,0.3910344777685765,0.9137282201713387,-0.6515182678424806,-1.1418425915834836,-0.20188561630926766,-0.9567348354892997,0
-1.4272506930122206,-0.04380771175697553,-1.3402083331998527,-0.4892724582630228,2.2571538145435466,0.7013875031225347,-0.9517962250968877,0.5870892743192568,-1.9553883584846246,-0.056421451395986616,1.2641509652541782,0.5391743980383471,-0.8305695319741534,-1.2642719333235126,0
-2.382941616324657,2.36559835456152,1.1967290840525997,-1.7918090160821352,-2.574970455976449,2.559760937672823,0.7469015107870127,-0.08597264867253679,1.4620764516064373,-1.6444284111715315,0.3841926260114583,-0.8069535543046661,0.9671496816366368,1.274632725913849,0
1.0380862448624883,-0.2320409185780708,0.8038745216267983,-0.33447126985551334,-0.07412984389384504,-1.6148319457384652,1.7970271291513775,1.0647709711264632,-0.9418377609806411,-0.032551919564833214,-1.767071216355952,0.9172083901018779,0.9881631260989108,-1.1202928225081374,1
0.5169575066762999,-0.048943017065022194,0.2065618054766524,0.6681910484088728,-0.11327465854391441,0.8699396967067308,0.28422469706755493,-1.3216246197790962,-0.8322082200157351,0.9123404706205799,-1.7195565324627535,0.7764805870580939,-1.8844567681022184,0.11367377469542891,1
0.8352263282260535,2.8951942970398488,-1.0061828923026535,0.9187272748792453,1.7444139649435175,0.18127014153339832,-0.9922812292739787,-0.39896946783901344,1.328027916074104,1.5137035913353745,-0.3751574098204835,-1.1638638579353004,0.7786500775446898,-1.816356091503343,1
0.0076391802850713465,-1.1362766809882803,-0.6486053798135428,0.6872192405362719,0.04512404625313365,-1.9645831783917134,1.0212786590889475,-1.0224989697240034,0.5705993495097792,-0.18848760780337204,0.3838839345084086,-0.011017822367870776,0.2103390000533027,-0.521309307050194,0
0.53241838266654,1.488356103043534,0.872580866710965,2.0791678891982723,-0.9209089044222641,-2.065324158562245,0.9434163473176074,-1.1248429201590815,-1.12894475402206,0.5364582589621416,0.29825911025106544,0.07224416196348686,0.2382470593825672,-0.041058808008320485,0
-1.350080063492649,0.8904497254565936,0.6276981515490893,0.44810250367297294,-0.731547487601664,0.15478162762186579,1.2499276933963261,0.22972998691152455,1.4501009629536192,-1.0796136124737377,0.7855415459849484,0.2520508532231665,0.7228939924684064,-0.498940425607555,0
1.1163747559718709,0.4410207005271636,-0.8940878320262435,-0.9535784415451325,-0.6789185127786284,-1.4407233649557518,-1.5449925113594802,-1.7468778623045311,-0.1455381944389297,0.12187853612295804,2.8300478537716374,-2.1504235171501382,0.19657807196792149,-0.5160444464592705,0
-0.23463130236521107,-0.2546145140636654,-1.6207135227158058,-0.883441454261197,-0.8870881755429284,0.08976212563826914,0.5915180383263305,-1.152874180900763,-0.17059225097118721,1.4890882178695464,0.3528158315230181,-1.874968214755676,-1.4086715495595417,0.3626541108862459,0
3.074119629968065,0.9444843777213588,0.175097843617357,-0.4183610375529751,1.4662092669163642,-1.5447571101961783,1.0835301904819319,-0.27485173345461733,0.6163875868456234,-0.18395230588344466,-0.26093044116519226,2.593394683634226,-0.006849172059205177,1.4498465254736244,0
0.9891496351813814,2.2864355227633055,0.23937813162892252,0.6789610815660716,0.450666558657575,-0.6985984019312448,-0.3267955572177977,-1.2501416345907048,-0.7691492443077911,-0.25727758329952877,0.6621115871264528,0.2626489267991748,-0.43764475614840287,-0.36024010861873385,1
0.276903834832833,0.5782429063897371,-0.4939319126075963,-1.4043048647499157,0.669388331865562,0.09688805745748041,-1.4912681801295211,-0.8596536957025325,0.6308525653792687,-0.6170755790408494,-1.3899625751226279,0.9165700929072915,-0.9329177682607946,-1.0897739711100047,1
0.32174272202507753,-0.2566821197563643,-0.5930856965338033,-1.1208115519434736,0.2263101750039772,0.26154253673439143,-1.2257282709899475,-0.14617419554528022,-0.333507729981191,-1.1466049241446368,1.2645464663509984,-0.05216947741017611,-1.3474397166057932,-1.3877133901910335,0
-0.44682415002166737,0.49394767778306176,0.8790549171610844,-0.07618426742104718,0.2887763865113434,0.6886671723471108,-0.8699763529667818,-0.2700776450844074,0.8707099670505267,0.40686522494771676,1.7032296406399032,1.6637737615129393,-0.1744747134950426,0.7206919495280785,1
-1.1075314566795063,-0.31892312244715115,0.7772295623904777,0.01266222462652538,0.02244849234267682,1.3834940137945513,-0.07371509520742077,-0.4299246777723415,-0.8302778531412927,1.7380118964025428,-1.3579024327610416,1.091666361575497,0.8179847160438268,0.6388428394070516,1
0.5308470495302309,1.013045141476659,-0.5126257731405386,-1.9077380684913938,-0.7685515060082855,-0.14710235087685253,-1.1017061151789451,1.8873973777449962,0.21420342508606843,1.1975779536563744,-0.2355069091801593,-0.3104623334617986,1.6060690187376858,0.4377160883143767,1
-1.1538893370790193,1.6048220913716718,1.2522949336674343,-0.19646794543650606,-0.831923372431643,0.386801704215528,2.255461416452221,-0.21728339973121452,1.6655218689494409,-0.5214480060004174,-0.0852238588143374,0.581934291584469,-0.6348128810026084,-1.5007293820585672,0
2.2882321459775876,-2.6586107718663725,1.7101690879591107,0.6416498867353378,-0.8210585236253034,2.1402731466635387,-0.08430357479375035,-1.169699738428064,0.7892180495661556,0.3030022805887235,-0.6623704367691283,-0.5323484208420577,-0.36640489270111665,-0.16743737677549653,1
-1.3384503860696848,-1.063120268746615,-0.7378325174604377,0.4635282424001682,1.2211256934611008,-0.6813858018608633,0.8816062978067185,-0.6501817984522724,0.3461584161486777,-0.7306124841808221,2.004008772182332,-1.0761750062460624,-0.5653316864419741,-0.3974924736182463,0
-0.5484761221116964,-1.092444022058265,-0.026707762275645676,0.7345930445773771,0.8258223430007154,0.1873955583837855,-1.478248452754212,1.49479052238903,-2.308844530819672,-0.23676941670268942,-0.022990647942034988,0.6762654247331275,-0.7964592748004514,0.05999386300207837,0
-0.31140657930330584,-0.7462314320494865,0.7047511735936725,0.5174466692948309,-0.9772235598395821,0.10067590585468345,1.5536228076873932,0.32010000462372035,0.761987117217187,-0.13632580240960734,0.31111143540515046,1.216686078752974,-0.3108621829623017,-1.0793226359505828,0
-0.22197885774246173,-0.39260541808626903,-0.809259106335766,-0.4472015817467704,-0.3421671540697668,-0.13613788072918526,-0.9798679693082859,1.0182354135027143,-2.5509069506648374,0.5012290222017057,-1.5867144442179826,0.9850007465103473,0.2577267574915189,0.04123915236485967,1
0.5445361655537899,1.9524934013568862,0.9382797385850563,1.981031224067863,0.5980020274213786,-0.6148839887727947,0.9031947664816788,0.9999258463812142,0.3516747528787998,0.8620205298708352,-2.4366733976452495,-1.231143413611602,0.7989664380657844,0.4244611877536151,1
1.0143521677011689,0.6005896353597461,-0.6471529608056418,0.9782553242246596,0.19199202484985187,2.3351852990002753,-0.5695529907182642,0.5554514076947514,0.6968639545583661,0.2619885340535198,2.7305412550667287,-1.4213866845349725,0.6004454232966234,-1.3988457605871272,0
0.6817573891453386,0.6364967166537708,0.23759948258688607,-0.999338157923088,-1.5853931000782469,0.4559850389899828,-0.47548291629284406,0.6062460902608254,-0.06597520863486737,-1.8074346445344476,-0.04554773434190526,1.6224385348894073,2.5182153257594377,0.6510822628637636,1
-0.8661957431568414,1.6282663279601925,-1.4403385145456555,-0.35684781724582626,-1.8919605715133,1.3266830992795344,-1.1546021442054057,0.8070943972123834,-1.0390042099776877,-1.3485595556255172,-1.675569124066529,1.9647239026303034,-1.8595340535069458,0.7817159320943405,1
0.17423719718392436,-0.6370087428535248,-1.919676457758715,-0.4579525381089706,0.5300910750477168,-1.8285786544018174,-0.576115779265779,0.14203153801385826,-0.6539086918094975,-0.21891775529562185,0.1062701290209852,-1.4185068095240334,-0.15887943659119866,1.5019476426633886,0
-0.01804760625850193,0.46197506267509225,1.283287471343312,-0.3051685414058447,-0.8197993469176852,-1.699275182850863,-0.3067809801518988,-1.2652291961377424,-0.8155260384032195,-1.6794666663867386,0.1671812149497087,0.7493237837036061,-0.9657011730618849,-1.050268558085361,0
-0.23122157132662546,0.7197873551332153,0.6548633666926206,-0.9321631885878467,0.04992130543465431,1.9498981922765943,-0.8573028928585967,-0.306692214426894,-0.170861438510958,-0.52294242965466,-1.0606435963977967,1.652645291521333,0.40913572799813475,0.3988431591386487,1
0.4474309047306482,1.8814067764117075,-0.15353888362545118,-0.5260904377788291,-0.5430222112286532,1.6691596615335633,-0.4286868962129002,0.7053828300796771,0.4760754065807804,-0.9245109725931886,0.6944072484037673,-0.6192441524941201,1.2491580231640573,0.050097160277726344,0
-0.06974870638668045,-0.8302040754045525,0.8322213582914985,1.8368191591679726,0.9125028556580187,0.8174747442177481,-0.7134349559740668,1.2431558827230726,-0.13827862713786823,-1.0510971304699055,0.2743415139699155,-0.14442516489789567,0.1700061154098004,0.7220461455180761,0
-1.5927296929268064,-0.4543366161422108,-1.4713747680129174,-0.6676220813026464,0.024789664674612293,-0.3223220873081231,0.48248547956553395,-0.584230452109973,1.3593029568733415,-0.13755914600453323,-3.4745554732131048,-0.6681092530170626,0.3574264154547535,0.80841026100194,0
-0.19931758599043753,1.6014902888615024,0.12275004293593078,-0.5750341944711315,0.337596550231479,1.755235101918799,0.2712850644037771,1.8058565497851249,0.9339949952883202,-0.09792740420921518,2.148861153785279,-0.2801194776494427,0.9451074953275005,-1.3068856406760136,0
-0.07549741037350322,-1.081215166345406,-1.2715837334030489,0.28235822161487606,1.2105128229915731,-0.31541763550528085,-1.6627384365536588,0.03099694659510332,-1.873006225343034,-0.3427452701328313,1.6998346458143259,-0.5535389431807716,-0.31247640694838313,0.2851276318769798,0
-0.2831704250312876,0.03793022952262601,0.010947297210872158,0.18644767200454798,-1.0094067073695654,0.07131588538511864,-1.4457527430487305,0.18824731122526983,0.20297232422606035,0.21123509457665593,-0.5138693390252003,-1.3574123680556214,-0.43987833068401405,0.01321444144635833,0
-1.1775697319488123,0.40954508808152285,0.2302022893487496,1.301167552579124,0.2554469586365853,1.090823512844266,1.3921214223025071,1.6693390040040241,0.6575311221400085,0.2925743961309432,2.313729422762877,0.9039510041971685,0.5629464056812247,-1.5619748834987002,0
-1.4589881998105756,-0.24376491463409336,1.3531129104845792,1.1667446968964843,-2.1071874246805735,1.0442907954723895,1.0115874310028714,-2.6154582433864566,1.712647120796095,-0.23874212639434442,-0.08923029803201897,0.8705364450942533,0.7334618670776315,0.4494743280532463,0
-1.4712043612108558,-0.9575886994239217,1.8395427565001632,-0.4588929707774086,0.3103111793658144,0.040024773018033456,-1.030625937331023,0.8144851395537275,-2.068465526651108,1.8238159796375335,-1.3503034923862787,-0.6267664823038629,2.1011244676365655,-1.106573161638396,1
1.0230314614553035,1.3288875348555267,-0.9534821986945323,0.48025738103270527,0.38271011547389133,-0.5955290872119446,-0.03403652997406296,0.2975631878968025,1.5418402147366852,-0.05863045351749498,-0.4828691657354534,-0.012845653677266528,0.25464736419588746,0.40487176687933973,1
-1.06904248114841,-0.9342795726321996,1.2645864724112188,0.9614728757287564,0.8349823443277478,-0.4276238710258153,-0.5914595266826506,-0.6517885389644013,-1.403699027515587,-0.7327886098380383,-0.8026247806884408,0.14084421800876584,-0.45437073599263955,-0.05289278660725248,1
0.742261046772196,0.20640911813374546,-0.8108213825122005,0.9442042759377705,0.024760874812252358,-0.9652693053564685,0.3503538768771107,1.0575764938917607,0.670345610563146,-0.20986102309083154,-0.4426848054917129,0.0511668559454444,1.6718636353006389,0.06620831493513427,1
-0.1258642343807395,0.4400896010137073,-0.7939310477398278,-0.12191525671054601,0.5258830967187812,-0.021050855595198606,-0.13063388024516764,-0.031604262611503016,1.9676337799335721,-1.303025390428237,-1.4109540636714366,-0.4243468861019385,-0.6582003666515608,0.0026099798649932946,1
0.3336079181675969,-0.729869141342269,-1.5335903443351995,0.8072468504372573,-1.2188360768597304,-2.059083914070009,0.37645962246915377,-0.7640676728417977,0.2650776021146372,1.649449941413672,-0.13143341397094474,-0.15741958074921852,1.7684536111809108,0.38118184248067094,0
-0.6717583878149185,-0.8122963842523996,0.9516370830876912,-0.390868738569206,1.3673051313893676,-0.32924041993384867,0.5030247064354129,0.30258832977744443,0.8808701622938954,-0.38394016272001524,0.018354208469240175,-0.43712924801978514,-0.012511291161432998,-0.9030326489825764,1
1.269435425205445,0.4290133849590928,-2.880878559391849,-0.7718731335440017,0.7640850117843595,-1.5342460191861471,0.6192194243162069,-0.9243126036886852,0.45736235751656784,0.45915116393739375,0.6821248658900899,-0.7234673566676619,0.37417166531260365,0.05238018853993584,0
-0.6477985173846601,-0.6754666627751973,0.5864776928093116,-0.04802973977343311,-0.10329519486074881,-0.18886938881418402,-0.7454562418740885,-0.0788808784266577,0.21069479560682175,-0.6414986600784919,1.398854241850992,0.3380452375395015,-0.22544444887817924,-1.9498413377666932,0
0.023066426209005914,1.375511073781112,0.43324723958618766,-1.662254511641263,-0.5397435010337043,1.7445643882036692,0.38028952929662424,1.40398511050131,0.6587555405052253,-0.9001903386874349,0.438784295153562,-0.3061283262653707,0.20622933968007617,-0.6754473773785643,0
0.09773363926134589,-0.8592341136628073,-0.23713217137380949,-1.1069356330722036,0.40700405893279507,-1.4227400138280328,-0.7728072318634684,-1.238716162465327,0.7028574157040293,-0.24357802213685578,0.9080355127689033,-0.020471947550967814,0.19349416559621768,-0.3319370947914554,0
0.9234966986288423,-1.3762497569091579,0.576963154618499,0.42106959772353364,-1.2777804534671808,0.7944538696221535,-1.0052700916350081,0.2205777968016742,0.05076976517016011,-0.6109526727638233,-0.1758373381811509,0.38677681879173964,-1.3893845386972643,0.06781667903183916,1
-0.9212575216239992,-1.0874208728252914,-2.9929399326893575,-1.643820338068229,-0.06984457694221544,-0.03990932091642829,-0.8459155929681743,0.7528966734012236,0.7249823991004931,0.2257821136585866,-1.159872409910015,0.5016636350769413,0.15439663123722921,1.0215326359540873,0
0.47347676471615346,-0.20980684260968138,0.7085618165110397,0.18120311316529714,2.286349732576009,0.5087319138995113,2.0145482907480456,-0.22844907537954243,0.9231830283752991,-1.1423055754218299,-1.0803552311008304,-1.1686589333399409,0.08391313834263024,-0.18530636382940852,1
-0.17089770492097692,-0.3596230689689526,-2.34752965380504,0.13717463836984606,0.9685589914951174,-0.6713735912278825,-1.7670724178292911,-2.236119316232763,-0.16716379062151127,1.3472077976132577,1.4695505409800724,-2.7821928708985424,1.2705815527781767,2.1679840053509487,0
-0.9480844454083769,-0.39250794257450633,-0.5123048831452174,-1.265210000338881,-0.323062305822819,1.3202696245460628,1.942904657622201,1.174626753817282,-0.4783155134176557,-0.46801357434765556,-0.7054118642258281,0.6819902146806972,-2.799526995846715,-1.0346011070897683,0
-1.1805819180183301,-0.8571621561289022,1.7023467947185644,0.9126395266364454,-0.7432810235495335,-0.7078228347837535,-0.09023325221990992,-1.015950959049432,1.0846928800054156,-1.949444528095691,-0.24926424154192967,0.9763902489155811,1.581950449554694,0.7491248485704654,0
0.27003789196108413,1.1084527940152447,1.440721475296191,-1.3175202160474326,-1.7524371176117681,0.76084822107546,-1.04692556821281,-0.4195156981111238,-0.14292720635277908,2.158508446470055,0.9388292846219214,-1.0880456739843953,1.0139642519735008,1.2600607191792808,0
-0.9828288701462141,-0.03967563304120302,1.2776488484654955,-0.15843746102973175,0.706736124426366,0.24249719440881945,-1.3850295981262695,0.46005817461817033,-0.20678953021584548,-0.1080301755837711,0.03308744647403654,0.1825917475111097,0.03228804366608554,-0.6267764920628296,1
1.4411982417545492,0.3648526990280172,-0.5340999481291065,-0.5945124944954396,2.248987646616476,-0.1677835892269739,0.23259214452270788,-1.527572718796908,2.453288105810934,-1.429202176317337,-0.3313483222150303,0.3283772993053257,0.12717938193246484,-0.22875309696671287,1
-0.03329448651500181,-1.2629682802313895,-0.1321717058647567,1.204766595579186,-0.8574272205143458,0.27857248622479786,0.5535693030071881,-0.5839545808962987,-1.2921010267710589,-0.22300386862396573,-0.16239516410467397,-0.8315528515401187,-0.17561734463877193,1.493481879959305,0
1.0197912607566868,0.7009915345878253,0.5193747040394074,-1.4513608673274623,-0.3223584529076608,0.6697236475733714,-1.9521753067161691,0.21711932798912492,-1.0514194802831327,-0.4128481576081275,0.5093642069666882,-0.17362926108133125,-1.5103023936926256,-1.3451723223074796,0
0.2416556657208309,1.1008291570273443,1.700620864256897,-0.001967660394804841,0.24856506558400726,0.28642176478532155,0.12451737422198728,-0.2092228274327903,-1.0874073958570563,1.3864690793281416,-2.2946019007151905,0.5949570800167348,0.2489417559817051,1.658525202719397,1
1.048773090714888,-1.3477500749962248,0.2415543583107636,0.8562136860986177,-0.20503685558228202,0.7907556411347952,-0.6793682473984315,-0.15150545533651846,-0.5203125673099914,-0.11913957891547232,0.3218366439113653,-0.6670234595766948,-0.8144281719701538,0.2416573186353258,1
0.8882131379342709,0.8088492428851612,-0.8596292810043171,-0.905740995443109,0.7132255153240074,-1.0190803057793008,-0.06740176117003133,0.21171060697554184,0.0447890008344476,0.8980744594719113,1.4783451865282922,-0.7898171392230905,1.1297818342948738,0.1693983601723696,0
2.0351653067793607,0.35038457181321425,-2.1793329115556084,-0.5746835722146525,1.0751876320099893,-0.7045093225885765,-0.36566123070638257,-0.36284134617928754,-0.8695797767752176,0.41469867557846063,0.6190240565545427,-0.72263351866404,-0.06336679795464922,-0.09840984775429949,0
2.189538946232675,-0.4557302139828129,0.3562648064206918,-0.4000730463915413,0.29432083846219587,0.7895284459579979,1.3665282592480488,0.6186205876038604,0.11275688696644061,1.5323200904854697,1.2947233842121293,-0.3022891374633878,-1.3109555834419901,-2.9259735687913566,1
-0.6509654615962875,-0.29218502132130575,-0.7462503429465142,-1.6070062907549683,0.20531199762910307,-1.190819496180106,-1.416538122650647,1.185780080350735,-1.6668437991812117,-0.34687524124633884,-1.7115714382894536,-0.09994066663240052,-0.5343883791154154,0.1786701874956982,1
-0.8423931915042606,-0.5913331610245107,-1.1800367728193812,0.11666116781096193,-1.6692814790969503,-0.34816954475778694,0.03195943176602242,0.16065216977651642,0.8056975204861389,0.5308474080622861,0.31105203386236446,-0.5224931147093321,-1.440973489134078,0.08871216623008987,0
-2.231642764402653,-1.2791882086844777,0.7180963989370459,-0.08578778654402686,-1.0158037990959436,-0.2498950571955615,0.16401198599399297,0.04530178934626582,-0.7545637191224593,-1.8738850459333414,1.0412200102716493,1.4138967306390586,-1.104826385721519,-2.7255836611580766,0
0.32001816124592924,0.01326834555338038,0.11639987787152248,0.9750291845749087,-0.17119947154824136,-0.1328633743368273,1.5676801188377436,1.13375211847024,0.6030609625407733,-0.7424965133937972,-0.8505835774171693,1.062896138830782,-1.1065249775455084,-1.7822147428534194,0
1.423688567804132,0.3089832263913925,-0.2352957860212011,0.6122075114689519,0.0581826873916211,-0.34265713655553165,1.6178018590039707,-0.7183513830700659,-0.48479648848267803,-0.6020082148174901,0.23775620213814572,0.7721916776203094,1.5346659714988902,1.0475358104861574,1
0.35217989878905726,0.9474422813679263,0.8570163214873835,-0.1279422875725211,-1.0191332878622634,-0.3535916459847958,3.5955798132635457,-0.708255677843001,1.4493610544452775,-0.1785943882120199,-1.5414774630377677,0.7843758943858795,-2.7374066913210293,-1.5699294747617187,0
-0.025377555737400474,-1.737796472503273,2.4378386368340226,1.4174050439574726,-0.18028498681180263,1.3966209406639942,-0.9193639175115583,-1.884958665380487,-1.4102867891983724,0.6089523146535152,-1.1232753030978935,0.006313947890273099,-0.8207175685365838,-0.6614746474032207,1
-0.10487666287717622,-1.5110117968229717,0.6783341873415498,-1.0107199259062454,0.04227878336417521,-1.8537371812338432,-0.996262741849721,-1.424879156963623,-0.04381063382724718,-0.5817069446537685,-0.1347847927070558,0.05576989768538134,-1.3610841681712558,-0.14005631250827527,1
-1.2898646724333522,-1.7369651516903621,1.2033487857002858,-0.8228364943998524,2.337643896152696,0.08060187467439228,0.7602357862509849,0.6007076223710406,-0.7991879665392021,1.1863140680184496,0.23533921686082704,0.5531917373436157,0.31037483675333183,0.7795042522761575,1
0.5986395318835531,0.025180557019624183,0.28705059272963324,-0.15353382822454872,-1.0673854784303878,1.2519191512277048,-0.8180160021044055,-0.5743114411169329,-1.2831401744722952,0.46529541347038034,-0.23358399359362547,-0.004164350218530992,-1.1727555018943792,0.06717328673606544,1
-0.07298828155182491,-1.6799217766076242,-0.5266338684234807,-0.15788711206281816,0.06853149177943571,0.4960905915372875,0.15524449728790543,0.023510772731788677,0.05621103553842121,-0.7269011837294261,0.5675606674014069,-0.5278268522573931,-1.592954259236817,-0.20370790774601588,0
0.0588003615598414,0.7597689334009193,0.5776207017366377,-0.5209142908526379,0.2546905778391579,1.3658157978714915,-0.932052214276254,-0.031298101074944,-0.6852565533434071,-0.5502002277057286,-0.9241049838658545,1.1063868752004093,0.6762004061076314,0.7507976048283014,1
1.0282251092455055,0.9135167831810155,-0.20714578277717013,-1.7874800953742283,1.3282260053860353,-1.3297862440346244,0.9090130776421224,0.3727548772944925,2.409033759103663,-0.01789755071572737,-1.2086133494693803,-0.7764223078949509,-0.9600427012591046,-0.08939944240422491,0
0.5339888898462072,0.8578790374340034,-0.15741709948670018,-0.36420111420191476,1.4553161803914705,0.7741218233894075,-0.02648216754163395,0.20885149751554227,-0.4503487265054997,0.15931760850156415,0.2275459740711566,-1.941142856405518,1.0442511700100798,-0.5435803110106469,0
0.7099259002131314,1.8626331805742884,0.6082498426554703,0.6421383482642623,1.515003388775423,0.023915005780122258,0.6073417596152437,-0.29142430721327645,0.0769360127965731,-0.33381962177746893,-0.8751596121447348,-0.1000594767614905,-0.06990039731878166,0.6533419432050627,0
-0.27821199873062347,-1.5883266866260466,0.4962779312155726,1.134482882355057,-0.24717437351832264,1.4636610267522072,-0.31378648203050796,-0.46504022071777934,0.2793584748353551,-2.1583820260182613,-0.5996299023285879,0.5005683193286986,0.11217566234738799,-0.1147189058347678,1
-0.35294171610655095,-0.7289734612584521,0.6141597727009064,-1.583708634557726,0.11956112364393644,-0.3406393740697487,-1.5216449558991032,0.6633981369978836,-0.6335001530957943,0.21289389608097864,-0.15139332159696325,0.9023122199554182,0.3164801184981276,0.33815013668083754,1
-0.1545626833355549,-0.6955989774144309,-0.8242160347470536,0.5312195191199671,0.5311452118752553,-0.13354973506011225,-0.7942918869156316,-0.18095147456427157,-1.13377503705418,0.06151865610930777,0.6581953749747067,-0.98206928462685,0.021574652257281342,0.9919038646930433,0
-1.2344850310165632,-0.1793480624203261,0.4958652098997182,0.34472523867065324,0.6018646949883976,1.0487303586955539,-2.017257536448458,2.702825401084608,0.021589895756719327,1.962392358204548,-0.37991655735455193,-0.886116316988248,1.0640649316995607,-0.21399592278853288,1
-0.46551350500491895,0.11666445585600516,0.10190348793184081,0.6216572728092516,0.9835786471292209,1.3077517855616418,-0.5696587722271851,-0.609969834341229,-0.36643074494453837,-0.32366240660839013,1.196052691168597,0.43724745613904065,0.3262590317179734,0.06089770392131236,1
-0.27357045719505435,1.1899344292238738,1.1489683347803445,-0.338202992157295,1.1593657506467439,1.372566206479791,0.5790312486484135,0.5410868939639981,0.7547493724934902,0.5411429436472969,-0.35330956922114837,0.07554463501265928,-1.0827115441069035,0.14422992524831202,1
0.09669421985655537,-2.635275798576413,2.0883871327814068,0.5607484838032148,-0.3477137783789063,0.13157620611789467,-0.5525398724982328,-0.3841045521886768,-0.20807823427852085,-0.39167527969517346,-0.6618411813251436,-0.014391966994697275,-0.5770606445075396,-0.13375260779613443,1
-1.3303563613444374,-1.1255594055551021,-0.1787069562552002,1.2206972867724772,0.7275471966889958,0.2438765330034317,-0.6355897880188204,-1.0331090812576107,-0.9567832929827133,0.13397995675598443,-0.0585035287467377,-0.8013543688553438,-0.2143628536586551,1.0039478902215773,0
-0.15721494737274877,-1.4406744321757394,-1.3971180781185948,0.3068569273558637,0.2708043088937392,0.4265412413658633,-0.1845716115462382,-0.3958284696265402,-0.9743597987302396,-0.3718928435749866,0.26378358877740404,-0.8168740793778123,-0.25950486830820996,1.1600645403695724,0
0.7019947475120013,-0.8227524316208118,-0.5214031748733383,-0.24769942589894173,-0.8214214269763342,-0.0067321929032536825,1.758667674991931,-0.1191934896075896,1.6574006988258139,0.47984532194617996,0.7821190838689451,-0.3734309590477145,-1.3161669946798167,-1.388539838130013,0
-0.30021579002431126,0.6125459500104727,1.07050518914011,1.1122003543355807,-0.3017368544653358,-0.06864542868786533,-0.5417200685851206,-0.2831155241188009,-1.2338908920249272,-1.3467486683840102,-0.4289371933489106,0.5741814456806635,1.2841479844923402,0.6554691465202366,0
0.5242754854692704,0.4031793116532167,-0.9366540622271998,-0.08476147598635837,1.7378775152109465,0.6159291987468799,-1.4716017127927825,0.1914216388803655,0.718670711249339,0.3595981189909811,-1.4567801212109395,0.24986647205627333,-0.08664158501752342,2.1509971404123442,0
0.4788365944098035,0.6036466648401738,-0.7994202719904474,0.21683676059880344,-0.6498912429871618,0.42660262705153545,-0.4895917868310623,-0.2013618937929932,-0.35966210459588227,-0.13872572248089377,-0.0875053793001087,-0.6671826916543377,-1.37887044270919,0.4360387534204008,0
0.48079336587595345,-0.02297690782706682,-0.3784686174591784,-1.5298498086637513,-0.14242157335998384,-1.4811747417342132,-1.3330099606315065,3.5342480447049303,-1.8026590306700754,0.28725133144463283,-1.588127766670919,-1.245735538974793,0.5922458038837363,0.05957791839029549,1
0.5117947053836144,0.9970988193287218,-1.3336629026253517,-0.09373360734896773,-0.5812327000682594,2.2222485132821914,0.05170966511262515,1.1256937419515771,-0.8523160602216852,1.0818659384597038,0.5800065741920466,-0.30565804465743096,-0.059673351305843655,-0.5243745175894677,0
1.0413578612577978,2.672941052233208,0.47515876311678795,0.5091253215574926,0.8921771248740223,0.33968952372975914,1.3863168473161551,-0.7859715875759448,-0.1876543386039146,-0.08187540054677758,0.11618694737513159,-0.9971865989002142,-0.533670585196469,-0.744827600614937,0
-1.2006835528098332,-0.6655876306270232,0.205789810899003,0.9401461511084098,-0.44570365052349764,-0.24249433225383313,0.8270506511457821,-1.9298601978873486,-0.027488408134426462,0.7445365904719122,-0.8985601072436372,-1.4778279851925473,0.07421967260408138,2.500366194361671,0
1.0080566616923647,0.2972864669071465,-0.5744110072849957,-0.35028924924666804,0.4505789209979346,-0.7488024475381134,1.9168482970845628,-0.0382648825573332,1.5012344508805873,-1.5411256215537197,-0.7519629741488654,-0.3429180135289398,0.2926564360183174,0.009221028333619057,1
0.6573177889751436,-0.9203396662292913,0.862985244246221,1.2164523598030652,-1.5101219852632437,-0.06248677322537263,-0.8846517567168319,-0.17492485312549036,-0.800740197080333,-0.48227655841093947,0.15692394419102232,-0.8857886974604476,0.6164138213312296,1.6630330847286887,0
-0.6468840445981069,-1.2624245515103014,-0.3007731769789598,-0.17144777148368534,2.218552655629523,0.577773089712778,1.5510963370580952,0.48060941891455433,0.6356368937841044,0.5927094355973507,0.6503940101532281,-0.36818201191526817,0.17332100727385444,-1.1575397311449065,1
-0.8679282037076,0.7213450417870019,0.8823621490726611,0.30238638060727296,0.40767195436187414,0.2043430246545501,0.6449633844483427,0.5376326714482504,-1.7686470272668742,1.0344689005058132,-2.2359012843414128,1.233125926456696,1.2693838629523033,-0.28282713320605557,1
-0.2062209228920511,-0.04488633315580244,0.05922543387508117,0.36648251830946355,0.1084335006852979,-0.041890967938753,-0.3096740291391602,-0.03806265312967994,0.34275719451798137,-0.4270639302272415,-0.007886068407460412,1.1420266632133456,0.5560720285693653,0.3452753326908626,1
0.515610871032366,-1.636610100477216,0.1867218146521412,2.081089648855273,-0.13860565173406164,-0.3760582338566521,-0.7399111759571007,0.19415998584322405,0.12599014229901012,-0.907114421455024,0.24094599299011427,-1.263900973372963,1.1711413463279927,2.475184844627624,0
-2.6377436490869743,0.45024022951354836,0.05773273931123346,-1.1505882357066008,1.8020341356931655,-0.16237120310419123,-1.6979888654263775,0.2340297078066146,-1.580878520510668,0.6778535163385975,-0.6270671418963678,1.5482146908152241,-1.169102066933639,1.336595951193154,1
0.7529243801649254,0.1183475788783067,-1.0348275914976204,-1.199578536735374,-0.6236609607480793,1.0244834391354758,-0.3445064826571271,-1.227659218159836,-1.6477129947574578,-0.03506278369932619,0.25673209369571104,0.9894030159430407,-0.6324574299056772,-0.6285277706713873,1
0.4747391340814928,-0.26822335996218233,-2.2374236866984223,-0.5550994001624685,0.0646352539759568,-2.1689628867237754,-0.28545051015984885,-0.6059467357589181,0.1896996957705098,-0.49483760696569723,-0.4960001366340842,-1.8869325609704448,0.43882642745183964,2.0922394321568083,0
1.9908261688875182,0.14190719758905654,-1.1122347656467908,-0.14517090817044637,0.5709694514936112,-1.5780643045100313,2.1452736809170823,-0.4199224391837819,-0.6025274033358489,-0.5933655818238359,0.3368955268325031,0.20150226317661457,1.4255247641975242,-0.3873765572594514,1
0.7666557453168366,1.7392851248857526,-0.619671448410016,1.1214289607013368,0.6706155011109949,-1.6514726897740584,0.975806636575185,-0.3034961625157286,0.5506000679462197,0.05519773709954498,-0.034397249630457996,0.018460569760407997,0.8486774105684389,-0.06143480607264045,0
-0.2571197112369293,0.07466333985960244,2.274561914705144,1.1364816128186148,0.30007559867505496,-0.448251589457759,2.6249832042379313,-1.137430822283431,0.008433193745707956,1.1361405939209326,-1.1745504744493245,2.0301139467717215,2.0382593913659446,-0.6554802269687754,1
1.0157194901223856,-0.8643098984512559,-0.010084716665605177,-0.26868246879309193,-0.5619161714423319,1.1069617789306156,-0.2147425327381536,-1.5566814924215264,-1.839384947228273,0.6560035675682117,0.7104134446814538,-0.6445566966454604,-0.2857414122927726,-0.6177169500109179,1
-1.1005036247968163,-2.2488009483425366,-0.80473744085255,0.1775482984800229,-0.02880045882366937,-0.8735014577092205,-1.1106876330802784,-0.2728965808760152,1.0562583434149115,-0.7367390485377,1.2143550675178043,-1.4236216876582959,-0.48905846005197456,-1.1123774150167351,0
0.019284351925741055,-0.7576011297725923,-0.7816812477437961,0.5957277482859813,-1.8598278919284903,-1.201528871141399,-0.5064661838846087,-0.9630919772917363,-0.2984362569488286,1.5709415147708512,-0.7798707191094004,-0.7433036818747765,1.2886108223379515,-0.09535976002366568,0
1.35622881609795,1.1003084145572324,-1.3682190985066458,-0.34963059202388475,1.0436497673894263,-0.3374764191232508,-0.2884263294334052,-2.283022421923742,2.134635624341621,-1.0004678010531851,-0.6901547198507011,1.0609805519443465,0.19320515729695303,1.0148640239371207,1
-0.4930075444822209,0.6196054382431684,-0.7081513667214572,-0.39837468608258947,0.6289121738537391,0.3544271868222987,0.8408662188478334,0.3134912090684769,-0.8132838461434317,1.3325436869623182,-0.5398368324095364,1.1494815411568733,0.3197790383257668,0.035773486911354097,1
0.9016465902643218,1.7868628586559043,-0.08405231072616728,-0.20658939797626,-0.7822183241267943,0.8653023663208395,-0.0683445120496621,-0.5356376623190232,0.16033611806261458,0.8303802150206948,-0.5298495694054942,-0.7329747283304777,0.03374240055192041,0.011954868092520736,0
2.1909997257456637,0.9585080264296029,0.7175889002396291,0.22733591904684675,0.2613789560998188,-0.759836472969424,0.6774620841143414,0.2023916364574356,-0.730521239407558,-0.48034368654461673,0.007884310296489026,-0.3812574463298466,-0.8772283390660334,0.7464086580785754,1
-1.207556576007446,-1.8314692653697784,0.474507962370354,0.44803194128702784,-1.6273571058477851,-1.017303335378127,-0.771593232074121,-1.5652562265498537,0.7893247739271017,-0.42884122617577736,-0.7674829951008513,0.412456047042568,0.06969306612560312,-1.4446396730355002,0
-0.15017079743609582,-0.7718830757363646,0.7863674121139289,-2.0352886673017676,0.23190582493926049,-0.03238998051950173,-0.5347697213159056,0.029467186667598004,-0.08691258112820303,0.3944761760485746,0.9906366105435206,0.7518124367158294,0.3683645951907585,0.31335938778321504,1
-0.03342434919911527,-0.27206799112260455,-0.6326935446928753,-0.2191716560852784,-1.4183723544940257,0.4145866414201612,-0.9575561945745268,0.4999962660107189,-0.5647335121591532,-0.9236724384714451,0.295715727648295,0.15048759803835768,-2.366114123283921,-0.7733630619033325,0
-0.9395970552116236,0.20793205127608563,0.23232569035789244,-0.6601850083768325,-0.4029656228888927,-0.48229538859370774,1.0405850707511726,1.0898342262252432,1.377375823712949,-1.0237931348322076,-1.162852239682152,0.08381123749591703,-0.8650013222379659,0.09049743513441805,1
0.9074896895912365,-0.29300802562080913,-0.19024419354949615,-0.5564084249578066,-2.214299139766957,0.39926339949377965,-2.25180181784877,2.194451832701056,-0.1846374194407006,1.3481623682463124,-0.5382128515430259,-1.6962223096145115,1.3318832858514869,0.24018774653848002,1
2.208513935360764,0.4802597674992003,-0.07722331175598143,-0.019172316018351614,0.227466410781095,0.316219346785489,-0.14036520063841615,0.962124967418536,1.1289633931693757,0.37620013965170196,0.7386660997521722,-1.3548362042033693,-0.1845180015008336,-1.0195980266414693,1
0.2836373862678497,-2.016064120081228,0.30322809776181925,0.1790054112740547,-1.1213327742361379,-1.5737415292764767,-0.5345399595159173,1.7952029282490405,-0.6713376801657948,-1.0731163907280645,-2.038361587507809,-0.12721173083754056,-1.6758337297600812,1.5559878532306184,1
0.9223554003745089,-1.7712383486284144,-1.6671356860399198,1.4710808626698122,0.5714154414322796,0.05836795195641527,-2.12080683118155,-0.8837397793934935,-0.8269852438492751,0.23835113540937358,1.6872002194910571,-2.8296737919440327,1.0511496826729034,2.870276517154179,0
0.30056654941567806,1.0293134040676504,-1.7220270060352343,-0.1848833028605475,-0.0003856323480288855,2.2237321528721354,-1.6124895870321294,0.6329538504499712,-1.4557119803288876,0.6267928651094896,1.0685231900925143,-0.15490237960492945,1.5564081793526927,-0.6653024776210174,0
0.2629855892292087,-0.8459475170557113,-2.3898893510641397,-1.1263441706061708,0.089985362878964,0.025415609721506756,-0.639459408674682,0.5525087290943311,0.8976112192700236,0.8048121570102053,-1.1021490695581708,0.22610906107037898,-0.6313620290314617,0.5069058477462441,0
0.027370651864560717,1.6554885057073496,0.27110563111249314,-0.868538080742815,-0.1766914295587967,1.380214357497447,0.4001395156837452,1.167551755780766,0.27495418537172417,-0.8079851805137108,1.1469010578939636,-0.24842300148679725,0.7592116109146275,-1.0749299428281456,0
-0.5247091097627397,-0.6188130189793445,-0.10909783226193419,0.3123106276541148,0.39675563423954957,-1.1423877789157733,0.6202668471992802,-0.6216055142194756,-0.33862822566377776,-1.1030475084890285,1.1317884589665308,0.3992823640732323,-0.4071305458853352,-0.9887148876858975,0
-1.003451401883664,-1.0307631850995096,-1.5589595645124077,-0.5453877708903123,1.8381221910300742,-0.0852435679851999,-0.6122215859782227,1.0513801550281212,-0.3547863863887044,-0.871806035686402,0.11785367297298016,0.39984252733861897,-1.0336197877611646,-0.19992459126782922,0
0.3476501631264592,0.4547883505565615,0.5474921002448528,1.3022111230505453,-0.8486874442114051,0.32843560783684494,0.5704381032353818,-0.43951786520690284,-0.5292924515337681,1.7005192088737855,-0.04031869931826969,-0.90156788327281,-0.21779357349999093,0.04378675251184169,0
0.3685461338531823,1.5421677825957159,-1.829024659488171,-0.36520521722537,1.3831794675017364,-0.7170533581601046,0.4049256623252415,0.7426268905374398,1.4289131791728105,-0.5402436345589501,-1.3631312355598961,0.5080420737630582,-0.9118472633524053,0.033646399108692236,0
0.12427465760767671,1.234039208999253,-0.3083525509554402,0.19170060667153604,-0.7334312712096313,0.0840964071522147,-0.8564889056313569,-0.7962923294654747,-0.08008865389086901,1.4352524895191048,0.45824882212123186,-0.8770987102211886,1.098623425627798,0.44939313501554895,0
-1.502074371583483,-0.5084526528215859,-1.9170366478939893,-0.5434571932313677,-1.0401856897336774,-0.2316067442123585,0.36137891216464424,-1.0909812250927113,0.8550010795497055,1.1306493665243496,-1.278282905545968,-1.9777790914338929,-1.2472889865133145,0.4457738788743749,0
0.662971512980569,1.1706008650257917,1.7705242942463846,0.9606145518736287,0.6533240436041033,0.27833730520545913,0.27555996162700835,-0.08744072538152878,0.8910249068144063,0.7821305369482329,-1.190929825733147,0.05372372916621143,0.8428320360847456,0.8500829953097885,0
-0.5720474707353833,-0.37856668679440103,1.0316836135130185,0.4463363798430509,-0.8454086631572968,1.5714457242524726,1.5136004607098734,1.5437436665234263,1.3850681208313649,-2.2681392544289665,1.3154485736535813,0.5618362622366297,0.2855862313534811,-0.11373191922239015,0
-0.4464948659299151,0.5647417054835873,2.140855102062635,-0.7048583288891568,-0.7117980928178383,0.5377498435061939,0.33429822692427497,-0.24570348085403532,0.3537202843154903,0.753399151416846,-0.6904390875374831,1.1568110597677554,0.3026730009932538,0.06245664336570943,0
0.4198133941916726,-0.3527041136961458,-0.4851082203116493,0.0653313771838648,-0.023177315915097765,-0.06064734259419959,-0.15710795149912807,0.14081935957165687,0.3554665444782712,1.0996154391064383,-1.0234987198807493,-0.2869683840639701,1.0996887196310918,0.38987910099764705,0
-0.08476123579492162,0.23707431949661859,-0.3421636583209192,-0.6829510618479212,0.012629026801879606,-0.5234188429151237,1.100766183328109,-0.10045572471563465,-0.17440204159117195,-0.2677834062328008,-0.6217711573470812,1.0551112656983994,0.45865843089188413,1.2626234898235178,1
-0.07952983259415475,0.38995705223560223,-1.0876041095477142,-1.1073207792579574,0.73615252453386,-0.6401663648343061,-0.6888631098075202,0.5475681396584775,-2.0471240667387507,0.3436607842635713,1.246023949132067,-0.27029201450091256,-0.9260232067988481,-0.4123228282329784,0
-1.1547701874609377,1.454019625371313,-0.4360208872791423,-1.7813991035056291,-0.2387804741833779,2.137553326384404,1.4076197821338958,2.6046720995337505,-0.09330836345882626,-2.6956712742932103,-0.02719130188680321,0.7032517626559994,-0.3296111342811628,-1.2955298904159815,0
-2.354316926004989,-0.965864502415121,0.7825769895510881,0.8349717790137127,0.8031690348908167,1.132320572529143,-1.0300727168979955,-2.6329933203918348,-1.244581253384937,0.8578881555453178,1.6014955331573875,0.05079078129731482,-1.4299208151135154,-1.6590399471465698,0
-0.7757453789898422,0.3409746301376307,0.07961276229809827,-0.8003090343304451,-0.7987123171015339,1.7525852603211056,1.8596248015029047,-0.5535998930234212,2.4493191779998655,0.6291620973151887,0.46854826102731145,0.13398187279427798,1.27423525830311,-1.8450935557528365,1
-1.3663915031591631,-1.2955918083633187,0.9998507273868381,1.7165861490512613,-0.5773989627121484,0.4588999750561963,1.8545320341066547,1.0005327023912198,1.0865548156238372,-2.0072287832851816,0.128014086986155,2.2635874286752933,0.3409266403776539,-0.8607152296719276,0
-0.020219813951942472,-0.15345952729298737,-0.39110755971763295,-0.10011326765344572,0.3473661196856739,-1.044351054726693,1.2249944416434961,0.10932392318063364,0.49036473977313433,0.42379554077746134,-1.2005116485646108,-1.7593984235989482,0.7273622471279947,-1.281511898975857,0
0.9502916421028758,2.2878540081803926,-0.5029076974814959,-0.48872576630016606,-0.5785041202857244,-1.1022682799915764,0.3122300337685954,0.44192101113048005,-0.342146087624975,1.6817952836342667,-0.33023432789970886,0.8369161519180579,-0.4285963468111431,-0.26028926891520293,1
1.5482157065429902,-0.21475037465499988,-0.0876076384873223,-0.7957648198424006,0.4836527998702147,1.4225973477961185,0.46009626226007566,-1.0736606336779027,-0.23350088855574713,1.8274199725147244,1.3211951295173114,-1.078046134689533,-0.30550984373186274,1.0882483369168114,0
-0.6766737569936554,-1.287940487936458,-1.2220956701194787,-0.9854087197835679,-1.2407467486712394,1.3377693933621764,-1.032545920829209,-1.6533363007807118,-2.048900050691465,-0.5894902352856513,2.196949190046622,-0.14389684700628347,-3.3618690779963587,-2.403125259584664,1
0.7393632553358604,-0.05672276435554271,0.4732962069883945,-0.08979739340104467,-0.3313121504036338,-0.048889340006113405,-1.2593195244802673,0.059709991574576356,-0.6211621437174385,-0.20431036270323108,0.08526060064295234,0.3215385904502931,-0.6040777292546494,-0.8151285271712025,0
-0.29312266072595194,-1.4160969197034576,-0.9402434583400807,2.0128370730148237,0.377097346568426,-2.1237162660834388,0.3304750116706311,-1.290261756150757,1.1442209295978205,-0.585847472708083,2.020435445059048,-0.3846414290077413,0.2592818205779286,-0.1393043903202005,0
0.2595399056141549,1.0747162929238365,0.5645907180295207,0.5469526020287192,0.5373190267159187,-0.4741048425926952,0.05154818148138641,1.3054514145632894,-0.20979153227616731,1.036047348622653,0.3162115247429314,0.6964051304110687,0.7585197307075722,-0.526230292019111,0
1.4335328577806554,-1.5285062263039055,1.562713462670163,-0.539230996164049,-1.1402365972685595,0.17706646704266701,0.3339941354871747,-0.660343515944615,0.059017318562924095,0.06565042495558938,0.06522353162806921,-0.35693331197291084,0.29416876885782905,-2.3971133235296143,1
0.11238074843313552,0.31002478698517066,0.3023177821993685,1.0133001902275482,2.07719541795317,-0.42087321815480416,1.4876925606248637,-0.4461650344198297,-1.4933165595577886,-0.1103932630495123,1.1040875565624697,0.08437832278013115,-0.9479471398637656,0.25902063152742405,1
-0.9895647910468793,-0.8292711690649072,0.5937740415909406,-0.7867021157980041,1.2545110623436713,-1.372285696134065,-1.2784113764448437,2.1858280302947546,-2.5244289242735807,-0.29693532319865196,-1.8621319406502865,0.19871791972279682,-0.7951827426689746,-0.620359765703684,1
-0.1865289447360989,1.2312693112456468,-0.445262916195375,1.490344667594131,-2.025970480995562,-2.3789811796369653,1.3661923882195346,-1.1328354778281529,-0.222295887905474,1.435533814901929,-0.533099619327897,-2.0672472584504242,1.1110859670687594,-2.2517861363128,0
-0.2092513126431264,0.513616808403823,-0.2549115117354313,0.4566792157257674,0.058370252603235646,0.9512663261231017,-0.19576737207923398,0.5353495226265479,0.30091872459345126,2.1281944064851555,1.8657979669072657,0.29566145952121514,1.1794278323096872,-1.0681712034596185,0
-0.13222561422269846,-0.2797754251308627,-1.203624374185307,-0.7988696803697347,0.7504730311758719,0.4209182713551788,-0.3822465416889773,-0.10504838073985664,0.8146029836092171,-0.30275686238786126,0.5512578830426543,0.9927986672683224,0.08848697249987246,0.21835510575507855,1
0.13462130983267986,-0.4316912651011461,-0.22398589345947134,-1.882300388284825,-0.53562243623489,-0.2747234828963565,0.283933412300774,-1.130969495216638,1.1648041786466854,-0.3048967101127557,-0.02215297019632823,0.5999466363618374,-1.7138609668307934,-0.04569399425626497,1
-1.1440451919971357,-0.15323669324772277,-0.31674298995308664,0.4485360518673047,0.07398434437081854,0.43284658409579024,-0.017164351717315767,0.16662276315728497,-0.875611038812499,-0.9746718780786018,-0.010336833315849637,-1.2849570259006644,-1.1126701633737823,-0.23688282915291153,0
1.3350230575046569,-1.0001769385971855,-0.6920851845463535,-0.41864373026419227,-0.7797964977251268,0.02133647231334144,-0.15856923178072377,0.2261579732109754,-0.9445826913743302,0.23215998899630153,-0.7483356041707855,0.43899899591936176,-1.1201774072695512,0.7700742085656038,1
-0.5745633621634231,0.49813929205091884,-0.630555924937764,-0.46300804441664906,0.024249840226004314,1.8851091183214008,0.24269501075918173,1.696337180011068,-0.20342579581922973,-2.1526329529388635,0.3727597286680182,0.8227506101232216,0.7173365934893697,-1.1657309556326125,0
-0.5788551108486,1.3855816137871526,-0.296729753501077,2.4992393617378044,-0.29180821331064444,-0.3149171773357922,-0.3141445950440018,-0.6065602609456902,0.31128908765356594,1.060190756981203,-1.9348895724897401,0.6181077975824809,1.9399686157847809,1.9494959891387624,1
-3.025555671362738,0.47114851895976445,1.406772979667813,0.18037980550281932,-1.6672901498209818,1.9297529263856494,-0.6054572552289783,1.5723839212782358,-1.2204933036846624,-2.9829034553973943,-0.5660641865882597,1.8911784879267013,2.2846048491139235,2.1182871960224174,0
-0.5961540992443954,-0.3634894361243721,-0.5723941228433752,0.5611386952719469,0.9188539059329256,0.15344218671076204,-0.9073331577921803,0.0373861018182059,-2.123942631137468,0.2236393289373888,0.4262361056636306,-0.2066984232189537,0.08933964304563605,0.8291954915830403,0
0.0683079702452974,0.8266403536800989,0.7098189012747675,-0.2374699007325644,0.3692128118614648,-0.5718018540680002,0.4165246312197355,-0.2940124488355308,0.16268238414911473,-0.29828428564895487,-0.05358467264023652,0.14120638616771086,-0.6071448277939386,-1.1325223010477994,1
1.8271527470191427,-1.5361770133324788,1.3844486054459093,0.1518087339437189,0.31368805564684155,0.012467891485188782,2.826664316379824,0.5619304859912503,-1.042194567090283,0.9385209998598705,0.7635401865394356,-0.06994242229319006,-0.5334032801424818,-0.8519433026906466,1
-0.4456354336069004,-0.2327902737360865,1.1622815205656727,0.10761114576161018,1.3537498202089533,0.7190742483916321,2.407853471258811,0.8257532731244487,-0.3524136888271139,-0.44254188379689713,-1.4061240272990432,-1.1547616284761375,0.1737426532652425,-0.15897696593351582,1
0.34593825378843873,-1.5737209666884528,-1.8810016822944124,0.3283596893842286,-0.0067477720276726974,-1.6656731881442972,0.2407122298436119,-0.7926559462432794,2.490051796987972,1.4874838114984132,0.2620251499638078,-1.0383338739541992,1.485297161317279,0.6192197759978918,0
-1.6655289190666618,-1.4463728256083679,0.12374459186519436,0.23557509377444735,-1.597185652668255,0.103674605179163,-1.1248026415036454,-1.4901339061379366,1.2884245310911786,-0.6481826997324386,0.5852471376675769,0.14857969168565616,-0.876642052692127,-1.910360023271187,0
1.0813463069283853,1.938984376926279,0.04272598794991107,2.625236343895115,-0.2623252673892062,-3.0871043232749646,1.57432757497888,-0.3633184736603529,-0.5531250452799067,0.31820467672437486,1.6160929735088723,-0.08832880768396406,1.152516978873305,-1.6083977388550625,0
0.39070273265910316,-0.5429114736812061,-0.3878621563579408,-1.2815039388264742,-0.10839265750807629,1.2050486357104817,1.1815953117993057,1.0662496739663758,0.22445447726214043,1.2615814323414551,0.8330565516888064,0.9920289323901303,-0.27439511636215935,-0.9839512325216894,0
1.2664063570837336,1.1923478452566583,-1.1034435456415899,-1.7105202295560968,-0.20969596389541376,-0.6433187624605391,0.4976536637454451,-0.3408616430229232,1.368550495073886,-0.813287012053097,0.9622733481961028,0.9083077379434261,-1.7884644946181736,-0.678627631382185,1
0.2499079709414009,-0.057718221243015067,-1.5838637433925946,-0.5950067233787023,-0.6474307110704205,0.7932863418033091,-0.04281007709898977,-2.3343165387791713,-1.3746801348075868,1.0288392416387395,-0.03674344592777556,-1.2364598066759376,-1.8262609148184703,1.1746312758218231,0
2.32916443838714,0.662956882111322,0.05083712302818518,0.9359516880878979,2.6043562650821284,0.03537893624540504,2.3328975349317695,-0.2032673048939586,-1.201674612768989,2.4339840560654835,0.27067325302670137,-0.2291898838690092,0.12530700823408522,0.3427592104844151,1
-1.6432859721255175,-1.9428883391853509,-0.5477781357038347,-0.28499851429551376,-1.8263385426403551,-0.5888112831704375,-0.14485789418543785,-1.3602512339966668,1.1462375934802358,-0.054513651662004996,-0.1349339728163625,0.7310936970926608,-0.27155673974911276,-1.2848546421694924,0
-0.03224870640745244,-0.9941409627986334,-0.08337785353461312,1.6866841139773032,0.29922975194385465,-1.4984245031116497,-0.4418207810223899,-0.3920503652700625,1.5569465840495766,1.1978260428641794,1.4492013587124728,-1.5193745314725469,0.5244014443611922,-0.11852480785222513,0
1.2884681347203208,0.3396038989617717,-0.815674776053378,-0.284936597319307,-0.9190777457279418,1.5602688131690718,-0.33240765116005355,0.16019866218016202,0.4379210071481722,-0.7955265220939078,-1.1113147355623412,1.91580742592016,0.008796627663304685,0.7451973742946905,1
-0.0018756837657612235,-0.26094995927273257,0.21964478962138842,-2.2798463824582655,0.3048881784946271,-0.6469187796793525,-1.232578394995442,-0.5878186948411128,0.13817372534504418,-0.31839450099550454,0.6436043659353172,0.9940244187203108,-0.3591746503651873,1.5950393736571904,1
-1.0994294054695235,0.09319311741939641,0.5559365273656187,-0.12410655351539199,0.8709756744809609,-1.0989127947221486,-0.44946574951010543,0.8811642148847495,-1.586609317056844,-1.3571403558184063,-0.7253989343468378,2.2508803942119013,-0.5232464770850428,-0.4391896740418538,0
0.45569938555689504,-1.3839751604796535,-0.03480675980894443,0.3044879731922725,-1.2238776521513244,0.4298514964673243,0.1683163722914602,-0.09017625016582118,0.46074894241166026,-0.9227897899497673,-0.5903351506357517,-0.8775606948606506,-0.48945826966286593,1.6105530979108107,0
0.09780060783271036,-0.594408357662864,1.1544209737060842,-0.022736762485747703,-0.661274441126836,-0.6562430256902786,1.56017773622609,-0.15237776162474695,0.359927896183645,-0.25384388762854443,-1.475840187534481,1.9390365070439484,-0.7963044373553835,-0.9392091733582392,0
0.3949781815473605,0.4982710399415888,0.43055107558828665,-0.48724130320711845,0.2372367740277771,-1.6504193747096358,0.15847067220674513,1.3408908580530723,0.8008191680770494,0.07150343803575666,-0.25085393835036873,0.011035936057818213,0.9499524369243291,-0.2993287339971675,1
-0.26010717548964735,-1.68311192330082,1.6152187499232256,1.6720410496207707,0.06609891623266884,-0.6783029179162356,0.19299031663010366,-0.053890168111515764,-0.5707336455605635,0.29007775050590107,-1.7218953148826341,0.68588785928325,-0.40402704561961106,1.0483631882082074,1
1.927378971297831,0.9309003707907728,-1.059174073720381,-0.34982352931263905,-0.738717162910521,-1.3298985393122915,-0.05846873338655868,-1.68902273608652,0.08322168492218246,-0.6898008685737983,1.6617912141133715,2.5950017006493193,0.18733026491210958,1.9164883896987637,1
0.36869240642751416,-0.7503830302257966,-2.1596698130556216,0.4912696729899974,1.4219990881688525,-1.8762681735785773,1.1706614906858126,-0.3767313280427737,1.4098339924604248,-0.32110788023145587,2.03930877693644,-1.0727676610129162,1.4641081628535006,0.268529495073288,0
0.9852308307498118,0.972461787599495,0.5379089160354337,0.333527430099498,0.3152133742047289,-0.6044035795003615,1.332303662763978,0.82413095076663,-1.2288906774056325,0.631061103389251,-1.0176976751507167,-0.20868677364967522,0.6369543176598192,0.6131184931033026,1
0.7532331419098722,0.7956624575240249,-0.6793939056757639,0.728376350064128,0.819489610173452,-1.9234465792218087,1.6891655910921746,-1.011712303971128,1.192628812651175,-0.08020552610509979,-1.428108524512905,0.0724719012681908,1.594982603492976,0.2521788669683035,0
-0.4226190863978162,-0.20905736518000967,1.3061382616395456,1.2600285266113052,0.4624808506775761,0.38094259820043125,0.08169080326126114,-0.7424203579552534,-0.38625298384695367,-0.11481813269398326,-2.0557912779776557,0.8102994648093227,-1.1759944746247537,0.4139488888835907,1
0.6831872722677708,-1.0314935541791825,-1.9602754001445262,-0.16848602713982114,0.34333805654804195,-2.3318878592689862,-1.3169246892488657,0.347524028388948,-2.172838785543975,-0.26091859556192837,0.10173289565685475,-0.8260482049476755,-0.10802360017435553,1.856031236630996,0
0.08455457940736474,-0.11975301307203823,-1.8306776691474436,-1.2610337504394802,-0.6283540635394318,0.7963240895758904,-1.6537434934668112,1.633864042937629,-0.5230840492312453,0.0675129982974038,-1.299580760496872,-0.3380550241444532,-0.2506678662401129,-0.49235987817309795,1
0.021769209850744462,0.24701809140287317,-0.844943816771365,-0.8298779268469813,1.5032037286318858,1.95530820072206,-0.7400286762235345,-0.9749401757698772,0.4687551969166741,0.7244549894295348,-0.5301392586877677,-0.4240308478640952,-0.7422689105434785,2.8449530463971873,0
0.4225930767451261,0.18801573551957085,-0.046551738007242556,0.8625214018214533,1.2441130208733842,-0.3992517510106283,-1.1994681894448134,0.9424881267658602,-1.8186576177161664,-1.468355512871472,0.762131726390646,0.3495483949127343,0.4817941792384048,0.5357588927039567,0
0.487232124060739,-0.7843057547918039,0.8187848906657044,-1.7462660677723298,-2.838275122144771,0.15602882954330924,-0.1823175545483757,-1.1162673996012216,1.4658386157488599,-0.8825433264186399,0.2743853624752361,0.7886114860632666,-0.7907134777305789,-0.26318113111549757,1
-0.4997916923403744,-1.3607991754946496,-1.6158167580876739,-0.3404655426300862,-1.2806818349726363,-1.3523536381224124,-0.5400314832280046,-0.8666213192252163,2.4202812605649737,0.8222404425751446,0.4875945195124563,-0.507760580288893,0.6132858367425945,0.21772389091922506,0
-1.2283079094006062,-1.052342097075555,1.3571309104225544,-1.193111214899712,1.3252041811259587,-0.35459424316785854,-0.35419671471982717,0.8142059799849592,-3.3142089429404984,0.276583622366685,-2.8069474443840083,1.2014073114448023,0.5563611967091284,0.5924371490809779,1
-0.1924776292068405,-1.4434227141509615,0.7933480526132574,-0.6977308564359014,-1.6080396217483233,0.023209890325860155,1.5968447346623353,-0.44440416774431585,1.6301597795374498,0.043002097996545204,-0.3903897578219912,-0.4720977684311976,-0.2751743388066589,0.8984965660105498,1
0.7177892031189697,0.6159997314069432,-0.7480063006711588,-1.2126734228544345,0.09969178188024036,2.2565478563371095,-0.36269241497896837,1.7691157659120615,-1.2966284454692254,-0.45265260708812494,0.5342902268880785,0.2332468239820207,0.5361801056004486,-0.11395475958626528,0
-0.08681662331306976,-0.2114835783065927,0.7938263888735744,0.5412583809567065,0.24550012018697911,-0.7435824564963192,-0.29429374975926775,1.4744835835127228,-0.9247353856983201,-0.8403353314809341,-0.16188720701810344,0.8136970480303299,-0.08464931089865298,0.21043670439168252,0
0.9035122988683579,-0.4047736847663472,0.4825528650808849,0.34881369823404496,0.7425769893654238,-0.3475829637836303,1.433690424280317,-1.1522519088825802,-1.0330278078350636,1.0892326187423078,0.33211477433623326,0.12183018739486835,0.7005463898704186,-1.1895483635916395,1
1.4041959083988451,1.2696652084669047,1.7700379524526517,1.2733771386516952,-2.090812008692579,-1.7984336714167892,2.209176813898773,-2.648214508528045,0.08133472023857198,1.7908100824073363,0.2675604902658272,-0.5141623866077689,-0.21058054443792876,-0.23508129950364964,0
-1.701451608074646,-0.9338621282576935,-2.73501331640042,0.12088944300714166,1.8144646339241741,-0.2086700782281769,0.6048488553982273,-0.3885734637719491,0.8245254490115628,0.24168907381201993,-1.324597098496756,-1.8179552422060667,-0.41875707637801757,1.9590705275180091,0
0.8263041100879814,1.4977047752248618,0.5834079604488549,0.5910444558469746,-0.7221449586009918,1.006428638922721,1.4951119695975241,-1.3391203091544865,0.3789753444357026,1.6922418647451314,1.2047757016489045,-0.6913026623447733,-1.553887104712912,0.46585756238860315,0
-2.763129244079633,-0.4039606458396075,-0.5825597497384588,1.7197768539183518,-1.394147393498654,-0.11757011726017194,0.14177123293765304,-1.3518329686074821,-0.3590480130214823,-1.5798557798375026,0.6192239321467056,-0.8199370315103163,-1.2047812375880207,-0.5659787139192356,0
-0.0322497416580885,-1.1559769095378933,-1.1945679297319383,0.996458144432404,0.011098868238302393,-0.9298686293602706,1.1752478775804476,-0.24207088015040487,1.1900871947280653,-1.7578492507113794,-0.9348988706552974,0.41674095651618254,2.4133366446474978,1.1007712860114318,1
-0.8566727046853249,-1.017713445547955,0.08613642246966653,-1.1946810856055237,0.2606096623727539,-0.39922308486700714,-0.7523635009436477,0.42512594336167747,-0.2819981989873303,1.0105491950848573,-1.320629898060745,0.11490262706862524,1.3210763141377972,0.05578734186174617,1
-0.561170287065071,1.8428877413199283,-0.6433859979598805,-0.3653615569184751,0.4573312998881046,1.4343282437882,-0.3413477459607015,1.3539764528800455,0.6422243282105741,-0.5441216972875836,1.6716099745755562,-0.45105965984993224,1.5066055278831034,-0.7484004647890292,0
-2.1376755674769674,-1.5863439633172514,1.7560226348770933,-1.1598152697079114,1.6856582375116673,-0.44122667429591766,-1.7390090928023096,2.085981090115053,-0.9042226645759615,1.2688027003519262,-0.4565722686024241,-0.43659876953757243,0.9555219160413582,0.04773267927595596,1
-0.6668329462289678,-1.900979730767013,1.4935504302149305,-0.733157476359734,1.4746101357041326,0.2380622613710131,0.6888163158818821,0.7750376416932533,-1.8595369776356778,1.1969038796793543,0.023707963298112533,0.33429099943704876,0.28927582174831673,0.8624396526200723,1
-0.621590397728836,0.2244917478844223,0.44387345377962834,-0.12626360892921154,0.446960632418916,-0.9288854724486856,-1.3288903327747743,-1.2328980089379065,-0.3048086053290757,-0.5476906328159719,1.177553778729088,0.1774542930474551,-0.13655326447867816,-1.0440569069275838,0
0.5318239321778839,0.3963895326375314,-0.3834928532299025,-0.584689672676166,2.8008166315940626,0.6709896110069551,-0.7672816818252022,1.698006879891131,1.301791467372318,-0.16655226197762507,-0.7740523126426494,0.2916993171049765,2.668957022830343,0.9865827891802181,0
0.7305185179916883,-0.37589709570452645,-0.32552889494978327,-0.30467029845645444,-1.0555113793219377,-0.6835445303942294,-1.3843956803567814,0.5409308000787901,0.6895137551747547,0.7300621609426536,1.1464552914413564,-0.6888529377972917,-0.6407005094808655,-1.09087411651877,0
0.19317085854602484,0.39379261905284146,-0.37349022459337095,0.2713935838600059,-0.0017260540712657545,0.4322489863483301,-0.7673619198683836,0.6360284243298717,1.7538624675054544,-0.5629473778739873,0.20047766803703712,0.4838552479917664,0.08754312825284563,-0.9513842244846101,1
1.4821891680858252,1.174043714615096,0.0430341785149999,0.014047390052826141,0.1672828929241037,-1.2545662141837408,-0.43946269785592423,0.5065277334845502,-0.0008888899613455027,-0.05945770205496671,-0.5039965067881551,-0.5882738705882199,-0.3015726847748615,-1.6580978800158275,1
1.7676166726546834,-0.49757250264542,0.4187317180375723,-0.20240821194658573,-0.2236114930580386,1.7213500159535824,-0.6556154477299889,-0.15068722888548383,0.6367424130759698,-0.5539351414392701,0.3440800011322907,0.5506320051008554,0.3173745405007964,0.3243950253727802,1
0.40899381271512475,-0.26750940929167016,1.7631032716476402,0.041617032949265186,1.0872779355731639,-0.8308665264069495,1.051784525886527,-0.6310504979053002,-1.3224409462122555,-0.0625804594097125,0.1815004959966804,0.8425635711131284,0.594134201042324,-1.855709125541516,1
-1.405712346235851,0.555079170689426,0.5918997276836674,-0.815503755453215,1.7673762398670894,-1.4945705254506008,0.08985056351496142,1.0879914548242051,-0.756633891375136,0.6831660022133335,-0.8709282445432115,1.0152147814921637,0.03555049023588169,0.5443627989417932,1
2.642882227695159,1.5325683779962784,-1.8007991217489738,-1.5643951258044362,-2.380922090730183,-1.3181257293670288,0.016503867514949887,-1.7394632078106136,0.5197404382997973,-1.5054924361588244,0.6519798911598182,2.5021153673022813,-0.19343606094989635,0.45736135456943594,1
0.9478969030998642,-0.3379698313278408,-0.908491007155914,-0.2438090324834537,0.44439655357280367,-1.7090302434377054,-0.1500270866870756,-0.04028776380529249,1.4769818745893908,0.33341621270650634,1.8164321800295045,0.18814164305243306,0.9777859876998283,-0.05434993016908588,0
-0.0299076240173888,-1.5475731719919692,-0.29389542491726756,0.52856111042136,-0.5023354064599568,-0.8715170609752061,-1.3957306372724831,0.7258424625469816,0.6972373482764068,-0.009329718300787833,1.2576025261069654,-0.8670886176537378,-0.8529466407609796,-0.9781578271319733,0
1.1904441980335898,-0.7755520173702918,-0.2395068379452463,-0.17903451060190767,0.9771860461925523,2.4664330738977323,0.3012529416867281,-1.6727619293630984,1.0150084369605339,-0.5138784373386432,1.952782973915881,0.3596842538113896,1.1605227605433923,-0.8168768166525463,1
1.0800114958284128,-1.3597467167675683,-0.6731907924491047,0.2638749538177379,-0.3880639889511424,1.0715882499263893,0.6506712601045573,1.8428202761443284,-0.11458483478013232,-1.9185303862899958,-0.3561690852504541,0.7828577139729442,-0.5879323221109697,-0.7747693671072445,0
-0.652694499821863,1.158173178629033,1.328195682944217,1.6119334710424404,-1.7939069400104737,0.706718084371523,1.3792480667419245,-0.37562964555493594,0.26447466387512797,-1.1019985718864571,0.19216407107493325,-0.5651327132649796,-0.6795976250290984,-0.4136598859558399,0
0.3342394474754033,-0.938396244119829,1.53068292333001,0.586778583622755,0.07138285140114202,2.358805603540878,0.5458779301377568,-1.1466650841865222,1.1731067409602731,-0.3330590643150008,-1.1641018481953707,-0.0030269980269316933,0.5060391651988421,0.17371214454273565,1
-0.4858575109815757,0.26784539721812745,0.11163843378199227,-0.38717916268049357,-0.757866233755678,0.9574776300500587,0.7299846986971863,0.31699730618039523,0.6141126249355746,-0.47943905952564453,1.2313052917208016,1.3402355825802617,-0.447218207606642,0.9171268405244974,1
1.4857220574894092,2.5751383803449373,0.5075553651053064,0.6617121780252269,-0.3958222810421851,-0.6667876091204163,-0.28781226231652696,0.4394027420991882,0.7568322588274843,-0.38687720251471336,-0.2996432390066879,-1.087002561027378,-0.057915549581057164,-0.1562671991397707,1
0.562029796678083,0.2672019460260603,-0.5838971770690566,0.023786802853482825,-0.2655662144931843,-0.6523450162301455,-0.5669535110392903,-0.13084262698822918,0.2602505912767825,-1.2457731550570301,1.2884226361246045,0.5456203847162703,0.10256792326321151,-0.9273981344639243,0
-0.3555945263343736,-0.9308634220578957,-0.7895562300730339,0.8558418618400138,-0.4431711529219154,1.1544464222280448,-0.8814995454807664,0.9707937991255701,1.0012039287489967,-0.44845995239360137,0.4604827369346457,-0.20351183610291107,-1.0055610559800892,-0.3926238602754957,0
-1.2555334768541666,1.1174538753520113,0.16853112730688233,-0.2911032509246404,-1.0892330422206942,-0.5765254961340821,-0.7607542637866188,-1.0772497874171534,-2.1202569569226153,-1.6714592766031404,-0.2384316468121095,-1.4032789554479557,-1.4150610276194144,-0.24049780782156058,0
-2.534233794382693,0.9229550479203208,0.8319962357366495,-0.6702389147441596,-0.44773938772322985,1.0839120681055499,0.6216092041788601,1.5416634834226008,0.4432893870399274,-1.969638788406333,-0.33356782310886607,2.062700365256711,1.785660384765595,0.48370355029020745,0
-0.6059384007130243,1.5323710987930408,1.0712997311150938,1.3471534370637184,0.19479323659877543,0.7782400434624144,-0.1993765038780719,1.2906224424438286,0.973747640612597,0.2670271161565084,-1.3520376752843444,1.0358837232253688,0.3022413680841004,0.5984992326324473,0
1.427636872625831,-2.434390391791631,-0.3940038965594513,-1.4846271101117074,0.6620343262969015,-1.2460864679675194,1.9331326785350231,0.8612483621315556,-0.2705670309514329,0.16255516625910726,0.9743437590894481,1.1984200237566116,0.33759873156331444,0.2583725010125955,1
-0.6872067549270053,-1.4318351620280019,-0.5839306726012934,0.6949585947344156,0.004375300871622435,-1.7475829203776776,-0.0713615509330549,-0.8136469066267406,0.2898942637690427,0.1321727881635941,0.18273307890317794,-1.740465516816544,-0.11950091099374473,-0.022226639985095574,0
0.4699521667908947,-1.5657393149133385,-1.0593391012254108,-0.985699877325924,-0.26910973177516406,3.068237405111559,-0.9836751081297939,-1.2050663467678193,-0.6588318721436144,2.257867494832597,0.9493079902299312,-0.8901125326983259,-1.424282547262202,2.3337150710963344,0
1.1574636052730525,-0.9406929048156943,-0.09350990794006721,-1.033272547976188,-1.1682161390676493,-1.3541349188035738,-1.614941359232426,0.44012304525511015,-0.22113814400126913,0.09414581197817057,1.3794849563003695,0.10952510223224472,-1.8350041002910096,-1.686393644423717,0
-1.1985452304906494,0.09925520797230976,1.0964280413855967,2.1074692284569845,-0.08705486244459558,-0.13989692635720202,1.5784843340833576,0.7808959611075169,1.3144710882369264,-0.2074896251199335,1.4865118264126456,0.5403299874280345,-0.008078057710579494,-1.208615349486328,0
-0.5262328270612514,-0.15195560181388035,-2.0790208515950366,-1.5064380701230276,1.0919888925528924,-0.8910220914417667,-0.04037456490658759,-0.10094677447321208,0.8545756568143457,-0.6406757966309651,-0.2186590277226873,-0.7192104660043909,-0.47233657548050173,0.6375118832592472,0
-0.8569656832089368,0.14027328023746174,2.2748990703399845,-0.5978548161833768,0.6740850155454902,-2.5891290032997913,-0.8104954660243726,1.9156348711081332,-0.8805535098373206,0.2957555327117033,-1.237711501090962,1.1575775698342643,0.821015010492522,-0.19291934037940536,1
0.16612797752344516,-0.09005264127611966,0.5012090817662146,-0.8648192394889018,-0.1676548290219791,-0.18773267305529717,-0.8330780072576115,1.5580392526575126,-0.9183944369755893,0.5974711931858364,-0.4395800821862824,0.4065258710209347,0.3296959757060776,0.016688838679815514,1
-1.274005212864896,-0.9774951378973047,-0.08566428940076992,0.07704706407530348,-2.2657283528436953,1.2308758356452083,-2.0848366202345012,-0.304131615484048,1.2285729404444894,-0.36988692926126054,-0.8162591297102659,-0.003385647590408261,-0.764850697313323,-0.8825695447080315,0
-1.3555919680650208,1.0395634478806073,0.44640341887378315,0.8477475756769824,0.8194303102940798,-0.9923225709276671,0.1141788443728792,-0.5043175300342055,0.33607138590583785,-1.2845399512382514,0.4241580833708785,-1.0895212878751195,-2.089019224821318,0.27366932342158545,1
0.43568177456568574,-0.34487596439845675,-0.21305014867687233,1.2432248224374245,-0.4729372528962895,0.864376085012883,0.7458862413584997,-0.7911079071872134,-0.18630297298283818,-0.599322077936173,-1.2428903456553124,1.7456477669752666,-0.4571763946835214,0.5694149347173738,1
-0.5943594731642923,-1.0216261013260928,1.4533208253729553,-0.7725862268925898,1.1045327974036931,-0.19036739514930515,0.4085148787628568,0.48002235290731926,-0.9493981909553563,0.9675020029104546,0.16188891887360107,-0.4183813545268577,1.3633551293807005,-0.09094873432104382,1
-0.19232668700041392,0.8806254301742329,0.024815693368251575,0.12718962972262726,1.627800820683926,-0.9827455308942986,0.4653395596843527,-0.6338316100725395,1.3554720970306455,0.32597137895372746,-0.9323069752687203,0.5720681393258318,-0.24836040252292196,1.4987923693370606,1
0.08759992834103891,-2.382398756252691,-0.950467568476495,-0.3731319525464284,-0.6183223282445119,-2.2948270218647453,-0.1318104774250965,0.17586379261493854,1.0228591931088433,1.2878658041275055,0.5515457938499596,-0.8793866017492619,0.11013668644438034,-0.8583745363777895,0
0.9027022516878961,0.782475216324059,-0.8768661549647336,-0.5094000849374021,0.23579958332860695,-0.7167796717912155,0.5485099208679779,0.05410644520133472,2.708211450739652,-1.3158567420275387,-0.2883791258484412,0.29625712106633917,-0.035950580095317736,-0.5902956207200482,1
-0.5276425636762722,1.0626310439487405,0.5118749598992159,0.33156005780707354,0.7869153727672692,0.7874943426186447,0.8405544092754546,-0.8137083937291137,0.9543022311871137,-0.9142844376552998,0.4263483896461083,-0.8509225033959794,-0.5619031602078302,-0.008914371605175902,1
1.2822494349082079,0.11187579413079372,-2.5750366987285074,-0.22103749411888227,-0.4362422947657659,1.2519812732740674,0.16039166699028995,-1.461813698457348,-1.4218665298352449,-0.5769918156199161,-0.8766763154203121,1.298952624638379,-1.7037424585981629,-0.6543433459798926,1
0.150254260580392,0.8040160825992558,1.9330222434188717,0.053625406536510274,1.2470273867108799,-1.7720310641117456,0.7891241573900845,1.2294153156836325,-1.5767089120484852,-0.6260848615636845,-1.4531739036942082,0.6354273758198528,-0.07721175313357671,-0.11966085911402122,1
0.3070698988272522,0.4904260975931881,-0.5165845871456423,0.3611664564566323,-2.7611330452044616,1.0500969973076137,-1.7253848234723723,0.5918954786130738,0.81123919715885,-0.7839161099387983,-0.5927126267204734,1.1725118792868836,-0.8983848118119118,-0.5190712486568606,0
0.2193617672406097,-0.3922840311315898,-0.4139434843664801,-1.9135320067282704,-0.05078246914419109,-1.7112630004716594,-0.4840715499561182,1.2269372482664942,0.761796010727972,0.2038363265682825,-1.230880282402947,-0.1935290718017096,1.5815744588725382,-0.41278535107637765,1
0.3451405332074214,-0.0988251417367654,-1.0274472671501405,0.7335177289800896,0.19368601067079222,0.09278078338234136,0.36257617342201875,-2.0990949727403687,0.47781807813013144,-0.8908531448257817,0.37815173525219686,1.6488709630524852,1.4020861680666337,1.587768401231237,1
-1.2142474172294975,0.9433547298622116,0.6242806869626817,0.6551758903884106,-0.847441308983069,0.26310077528211684,0.6854852407386136,0.5990628643829133,0.11388388980264035,-0.07897167546268627,-0.9023296561374949,1.5998961292964353,0.5147663216022791,-0.6152798767140862,0
1.50278935765915,-1.8374595255288906,1.3129528662177345,-1.8481151182749618,-0.13238373270920353,-1.1845732588497127,-0.06452257980332234,-0.6088132356156429,0.11890888523378854,-0.6584624371192702,-0.1462234684938346,0.22186186218619527,-0.6587252276547071,0.2701475424778439,1
-1.2100627606290955,-0.0650114798714343,0.057936455994005966,-0.5118358386533634,1.212526298933282,-0.15805494509768436,0.5883837012038854,1.1875715883014477,-1.0829312203253938,-0.7904078764443695,-0.3662517177944849,1.6691302627101803,-2.1049605078399964,-1.4222143178312991,0
