0,1,2,3,4,5,6,7,8,9,10,11,12,13,14,15,16,17,18,target
1.1356485198900987,-0.15394321087820684,0.6620079014675134,0.6782483063361631,1.176523058667253,-0.3216105367597554,-0.39709829191400964,-0.8902195408483606,0.49679938962623904,-0.15595201448237472,-0.36624544811720633,-0.32339488957774915,1.9130589059128755,0.38200350535034644,-0.19722173049053626,0.9847319229880642,0.5460735925018572,-0.7616197918335198,-0.2670037742226285,1
-0.7414698970196035,-0.9919688225257042,-1.0191346537661468,-0.34248183057857035,-1.0231225361392209,0.07969143657515732,-0.25831500011414854,0.10757589281231673,0.20981822678436024,-0.15745586203680886,0.6946703497184982,0.11547614606645537,-1.2492018511064737,-1.2434429345975133,1.0303692077030155,0.5932494073042622,1.6326116373982933,0.46793738689957687,-0.485688313322884,1
-0.4209304151741302,0.3861489565632152,0.2731509545435274,0.3081852791118676,0.2050018065747293,-1.0554136581227167,-0.771386875141224,-0.47139354235089387,-0.5281693140761096,0.014012329746969395,-0.15172802011235378,0.4254490689818447,0.3652195687052428,0.1655175033479376,-0.4741666758892148,-0.7704974433841577,0.05649534287404326,-0.4009834672640778,-0.1437360420950208,0
0.4881585881607257,0.46837077326377136,-1.2911811005656089,-0.08722875782885078,-0.5745421698060742,-0.5000115836973624,0.08713265813509039,0.3673894547599887,0.3617976253293634,0.008431515822014174,1.064916572569918,-0.7093890627946964,-0.04670077057378164,-0.010827841945188288,0.048995399452919766,0.7514883525004947,-0.41689255021348237,-0.6592977182397085,-0.1822009124505073,0
-0.03391822166699985,-0.8578546523580749,-0.23842054589181916,0.4388431126234571,0.611184519950284,0.473729167065293,-0.16185591576474648,-0.03597236751227458,0.1543203838871198,-0.4008900512302141,-0.5019261586282252,0.9078724387698178,-0.5753571492085799,0.49350769297181457,-0.15517023783576273,-0.4943574428903686,1.686916835824117,0.5753221552711635,-0.036313914881565254,1
0.32714581870848664,-0.13870436784290124,0.06816555110121311,0.044295438161457895,0.7076029258130268,0.3951226280080155,0.4562753220493495,-1.0097389056601673,0.11880648915439015,0.14445369045518883,-0.35857410351195645,0.6402683439704453,0.5856207669382685,-0.19331327316107938,-0.38798180694374784,0.3804247925947333,1.3059530838841371,0.40036758496450825,-0.5748769302957168,1
0.36479392513213826,-0.5400444368967955,-0.07128268826632132,1.3413033976028839,0.572882466524905,0.27964557973720466,0.6509783955910363,-0.05308104147393403,0.9562224292700556,-0.6067418514277061,0.27537221960095176,0.06451883798373982,0.4361296201703824,0.6390463210797275,-0.055021960722098674,0.7825378257300325,1.699371570250707,-0.4155220143466109,0.07767762982712302,1
-0.711269468368312,0.7560418449361326,-0.4419052036933768,0.03638652529426953,0.8390923208334768,-0.9429702391860778,-1.4091044366591103,-0.5373148285381022,-0.9186468829346934,0.5102448439719762,-1.2356987461624243,0.835909260885212,0.3926472933827906,-0.09416573732326847,-0.20367425490488925,-0.46994577933217613,-0.011953179876577028,-0.9705044974536687,-1.1918761861748604,0
-0.6794693937108419,0.5592590048181924,0.641711945385576,-0.8840410529485357,0.5952743613177455,-0.5410541888755382,-1.3793725806292498,-0.3285297336701466,-0.7112579544759107,0.7020576969840924,-0.5130721319928286,0.6201114839924471,0.4006560181124274,-0.055451774292043794,-0.2463843660372862,-0.2646440876620822,-0.30232747169858115,-0.4504388640751696,-0.5695195880268321,0
0.47157768765628416,0.6261324370305401,0.31309608803268413,1.378749105771024,0.33322088469478284,0.9955724912261382,0.8726324454131588,0.9216706885047666,0.5599834628589256,0.30499593274167,0.9849490524423673,-0.2905834246576929,-0.027102124674604496,0.7362918595653126,-0.4739819832466703,0.5410138738518144,0.23131705784559148,0.2677969996346802,0.319508311718304,0
0.024832637168021195,-0.6362309817652884,-0.7175474137026513,-0.3522144653841365,-1.599341072566793,0.6455899198078952,0.6412462274744716,-0.03970019425463044,0.1413848577794659,-0.2660908828689863,1.3248008345208395,-0.8792435002828607,-1.109970032828568,-1.0599060213525178,0.5522988008723624,0.10587411150206737,0.18333883362635087,1.6676562329431754,0.5587213662578481,1
0.276192523163801,-0.19183175971171845,-0.05641817686711447,0.24547063534934224,1.0397921025132342,0.15476255792870558,0.010994847138327882,-1.3577781341352886,0.17453324824638133,0.5429313528689412,-0.7307744668009244,1.4147142845749288,0.7384774357723703,0.7630632649603055,-0.8747201831860232,0.5902077977135873,0.1963051297072222,-0.1561138033579683,-0.5615403690727985,1
0.24956232158032937,-0.12036936426940807,0.15331483617770164,0.6956908537795284,0.7137599520500203,0.6109038429672266,0.5725706680012382,-0.9996172795699183,0.24806640287607135,0.381651068276454,-0.1443701857327208,1.079846534776988,0.41432111672364685,0.20760456718148954,-0.7182407701032893,0.540734464699614,0.8766113890920397,0.4645214444020714,-0.44033836142379185,1
0.3077776554263368,-0.14254654959447396,-0.3316320746210502,-0.48957162774938007,0.3573202740007076,-0.07869114344603124,-0.36992094693591915,0.0656064834703362,-0.14068962144133965,-0.2374622337675124,0.030861458072273747,0.7178099733969101,-0.46303185245072404,-0.40035759257293,-0.36169174503410495,-0.02548440203202337,-0.41541842066912904,-0.6594552266431963,-0.2208261298911012,0
0.7405903778523222,0.22351436861377091,-0.006786008337805798,0.5903541259759876,-0.29295085290218514,0.4056378072960936,-0.0657560064313009,0.9137248133265544,0.19437069806525137,0.937318147803024,1.1434759207705874,-0.3191355377607719,-0.519250804430116,0.282847171880258,-0.19947886216186572,0.4002342472472868,-0.41605172709336535,0.4998810703515468,0.22169421706629808,0
0.27916093294633026,0.061320274777263976,-0.8433427219664106,-0.30286190537244073,-0.03283482652819627,0.00024933062604592,-0.1127559293249557,1.2958513140008412,0.25854200765239505,0.1725204673648558,-0.8262501565491119,-0.7913872362289274,0.6000247710274642,1.8163353045829285,1.2045181289279758,0.7861432341610345,-0.014423783278593288,0.9236234989089441,-0.7610013910532845,0
0.3550211064302327,-0.6913310494711953,-0.1099401265887014,0.23843003947211291,-0.1267727143905582,0.3922397843635662,0.09895762179710776,0.4329716544613541,-0.20405784629142903,-0.7402210411335346,-0.031060812125394247,0.22780638314247864,-0.8580283474313237,-0.8772472660625631,0.293196416023372,-0.27311767289647837,-0.14787733053221505,0.3683333138082435,0.034696291534126955,1
-0.8726164382647926,-1.091466600801503,0.11959820923618392,0.40790643315622754,-0.9858653672307942,-0.3035349053256533,0.06511689199198488,0.5383356093089738,-0.48405297539922165,-1.4323425271435497,-0.33353504994044647,0.6568194638445665,-1.2045759410247237,0.1010147252188192,0.54720030602386,-1.092879101163988,-1.1505835492971033,0.9360310570456668,0.5552875938255298,1
0.30649079345494695,-0.7035183067832961,0.7076434717813841,0.10499983713215436,0.5777504275473182,0.8221415674496544,0.8961534755453613,0.2415827399202485,1.2869061617488537,0.10589045070446518,0.6246711185501549,-0.4333541868129902,0.25978679956781564,1.284608047788436,-0.13232904849309687,0.8589723110577427,1.6222991798685018,-0.44401581454346467,0.9900994888886085,1
0.3245817199383324,0.690679765875894,-1.4717545708407223,-0.31831642319329106,-0.0724140156905133,1.4072802252054148,0.10837005603848042,-0.3574528322357167,0.5796128762795958,-0.229141228567205,1.3626743949553375,-1.213492610585151,-0.542095016029372,-0.1194257894973899,-0.7918308435144742,0.3425976051580343,-0.5659520484422549,-0.28508643530615874,1.0098830530168774,0
-0.22762726613321244,-0.5160194342898865,1.0212078911627518,-1.42674903782017,-1.0571997656247967,-0.25249918057606885,0.609428398782606,0.22505718414288087,-0.5394397556171606,-1.2073561541004252,0.23449217355180207,0.030942893809655397,-0.20569775384283953,-0.18767962116909112,0.302258932929393,-1.0851818054535451,-0.6132254094884759,2.059331733710441,0.5170838332918002,1
0.010399690903499317,-0.4812005509910685,1.472339881154083,-0.5523013985801535,-0.8474656567779414,-0.18194418047769492,0.529310315592582,0.3817675907803966,-0.49139335542715074,-1.402988323871661,-0.017904387428517254,-0.4577184443211233,0.6288103330685674,-0.873784966257711,1.0847411353385668,-0.27140546740861626,-0.05808469110878088,2.2090825399262,-0.21486219601049464,1
0.637354165322378,-0.5905938048649907,0.3513593280649682,-0.3860481381663928,0.45755678981474684,-0.526264858631874,-0.17924350332099778,-1.1906633239006534,0.2030994958162882,0.57223576358145,-0.37561229634835624,0.5561752672936825,0.9687036340358203,0.5451985069085772,-0.35246553799831903,0.544411266554579,0.2746520334157714,-0.06515163871129566,-0.22056072922131306,1
-0.43558862229397405,-0.8748863845939416,0.6011510188208826,-0.8020205986652504,-0.03887026668512023,0.017424540997713497,-0.03701820403222138,1.0404019726659963,-0.6151097237949842,-1.0587957090788274,-0.9364988803462317,1.1894861554360237,-0.5718979470025217,-1.3366146923528914,1.3225987278905422,0.13308188590467945,0.48015231954544035,0.8559160968080216,-1.3852092749802287,1
-0.6236066212543132,-0.04252667985108616,0.14588359133580964,-0.5089745975340259,-0.2832054026639957,0.625765371401701,0.34194305254341395,1.039435371865691,-0.3465605463771877,-0.8465126693029202,-0.4517823718400068,-0.20786422944809052,-0.16654271714638216,-1.2327567502946513,1.5176216885785059,0.5759161950897298,0.6241998546975429,1.0732663215128193,-1.1661361320230732,1
-0.5360461501899594,-1.2846069614871796,-0.030404323026084455,-0.2118388533519278,-0.6263168068322169,0.29635504780229793,-0.2960733541746131,0.23358436532543225,-0.17023813238865418,-1.53375261834117,-0.26830284802967724,0.48129335301808207,-0.9106882983275988,-0.29161239629693286,0.6828445721098667,-0.420688340658264,-0.5599592690623753,1.0712528185805261,0.3211110846796663,1
-1.0918554709686905,-1.8733235201988276,-0.8834353057006668,0.7855767061282177,-2.0298623458986986,0.41768739301929264,0.9303199968597723,-0.08055521374514317,-0.22984277096809416,-0.9127204938824033,0.6110100893363016,1.0867107297824914,-3.012715507334456,-0.06759983143804713,-0.04619656306819871,-1.5600917386693498,-1.010462647215314,1.703208935373074,1.5647037619388278,1
0.08428182730012031,-0.8123888537093426,0.25286308593991647,0.32279388154284017,0.5995136105863607,0.22501797444369193,0.5081673535224551,-0.19187319180123122,0.6155307926322816,-0.6072152860932025,-0.08256697403425631,0.35988298186832385,0.02696219399085739,0.6345328041859334,-0.21006322678233683,-0.04661197363794951,1.709516633513614,-0.2449112240094453,0.42620809549133304,1
0.9461604515396483,0.03749838172246422,0.42147622689711123,0.09388697190148207,0.357056661854469,-0.14868311420386793,-0.9251519208649851,-1.0224241160700074,-0.4449731588710111,-0.06905052018995883,0.8328770859093333,0.3268036914279748,-0.1802305796145501,-1.2613807477350183,-1.3189907079718184,-0.8104993786179785,-0.6170900112729233,-0.3392187424074971,0.5895827646348748,0
-0.6209236606594748,-0.06924561996257284,-0.5025905898441878,-1.745879253686575,-1.3436447353164407,-1.308327001939187,-0.12856896692695566,-0.9300728804027273,-0.8069181395807091,-0.02043674854380773,-0.03122273853548143,-0.5762794030192231,-0.15318030190616125,-0.5854088933762436,0.3083634933003196,-0.9631667817725383,-0.7676999814324486,0.4561869866078715,0.22146351875532352,0
-1.0324793139126935,0.3568608648848699,-0.09283252408711429,1.3764720456742698,-0.7181193498139196,-1.1174233443358934,0.3832016357827555,0.39220215186665314,-0.44209958168179553,-1.0761185224082037,-0.5509925196771736,-0.4125275628437012,0.5640607501252466,0.06726489609145445,1.011353979559452,-0.06572897988117306,-0.667714864793935,-0.05765433068707008,-0.5670039416023679,0
0.8214360375247384,1.273617676616329,-0.729560743445935,-0.5339633734822273,-0.4606423095151679,1.0532666865260862,0.44702344642932285,-0.1586874246383637,0.8164707510425333,0.8712625055397536,2.1291399029830056,-1.299305415530493,0.6287682099564514,0.6056459077499606,-0.730951145013392,1.3611817242586843,-0.32759828605498054,1.0544149658665176,0.31285754572833835,0
-1.4138518525989996,1.1208831458275434,-0.12481897863526485,0.7588381697960233,-0.010692852512849528,-1.5398878202058393,-0.49684933115353386,-0.009096727610516138,-1.1913015181656372,-0.958064585106545,-1.553592546787184,-0.2703912810688593,1.1303263433820794,-0.542518892227326,1.0136557369643129,-0.45140229415073807,-0.664026031081291,-0.6834157470511708,-1.4212619575171157,0
0.7790739375222113,0.7592448087403528,-0.4572240021595734,0.39716255751793084,-0.7551889935235431,-0.8134143391980418,0.14189263319185602,0.5175292570713294,0.34381230567293436,0.9160908163067782,1.6744150002861022,-1.0595638407079004,0.33149668803237525,0.075596695012476,-0.05584330367783822,0.7501689361938281,0.15760717650099615,-0.20134021595460758,-0.11720140800208939,0
-0.38743247860541635,0.4107198793017487,0.632845385958937,0.7088373011937524,0.006662090759442513,-0.7689552942611678,-1.5581865271077986,-2.0708290452808624,-0.936806486943138,1.8150812542264876,-0.06608126348953942,0.04910919983681005,0.6099988930459617,-0.5051456172629206,-0.803073775118799,-0.7471787884599667,-0.06385239629632623,0.34638828983823317,0.06783548405658231,0
-0.567848313431437,0.7284458462031146,1.1423734159127812,-0.030395414486686076,0.1970177727829072,0.1439087356616522,0.6844378637894512,0.792686472301619,-0.9021022948247945,-1.0443294141432904,-0.8798930082797897,0.07426167904102053,0.32043816918597434,0.1351422044196818,0.18306092858102796,-1.1459883463180875,-0.8008588011796364,1.0768690187842873,-0.16358540472517585,1
-0.554489548671705,-1.0921625976809677,-0.6424271816747199,-0.2248255042708422,-1.0731817113840751,-0.05065291299939271,0.11349120021051554,-0.07360882329648522,-0.13456097139603898,-0.48293529263828067,0.5932476304874604,0.7066109760063969,-1.7890277852177956,-0.28053158131735895,-0.10383630213412633,-0.9131049864804125,-0.046014077767596244,0.6774595144029971,0.7463186851505079,1
0.40210635528754746,-0.8796855465083622,-0.06917194355192041,0.3634958531366328,0.5056362971769828,-0.21082261282258974,0.282369645861223,-0.05059093480907138,0.6779492912958638,-0.2399692401104355,-0.34356029626721535,-0.11061594728692387,0.36729051254501016,0.8119068638200041,0.2650944678339228,0.4148869499601324,1.4719682971135135,-0.6084528030498283,0.14477165664981298,1
1.513020509833516,0.8543917099865528,-0.20917248339825875,0.7035349432376172,1.030477840386021,1.4206265513623957,-0.15506473211741942,-0.2250043632998349,0.6419777908516124,0.6492760987788427,1.01183668383191,-0.4698194421606055,0.6012376204284341,0.8750567395076233,-1.381253140744078,0.6834852799437714,-0.38754335967005266,0.2860199008454235,0.5029192393036525,0
0.19913926563171722,-0.8569434789740071,0.1053771157244065,-1.4131055585219212,0.6403788524277487,-0.3692965480338604,-0.3779743666773997,-0.22410606559782278,0.20397167122203888,-0.5641508716130298,-0.7020975266690023,0.7874865355743484,0.36864219999069203,0.9715462271012821,-0.03532768188175427,-0.2555891033759946,1.338608117102612,0.3236844517721314,-0.2030724870507503,1
-0.4089245957360691,0.3005197204232512,0.1631410939444833,1.3579651817507912,-0.04057160355174079,-0.4335337589316925,0.12413851654770162,-0.19138749166873625,-0.4399260513939174,-0.25162561077090884,-0.419044666231439,-0.4637381326352652,0.17212948048083554,-0.26418471863481785,0.1120411929607083,-0.3846615145536524,-0.9413083901692948,-0.7960385637298282,0.23042472927295365,0
1.3230625791611088,1.2253847302348402,-0.2229129912600342,-0.08074667913088661,1.150985745755429,2.0627266022459283,0.43998110588361866,-0.8423181925119412,1.1518063466484885,-0.13266243390648985,2.286447412693068,-0.4939226421158197,0.2849855506473013,1.127783670687218,-2.763116173317732,-0.0014828511534517533,0.14256129507457285,0.11355257430049973,1.8154879942735263,0
-0.03228665601693067,1.0249964591632559,-1.1910204178652741,-0.1081945260745465,0.36720588845837665,0.22944017054195162,0.04693930812327374,1.0888004092697254,0.14976262768656393,-0.4450235834016801,-0.6677279976964315,-1.1382230160497302,1.0539600925013195,0.2676588179989471,1.3309471743876289,1.2605686062043238,0.8403312812290643,0.15557668428842447,-1.6250078723016184,0
0.6746490604450677,0.5063854627931874,0.29262663701068387,0.3632633709182584,-0.14503982923306896,0.888189075717487,-0.11079047690415669,0.8335143891684226,0.23864750480411986,1.140862608210716,1.5299472492241606,-0.435250107213658,-0.570253419217469,-0.1061987126370487,-0.4399087470478613,0.6079032284264474,-0.6059013900066758,0.3086497568947979,0.4044158981601246,0
-1.0410713180873705,0.3529551944867024,0.2315130198664905,-0.652964786450152,1.0116502630286899,-0.2027828665400644,-1.1455165829594827,-0.2354276437262154,-0.6039137958887172,0.07629699766466652,-0.7366255708380812,1.226571063890249,-0.23444057356135384,-0.6924339436309751,-0.2802991173363897,-0.21081189149624055,0.18288633453194744,-1.4350711209164775,-0.7544696219486899,0
-1.1768989777535164,-0.16578909038203027,0.6493630567548218,1.2438979006841915,0.027022947883142426,-0.019562427315790103,-0.23755900301503097,2.0405924749077036,-1.1001494846690998,-1.0688597443487617,-1.5280375625331268,1.1991411052525291,-0.5046058356592477,-1.5621834142426883,2.114079605504686,0.2473916601941831,0.5405583071399988,1.0393542736816488,-2.420870754207401,1
-0.20116174157893663,-0.2693242640909067,0.9624913822302494,-1.5187304156220882,-0.4321851282806783,-0.20263950114161583,0.17790045463089918,0.2533848235932767,-0.6021930152111202,-1.072521728654363,-0.336597304554408,-0.1373843754033698,0.19056618429140676,-0.43140030181204253,0.5391755404633495,-0.7041248297103399,-0.5326474257805388,1.246337951526622,0.05385739209055981,1
0.1781649491362515,0.4850395530033329,-0.7174632691892908,0.012090280522188454,-0.08396500450907796,0.26929528441336276,1.0025144239979658,0.660938532897527,0.4983128329589216,-0.11765339984524698,0.23203989342404432,-1.5152603812413072,0.19861725837852012,0.503534586092601,0.44229607474618,0.5453020052202974,0.09101445574703156,-0.7619230191341388,0.33348651023671333,0
0.14476351253355085,0.3440591597640595,-0.9054647392137137,-0.23516854388953673,0.06689646494424,0.0618709206747084,0.07813893857282102,0.851322093475781,0.0985642026273359,0.08323346197301218,-0.5454357910036337,-1.8802099559757708,0.2538001405344873,0.3057276793229657,1.0964292455106515,0.24584305235066128,0.5790456794490185,-0.518261027246428,-0.10922213782746736,0
-0.5613444602429937,0.18696856362057396,-0.10670425654816283,0.027860455024483165,-0.20090370661279108,-1.0940242696448776,-0.4726177472793591,0.20768702561394473,-0.6377899373990665,-0.3738804218574946,-0.13912359569791535,0.43519395355020307,-0.28975428130800407,-0.47279315733284605,0.10089307171655983,-0.755643456988273,0.13253428297431114,-0.4290667853257644,-0.44841083819673494,0
1.0992455339977503,0.17075056932857052,-0.6728873614086291,0.48373471617597474,0.07883432272379766,-0.6264380859005213,0.3113978003201825,0.5964007975517076,0.46968798600307415,0.005256024802832817,0.5874785127129899,0.028114523080447415,0.3800717779174406,0.789247227330527,-0.2075187067205998,0.5950116510444126,0.2779218996264826,-0.2541458836298233,-0.4362672990001641,0
0.8052855659578617,-0.1449510947873802,0.15744235968771172,0.12342602575003721,-0.6145406992252547,0.20328757282675491,0.4246745324140622,-0.22119075614831848,-0.6201702719391395,-0.2381106159217325,0.5568686328135504,-0.17959308583975608,-0.99161112185935,-0.011208392645764571,-1.0691955993057953,-1.823486598300188,-1.7480364034113591,1.1538133068854195,1.5067892412615056,1
1.180954136559534,-0.020418355474174494,0.33679492433252,-1.1531969489889753,0.3152161493399188,1.0199881271274427,0.29334850497557885,0.4002441106102451,0.5086586661091917,1.106990252131706,0.9131281933732592,-0.6257717159989418,-0.4474291170414303,0.7821593663807601,-0.8216373856630016,0.2971891196083996,-1.1259848293568038,-0.3386533725112657,1.3017707373663465,0
-0.19068866983525115,0.6391093105831649,0.8267535111334252,0.49610069061036877,1.2315046277359774,-0.24132535135850258,-0.9548097232450548,-0.040477750859195596,-0.3085907823575839,-0.1532111697612617,-0.033954728833248196,0.6398629963325712,0.22248710487249462,0.05715089035582682,-1.0179169673522503,-0.652226805566887,-0.07359817583302566,-1.4273909288777542,0.18173450095347296,0
0.08480435960612225,0.4772431139626853,-1.321124204755419,0.01830427489463211,-0.3304014587848958,-1.0472592651429649,0.17817007711537317,0.8498777512428694,0.38801174769279384,-0.6493820672557206,0.31053125944423376,-0.9928449498654492,0.5313296953091454,0.5753738801567797,0.7554586739956437,0.42754102144625195,1.3304236577776485,-0.46355568788746904,-0.7057557047056293,0
-0.20694588145936868,-0.7497630292579719,0.9903935984617925,0.4332881349580264,-0.14743035519455644,0.03794751350623674,-0.017394300381838767,1.0614795805843986,-0.679012952481549,-1.839081188460808,-0.7279550946084312,0.9293163897414657,-0.4116050588273175,-0.3948629783817434,0.7006183058897794,-0.8280337150779268,-0.6450955084664632,1.5009353377038686,-0.351083653634023,1
-0.37309664520094005,1.204506339493342,0.5064481371685734,0.6226923058777567,0.35313863999625744,-0.9429715291146668,-0.3418590440140669,-0.5235302342241078,-0.9213950181689144,-0.1529489957306759,-0.5836730446376209,-0.1854466727528006,1.238009876865393,-0.8023309076616371,0.0025794949303834407,-0.3747578512983667,-0.12685982292819223,-0.25865579760730595,-0.9647097144007525,0
0.03602962629263369,-0.6546691681106902,1.4073554596048057,0.2529387363371774,0.4759625281984446,-0.28760344370400687,-0.3298180598595319,0.5097191065833991,-0.43410106122112374,-1.8117378639576749,-0.9914050149404008,0.5123290070718411,0.6650256559026602,-0.23248931638254028,0.6470894309433716,-0.401422546234177,-0.3032495928738214,0.6007436871922919,-0.3527914015008111,1
1.2176036129188803,0.4054483492240669,-0.4059483572496464,-0.5400676111121834,0.04462272467972961,-0.03814250166973873,0.5226928366450352,-0.3717732903391826,0.6412080742008176,0.6803750352185207,1.6597525829543494,-0.8819053762892158,-0.08770067373427524,0.14796427611833438,-1.2421547819996752,0.11029581778303812,0.06325047799783087,-1.172349344014058,1.1492421246116593,0
-0.33348809606043583,-1.1325553706789004,-1.1330756044794135,-0.811752343686104,-1.2859057905176157,1.1364405294555808,1.6653955498724837,-0.5936717616822283,0.16904253923812657,-0.46164853961577107,0.8490554659774404,-0.045538918738924204,-2.545579573756762,-0.03733327571100571,-0.8011562507015875,-1.4157779042349494,-0.8593042070280561,0.6033118651617753,2.266660422515294,1
0.9639141873334265,-0.7911407161797703,0.36531825746091456,-0.12702685988940626,1.1985508498880215,-0.3145405160178757,-0.322007365591339,-0.3637208824564781,1.0001388291462132,-0.8118622588031686,-0.11993445517150861,-0.31614152560231246,0.9432790092784455,1.5866251305685446,-0.634339423245584,0.2318592254285144,0.21962651201722722,-1.7857082587310689,1.1696754728238503,1
0.5790071596679918,0.26368720566622195,-0.3688672964517937,-0.8348765131444006,-0.014393520144385951,-0.057059158966821864,-0.5823482488172593,0.6858984704577268,0.006114279344025247,0.7673759013213134,0.6981994358236288,-0.7968387819788015,-0.3641676620939043,-0.42449230538320887,0.16512794054410715,0.16113544072570532,0.5987479958528268,-0.35881803814012153,-0.07895669823700621,0
-1.156508109551897,-0.7096912480770368,-0.6858031851537109,-1.4567333685334989,-0.8806992744752591,0.46238797146775773,-0.40019348905615465,0.9563321819330516,-0.033556129235041955,-0.9658549960230336,0.2553530021206232,0.30944117539588034,-1.089474525596537,-1.1916464766142387,1.564853195155415,0.6310718649641804,1.3534155280283648,1.2412638941232772,-1.0558233781038822,1
0.42410534518614634,0.3509406782590235,-1.0207931595852724,-0.008247714640115,0.09428787517653045,0.7191487101587659,0.5744827419963887,0.43161162988193186,0.3636704857682181,-0.2768281375320109,0.45366889928933296,-0.47039542239769866,-0.3646537282952351,-0.05977012937092083,-0.09751428255611443,0.5754656633263205,-0.39796788253867355,-0.4716733100407186,0.05177838748387885,0
0.10893474162547125,-0.6628120115401919,-0.003417705374294752,1.4817622438842486,0.35823942902262423,0.07598440215920067,-0.9040314343644633,-0.3950948575218434,-0.18096043260046635,0.4459707403773121,-0.7336961860352093,0.4475146671585253,0.15945792488629812,0.0611192267158137,0.37617376193649876,0.18962193287046314,0.8124124485682959,0.7631763270782798,-0.616261110384425,1
-0.09125777799065227,0.7944422124543342,-1.3951736816207785,-0.6072967473849441,-0.8714821371663789,0.21574813175581908,-0.13519788070379307,0.5727854526519993,0.14822257559548865,0.07939960243700682,1.1977782013228553,-1.258349091698744,-0.376213829809522,-0.40461975726698657,0.4147007032669918,0.6135842593654207,-0.213086821063203,0.2081738310410688,-0.1695078862915159,0
-0.03069029820253576,0.2998695265768447,-0.7283911328665507,-0.5096164025310419,-1.3297475335293927,-0.37624537751963777,0.5873826027769402,1.481610617041479,0.5025400757214962,0.7246711510827368,0.3545997696189437,-1.98324374764902,0.6611870362560784,1.373251857938916,1.8262114369085776,1.483675560833213,-0.15772413747056735,1.0423197857959032,-0.49410780039676067,0
-0.520056212585826,0.8323259932518471,0.7188608585191995,-0.7918845517587744,0.05462431785382731,-1.53162525051505,-1.333226820594761,-0.963429734914428,-1.0577980515249028,-0.17330000236714435,-0.20085433052024862,-0.1405064287777545,1.1974023611115676,-1.0535626446819144,-0.06244612424162544,-0.8483506362233408,0.4827901887283846,0.061063138356297834,-0.7611469704828439,0
-0.6811921234060733,-0.14325188079209858,-0.5279194602259704,-0.42861407534235646,0.06605289666648266,0.9372789281288708,0.19256748735484835,1.0765929815760416,-0.30725569523841395,-0.9063869911728073,-0.6213327152441473,0.3240139894072511,-1.0627413534043917,-0.655394540136412,0.8054771740231355,0.014941001379710262,-0.1906357715403978,0.2377229338251664,-0.5416689626758638,1
-0.14160213315366268,0.3275298874040014,0.4634072526489975,0.127984404140003,-0.550129177592716,0.7068661170709802,0.7660164166742212,0.08426626117577461,-0.4387659375180122,-0.7530447046969584,0.16401880896829016,-0.9079964226782253,-0.007492381117151633,-0.38068244326349177,0.17216107038119238,-0.7501379339477666,-0.518483752007071,1.6561555350974795,0.5437673048576174,1
1.0347217084356313,-0.46007468711320126,0.6700684017606572,-0.3483818653590859,0.24423402410580736,-0.8047001036254218,0.0932094330827444,0.3689709703653541,0.44802259264126415,0.18707639527408335,-0.2680409573635029,-0.4898055218145413,1.671792613093923,0.3811143981306039,1.0953860812710634,1.3133516855243108,1.747882735197425,0.5894224139067095,-1.1626774778192468,1
-0.4785148051151319,0.1615893240884758,-0.04569870654659606,-0.4797943070881939,0.2524538285255842,-0.6887803009323412,-0.6715515809373408,0.27319864892480183,-0.4474610176116038,-0.7249908469040549,-0.23843378324316666,0.6229636244832396,-0.3489142084788199,0.08127998828975395,-0.3202869710871707,-0.7554445575916353,-0.8185969539330105,-0.9697515424179035,0.04999565737482857,0
0.8415259453992772,0.5665326078517261,-0.1942166830021172,-0.7472957212374801,-0.2177277451744825,0.1327826860714316,0.2901340075497353,0.7177673268331377,0.44206479703755075,0.7714590345738415,1.0821832156154036,-0.5297402281079052,0.3191153257004604,0.9010102106120907,-0.1996160938425903,0.759065483528658,-0.09226546545138024,0.6263090519861905,-0.07115947992996079,0
-0.30326478998890743,-1.7178111667731617,0.9267541394022067,-0.9452164070868965,-0.5210821396889884,0.3194579328996864,0.47222390246486917,0.534994470736797,-0.07643765513952813,-2.1706676097745348,-0.6306594474592326,0.5167684347040172,-0.36496449126622016,-0.7372446984119163,1.3194817298923593,0.019533467628224138,-0.17656326739433328,1.3386795372413045,-0.029821955923784213,1
-0.2409402471771021,-0.6587679282577648,0.01808396193338273,0.4174426905023254,0.7845099089472907,0.556806831223764,-0.4199076242096633,-0.845780371955865,0.060519644281347255,0.051675833128290244,-0.7820990485846983,0.6058556664474188,0.07755030014457365,0.18555452353188312,-0.08839704919211147,-0.09319504511344714,1.5779686702803977,0.42812279543204357,-0.1858591653753252,1
0.29115289298674274,0.6875125976597758,1.5526591924264588,-0.532950637841775,-0.468355188233085,-0.8736539802203296,-0.40216951961074565,0.01625231960800186,-0.5310331965134073,-0.9540928581338886,1.2071815342278962,-0.6484477388928169,0.8324642311551308,-0.5815797905326562,-0.4977046520983468,-0.9151317493333101,-0.8910772954373795,0.6756776095231568,0.6191563397042203,0
0.14269497668792333,0.3858045298665999,-0.9245422079252623,0.05766253526019025,-0.6241820031941793,0.0840991539293202,0.4037427219011643,0.6590587914836569,0.4170838900748649,0.0532822239189389,0.9389912928649095,-1.3228878305191276,-0.22976376303998142,0.3240906799719189,0.32074968920905295,0.3718506565488532,0.16576165018629466,-0.08186609847100597,0.355849689896981,0
0.2843423726989399,-0.06578198011661031,0.5914768908765101,1.4064490714358513,-0.06414234692722387,-0.4507496926749764,-1.0377629948929064,-0.49488861007142704,-0.5038054674654212,-0.0836833933824358,0.7245549110674421,0.12485183846251954,-0.31411364370430744,-0.9275223786730383,-0.7148976201627995,-0.8514399223531363,-0.6026825076195496,-0.2099502358901846,0.5919577454646999,0
-0.1734679480993124,0.5056265178408247,0.30979086153995294,-0.49647840901986945,0.9230277709787382,-0.48535810027476994,-1.2016293853487834,-0.42379066505018004,-0.4243744823543427,0.16038783050189362,-0.1440208532843006,1.0265681614610802,0.11967549358257001,0.48111839775231574,-1.1755539640541182,-0.727703205087942,-0.5584640907984828,-0.9159265143885716,0.05549285880032735,0
1.4759028937850027,0.7246243950929921,-0.7266653451146217,-0.6743221517077715,0.5481624293900633,0.11097294984165587,0.04626029007783536,-0.7124081786055549,0.6835420930249381,0.10059804185957036,1.8147865802806562,-0.5217665216039664,0.16641484189500044,0.2255570441131465,-1.8935961311252352,-0.124232447439671,0.3294953469385422,-1.0620554280011476,1.0345995212212205,0
-0.5252683969582452,-0.7029039319385127,0.24198346179071298,0.592554187123629,-0.9457086269857581,-0.30718461044832374,0.4850430815544734,0.0300713155955972,-0.29798074844630257,-0.7641532715478447,0.3271161475225325,0.269629289603611,-0.8274872838130866,-0.3299457910878868,0.18927154324802273,-0.9007264340490725,0.10680019643077603,0.9796057565101934,0.5037393119630836,1
-1.4947611524942452,0.6440330369288573,0.17140819909676241,0.040185180570429635,-0.2224680032674129,-1.3611019894820322,-0.8462162225797851,-0.2778579983423467,-1.0272816268140819,0.4573332775143473,-1.2144857874227293,0.015311257099266853,0.9000348733102779,-0.5805444800506359,1.1837766798145049,0.04721483235740595,0.5493862953392104,0.04058106074051025,-1.6501596762449806,0
0.3415081167076294,-0.13131904565649669,-0.027759208237408284,-1.1955766752181736,0.9481845909837482,0.09509255648976413,-0.3830694464440006,-0.6764061337034084,0.37995363670968496,-0.7422538414221772,-0.5124479244465016,0.07512028776506231,1.4308710065769843,0.09961722952475238,0.23635098914190064,0.7945395084063789,1.9017614307033013,0.3670956911580864,-0.9547499999874571,1
-0.22519695957245522,-0.4146715963505543,1.5076982604146394,-0.5807252710815327,0.528172211308031,0.19788761930968599,-0.634972802444726,0.08974257446073194,-0.3820096345938912,-2.1322541508128228,-1.03154615455926,0.0791076162333645,1.2151142644701531,-0.0020615364517069363,0.668252992131385,-0.27366128325536393,-0.5033018434998645,1.2638635211124896,-0.20212904791601558,1
0.3114038489747991,-0.8169261117136168,-0.5843688217153322,0.8683398535596606,0.23020424640776987,0.5096346651824706,0.635940085886435,-0.4398053125192353,0.9024252765699099,-0.4462695836215453,0.7579677907245597,0.3608220888265448,-0.5123838316613112,-0.10836693112360685,-0.40869253291120117,0.5831535808872992,1.4630274960507657,-0.6396162344644084,0.4127093294810255,1
0.35156654823454186,-0.09571652744594401,-1.1075318251355215,0.4901107206763074,0.17686598432772133,0.794981423769609,-0.2064301036636391,0.3513641589790344,0.16691949376676157,-0.2938951767210804,0.3165314840190556,-0.4861538777228372,-1.095930289772061,-0.14982654976021317,-0.29405834032623746,-0.20067293060734104,-0.6835703741592731,-0.8199023286159995,0.7419933255860547,0
1.170821324963774,-0.6200346388372227,0.458426609533819,-0.1448169622571841,0.6077980479803818,0.22960400489978228,0.6026906139002015,0.11735056941989093,0.6249733596626716,-0.18469194911905287,0.37685131367241165,-0.3132375871490792,0.1975696195423947,0.07020303880513909,-0.24552857450288146,0.2412484575525798,1.1953393743311918,-0.49231432401348757,0.5063214089801757,1
-0.40647290767548616,-1.353832037888217,0.725887532830987,0.1376860357125727,-0.9300451587400802,0.4812746214660082,0.5033291128896538,-0.006372528604606184,-0.04796544631368288,-2.073698380304222,0.09861761008676087,0.04929718543747845,-0.46018173951085023,-0.3041821692325748,0.6291733365011919,-0.6472552983745539,-0.2684830853490365,2.019612929066491,0.8138611764674799,1
-0.4199922657415126,0.11330494561875705,-1.4679762139642587,-0.10038078527424366,-0.7021837178834041,0.21916524436190554,0.7017501239984536,0.48753291488653533,0.2706779771891623,-0.2789763857587718,0.27271458575530483,-1.5581843886173918,-0.7903505514383281,0.06432602820754894,0.6261365392364557,-0.019059975050612837,-0.025472037007377282,-0.7421148470432877,0.6634925111309937,0
-1.6079672022769236,0.5613504529184721,0.3859890940087831,-0.1821336856677597,0.4351149264922197,-0.9028690364178762,-1.3584623666584021,-0.8326717816337388,-1.113297603593345,0.2481519337629502,-0.8532118583018308,0.5751680314585501,-0.0018014581159548806,-1.1435030365322072,-0.03435555951821906,-0.8706221913128843,0.25472876570059316,-1.231795252534042,-0.5983150645046192,0
-0.18937309419787157,0.37332394279164927,-1.0145113008583568,0.33814658180760576,-0.3727655562775787,0.35480748650547334,0.017058000768468636,1.0131298221698446,0.32886342538506336,0.08163508796519382,0.1138029946716011,-0.8718074385332959,0.07081251321002208,0.8852479601315995,0.8817122146190781,0.8814245662939417,0.002975681156155788,0.5710739005715063,-0.4699864356246143,0
-0.13399817526980587,-0.10069233128312272,-0.45765214838417084,-0.7907088366662871,-0.09598992294378277,-0.5930058974209291,-0.7082979030443327,-0.6447347482420147,-0.4144377778919663,0.7708360679567147,-0.0330754302912229,0.8597398076765023,-0.46270613471025024,0.23862968410479177,-0.6145400651680786,-0.5009977044459233,-0.3598734546155343,-0.027910773599022283,-0.08597341417374788,0
0.4151877630161801,-0.7775354503822103,0.0185968490060463,-0.24421695684643469,0.6110483759503541,0.6945708567256725,0.2232460861491762,-0.4666137789523253,0.8372945294065505,0.05846040673541265,0.3494097891809424,-0.07301857696593228,-0.18017300055968352,0.6359046351466291,-0.5319739370998536,0.33387402157885115,0.8835555492984696,-0.712703317459539,0.9760776402725515,1
-0.5033426851932751,-0.07727370358134371,0.8461513952669186,1.1575892279368118,-0.18161395942486336,0.9071110470325339,0.892807225144166,0.6579203602788505,-0.9093819744480476,-1.1263650012437394,-0.7867921342444035,0.6853397494408577,-0.6846918597920687,-0.43106223491300827,0.24935905267401656,-1.1618431108200649,-0.8657017132734318,2.0189678145792676,-0.07119658980252044,1
-0.21076680888780308,-0.29305389550872296,-0.21396788932427638,-0.9867739620232426,0.9679911195582382,1.5109092859781674,1.4766497986073528,-1.3785428071605252,0.9583966573912729,-0.25270365406853484,0.49403352918910554,0.866694434476756,-0.4172758097400043,0.45676143620923126,-1.5485594610136482,0.1541316513226544,1.4530159557595206,-0.704595713249935,1.0275487922809565,1
-0.14451914104345076,0.16866513574328942,-0.09748774716456221,0.14279575070573977,-0.010236701466108116,-0.5349373109825104,-0.7011711544460106,-0.16135002823525546,-0.5723685112077583,-0.055091598204093276,-0.016417446790064107,0.5782510776584604,-0.2664589396859004,-0.4639343571726442,-0.2936707780195146,-0.45285253160029676,-0.6838072647065103,-0.2229880112079448,-0.2795975009581237,0
1.4466801298602392,0.4880030776660425,0.3256199251990656,0.3277048962295983,0.8074222663822511,0.13293113442737534,0.13169753119138444,0.7259885061689662,0.36166289235709737,0.9155230442083832,0.11495900364251069,-0.6523878715176052,0.9577781819027512,0.9733737888580359,-0.13655557404184543,0.687997249346398,0.41620901717513786,0.014272349882363334,-0.2871895460072759,0
0.3682234844455847,-0.5704705359225117,-0.15887381749367221,-0.2886137747076335,1.4635750816107425,1.0310712343963742,0.21134936142695146,-0.7613342449789381,0.7413707375648803,0.4168687566544314,-0.6389193858203771,-0.016597159743323524,0.06635406376732811,0.695724225188651,-0.5799209139535079,0.4629995900273347,0.9422145565572474,-1.562288699290159,0.6970660682812339,1
0.24866315453710366,0.4589122512314985,-0.7589709532523555,0.7980719301028184,-1.1375846969873353,0.10550695380892557,0.4093461377805628,0.20305927023512815,0.6401628890103361,0.18207455349154705,2.8526167815821677,-0.4884719894490668,-1.1265381913516384,-0.1685666929391831,-1.0751247734274065,0.16777704428783596,-0.4938128441267908,-0.3145037682068037,1.2204100506087112,0
0.10903327624560555,-0.6726826264149458,-0.016363177518178944,-1.634449891333731,0.7436705609096126,0.6668915882017,0.6235398959124099,-0.2505631480792697,0.8544541208344464,0.5690338780762,-0.2936788928736385,0.09037604442690918,0.1128581459633324,1.214038987416092,-0.1094041565583148,0.6932202780558888,1.4157127207198121,-0.49270871873818173,0.37242987424036006,1
-0.22190685234537869,-0.03063011606765864,0.2196648976297284,1.5056322753312525,-0.06477526313695124,-0.03452752743732243,-0.19139542303556006,0.9295474310861072,-0.649100454307304,-0.08194133575040459,-0.44405113772059485,0.5302905237104355,-0.410649878109491,-1.0782426290836586,0.8816419704235906,0.07796920248957138,0.43263309536956557,0.687796221546674,-1.249018276897089,1
-1.2246055317708828,0.9701607331893338,-0.17857769553463804,0.27510657129522026,-0.6306985002881104,-2.0492383136311707,0.035478666827957854,0.5052653713914009,-1.0235973562085332,-0.8943524995672771,-0.7146375408309086,-0.09302173612762249,0.758157910471052,-0.42319481529989555,1.0146873256526678,-0.7514932110486957,0.7274855618258672,0.1257381050686425,-1.5186345473114489,0
1.2766147037808615,-0.535289789952913,0.0635576427453599,-0.039912270479385066,0.8709628014769357,-1.233865819219714,-0.4025552406672066,-0.9782314438439728,-0.14558163046109449,0.3371909074114866,-1.2577519647283044,0.4201531688177607,1.382315582007189,0.12817742439464289,0.012979716770842977,0.49746234692252866,-0.06843832704778348,-0.9173100010044191,-0.8761937128414506,1
-0.8748990378733296,1.2181729049816192,-0.6066873012174835,-0.7688126861289731,-0.15649581137997035,-2.1478244917944616,-0.5891607604143357,-0.21139244278115926,-1.2168377700618045,-0.8474888256587227,-1.4082618185513274,-0.2556871071050129,1.468308436839755,-0.3544689579143248,0.874961454161235,-0.6174673511092611,0.03703458402668822,-0.15561459890361382,-1.8211046881733879,0
0.9493276334064606,-0.6492685325210368,-0.11381987312103906,0.6818669007015711,0.840934822410836,-0.15753623469949093,0.12149681133530645,-0.7376466414749241,0.594244684653951,-0.012617509081540296,-0.2119442846939076,0.10409319451745364,0.5773563354318827,0.4257548595691072,-0.4273882300397495,0.5043065307498306,0.6865927092674142,-1.1011557609688516,0.21557783351765053,1
-0.7151680889440216,0.6352807191278603,-0.5838209679337567,-0.1715885075940463,-0.004398347688637058,-1.7519547807498435,-1.150264834088899,-0.8477131031126364,-0.8468670867400933,0.06716996609408259,-0.7267386293812714,0.37375003919541344,0.9256778937772612,-0.36354661598794086,0.25104359456633907,-0.45929958673209625,1.1184695071091588,0.002132832715044131,-1.4939552258065323,0
-0.8431674245770012,0.5540835815717237,-0.33366835402012734,-0.08596678701319875,-0.556382877091411,-1.6736690182762501,-0.28619234964789947,-0.5440995411652477,-1.024449670655281,-0.4251217082497747,-0.358494737679827,-0.24826986109826657,0.0645281228469833,-0.742000938282238,0.07092036719662338,-1.4368920383065265,0.15641267857276395,-0.4392035700402762,-0.24987098306481254,0
0.17594416381173464,0.3460620853694392,0.583218076189545,0.15730128368900592,0.6860649289383612,-0.15549633966071527,-0.975681691751064,-1.0148859715027352,-0.5224128907382389,0.7944542684330449,0.11765529979778144,0.36438836331112695,0.3568736260478782,-1.3980599917152843,-0.5525240567363957,-0.06992013017248139,0.8092252197742166,-0.4058143362017292,-0.5315744667015115,0
-0.08513631018771613,-0.6208525275293649,0.3360171290953619,-0.5034713955643217,-0.12252045351637332,0.2652909327947929,0.30051916387516475,0.4314824209511169,-0.7096907881379415,-0.571320369524043,-0.83979846553436,0.6124839942940757,-0.8640004438685204,-0.6456529222627124,0.37997492302663,-0.7148968436453055,-1.0130854518885795,0.5771851183164844,-0.053516492093532854,1
0.2245835500735892,-0.31876047986837525,0.4539546141835171,1.588436604232819,1.3282652802379162,2.021247798457721,1.271373127597937,-1.0521524308639325,1.052734879695888,0.22793561629632603,0.5160782834328533,-0.1838230273369125,-0.34644835921722833,0.3132068945467664,-1.3901500544514824,0.1667528471931532,1.3655658963671862,-1.173498845369986,1.7062609268569355,1
0.7552396557436524,-0.5919298390774099,0.15403331257355837,-0.884332705754083,0.7862816944468326,0.32453967870485007,0.615996485588119,-0.322783945476315,0.25686660215242957,0.2422023292194065,-0.4216030635222389,0.22362460137597134,-0.005816682753560894,0.19256063140523536,-0.33957295406339216,-0.1131132964976061,1.2346477173090085,-0.2839872583242491,0.1944112135764514,1
0.6873013208825564,-0.2490641121926572,0.6281157863752383,0.7548548390766471,0.6089937357314832,0.46722202044334293,1.0758480951084493,0.09726079531016045,0.9745109972483171,0.4356536755721737,0.32614132844635785,-0.2268558953432756,0.9282876949834762,0.6035392664652286,0.1369285823647382,1.4905955603833292,1.446810868683054,-0.24705154957548242,-0.18742994456538226,1
0.06982257476720229,-0.3830497007892256,0.7138641636276245,0.4839101174025854,-0.4700655020664457,-0.3742215441421362,-0.6305185852896116,0.2489732696693725,-0.3737779264342511,-0.07554896857162087,0.5359696114161235,-0.07784766953304398,-0.23762689520627112,-1.3178579218814914,0.5089864897971443,0.07005733750833516,-0.014217475201341886,0.28899496368945693,-0.21022581017228678,0
-0.5082608562859988,-0.44426226390008716,0.5674193598038637,-1.10989347280515,-0.28121600115818185,0.9592190290819653,1.5681596144938323,0.5236247380395755,-0.28767399256120374,-1.692536543051245,-0.630130870592841,-0.30023882524711254,-0.6720070886028117,-0.11673621174912716,0.38133895093858133,-0.9874830864844897,-0.9204343438094138,0.8231644812242752,0.9405048495238454,1
0.5828447144960569,0.1109989646041584,-0.6304057744930265,-0.03614272504913536,1.5822981629346453,0.5022556064273977,-0.19607870877446715,-1.4365667677995666,0.21870122816890328,-1.1286813953862527,-0.9341382232672815,-0.3378263347461075,1.2561039959458438,-0.6773177916372151,-0.3095037485479396,0.17353686728476092,1.959000506875307,-0.7154675542862348,-0.5280023356563367,1
0.5527824476512441,-0.3824701105246522,0.6632186064730196,-0.21668431324278098,0.44053166586521375,0.5060815609377542,0.6754397139674855,-0.5877819111340664,0.5181694906355114,0.5642712167823264,0.3643621736324778,0.4251526111792318,0.3603764030942183,0.5080692549951678,-0.6088939739720369,0.5525973358986198,0.6777858120793825,0.28585643121748305,0.2922009541938906,1
-0.29203443987033567,-0.9900521412364296,-0.2800473810860592,-1.0730329781323866,0.13970969725495366,0.31574163213776973,0.7371615228256069,-0.0036060182708495788,0.6040361097836141,-0.1533489388247048,0.06900539951952113,1.0923204596694576,-0.656091412160715,0.591836467112667,-0.03138332057590238,0.20952508241691714,2.1116372829888386,0.38071890428762534,-0.11874511128180215,1
0.6192779221280217,-0.8337091346449498,0.252249716961133,0.023832644661244802,0.6912611194074293,0.5713706095102358,0.5934235336402178,-0.054268833569644875,0.5902169291871474,0.5234059044343877,0.017400117959009198,0.43255360654531777,-0.5414436884976853,0.7851870115292707,-0.6288877502970559,0.086122301890589,0.437259272968467,-0.795210845115246,0.8610127652552001,1
-0.49574780884249997,0.6391573439879132,-0.024702402811745672,0.07137074679228327,-0.3979171242772585,-1.10078791910849,-0.17078484887997986,-0.1816745523720401,-0.5381155561664098,0.2753605771271185,-0.11274872306225252,0.08886460255563793,0.5791987978584747,0.34074713237738513,0.06845076619229797,-0.33302601525947323,0.014791790768876325,0.4835243071760928,-0.6339837665770014,0
-0.08770966913798406,-0.32737115383879994,0.8463235400355325,-0.608726889232699,-0.08556714788928461,-0.03300679620434574,-0.14660596850602053,-0.040264482624986254,-0.477422545117824,-0.7284780925554323,-0.2792704891128243,0.19794496539222972,0.17547589596203558,-0.43704198449329107,0.25809623216300637,-0.5474203443364649,0.056301677894183624,1.146801054719128,-0.09489068816002844,1
0.6687770609760749,-0.9168216283683153,0.27554471282790316,0.065220301089356,0.33677518240712356,-0.09666626485986242,0.6359626422318887,0.20968274248703295,0.4592285699326933,-0.0721144846751163,-0.1328855145567868,-0.3259118064939159,0.0796413138058377,-0.10449379934698787,0.4742351406255847,0.1868951164553273,2.1337067637355815,-0.22032401566047807,0.024688727234907736,1
-0.2007582615304818,0.4263910928277303,0.8649617205298669,-0.21162600251518246,0.24608693242972707,0.003434712231924756,-0.5411690825944087,-0.8537147929728303,-0.5106451535911283,0.8741200623704326,0.20704791459848607,0.10379915454553547,0.2863463859711073,-0.8466226202004269,-0.4827524993591397,-0.0963713292835374,-0.20394954106939728,-0.10884612828063671,-0.025459389217770616,0
1.5020558220717102,0.8003714434253459,-0.25133032316225834,-1.3127227592376682,0.9098699957798012,0.7787350319834468,-0.46095893678054056,-0.09222108874694404,0.6096822174947013,0.82056082726008,0.8716460311268005,-0.33413059061554745,0.9219304215352377,1.1443565382636751,-1.0792891178920694,0.8705578864052534,-0.10739964037528221,0.3599854599696588,0.024612978655103954,0
-0.8874830120828348,-0.42500566073200113,-0.917698523116883,-0.5652731372394946,-1.2527868994982754,0.47279956143697727,1.2989921620355545,-0.4256563819501359,-0.1971046530571317,-0.010826075424087988,0.7055809311240112,0.16171169287216486,-2.109203944789728,0.11785861595229255,-0.7133918099279544,-1.525892055881235,-0.4383730686357188,0.6449356693169365,1.5580849532195666,1
0.30441270938124965,0.5676125989472321,-0.6660516283573201,0.42795236232517053,-0.3670269291134759,0.22940802277080544,0.5891757959966811,0.5427134816123946,0.7719589484259672,0.29694616631973897,0.8235442832779402,-1.6497269511666948,0.6338714665276941,1.3125481351075114,0.31925295697878886,0.8219544734247736,0.4539834700898416,0.3019748020278943,0.357491279848643,0
-0.920890561797869,0.12135929098894492,0.08091527733548486,0.4813279025667577,-0.29029462640749903,-0.03683285236305552,0.569505578066661,0.2780580801101356,-0.6745532509822132,-0.30572880789154727,-0.5085096261628155,0.27854106445538784,-0.8366506034092904,0.0030122700037297583,0.0005707947239135329,-1.1980712109865619,-0.44850291929103886,0.23048324401454295,0.2994285871704373,1
-0.1952478831465944,1.2154916461364371,-1.5145762176503548,0.8961542886876058,-0.38512647329056404,-0.2232220164665562,0.2436889355380947,0.7837823889574874,0.36071024203006674,-0.8865554206369349,0.7684997400309739,-1.2191911374632036,0.6006554217875233,0.21307724961898575,0.5692169175816388,0.6955564631244593,0.9404178144859188,0.12384968757895469,-0.8191291129732017,0
0.2847671864179311,0.007818891760245101,-0.1135111553512926,-0.3491754717422529,1.0996397354933258,0.3794036317552569,-0.26534166470381304,-1.5371550319578715,0.3106030635561797,-0.6415613154950991,-0.3190219002832451,0.6795225053839743,1.1868817351544836,0.1888694809688405,-0.7743837326179553,0.4000707967169626,1.1850277747937166,0.24954393527875537,-0.4527318055081753,1
0.15243591618093516,0.5549276871412369,-1.2404164157580513,0.45560732818715,-0.30803904241893304,-0.17961046176815695,0.303801887465378,0.5503890497025018,0.5260393157753587,-0.2579021383785001,0.33655264330160783,-1.533136243781,0.5261186172430056,1.0137196370151282,0.5231561962912926,0.5485431750954282,0.353421925523294,-0.1748400263378772,0.02382507044855748,0
-0.6529552852967004,-0.7350730437678222,0.2939361826496608,-0.30131399210771515,-1.0885956644155677,-0.6056024479139909,-0.6598900379923909,-0.06851639458540598,-0.27058967479519563,-0.025086258195318668,0.7063697744293773,0.10567022721226442,-0.9050521275226115,-0.16748123782748037,0.12917375792079724,-0.5870521631595896,-0.7491212927066514,0.3466165705999613,0.7885475402613632,0
-0.024036715986953134,0.06746191230826529,0.3186079393808596,0.055400286964932086,-0.4280726485477009,-0.11751419715863656,-0.8292366335309821,-0.6403372071052715,-0.7349531008420227,0.2585820734338431,0.21502194168984645,-0.3212272751170687,-0.12049176921821288,-1.4806614079439602,0.0816456899390817,-0.16139369956904462,-1.2481316233896378,0.19050329738765795,0.015523911073146478,0
0.049064245983212934,-0.8869350226220161,-0.013058571268341255,-0.7002419786105679,1.1488278291973564,0.5449247866530393,0.15123548455003366,-0.5300352502846936,0.3737781580008599,0.4153319603848209,-0.8916300204061732,1.0639473543393112,-0.4844601423947797,1.266019746974904,-0.7761817352948489,-0.261151310313479,0.4773464552794897,-0.9267165095924264,0.6449858121632778,1
0.2886300719029582,0.6802313338296859,0.1296167122113382,-0.5350815750943927,-0.03323629880718986,-0.7984374062755949,-1.2281525831404203,-1.7603700818095476,-1.0419663105474504,1.5161214350124925,-0.49381014244055055,-0.3393670453934702,1.0667341579783942,-0.48070034778098364,-0.4442226955183888,-0.37994684076287555,-1.0166563367036168,0.5919879010151603,-0.4387933542706453,0
0.4629629927471031,-0.4250917732433694,0.3981978350970609,-1.4601520374823183,0.6895398746703266,1.440529343031704,1.7621361718425086,-0.41984244147162564,0.7281507712960482,1.060282773072187,0.5923890044462121,0.8717126411559247,-0.7838720056766412,0.015437420618649982,-1.046034846768904,0.6128693321317961,1.0330782735874375,-0.4703155727194701,0.5904260575723685,1
0.5514980274201643,0.5673432344846193,-0.5552782003692639,1.0643167359555732,0.23525479679226322,0.741959188776389,0.5199484309345292,0.362806566758396,0.6278831519434337,-0.04207842775667324,0.8633876780359098,-0.6790586419070704,0.09777106661826018,0.8895150879403819,-0.5496277212069952,0.3952239706271513,0.04321359006137554,-0.015179432323774064,0.5139000657815996,0
-0.12059430617164636,-0.8360926241271047,0.8693100978480813,-0.8880690792196336,-0.5410525743850324,-0.20088854047890742,-0.23194003415351822,0.8166781802765407,-0.5340452591318829,-1.5316941937485828,-0.40108871118386297,0.34701432394639325,-0.11024935070831669,-0.7097140305313454,1.0883786676550227,-0.28272146924767627,-0.5145511408707835,1.503879753562738,-0.4463572297898243,1
0.6596542722459617,0.4728850315069826,-1.3210003126293244,1.1054291390709603,-0.15801536546677988,0.13944152392745723,-0.14815660487616916,-0.010128135550968712,0.6004252568883911,-0.09076864901220794,1.2243061792120582,-0.42853298045213833,0.029281518396168625,0.5045473671266592,-0.5663162461649439,0.6768900806659665,-0.242511726206623,-0.18856951664970803,0.12526392297073952,0
-0.12005384888129911,0.4165805037803006,0.33898769144075297,-0.15098324557582368,-0.0778820987938123,-0.6299892862153709,-0.44617433709448356,-0.028573283689498914,-0.6943069944826405,-0.2093771289471941,0.11248226169436423,0.28799755199531246,0.056298727902713064,-0.9942773295816066,-0.0713094899522795,-0.41815660997236526,-0.3159952395539986,-0.03065102862636564,-0.5087791000033527,0
0.4652566327234532,0.28305916667107717,-1.1149271592941337,0.9265508077217057,-0.38647637794485,-0.11142672667895064,-0.1761783358280738,0.31383885372300824,0.5106616372252302,-0.09853960972858782,1.3425922688433218,-0.5196046027443151,-0.32359253161979784,0.19489550718526039,-0.31703148490329336,0.4613872944659724,-0.030455024347397986,-0.4216029803431687,0.2480044127351775,0
-0.35265948559819715,0.14812277129128887,-0.5464318947161908,-0.5564526742858864,-0.4520090686630764,-1.7158243640388382,-0.4208939868129703,0.33645898454228357,-0.31218249252320324,-1.1059627660199491,0.4373666213375517,0.6758284425899277,-0.15744199318905197,0.34220378290711667,-0.25626287222279126,-1.0831723662875028,0.7611098168839054,-0.04318571049837958,-0.345114955202033,0
-0.813476050255263,-1.3881571189409188,0.8557140697322605,-0.08353410641775243,-0.4229619481958099,-0.3410916925359485,-0.09326322493955826,1.0576489907475408,-0.1878078668949667,-2.152160747142156,-0.5902275059676442,1.1265795638475895,-0.3251383473141443,-0.6022362637311509,1.4687052256054118,0.09244394906899314,0.5217029703579614,1.0577899419143377,-0.8148891609386278,1
1.5581888641440167,-0.31564745113197235,0.7045028272598911,-0.12735974256940938,0.946591000024952,-0.8405230644725323,0.09491152044008036,-0.07891838541636004,0.01900393961139827,0.19347089248295374,-1.045004192487482,-0.5677128068489306,1.649132766911197,0.14741764201938157,0.4870874854802806,0.4604864835341783,0.8804630904652345,-0.4211784801542766,-0.7102838636089295,1
1.0143160847707724,0.3139309970362506,-1.0183610466081583,0.9133367054542535,-0.17742388869482603,0.03805676859277858,-0.14643098096698495,0.159413939056067,0.37616015652853385,0.41228915987176656,0.8346802163908658,-0.78096340130681,0.06952311573485505,0.5289163855156538,-0.30443040134295934,0.48294696312918145,-0.47575824724632854,-0.020868127821833754,0.20219174738791038,0
-0.372776572193356,-0.11044688993921377,0.9294439079444049,-1.0340013122167742,0.10031839739907841,0.3420615545017423,-0.09259393789860944,0.5270211423742686,-0.40787259563421757,-1.643546530191829,-0.7068318624590917,-0.14405686167212745,0.5976686151256099,-0.2485285611814469,0.8256727728421723,-0.17966616354061898,-0.42850604065060444,1.2236669311145876,-0.3295446951390377,1
0.8720574264692972,0.3845111856642853,1.3532693467941916,0.6054756697886033,1.168553162486758,0.3852242148568449,-1.7598812974843991,-0.565322283554947,-0.5885481390117476,0.8547545300634758,0.6645510972830044,0.8219857094087264,-0.29750485254977227,-0.44551024820079127,-1.919028806973249,-0.9314270720753095,-1.6171577503005936,-0.7049302183583851,0.9388731270742224,0
1.9973506033423183,-0.21874295203523328,0.9637386774208708,-0.2230437757272114,0.04628941039836125,-0.7142313372063576,-0.03699680033233081,0.977656040175107,0.3051358227870707,1.6979148957523116,1.1741046152387586,0.09938062217926948,0.08373461376336416,0.9497990294714259,-0.6440938375110256,0.3249376448926808,-0.3502299379025411,0.026734159779984508,0.3230920805640628,0
-0.5053437459315769,-0.03443652605101528,0.08344320031599961,0.1983174975161959,-0.2363154696991915,0.28073456835744404,-0.23999839118477995,0.7436366387653649,-0.979568099150553,-0.0882406596112114,-0.6134481007797842,0.8627305924651575,-0.9797563325479787,-0.8346996480387116,0.4944046466060949,-0.6468750750932407,-0.4109602527613503,1.2371937937511812,-0.8227916194772141,1
-0.6798122899920935,0.597796993713471,-0.020995807224513708,0.07974698806176257,0.4771050918384314,-0.6643409862827433,-0.2393732133804355,0.2334205602260262,-0.49268385860655023,-0.17281740758545155,-0.6645222475460718,0.7353720496875497,0.3700402781677078,-0.40126580568041953,0.28993434718224814,0.13457674458708907,0.5489435056955548,-0.6156831394406886,-1.3242774404927058,0
-0.13429362097481695,-1.6491600760031269,-1.1185963137924573,0.066430499355712,-1.0327506469807508,0.1626832673337222,0.07213601545173966,-0.12654617678474514,-0.06525923521506657,-0.42151717387662646,0.3957934111767656,0.7826435895934574,-2.5048647952720127,-0.18396164628088077,-0.3271618250586246,-1.088439768284775,-1.106228485264936,0.005885250751462213,1.366808492224188,1
0.44647527711104484,0.46260070908933376,0.779985511202361,-0.7609315767119433,0.9069334262672873,-0.3575962558108844,-1.114711843405853,-0.18623898128483957,-0.40788367569804485,-0.4062164249093361,0.339879075371387,0.6248860584437301,0.18844513730523474,-0.20685655848245652,-1.222300096209749,-0.8167312486121796,-0.7717259709848949,-0.8673639333293227,0.35030762000074167,0
-0.7651906844201211,-1.1166315169956864,0.41132528177302635,-0.4155230793505106,-0.4888240600588487,0.20174312964385732,0.29334945035137283,0.3236086353098979,-0.14687297117253978,-1.7861148033194594,-0.3349105693509048,0.4292494624428133,-0.650850263428824,-0.4095877003350732,0.7538346235401959,-0.5324913940538106,0.19734753514695852,0.9417718148138255,0.2442422685954469,1
-0.15001640453667062,0.0607609829765567,0.40950238727632987,-0.04998262155973241,-0.8465413858989204,-0.5395493677240613,-0.0001942058186750249,0.04287666316397572,-0.40914937430640264,-0.4317769620811301,0.9148561018907349,-0.2004460242662065,-0.4968944579115788,-0.44329944811135685,-0.3268950899315906,-0.8505368240390222,-1.06893072735495,0.26045077824341745,0.7736080578228232,0
0.39720930402696825,-0.13119347623569239,-0.15410229531470962,-0.130651661217221,-0.3703466537864716,0.4665502444443166,-0.34910502872871385,1.0890094463614917,0.20143021028991112,1.0181209701308742,0.4959577574004086,-1.0059942680308291,-0.516188334851635,0.4636916868172548,0.6059742312330538,0.5082397587506524,-0.31206031272217677,0.35713375562587474,0.310064410340149,0
-0.5424030050859397,-0.8133088721841503,-0.734944173372573,0.3274059282476994,-0.881051782342473,0.3187089570496198,-0.2751602613355464,0.5432663102150722,-0.1387662895302892,-0.9612887445422585,0.25577862697110687,0.1800685051467053,-1.406050540099771,-0.25877559779663545,0.5068668644056686,-0.43581974397175605,-0.583527507510398,0.7927986717600137,0.37521837389737756,1
-0.10825541970072047,-0.5248276046091944,0.5636103923765903,2.3334792638416695,0.10987830362598473,-0.05657782953293161,-0.12054741250872397,0.8244352645278064,-0.5676618614283034,-1.072430947591509,-0.7566811545282383,0.5740187817521927,-0.3168793233133511,-0.8301468859147906,0.7898296313804302,-0.3166014877379261,-0.09636588764598603,0.4750715665518075,-0.6554521041664866,1
0.506035294180101,-0.29363512109319095,0.1332275147943841,-1.332097933521018,-0.9958896300411588,-0.5723720953756903,-0.4182664853336668,-0.3798176995531925,-0.283856255531582,0.36581127030895183,0.5800822565139716,-0.3116498344342289,0.28446151519417384,-0.30277296290745137,0.27986875433174857,0.24338611211649996,-0.9322310086676273,1.3156856744481533,-0.10653482446576866,0
-0.19988773094423964,0.3492134374170129,-1.2303062102373439,0.1276499857594158,-0.15081630532258838,0.8419931629118207,0.5687430147169136,0.30547948557040255,0.31084970225320824,-0.4479632819918011,0.6612497867672285,-0.6073879664635998,-0.9303143279011218,-0.023567737456957005,-0.2684605000592926,-0.09562572406241672,-0.0011762658913369887,-0.4253483769640087,0.6027026496579264,0
0.6939651304093777,-0.5686476342661745,0.7362111372119076,-1.22810429646372,0.5607372901887906,-0.0789554627487811,0.30538971270685844,-0.14697714931671246,0.6414130139208902,0.020179960156503023,0.12360815564317808,0.09387184579071813,0.8271049873005951,0.5703238405610623,-0.03583521132767382,0.7932601385679376,0.9758648381998937,-0.22635625055028225,0.016404413560650876,1
-0.08368607753312204,0.5276293889889253,0.032241501946169655,1.4103972518382903,-0.05220595574446746,-0.800080243375054,-0.4971415268236133,-0.019912165065742435,-0.9031691824207005,-0.3856055722825843,-0.9819052140481168,-0.2071631681295066,0.9477525306893507,-1.121774475451125,0.948729854142273,0.3541312816881915,-0.9959434286876573,0.06815341544330036,-1.4447991287694002,0
-0.56754167946661,-0.10475093273717317,-0.002788706045612315,-0.5733309702385906,-0.21038497060596234,-0.4810031441586795,-1.0747682696058949,-0.1548141904832869,-0.6818070459980158,0.5751778047427961,-0.4195882456940736,0.5269590677772129,-0.13498912674371494,-0.9713359850437024,0.6494044456667769,0.2898565153364801,-0.07239237340480434,0.2042024988112915,-1.0828087906048969,0
0.6734812133888277,-0.7614397008856165,0.44688413027634327,-0.18061941494509773,0.8062032809324866,0.3256238662562849,-0.10189298236901083,-0.006601321009323919,0.08930675922420477,0.08882151145582505,-0.687440588029568,-0.4157739458493498,-0.020441522838288144,0.2927670361408705,0.03670241340776346,-0.5130678424104972,1.0022266632851426,-0.24576465161690605,0.5933931193848606,1
1.2428125863144774,0.08378329651292608,-0.7452491567024231,-0.321883629388133,0.817501796703055,1.1921050796566406,-0.5111485919478348,-0.0012367624796476692,0.49954548880249994,0.15181500832747574,0.40177242267413904,0.16865628349393308,-0.13919305028513324,1.372763300204907,-1.15729982671214,0.1389665337952688,-0.7918299536122616,0.47837283347784104,0.6045438067515841,0
1.1302657879270948,0.06456171144634214,1.6487996442373656,-0.4912928054575765,0.8425122074041828,0.09309596375987583,0.42166102328531596,-0.7355424259421744,0.4028924591425502,1.184604220787275,-0.009827301475483325,-0.35967118227573774,1.7806063402965184,0.3955467584976011,-0.29870361908080867,1.3173910870447967,-0.21623234388742338,-0.32957079257253125,-0.007665616600414842,1
-0.10811537106704978,-0.295018792244588,-1.3131759828289573,-1.0467362474728894,-1.3462303089876027,-0.40488150922854127,0.23101029939928017,0.7916045552391903,0.13294592381780318,0.2498041435581984,0.6457852707496412,-1.5270742147569543,-1.1225597712475819,0.11013681821256169,0.812253657455495,-0.03618418162084001,-0.8382338129563759,-0.537100611804312,0.8085582160744056,0
-0.47126201432818476,0.5791543834194517,-0.11350535726023715,0.01760520497828904,0.7288239439351303,-0.32303524623984536,-0.3264627450855464,-0.23416176027648467,-0.3592284968714221,0.49631918670858366,-0.8289329141857802,0.6974456961193065,0.3796634623381773,0.4993632672132265,-0.2832031513158983,0.05327431377300618,-0.2690720025210787,-0.7656817246482933,-0.683023149253517,0
-0.14668512826125868,0.3354926812219266,0.6425318485709806,-1.0672693532493682,-0.23146550428755513,-0.7809902633137804,-0.28453644500231096,-0.4972468878268206,-0.3422106730179627,0.442386735464799,0.43104375898669983,-0.07920829270977316,0.35909574493103846,0.3468449649279991,-0.5650812135757501,-0.6684890844726843,-0.22182604811430573,0.17701774848576513,0.42965369658158054,0
0.04063266655908296,0.3464049377127465,-0.04524518899364491,0.23542598231322528,-0.13044315719233157,0.42795936932047335,-0.11347608781139171,0.40266500208421935,-0.7317255603607229,-0.2430051619357495,0.03789198030061464,0.41453538898123365,-0.7964760243711712,-0.19203570636707687,-0.4466327831656911,-1.1005144043326638,-0.8967534319830167,1.1736327449726611,0.10248176385693623,1
0.3755441945379902,-0.26875065903904766,0.7602388946257833,0.5131509424300867,-0.4594371160975749,0.40200129392714185,1.1238316828573294,0.14086914730211939,-0.4189146048109904,-0.7779680978932618,-0.0686177667426596,-0.4185957186884594,-0.2399969651724728,-0.3299828050821139,0.017800018493858063,-0.8702825597993543,-1.0580853681011506,1.1660638723669454,0.7743855292103663,1
0.4739040622466706,0.48497550024124936,-0.9441698471385642,0.6945988194694505,-0.9953701057977706,0.07156838794387718,0.5589063170468505,0.4279282950962446,0.7211559056107004,0.5181669638153126,1.5092724227835566,-1.4310858355207512,0.16050412298079264,0.6457192745067063,0.20292227581448166,1.2068050744875425,-0.7264599003627223,0.12672898374525907,0.37422883103062005,0
0.007256601354842327,0.9625547290057416,-1.194790990314385,1.6699112372480007,-0.22268825610185694,0.5594623587866169,1.1598394629926685,0.4612518879477811,0.5610385625982844,-0.45350077691139845,0.5057709115466487,-1.4149424915841342,0.4223268512483626,0.6232154698903744,0.25679277995162475,0.7410584256056267,0.09516542289437051,-0.057076183760667136,0.020318924920776072,0
-0.648852492346601,0.5763759735184694,0.9771456854490838,-0.7333324934334271,0.5855455479632468,-0.4320660561890639,-0.5760357686155647,0.33648017179095574,-0.6163093395850257,-0.6362436161525131,-0.350276825776405,0.152943310629121,0.41447520343208083,-1.1114695100905756,0.2732412405161834,-0.168060590428615,0.03237747477769978,-0.9692776139648335,-0.6183937652406003,0
0.29647370379978966,-0.6468928784925028,-0.43305965879371394,0.23869887809794776,-0.9106357474502024,0.7426140961433239,0.20745918058583068,-0.03532523133856969,-0.17662881787590937,-0.14525445969025694,0.6581588339932866,-0.23933584895811136,-1.0468752989995567,-1.142312317194018,0.3355905224004835,-0.11354047496547384,0.007793662138648596,1.5593489395394118,0.18910107084760008,1
0.37054837614610164,-0.4068445471568917,0.4587024937060959,-0.42877132383118977,-0.24370656441462543,-0.15219590747082004,-0.005431876735550408,0.07130702291962723,-0.5362245584183738,-0.5875557072494243,-0.14937014178453906,0.26873866452137574,-0.3909188929656027,-0.08903053591950363,-0.23535341936571194,-0.975880363407133,-1.2328451744879114,0.7136508570329584,0.5093634393316662,1
0.3842402917182889,0.7439952482146548,-0.7686322878262937,0.5585726553997941,0.040735413666295,0.931090427057393,0.7334088195872405,0.516766887160036,0.4394942512038281,-0.012733106232861363,0.5624740715730472,-0.6033885631846297,0.05842259617174531,0.7400306417352686,-0.24283314666394953,0.7315616933128295,-0.8574675064174959,0.18152461154599006,0.13503780333029056,0
1.1840288643535457,0.06960055874518618,1.0390894220363955,-0.04921045224364095,0.35723503032805065,-0.5774092955881772,0.457642394722024,-0.13034884632032312,0.2447553804338813,0.05061394916976361,-0.08792021125243733,-0.5830152974649477,2.099096401707697,-0.015467031727374314,0.6224132384783894,1.0776244941030817,1.5862618850976462,1.0037625431375181,-1.1115910006472762,1
0.21163420860016144,0.2932766264414198,-0.8477200922590827,0.9455425132977547,-0.28951547371349146,0.2716314839995566,0.2943102764355911,0.5325324411957655,0.343056573328329,0.01872547698525059,0.7660663383073218,-1.0839302767140366,-0.4686186053032306,0.028739268730144193,0.077110614135299,0.25843879058530506,-0.18092545039931857,-0.6697719684725093,0.5163149062467118,0
-0.417996703476254,0.3826516674838329,-2.0576027476394088,0.6824080252265498,-1.0683683427497805,-0.6989937127311218,0.3270990918043114,1.0059991120873661,0.22359368619361508,-0.9887258283169399,0.12039085804572427,-1.5634302594384157,-0.04842880920552935,0.3869991721690989,1.3449682675034995,0.4313592749831969,0.06996258378897074,-0.198740156337747,-0.45369723393735256,0
1.1016032536409959,0.42673592268930677,0.2853743566258044,-0.18150506684726878,0.17962800803041204,2.0191505907839886,0.9555960280366875,0.09875750049665881,0.9563433029636822,0.9252129567561704,1.7574461985733247,-0.5479046880854906,-0.3317217453901545,1.2009728379470552,-1.4522090549148203,0.8095275832982765,-1.6590708097719409,0.42783974005588316,1.673698891460401,0
0.8916556395880544,-0.4764328320149912,-0.4805806668970011,0.25918628416347667,0.8561587746301026,-0.2562392278156772,0.18129854855326694,-1.1493728344832588,0.27446405047973194,0.13534400166395189,-0.6331234758986425,0.2890846956014301,0.6556716518753561,0.008514425180752162,-0.3892970391317037,0.40753316068785933,0.8175568456891943,-0.9050734350147027,-0.29732443777368184,1
-0.8793885165655436,-0.32646982987356316,0.21924984078036405,-0.31167621280237967,0.8400643671858251,0.14562778770168852,-1.4475189034780491,-0.17160889172693053,-0.445212789985613,1.233272888872333,-0.39813093830245133,1.7343691525221054,-1.3888534617856931,0.1733567465901068,-0.8720474447219072,-0.5732287854166788,-0.44309422806234716,-1.370342496773789,0.21700547570102113,0
0.7590265462442585,0.4665452553834375,-1.1661381993589424,0.12164735990326991,-0.06478212974996864,0.6034726706382613,-0.28778998125322697,-0.07754462045510524,0.5217141773609902,0.03166604256571903,1.3254667878774529,-0.6451115795061776,-0.24087615695082512,0.42366528260818226,-0.804452438818775,0.2900545369040568,-0.30418986695280226,0.07690612537710034,0.5842060387567636,0
0.5338559176945521,-0.6111292326495134,0.0059376705903306385,0.6386968304892121,0.4988182648991919,0.17010226206149978,0.9566223630886407,-0.2499125881655921,0.3417285414033182,0.5995392266691032,-0.2641347059477114,0.9163432244771018,-0.1277953948005319,0.306957077545513,-0.27763545463216904,0.42961158352301815,1.1749157145183409,-0.09471322475590169,-0.3359448975211364,1
-0.06846263464382916,0.7078799372708352,1.125166832611083,-0.25292825534981417,0.3354441887933583,-0.3346778688677025,-1.1385679654412666,-0.7202879192456211,-0.805943245979861,0.4917786347551232,-0.05590354964675599,-0.07903054602740388,0.7475511234947589,-0.48104012969123583,-0.5419088561127438,-0.4234061783468172,-1.3779814004095523,-0.04725862229729845,0.07226357477015125,0
0.08884888571515391,-0.03481422047195349,-0.26579009787473606,-0.5818757280500005,-0.20706843998099514,-1.0437466770369288,-1.4884915943844743,-0.8591008912982444,-0.7868575338706364,0.39776582620952255,0.020192233399494438,0.5965738913647122,-0.16287360266026532,-0.3421910544761829,-0.5710511092604079,-0.8796357064400737,-0.6961826033405955,0.17481800750780283,-0.1387172567901433,0
-0.2580904382589767,-0.42874909689708185,0.8849471053560125,1.658207552009197,-0.5017476848386643,-0.33148854165435077,-0.7054629653816029,0.7837000347691393,-0.4518056835582939,-1.2579578618443552,-0.08626778393373992,0.40972426238152587,0.44638544382045225,-0.6782617230025584,1.1956862097450223,0.23625874359147778,0.271474959475661,1.968609105492979,-1.1265989321861682,1
-0.18264484023694508,0.5233845290576609,-0.35027510601223094,-1.2355856731027606,0.5959722281388016,1.2990543061784008,0.8216606023425572,0.6982371775572502,0.2543436074297787,-0.25756675125694933,0.04431800836057505,-0.866256512795901,-0.5582699041280187,-0.11315747567204289,-0.019159987508543558,-0.00735742466089568,0.4417428736434678,-0.788073594430928,0.5068321931014441,0
1.0984698739868137,0.6397921845170385,-0.5870365356843246,-0.21762734336246561,-0.4997169838974661,-0.5036031146965314,0.08864331154559607,0.041595477675304894,0.5157325538919539,0.7257369567059196,1.9477494068445886,-1.24992136989287,0.1340743778436054,-0.318998257806041,-0.5509064645115297,0.6687333141802354,-0.16517226321642456,-0.978851994789343,0.503557334883494,0
-0.3390673483135643,0.28681840040058676,-0.26703128943701926,0.3368646716549409,-1.3871204857689012,-1.5163577748378465,-0.2644589050150086,-0.8038256999019822,-0.7533178887637095,0.12387719467617907,0.3730955979869421,-0.3165786531425913,0.5497714334158422,-0.572087921374135,0.3889352802741854,-0.4493108644290206,0.04730926407773742,1.4860671161035632,-0.6527287155941606,0
-0.4030570675006613,-0.6283967218690091,-0.8605124383430404,0.06010625361430436,-0.4626351132658529,1.0641750746476664,0.8129974194618771,0.07517856705147592,0.2616263971348866,-0.8248084574651371,0.37976012250101593,-0.20587963221959288,-1.4092266297566658,-0.36341254698152303,0.05401331119179705,-0.337760240931519,0.2011424981250745,0.24072044517277785,0.8571224626486692,1
-0.8012912769457537,-0.7362681924176651,0.2228930030793733,-0.14370976554246437,-1.0231315397366028,0.29654385453902876,0.31615455611684806,0.8113475637383961,-0.3348720150503982,-1.3207540919489997,-0.09741634198570508,0.003962116363746481,-0.6763047184242278,-0.7455908288121557,1.3107201415559342,-0.1345634788539596,0.030817123722136658,1.7185517832829318,-0.29164567000989505,1
1.0808736628229954,-0.9156932964116773,0.25544042461765576,-0.7724102040061999,0.9431428263824098,-0.44956343007874855,-0.7447036769574096,0.4995544628377909,0.10725974725646222,-0.682904977063179,-0.7811466741861104,-0.012213088305448778,0.2591983121725496,0.6276329016947324,0.14625679399882832,-0.5309047740257139,0.8528288061411059,-0.431415105331807,0.1517888760451719,1
0.48718444218916046,0.6640845788020449,-1.2458733189235904,-0.4014134815291064,0.08113330843738563,-0.03908671441016251,0.47789586596093736,0.28469116078188095,0.4719521858978059,-0.5695516105723573,0.5181446484159162,-0.8538462370541148,0.30843595662795664,0.5695506688432665,-0.2052431032602435,0.34059984942132127,0.08621858888978812,-0.6217540379730088,0.05476038286629366,0
-0.8608570482344208,0.21274364000738885,0.4036387608995224,-0.17213586072079526,-1.1494617407160366,-1.3092410236925203,-0.7282048794756388,-0.9992846271182633,-0.7955909513243367,0.3638063534711291,0.1835623046603736,-0.40882557836656247,0.6948116466632871,-0.6685551984500412,0.5207250645661509,-0.3412878464071858,0.03767871911243556,1.1741823756011023,-0.4456484461810706,0
0.8747618191442098,-0.10640693508024537,-0.09661580467823588,1.1019988741757913,-0.18936038001715608,1.38526363733774,0.05919929471503797,0.2802636236954757,0.49019146162542343,1.175355327522294,1.3844597363779745,-0.2043481178516513,-1.0117106143058634,0.7001301157149455,-0.9328126066684626,0.38621381517529174,-1.4485909354244864,0.515276286655296,1.2610885231625806,0
0.5712051791244234,0.25714711607068547,-0.33577478273141753,-0.2060771802213982,-0.017193643641261133,1.1793486242542377,0.38582565263216856,0.1430274994347263,0.44348416725193296,0.4824490069563085,1.5488864771969508,-0.22544334053411344,-1.056400642984217,-0.07990163876978819,-1.0900482415327621,0.07539384082361197,-0.5231523184292572,-0.21545378498933335,1.104970771410514,0
-0.4383276371027364,0.21654103305015024,0.3920295605929858,-0.02108939947495032,0.6251518951747467,-0.19884440464804287,-1.2412174107302438,-0.5819463655707919,-0.3997174061846344,1.206112889317255,-0.2428290432563713,1.001354469101047,-0.004010067181573416,0.38902648716974103,-0.6905292073630923,-0.14748001363641033,-0.18914543668788833,-0.3499642058282662,-0.23626850409847794,0
0.5590221448455652,-0.7468345943642065,0.25676041827498064,0.9992696404600232,0.5113041038210587,-0.6982752842504959,0.004559897282229765,-0.3059725115095067,0.6018338337136636,-0.8113684217116015,-0.11151221527936282,0.2011819585305408,0.9753591197691073,0.5663036644347458,0.10974272940487918,0.4759484553992146,1.4505138095097774,-0.37202282285790816,-0.20234444990808712,1
1.2788214437031558,0.5974514980251644,-0.8160285907852726,1.1505312088737452,0.6745563236744914,0.9266104190979699,0.07699931270337822,-0.09158929430945192,0.7765083298313893,0.248288833224415,0.4714437616763018,-0.5916265230847043,0.8473347104452252,1.3962602815175134,-0.7199761992102638,1.1365354288052818,-0.9458578000862319,0.043926945354836586,0.19385228540891142,0
0.2882468567835439,-0.04966586147898718,0.563708537168387,0.028834207941874176,0.3699292490888803,0.1336237075116615,-0.646573686909887,0.4490541990479565,0.0740682536327892,0.09814278677707466,0.8201774280712875,0.6058930036998643,-0.6300610480233627,0.4590468203760053,-0.952101968232456,-0.3939915025127111,-0.7792773216480537,-0.5254436904151611,0.7912761498998918,0
0.7028785170565194,-0.5904306420544311,-0.579484051196823,0.28517032616677673,0.6391292498041389,-0.18166607806589133,0.19719587931953442,-0.7281559875718187,0.3621704611389135,-0.7192062862922558,-0.33203024406655074,-0.14524495319222439,0.4352358475237639,-0.41926745097155066,-0.0018801837755878,0.13838592180845308,1.7454269146039376,-0.6367893686544336,-0.20967141640699866,1
-0.1567712386019359,-0.5818108469385354,0.6370898429307558,-0.8655736510831693,0.03661066253790201,0.20106193785405602,0.6129571576035596,0.30664894195711284,-0.5601035531638884,-1.0418227700650735,-0.9318563387660294,0.2732750602278608,-0.5266368371161784,-0.1868648103045644,0.20554841391259912,-1.0004352724360026,-1.108532138301495,0.24520894498010287,0.5008607210206484,1
0.637092302992464,-0.5799365586802604,0.5013529035912272,0.05530949413340435,1.016581680132928,0.5139997042063355,0.03121864432059977,-0.6129397866927927,0.6359411200480056,0.5402272652030664,-0.24898931708972183,-0.20682653672237758,0.490346950394645,0.8006551072131128,-0.4493799886069644,0.49635716804889823,0.47691332287912175,-0.9396500275845096,0.732955466885151,1
-0.6030078471880355,0.41344578594938064,-0.5263309129147203,0.1931889373713616,-0.1777549317478704,-1.451657025130431,-0.9923726932672574,-1.3369232443832224,-0.7570050139724994,0.5600970607781618,-0.7603645063104979,0.2646655019052569,0.839121660731894,0.32916778607381897,-0.1189404748395435,-0.5246291633511685,-0.029643510108760464,0.19496559877285774,-0.7334724559230694,0
-0.2569395695155543,0.771053439016838,-0.6866976842118195,0.20569966087278796,-0.08933311172044493,1.4740861386142625,0.37470058259554584,0.7893194769328286,0.21252215237765848,0.06962837249538498,0.640645732635299,-1.0882314347716746,-0.5414134876270589,-0.2842850876648241,0.2917991649509866,0.574267404085608,-0.10623895155292733,0.27664465250132375,0.12814275034179642,0
-1.1510589198572967,-0.6790915457096479,-1.2977068940008423,-0.7866504277461039,-0.7200778627102102,0.8635642221901836,0.42292208146482335,0.9494215598011604,0.3730542867158573,-1.3525722808566396,0.2527090063880552,-0.17375497270709245,-1.5473346039792797,-0.45411319700607594,1.0603079404239582,0.29857706092371644,0.6106921694659807,0.07371233468559485,0.07940959177798565,1
-0.5617080867332526,-0.010849953625014197,0.6288580950791882,-0.4592654197881393,-0.15142117747490244,-0.19257317555626846,-1.3545764551342454,-0.3927891663188155,-0.9099140308089091,1.037124502190328,-0.2557944592463863,0.43758955365728,-0.27024472812627354,-1.1955389317784513,0.28927327804961916,0.008154000051804784,-0.8116488912272176,0.20693582063985416,-0.563963689735708,0
0.9374430960288157,0.00827514291929395,0.6411026513617698,1.4704207844674453,0.8793334687691112,0.3409568357436836,0.3311726456828355,-1.0047655998461273,0.3949550230475224,0.797822534316414,-0.03369391871519137,0.22959101607272203,1.1189162919415765,0.3686381133937834,-0.6978145242455744,0.9859753263453556,-0.10273525312224453,-0.32802816333177465,-0.05571367250384017,1
0.7425126541241072,0.7886112940228063,-0.6592072094693499,-0.6724421957677901,0.160110369361426,0.7810314058920625,0.1396047020346215,0.4940145418206443,0.5918173556213838,0.23337065754035913,0.641163632964469,-1.3328749010200998,0.727269132757353,0.8867149305755792,0.06901735758538198,0.994703877112809,-0.0713090100828225,0.4652929522291105,-0.0011290237184567872,0
-0.4129763923292874,0.48740489051540875,0.2531803762121319,1.0081330468818432,-0.40218659597913176,-0.7561046147388311,-0.2132777387156212,-0.23094865290291847,-0.675928799467476,-0.3073281930037926,-0.040729116527525755,-0.26531514436600334,0.335389710229107,-0.6211231224897013,0.15037806900085834,-0.45103445705209183,-0.7139898680043872,0.06875362710428265,-0.22300608195655514,0
0.8198017709114708,0.4001255742869038,-0.8921220233034991,-0.2424590848791069,0.2873977264114031,0.4321512207854752,0.37206980918113586,0.06642337747023801,0.4836886790404602,0.06964253059126399,0.45929762442626054,-0.9487548264821831,0.13566643878097479,0.5254638654623222,-0.39397460220438335,0.35076735182963337,-0.18371208171147713,-0.6051947169076504,0.4658512973283619,0
-0.24820216186786392,-1.037857559189876,-0.4421451535415094,-0.561491018993743,-0.3496062803526836,0.8704169252290433,0.36974464232627946,0.8029351624302384,0.05228493372338682,-1.2492831940039715,-0.16627387708780775,0.33293539964117097,-1.2586084974877547,-0.8603672070905305,0.8804101057508839,0.2005334784985775,-0.06252834952180333,0.4701357940190883,-0.0925245810517888,1
0.8428066651535419,0.5224139665035388,-0.15631493184582138,0.5396131594231125,0.10590740538647339,0.4701302866479647,-0.12244686400375387,0.6215146926271237,0.18493979304402097,0.8165108491304236,0.8154139411624419,-0.7179453134788041,-0.07277565390888238,0.2547347070281161,-0.26733167538366853,0.39405955207388227,-0.3268668874751991,0.07910357290641816,0.19878893300102352,0
-0.08030087135377542,-1.268019034085513,-0.0810093517720009,0.5686438910769139,-1.5304294390786128,-0.6003067570829886,0.1530168511945038,-0.02954026015820378,-0.16719722462752903,-0.5781507015103303,0.8903376996216286,0.428156471082835,-1.233650938956317,-0.4285673371818146,0.19291285632519367,-0.6994858135093549,-0.3555138153217367,1.2544321196681438,0.6534695093218479,1
0.6451679817050661,0.6318465659390091,-1.0423993802235512,-0.7265717246133524,-0.39839549957861925,0.8278399112580348,0.565379547012923,0.48391976731087993,0.6720035486880039,-0.06697409710031946,1.1575089522065682,-0.35325529454257876,0.15466582942415183,1.181219594575312,-0.36695918045639275,1.0571148339626497,-1.0382517050607651,1.064107679513296,0.02603498973662727,0
-0.249043439642971,-0.008440854660936959,-0.2794400980458056,0.7616744229829462,-0.37156522427236394,-0.4066529337407295,0.03100279512606715,0.20438291747017684,-0.4409815705766995,0.2846520121339638,-0.18954404657466598,0.3201371561576006,-0.4373938875406064,-0.3559566115715441,0.2929110670894792,-0.0468393462533715,-0.49678146098604525,-0.007401656513877968,-0.46159989787193684,0
-0.2518142865871896,-1.0206095933915513,-0.5209639151795789,0.09602298418662772,-0.7102293504234041,0.7480781029397165,0.5886413225419681,-0.027827289523372368,0.30118841146809194,-1.1504316104739907,0.4377805361124208,-0.27331163395124297,-1.056428037790002,-0.5373557349847573,0.3947172758527612,-0.11479313101580572,0.16497644903884554,0.5914896064286528,0.7672042223149824,1
1.0878203110530187,-0.4015831858507821,0.4480416217707159,-0.18979951339339915,0.8534674141668539,0.18544167036038778,0.4393775685954764,-0.7490694486715459,0.5913012956352999,0.1025117904762507,0.2395012068636544,0.06563344232535684,0.6065017500401811,0.18485691810776542,-0.7651740168249023,0.49517302869110463,0.4322298928615115,-0.900839805032352,0.48439569061275045,1
0.12600106298992533,0.3271882078936491,-1.4264664961854725,1.0375045088039223,-1.0409902590913884,-0.5143014702048896,1.2148372654677413,0.2712261784814862,0.8353041743132434,-0.4553894721513666,1.3525037859571964,-1.3868038561575473,-0.0597549711353462,0.6827302371921958,0.07346827546917828,0.5970065673908292,-0.19131312784335977,-0.8467848341360966,0.7078004162933239,0
-0.8827723613040388,0.5323278968111145,0.8411880390114375,0.21955974710154874,0.8463708460205915,0.02884970789461136,-1.760030711509298,-0.5368180501837768,-0.8824130723964348,1.3784306629750704,-0.771119051719199,0.8619269714368344,-0.0020014540161696344,-0.01986181280783151,-0.5216952194240935,-0.25742207148804264,-1.3516943325006028,-0.7487815543764071,-0.2320347213209525,0
0.8185564137631486,0.49912937998022194,0.12390986147358848,-0.04455574532048822,0.07795898235585132,0.6624969450704323,-0.2791005033070788,0.94014891441412,0.6170795147485522,0.8365010591370368,1.0980784547048876,-0.678874189012569,0.49542734512326403,1.1006953929767709,-0.012552214029986547,1.109277355493175,0.13394174357040442,0.9554152291578769,-0.07931004150626192,0
-0.195583071776908,-0.46740605032151206,0.5368389576283548,0.06683398515192975,-0.293985358221889,0.2481979251541833,1.1155881926950215,0.9633218144465617,-0.3449622170799312,-1.0162023409857188,-0.4779795516344871,0.1253064720875116,-0.4744395861293363,-0.9954901395920982,1.0025603280178828,-0.08474464922371781,0.17301615222683878,0.5876890615210361,-0.4560348643079734,1
-0.13312482731360922,0.644130446123872,0.3000781607456045,0.565626508859226,0.4671267106400552,-0.3379425534501958,-1.0334188331084213,-1.32749373558268,-0.8125598499119872,0.626981928453403,-0.519537699004961,-0.05667443120490182,0.6707014861943476,-0.6205830897536,-0.5728364051406302,-0.3951272424961515,-1.0904615863038536,-0.47436185728794206,-0.11575605481372693,0
1.2341088870170736,-0.4902523675730658,-0.3150715119958079,0.14348638627109708,0.39739182738644363,-0.49926157634381924,0.44343589951085643,-0.2767130943612155,0.31323189777820437,0.32932131173350954,-0.31507177334317926,-0.06098562663691158,0.7244277217272012,-0.17112218990292902,0.30107656788036996,0.8135938831398981,1.2486707896987586,-0.27571220811339797,-0.7939909251286849,1
-0.007139993708834897,0.6243715272196932,0.19049154072324184,-0.3239883870351595,0.6575859398549222,-0.261502365159171,-0.38356933196101606,-0.1823472895543414,-0.29368502372130345,0.11369052674943343,0.30008210169057936,0.6199259908840303,-0.06960607726005034,-0.16955310517404865,-0.9707987706977479,-0.5825483292039174,0.2727824793700277,-0.7367898642013081,-0.04535215901211646,0
-0.6187996628975774,0.6468288564680572,0.6047970575104025,0.6082326048345075,1.4297005124263051,-0.37015813427541305,-2.3415911000338134,-0.9045038611221603,-0.9546729475889996,1.0497715232489861,-0.4926598203990033,1.573862764204412,-0.045255581404842246,-0.6651000541550174,-1.1706998980638148,-0.7489021479980026,0.25308382113842665,-1.1322826938035928,-0.6685873390541369,0
-0.5296749418843089,-0.6896515916054891,1.0688238131560732,-1.007974803345582,-0.3053505900356096,-0.1226047133148321,0.28498794167762764,0.6820542000784474,-0.7510074981604516,-1.1050636452881624,-0.8114444245953293,1.0322826609177633,-0.31676565517826266,-0.7182601687951354,0.8705337002238737,-0.49374891763889234,-0.1715358058447735,1.4247675065382905,-0.7211223557123616,1
-0.1981224605576088,-1.231605045042911,0.09061176455349025,-0.34466522050742965,-2.0476301061898026,-0.03286869121119927,0.06760848731150018,-0.13101919137954282,-0.32961238868302917,-0.40792867535074545,1.247444325724095,0.16575986981890395,-1.1778857644981557,-1.1125183539073826,0.650069420559844,-0.47531769716160394,0.3353937478281661,3.046971943270752,0.22491750521343903,1
-0.7414995490330437,-0.3784626284176651,-0.8675074610896113,0.49932966013770613,-1.0937725416975796,-1.429210387393003,-1.1887925420913485,-0.5325655559174286,-0.8166378085281184,0.146282133034072,-0.06420890138037673,0.4719254682591298,-0.5809712761686158,-0.7169135576030775,0.48135988692920956,-0.6428066926954248,0.06786490986676816,0.5734490614565071,-0.6802717543049954,0
-0.06605524122677028,-1.4065403818849107,1.1454513441579262,0.0834532177105423,-1.131753436547527,-1.1535786122729876,-0.8715029110899297,0.42533783195373664,-0.21426474245099533,-1.6192468546347478,0.5578186632010254,0.7641283185148843,0.2554601051358758,-0.7483425910910331,1.1464051149606882,0.04362415086675198,0.7266165389513447,2.1694660752065116,-0.7001298378051869,1
-0.5801635479160149,0.05463355349308786,0.33726668306767127,-1.6118731861264384,0.7437332405106988,-0.5207982395266568,-1.5315160015993483,-1.1092416555583626,-0.5542394194284617,1.476835014419576,-0.7229194203365998,0.6916994749930079,0.40459113843423206,-0.4900707551232954,-0.09646264604386172,0.09526398871683815,1.1193173973284263,-0.5513788756369253,-0.8798674823661589,0
1.3281459425162452,0.6130405354840899,-0.9342790456210726,1.0021914029766277,0.8575176119540323,-0.012567885947697005,-0.18945977873953807,0.13891803673608114,0.5324754827798182,-0.09260274358554085,0.12506520896962486,-0.22492863330461987,1.0917429014086877,0.8985611788742954,-0.39122039198574365,0.9788699401359664,0.13267644616614127,-0.35514115001586843,-0.7003458551596866,0
0.40549002863660516,-0.39346741688935244,0.24297531965352248,0.19670992039421972,0.8378858061982442,-0.13336112425597493,0.010203933490547532,-0.8133281219022854,-0.05377213306354477,0.6014493060905696,-1.0663322895975442,0.76520752311095,0.764205534683721,0.5809711666221731,-0.16894820686068832,0.24305270517540103,0.7721651124463333,0.21037794086137246,-0.6310657679653625,0
-0.31289282079242736,0.4630676571140146,-0.27215592053657356,-0.8309863204192588,0.7672222925081736,0.44596650861387394,-0.26291086757315124,0.8755854433408835,-0.6926505462273131,-0.36347454132689266,-1.1256429928778557,0.36852592455372923,-0.5882930098709485,-0.24593291647094803,0.15792296444664267,-0.5257301570479471,-0.9050968272326096,-0.629635552499374,-0.4824400974890296,1
-0.9004491291677663,0.2698477436357907,0.5914277312171674,-0.10946060530949896,-0.48225245844989845,-0.7938386583804212,-0.568573530398976,0.19001007053250035,-0.783995330011206,-0.2266147548908982,-0.025402293031703653,0.09017214284077947,-0.12952052636323347,-0.7349904998545999,0.3719766560067389,-0.5344733952639159,-0.6630330814352287,-0.04613189231968905,-0.24160200316138183,0
-0.05471904244318127,0.6124656701904184,1.2614939918527337,-0.0954322472933793,0.3856731077053331,0.21482106529119857,-0.5662912931448709,0.34499035754102153,-0.9000601041502135,-1.0072031115295779,-0.8877569188349352,-0.2605693783751622,1.1101969002901164,-0.1596412145526421,0.42505124312007103,-0.5630688413593606,-0.9459144868614731,1.6251757257254742,-0.5342439784265128,1
1.047600737700784,-0.4400652410633844,0.4650997818434658,-0.8945928482897411,1.182384379056544,0.47256195580765337,0.10101456316790523,-0.9951416772208362,0.4315979240174837,0.9724878616812196,-0.21804846979661588,0.4925069685981152,0.2375891657491559,0.876974132668179,-1.2949731001203695,0.30251630464759044,-0.9185475060234749,-1.354649775768918,0.9386439637385778,1
0.2356286157613126,-0.9378640040760678,0.16581088796004753,-0.9320654939606673,-1.6015218890549352,0.31377083858648386,1.1098251688391088,-0.3037910567211232,-0.6013982691264751,-0.45462449021171614,0.7825140339161717,0.17216848182089872,-1.7727144039722311,-0.1549835770297683,-0.6916128751341787,-2.002042235878994,-1.6163763672407077,2.235281348276446,1.7880740079786488,1
-0.3750539918788826,0.6279540956347304,0.24219607628009243,-2.0115036121383922,0.5190219126063251,-0.5947769418931722,-0.8909620462114214,-0.853882939404757,-0.5511270198517689,0.6878747756110128,-0.03404426836032777,0.7045440934472934,0.2706085948055194,-0.08422629114368967,-0.8840295761390087,-0.5850503824259491,0.2601111442062328,-0.41263278945072046,-0.28296339567484124,0
0.5358716370439818,-0.5394940395959745,1.025686186507042,-0.10607787160039009,0.41174139887276545,0.6045008473512138,0.6255571384446846,0.6259518036181522,1.0304735591228396,0.26797428825756603,0.6162512831525179,-0.5188155452812618,0.5706135638095347,0.7848933639481322,0.3414932461284508,1.2450571764826257,1.2962949581061618,-0.055114246108216,0.3529328664585184,1
-0.2826439721195986,0.7275182208408095,-0.08719514401546175,0.06657835950848644,-0.6052927385820162,-1.6830307468468766,-0.3860051804120463,-0.39956021959947396,-0.76305684085151,-0.8236980454488979,0.03297650992079686,-0.24413145921530854,0.7946457217152197,0.11606512868712147,-0.17291964349419853,-1.076183454075008,-0.6763015227028493,0.353061177065575,-0.20534846770975806,1
0.1479476860433167,0.10908240350420623,1.1034663865303902,-0.20170510990552962,-0.04993360753049891,-0.6244471412892585,-0.5845871792122065,0.34381218097923416,-0.2733696756772284,-0.1872069016853429,0.45749547461209655,-0.10900562169918228,0.4420714024107101,-0.17988209050309287,0.018662908304591906,-0.21554549445584134,-0.19151420824146392,0.17676168091127226,0.04373937068638566,0
-0.277807504364231,0.3456125134877922,0.6680681424364935,-0.3849111052911478,0.5299549396937053,-0.2656048390304841,-1.6307968881880235,-0.49228262182792676,-0.7421848590362455,0.5736246507259357,-0.045893028499092485,0.8810766679643586,0.09079782379939164,-0.8325340361447089,-0.46118223999964836,-0.19777189181467247,-0.3978858445121267,-0.16664340921254667,-0.5784862100028985,0
0.08789162519457107,0.4085441163114398,0.36711305548384715,0.5130128252420332,-0.19084337520588848,-1.0741361178520141,-1.002043475580307,-0.7564890895598784,-0.6520856710870676,0.5177567127594607,-0.020955990450060785,-0.2083059057235776,1.076428065229231,-0.7217914315207741,0.244017957170741,0.002566215792641895,0.5477671307130239,0.734518971249509,-0.9554912672374504,0
-0.2765316983793196,0.40239164223433616,-1.299455210479385,0.2412020244135016,-0.601652903299452,-0.3326856919513611,0.8001650441218459,1.224358842080113,0.28010295682206315,-0.5597167357680235,-0.08499582347868716,-0.7263623483711348,0.14867416427907917,0.6602806501055515,1.156090787355899,0.8129616206433953,0.2519854028419467,0.14654060556510315,-0.8748472996226179,0
0.5674936733275352,0.7202015491441516,-1.2686868086674967,-0.48261266279306736,-0.8705177075849072,-0.29558321389141123,-0.007140869044603636,0.42802831168690286,0.8347449731345975,0.06353683768747793,1.6836433848663026,-1.0018813103655235,0.6834231690228181,1.1175367748397833,0.04967941556058887,1.376139621376191,-0.3054861222254127,0.6037222834939858,-0.20715687503529878,0
-0.44890200778921396,0.4802025817348517,0.1030459750952309,-0.6594071998228533,-0.7203384497496914,-1.3810534548744366,-0.6915869515197333,-0.6366671475198965,-0.8184365213172597,0.004550648000687448,-0.0351579583111794,-0.3102858867710584,0.7517991461707388,-0.46611823149393666,0.29644394050679723,-0.5325335071076432,-0.1290931459962052,0.7483778779669922,-0.5931624666233843,0
-0.27202764803699647,0.9976501259576428,0.6214533889683486,-0.673889279332211,1.1314376673606703,-0.5477572013594795,-1.7357162560217656,-1.0803802089027241,-1.1836083254999306,0.7141073315299963,-0.4978778390924352,0.9770317758970171,0.2709052036710242,-0.7854608254841355,-1.2984100608893647,-1.120412624643832,-0.7166246293795513,-0.96443886176916,-0.3501202887952989,0
0.6952961811171516,0.7788388056172963,-0.5726600567510691,1.15716028126319,0.04090534012031209,0.8793353228881966,0.06831829422783141,0.5279695785809426,0.49538367360423,0.48190259486030845,0.9022760785737588,-0.5557362382412655,0.40894944473082295,0.9127550376947903,-0.23076173001241232,1.0141606395914924,-0.3050993446484262,0.9893858110653773,-0.21427123699342174,0
0.9063406106204686,-0.18946861559882552,-0.10078324464003488,-0.9661751049310305,1.395077571480544,0.24734122372811213,-0.2814690347659678,-1.1613194410246783,-0.11327119646488723,-0.1823351117413737,-0.9097536688242676,0.7029913651527515,0.5976060487573283,-0.21727572224812441,-0.8187381341119445,-0.144545508940521,0.439039439775599,-0.5345979621588922,-0.31083127159934265,1
0.2620056084320613,0.5101807606369759,-0.7756291813749834,-0.2097811178225549,-0.4111704405726057,1.0314373717851786,0.2525217848834123,0.2992414933378467,0.49523637938054493,0.5061022264489435,1.1271693724787433,-1.5172513233789238,-0.3051570016022155,0.4396840227620557,-0.0852496959448083,0.4202604308967319,-0.1360512457498261,0.4364562850147464,0.8112320661604662,0
-0.23807821086515787,0.1266988530239658,0.7449381281210792,-0.4431136255598169,0.667887941409309,-0.20406096052228234,-0.6276006384161464,0.19736270083815438,-0.10863705792648375,-0.30431846208364954,0.5126557496627212,0.44040885159775417,-0.407382571273478,-0.34101635351649295,-0.7373226514135108,-0.7010109896010126,0.4988561951485669,-1.233356305763539,0.5156289477586665,0
1.0451130914484938,0.2934991272340615,0.3892327137898932,-0.3269210776695621,-0.1119840854543226,1.2129376215974053,0.78059991166962,0.10815999133170912,0.7893886548352655,0.8992600255792934,2.2909123834985556,-0.795667964306121,-0.7988570407443972,0.4429119997438776,-1.5494959882960426,0.02785478658664518,-0.6648521665725705,-0.24460210229081936,2.022697875085348,0
-0.06954070865191524,-0.25138355594383094,0.4461906452105775,0.024823702760487485,-0.47559295971056875,-0.23441778709221087,-0.7681148204222898,-0.32545193965008024,-0.36344823006985727,0.42821676403258685,0.5676773735517548,0.48881666105999605,-0.47155673565815903,0.04726575094743894,-0.5084028868835498,-0.38183984837325463,-1.4260956384195638,0.4521744728358979,0.540563647313032,0
-1.2171397629884482,-0.03590540889967521,-0.32539324387932295,-0.6665711220698557,-0.8062861219189914,0.5826391894406094,0.10402662676659594,0.3169890087679779,-0.009798378029396084,-1.2071438684842695,0.3298187834548615,-0.3608969944772617,-0.4305240175232671,0.13887355224653514,0.6036835894064102,-0.21126543033601045,0.13888128290050883,1.4047415139007007,0.22481415579079894,1
0.20838055997720037,-0.34761756748982964,0.5275539885982273,0.15088592357661623,0.8504503532871491,-0.031451543716564355,-0.5719897760283453,-0.49158704092476696,-0.09740842296675019,0.7599236595786739,-1.3338949189123877,0.015438349993005317,1.2662450851715878,0.29602580715749827,0.7443703873669131,0.7319404984329884,1.3906278507008079,0.5668051570620716,-1.0979218774448782,1
0.7246411837373941,0.32536713055415645,-0.8109794347478031,-1.0798173201957135,0.014431315366971354,0.1068363078293405,0.5049200055813927,0.1329984352026933,0.44309520435301836,-0.050614968525073925,0.9828936111572899,-0.4369843941215487,-0.36623116574737374,0.32501022320055684,-0.7788612243700224,0.05591412170122467,-0.4291782922376327,-0.8864955167293,0.6924746801700923,0
0.5037908046735796,-0.42619122258960307,-0.9275517798263736,-0.4127168035098705,-0.4195794546149417,1.2736470722736923,0.6592739239175462,0.1449075938641289,-0.7055608320828092,0.466014221699225,0.08668838672197679,0.7435497304428152,-2.494185629464776,-0.6681755962975712,-0.8819219042769897,-1.4249847731488845,-1.6149531030404718,0.9091816125055432,0.8772735731633304,1
1.1271017729546633,0.585310677613061,-0.06995879675613521,-0.1913580972216668,0.42556631314375976,1.3693044202127471,0.35706428431024795,0.19364192246308753,0.6326257463755113,0.36461588457292765,1.5353846011515222,-0.33803099637954104,-0.26489324055121155,0.47397128719013304,-1.3158989617733778,0.41254277137558315,-0.744643653222573,0.07190612721859907,0.9754540158451575,0
0.6416862059339004,-0.43445701316804003,-0.3536253863751025,-0.6881848148267399,1.2367773564972997,0.20612343966045568,-0.3510190275513208,-1.4359903687170286,0.288923814322537,-0.1295520839603771,-0.6549339445005823,0.2717158710485922,0.6189512783001552,-0.06711688160734992,-0.661565010494719,0.2306550258107153,0.7770952820617428,-1.0959772580296925,0.04362127454844175,1
1.358363541916729,-0.7542063534016195,0.6930776379128585,0.010789967773345255,0.5670740449153546,0.22095418354723914,0.15796370539694654,0.25092246430300746,0.43181572531607954,0.3702036815877231,0.26911209549416504,-0.2119361384556301,-0.07193704907298286,0.427703639461517,-0.4112945877252852,0.06294727348020641,-0.0187102533509915,-0.5369763758560838,0.8670483105515668,1
-0.9897500557375202,-0.025093169462137035,0.3122603431092114,0.32342440439252457,-0.04452498450160333,0.5542453874271565,0.4353795296697753,0.9706781839458367,-0.6021121338812399,-1.0263781554020217,-0.9972375644251625,0.23383479533879162,-0.5125890954486144,-0.33679873752414546,0.9158054790050727,-0.40728909021406123,-0.43286447150880936,0.6900072244190952,-0.4348160941186996,1
0.8439016823784972,-0.5899750268134453,0.6123910816609511,-0.8907475661822091,0.30010026004137436,0.3723879634995647,0.7667267642391677,0.08748344877736411,0.41299569738525876,1.274974452586815,0.15360022349479083,0.34680119590310826,-0.03013461122099311,0.27407239218095497,-0.07986283512698433,0.863074404137701,0.49889507505175146,0.01202885311791712,-0.04249128954038936,1
0.3637231663463139,0.512950915468848,-1.0419004058416903,-0.28071077587156484,-0.70494090279857,-0.4270102773121196,0.24818266185388033,0.5423097845650134,0.4673087438407718,0.0016135454203950778,1.3669984599343326,-0.7788848914434334,-0.02623523857364308,0.31585472715947027,0.011495125180974432,0.5528470403753519,0.27581851184881706,-0.037082633628667115,-0.04463091800634229,0
-0.1393546720517312,0.019047372862226967,-1.7728837981989336,-1.5050819313731492,-1.3838618285244948,-0.6465725784015265,0.2835586161119969,0.4885580434169705,0.2072794197131155,-0.2243616581806253,1.183147767961884,-1.0430749946326745,-1.047962796128348,-0.4441183059724741,0.4719717319143765,0.14101436760246788,-0.2764742460302369,-0.642906598927604,0.3049320811820135,0
-0.32598604028004846,0.5420213555683803,0.8328192826813328,-0.8584981952232746,0.9508996494559402,0.06573109433098492,-0.7620224612797929,-0.6628662694247127,-0.540281732921429,0.2559865502600053,-0.39046310993474787,0.17857895165573814,0.27731951958903095,-0.5986246685757417,-0.6837116944373378,-0.3935674940525686,-0.8042495890608671,-1.3292574464146558,0.23920209456759386,0
1.016878230952455,-0.28260755176147434,0.46868754012650593,-0.6347373466219165,0.3255965020243673,-0.08622041421473468,0.12230865893936771,-0.5288131574292289,0.4234781142836901,0.20739091315485392,0.4081907306917808,-0.0028965605269567537,0.9561373374831563,0.03282808092321377,-0.1940131274603663,0.8516310227588098,0.6530880100313093,0.28280746528761447,-0.24533542313505602,1
-0.9831416909311615,0.8248838297307451,0.06443323892804269,-0.6898491291126418,0.5915289435929812,-1.2684671943292332,-1.098280047150682,-0.5324554501740333,-0.9228375225933201,0.155553588616604,-1.1179172582307508,0.36803041709331513,0.8069443093381697,-0.2708850831523315,0.10907387157068132,-0.565005166309655,0.46237289877058985,-0.857578867333887,-1.102946485072245,0
0.9144039586211317,0.21907389940590347,-0.8182839694017281,-1.1941910487390368,-0.7421915042236885,-0.5107708126082776,-0.3899246075560435,0.5620160373531099,0.5458273165445778,0.456938852096225,1.5207822301624987,-0.9216001626865096,0.1301763788245852,0.8445264791950936,-0.06654452184277398,0.5829610922135994,-0.05900566048411794,0.42842949691088383,0.21856395596717867,0
0.30466875024679835,-0.034120935035508275,0.8967773557364146,1.8536037567565464,0.05345130323236589,-0.00024933062604592,-0.9422535128406901,-0.6979833604999066,-0.5032747480798933,0.5924583710291536,0.29870027832828017,-0.12922907043125412,0.1253979891717647,-0.9124203399694204,-0.3559913175731481,-0.15116314307982948,-1.0311697436850729,0.03099597551235555,0.3422374366235319,0
-1.1987921853220833,-0.31591140928811734,-0.3100435356823085,-0.12788630624951025,-0.16108107729589338,-0.8567755965178769,-1.0251655428775324,-0.10417550420338513,-0.8242759751855478,-0.06011065698049589,-0.5506955364995509,0.6326379260977897,-0.9268886032933564,-1.5418485004367022,0.6133596090354321,-0.5775602773426376,0.7146803107109693,-0.9552755483783102,-0.7325851420190608,0
-0.05246013529135711,0.15431694469688495,0.9605287675934926,-1.6356350155856623,-0.6585197873538232,-0.38422872349691095,-0.7314851206871739,-1.137579725525491,-0.7244132559923069,0.822303681808855,0.5950837324272227,-0.6247235968501006,0.19909343248840347,-0.8627441122935364,-0.3870475890401066,-0.6376538687237179,-1.1600980976825792,0.6170227703361985,0.7316126505695376,0
-0.4909349466377314,0.3521428856181268,0.11021499145993918,-0.5455606802880411,0.2836835319402859,-0.7412586076559446,-0.9883982410228728,-0.3582871256048198,-0.4382262207880221,0.09903336789942256,0.32295140905052216,1.0186776486053488,-0.1767656181694589,-0.12975585832605618,-0.7712000964680547,-0.7164566161813454,0.5830381340157962,-0.2917768481234499,-0.29347883660583,0
1.5144444022171533,0.10339823667357208,-0.6660438551050414,0.5790526534080497,-0.020394051909571595,0.5791327016917744,-0.8699472020726583,0.028127233151666348,0.4607660298346414,1.077347773697862,1.1468037841815237,-0.5246823155714604,0.006226263141196798,0.9531839732636477,-0.7312295119805581,0.6451566343192172,-1.0667792903501583,0.7101648724073274,0.5044273354880712,0
0.33457734970722364,-0.44886475213397753,-0.2759455225935597,0.47987248829978846,0.5323866175371846,-0.08049669832917179,-0.16871860305450326,-0.8186748119406131,0.24325106403056568,0.45096616185492727,-0.4858959005277011,0.9324380656443126,0.5996603086427983,0.498201195705679,-0.1482168916582999,0.8073352571380035,0.7323787793780382,0.24403983744166835,-0.802886339819713,1
0.43035540430761576,0.6295375659561023,0.18741767728439654,-0.3081549430732136,0.40272884546892496,-1.075776441169514,-1.5605977537127602,-1.7070724161586628,-0.9298526839690859,0.9283037521728208,0.1498508845853414,0.23257653430776085,0.47369585558545535,-0.4023953357419987,-1.4744668192736254,-1.432541956115262,-0.197636694806457,-0.16006453396856707,0.24651406637168566,0
-0.23839994089893907,0.5305883168137889,0.8899432573503067,0.5325078120188168,0.7402044786084069,-0.2652070301978845,-1.3983993362682265,-1.0117013753628188,-0.46403004728364544,0.7881153940183574,-0.01227021831608769,0.3003628209207993,0.78210946348854,-0.39457682876291716,-0.6318907851705142,-0.0718243379328688,0.12442197283716598,-0.35105892148317014,-0.24528826650422342,0
-0.25741182168513743,-0.8617505953052433,0.14078160701962472,-1.152761711546866,0.5619767224657417,1.0313896544645231,0.9721084126036321,-0.29756991043081327,0.9697310438819223,0.22231714058621685,0.3346762771491046,0.7912260036704787,-0.7358860834711509,1.251211080392348,-0.7969755359390244,0.2511698196898086,1.046842168177745,-0.5280095049671139,1.0846216277786929,1
0.16886286114231508,0.9878453579052383,-0.17453884814069506,0.07775686164924968,0.14210630477963673,1.0191485115575267,1.2779789476634031,0.9786405855855155,0.5862022389604132,-0.10564694067995865,0.5140431383833718,-1.4032659551624926,0.5306859380060163,0.8024775150564678,0.2608619444881487,0.7656540478964159,0.3411422501237998,0.2876737435300964,0.14549384899216444,0
-0.5109661208070709,0.3791854815296286,-1.5660435229212148,0.5626327503023838,-0.25438391166026614,0.22127602089463103,0.0205541086639152,1.1398439502701574,0.18332057251413586,-0.7344468158133466,-0.369022821744094,-0.9261760876081437,-0.05183791922245209,0.13282664800014016,1.3615807976877596,0.8722158625108368,0.33174952014020803,-0.07749798156625322,-0.9488097561987378,0
0.5626024068589967,0.38407161750134294,1.3905579011471438,-0.9127008285232854,0.7172945135664531,0.011282701893551109,-1.0703400771833937,-0.17416008362392094,-0.614296263834373,0.3837169663097901,0.5886499712597071,0.4197631948184651,0.03405336471507221,-1.3669199203822873,-0.8375920058828215,-0.4625270812800409,-0.2887757931651146,-0.38401985862436244,0.04408838604439712,0
0.09787869021320628,-0.7324567927852464,0.8278216459961277,-0.7412332788207973,1.0988190492457535,1.1088906263926948,-0.20273685137294067,0.432366662268764,0.9033721022054185,-0.08652661559091761,-0.07040655135997195,-0.21433804151230937,0.16711755792297803,1.4296751228645859,-0.05088063195225176,0.30580812927556417,1.628273297253772,-0.06135568463320378,0.8475391694863522,1
-0.07993350320308085,-0.8244581963244997,-0.5681723717876821,-1.31316115721047,0.620291415953264,0.21582474738247012,0.5081638277132685,-1.1105015694503662,0.6911007946738454,-0.6358480122617529,0.028460259032076777,1.1015907273328693,-0.32219132628324937,0.7058786595765928,-1.000399459618457,-0.06796604822754436,1.0140437250229482,-0.8422321428424853,0.6016320572051749,1
-1.115191435336404,-0.7543500575130229,-0.6198088211346452,-0.37302411620670495,-0.19556216371037707,0.6139073082294783,-0.22606607848662333,0.6456014741590672,-0.22094524505964952,-1.1341333465431334,-0.7679977819857252,0.3648521958392674,-1.1658711622205284,-0.5238172214297209,1.0287502939379876,-0.07111100572642881,-0.09013466946489532,0.08879276324086698,-0.25069171316422556,1
0.28163771360048745,0.6109402068595896,-0.4301848854529954,-1.0515665552690303,-0.41161917776357404,-1.9573564411930195,-0.7096030171071027,-1.4787283295502764,-0.7240032364018039,0.16690995038914583,-0.0075920879915092115,-0.27547661319398115,1.3105023490304484,-0.15479101849649884,-0.37966921413543475,-0.8855891512134644,0.8355896177522734,0.7118109933071421,-0.6833326185215503,0
0.22527951976208732,-0.10950240324671975,0.18947757651787478,0.8318548414646075,0.1788766869831974,0.09673775749920337,0.7016498639306878,-0.5144204073694546,0.35522343142442875,0.2017001682326366,0.15012360372679792,0.885053397705222,0.7586073016551159,0.32638387833025606,-0.13041159077821549,0.955215208174025,1.1882796117175203,1.012899191935607,-0.9098201440929378,1
-0.028847975552245966,-0.9317367137921782,0.3939417672543261,1.4320453226856518,-0.4509944465511908,0.39209461192051487,0.815725524599015,0.45302516859474173,-0.26296640769600077,-1.2728720981355606,-0.36280158135687246,0.17369910222520762,-0.7441251315658014,-0.568064201217407,0.553014710993438,-0.5025372779379954,-0.682655319635869,0.7865858562883974,0.3785665798499344,1
-0.3614769851791267,-0.05826075450117756,0.4146730380713427,0.6094514390707033,0.05947100795779187,0.3578273478083002,0.01132751801178921,0.7480622394939846,-0.8634604767710454,-1.0084992419348318,-0.7944126845557745,0.7821161819964026,-0.7791929641678024,0.08565752322016097,-0.047948590377398355,-1.2944844253879133,-1.4238539583326268,0.9866286655268193,0.11204074877247086,1
-0.4771819132032173,0.017423698240162485,-0.5146256165133265,0.03599231456476542,-0.029903889538253296,-0.7627264645501582,-0.9613808205175872,-0.4163544256356881,-0.5968690411829707,0.47255671534304505,-0.740751694072537,0.45734245245732985,0.01159843529275576,-0.04264126071222372,0.2307540403259564,-0.10622953062794607,-0.4678574211495928,-0.2477258104000342,-0.7035568058157916,0
-0.6578736285875728,-0.4478835859172114,-0.1658927241232252,0.62256012644302,-0.7531828831961346,0.34601177780845555,0.8708621777024563,-0.13637344579495597,-0.09820290113287883,-0.7049948093392161,-0.012766721625601182,-0.5696935187033486,-0.6618906479057495,-0.24336411444244335,0.3937759544680035,-0.5093915948245077,-0.28954194978376974,0.44837329331235276,0.7802943836621289,1
-0.8322933373938401,-0.36208286197752654,-0.8880218768907443,0.8097651412639669,-0.3396976627979809,0.6974556011545152,0.13851205411329476,0.7189855114367143,-0.11091707046803453,-0.5739855558710738,-0.14584171187158948,0.22372863358002634,-1.3099090780290255,-0.6832013227207993,0.7507457716153819,0.06988739664205117,0.36441546591071844,0.18274912569841467,-0.3405270302534129,1
-1.5082204278953872,0.5084756013059242,-0.3322769513537829,-1.1243187406063282,-0.5914478877906345,-1.8424446857503807,-0.7698317324645743,0.4520746442749557,-1.2126785054346536,-1.4557926559617826,-0.9529972392656668,0.06926049557733262,-0.07203006120514684,-0.4387326883333853,0.7616082950443432,-1.3303720525890916,-1.0730098463378779,-0.7241928996415113,-0.5953886987666038,0
0.5639629244948401,-0.9383296913034107,0.6960848780023947,-1.4110967995830825,0.7524941098785531,0.41369504482289426,0.561267539654783,-0.7152807362405318,0.5970489671142816,1.2642068701015623,-0.1424732375584234,0.3958954766966823,-0.323005277160046,1.363075962198058,-1.04586258311271,0.019504762729200327,-0.44679717684335624,-1.2785268381054042,1.5090299347114735,1
0.3462285644396936,-0.1670409513426576,0.11270994572602781,0.49020999610863564,0.5207075000774406,-0.1837411723695738,-1.0226446448546018,0.14420004584883575,-0.2330398497322961,-0.13791920888930148,0.6724264033730067,1.2582840543079288,-0.987810570938837,-0.38183218731769925,-1.1268120704122837,-0.7556656598944916,-0.2165570821243713,-0.7459469945145919,0.2860693798875383,0
-0.19450137512048568,-0.41173454629832684,0.3565786279829886,-0.358025029637415,-0.8893092899265759,-0.19595032819611313,0.5747535616486023,-0.4254087847504362,-0.07823154555105004,-0.7984784661541686,0.39495852811833737,-0.8595210441961831,0.006960321143544092,-0.00045391918136334015,0.1375759558765287,-0.6863333871638978,-0.415808138629751,0.8047819490953162,1.0570593702925606,1
-0.24649076542538506,0.09231844586567184,0.08918718702181945,-0.15184182311486277,0.2935209342650996,-0.7913788515942488,-1.9389325159455661,-1.8266657563117363,-0.7626528354199382,1.615564825192115,0.16193521822046653,1.0445161061168495,-0.23195357260634825,0.009990599972104247,-1.488513367938068,-1.1761990758400056,0.027917117085957264,-0.07415007794104737,0.2921814863474574,0
-0.03481824874429451,-0.7818109033081013,0.6356556500208156,0.6354577117558343,0.0720688857839403,0.3020937149614001,0.19431670301191198,0.6834002559787775,-0.7187876992769144,-1.292817870225773,-1.0590709742419087,0.7246412823530414,-0.7565102367568933,-0.4165583166618332,0.3990137898176077,-0.9630407153970564,-1.2955685474291962,0.6693798162190459,0.10771094849603875,1
-0.7756282087724524,0.3990675528316416,-0.5593693147239218,-0.29077051481605953,0.11427179057058359,-1.0531674271921778,-0.28604508207718377,-0.3439676574821231,-0.5790241535870116,-0.4503961720081869,-0.2714180444770973,0.5681492455682835,-0.4793455672141347,0.0446890798998465,-0.6584421614122851,-1.3215197279429511,-0.06823488371658452,-1.1832184245674573,0.14561781967062254,0
-0.3438651775400985,-0.4406380308640084,-0.801349956733703,0.9646481388307431,-0.2827943813934154,0.11647881389621623,-0.005502761077765345,0.4632180049440706,0.02951992335499276,-0.259152535714331,0.19683779813420577,0.16924624176457834,-1.1071102754635715,-0.5966870051041652,0.39063105520875413,0.047429741048298384,0.47187654844902577,-0.4307491214556226,-0.11575943518816277,1
-0.5948927636746761,0.7017637701794947,-1.8920029328734163,-0.5871254695356913,-0.9624598296326509,0.15763030599100217,0.8514609038926019,0.6108034557869416,0.36754139162104504,-1.1670183756621249,1.007274520302728,-1.4693668338335857,-0.6143871007523725,-0.3387746205655581,0.5016437720805224,0.18486704276303859,0.22864208875925765,-0.4347593259107496,0.22842716772331617,0
0.3841906971946835,0.5523109582633229,-0.7426989584085917,-1.6229994481678969,-0.5189752550805468,0.15871923807008434,-0.8162402069894547,0.8202869408098279,0.11710899201132181,0.7170459110500426,1.0447201000694286,-0.8349951744746955,-0.13392774060993531,0.22216067097759296,0.3055666085565315,0.6645812790728858,-0.21880717402892724,0.7286226642267948,-0.30272479856171663,0
0.5772015937298863,-0.6270704494788159,0.06802346531037776,-0.18656492807289018,0.28971613773465743,-0.3164603131996541,0.47315469411792915,-0.13870255724904174,0.41245312585905813,0.18719654291421645,-0.17166873625914228,0.42302619756415927,0.4581616076559911,0.44250291416806087,0.15250679302818293,0.6049628610188087,1.315883653518302,0.11732303319172771,-0.482148191917254,1
0.03684914653190718,-0.45252651063444427,0.4429498938798046,-0.27196953895787157,-0.21302110640312236,-0.2545528606055972,-1.7133884750297188,-0.613822750272659,-0.4569669522490987,1.0868925312969042,0.3941268553323374,0.32781976035921656,-0.19995873650592338,-1.0057979807526787,0.09649812608057888,0.19601615684944543,0.09841063696793832,0.53169884124733,-0.344427211266615,0
0.24966984932408334,-0.5127571758479536,0.4682488573314692,-0.08223051107680562,0.8186310636345199,0.6961954790515512,0.47111716740397247,-0.2590654398462451,0.5521185736388704,0.6658755497413238,-0.39633614824835095,-0.2055482417217872,0.40931612356041713,0.3023211403579478,0.2141807205780559,0.7718199495486299,1.6640415244358309,-0.29345175415383046,-0.007839945930443374,1
-0.2499704039012343,-0.040354812708808384,0.046862843340209216,-0.6149596444374901,0.23552120982091904,0.4306527841211244,-0.13194307868569402,0.3998580577078771,-0.5138554752820512,-0.7126557097672216,-0.5175745740711936,0.7793973593915097,-0.6184675523367732,0.13552291100187414,-0.21472674041328174,-0.7777154550233761,-0.8727265702397632,0.6089181999285219,-0.0010059905395563287,1
0.9126771500829348,0.8365474627362509,-1.1400441171268043,-0.5792125667579361,0.08836505214407656,0.1320140610699675,-0.3731578884322071,0.4159485096223436,0.6364254277800958,0.030580999489863616,0.6841278470710374,-0.7506960875904214,1.1896776646579938,1.3139821178367577,0.060816729387595095,1.2600419386109336,0.2625397849630897,0.9753648525063915,-0.7867545113303958,0
0.6719620753627819,-0.40785999016663627,0.27639047064304323,-0.30586768102022543,0.6066676520094604,0.44494670729326125,1.100621869091976,-0.306566287331537,0.5127269149818119,1.3725560028085053,-0.23620205814404543,0.604414361363051,0.32145191163966297,0.3756992578311186,-0.09825386875670418,1.2026502602766493,1.1154106964311998,-0.113310775622278,-0.5492931369809588,1
0.2777869837514129,-0.6836402290078656,-0.1286811471200116,0.7816550079817907,0.3084293050498702,0.1500953980847049,0.2378171918633644,-0.6988529720000819,0.7203339492330193,-0.5569317372356689,0.5822158519775869,0.5559137677442841,0.029172402082635676,0.3963665123734708,-0.6473606712046003,0.3459890110139753,0.836243580403946,-0.3501488623816816,0.4731778220238984,1
0.617243703260823,0.29699819242035397,-1.1530360820753507,-0.011587286388855611,-0.14304392657959075,0.30074871039445417,0.26426667615246463,0.7262956854936968,0.38056968399914465,-0.01927312173394458,-0.1037842262111355,-0.9217147295695869,0.3621476196913756,1.0007491834145197,0.5595850646772763,0.9875938692073528,-1.0146713135868202,0.16721446220376202,-0.2883391734706851,0
0.2401126068433042,0.8515297939186446,-0.9784663199120572,0.08112350209547946,0.8739269704566941,0.4797601611608416,0.8725378932755088,0.7447664013645956,0.2764146548304251,-0.5430437581488877,-1.3201252262046341,-1.321915410698711,1.1480060912977392,1.1866640315912302,0.7869935508163522,0.5986369229223306,0.4623789947725103,-0.3424297684303545,-0.6763227145568074,0
-0.03960368093595999,0.3548332777007596,-1.1909837287417029,1.0297841279730062,-0.37799080632065696,-0.10149800726591462,-0.03462079578764855,0.8742443322412627,-0.20547911525636725,0.3104393807878359,-0.42840245264030824,-1.2997816490131613,-0.19957832568178782,0.14481962877560214,1.050746590337489,0.07913376195184703,0.22888423441545205,0.11432004179758967,-0.44855288222439316,0
0.14282266814933717,-0.6746358270364626,-0.9186277671988109,0.5110149335450787,-1.0289881443590922,0.5126550264979565,0.37202511989816034,0.030532673696115734,0.020548395918200537,-0.0028318642231690374,1.0028037620143464,0.04140550309954063,-1.586855345696544,-0.7031395181170096,-0.07025062128715007,-0.33835153340871604,0.09281888573137206,0.9708859368114265,0.5280994782043487,1
0.4816705060835907,-1.145841148871251,-0.21203346760784195,-0.4424309432522383,0.5126596666942783,0.15517783169203583,0.4214824049260178,-0.035339532538393156,0.5100598444341002,-0.10617150952260795,-0.223462093595432,0.07657800718951152,-0.6607359378748108,0.37479549798721246,-0.13914598198815933,-0.3303444281075228,1.4747134458373063,-0.8188768942078717,0.7284946206480486,1
-0.6672132675626804,0.35786093761682514,0.24143355535237684,-0.8554793160757446,0.6002965039919531,-0.27286710699631384,-1.0804038046307178,-0.3214794086440153,-0.6092013928725384,0.43623696770214315,-0.3726576800350637,0.9050805751422637,-0.1673006642522338,-0.4885362059892996,-0.36754524937797456,-0.2739567564863127,-0.12512573152520384,-0.7591950916770884,-0.5230183972694327,0
-1.1079200261761488,0.2987771153597969,-0.6852851210160888,-0.8873600331533225,0.1310505758820534,-0.9056143168206413,-1.3691450173188244,-0.9057848772989496,-0.8886308385389106,1.3500065456923411,-1.0878448058652055,1.001456802115194,-0.09144136494380709,0.18369208178508517,-0.039052916399961404,-0.32941613360567423,-0.08572261295204177,-0.2613643316014304,-1.0333600710048352,0
0.3270479983370313,-0.9522429539449151,-0.36248604145098645,-1.2386932350688176,0.08241738688135906,-0.2332061892147096,0.5266006814142447,-0.23237360287724718,0.7716644156814856,-1.2394623283070054,0.6115173361750246,0.577504101992021,-0.19483572787714568,0.39835080155877967,-0.3680393648508616,-0.012902674883313302,1.5988145767766253,-0.17377635611384806,0.3801746850005771,1
-1.2754564607282661,0.8845123092741526,-0.21473949774877707,0.35871605559795255,-0.23409344289377348,0.5683719252490336,0.49323425560182893,0.8848191467580975,-0.941742180116931,-0.03321666697894489,-0.7503222739651194,0.13340171370655654,-0.8116376920722908,-0.2299278906661234,0.4606515627379965,-0.7568851971176144,-0.6426945023825205,0.7973297081034195,-0.5352791700380981,1
-0.7059601712420281,-0.7707980323707885,0.26868522826162794,0.038963547113538416,-0.36603429989238134,0.6660570507834798,0.21962677855233462,1.11975808056271,0.014893072266652492,-1.929543670290159,-0.3524177031923292,-0.027300802158879825,-0.19110144707960727,-1.101394075695805,1.770703275675342,0.6761173950678301,0.94041311459254,1.2631351857162705,-0.922456413322328,1
0.4805367125449915,-0.39116737153503334,0.9610603536410037,-0.26387798479865937,0.5214762664711529,-0.724492345098843,-0.053293940927021846,-0.7703442660288972,-0.20214203484257764,0.6158533082861091,-0.7314570704479366,1.3569687319738277,1.1309493890521622,0.5531305948388938,-0.231510501115453,0.4259610264302654,0.26549969767653064,0.6960908105865288,-0.9648760948069965,1
-0.27231682461713114,-0.45863633861646896,-0.4499819610270192,0.9189298932492643,1.2029368150159037,1.40288728128571,0.5218667285853328,-0.6154047557654193,0.6470364362847187,0.17118333482252499,-0.5266468022851493,0.5236954496175976,-0.37647463789919733,0.41156036971805077,-0.4337725149974622,0.402726402845207,1.7780134588345493,-0.6569537523554861,0.19124354472112565,1
0.8086215069036029,-0.5485798910861752,0.8488665786603746,-0.6809593637300055,0.9965329578861054,-0.15537015725440112,-0.7945901393427006,0.20963902328539857,0.46675373829910427,0.24260806650919545,-0.6963614794629768,-0.3826801990556519,1.374966083159312,1.2404130528112296,0.4762696914953603,0.783273741085773,0.8315040586649081,-0.03555788251921171,-0.2226392359254859,1
-0.20457978097408772,-0.2834869985828775,0.5121213888411602,1.1295844429563053,-0.5426526200228566,0.15072190911534675,0.34529645860545244,0.49951745150526383,-0.4218813544945299,-0.9172892949547733,-0.20882833573139517,-0.27094738539405755,-0.06274055682395734,-0.6973976913828219,0.8565595698874108,-0.16994864639522064,-0.32403917316174896,1.212890557650342,-0.22245548334926538,1
-0.35996505372273857,0.3856413092689353,0.33115958333718387,-0.08907049442644095,0.7378160044472196,-0.27708383282632487,-1.0256036772389452,-0.5610604537058935,-0.7047341779052264,-0.21761708845126015,-0.3538219605818853,0.2911383919738465,-0.12651609312850406,-1.0717313529334869,-0.560453704233805,-0.7401261727718573,-0.6045268145723792,-1.4450242827017814,0.0860832216833201,0
0.1385260353365546,0.339043375485123,0.20697077265595565,-0.06142676449668567,0.20199101426398633,-0.7315767561438035,-0.5546152587951061,-0.3386532694793832,-0.24660893475502402,-0.22052172022066088,0.6646672682434152,0.6332504720127494,-0.016771895387462814,0.1748132097883065,-1.1017574959901584,-0.8911285290050365,0.05339210584597359,-0.24099270798693156,0.29240436610188,0
-0.008181155745104252,0.10081652514616254,0.25177985246060874,-0.5482416590317697,-0.1344900584596028,-0.38652459829620606,-0.1553868264641551,0.14028658724306187,-0.6528378406011279,-0.31508013341519003,0.037607787786487934,0.4976004180465211,-0.4961770614618892,-0.05969053295557576,-0.49370578065980986,-1.246293172379234,-0.45426418257880685,0.5475577913667891,0.22237529409579465,1
-0.16897549785259885,-0.5948747093235524,-0.23447766130277817,-0.14182148331943453,0.50753861553439,0.42749158929956166,0.3711681987017488,-0.20771190166549636,0.07003317909834442,0.3391735675092573,-0.9420177973308588,0.5803233497166399,0.05436185308233566,0.08643858348364936,0.5651861446648303,0.266242751858402,2.531901034484583,0.9596464935986794,-0.9940009169081513,1
0.026100904999494176,-1.157421119520153,0.3024309516118212,1.3603814978829356,1.060632753260625,1.1556041197238096,0.15921376468643308,-0.1751520764926186,1.0192202267206503,0.32856653517038104,-0.09527172818906152,-0.21091376314552157,-0.7383769402521151,1.3129374592016407,-0.5813637631277552,0.001008742804563075,0.7825217456680464,-1.62339074738565,1.8486419067591462,1
-0.3702757028022807,-0.6002873088740653,-0.8804294633031862,-0.11424002267638449,-0.8447470765926635,1.1034203956781636,-0.08534213830854566,0.40979415428869587,-0.0199476728309379,-0.016261261326506137,0.5905480636108833,0.07354015251998025,-1.2311523248925362,-1.6327465453843437,1.0944535272311229,0.8000964184991759,1.2670868764565617,1.6517774803172736,-0.8965856209943749,1
0.546500185391624,-0.23073306264334836,-0.6431176630745891,0.6272614217956457,-0.9000515885997534,-0.3251084836807621,0.7866402095856604,0.4713683607383901,0.6269150307811959,0.25395716917826594,1.3942325187857039,-0.997070214647756,-0.7652582999968836,0.8498496290674638,-0.35374827633299366,-0.07677413789393546,-0.6866480074060226,-0.6769183340223827,1.433846760778893,0
-0.5925965355454849,-0.13779112625885595,0.6475038158547813,1.9356017811590722,-0.45191913712815424,-0.08953858679274529,-0.15302065972370693,0.14106365109425859,-0.6065951698936014,0.1423069474817324,-0.13514389920135414,-0.16762875284058534,-0.5404102831513073,-0.805934438799357,0.38604123551462155,-0.25417349918824095,-1.4818454891977872,-0.3328818664627367,0.33062801282126675,0
0.1318112628323895,-1.5544532750396822,-0.10726790708619725,0.05290110696611805,-0.8081367390561967,-0.18204347564664186,0.17731956615734407,0.1502196218391054,-0.08069536279236196,-1.1732589465145296,0.319712432283212,0.7229054895284927,-1.4704210450573543,-0.34963505031516184,0.016412126606780476,-0.917987545593329,-0.48888183910007516,0.5443947731328792,0.8731964209614322,1
-0.9837876819484873,0.7352089754443891,0.20769690059201548,0.15656588690207976,1.313985850043329,-0.12977734212790762,-0.8174079531805053,1.019936245609699,-0.5207498262632654,-0.4955323243859556,-1.2757506245297903,1.2288523006958227,0.16910306216122128,-0.16280002922692402,0.36990696935502904,0.40997435995322035,-0.3610650310385896,-1.5727350472407604,-1.502757790334148,0
0.8721853185897601,0.3502575634753797,-1.2120777550016466,-0.1323933105966668,-0.43302259464321,-0.006834393563163827,-0.17186806493450218,-0.7880824700388772,0.4793636820054574,0.37355259270904406,2.2328874306940962,-1.0988342170432384,-0.906959637877536,-0.5194895514874814,-1.4955763844162695,-0.49923620947631,-0.01992219425562481,-1.2323434277754708,1.637406310124045,0
0.6897795985814633,-0.7712822343746043,0.7784280572329031,0.07749556541304349,0.4724816024562303,0.20708206984312702,0.10674491333319303,0.4390012572280552,0.3561094137759845,0.9000575609489894,-0.2553662783234127,-0.06000787144787921,0.19514179869024464,0.41935737523535377,0.4501864305378097,0.6790006613081787,0.9720694644660587,0.03642968362241745,-0.09363071876846511,1
-0.44054990825366436,0.7842901194970072,-1.5258265314841595,0.22858986226638925,-0.7540690144530556,-0.24748027075733472,0.015044600787841825,1.3164220846706647,0.24652034790165248,-0.5320322410335347,0.24625670311300266,-0.8076288733409791,0.44234892936767234,0.7636449245172839,1.2959692556402176,1.1021486046956068,0.40871947564231687,0.9906971032087647,-1.3419868966527786,0
-0.10655035234355914,0.27152566895470887,-0.9901291445286752,-1.6338276764272333,0.04419854502857071,0.9212028136555057,0.7681937173736486,0.2446025158039241,0.4626648101995018,-0.6559621222590468,0.7857956846304889,-1.0399361022551497,-0.9534302817183992,-0.05690951572780785,-0.44401466480908885,-0.44294475154495516,0.45120532501572447,-0.8908339504729261,1.1923211062299588,0
-0.6717926766092105,0.41807255641676555,-0.030123327164247173,-0.05845841002166223,0.3335111943178988,-0.8603498101154223,-1.651817654881292,-1.0930473624560468,-0.9946326185855698,0.9941897216986515,-0.8185503484004961,0.8494063392986915,0.3436534954212105,-0.34677689047572624,-0.2741795866651635,-0.39550631918317275,-0.3906898543057681,-0.15268822195704823,-0.9043661860573271,0
-0.8019106037269994,0.10574743360721862,1.2175616292548106,1.0636031330559796,0.3752760722838457,-0.025876315030890586,-1.5082473213939305,0.37659280207100404,-0.46121397184992613,0.35665701222936935,0.09308170493353732,0.8785688686415706,-0.12033729453364331,-0.358285374436928,0.034638291964565485,0.16400296949675391,-0.5140045037969134,-0.1700644080164212,-0.38291794845503024,0
-0.39086413400543624,0.014497971034959577,1.0908143263805923,1.130519099944823,0.12805485239376155,-0.21148970330625386,-0.5430178084505739,-0.07259772445026527,-0.022995500978297497,0.3739035136345314,0.7642585372603209,0.47567934532679945,-0.08868686766256634,0.18445418625157153,-0.591468172481329,-0.27854592122512983,0.3238748763144284,-0.11751934640268757,0.4674666640202056,0
-0.560219262971682,-0.5493166590414418,0.6342963528949943,0.6267633962246981,0.40640602804828213,0.6041688640468261,0.1450464845094689,0.5429764022434485,-0.15015086925157767,-1.6898003926583987,-0.9520204353714102,0.11483593103568697,0.18367824234467028,-0.7496467555093337,1.1029681410751324,0.20282701088802213,0.5484415118090341,0.4228405367342751,-0.5591378984723359,1
0.28870075368058234,-0.4636182157750429,0.1837424337123292,-1.6596260781774048,0.6353468028869524,-0.2478085862092461,-1.031150052238154,-0.21294021939968677,-0.08966116864879191,-0.13646585714087747,-0.944615784154029,0.4691877612621099,0.9989848635474814,0.503072809106211,0.5238103303491947,0.3800109235580369,1.1149523625874145,1.0273601595726904,-1.0738951537688581,1
-0.27192459312474576,0.2427972840930127,-1.2901682103039367,-0.6833082594554319,-1.6284141926388125,-1.4840632805522136,0.8219411333658458,1.1979375971813857,0.41430944700742045,-0.43875665423772287,1.2853288194353227,-1.00462034256304,-0.2678840990383268,0.604023300097425,0.8450577805178694,0.28604406964988394,0.5890854341687574,-0.056473623520354954,-0.15881433606925074,0
-0.2795936988860061,0.42333959337636695,-1.4865716251776833,0.578912720342641,-1.2866130123533337,-1.1156030697303159,0.11756065116931766,1.1122815718393722,0.26669279281822017,-0.19749363419289445,0.9840260681364474,-0.6879410888962201,-0.06428119598604388,-0.014931645530000912,1.1212348071503024,1.0516716524731635,0.35401293933120004,-0.03409023605379722,-1.0435636599914788,0
-0.18358932830177904,1.1223686182574042,-0.6133706289108098,-0.09605618073253833,0.19007268949624706,-1.3118062417809868,-0.6531643547172554,-1.2315624774869562,-1.1262123635349712,0.2768876087949771,-0.9243089639482153,0.07966890323627564,1.1710172000801031,-1.0186233053479499,-0.01251743296451311,-0.3853338426686595,0.22665870069784813,-0.0005344808484349225,-1.5878985313012692,0
-0.44204490230941873,-0.1906352425691007,-0.2636873424525386,0.1610182860473749,-0.34202080779294525,0.7903295610136191,1.0796222019669164,1.1269194647637422,-0.2535189137160812,-0.9054413122402212,-0.2562530873982256,-0.14479417032667724,-1.1341416346939635,-0.8573420772691076,0.8030628736721344,-0.2238219625799838,-0.04722605840683478,0.32732542898069633,-0.11101131783472945,1
-0.06473678821474162,0.10102412777268292,-0.788267941197468,0.18144661404623044,-0.24260059784095148,-0.08531442697329467,0.2383211105934486,0.8926862178762616,0.08791916047950306,-0.21553698768142773,0.6228823051584483,0.5480217043159924,-0.9748440968118904,0.3590740157381171,-0.23749484506310364,-0.2436435455892929,0.28315558190231516,0.015198027264112714,-0.10836101970493836,0
1.3070178333444726,0.4343988352691093,-0.3176768662143235,-1.652150583413543,0.7083299820452832,0.7692313337064397,0.5637357688405644,0.11674822396947052,0.6297690424411037,0.34268027340344825,0.5965177635650983,-0.17925934925734296,0.39402151810110614,0.8584343808672723,-0.8746450292771971,0.7306663130577316,-0.39697019310816284,-0.22005821744309295,0.24968556394662392,0
-0.37414196018279094,0.5528800766071545,-0.23421157200159406,0.11117136209041961,-0.49936254212894726,-0.9100791524959237,-0.5940839382774177,-0.33835823519480174,-0.9859344374929426,-0.10193523695701277,-0.6507921012202882,-0.4537932337488623,0.6494866659648199,-1.2074747100921228,0.8598275645318119,0.021343963932631476,-0.7848274210333637,0.33017873417121235,-1.1518401023077298,0
0.4472217222008454,-0.5517004728128407,0.19804828977156194,0.11057283981434968,1.1034606648916145,0.6057572918509939,0.42150960514187574,-0.9076137513349518,0.5577338900772513,0.32800175132306303,-0.4119444702449435,0.13429011301895852,0.23790429996900236,0.6702504220887968,-0.7163107338261427,0.12894795789524666,0.8844318768742404,-0.9474873183082686,0.7112098833376992,1
1.614495597808609,0.11335641105860701,-0.13318693676014823,-0.43555795733591296,0.26172153960425154,0.15091668373373632,0.14472010343850103,-0.1575870243253257,0.542077598198873,0.9229529957009117,1.459961031050414,-0.09950145094939934,-0.24761225368201745,0.4960718224635202,-1.4451890018196512,0.18888067206601866,-0.6969193927984574,-0.7099138549968295,0.988598128254447,0
0.13275715832838675,-0.3696636547378132,-0.850321785336829,0.701115056915401,-0.013358107580006533,-0.4720611825821237,0.0372378024655118,0.8133765717266824,-0.05380896813052951,0.033452872489850675,-0.31997132251984334,-0.09990984363618333,-0.8599290846465382,0.2463043745405001,0.3441562888643683,-0.42734413318109427,0.44928577124169583,-0.8167048108517285,5.907974312539232e-06,0
-0.10379425037203358,0.14674251877701044,0.2756115101028872,-1.2003631249727222,-0.41483935030479313,-0.8994036012067508,-0.9683204876290594,-0.6024950015843167,-0.4891349430678329,0.8609136298092057,0.4681039752593291,0.28279990494010754,0.3290917017036206,-0.4135515565412347,-0.0779695598015982,-0.16146134757463265,0.7497189944496643,0.9040115368296078,-0.6141660071810857,0
-0.7439031430095958,-0.01313427903817763,0.7951446189790227,-0.29446599021981784,-1.4521420375692824,-0.8058576769700403,-0.08971255033126099,0.5238506084077497,-0.8046012388990191,-0.4015782877940311,-0.05624835036871645,-1.0985384962977605,0.41188221365308775,-1.5081846543813238,1.8508397101784093,0.37925852287059353,-0.9579057669909488,1.0331377059529627,-0.7105751224848631,0
-0.7451964689260695,0.4956915247005248,0.8418384518467331,-0.05999462146158103,0.1495647450578933,-0.4961251007866568,-0.5616517543722913,-0.5673095042360513,-0.5632952066606736,0.48803103263452735,-0.4387385552973939,-0.035851510727242596,0.6758663021770694,0.15261143267534885,-0.08990027518041327,-0.2219395127837788,-0.7906814060551985,-0.2530812262885486,-0.02264931317278386,0
-1.344722847391967,-0.6875574849912734,-0.24573057667600653,-0.10731644022106915,-1.095287382725749,-0.04063266563887091,-0.32035826347712043,0.26679090283224677,-0.31913992487766696,-0.8795178745299427,0.012946239251511027,0.22266711910730635,-0.8551861100504476,-0.37654119860327845,0.9878484612780777,-0.2942729366108508,0.19114995567570212,1.2947526875103568,-0.14080413411366052,1
-0.6021912639764193,0.10036143515926119,1.1720107843544447,-0.46742133798223207,0.1907421204427718,-0.6588411525039429,-0.6815375528358265,0.8984282151501025,-0.926627417423292,-1.4946556434927316,-1.044344003061532,0.6630022018864643,0.40695269270581363,0.4312672963063422,0.4174987272743002,-1.0943466616319284,-1.1573920077008817,0.8578150218513544,-0.3877169998674374,1
-0.1392434424624676,-0.0653557885013421,0.2848992812644519,0.555876399520738,0.17789118355742006,-0.23059131275966704,-1.5146306689081674,-1.2490912458060979,-0.699799167995408,0.9803088206549193,-0.23759501964417692,0.22568327535623606,0.05227095225594223,-0.8815783449654603,-0.33077309260028837,-0.2175221851934492,-0.6972051073245354,-0.17705289469296379,-0.06657683821411225,0
-0.511986070855232,-0.8234863602805949,0.16920187392990302,0.3418899011794164,-0.8121896263616398,0.26784125942568576,1.4982667203390934,0.6931355119727043,-0.12852419405233997,-1.3203904943232285,-0.05725356643384509,0.13572649001554551,-1.106865891600476,-0.5282692205319595,0.6412831239568534,-0.582997933376976,-0.09968106658442222,0.6190070590569176,0.45194029303492317,1
-0.018742358015924925,0.009133393185556433,-0.78454013324304,-0.4200568119944649,-0.08971883882885287,0.17438513357119284,0.43042228539000243,0.7042137702271092,0.2597593504685747,-0.16544549396384428,0.22332630481893292,-0.9063679022030826,-0.6781565094520092,0.0766669646877263,0.291414040319249,-0.06767889150460754,0.297027803515652,-0.948323988096218,0.4911116397330331,0
-0.4047649957436075,-0.9216636631262107,-0.5116931740781848,0.900490975922222,0.2742527090811588,0.9416942677174215,1.1586014235793294,-0.4884767484795784,1.0758059639765458,-0.2275266800050824,0.5925389274636574,0.7251880045441268,-0.8740818551708207,0.7278604693767208,-0.6025442856537544,0.2857279102848976,2.117298274838128,-0.2919842966410323,0.764777184006477,1
-0.38892716635551405,-0.6648068064760129,0.904551139923031,-0.7438598080004395,-0.06843833830135349,-0.14055104617387254,-0.37256545027004145,0.2549219908868649,-0.3816929949331718,-1.6366504330009637,-0.46320372598941234,0.5536262502514603,0.1839315864678309,-0.28410272900467015,0.5550613905856745,-0.4933118384501828,0.04152950654156356,1.1813175387226753,-0.22719247098253553,1
-0.05253693954759063,0.25222219072543406,1.2573424124020791,-0.36357645214626877,-0.12320312017267113,0.26754289936095094,-0.02105448112678387,-0.01611412979323784,-0.7217916495138841,-1.1971968243510482,-0.3410325632829359,-0.3461402754058221,0.7164756231816436,-0.04022810647536666,0.08388360925834283,-1.0057582254701103,-0.8433862713046696,2.0383940051748732,0.24913127039513724,1
0.9004588584311105,0.5821831410377472,-0.9463123111648053,-0.24298247741508608,0.33234702151033024,1.1773129920032255,0.5680619664341096,0.08973064200835956,0.6922386282891206,-0.32273144723330766,1.0397346897890793,-0.13704413805132165,-0.012992017462825403,0.5461009835258057,-0.9001291622194472,0.78679416381426,-0.6424008891412094,0.14744211807810334,0.26823075007711594,0
-0.13247173856792965,1.04737269451595,-0.23511988504144646,0.7444708874525477,-1.1565149731320246,-2.4676533747891947,-0.3873883011588658,-0.4258831263398929,-1.018226558592438,-0.5517646688620093,-0.07044212035369309,-0.7172296998967395,1.74718732869694,-0.24871605184030524,0.6894035804779083,-0.6654338658279038,0.4458391528309035,1.6131905947693392,-1.4469517623370445,0
1.3309073218539118,-0.36860995273934805,1.2526851191483208,-1.628328475694396,0.7753357207047101,-0.00124858405979524,0.2731239672085283,-0.3550838526267653,0.5498208041708241,0.644501839494959,0.23943358094911077,-0.18689692231094657,1.090335145250816,0.6023807628663642,-0.485733636929311,0.7716519701405825,0.009259669070846015,-0.4927096041042831,0.4406645508169398,1
0.7901096051354877,1.293466607214005,-0.9199753811059965,0.3669781436933517,0.16068117918897443,0.942255114732944,0.6122483861958271,-0.22883808930553182,0.9430950932520346,-0.03877105505139447,1.7958570448616928,-0.3368234941972281,0.7491518107546763,0.9995862224768098,-1.2418708543867887,1.1967219088679908,-0.20750701807534488,0.5386370916438348,0.08495574452972521,0
-0.5381015277330152,-0.8991632297537895,-0.3277876401919417,-0.01918208871864453,-0.9393021124428692,0.6591007450412039,0.576638873079156,0.06520201203558752,-0.19497385629844938,-1.0364360604279241,0.3178015090582892,0.16382825793145847,-1.5788147015753597,-0.26244262093187776,0.015765380057107693,-1.1173503003610714,-0.4083192215743352,1.2289364098629998,1.0625814005776162,1
-0.08171071312684766,-0.590754334010962,-1.4199310894872768,0.9009542869603063,-1.0480788777589725,-0.28212287717829215,0.19929592010900773,0.5294986115795268,0.24016097503137168,0.20452588562453375,0.5716151815807061,-0.5837192443255619,-1.337647320619378,0.10280081353798205,0.472457189175722,0.10436476559939344,-0.5664197110808877,-0.6130204926171055,0.5555469658205882,0
-0.7480943691006833,-0.10521552633422941,0.06377918441439893,0.2660753348275411,-1.530267005501012,-1.2414372877449482,-0.8125654456422204,-0.3943261755693296,-0.7461737724378299,0.4247381017368926,0.5568007919855535,0.013621283752037942,-0.0478141147527272,-0.7159972374994293,0.6666641465151618,-0.2627105797648172,0.011172339810125888,1.603156912065282,-0.6056205168016398,0
-0.5457840398892448,-0.5847153347141332,0.4016153627167638,0.044514946403585595,-0.336433313363747,0.04534340470056701,-0.1365594552806464,-0.19779151507168596,-0.20159101243411176,-1.1836298497660036,-0.1611444018641505,0.016422900790668535,-0.0980026597404838,-0.06197219856748942,0.2901338622366661,-0.5950055759098433,-0.06601206242210814,0.8837345758656869,0.4185452493958521,1
0.08779085616711688,-0.8483647751631926,0.06033755553166272,0.12200647719887668,-0.9966740797026498,-0.2540652591588274,-0.572332320936881,-0.06681620904887248,-0.12672214451792418,-0.6996216363955349,0.7358116710331751,-0.03579502113065744,-0.3751022136117776,-0.6291060727026067,0.4590604716475334,-0.1782259159292394,0.15132458459820308,1.5279681887768504,0.10573641553157358,1
-0.09808278222146173,-0.6956573312025492,0.12948935409188997,0.9808263665475296,0.6514383009784221,0.42119045988490955,0.03245422502612367,-0.6107812859391478,0.3705448599140187,0.12073186619312264,-0.39075297898188954,0.7480723409067991,0.05056345397582809,0.6374577842238491,-0.27788631634997923,0.21864199623304487,1.1362259310938727,0.06406746765921129,0.055180186914324005,1
-0.24309106433459296,0.700605208911013,-1.2724840728193862,-0.42408356312594586,0.0035465612999857257,0.21234850004096922,0.4010106556932102,0.9561323766510865,0.37169389672745407,-1.4343276110998981,0.6185839411381818,-0.5667949055500592,-0.19385349738788238,0.04065545242963036,0.21028656326216363,0.09431873444111288,1.0863350648425858,-0.2313377989619206,-0.3273157702598895,0
0.06715994263488892,-0.4461870055928128,0.22296862055143704,1.6317030365154994,0.7585367121021496,1.0218714397640265,0.05235539468260666,-0.2135239442450432,0.8119034643223094,0.2760968829548994,0.10076159564161659,-0.14653015325705743,0.35233946954827905,0.5626171864338273,0.06491248245800152,0.9535939249981746,1.7218093887087902,0.05781211888644077,0.1043254397281502,1
0.3738873619984286,-1.006455657305319,-0.045801285613380364,-0.5662871844768406,0.871933538283081,0.06028492338926753,0.0866395627457029,-0.3183669605613892,0.5421078196543087,-0.504634362467261,-0.36572329113071006,0.5640371053226978,-0.3392791967442803,1.1046197679695515,-0.7142275600570058,-0.4929589580174106,0.5836587683736786,-1.1020841194778996,0.9909501735621736,1
-0.8255847072962401,0.2624839768110134,-1.540779985191754,0.9067229859561204,-1.2825954259763686,-0.9912727127981308,0.6087465821881425,1.3317422303493487,0.12965787980864213,-0.7870145741246768,0.6972950630082665,-0.4492373271451136,-0.7553103236430375,-0.2301464328750385,1.1175330556225884,0.4365966705630366,0.35930609413208564,-0.517973225915092,-0.7088852854585569,0
0.2515094529521033,-0.525382035651396,0.9072693580472571,-0.7743569834643496,-0.12242907066447507,0.2643144337702982,-1.6163445883779135,-1.2683438251145778,-0.3368319442612705,1.7391668346133213,1.0903342885576084,0.48140119419782923,-0.7496309003556144,-0.587245393506149,-1.1614786266162538,-0.46426252111289823,-0.6128510212567435,0.3915249196969039,1.0510941992231764,0
-1.413449990372171,-0.2220381082966758,-0.023001811257041198,-0.005430343655894361,-0.04933161347590907,0.2967754372810663,0.31122357278093904,1.1089920855124968,-0.5298102551717445,-1.0355313903186818,-1.1118759437220638,0.4663100751654372,-0.8093519947050363,-0.6481762165011746,1.2653698660789696,-0.17726865814391407,0.2637366050388576,0.04286567984096412,-0.8031195532061124,1
-0.7479030608097865,0.1400792501726998,-0.4847123537892607,1.2400539857725605,0.16084740330942657,-1.2012289911760106,-1.6077598621736544,-1.0532701694084945,-0.7531939635348174,1.0036331727634442,-0.4512903764819271,1.0159275098197642,-0.1768890000926304,0.1473065491958518,-0.574569577621023,-0.8672920158880487,0.45169915948683337,-0.35807831934657924,-0.5040491465648143,0
-0.3799265913003908,0.28220575526046193,0.002788706045612266,0.25699379957252283,-1.0477604222099421,-1.2232980545197605,0.0076596763196105245,0.2604143182013324,-0.6792853754367845,-0.9748638539411513,0.16214123403409053,-0.3380135386471443,0.3354216104816404,-0.899504848495828,0.7931832437415984,-0.2941626010681314,-0.47895587593748373,0.6920956757881046,-0.6901757256932007,0
0.5220339570691989,0.6702979487613725,-1.291035099704973,-0.07207386733817168,-0.69645385889145,-0.06562207485195211,0.3635339590889445,0.18174125548930878,0.6857890155220264,-0.14806309926099487,1.6180410723047889,-1.1957330794704268,0.13015272179451973,0.3416693109436557,-0.23464723101484647,0.8110367296693081,-0.3637103104017339,-0.28535109571764206,0.3537480504133281,0
0.29009859368586743,-0.1512895950224819,-1.0443739203703188,-0.753448857835077,-1.3049710593418082,-1.8562568813232183,-0.271685237589907,1.5138365770949647,0.05909717937862953,0.37236003535926504,0.4020961693625863,-0.5228838764309769,0.06290956224387308,0.7535782293731415,1.4001347384446061,0.6885457951757527,0.23205704324447435,0.3457724459292954,-1.0981309675411806,0
0.5805420043753512,-1.0698969957642075,-0.45957385644459725,-0.922389204146187,0.7717841526840247,-0.5807052648543951,-0.3234081392537768,-0.026161459920246946,0.24472182675194906,-0.6402424844564799,-1.006178178030981,0.2638455471637772,0.13412066729436697,0.5715683185309709,0.2824795112990772,-0.2992914366954558,1.589819190435646,-0.637478590846861,-0.1768308655893171,1
-0.6441089214081168,-0.029084726592553425,-0.03839382131924025,0.9370886816725544,-0.6435779334341241,-0.5812210953324054,-0.24505128348860164,0.2223038464199725,-0.6473421961864292,-0.352605586616998,-0.36750769735132904,-0.07317707383359162,-0.2597066586497446,-0.5989526613076586,0.6877701719673402,-0.16714350412282,-1.303140752496152,-0.05574697269446999,-0.28485354541132335,0
-0.1783381246206331,0.03975911275275996,-0.0806616013732227,0.3561696505888073,-0.43066389930875343,-0.4683690050086876,-0.4577487277739837,-0.1617772272274038,-0.368816531086386,0.2705492453653715,0.3512327606550015,0.5574767712427334,-0.5312324049116649,0.6608050660649166,-0.696585900884901,-0.6880802882398815,-1.5616754062525837,0.17890280238120376,0.5473675788230666,0
-0.687479005105811,0.4217435897226325,0.12243051922131898,0.20824797579282364,-0.030641887517315988,-0.7314824818325885,-0.5507436537276642,-0.8896825695357901,-0.8602753068486665,-0.2578385283804439,-0.5927557825945344,-0.20270975554948187,0.16852154201832945,-0.47388431897619493,-0.28766782854531536,-0.9706596378647817,-1.4549733328410748,-0.8371865720654944,0.34965904270383485,0
-0.10464067753355252,-0.9781771786911857,-0.26891890246667144,0.5623785197215305,0.9223604622381352,0.5523960553934844,-0.30181121237130015,-0.8014044117276193,0.4134312002785312,0.5403020309117008,-0.8122413464083679,0.5402196014584595,-0.3485416172339581,0.8886771137923143,-0.36162004173930323,0.03906035054627372,0.8506923404526436,-0.8059791024889633,0.5295534228868991,1
0.06517936765083547,0.8296928204199319,0.6990481458793257,-0.1888690308290614,1.7161097059666643,0.529791869519908,-1.5412442173309104,-0.5190352366537984,-0.7339103907998018,1.7422703893427889,-0.6628019967187684,1.5194657950857215,0.11249954641058547,-0.4675408733198086,-1.094657399532741,0.18841015719851703,-0.51787809448707,-0.8920853646703798,-0.9484430246005819,0
0.054799420929971365,0.7095678639512019,-1.2400197137450488,0.48393444772834865,0.545184406803927,0.6188854796213794,0.3748471576257158,0.35202908808337985,0.2919230587923705,-1.01840822585543,0.10679081238846812,-0.9320763481673342,-0.13574728392639296,0.12231138466245241,-0.21325000960085483,-0.22236689978526092,0.5902154832770944,-0.8482897629168671,0.2703503097964149,0
0.5275674452654235,-0.743641582510038,0.3132589528244457,0.34401782844710865,0.777937928407805,-0.5823489586398142,-0.03182143997203488,-0.196072121071599,0.0881935969201634,-0.12869821463128797,-1.0951938584566778,0.12597740449143427,0.7102161397457989,0.444363039554788,0.35661903494399716,0.033303194323574446,1.1515889588234756,-0.49196694249780426,-0.33696589596264775,1
0.5387486722517885,-0.35595566933073053,0.3650256147967025,0.05212859604500377,-0.7155918221524106,0.2510325346260314,0.07543219708061169,1.1391880784964241,0.24212749504871317,1.523866005385962,1.1309853493843964,-0.6012410036861545,-0.9540843643595585,0.42964552744738044,0.21897794855228983,0.32276305143379663,-0.3365417754970277,0.42690905174830385,0.6913291672382812,0
-0.6809775712522985,0.5936191469666574,0.5031931971141484,1.9023027805014783,-0.3660293158778763,-1.5453078958772364,-0.5753879782522376,-0.8124475624335071,-0.7542239922681712,-0.36095880822319265,0.07349374965395118,-0.22052916568515454,0.6652992089243529,0.023608789531539453,-0.4364780893904967,-1.318208313177288,-0.21635651814911605,-0.09669902734918306,0.2867125358672125,0
0.4520443017114359,0.04652023275931353,-0.5968833835801959,-0.5130792347389769,0.4292724186441391,0.9019637195058565,-0.11534257031184238,0.45935442979342017,0.15857231775631328,0.07262017128165785,0.124724174448306,-0.9094830164560226,-0.7324352873063311,0.2462547215225228,-0.2545905427553548,-0.43097794646839316,-0.054213131905340224,-0.500839961991055,0.8981830119102381,0
0.6095471315954379,-0.15329428342047022,-0.41828507590898867,0.2925066215278224,0.21322773134078263,0.766991084735077,0.23876492612537506,0.7384070240170287,0.39745737699584915,0.40298378363662857,-0.04058510882779341,-0.6097534811982245,-0.270871086329542,0.9612791946453588,0.15753132841334244,0.4490462624875992,-0.5144633121888734,0.014148301566368487,0.40677763725245086,0
-0.10285791970822017,-0.12252116566448877,0.2612352622136919,1.5621796753665618,0.2326385609616019,-0.13435069062378818,-1.4528329659588115,-1.8783423173882032,-0.34058744881692304,1.8476118737622957,0.15853009440294105,0.3284441570315056,0.17434252241072273,-0.17191591547406804,-0.8693299591080256,-0.13493269141992661,0.19492099062583895,0.09119167953162653,0.25358617011981954,0
0.9466605146500775,0.15011881847128908,-0.21683762471755827,-0.6601362219389574,0.24875713506005456,0.7712997286579474,0.45542644097229645,0.7333963745741389,0.5467428226208098,0.5966586883155712,0.14783369114074116,-0.6543313541414498,0.3169492800192747,1.3631748495648408,0.02770926581460047,0.8915992163758165,-0.8083739646648651,0.3542909589875414,0.2231815401663684,0
0.2966419202652073,0.559665652996729,-0.6141500203237267,-0.47030666928875997,-0.09851847110401829,0.27709197632366406,0.30921516085946227,0.8221956800950686,0.3312884189183676,-0.4216266659424737,1.217791841681186,-0.12295068839027047,-0.48890568885135743,-0.013928179161878239,-0.3991386265769978,0.19721715891766659,0.16108608961211116,-0.1796364864765584,0.05997340517837325,0
0.011594879147982518,-0.3500365752899306,0.12316865830830569,0.24356057565982828,0.3951216720595717,0.3401341094437673,0.4377364457961782,-0.3417002276020747,0.12738741758403885,0.6743040869333276,-0.6047376171070491,0.5586765844105647,0.4906667764058008,0.07509494507641082,0.45869765849300054,0.7691368564294204,1.9503080980116598,1.0179853509737926,-1.1038510934352015,1
0.7908306872283739,-0.09702184729771443,-0.48644815064849883,1.012081528405266,0.3335150773466098,0.11302350386675665,0.2158240352813646,0.315433191965523,0.29864057375514885,0.09328408076738615,0.4632669843831011,-0.5286166367001568,-0.6195229536008388,0.26036445092848776,-0.5798257212639655,-0.388646268344929,-0.017617285562157484,-1.169961750944975,0.9142861298110184,0
-1.1178812115618677,0.5461450727136046,-0.21536483000844336,-0.21686557100689377,0.4789375763238735,-1.081420304730988,-1.3052137912489739,-0.3838801563854154,-0.9657912046717125,0.8722644302900534,-1.1619392363886547,0.9611932060641728,0.38645217372876256,-0.8568132458723934,0.5741285627652595,0.041015171105823305,1.3922801003342566,-0.39067081469773385,-2.02094763995517,0
-0.09673309132475795,0.7112654941399192,-1.3620013652821423,-1.126400701029218,-0.30707440597355873,0.5462958851903845,0.550980512343366,0.4128242455445532,0.6404496761133684,-0.33529274460672326,0.5824338853094728,-1.529284185589545,0.3332420688657932,0.48166584932380513,0.519063228236308,0.9861094321141046,0.2927095929552006,-0.10642440865036872,-0.04051388850253004,0
-0.8600964846867337,-0.20692240973969483,-0.3325029241079497,-0.5177169170514149,-0.4057699701874747,0.19618528293916754,-0.03952072472584929,0.7299613435316658,-0.4959716020798086,-0.4111498596994091,-0.3674702134624605,0.5750817273280628,-0.9817941638969466,-0.5456479332404136,0.7058737752947508,-0.2146870073026671,-0.054615531452103086,0.6046643833073234,-0.6062846656779911,1
0.40077472204863207,0.9923425328900362,0.3601110242043283,0.1288025439805037,1.310007685746749,-0.23107087874647111,-1.1198266900172347,-0.8345893243575014,-0.7457726516585907,0.26022514964459265,-0.6132865069262086,0.3533379701081101,0.8015924363288123,-0.463569881254475,-1.0408730575183676,-0.4849971265194226,-0.9707628462484864,-1.0908079157155144,-0.34123628877009543,0
0.33492657060544334,-0.09680809560671545,0.5785620823272365,-0.02513463393800349,0.13873729805586718,-0.1381089650177188,-0.804973290469499,-0.5438733627478722,-0.23051020387614518,0.4278307421029383,0.784229110706376,0.49733482426347786,-0.2392133653422769,-0.6627919466710964,-0.7887835362688493,-0.306541770205332,-0.02095517222971423,-0.03612981816037835,0.27714847664085585,0
0.46772631990667746,1.0523392357195402,-1.9311763673922413,-0.5096261550059498,0.18226834039831488,-0.6511538225495419,0.2330969615680952,-0.2100613564781097,0.39347775512086985,-0.8372730986651744,0.5057305002428163,-0.7729678355974322,0.7400010078685184,-0.0029563996494873885,-0.24790480410964635,0.5431550513331965,0.6255110559556948,-1.1992862290532211,-0.6584321510026874,0
0.37962485922909117,-0.7451872727530575,-0.7687044105763832,0.6886529600526947,0.716903291440035,0.6893234112322879,0.27004440230765187,-0.3967606766435944,0.43197059613951333,-0.8198623207079885,-0.11081688898340449,0.24631745235977984,-0.6268739741173011,-0.03894207526698113,-0.454598913784565,-0.5268584390618715,1.9651415291186294,-0.1814813529271445,0.42482114446445396,1
0.7075954050136182,0.820418898504894,-0.11986166372957122,0.4467980205612158,0.6519462393214273,0.9351028751377942,0.43693571853756,0.25399545604642,0.4744812115448669,0.1462399398712659,1.0036530586886903,-0.7372098661438284,0.04803668645506337,0.3950845809420484,-0.9483317142332273,-0.011863248741095681,0.5552844195856281,-0.2762983391684156,0.6908407922956945,1
1.2012382967370137,0.03612426147993933,-0.9497605522462397,0.9325602398556075,-0.07836885343815854,0.37060457198553265,-0.09209550444213466,-0.2869943214385513,0.5726829941400676,0.8453298291104928,1.0223260145433102,-0.3665458954065793,-0.1661776671082938,0.6464671256884085,-0.7830536089313775,0.7770271282382681,-1.174875796142077,-0.3295371504886491,0.5797812938346528,0
-0.7313927726233548,-0.3915004874311764,-0.6006460192372186,-1.2239398455489872,-0.19378053032312295,-0.7269399333260436,-0.9621366146759575,-0.7409556485178673,-0.39354082633414655,0.595619601159492,-0.26988522288037103,0.830557103089628,-0.7368929653752628,0.3897135365475412,-0.41685903164167704,-0.6714790055668433,-0.3722901253763372,-0.49545262383025696,0.19879876077006267,0
-0.7064443630686078,0.5404890366569468,-0.050547648502651525,-0.5543985359238001,0.3448025435747711,-0.7234056481357604,-0.19634019675479014,-0.2597531377638149,-0.5364757614952829,-0.18397254407170072,-0.6596745971411679,0.4558869341952267,0.39482056815202066,-0.365756752867037,0.0777220212520777,-0.1712682997874371,0.20656898453922762,-0.7133796366699945,-0.8384817242647172,0
0.9323707072265324,-0.1924465228662168,-0.5133199518482617,0.2192245231819041,0.0806840130488383,-0.7011490902276751,0.06438754534181881,0.5823047899948739,0.3451934667110389,0.14269388120178295,0.4155103060780347,-0.47791090814446824,-0.1362311436714322,0.6734177597117333,-0.16308871405328274,-0.15087164115844007,0.4691432699456502,-0.8402841176626512,0.3558404533403606,0
-0.28301554031468906,0.7272088775650315,0.9475481873244912,0.8818509344718864,0.36423207502174093,-0.734017522537767,-0.8872193175512357,-1.7748641565073295,-0.7312182026069138,1.1748082229121828,-0.09314770974884565,0.12070681070366329,1.214279506240335,-0.5983873529960901,-0.702353565009956,-0.35858200110064287,0.534358672910863,0.21181545894078727,-0.39502900098653987,0
-0.759144586815925,0.8471024170273046,-0.003263490628434977,0.029436912545079116,0.22073646174435718,-1.8115960408849001,-0.9600954823666428,-0.43823431730874063,-0.7102315195557946,-0.18090239478108322,-0.8482157957687486,-0.03428957390831128,1.5144569067537004,-0.01820087420221234,0.5188489936263134,-0.2745402656177973,1.2753937942941072,-0.15679531282495165,-1.4870938312031756,0
0.9137181837827235,0.10790746134525768,-0.16294785683775104,0.7688137574012958,0.11642667576258636,0.47701600399083294,-0.282655338573053,0.5433668053039044,0.14809035760626704,0.6025824203463787,0.9993544860167637,-0.5133771515270089,-0.7641558774220837,-0.0027224589233515685,-0.6222952863711162,-0.22288059986828584,-0.35314729127615996,-0.32274982396281454,0.8075328134657841,0
0.009705535720815246,0.5159492504708088,1.0151228380516295,-0.45004132775517103,0.11291682946735704,-0.3733495492393046,-0.44057413722440336,-0.43848228251464105,-0.43951708426507047,-0.030606175332003955,0.02659105239583516,-0.7109650063456509,1.0332960302290441,-0.6975174358296036,0.11504137829826856,0.05944385394188976,-0.5491912293043725,-0.09888170587243561,-0.06971330097760194,0
1.5287867934551413,0.42804214978856975,-0.4109417640684105,0.19409791799739065,0.35268741761086075,0.005296925903551562,-0.36345291456730866,-0.006320070148873361,0.4759666905644784,0.7882291666404108,1.2704409379656307,0.2893483932144257,0.2800982786541632,0.7982718017559094,-1.211344899467738,0.594097568798253,-0.4226894115568539,0.04309069261210524,0.040006343009404796,0
-0.44064074890834753,-0.01781057548532801,-1.6388098590000386,-1.1431393168001924,-1.1881977321839867,-0.8017587178210933,0.35458103141879566,0.480941477076105,0.33835792882086474,-0.3447602197685137,0.9375525776662286,-1.4330113250692917,-0.8866575169913917,-0.17612698541867153,0.6029411345082596,-0.00019553689776066554,0.1400909880561942,-1.3168655867937218,0.6187710603275559,0
0.7734145278576611,-0.3608150549757548,0.22027486663822587,-0.5084320401493813,0.7747195520106207,-0.39277040323078133,-0.31716661865793305,-0.40073808351359425,0.1979647885744873,0.11702443242503147,-0.5724930768783286,0.7262331885070036,1.0527467541955124,0.6303528770757406,-0.0793981237738771,0.7098043053531085,0.5181284656264554,0.10089176661786875,-0.8146922034522579,1
-0.11606604002260215,-0.3072511792078535,-0.7381874915118944,-1.220400284132581,1.362449019998871,1.4206866525841135,0.3021520205191226,-1.6023835998619615,0.6518142563184219,-0.001599198710126286,-0.15007467617902748,1.5309954322032044,-0.47371096507879806,0.8704416805870818,-1.7963893406148546,0.08297979280255195,0.3981149415589222,-0.8169861395253623,0.6751374551250335,1
0.8876012590682638,0.5465498545480912,-0.7725020785900637,1.4582302011165946,-0.11246671214524141,-0.135353229797806,-0.1480938476680174,0.7838603746140651,0.44432877449828906,0.19051530239708978,0.7350662194935491,-0.19278623506613857,0.6149972160752587,0.9131329545030373,0.09017088740287704,1.1701436811597026,-0.31076689669039537,0.574372245549819,-0.7870387215576019,0
0.48571146337371324,-0.20317197730213005,0.4074009967226921,0.7075196650324023,-0.0576317036563598,1.0754551064824824,0.6970054542927214,1.1187223459069868,0.3440227678577151,0.8133311028209543,0.7915639707743304,0.022959390673318515,-1.0619991163714584,0.37460545240574505,-0.21999486751799102,0.41866056372466476,-0.8434912998128912,0.048847054348191005,0.709005646210475,0
-1.0181321583049883,0.6789252461716206,1.203025391597251,-0.12145476171299248,-0.06725837811837773,-0.1166342464710021,-0.24352636991645848,0.6417089596387807,-0.5027280182175204,-0.9087854815486711,-0.4244687344284643,-0.487429422549375,1.4438725614392063,-0.946276214470113,1.5898755116673107,0.6293663265389057,1.563047382597037,1.6352486657735639,-1.6953203397460639,1
-0.7122814923063565,0.38216996248085766,0.3701312120425909,-0.5145191318914116,-0.11527162756673712,-1.2214818237114853,-0.8957821904741452,-0.5622730389806944,-0.7034438819359974,0.06813029368611248,-0.22066905990270913,-0.38612094967889055,0.6325212683251406,-0.9788114321503893,0.42488304850431674,-0.4848140315648598,1.055666575257546,-0.28671909009513985,-0.6147699622074143,0
-0.14097453390667372,-0.3741460572754406,0.5908726097767608,-0.7532501631406712,-0.6400732418275925,-0.8535409327253219,-0.8445641022943313,0.028820102119181946,-0.17532200133055237,-0.35618136685562657,0.8001720259392051,0.19322608912872538,-0.008503347134987986,-0.11183051396124466,0.036692011263335614,-0.307021878059973,-0.06718667583338508,0.6046942491725104,0.17951697984430307,0
1.1997556666254623,-0.27397170714781555,0.9903100412987491,-0.9623722246135122,-0.045750460214438134,-0.26323169840935357,0.7371578768813069,0.40258291841846316,0.11873792663917657,0.7051645502258882,0.12411532651287274,-0.6465338825592698,1.05123397797016,-0.6167062582733818,0.9254440000055678,0.9584122068811585,1.7207378648944323,1.0982493941902995,-0.9637892819703782,1
-0.17025958590883808,-0.3966174633232949,1.0750245523344868,-1.2411240343639536,-0.7275317471364633,-0.05944352906354863,0.3954755646187229,0.7153919523531453,-0.49733458554040966,-1.1382969545381714,-0.044238942310378816,0.010860590162713363,0.1674477456495693,-0.797262244354839,1.0411353684679199,-0.18571447681635775,0.13381733349085415,2.034988813929133,-0.5387044285736211,1
-0.07935428063421734,0.6427643834536055,0.9365154266900285,-0.15138440252355104,0.7671729671264182,0.10861890663917695,-1.344941773549433,-1.2148576389217236,-0.7190688827081292,1.5835256347499964,-0.33329931018930065,0.12610803249463948,0.7328958105016269,-0.7295814948977704,-0.5417331738167502,0.11444190439033412,-0.4597512878287207,-0.2024352316047892,-0.36678992185814985,0
0.536589346187395,-0.1974603204317419,0.7676208345565313,-0.08358157712159903,0.9251129599678811,0.17659211083027296,0.1065643743205988,-0.6271472979120828,0.5587702436927326,0.8107997914689544,-0.375318550186082,0.3087665646005015,1.3554167190751167,1.0384910308311197,-0.18200442601800204,1.254869792731911,0.5149831278914421,-0.12257248030103035,-0.3582794546483197,1
-0.5586257697334542,0.9039636470634762,0.3927419433936299,0.31954520975557354,-0.03235068745756745,-1.4393184177932918,-0.6462564235376209,-0.20851564264096065,-0.8922885220074672,-0.728855936565688,-0.5138500820484642,-0.049623142943410324,1.2272226554899714,-0.5500965856511165,0.3618926560910214,-0.4384531370649554,-0.06806698332221559,0.08909157294716417,-1.1036897395341045,0
-0.9491537725434669,-1.0970375407252293,0.20013229630522864,0.14031812996264184,-1.3391866212543402,0.296150429896933,0.8084845659920652,1.0563171753137124,-0.00855822198921784,-1.6076912820553073,0.2790870258974605,0.2497108637571698,-0.8684849645481246,-0.9932782402047411,1.6536931556563574,0.3387340975447352,0.814832910828035,1.8858951830672779,-0.5401421589737394,1
0.3329523217916235,0.5319992627680076,-0.3201518670470903,-0.017256067943042103,0.7887187913143773,1.199394792613556,1.010016627324179,0.7096821757796451,0.5555755647708389,-0.058547081097560676,-0.612407807058756,-1.395594202657723,0.614842680097233,1.2802880919725625,0.3440861664738833,0.5796695429429929,0.14392324678210344,-0.2315653974398861,0.3166273478133065,0
-1.0234325015118968,-0.7235184826406336,-0.45717124745504917,-0.32069397629315366,-1.5062091650908354,0.11267859934952668,0.5903945205409963,0.6155285090354954,-0.3689614952702789,-0.2415291832332997,0.39259563556880905,0.35961320464438823,-1.6136216711433558,-0.8436977732963277,0.9419991717274269,-0.29834319373007173,0.2788530338970783,1.451712699203093,-0.18894301092306645,1
1.7413417341089343,-0.17005512310636603,0.9257658649018425,0.6512885163736243,1.1575087905816506,-0.7657194971618414,-0.8958772179571445,-0.5108486649306541,0.2138200258242823,-0.24920308274229508,-0.4940857121527056,-0.6071461523596593,2.0985308226534665,0.43692890488540953,-0.11359438050704845,0.6331588677084844,-0.2575720236683621,-0.6782002751879064,-0.1852343167067072,1
1.102870334707755,0.6281808345819907,-0.47034166991137727,0.3848883284693011,-0.08666451747767659,0.33386928320382137,0.3258039099752791,0.35202493446462263,0.5115830903869716,0.5047551770464352,1.3834987465842121,-0.0959391591235589,0.186370198636474,0.6314985671394688,-0.7466219592408395,0.8219155061381316,-0.4946950442029593,0.46325286365344115,-0.029537967573444783,0
0.7237816050705242,-0.32669964571529925,1.0045530431772824,-0.19509617748547156,1.0656828443156223,0.7793846392469206,0.020054168939331856,0.5325720237854059,0.955060913588126,-0.28504124962575805,0.07942361607510623,-1.197675411966996,1.09541908185986,0.8323343002822597,0.38284022643377363,0.8979321927111121,1.4993565765445547,-0.36920797474124417,0.5082591659572615,1
0.9816202987979288,0.16634514177332108,0.24330350161888206,0.09861931690331846,0.6112061845885223,1.29624641566173,0.3193965737657432,0.30742805894090736,0.4656305546190097,0.8024622240101911,0.9420302817224213,-0.16762657676270282,-0.5775511010512039,0.33847543471041414,-1.0327217034055096,0.27668481210463874,-0.6243226150511089,-0.4002289610703286,0.9866455237088875,0
-0.8208137419560211,0.5445088926285405,-0.7049477824463495,-0.91085902149257,-0.553005013587194,-2.0603664099153414,-0.5926945968406525,-0.40829627843438254,-0.8505996529530311,-1.0890198785296457,-0.38906175894916334,0.1697004991607245,0.34611491067111627,0.24504022901557637,-0.10914018378280574,-1.456010966755963,-0.2812516427220503,-0.24751300170243004,-0.33567918853908113,0
0.3153175770945472,0.0028087551740210792,0.1566259936762161,-0.5095655876790327,-0.17489349014932828,-0.4459571675794107,-0.9850131657435918,-0.3543024538486609,-0.565718117067372,0.1471263934911345,0.4941823153890581,0.5580364870948583,-0.3716625887001511,-0.5312885564948368,-0.6547931117329372,-0.6049865255051192,-1.045242934442654,0.2213669350648656,0.1270818411328876,0
-0.9501750630183226,-0.12467849305107283,0.21408086540432175,1.2251289250449742,0.009858993938676333,-0.04221968100911137,-0.6252365663637033,-0.5078489291539493,-0.6014947667521126,1.2293020951504883,-0.5627851495454739,0.37635505600624297,-0.519862699475909,-0.7748774894107232,0.2963272854547637,0.05383934439565091,-0.1186124104367338,-0.5289844073324085,-0.339185166336277,0
0.17104850297744062,0.388040912046086,-1.0958809442634443,0.5125418311223607,-0.6106386137439838,-0.4134373375110998,-0.1293918758750835,0.6544437692020706,0.14519146983368117,0.2697071053266566,0.782183413055271,-0.7333153917852935,-0.27039997893512474,0.002001251879852559,0.37365752093494936,0.4640044360442083,0.06550122596841666,-0.2102606548257278,-0.2977134044359386,0
-0.33131047457661744,1.017282897808516,0.6597161035194928,-0.21335046813394143,0.36769853945147357,-0.26156393991085,-0.9909979116574532,-0.7266127638451967,-1.3120824364137291,0.7512576636038636,-0.8576437267935911,-0.18887222787699207,0.8232516371746343,-1.95155393008405,0.3691409107141371,0.09488631572759865,-0.8805099399349248,-0.11496723375728543,-1.278020272467057,0
0.31794293119906236,0.7676139307744474,-1.2485269070116867,0.7762012396485458,-0.28049992182357464,-0.031076536000417723,1.1296340909040317,0.28537692755736344,0.5304478412667478,-0.6139991889077933,0.8505121612748279,-0.9564652024782275,0.12227215434708594,0.4202428696981292,-0.2571229012762033,0.36578332774259836,-0.1392281711282115,-0.6997599703327252,0.26822923172169066,0
0.06461700993639709,0.5920429680820128,-1.606718260919849,-0.7131276128848021,0.042973361173314635,-0.2661859159848432,-0.33670886900579905,0.5222924381712133,0.23343571939822486,-0.8063266779105432,0.17040642819570842,-0.8381108707764037,0.20334472095736486,0.42601868900480117,0.31588358841679237,0.0905752887328438,0.9262006460105666,-0.21894981819161444,-0.4708685252754466,0
0.8498702967931657,0.002465446683861288,-0.5768706004456019,-0.14728503437224405,0.17584599217794478,0.23500461178752094,-0.04702144464612271,0.5489531623398063,0.20739734881383848,0.5759704217510005,-0.004183981789425064,-0.5935439408984473,-0.0763415356886051,0.8997118028988513,0.010056463191897605,0.15461687284032827,-0.18309606602717315,0.12960061892639554,0.17679677915351666,0
0.7255004459296689,0.5235840906992703,-0.7692421900382517,0.03674159589996316,-0.12975030391162554,0.13506872362330716,-0.05535382528965461,0.656004039321366,0.37911348102985565,0.5445707341802352,0.4022123571448093,-0.7765297408585095,0.5375211273382738,0.8900199633100858,0.3069676363785222,1.144179453697844,-0.6921219218712386,0.2882019396510674,-0.4300201524821159,0
-0.17675396735812915,0.006155779946618032,0.20648405284199672,1.0833444271753767,0.2185933369767332,-0.3362763824261149,-0.8753998907955527,0.251452914028377,-0.41180265289491763,-0.08417535419013406,0.2739983149358338,0.8746639897916112,-0.5903112015421716,-0.6178231292344947,-0.3333484988119713,-0.3801462877226103,-0.09377599042054403,-0.4404762953176877,-0.2644865213408563,0
0.6786178884987307,-0.4006429553616799,0.9350101098441747,-0.8230153341906752,0.6525238087611197,0.32488367338179613,-0.6776835397806964,-1.2777906921179418,0.41318426695989496,0.7050963816966389,0.23425646431643252,-0.22873775366386534,0.9658233362910672,0.4870396226226052,-0.6920636142532621,0.6613377904815378,-0.5624424791427218,-0.34795965089571484,0.7897136458732351,1
0.5767297508749851,-0.7364758270585346,0.4828916819390002,0.11269199533032041,0.9568059099414479,1.1382668791119268,0.465110768343863,-0.38720952594063923,1.269525892629586,0.4409030672406502,0.5517509450601638,-0.8624061868914574,0.02706532964337703,0.8551673726299833,-0.577708129999817,0.7614083208601727,0.7698668843719648,-1.6568119988088346,1.680497124851929,1
-1.6174906034013716,0.11233905166378721,-0.18786267640147902,-1.7936367395515902,-0.8874922996296645,-1.5247816490432984,-0.6207215541457278,-0.16550836516218706,-0.9151539539815432,-0.5295202778523803,-0.7817974257449266,-0.3061987142864801,0.17556367480433532,-0.7547217338877374,1.233923498124777,-0.5051156649133768,-0.0013215181549451583,-0.1705597345492235,-0.7680566046006694,0
1.4053430814814574,-0.12987950981397414,1.8294369105058703,-0.11609923982683601,0.6078416027672514,1.1651044542685398,-0.8178203826067496,-0.583600705877724,-0.002486374703221723,1.3408508670967059,1.5420346608070474,0.38906370615051084,-0.3482115131367774,-0.6077624502208802,-1.7110727226661777,-0.020721506197862585,-1.4462319249796374,0.23556329032090548,1.350158756803713,0
-0.08967085361405905,0.13360655483618766,-1.1455276021844003,0.6421322210756737,-0.09754663686648159,-0.25092183048197214,0.47322552790110467,0.8040349033711489,0.34345658290915254,-0.4928299440835414,-0.2567159415235645,-0.9454521773016192,-0.022896870387301333,0.8826940393599362,0.6308815464692897,0.1505522176742263,0.40090836827860976,-0.6449336739059908,0.0022505239980532238,0
-0.45147923025503633,-0.6680941254261894,-0.22072698143295524,-0.3408840694104943,-0.7933254535755953,0.4512351722135878,0.7484612967082949,0.29462236730092006,-0.5589133917781212,-0.5410405543765926,-0.17499525853220596,0.38627335677582947,-1.6564149728940543,-0.37784457085140416,0.04621322501910297,-1.19584467330066,-1.093539685796323,0.8195654543872216,0.7536807806584273,1
-0.8136532538925925,-0.647764081302798,0.6171866956021725,-0.8861181980190008,-0.9471169727490543,0.0918473037494393,1.0429055871614297,0.5992642298248633,0.16319613314546036,-1.529107506321861,0.20388369947886723,-0.6315516809221321,0.10920310849061943,-0.8044840698510166,1.5101148733578738,0.43605887636716395,1.0794262604281617,1.1334629378008918,-0.21518553418978228,1
-1.135726069223802,-0.6657814527272007,-0.24187975283789356,-0.6784675105834284,-1.5679830846541838,-0.8773496575551837,1.0351819836152067,0.08455961037894068,-0.2713832078456116,-0.34928257400935586,0.50873021328955,0.2252425343021419,-1.4200716732658731,0.16868557958553987,0.12106247477994472,-1.199549190916797,-0.2426770875444041,0.3010286614997771,0.9448218775202187,1
0.6850740438058263,-0.6462252884120379,-0.29388036365540754,0.16257738032630561,0.7691235140255042,0.025759884734557613,0.6106528432366926,-0.29790044512318625,0.6593697934696187,0.10907157714007135,-0.44621002940712484,0.004309599981776982,0.40264370915907427,0.46542095270304434,0.044698027990258744,0.6926021543924102,1.3534485726071046,-0.9530902099774758,-0.10659813441798244,1
-0.8888435094767033,1.218257851151332,0.21677928363786517,-1.1155697107887463,-0.09064562865206628,-1.3512886634362617,-0.6468383316712324,-0.5859119405663672,-1.2730713841769763,-0.43272900122696967,-0.9227727437809009,-0.4664754916804453,1.2975015591238632,-1.3521955590005437,0.6787871548017158,-0.43091274217177006,-0.13725203628243018,-0.06274059990161726,-1.4071354341492979,0
-0.7795907467913069,0.6157758300779709,0.45662086219129655,-0.6342330320418611,1.106543333987552,-0.5360524247036567,-1.921024548290396,-1.4182434269182114,-0.9349470906379941,0.7261506617058774,-0.32242805377097605,1.1726486472853574,-0.11162194765034224,-0.6655223786465659,-1.4200029963658516,-1.2231063280004013,0.04314894648123459,-1.3355338757604738,0.0053496111066233315,0
-0.4967446752038039,0.13777521644353483,0.24424412241206192,-0.39876941018408596,0.008695730884431483,-0.4469367663168227,-1.5623324966112817,-1.266776319781242,-0.8465263640861238,1.0146109488205202,0.2573266533830397,1.0023790407975135,-0.5264322431582058,-0.5715364040489372,-1.0741946954554824,-0.9201654623487897,-0.7504107006321156,-0.02296845010176012,0.19560388068024098,0
1.077794605512535,0.45260302110211825,-0.18984597623031443,-0.3951182949215268,-0.46617555050774073,0.7764018824115104,0.7386707252274023,0.23123388433836614,0.7214040220882454,0.8117276800119546,1.8354247019983156,-0.8664876244905804,-0.21872458975196787,0.9880119930836255,-0.9982221940012843,0.5766095456006133,-1.4495058039018767,0.2656896315067869,1.2981264747906454,0
0.2767068727968362,-0.7498597441932485,1.4045399333398292,0.5806975173860137,-0.31436698676870417,-0.4835433319156426,0.06814730587052048,0.14351078654691868,-0.36436508962825975,-1.501666849234568,-0.14749957928979227,-0.2683679640422707,0.549557858985233,-0.7200322122712111,0.646154171643444,-0.574631130097922,0.09801507164858203,1.0955602383330503,0.15864617504827683,1
0.6453645225478837,-0.3433249597521792,0.6274709999533995,-0.5266026314852609,0.34138048893186784,-0.16528442293076637,0.6842705820630838,-0.15376543997489092,0.9423512615669664,0.30834371723069176,0.43607789983537876,0.34214430885524844,1.2018960852712781,1.2895507179418937,-0.12884036455686845,1.4192574173275243,0.8155853641016784,0.13661354781859977,-0.2480764068377683,1
0.680885683435316,-0.9044723045045545,-0.2894879281028223,0.35728690818114983,0.6115555859414296,0.5265143027220853,0.4194715288999173,-0.4052953376635184,0.6725672216615366,-0.4253951250166135,0.44446216730826404,0.3245143957150197,-0.6936235640011816,0.04657031397337777,-0.7912104309370628,-0.17800876785445935,1.0860228392558204,-0.8998947693020057,0.9326542787909842,1
1.1785204578505806,-0.4782025539348995,0.3540466791140123,0.4491197593121435,1.3966968119844907,0.3024694433905304,0.4902242181057155,-0.8898739953848823,0.10184236534080755,0.35916744633154946,-0.6864646982390085,0.6782846780857511,-0.01048695023936811,0.452687929044617,-1.3553404997223704,-0.5550366036013997,-0.2821090287204645,-1.3460597960108365,0.8213354971252439,1
-0.8744816854036903,-0.46872914213403427,0.4827765716071242,1.0197925754519805,-0.28708965183969265,1.1217172759822145,0.6549694168486385,0.6816944924527475,-0.5922515063437374,-1.445464262327357,-0.9317769594551076,0.2788021909119319,-0.7054816827765326,-0.5626053627509056,0.9139483023834055,-0.5318251134046414,-0.6894872795039981,1.6370087179532584,-0.10016926150813778,1
0.19607758562258945,1.1059932353887647,-1.4580902287785658,-0.4585543199591866,0.11444230711361633,1.0133768413961444,0.5065364083977618,0.2570489861213046,0.5649928815966788,-0.42951447601554427,0.30145002188737463,-1.592230355333287,0.7695862661378765,0.5015733857967486,0.3629157727011515,1.1117118852938588,0.137994713227914,0.2831716028161624,-0.3347766957140208,0
0.7163643270834432,0.5472500303063775,-0.34300822311649193,0.11261782078819847,-0.15516381273501587,1.047011752451305,0.701040622223834,0.34691918374611386,0.5543809376807157,0.2826596696663696,1.4520749996803541,-0.6927715947160902,-0.43747737224871047,0.7527811125104296,-0.9517404585268595,0.157217805730602,-0.8719738974678548,0.286113842608855,1.13483785059274,0
0.4100477487003311,0.8954543956484998,-0.48153324776778295,-0.530167589023161,0.3548777575921642,1.307604514914837,0.5235151482027535,0.20103638177275712,0.5641344143857153,-0.08482080669836504,1.2586272378581758,-0.9016095261941512,-0.18159791737681116,0.026090119409938075,-0.7912985131567023,0.3848611695568315,-0.0063115141869115494,-0.3418649672374859,0.7243898457026581,0
-0.2820504194586254,0.5334784948470304,0.08959699272314538,0.8632020581366525,0.15535240927648494,-0.5182511901840432,-0.4151675340588627,-0.7062854095287394,-0.9377924612924311,-0.23775351955873422,-0.4588552752629571,0.17420250764591694,-0.07145495405068347,-0.7825727551344914,-0.5819774505839521,-0.9878206592684439,-1.6560195849852934,-0.8207057938023135,0.17902911737978786,0
0.5852491349702588,0.7284257865167975,-1.885065990744424,0.606811248578502,-0.5145906941809425,-0.04415537283519383,-0.29268058319400964,-0.1795414428582509,0.47563175662394575,0.0395203291552845,0.9080344137547737,-1.7267953754573144,0.4983644149367205,0.36876136155762257,0.14729589262538642,0.7289233103335645,0.047282920848747134,0.07115831159900446,-0.014089222276551766,0
-0.688535131999418,0.6183161564757149,-0.05913299400111592,0.5571794186255323,-0.6981550461115259,-1.4740624810782466,-1.2873581091376753,-0.6656857414830225,-1.3415711528162768,0.5451118500398267,-1.1208126707642385,-0.3538945801874136,1.3183450842431057,-1.2612085700084676,1.4386418640725944,0.3406907429918168,-0.3754268376535239,1.1090724981537798,-2.073019094854715,0
0.24119168702166716,0.2625479527305323,0.27155280033478013,-0.6028183590428987,-0.02208976846921935,-0.619407433306229,-0.9572975886682684,-0.6423259332913526,-0.6731720906781119,0.9935365250609874,-0.14898336753930172,0.1884342831118929,0.5962153875192624,-0.7974728744347481,0.11575434988952644,0.18110043216896984,0.11430951136486023,0.6242569091210065,-0.9893565975788177,0
-0.7727222974241463,0.0379404556466677,-0.17970193238216708,-0.2267622129959602,-0.3167912476453386,-1.2689204825223375,-0.5883634690775573,-0.44165829865529715,-0.4962849767875482,-0.48487028123798076,0.2444362210089003,0.3449899218129153,-0.2947899564375254,-0.6122652959313226,-0.18871777296181563,-1.0437916316741662,0.9931568272286052,-0.48418857002982973,-0.08736382086332647,0
0.752854957808038,0.7144746292187962,-0.6812490888933893,-0.6624675484350576,0.426715233203952,1.1167042765015018,-0.24945648122281935,-0.03047658814289956,0.682072792218009,0.011385510193700219,1.3719665738725457,-0.8977876530735182,0.04931516246117001,0.49983768119481015,-0.9660545341350094,0.37378402157744683,0.07678829302251226,-0.05119423961657662,0.7900667484413568,0
-0.13709389221608648,0.028296251259637875,0.9077639245527771,0.16819353778316284,0.2729889501528766,-0.10733295050551073,-1.2363242605907645,-0.05985074938694777,-0.4192868124313868,0.3294658756732749,0.14557191188519777,0.5062491888547013,0.06525822974957901,-0.36244082504365044,-0.20664429074405655,0.023282728452217866,-0.817341792531035,-0.0560038859466116,-0.10077554243895746,0
0.9737518067944405,-0.43076857379520583,0.35386840648503176,0.33625180511731684,0.4071637960539787,0.400698049230397,0.6793445671267816,-0.13250799424116494,0.6174350035687339,0.2236715833427968,0.42199769780488305,-0.6151312841079128,0.4251314231922366,-0.2593092988880235,0.06059282082524571,0.707872674405016,1.4567514269058783,-0.17752077816156656,0.1675466425817807,1
0.16081605562339107,1.002962094072264,-0.32993462985231276,0.6191411373856959,0.0640882487737247,0.4818757565479151,1.021808212730908,0.9311532939145294,0.5261905221821043,-0.506507403520119,1.1092468169489555,-0.6223936365296661,0.18880759514683185,0.3813758155804312,-0.2251412020686595,0.4226574956466549,0.8290980183541193,0.08434499081191935,-0.052103547215651566,0
-0.46709193149308176,0.21878698533232857,0.3023907345794383,-0.23788864128827947,-0.4002557298946584,-0.95304601465347,-1.2580744230431964,-0.9529769540055334,-1.1565010505118523,0.5282226327682344,-0.5704639282084372,-0.3154088483750972,0.6207055092127161,-1.9982645157580785,0.8560319496208033,-0.016997220945076514,0.057533493038668296,0.3877954589219926,-1.2116958440876064,0
0.23884727410728096,-0.22037924356379257,0.13821154333231764,0.5827937297524487,-0.22294078700030728,-0.1052073427313517,0.40839616625366065,0.07930137403971854,-0.26141113724501475,-0.6512058541830321,0.18238051175412917,-0.03612089637035422,-0.5772850590415426,0.12560689701022057,-0.4951725770129914,-1.1132279918276589,-0.7747586654466284,0.1342437407129608,0.924052068116652,1
0.3769186227229189,-1.172955075277257,0.6764956560921419,0.4008873281046573,-0.5779492424872767,-0.11955886851174401,0.21108948719361864,0.2945664429951427,-0.6386634637445212,-0.6360964160128326,-0.24051664837375228,1.0498492273423767,-0.9392009760235396,-0.7502497626154169,0.22870825865041808,-0.780298242616584,-0.8448764406990584,1.3765248718970302,0.02176149528572695,1
0.1281184868381915,-0.35282081711639535,-0.8884330194581294,0.3704261513920379,-0.04347872141372957,0.23174768750302585,0.2733512720986922,0.39378177481832083,0.29629617511305173,-0.1997278275924366,0.40088549942114504,-0.6186256409192012,-1.1893162573405018,-0.0006243467161100769,-0.1804877924581051,-0.44866937114611755,0.06173326265593717,-1.3007961411869142,1.032181562571027,0
-1.6763274880579446,0.8870806535774524,-0.20649421113707803,0.49348296035880523,-0.004702049026370133,-1.9984149639868338,-0.4587533334054955,-0.38187772209071996,-1.2109637991949536,-1.2370802371884346,-1.0668348360953843,0.22876214208609588,0.4838798173041701,-1.069847298642679,0.43444719324968495,-1.3630058269795282,0.861659671509103,-1.1752860944072674,-1.0893537517239475,0
-0.45633815915908243,1.211692740545884,0.7050579871647911,0.3748124838507548,0.40125225416894333,-1.104648862234168,-0.6647982740656037,-0.22225353289003683,-0.9457493748594094,-0.008545193157840185,-0.9228507506980148,0.0028965605269567537,1.6749622261893122,-0.3938137336868188,0.42469889834595315,0.08358207846506509,-0.25832902683660036,0.11664397539574005,-1.5288837727479416,0
-0.3923408908408913,1.018004075749537,0.3077492210589961,-0.013580252371173149,-0.14274707098340295,-1.2652751099387405,-0.4913043130942519,-1.139237277176911,-1.0154918393302097,-0.16709014401202163,-0.130512582425781,-0.2161740289905794,0.8826073396530579,-0.6128279824770015,-0.5640351433567357,-1.1439220092101872,-0.521857221693544,-0.005102866564606074,-0.1754359633981779,0
-0.5405674033832953,-0.357624137581128,-1.0179166777830868,0.8404296626514443,-0.09187398976433855,-1.0968291163479353,-0.9550524077547852,-0.697884496421652,-0.3582649459782306,-0.14039263192746382,-0.011695076773986549,0.7342243412714258,-0.9422179543874771,0.05133976753669115,-0.6745395596556393,-1.259189128665088,0.4044081596979567,-1.0157253724808843,0.35218731408712506,0
-0.058370579030546654,-0.10603912765391377,1.8753088195901124,-0.7525485375782667,-0.21829317603622037,0.04441228305545786,0.38972891588180864,0.468034464562868,-0.7121619074078801,-1.649581079880068,-0.4154788776722441,0.17614130837644157,0.8078895029388667,-0.311033623690109,0.519429733788175,-0.7672025664458234,-0.4224464749886411,2.3914274942760723,-0.2341551092915952,1
0.44585163769010094,-0.8065969822602014,0.48851147680282864,0.36950631698428155,1.2009497291090347,0.7818286394831048,0.3649426333087007,-0.5910509949199039,0.6501934882037699,-0.03934427208541938,-0.22851995523769117,-0.05013173972126127,-0.25052795286214496,0.7950844693135166,-0.9296116598336538,-0.38930143535631384,0.5965752557413722,-1.4517379749133033,1.5556665916377597,1
0.8587270825935609,-0.07564649558555002,0.8130947089238977,-0.3371818960630044,1.0373347723389152,0.0016043308103198784,0.2088361770998445,-0.9748580399237192,0.6085065482068582,0.7176964455930762,-0.3254180057125096,-0.22712504534111347,1.7855361202157944,0.6098968253764405,-0.19661679125496007,1.3875915789941167,0.5300912940316764,-0.6740618687902101,-0.26124520404761525,1
-0.28707834070064125,-0.5070691298942146,-0.8391903542521905,0.46291997532217105,-0.2655874673511427,0.4302000379362864,-0.07606948074291892,0.7422312748952993,-0.48353395247875447,0.03348350839945251,-0.16358892101262973,1.1836304754208564,-1.8102556139744461,-0.8741604154983554,0.24513236340258113,-0.3155111897670047,-0.051906056997546815,0.371745119923423,-0.6015115176131384,1
-0.25215839909966514,0.21746201880604601,0.81309881590617,-0.5114749378008719,0.32976553441790435,-0.6220077455537394,-0.8851884340598627,0.4806747113269943,-0.5275189782488937,-1.186357186356661,0.3777662307129559,0.42428771755401046,-0.15254620319868414,-1.259616188750233,-0.14103037401448715,-0.671601381194712,0.06484187934329454,-0.8006477321763046,-0.17557159466263375,0
0.09993953336602618,-0.17821236852377206,0.9644977518712194,-0.829234062162689,-0.7548859332127442,-0.13127378148203814,0.5800696325143291,0.468823747004899,-0.5817118203633354,-0.7818474007271616,-0.010075273750597373,-0.4241856968843137,0.1521813352705839,-0.6630722258219829,0.693275994255449,-0.499696012234793,-0.5005877307663009,1.6520338691257022,-0.04146361347460975,1
0.5245451192266439,-0.5036261892895194,0.4438488083095486,-0.2728616619188312,0.8370244006578156,0.40222886369721433,0.8194868704893281,-1.0060335135293186,0.8461944210958872,0.17356167329403718,0.33783663168693306,0.6150646695008865,0.3402423953416766,0.9636644576007896,-1.1995945546143494,0.4324409960981362,0.3860779403271962,-0.9483584391440031,0.8977257669244826,1
-0.021035723927884158,0.7254821476482781,-1.0845415678644046,-0.13901948042271697,-1.0110368898789905,0.006750845844104212,0.3340856645981106,0.9466490726670391,0.36176456959768205,0.11328999238844531,1.0749607914843,-1.1318202570009657,0.09639862979219685,0.7941033894409755,0.5684822548023919,0.7160283814873687,0.030934785637361593,1.0880345901171564,-0.27540172805095686,0
0.2123270514460012,-0.2871307418752199,0.3169863056391871,1.5279827942117012,-0.03659648914198616,0.4797714338864332,-0.26389420254527657,0.5372211987646395,-0.5294871752651339,-0.4272323915927639,-0.45011959328733303,0.1878942820711303,-0.18896083926637142,-0.9911033664079182,0.7504162988968621,0.12925752784063915,-0.3094990722721243,1.1619275286190303,-0.753350705840295,1
-0.41975346729147756,-1.1226268778879573,0.08645442782462703,0.5659016570651202,-1.1852734132352414,0.9186138205685974,1.2670948307111982,0.5410138548833504,-0.2681633356426732,-1.3360308805694374,-0.04250169119333834,-0.13594404510864375,-1.3139339145508282,-1.1125608316771154,1.043811608533498,-0.4055824359678714,-0.38757974516072724,1.7507097044970996,0.3975200043932133,1
0.9628785571732789,0.823768620822374,0.14856379198499728,0.1821571872991789,-0.01491763709489008,0.7507282496603825,-0.75302412273846,0.9708145574359751,0.24889122590349194,1.5253292423785112,1.0033357457303476,-0.5263245168337897,0.6184057459513961,0.9834732900188816,0.0545036516583483,1.2718755287190053,-0.3799669973572777,1.7526737404046278,-0.6260326138920093,0
0.03184403079893787,-0.7301603134431136,0.151114204115267,-0.7791465037746266,-0.10786514267113309,0.6341138628080946,-0.0426373418841708,0.5356453685910846,-0.37643399122659005,-0.9601851022312727,-0.5013979819246868,0.48970886456516005,-0.6791989636131817,-0.6917870581623299,0.5933712420845163,-0.14745648222881158,-0.6528522314404455,0.9782111192985221,-0.24592553230659994,1
0.22783678749522585,0.6960191420163039,-1.4171482102029134,0.4273816828301386,0.650137993486152,0.45984387768054297,0.811422132468793,0.13931488355566318,0.42289512963603976,-0.6103483438781205,-0.906034561463344,-1.7188915196319117,0.8062606869281614,0.9959167955566065,0.408250860694757,0.32143957786042976,0.2404065720226301,-0.9413719469953035,0.09372068952068745,0
-1.5584402951843603,0.5686263416568349,-0.13223655716858043,-0.6304691128406802,-0.2338903281082688,-1.135876717879194,-1.0431888719132647,-0.8648948141900803,-1.0545495393747248,0.8325295498305424,-0.997125716954849,0.49629535598729035,0.38994814825500684,-0.3564554696587819,0.443693079388221,-0.29928812404025856,0.036504990507472856,0.013750027487680613,-1.169171512517606,0
0.18704264230816647,0.34064085936163907,-0.3551935216339366,1.1494828312590317,-0.9121975078790228,-1.5051546024849474,-0.8144176571922075,-1.41407025684049,-0.7475890376308022,0.10286473700450972,0.5286493992767024,-0.20676606076125287,0.538703737796327,-0.21262938541522397,-0.6346431544320532,-1.074216143069435,-0.5636444325223918,0.9821873227758652,0.10152298577931067,0
-0.6828525428426332,-0.34872081408777533,0.2422573113657426,-0.7424164216421545,-0.3615435372252092,0.6612517786224652,0.2457245926645154,0.34320569752665714,-0.3229517486562095,-1.4407984228154103,-0.3537837487604926,-0.12364913698919178,-0.32471299173396984,-0.5003742810833842,0.7208751397730446,-0.3863320955211971,-0.17019014782585828,1.2766175467018839,0.03388842360511884,1
0.1294321843195486,-0.019724258833962238,-1.0170758100098136,0.27548743163912914,0.0451795047385738,0.8049687960444173,0.5352367878605544,0.28656725241450787,0.3861195617432033,-0.16090604827542493,0.15641162662723956,-1.1497257810807266,-0.7079430981742453,0.3679908669284082,-0.015132225496895772,-0.16742851084702592,0.008736614871495713,-0.6548399242964041,0.9620432826930909,0
-0.10610007795721288,0.3343526567446434,-0.07666192668474049,-0.007513453728485777,-0.7461938137450631,-1.1226896595147935,-0.07004226748498722,-1.002486498898725,-0.5895960324148475,-0.1746320787620192,-0.08013320660161943,-0.7257559345871849,0.7083930306997305,0.10952785206542932,-0.13805690266879786,-0.735794025424047,-1.2643237987595695,0.33929759944835003,0.3744782894160402,0
-1.1250631118215173,0.1212382982329594,0.29597253789094013,-0.2187736154230438,0.051214249669297836,-0.8922154372514718,-0.8878249505387844,-0.09618227756805853,-0.5444381232960788,0.18871197707416526,-0.6142550294573839,0.3307128815519245,0.16249668568359257,-0.004608521513142924,0.4037467202762297,-0.27897565023057597,0.21907918365701815,-0.5178050447681639,-0.5048214178361646,0
0.9682026584525835,0.10233582137777597,0.11114865809921366,-0.7934149032422636,0.17041444981729006,0.62639613369957,0.4507033456766437,0.2712873551552082,0.5247453421468266,0.8839620542485884,1.060227447614199,-0.8034054113323823,-0.38386253901555906,0.7052437222190424,-0.8191371268795953,0.00019553689776066554,-0.26239731010618556,-0.42816701190249984,1.2750421907500096,0
-1.4894842549114546,-0.0874672683463252,0.4690704540813233,-1.0683768374427156,-0.1251014433056082,-0.20000802460945288,-0.21091829921560953,0.787929684444825,-0.46866321294653435,-1.423752667235107,-0.77539917161488,0.5052129482575832,-0.004262675613284022,-0.18299488116128435,1.0795542910208282,-0.2441662829745054,0.4747957788853443,0.6350054882226365,-0.802627125687714,1
0.27798134697739363,0.8243864014937323,-0.23219576994785035,-0.31636499822610836,0.07715088008431864,-1.186252115828934,-0.6656465409316293,-0.718789119549905,-0.7874407327258782,-0.3151505098738799,-0.2452913831974487,0.14609457311723872,1.011366990760927,-0.5572311848727471,-0.2929756017040923,-0.4394384379343543,-0.3174953596921247,0.22968025423336152,-0.9623372464809226,0
0.6217540206721995,-1.0951007624784117,-0.21471347063426205,0.6237055318407785,0.3963547204992971,-0.7498818063350197,-0.2996306174009075,-0.12122016910540695,0.39197871371356313,-0.22249013514772,-0.3797081484831803,0.9125620289852551,0.05159178131613066,1.0318145777257839,-0.17648858000862228,0.1469172984579674,0.2710830043249032,-0.5853810045131518,0.0018293699344655932,1
0.12769095082121076,0.6072610740114395,1.4287837134667434,-0.5188998470721344,1.1608112673885032,0.04235110679225957,-1.4874616558109852,-0.8121705105532879,-0.43268534615584814,0.3999745123169876,0.6426952954687813,0.8852113170303848,-0.0085813576140732,0.3749546840412335,-2.181646603044113,-1.2652904570947396,-1.40542837899983,-1.0174391875654158,1.3065097861857202,0
-0.35199315592903535,-0.5777015142131269,-0.375740936357425,0.25146970779108485,0.9516886783658504,1.0392634536467793,0.25072045452863595,-0.9692807444320813,0.6244191293453697,0.09122652487454115,-0.29306414660040997,1.025017849518971,-0.324618007449537,0.766504168683363,-0.7970130856208033,0.3346262507567446,1.0075853079345374,-0.4958984629715383,0.3544479169621888,1
1.3233836085828863,0.65732144886584,-0.4256720350235331,0.9455836270245168,0.6277551369718313,1.2148402850835267,0.24638048412470281,-0.44622612018566016,0.7368380631594752,0.2143408132841043,1.6616295199898283,-0.4488440681497496,-0.16980835781043152,0.5147851077030035,-1.8809975583004517,0.15789306046527998,-0.8513819610891719,-0.5916657720621052,1.3959213476350598,0
-0.4473997655134251,-0.24986400341938245,0.3291583578887785,0.962267237492048,-0.21544484467979874,-0.6203696442076385,-1.034887695421602,0.20802829324974229,-0.4241614378766894,-0.5403289878993629,0.6863844642712994,0.7054612101711222,-1.1119117970711312,-0.10485344319755772,-0.7631945248914145,-1.2918387577406187,-0.9490061339407327,-0.6389262502804386,0.9314935632118073,0
-1.0495330131584544,-0.3369704412644166,0.2524781113384432,0.7380413737786636,-0.31771905667442457,0.022670575253221668,-0.4754277472752245,1.001105384811227,-0.8774613918309324,-1.2054103282880306,-0.9042194445534439,0.9814605359667301,-0.7816522135695966,-0.26365515725988536,0.8338153312227202,-0.7711559547730403,-0.7179411160692697,1.2588801604861095,-0.6683060880554647,1
-0.2791626918468844,0.5774844180149968,0.06557551405690605,0.036684351890209195,0.203762936388157,-0.802868988301033,-0.7317161636392591,-0.23633612471680318,-0.68271926186094,0.2070744713721725,-0.6312100706221964,-0.0325052240200374,0.8737369234492773,-0.9262212171657119,0.6215121874770374,0.2841985837751766,0.5117136665891675,-0.04279285688018848,-1.425193948507116,0
-0.5971699903752786,-0.6122536694808295,0.7569344219601164,-0.8207066027872183,-0.5687525875300417,-0.2756939527797332,0.6865523092628878,1.002946424432801,-0.18059436108648302,-1.382166377255314,-0.36068352287415095,0.13382870057016205,0.1173019854114185,-0.8735925261388693,1.5603717863353412,0.46019726518472753,0.6054769986847295,0.8402140551337666,-0.913165665501678,1
0.3904862767028091,0.5616603097551914,-1.013463963983308,-1.311238313987505,-0.7143250652780534,-0.3677795060090434,0.2637881970654617,0.7606013885643969,0.42828943467431524,0.39339844547908137,0.562703684935874,-1.4648840830445464,0.6132892796203006,1.01926244366031,0.7389185215819822,0.9570968410310177,-0.16348231882237085,0.3890502613430844,-0.29020225009023365,0
0.001777047582023145,0.41952212263465954,0.13424182853982394,-1.0638754917367286,-0.20845085263595273,0.2019890613575598,0.34578723484155033,0.26102168397270753,-1.4775561100486811,0.5335777519869433,-0.5027416304990499,1.0852171555028782,-1.7177552800445464,0.10950749533945607,-1.2522931012853498,-2.5112586713729157,-2.319907883984909,1.0234502096990614,0.7449619051339786,1
0.12301135138270923,-0.5449851439824402,-0.41156499004886,0.27284328131867824,0.8325922803064868,0.6079068674623586,0.24836818350607273,-0.8518145496333069,0.6293363779384622,-0.7487869577557618,-0.1346300214219593,-0.004185695333219079,0.21978516078295096,0.03843590854467366,-0.299023585144644,0.13347799858151685,2.067451960542128,-0.3870018437379434,0.23831985210987475,1
0.4423654416072588,-0.579735183646529,-0.19560426696840486,0.41976733581075804,0.8966623247276737,0.5911809360537162,0.9693292955396758,-0.5517763924693643,0.8246415931828139,-0.29592472563143135,0.09608483977721984,0.6394117938429825,-0.14401852821859712,0.7862268593814055,-0.9250110908891332,0.15732660038067472,1.167618662130471,-0.8509372571056505,0.634993200643819,1
1.008892786323333,0.20194431651501316,-0.47149087715855353,0.3532775343402022,0.5152115568778335,-0.033650080030173675,-0.11470320968613694,0.41729983583144703,0.24980362685344404,0.0679010955962538,0.5756609465294308,-0.07898166809267572,-0.1613104426189398,0.17236355957060095,-0.5913053231477329,-0.05413978937571736,0.5090660229103582,-0.5887472245077225,0.07545226641260262,0
0.16093165461730344,-0.6174661880878421,0.5711762598261559,0.42764912529263355,1.0177994353500162,-0.021511945214227373,-1.0821571382870248,-0.10472053194846892,-0.2583756178024164,0.2022572342592889,-1.4592770337929135,0.47421889269671436,0.7231078867094317,0.5917163616810976,0.5015973525319121,-0.048561029040484045,1.199551842085952,0.6842059869099358,-0.7674881226609651,1
-1.1430012338310678,0.8974009174631339,-0.5134799066828402,-0.3985825555949071,-0.47443339899073067,-2.1214812776162946,-1.051416665841867,-0.8054761464017454,-1.1963459904625486,0.08991993310074854,-1.1849778854663118,-0.31455473860266625,1.3493644690045863,-0.36314265672587304,0.923970875075114,-0.5295682179457082,0.6620569418259723,0.37885998693980966,-1.688464523812936,0
-0.583833892558791,-1.0594307655839936,0.7081394992448358,-0.5529380563372489,-0.8388549827641917,0.7480665233402436,0.2664360877866302,0.226617307788824,-0.413554499483833,-1.7189808738127417,-0.15427430431052308,0.45176289592097946,-0.5941512001029171,-0.7238739606009871,0.8240499659262395,-0.5671360550449047,-0.07687831416851637,2.642611371816421,0.05589175027948423,1
-0.015377332537682607,0.7728278894470972,-0.4700915610337231,0.9102380737707518,-0.285862471704272,1.0198482800464967,0.5896461316725841,0.8706791279404089,0.3596911385693873,0.575134889134562,0.5922618051116765,-1.4017909817875476,0.09046162576151365,0.067667449546385,0.6892809487050274,1.1832283006494797,-0.11899178699938946,0.32985976288122454,-0.18028865970208846,0
-1.1695539463165943,0.32857705665642134,-0.09019454366313776,0.4319240223521843,0.018196735113211036,-0.7313275853157326,-0.3480834997553102,-0.3744900922679564,-0.6348308948287995,-0.11786401107129524,-0.8577580073736722,0.06691006927637956,-0.05541403964304401,0.24924303516287136,-0.003410165094270773,-0.7138998729807398,-1.1601581151086913,-1.1246679413337224,0.1864616515023176,0
0.24813697670946502,0.5193088110404432,-0.43318510809102506,-0.902880240664035,0.25160177704209646,1.5709009998860894,1.01673701637257,0.4016622861006736,0.7448319304336205,-0.22545675259661355,1.0430107294253135,-0.3870229542969992,-0.44134209540923564,0.6644287990266018,-0.759873554585381,0.5643826874932675,-0.5979492912459536,-0.10952114169317265,0.86973437151583,0
0.557641785394892,-0.7069388585265738,0.8086123063655902,-1.131758737311376,-0.15571081806223236,0.46682545575315343,0.5718430848949229,0.4831960153789135,0.2260100016880219,0.6448505412904348,0.6526561365577045,0.5158740800861156,-0.46885232353619366,-0.053706871158210524,0.053060114346970284,0.2064727289716638,1.4197399152766994,1.3911608120543066,-0.07227896982569353,1
-1.1510431511186507,-0.1623119326488214,-1.3287085856204033,-0.14708204353212506,-0.24498559688475377,-1.3290941149394813,-1.2838200195945184,-0.1605584734215615,-0.602035396991355,0.4804474702908306,-0.9066780640226945,1.4043992082255625,-0.42204843645769263,0.3136125155234445,0.5085753828542697,-0.1010503383975849,0.7133651962633304,-0.013866458344004537,-1.565779543154028,0
0.13092364245861413,0.30950330876457394,-1.4189688361380919,0.6619985679120053,0.6342477257039688,0.31369778823351946,0.3606455977409404,0.495230002572753,0.10839265228076589,-0.8508713851604454,-0.6644035946455957,-0.3943463015958498,-0.17089472585339782,-0.3572586273694442,0.4062999497070005,0.3279510444170895,0.3955196743968576,-1.23940343195291,-0.6089546976587712,0
0.8137247079841988,0.612425271082223,0.12177340264446625,0.4015983338478155,0.21723963679287622,0.3919619135130671,0.7353696296133222,0.904395777601925,0.5384292832164639,0.4717396591853122,0.7422882881350519,-0.6036488332457745,0.5032752075292363,0.7662551395693181,-0.07351288510431551,0.9058109856773426,0.1378299327551498,0.11319055061803818,-0.11064747182248627,0
-1.1523218099743953,-0.9298362071764146,0.59575393821745,0.45932324395486573,-0.5390512194050174,-0.24555598398347295,-0.5199700985082484,0.8741988614287165,-0.6595569505798431,-1.7336657981347303,-0.6968253071920867,1.1924787625814635,-0.6756348857525422,-0.3568307970938982,1.0575077843255585,-0.6586796787850732,-0.126351776572808,1.5068968565526766,-0.6131210559878145,1
-0.2558221415587684,-0.9710814361250075,-0.6570998015160909,0.07821612662889138,1.1039732393834598,0.6358883667630663,-0.5936080953933459,-0.5569435715786568,-0.014020955396989365,-0.1127662595802926,-1.482355118448593,0.26051839196412624,-0.5594813970339627,0.32132484288497704,0.10153044586302096,-0.7665447707091835,1.9647117976775517,-0.30569192493814856,0.1537506623577177,1
-0.8769420838147503,-0.8401990311013733,0.5990718909869839,-0.6241549233903533,-0.99639096738201,-0.688732954258411,0.7348683029918182,0.4492777615542139,-0.2228758337794541,-1.4931496814905072,-0.06062939535645373,-0.06476705541898535,-0.4868563566805046,-0.06075878362806615,0.7427192044343097,-0.8473036733642045,-0.1565855961308269,0.4670708228892816,0.6106349177930638,1
0.5640027097312401,0.5174007396476634,-1.1661885397382679,0.5248119580657744,-0.7931049030198852,-0.11595742491282117,-0.04540201995613582,0.500999533660882,0.6011433843490883,0.4395924056019763,1.0188771932584828,-1.5334401716560526,0.5459446344848629,0.9397910348336954,0.493228381407189,1.198048092858697,-0.5292028402756248,0.42107335997935746,-0.041892831208106086,0
-1.0727638808066253,1.0667985504910587,0.46093997491848127,-0.9258339219883795,0.22650971920851684,-0.9750284598851858,-0.11327200256440755,-0.6076173343571308,-0.8782886721687356,-0.021954739165007592,-0.7963886855936566,-0.22151113040408296,0.8147771641442436,-0.19659832056999477,-0.09140617071808041,-0.7782658426220552,-0.405695282845552,-0.8042554320999427,-0.30221070250510657,0
0.15152489245519793,0.1722115720191117,-1.0013875271283645,-0.22683177367839846,-1.1648232333405466,0.7509699056470633,0.5502744450125358,0.17131897565306353,0.688114672313446,0.32237382685666277,2.0976830773105206,-1.483485077526299,-1.0721398424161976,-0.02765794847272158,-0.3391779231842423,0.3674399768395541,-0.7083111453247978,-0.12135142564649799,1.4932781305867378,0
0.12064805108600744,-0.3719946560823484,-0.05020162248190633,-0.7340336647951682,0.5933067882299835,0.5421112413099533,0.4917902358943571,-0.8571728721514699,0.28994941362202226,0.22650906910685195,-0.154322645284621,1.0919266670949022,0.12495357290777055,0.3040980198208891,-0.580051245809292,0.306299567275984,1.3692018935780752,0.5958981067565692,-0.36402186774608647,1
0.4691524643481849,0.722294869455865,-0.550751891317955,-0.18049493422100477,0.7206388002321128,0.5913327092894276,0.6063108506221464,1.0382426957240476,0.287649218187108,-0.5706500077333916,-0.4072312357877485,-0.7784884828550334,0.6010718953004328,0.6588106818663375,0.39124155435095403,0.49349723941576557,0.523798014482026,-0.05732157777875959,-0.541862072434738,0
-0.4141128405465196,0.004850189354136729,-1.9274079908930297,-0.40625968452123207,-1.3514750548865901,-0.9339014854834925,0.0001942058186750616,0.9918811162930089,0.18260774940776042,-0.5311222092780394,0.4984051930399886,-1.3457285156994243,-0.5380200210281915,-0.12617857109928504,1.3898220804725163,0.4873614398089968,0.16646876544855244,-0.4260339847922382,-0.39131466739099596,0
-1.1894818651307195,0.24966754454732226,-0.6939782058980346,0.27794023763762965,-0.2206040780856805,-1.1629361306715773,-0.3986113859750535,-0.6473948259042418,-0.7056953122524093,-0.3911027317865464,-0.7937432704604533,0.07918837607066123,-0.11730541287688676,-0.228025233193833,0.13442587235534864,-0.8957897389411089,-0.22815878656783012,-0.993633227470967,-0.1892675399824785,0
-0.4740135861995704,-0.6405676089518262,-0.08311448615788926,1.3203913643196188,-0.4997433307363219,-0.11066109411517798,0.11941179150211939,0.698117782970895,-0.5162280270538946,-0.3326768497934146,-0.12096787189448031,1.0648948657491852,-1.297740627465881,-0.84751640793469,0.4875559705605283,-0.4598914197680179,0.31676658115543765,0.6572379221804758,-0.5551263368096945,1
-0.9773893078043607,0.49511274951725065,0.3757842843986991,-0.14614173320012067,-0.45058525183326026,-0.99006358550432,-1.4539116587088141,-0.8002786553419658,-1.2460660930002172,0.946614345529063,-0.880822417615902,0.009549129317677816,0.6415039822359387,-0.5127586285904433,0.5598428064158071,-0.224270170774766,-1.2861218622161608,0.5936604135596635,-0.88423133526607,0
-0.26525701603669377,-0.3253938614599297,-1.1344667279452945,-0.5451930240739586,-1.6942819869986963,-0.46537115621056485,-0.0887962338813247,0.930297080506615,0.07312800881148715,0.4763856433873774,1.5162079610824222,-0.5678738807686264,-1.7442580938065295,-0.33557944331188755,0.4246496600736815,0.11437407045766554,-1.1475307677610962,-0.30804760926181335,0.6307568346098422,0
0.9755578371615302,0.3446397410936086,-0.895029058068834,-0.6942185578731196,-0.09994873502418897,-0.3490409912347949,0.40290657060367463,0.28184527687694705,0.6964164096653199,-0.1966600641987358,1.0502772922545736,-0.7582270957274576,0.37638144424320297,0.8080173946088088,-0.3953139523337582,0.4928309175911015,0.181515849240928,-0.4773798903971387,0.2802492046515713,0
-0.1937593265578613,0.6844056431449115,-0.08221695114088387,0.3907617978678402,-0.49719347992493934,-1.5284939096559167,0.05154500526360532,0.7171022210223672,-0.6157038971746986,-0.9647176760973746,-0.02119435059020817,-0.04462776972160595,0.5602182675532642,-0.14686671474823237,0.4651879171359963,-0.5569104455219653,0.13075759726758274,0.3417833475986768,-0.9448640872329956,0
0.7022356096526916,-0.5725290414063537,0.29022740550446186,0.5690400755080551,0.4870752609702449,-0.5093816683390501,-0.8938268967025254,-0.3094288398143425,0.15504121911291976,-0.3115047126545501,-0.3304938222121754,0.2961268849145099,0.8988439157196416,0.7314077001749666,-0.006720937961024197,0.2444840580174807,0.2508960252485179,0.3393479731523415,-0.25413010308334366,1
-0.3091572493321022,0.10134601315035266,0.35310630900170503,0.17098053875078792,-0.399112572407299,-0.5208221433720237,-0.3315343088548811,-0.7723556673662197,-0.7885893071719475,-0.576840915521015,-0.03004952684889297,-0.5774119855944706,-0.13039562030361734,-1.2538711828690412,-0.1535361877222812,-0.9472787976206472,-1.5574266273700652,-0.6300485230574873,0.7057897815319223,0
0.4306298122047,-0.651513773161503,-0.019788189410773694,0.34161796683769713,0.8785020278332057,0.05102673813278364,0.2081948517321767,-0.8379014678779624,0.7327832677866907,0.35102703204393054,-0.29941810608836644,0.6319556099481961,0.49941231966480876,1.2511858827351479,-0.6452764648240678,0.6396973893611243,0.519969074962095,-0.9170100813831672,0.30592696381843104,1
0.8927790778507051,-0.2666471205053388,0.6174155256050979,0.500903801799138,0.7192909834161687,0.1491739784084068,0.34707344559010617,-0.8174731268176602,0.1807210814475527,0.6592573288298542,-0.16169842353511618,0.38326636615614607,0.7350044827868475,-0.07587732335887298,-0.4563933109344249,0.5948048673689934,0.4697668769826331,-0.10110591845851431,-0.22201645119267807,1
1.383225012674176,-0.13225890741343793,0.10550602924973528,-0.22739450447713697,0.17211140598119476,0.7726939148512882,-0.7820621063645885,0.12209223701769285,0.2653543831718333,1.1570556145925925,1.8526068422225783,0.147878262975412,-1.226244362444006,-0.32018568956677373,-1.45984839240834,-0.10687978645757001,-0.829456742415052,-0.3423201523163328,1.2014593359591486,0
-0.7172552986994231,0.8624465814807706,0.11391389809052241,0.24610125045318693,-0.38190119763535196,-1.0182006936865493,-0.43316771262605713,-0.34749098000120643,-0.9731735932813514,-0.5567791757730493,-0.4925068182965401,-0.42564372895158026,0.9123278389175559,-1.210628548632319,0.6969290545992805,-0.16336957301186877,-0.4505782135478291,0.18905345736885149,-1.095172778535375,0
-0.4296734421303901,0.4399729341424855,0.8958758237314238,-0.4486498022456789,-0.08571618697688846,-0.7807250674263111,-0.9080220705172877,-0.4636261457202444,-0.7784781159086508,0.5074411813773761,-0.07166959777092798,0.0982688868295813,0.7053524999038007,-0.9811818242464182,0.2669300678801429,-0.05827904421945454,0.2552337707575875,0.4193340866660002,-0.8396785706028613,0
0.3212792281287903,1.0044288541324264,-0.13189452969763837,0.31039970319444077,0.5688451609363943,0.8413040817907663,0.05937124915712136,0.827363255711335,0.19855857797327742,0.39528207135684057,0.3367919662678752,-0.7756433918977228,0.42245945077279695,0.3703498600027527,0.04842866603989269,0.5452416861175,0.7164631572455961,0.3615699858972043,-0.40606553086830666,0
0.2486898980569872,-0.5432904705311522,-0.20201943679102338,-1.235339234615941,1.0602697432340886,0.5369636773600357,0.032568339272713326,-0.4884283255584541,0.5869909246858009,0.11783932537892634,-0.7135566828426017,0.01159518342495623,0.3688741950527328,0.9865529884392557,-0.17325838104639735,0.3825530982451833,1.081260255271037,-0.6799521992327618,0.25060586542552216,1
0.7691271198045123,-0.2270560149977885,0.34172303400329995,0.10670244756271563,1.259634196200295,-0.37472325064520323,-0.28490351683228476,-1.093973909542785,-0.11870910886513075,-0.02734070556692725,-1.2644910711290271,0.28369915713347915,1.3557129885945642,0.016873903920525447,-0.18385104391853188,0.20465485932676925,0.6492755222926708,-0.5775451807533842,-0.6248232734028452,1
1.1030661870516547,1.0677626009759538,-1.1144833675203702,0.5061268327405767,0.9267850464497902,0.7781742689176794,1.4442352880942346,-0.5238696242892322,0.9756630440286711,-0.7276102242101102,0.6492529621064701,-0.6659336601389292,1.0223162151698075,0.7357946651207131,-1.1613436759363125,0.9313989679759123,-0.06840911746524307,-1.1213987957553573,0.26547049241198434,0
0.802055223126632,-0.14308680430354098,-0.947910072466914,-0.3211205696742856,-0.7488216146246129,0.24695116251083848,0.19509219673443323,-0.0876190824717599,0.7133938168684816,0.6061493150884733,1.6883620375350497,-0.6034441808669562,-0.715716207099443,0.9971399594926372,-0.8727636540625423,0.23122076106615358,-0.9963864184505005,0.02719579510477234,1.340540142694933,0
0.6445037383555305,-0.08895648989664173,0.007253741872586603,-0.6736087878678543,0.6820237835051561,-0.011374856663746057,0.37941385570629044,-1.1393405739618288,-0.0312741736111746,-0.056155540308235816,-0.47279450122238625,0.6108540797717418,0.8771560698900962,-0.228586894649814,-0.43712823440481674,0.17880185210041585,1.1729468519029713,0.5149873188010311,-0.7167826835914555,1
-0.8004914649906648,0.6214995737539686,0.42442614873316903,0.26736531529633656,0.8995565511436986,-0.9808839895721588,-0.6717480362351689,0.5180942891507494,-0.5050130868228712,-0.9088458918142011,-0.7224988598230432,0.4334059160631039,0.37316112151776015,-0.1117051781058045,0.016777956834551105,-0.6593366121951065,0.4352641803417316,-1.6235806613184223,-0.5537613428227486,0
-0.41074348763148866,0.3573207521201684,1.4006854326083327,-0.09364769926265228,-0.03909518085679196,-0.623783571040285,-0.21673966882795928,0.6508516166146396,-0.7625002081864191,-1.0892795406793603,-0.691475867979677,-0.3190846428000876,1.093727175744585,-0.35207563824292387,0.9429277266445867,-0.38918123965780593,-0.13578725107162332,1.0596715988761924,-0.7270395329318858,1
-1.1845491290518937,-0.2598109756939507,1.099929562756081,-0.08633496493344317,-0.053434872989185186,-0.03014050688735545,0.0686741537466025,1.248332505980269,-0.9803613085104436,-1.657016476524087,-1.490521142459948,0.7721264385275152,-0.15123772515407471,-0.3179725932612592,1.25765498337322,-0.7173586632275045,-0.7022882361823967,1.1724533344562762,-0.8250037322494239,1
-1.4082739283759755,-0.7029501166865848,-1.0364906532521063,-0.7068266587349427,-1.046768338023319,0.4314293752078559,0.3262991546229914,0.4369534637254156,-0.189296095185167,-0.5123722958719524,0.27080908715071406,0.7771059648445642,-2.092511145397337,-0.30196941372175834,0.36459953883207064,-0.6434064788654105,0.27517492171248,0.7092533817380405,0.2275251528610874,1
0.40540616211979896,0.35214138718669924,-0.7993241394164661,-0.49183516228663177,-0.5629300708722135,0.18031371243929126,0.6993577495526235,0.3373458529022046,0.6592390084434425,0.19515942240129597,1.418399979202737,-0.5675529351242568,-0.2897195017700337,0.6425454442652071,-0.42390624173739494,0.6354985789615418,-0.5014836257478824,-0.2074965775939235,0.5630892389119871,0
0.47024931612108817,-0.43793603982240586,0.14173930757286768,0.6560014562494334,0.9839096314076357,0.46223299258116357,0.23349331295950565,-0.8676755756420477,0.33231494132407463,1.0396143168480139,-0.5806278938336353,0.9464184150326791,0.26232768238484666,0.8871911650956698,-0.730340837317062,0.5486851782444493,0.21981418773710326,-0.4091775163879523,-0.01867134419219316,1
0.2852260712925122,0.615180808907236,-1.021004872687653,0.41036204964027356,-1.0497031452098797,-0.1721031952260391,-0.2392566420507936,1.107758832797776,0.26366511587668345,0.4277112023682677,1.0917267394175052,-0.9146552729452362,0.19473905103500452,0.5996833431913166,0.7759545076216813,1.1224262351693022,-0.3393778038272811,1.2527852413398415,-0.7269535850136462,0
-0.6394055449604797,-0.13262294118352436,0.14628079947041187,0.3513758875215352,-0.5007728224041613,-0.03297866899797107,0.09642102277642005,0.3170355171758881,-0.4888744375832145,-0.2178315500045461,-0.01670732755564859,0.43390314756596576,-0.501937232720083,-0.7698872379141803,0.5559400704218037,-0.24435289208789676,0.6397019197369715,1.0742262323237914,-0.6352472239259512,1
-1.062461375610515,0.28261677678429004,0.5173823876762106,0.556336143344229,0.06252245377779965,-0.49957917228459353,-1.16425560820745,-0.25532159865535453,-0.8935271524019648,0.6425830334663567,-0.6779151055671232,0.47519379408321366,0.14969953249068924,-1.0153584771755029,0.5934123158493734,0.11350886642051691,-0.13155804133928525,-0.13285205800892746,-1.066994841745305,0
-0.0025400658400502275,-0.4175385004896153,-0.13362981021269763,0.12329803709996343,0.7885939117932246,0.7449886885802108,0.4031724268659986,-1.0140938910954287,0.5878111047634321,0.10980205198360801,-0.05910487777860343,0.7354075773802748,0.1237039704091762,0.46996414763597066,-0.700249411825571,0.49797600903570766,1.0867501551928291,-0.2748391125087803,0.16072293091570816,1
0.5099704619685165,-0.5649881449398775,-0.2166930904907055,-0.3383426867112987,0.6593120332522093,0.011791916956534936,0.14845972034465962,-0.46461443073549763,0.5210101811741493,-0.671030133661606,-0.25423596828497924,-0.40479915695091917,0.6457830295498067,-0.16640434362482706,0.25477774000742304,0.3859722800250749,2.020899320363316,-0.42802615609238603,-0.16664855127695077,1
0.88450017364343,-0.7828374334348639,-0.25312294654510525,-1.012814781557481,0.1591594069044091,-0.5732356624746688,0.37773388664695673,-0.9566227548968016,0.2149574008503195,0.29533468409557645,-0.058153411938235186,0.7180604519407603,0.10945596095372674,0.24934506449130775,-0.5970091571854681,0.09359996454073982,0.21210808154737848,-0.3350589238327942,0.07703266954229278,1
1.2034023736283948,-0.6680991750443849,0.6746516363820181,-0.3510513467260001,1.2662081007708412,-0.6322663289846209,-1.30231198823139,-0.536742447175316,-0.027054056519591658,0.3642473010934102,-1.2339665561979483,-0.09842419573493691,1.245894244570523,0.7874431535178326,-0.05275698976089186,0.16320054106955842,-0.3984555750448655,-0.9390367138442702,0.011322915619710675,1
1.573594963657278,0.6801947610274266,0.6273973795645525,-0.5302201879607008,1.03805742360731,1.0959073452486656,0.1229006522544865,0.7737714815522677,0.6060899784994886,0.7501719334978367,0.8916468673598171,0.7630557018195668,0.6986440496232595,1.471255602598814,-1.143600652994591,1.07225515734814,-0.4801662028643947,1.0152934691087967,-0.31123759948351587,0
0.40372006909989333,-0.46974794630057987,0.18075306006725866,-0.7889438438743154,1.292372537951575,0.17074784706357926,-0.28011967651132386,-1.0248153341524238,0.3614893224349137,-0.48928218496754705,-0.7854942759165878,0.14010089113156157,0.8989427182145704,0.5570105486521841,-0.45188320722590786,-0.02030169496759946,1.2560497090675449,-0.6163511437003154,0.18397929630398585,1
0.3169763696358655,-0.6039454757510294,0.6675512189079783,0.2630972407602541,0.9101622893535947,0.804926406967733,0.05531735272200302,0.377015485755244,0.6930868066689819,0.5432290731329562,-0.3804411847122825,-0.409407975789576,0.3958464019686593,1.0062191622390084,0.35867246784004847,0.7266455040099352,1.4122979882761146,-0.14935840943498702,0.2651574777795677,1
-0.5802621548240723,0.13149231618541363,0.8088325971588682,0.7005995070860255,0.2837544974687622,0.0763093734705801,-0.04135529634230801,0.8594731336797564,-0.7468106488667741,-0.9991925564115363,-0.8239452220812326,0.8021073483583355,-0.029656494956688765,-0.43891144669948495,0.5357992740769683,-0.5246156362380628,0.03197912588034404,0.9317816803757563,-0.8820153341736311,1
0.15335645543553966,0.43692017637242103,0.8604086852397097,0.055908550112630406,-0.5360571752530425,-0.7371259181697553,0.0030960926473658054,0.45641898394139874,-0.4740948717078064,-1.2349862246820154,0.5825715998702642,-0.4265136207742816,0.5580202482811618,-0.6903151096199942,0.1794453066903271,-0.33240260292249113,-1.2092919019959316,0.4037144552226979,-5.907974312539232e-06,0
-1.0693160734056835,0.04761098505550922,-0.49056980447235493,1.369326048606317,-0.9653821055335298,-1.4349585771317763,-0.7598129577447778,-0.5026227567560508,-0.9339130918190163,0.18018974497461832,-0.8136184411430915,-0.3445434559566625,0.36912350706712327,-0.8457015840538586,1.2783366826694031,-0.10737372703570457,0.03671982101633275,0.4174998932280651,-1.152218410506771,0
-1.067817634855657,1.1425264718896264,0.6900680067707468,-0.29711500547300224,0.10706559982772554,-1.3155066378923599,-1.4280700277727805,-1.1842311370803202,-1.4947006212816225,0.27360362199300464,-0.9415419205574993,-0.47775787638035505,0.9463837576922761,-0.7023913312066856,-0.18433297397037393,-1.3280248445155487,-1.3104961275260654,-0.5767721484871231,-0.15253348372405534,0
0.07081970752018701,0.1290450432386587,-1.0261123807934762,-0.10315342210538188,-1.0494040154539885,-0.11619837611798361,0.6028521353786555,0.54774655815247,0.4926799468922337,0.03175401161091581,1.5726964975714302,-0.5755038650896296,-0.8617291784739779,0.2598756230939348,-0.1508966428580723,0.29167428511903104,-0.35097399126436685,-0.1751159772001957,0.6164364394401127,0
-0.8055785090281126,0.5342916458328035,0.6177772296142552,0.08727083904799747,0.5044952903202393,-0.6148071772206991,-1.2967001417751065,-1.217811580603228,-0.6346809809981504,1.1306420743276564,-0.15204724082381377,0.9698716192762052,0.3388672144009259,0.3294706172614402,-1.0257172251765103,-0.6595964330024279,0.0045239701125435764,-0.21514847878253465,-0.09402721290299004,0
0.5899424598054374,0.04647052098631971,-0.16580790035459297,-0.6679685865042944,-1.555489928407537,-0.9516634102982269,0.46061012373084986,1.2529548930796777,0.3512701491180059,1.1882474179052225,1.7475998587076804,-0.7501214960043837,-0.35203981452000643,0.4305625282524066,0.5292570129950831,0.9025115226433705,-0.5770613263127838,0.40331897818153384,0.024389352947599394,0
0.9964029495462853,-0.5803673484572553,0.42111204387218837,0.5949820414322119,0.19533409363712698,-0.6043586629704096,0.5275253129753995,0.2354150487532627,0.49335317331030437,0.39662249699885493,-0.050152157322409956,0.03535115699777184,0.9955639928509714,0.13337819709782406,0.6848728395643056,1.2783719026787486,1.4503708951991947,0.12545688435833166,-0.9656823962077167,1
0.8289798435821615,1.0039945760152318,-0.5402803437784495,-0.1889366864047207,0.03538641279942591,0.2508189491068454,0.24526331682145164,0.22978526258327245,0.49845463384946403,0.4449700246802777,1.28207292915049,-0.9097030265691426,0.5640805818043755,0.4150012562821832,-0.5044759790498659,0.7421225725543549,0.19086297179068012,0.05881244277113154,-0.0021083032579472033,0
-0.7590443452840255,-0.4132709066514468,0.9033189090648538,0.3395975582996939,-0.6766089972153704,-0.5117405191583286,-0.13824338543122594,0.6224027469701859,-0.7795149186904327,-0.8772274675449012,-0.3017768505229707,0.6961694263405382,-0.23514537889833104,-0.6430286912182726,0.8663162391349661,-0.6604394731959776,0.34895583237993366,1.7262298495540558,-0.7149626891906559,1
0.21236588654311214,-0.781391220942334,-0.40954580549346276,0.14552634623562657,-0.7746274804364567,0.8412481222859538,0.5316513963721936,-0.06300055080569264,-0.24674266733293274,-0.10723362146403091,0.24482325148375905,-0.09315515971781343,-1.2555058122438412,-1.0725786045997583,0.3016256118583451,-0.24512417987254695,-0.40879080069053353,1.1537445578751306,0.35612341109524104,1
0.5873065693655408,0.46049835618545015,-1.351801013044803,0.5613116217622985,0.17100164567538406,0.49409287179311306,0.23309055747095114,0.2071897452885029,0.6942987569907445,-0.7827801178462873,0.8745108732904603,-0.07764201577062271,0.053008762785622755,0.8373819483372388,-0.6288300157688331,0.5943536969229778,-0.2093303409969266,-0.04362316345385476,0.05393423943895107,0
0.30339564476078296,-0.47177908281038894,0.28687116155504006,0.1916436016421501,1.2631619533876766,1.742841600102239,1.6733517920635526,-0.5496383220494653,1.1792752444885435,0.5077732479907198,0.31630773917429406,0.02167560055195015,-0.5142293542041757,0.8267260710740266,-1.1812126422255063,0.3541386324356351,1.3527670601693762,-1.4530223730660066,1.5311555776592565,1
0.3914204404087322,-0.7577804758665981,-0.09214684879563251,0.5119429388010707,0.9457761065470879,0.5594654660180713,-0.04576973053859142,-0.9444299540705089,0.32633728033021464,0.7297164924203704,-0.5264672405277155,0.6158590943323653,-0.32700935070209675,0.669879474124344,-0.8377006975773937,0.009305010924962968,0.018830213753186463,-0.9918893796858808,0.7146323206000734,1
-0.7217720666125907,0.5962468686816798,-0.04231585168209832,-1.1300958537139403,0.35866928166142864,-0.8485090181894216,-1.8597253914027299,-0.8159840506030049,-1.2058870190061526,1.3632030997843934,-0.8671715666843234,0.9884478981282568,0.24472935477967514,-0.840450818655135,-0.000570794723913555,-0.23755117123513125,0.09551254078204742,0.06771832732971585,-1.5242163403712254,0
1.1200878097860107,-0.6510335053017803,0.3555335337249137,-0.8021885319136093,0.15720746777497838,-1.017038832152215,0.5293725855319831,0.3661363871591151,0.6487493336052317,-0.20339263890654774,0.02755966347232891,-0.010925963350688626,1.1684031562569537,0.8230684741928883,0.49561330924559965,0.9594349939747288,1.195209118709991,-0.019850079585427397,-0.5998132541374044,1
-0.6898070483320374,-1.2140681514282263,0.016544153153527908,1.5505545490956407,-1.0802775351137979,-0.14570129851134084,0.6102505304463555,-0.17484643831257193,-0.14170836713567084,-0.9950645965906593,0.27592447528660086,0.5038590206728908,-1.3202339810398045,-0.03691542500247049,0.03668620522581172,-1.098992244892434,-0.2433139695731433,0.8305880912082538,1.0441099436434307,1
1.0416235557462923,0.638000859884368,-0.79703065946135,-0.4986235431075249,0.0487681083546252,0.46134119878917507,0.9325030331126889,-0.011533944297442408,0.7814697420431634,-0.19761837796751808,1.3938841475274404,-0.5231621647960676,0.1867717477200832,0.7165153379122884,-1.0431157803088893,0.5442967487788211,-0.4532717345147113,-0.31084754755834426,0.6390938409214898,0
0.16501379242727243,-0.8940765756736183,0.8732561997666052,2.0680494940739123,-0.44154392326019876,0.003082338766954189,0.005645049248610682,-0.3316919080192339,-0.34390950741001197,-1.3257513463295691,-0.04662919406769048,0.29471936483711336,-0.07364418484346577,-0.09757232483349446,-0.05808046828738129,-0.9162165314837181,-0.8219136368438886,1.5120706674823448,0.7044134509604466,1
-0.27664531530438513,-0.6427554995022492,-0.27555824013725877,0.49090346092977355,-0.8610162075562492,0.3585300781604455,0.05691611197371487,-0.2434481384847798,-0.44568979662528596,-0.1734203050257323,0.1801550209795572,0.1989591630775262,-1.177494338049872,-0.45237727666729305,0.010122767256660753,-0.80183847981938,-0.701046666339478,1.2411061639728387,0.5621379793190795,1
0.1453000121864564,0.520362557492103,0.4400070607526582,-0.02514207823078324,0.8694546801908788,0.07069543189335677,-0.9393846951361858,-0.7827190685147262,-0.4107452148207755,0.8500659858980675,-0.04058096928116499,0.5524175075733996,-0.013311258443041957,0.47253302821069704,-1.4489637258503654,-0.6834766740031292,-1.4064427553465548,-0.9007943816438558,0.6855576877845544,0
-0.502387992095771,-0.9100671121431919,0.667420554200574,-0.959795369717652,-0.368666298537494,-0.5089467858342996,-0.888217950742471,0.48992233818138553,-0.7824741563702042,-1.4094979174434785,-0.514159280131399,1.1407186603339485,-0.6576613534427967,-0.2211417116986855,0.3775880487746037,-1.203209643553943,-0.5710446792872105,1.2929679172321589,-0.1112865831481619,1
-0.1658941408607925,-0.6530181180365336,0.18567459116080667,-0.6676840759972331,-0.04499993905017267,0.8378382047109015,1.0881014661700108,-0.2689995268785344,-0.1641733835113837,-1.2229980679628107,-0.3779389269153127,0.26148815485548266,-0.9175523753406828,0.2163583520159223,-0.535248354257364,-1.2195511539102941,-1.1063563561113219,0.39211814791666705,1.3527898975737935,1
-1.4451020981593419,-1.0381352241550357,-0.0036796813248630394,-2.4097020201957813,-1.3030611118655848,-0.21636131258560987,0.5124755306138852,0.9896726924662244,-0.5460447184237085,-1.3700875577380727,-0.16967889655007978,1.12580253504011,-1.7602734601447285,-0.16458026223593952,0.8052948736609132,-1.0586449596582348,-0.44194410330656436,1.30188868836842,0.11296894693045899,1
-0.03144631692302453,1.0130124457046485,-0.9662939690160478,0.10451048906758434,0.09868575391350469,-0.33018918082080945,0.1877114509826232,1.276071929869412,0.06791773397213498,-0.46261381428479403,-0.29224420767356873,-0.7325301886787564,0.8343079712601503,0.5137121277530615,1.0067764420921588,0.7881625868227331,0.8474384581512435,0.23346277954187167,-1.4586242717086018,0
-0.6323887192023117,-0.33344738675899727,0.5982008852452555,0.47064332376286283,-1.1125518328069584,0.11349942537737501,0.30779080200714815,0.19186598980814834,-0.33484454899510724,-1.4400433505613126,0.2827567869899942,-0.6941682262771063,-0.038508591641771686,-0.19422565080998216,0.6916827984442415,-0.7247122950950597,-0.39050284338547386,1.9968734159932564,0.5624699346394247,1
-1.028579245432866,0.40032068693691353,0.5330683520488153,-0.017438353767783365,-0.3577542759419391,-0.612129977278413,-0.8266873697001037,-0.8239512136425502,-1.0576786590285085,1.5818231872930422,-0.9245773191608486,-0.16030403303148888,0.47824289403248227,-0.5762563285398338,0.6482215391714407,0.04475877690536681,-0.7253596135093059,0.3499921021501697,-0.7632916937666572,0
1.5117094868022032,-0.22063302499796256,1.3557773452631399,-0.8626632091327691,-0.15621242364573973,-0.3511384777083659,0.9567147508083471,0.12171055734308611,0.37948973594146723,1.1140868405937547,0.8330119094777972,-0.10692548340097799,1.1780431866554568,-0.23975702626895778,0.2345804877006897,1.386781248149703,0.8196584544199143,0.9723413790777446,-0.6927713313387748,1
-0.41641913848804074,-0.1918121848811239,0.8290235497582857,-1.23816157752999,0.09533261504811656,-0.1844163518406519,-0.8527155727716613,0.11197908000575095,-0.47270971062109407,0.08837421606389949,0.33506303283299743,0.57802636012581,-0.8617078036827948,-0.397768987657193,-0.5532934657179107,-0.8368070192033054,-0.94269209179957,-0.719897916494754,0.7286979512045677,0
0.4687756873869408,-0.9606411714105321,0.13000614054170492,-1.050081721451568,0.23431103633600775,-0.04174661845265694,0.14030898250278231,-0.07439596529247634,0.5608458902408564,0.047315262870595426,0.24677937308707115,0.7312229994914794,-0.250474111459593,0.9182680070850684,-0.393433517460847,0.17280086072633907,0.5846875755485383,-0.06494465659751501,0.4254430470004687,1
0.015405225261171423,0.48227778077928146,-1.2440700870740613,0.4399396818849312,-0.8150284773070949,-0.03432681371756199,-0.23090295094636681,0.8405002013725169,0.28658263821839186,0.15811530244970012,0.7414513080601426,-1.5016450814575544,0.0018014581159548806,0.26152536123184694,0.8864288970218063,0.7998642724353097,-0.03146158228182803,0.3065834606618274,-0.2428133415070971,0
0.9892130617371226,-0.42384262800579525,0.8995896848704061,-0.12386065186126193,0.2923022587064513,-0.9836745534163056,-0.18022358410276185,-0.3925128945464226,-0.374251005618508,0.8087566014285471,-0.7817431329477247,0.6290843381778345,1.2767537636512092,-0.08485420029081837,0.42057524365058135,0.5437308347765945,0.6285544843556099,0.9244597473680016,-1.3376286276976592,1
0.7211907875643778,-0.453428255309485,0.13582885169509448,-1.276844335867129,0.5574344045619678,0.20905172257537996,0.12146720738259334,-0.39544061816859005,0.6403756327325708,0.1402545617293701,0.1052076277986393,-0.29495353333193425,0.7685160462596817,0.04148105089633274,0.15221653516871203,1.0386512873550853,1.280235118779256,-0.27279708107664336,-0.20916092896818883,1
-0.9244588319013823,-0.07166720009518703,-0.532603519851143,-0.4048513976793291,-0.7271673639173568,-1.202455310824943,-0.652827788150661,-0.9326583645706172,-0.870302311882982,0.949187149485557,-0.7279889364647087,0.18647699570678586,-0.01138410373037823,-0.5804139975828184,0.6164801311991147,-0.2960400361845057,0.23628890841088565,0.31188029830042335,-0.8798434920838477,0
-1.3025365855511744,-0.808765361342156,0.09440006214952616,0.3431428485676879,-1.0148067101520448,-0.8330674660285883,-0.7424615550442626,0.7409484163791091,0.07274204697976668,-1.4592870168635217,0.20181646207221493,0.05202614174262508,0.08257095219545812,-0.5226005750396218,1.7780533674619179,0.6794097336504336,1.2246580355803367,0.8233794006036236,-0.9456343148075371,1
-0.5243793664158426,0.13037948989154569,-0.23026556957770206,0.13880589154236037,-0.12711761501435587,-0.7194606704281504,-1.905973658094271,-1.6610612591058038,-1.1832899379084387,1.7589450046878952,-0.3574346866762678,0.5707803430210021,-0.2800713612567445,-1.2672390758532224,-0.3628870742665547,-0.6555959899222833,-0.02677129394011374,0.18409254744332654,-0.6119995542839917,0
-1.113045145377575,-0.2364559051209283,-0.07815454057092469,-0.9620817206543897,0.04906766544473302,0.699940731592565,0.7331606078843016,0.751107538659949,0.08213930335351374,-1.7794298149224048,-0.5454705852508138,-0.2906040381652147,-0.45643443217455065,-0.12633921336461462,0.8151365338135051,-0.20029928120739715,0.36779108896174584,-0.14159771748965064,0.19861949500623977,1
-0.6785225502047458,0.843786652734539,0.8539414942110831,0.7579451699874807,0.47960530940295176,-1.2482056421775602,-1.460777962852121,-1.199926590504406,-0.8384469371677725,1.003426794424825,-0.5164494771431593,0.16178837059562287,1.3139581008969519,0.1439817891258155,-0.41110003935608547,-0.6131880640801189,0.5585308520609936,-0.02882674800023328,-0.5889692438413013,0
-0.7294501373756294,-1.3562144080735594,-0.3023139832439713,-0.6966860484843788,-1.3120408266874408,-0.20940003390948264,-0.26361124351161247,-0.18284676833327937,-0.42834131420279803,-0.6513367802839775,0.3248654521512745,0.9996143701042213,-1.7862790962806816,-0.004818283901109939,-0.0590618991703179,-1.3068214010309382,-0.7473341870943851,1.4094568326119497,0.8688986882405451,1
0.7019130445720947,0.6321524961189113,-0.9142123317429209,0.2308060416036327,-0.18262773641097474,-0.3260378448038322,-0.5085477306035568,1.2264437003868551,0.08226986209563832,0.24660573424172982,0.2017237013040287,-0.12241237116527019,0.6605101478083019,0.39394128822799807,0.8368436099259551,1.4769664919919023,-0.4112258889868695,0.717621498719226,-1.6873844532245066,0
-0.6450082701139668,0.303858806355476,-0.030156666241025934,-0.41935019601535223,-0.7699877523431338,-1.2367292459625583,-0.7986933995360971,0.05610296974743624,-1.071838920155991,-0.4173852257272085,-0.32275488680380865,-0.18633424144267388,0.15161075886071484,-1.436915245101907,0.937072221550296,-0.4002612259381568,-0.39354355512883654,0.35567676550534477,-1.0370940503847939,0
0.09622392549690281,1.1100497251303598,-1.4765167839245914,-0.8816188305238769,-0.8823852113387762,-0.05908029725169697,0.8686919107660519,0.29417338168071466,0.4769831851234501,-0.11590019629933003,1.1644880362127663,-1.786295892522884,0.41152481384532275,0.2947339475322484,0.28921915771895007,0.7781229350380167,-0.08760758167078833,0.0022820670048754217,0.02114344329151737,0
0.6392706759759309,-0.5500613094218331,0.03726897105818917,0.7567962734150544,0.8386342898406925,0.28140791664384024,0.2766746802088692,-0.4554189460134354,0.6832480926009923,-0.11651250058994561,-0.018505302240135694,0.20878874570998238,0.2919850612890449,0.7924290172542584,-0.5866698066842287,0.3386809552895488,0.6666796998097126,-0.7920945595866743,0.5149432021826811,1
0.24473898194473254,0.17402848351091899,-0.8354111881120371,-0.5829296308257854,-0.7328766118028749,0.2761139062149415,0.5370936429573739,0.3714704177613714,0.43178096229677787,0.29436376193255875,1.154676478887478,-1.6273832898659586,-0.7280438748746347,0.155184781742723,-0.042698465513263346,0.06484978906915967,-0.6910976784822881,-0.7571758882651037,1.278656653060318,0
0.5477156581938707,-0.5119518392237049,0.47045414984501494,0.6113069884371103,0.6864208786311938,-0.585501567192072,-0.9290514950224056,-0.850802236530291,-0.27258324872644357,0.5595276062253525,-1.2202729606672136,0.1124627761559883,1.1757340591759278,0.5061441861062976,0.23026005883606113,0.1009519791650638,0.38151975180760495,0.3241448933173934,-0.5323769594013307,1
-0.03691719671902675,0.8762011073224827,-0.9672925503245271,0.6295379138998695,-0.4267849960997149,0.3712886866138625,0.16100588824368542,0.891184342828132,0.1365982311108269,0.24581409147231617,0.4698244456698743,-1.1094744432883796,0.16121428993190648,0.0961008697638358,0.7308644399755195,0.9263497500010285,-0.06062718895835482,0.454606155962965,-0.6533941883029334,0
-0.40672217241958597,-0.7692803194858394,-0.9688635963757196,0.6597960907215012,-1.1137843074093228,1.3837060457265258,1.104166884338655,0.1439463902774279,0.002486374703221724,-0.8001311898971017,0.49753413588145873,-0.27560175731484465,-1.9832116765190322,-0.3201544761685057,0.03817623563679908,-0.7807456246910448,-0.842831443609747,1.2487270248233748,1.2812495611276866,1
-0.5744722728013292,0.8744333331006747,0.7926797363918922,0.660032399884246,1.2383088856060311,0.09230021983324754,-1.1066649160778237,-0.9770414629743167,-0.9764886987862962,0.0325679701894144,-0.30597155943421384,0.6130930179503211,-0.3209033332929044,-1.2259406483726516,-1.4591409471574288,-1.319960012401681,-1.2154389788173632,-1.9971953238078743,0.5945201256675815,0
-0.8108794717463786,1.0894410680893458,-0.6534904825828978,-0.39547878266625536,-0.07259279520735906,-1.8423493045878472,-0.3542528989194454,-0.6451525253808844,-1.0264271745605622,-0.47259741795903804,-1.6236747623469574,-0.33970214752280486,1.7817689491931177,-0.2817464077207021,0.9992642850279688,-0.04255858894041128,0.08428551788666319,-0.06631061844669572,-1.9501371641141967,0
-0.25303655264115255,0.04931065537494979,0.8522607272132532,-0.25793892443190947,-1.0495888433483829,-0.504206811260561,0.1450703419157498,-0.03351085499082861,-0.8632877152971763,-0.19771064158971394,0.27857455904846296,-0.2161578985260647,-0.06565815456261871,-0.48936303378361146,0.2063544208215075,-1.1121669945782133,-0.4336517286324317,1.9598074615696452,0.16108047178829452,1
1.2314506929890738,-0.12570629721784732,1.3104846484419717,-0.12392696632277068,0.8484063037978985,0.011986659659130632,0.7134864833998549,-0.10673719526319901,0.48958855983461264,0.768245954845358,0.01518326102640068,0.18687134063860528,1.2015040571677371,0.9317719723951068,-0.48187209222822314,0.8623826199063663,0.03304977227842455,-0.20964635877784527,0.047788207114490396,1
0.5208292126588082,-0.34313710354616894,0.9525770441204441,0.061304129043456584,0.7845098842596084,0.6832335199507013,0.5245068569275495,-0.19398225708153477,0.4814185998342056,0.44849907217303464,-0.03677101057782193,0.024656333508095207,0.5452070337518502,0.708264840828856,-0.3051720568782727,0.33679015611949753,1.2298164376415885,0.3664780438894178,0.3117443326048209,1
1.0818322308490025,-0.6740568765196576,0.828070494463649,0.5654006570729765,1.2607334633737732,-0.015018330315497364,-0.39189869406788586,0.09030586246082449,0.2916947747762628,0.12310977884909632,-0.8586776926583015,-0.4454957348252173,0.7436999781593973,0.8762711696331829,-0.027424264900752365,-0.06492529582450186,0.5582250875297166,-0.8422584476933919,0.502960320118604,1
-0.16693069107702602,0.5637316833787434,-1.457875921929548,-1.067693258242136,-0.17581207451842623,-0.532877278651656,-0.13674986175668966,1.0521565602383003,0.03837448491831206,-0.5661975895098976,-0.28462749872658066,-0.6501323721733324,0.2811609472533269,0.33636432790100596,1.0292265551627124,0.5327391367667003,0.688272237340175,-0.07501412428785244,-1.1851156735616521,0
-0.8890864938826292,0.026049406263671915,0.35612411913372705,-0.32415504239640713,1.390350435552439,-0.025635147095851667,-2.466474400824775,-0.5768754249909044,-0.7779858129684198,1.3916397384229018,-0.833869712635222,1.8128355404306022,-0.6027463806431428,-0.7073917621975293,-0.5697432688371681,-0.18667500465392237,0.40627756241493557,-1.33072279748731,-0.886072537238652,0
-0.18081739058479052,-0.04102421119805923,-1.1815081669113061,-0.08187965192667318,-0.01905578362355364,0.613144831993272,0.18127352109924652,0.44664300632097964,0.0871833787592633,-0.3743588605676627,0.05438966400988084,-0.8180259350765077,-1.215049128202147,-0.13417986744603538,0.022250743467753548,-0.44690979427218586,-0.431111044334795,-1.1217189423937375,0.8607259503865557,0
0.22152873245566945,0.285149961332567,0.9390022679427484,-0.3005164787503764,0.49588583573488865,0.026706509051178176,-0.9686828245719334,-0.09896412144103202,-0.541814005998446,0.5745925350470982,0.2578823018062568,0.471024240885545,-0.16858933213563873,-0.4869157836825862,-0.735867041404913,-0.4199049192668303,-1.0128693938713562,-0.3666779284422565,0.22698953836475577,0
0.7462916938338752,-0.07003278540522337,0.5322659629710222,0.7183005311959905,1.137690032934094,0.3574833861774356,0.1125774951646497,-0.9558560245135249,0.33951394383635225,0.38477920076161426,-0.3937273974576821,0.21567926929216363,1.1127227040909284,0.298901463116566,-0.539846582703532,0.7262464879498451,0.4736637389626715,-0.43773125978955124,-0.15502535691305847,1
-1.088457413700721,1.020871067512177,-0.2662635889065182,-0.4157463292580615,-0.00936721347687709,-2.072159446727438,-1.355100877404153,-2.028877008949583,-1.1100719775066763,0.6306990604738029,-0.7006396196238972,-0.03179476210764842,1.4207587302001106,-0.39376563547627946,-0.2657733624858583,-1.0804027414897117,1.525607692598844,0.018457905591008548,-1.0531859417354639,0
0.09512179774074818,-1.050900764612614,0.5576335013166822,0.40049723638531076,0.47188739245293426,1.2771421582138283,1.0989942596634852,0.8049959217729885,1.2070209748007088,-0.05612652967023265,0.6532682479793818,-0.5750676267200348,-0.8145919107046132,0.8651380404731893,0.05890361712110745,0.19165129549133575,2.3445130847983964,-0.3984441459511543,1.4007675734204112,1
-0.01651020077416989,0.18744866272171729,1.2095093364315777,-0.4767679068627732,0.39584349488561865,0.37159855207192066,-0.8356663820131555,-0.9507808847538393,-0.604049082659835,0.5849300262656636,0.6021433900530829,-0.024029156721988555,-0.589226174208055,-1.0300134353932457,-1.3179396032877653,-1.0659243071964737,-1.4997885016089678,-0.9804480214186464,1.456913983125033,0
-0.9927539912526133,0.9439951877972337,0.8982823110316537,0.8725292919375922,0.22158432881341597,-0.6076526658163834,-1.148968780362407,-0.8759247909383933,-1.204612972065083,0.16978184701688342,-0.5782635154455381,-0.0404170773858312,0.7724341699598819,-1.4709664078967475,0.09899274290327564,-0.4157682972179408,-0.6896496308826281,-0.3029414920760107,-0.717839731725649,0
-0.04190915038957225,-0.8925065779348506,0.3215749689468353,-1.328890132889218,-0.8381879854634189,0.30667586946614017,0.43442629530030746,-0.04369657703740184,-0.5805527896103989,-0.9789854567254381,0.02516949962957389,0.6324695588026865,-1.2597732843497138,0.13757088896758313,-0.4210328656394394,-1.6057684283222007,-1.6319317779059308,1.6902347793864425,1.1751348382383757,1
0.43417621395252104,-0.1377835108855834,1.0522086238629824,0.4013027145500473,0.22036418119739482,0.36855123606996654,-0.36050608699650344,-0.14374479933051765,-0.1434097224577858,0.3350541768222016,0.7849726755667251,-0.011820635977880549,-0.5414022354897543,-0.42042668043728637,-0.9007633919341649,-0.4939777631241648,-1.2188576837472875,-0.5938570821825055,1.2242696886769437,0
-0.3911545604178388,0.20332971138277384,0.4297329659202969,0.6278196161020639,-0.09720140735359492,-0.903126866973384,-1.1185355137142512,-1.0067524092063695,-0.7798466173964268,-0.023274103882829,0.18979776059601658,0.08507536778435539,-0.04110877739276341,-0.6520191461099246,-0.7148384722261415,-1.2382540013505885,-0.6334499603518633,-0.44771184854003043,0.5419468131750316,0
0.6962918177140793,0.7786207418527141,-0.5236952659920691,0.495267936443896,0.253016385556902,0.15597743663953076,0.34704077780057524,0.35952978323142204,0.45601003806320556,0.30472629908129045,0.6728929490864103,-0.9278966215851214,0.5678398995369389,0.48127596019134683,-0.18763187497785866,0.6634989310307768,0.38188779844095605,-0.3430166054460267,-0.08078289330365607,0
-0.7362733539229017,-0.8073237911742169,-0.5595761409943605,-0.6874912381975085,-0.43237500264814405,0.6320580351718399,-0.31601245372818937,0.830549629317478,0.17041239875649553,-0.7101001279139911,0.21704845939977788,0.5718727478011504,-0.8132966981778655,-1.5006886751127329,1.5400030763209713,1.193602225765585,2.048585152315326,1.0250994284854211,-1.5020498231280384,1
1.0490481916218972,0.0050480732006833815,-0.970259703827962,-0.5736442734367655,-0.7390650728729351,0.15196229551026352,0.17262828937849836,0.16995622269808364,0.8911564042375235,0.42433649300626547,1.5873851803198316,-0.8680772222684017,-0.03294511699722569,1.2759474504469623,-0.46227805209339984,0.9453741925164707,-1.3207756361412226,0.18030061539392928,0.8890542790459868,0
-0.27389661915864977,0.7889241928572972,0.4035774868463998,0.18168596143293747,-0.30558483925284835,-1.4087953265871156,0.37477924494306586,0.37157991587251626,-0.36110545457265864,-1.7058943867336187,-0.012797756440270728,-0.5923444284854854,1.1283583810435176,0.4130307072656245,0.13291462732081988,-0.7068169083416028,-0.7259893612350302,-0.19162779723810977,-0.015523556689238143,0
-0.13316657101656748,-0.0024654466838612736,0.6185630717149889,-0.25959216747734876,0.1451834334296302,0.11406189303913974,-0.6383089263161834,0.3436202131932048,-0.14628106848110212,0.5204468598782418,0.29235496546423767,0.7530104223121297,-0.22234969876514313,0.14608384286314857,-0.19575582966820773,0.31764593301826466,-0.6931410481609234,0.12083819341117279,-0.1816399529143952,0
-0.7468913719170591,-0.1023118528373982,-0.5369857520849942,-0.21088608194137554,-0.6617939758832563,0.3753030284054104,1.2699067447480454,0.7156814235654938,-0.42340266271340044,0.22946549047529793,-0.1610569948089634,0.10247745878398125,-1.5488650500821923,-0.840401485597371,0.5454393792928058,-0.4099041248839486,0.13761414104720232,0.02498894159525591,-0.10454295360866234,1
-0.6815284764766119,-0.2511549916861623,-0.6356042792628576,-0.4637582718448351,-0.9362431240701647,0.7379555515221966,0.8561554516444955,0.3693129242415382,-0.43967519260590315,-0.3012928582011261,0.0021743443913355186,-0.035239189285905165,-1.583532262519875,-0.25102041736426417,0.18839714483770545,-0.8384897643072292,-1.0551736282570208,0.9333199679821451,0.6303811314503754,1
-0.010512890888199474,-0.8949014799687791,0.7181405759417516,-0.1967121083436487,0.22112714579367498,-0.08985679863612012,-0.6201873033391153,0.49585160050740923,-0.3990121603643226,-1.641950158094368,-0.7164902558027861,1.1443125778260967,-0.12791262209082607,-0.01966256917790022,0.3248597339117023,-0.47087164281425037,-0.7705939413309874,0.8492179711720746,-0.2684282262406117,1
-1.385960154616187,0.4488745916761803,-0.041530664109496844,0.3053026196014033,-0.13235689840932235,-1.5029470588021603,-0.8676467767974986,-0.15363588708049855,-0.7716326888692976,-0.6108386875421457,-0.5009890975432107,0.20042148418329386,0.046590236438789075,0.05462652803857268,0.0581383373233799,-1.213237566032536,0.04793761530110833,-0.8896195883535634,-0.1436395902273231,0
-0.6429580118723452,-0.06184729535898472,0.23036364579789245,1.1276993086393095,-0.1574455158474674,-0.507674573487206,-0.3774846109013325,-0.18920635284461784,-0.25539609320143036,0.16985312499013025,0.220632033824994,0.5170569501367491,-0.48162061293460867,0.332471568303383,-0.46880329459820763,-0.6429611051685037,-0.3937517434160428,-0.4129450488430627,0.47565124324202984,0
0.17307385241046996,-0.8437692093826389,-0.8838529653437088,-0.07856731747636188,-0.28540471073621765,1.085313853440591,0.7508971245885744,0.3961710068501267,-0.29841349302917525,-0.6978749914700808,-0.10735433368946196,0.7692891729307736,-2.3406234092665774,-0.044406641556231016,-0.6750904083789054,-1.3662225176524767,-1.6669227998496223,0.2529842506148221,1.245461635384424,1
0.805345199177159,-1.0892801711964963,-0.32200733961820466,0.1430267144159427,-0.05762431887251267,-0.5289738487556565,0.6660247233958386,0.3653195432241369,0.7879107505588919,-0.2303109858273672,0.41515259615753775,0.22988244197563212,-0.18376348911979432,0.39799612251761946,0.23872334698959655,0.608728068900019,1.3825365029454173,-0.5351674232751626,0.004288128554519912,1
0.7027737040589677,0.0916167453964517,-0.016917514161498684,-0.46099116102350773,-0.4381388197177256,0.17624634831206337,0.7929687211603736,1.1577162680562993,0.5122631482283482,0.6412259654267556,0.6838340515880391,-0.7523869201265482,0.031624823675475214,1.1799628509804108,0.29696381613477885,0.766298751469887,-0.5934259571113295,0.4171892954405031,0.2770168451856192,0
0.9185199608910218,0.23816848203543364,-0.2770375209241299,-0.2560005777776882,0.15597182577917507,0.17342149549212996,0.5716445364429062,0.5357541254411784,0.2931465900095514,0.6821610018025942,0.45095546923097524,-0.06714873193833248,-0.04424756842139211,0.5468775400893259,-0.3129113366960766,0.5435314723640391,-0.32653241480923184,-0.15643470229305123,-0.0622985903283417,0
0.7435026052184517,-0.5464510779738252,0.39824017382362015,-0.45047264720151003,0.44222587236751804,-0.43211615846793333,0.06247665962247664,0.11110555650354396,0.07818185543882002,0.3308681481350803,-0.4836262492196876,1.00297786014274,0.6022247527077675,0.6321427602525801,0.12239422884454262,0.47196512483143344,0.9365903228413376,0.7813927941059401,-0.9588264562379782,1
-0.5685400576151891,-0.20648795915059842,0.7665888076754764,0.07221114002789485,-0.7565469369119711,-0.5696186091882917,-0.19422795772060533,0.2766632997666267,-0.31512350423137586,-0.3527242231577386,0.7510429209529362,-0.012852778953579466,-0.628840280660389,-0.0578988582423425,-0.16166732430293743,-0.8313935686785091,-0.9557377970058425,0.0005344808484349225,0.9367417322868454,0
-0.15469322334903976,0.32903104017870155,0.6611619005256523,0.5783048945540756,0.11776021641251508,-0.9214834616082243,-1.3432078495977413,-0.8925789685684864,-0.43980997136682115,0.3265705521093369,0.06281494688616673,-0.07834311521910588,1.0254763348763776,0.040036165846112734,-0.27686568851254784,-0.239046301146032,-0.07579457331220868,0.16456037023133124,-0.15965741855135665,0
0.9181475822924415,0.6105534109580608,-0.5838609080526719,-1.5529384681713803,0.8122949906115041,0.9599218745980217,0.5640944243815289,0.14384285068407326,0.7354093464424154,0.001599198710126286,0.13291943989459723,-0.8948747727222017,0.7759651820580122,1.316710370448277,-0.46380971520132686,0.762790586205309,-0.1971794996806907,-0.2441436159061421,0.33982771980684623,0
-0.1147797438311629,0.3551770503980564,-1.0878551926430737,0.47365796944438565,-0.9645106239981804,-0.5960023868826075,-0.8670824121939323,1.3797460785680078,-0.22712039260887332,0.8286440789033117,0.17977597579688553,-1.0759949305743963,-0.030010152075267183,-0.3756291776014642,1.7804182823691748,1.1326699008492447,0.30672360985384867,0.6474023524423113,-1.490500201590978,0
-0.6236356429574582,-0.7421046805509733,0.4979854358704639,-0.3147122397035409,-0.561346411167631,-0.48553636119496846,-0.30676039684477946,0.5958775048605488,-0.6810865115983175,-0.7401496370044504,-0.4293579729002458,1.0460905874185464,-0.6110175299278036,-0.7290183895469345,0.8411178638854064,-0.42397552224613183,0.11040067893665556,1.1724899374492552,-0.7849903402535048,1
-1.0347578889275875,0.5740457865299169,0.352171099740469,0.13476401659384563,0.6196026364237942,-0.4799309664881443,-1.0005620371023403,-0.590481901704165,-0.582090091729432,0.05753044116105869,-0.12547056741960125,0.8913519727176848,-0.24185896032540447,0.06527834412988089,-1.0189162695471603,-1.0239990398978007,-0.3554713609854648,-1.162056934911915,0.2753454865826534,0
-0.33162933591381943,0.3042074650214135,0.08853113894737234,0.022034707906021144,0.4639667423660476,-0.5452290974101568,-1.0915538708088548,-0.7476415809146755,-0.45703261580330534,0.41357909386920155,0.26262153662524795,0.8705770807734803,-0.3102352265819139,-0.11906144340583938,-1.1221079791560975,-0.9169110888331091,0.1930334450582547,-0.6736639430397308,0.17550283951974233,0
0.4505866035693279,0.352060808375243,-1.2303905194280849,-0.9138967549768027,0.20411681327416614,0.33151352214354224,0.1285051207516311,0.21380715734892244,0.22790945422699807,-0.008751335384934722,-0.07902492435474567,-1.184436651664564,-0.005035149683756678,0.0641515632059049,0.2375607041367333,0.3586009786157339,-0.05748949766794966,-0.7914110091424381,0.0703417482037192,0
-0.49931444463220986,1.405305621846989,0.46498293850651434,0.13313323738328836,0.21011763414205828,-1.1008146372973264,0.19403180133077413,0.3706518713293047,-1.0118530684827995,-1.0676755807987224,-0.5972317333283411,-0.13126819333649312,0.9538748303003923,-0.7832031618081887,0.18028745736769902,-0.6709345362714954,-0.6558996187587358,-0.4973376575109474,-0.9778374802787552,0
-0.9124616139549673,-0.49787874021040546,0.428713601788537,0.21952523009090175,-0.48566189324751624,-0.38944778404013825,0.29225023569587394,0.7799250045142462,-0.514279947232329,-0.9112679092418563,-0.5971096810775404,0.42840357610861085,-0.45901380627177424,-0.7076019163113475,1.124340272988547,-0.2542100997294072,0.28247765426109,0.4689133886543426,-0.6385942290972489,1
0.025672094278978222,-0.5285369311435999,-1.1932634013750292,-0.5686319837039681,-0.5789502864031284,-0.2890455257176299,-0.542841601563734,0.8238774096901816,-0.0745900200953498,0.05590923855213325,0.18566750542299607,-0.5403103652017859,-1.3415138160958702,0.1017686119325024,0.4542497101245864,-0.5540877983029707,-0.04250934922581733,-0.3709050442044647,0.4417762707822535,0
-0.280083364274821,0.26686706883020456,0.854466500810188,0.27919978308832966,-0.1630435613075743,-1.086926234974891,-0.9966540750605981,0.02679562579513864,-0.29056269524278805,-0.665882810113767,1.0712105648516845,0.5122729962862481,0.20750639182806394,-0.10025219105649566,-0.6213742146860715,-0.8680643616923658,0.6163123069850217,0.2958840219131586,0.12336122110751654,0
0.4968241528164992,-0.21228040465840498,0.6875210156672061,0.837819669472622,0.696770740000035,1.1960500729008146,1.1398720038140862,-0.0961047892924711,1.3378397173648844,0.08538087150253452,1.2755672725619998,0.47250581438253525,0.31437402081428434,0.9277396110568661,-0.9072164325575178,1.3350779767733927,1.0400978493557806,-0.20937154712279046,0.5994445327184145,1
-0.5678594283689972,0.5044909127908435,0.33008966063327444,-1.2773914941390072,0.28757919261654546,-0.7217384360098704,-1.2516215934140154,-0.6507358992927954,-0.6955935723202306,-0.15819762666210013,0.035210250920573304,0.4703385062641492,-0.0817788361616243,0.19142713952032764,-1.0609809363979659,-1.2975881861824574,-1.195156800503768,-0.7334789084201453,0.6194334128831626,0
-0.8086802665593341,-0.5395903431052738,-0.22327067451298274,0.15184992027473604,-1.061103945952306,0.7373244617668887,1.7083019910689652,-0.0736759596780047,-0.05769334860801906,-0.5996109770395408,0.15386282875590068,-0.7342976248368169,-1.1267271317320184,-0.6622322193274989,0.5361647179156748,-0.559085776322025,0.16172906076912755,0.7031897825043816,0.9242480933320251,1
1.3287099551848989,0.6836512225628723,0.20731741030125453,-0.6853954669534744,0.19657764496818292,0.4569307866921045,0.2044521853656226,0.6248947728458786,0.5264160849141596,0.9450054450717722,1.3144632901155486,-0.3556134401503856,0.5160247165401237,0.7006209082574217,-0.5952731231169275,0.9972830771419461,-0.24282488418497203,0.5195403179023471,-0.05648139999102235,0
0.008541382925753294,0.18401100824264105,-1.093869043252921,0.8131898996583973,-0.9926305103288707,0.1275688463229092,-0.11406843691604754,0.49099908565155936,0.32674913137143496,0.2826614895413331,1.4778539806118727,-1.0162873347771793,-0.9296411706901172,0.13484874524313042,-0.023280904210140056,0.102522050250102,-0.33342796649736184,0.04599519574023539,0.7445061896797895,0
-0.08821499796941565,0.019689692829393347,-1.8363956668587131,-0.04565179874236337,-1.2144704545441976,-1.0774589732270798,0.313844308729629,0.6896599982824279,0.28640120483202436,-0.4418124707664429,0.5961751896447505,-1.0768993470795782,-0.3980262805698547,0.2682401036627265,0.8430706398079221,0.363034748536597,-0.14281537914229037,-0.6204670928982684,-0.11940108656181625,0
0.38489369485670216,0.9640175030873119,-1.2301400593315022,-1.719741108684826,0.1876123763747269,1.0785888966331392,0.6934593402552299,-0.024093749899798428,0.9034178596491811,-0.689249919138261,1.224168484940742,-0.6838437221881751,0.3532200439991967,0.8722151595033161,-0.7904099671597249,0.8632450084743507,-0.22177971311622063,0.014191916647455149,0.37870820346638784,0
0.13578050621338908,-0.3948238283135275,0.8581851201856064,-0.13749508033548677,0.2355213536239638,0.4318804420073183,-1.3087746460737129,-0.3295605936429563,-0.33676052335033724,1.6129559072675042,0.200400393261912,0.7625880365210183,-0.4963542110669566,-0.23518944615611062,-0.4043111904657842,0.29096196908095395,-1.0153686406223938,0.20304319820490796,0.12759545629569402,0
0.443336137579584,0.09661615419171016,-0.3442868240636803,1.2968127673643859,-0.4492966207418607,-0.1031508100867977,-0.02201004803817732,1.114056957935185,-0.008110859294427506,0.7456504035956429,0.4785858248100238,-0.7233128939313476,-0.48380538096254255,-0.03531775346276846,0.5730683126971334,0.3714520317387014,-0.18568973890760182,-0.0016628635438398407,-0.146548493187023,0
-0.14990342942204554,-1.1686379157360318,0.073598355681032,0.23350282442573228,-1.138720676290982,0.16953062365890345,0.06442980163144041,-0.055150724833904104,0.13058816444462185,-0.9383083845436822,0.9136931967968381,0.2307223495788305,-0.6959803145388022,-0.7890869328209811,0.5640845192954492,0.027740384676945125,0.8034748459344266,1.8391117111526911,0.12749225111415058,1
-0.07173762400447027,-1.0046506904979353,0.5385938097983773,-1.3030753759797973,0.40906849272482115,0.07941673917186491,-0.6939426863398743,0.14695957364592513,0.4064430760102925,0.8174899709470694,-0.4401998655310999,0.965803352345749,0.02360561107236262,1.8271680708588087,0.034239912482327745,0.46013870499712073,0.2693570275990107,0.49193869964895703,0.08690505561198922,1
0.9844691060454965,0.5472928985761291,-0.7698341831743447,-0.6278114217979149,0.6643224115330151,1.0883649821091292,0.7352393703908312,-0.22790148118519013,0.8196837017451757,-0.08760560030617948,0.5951123071118808,-0.9525177187491953,0.39049760398760425,0.9593918778298006,-0.8895063097090188,0.575274597204999,-0.4575736995121252,-0.6252710263447151,0.8677004327601545,0
0.06267690492277495,0.5174700279745099,-0.8854627406973472,0.6573955119291445,-0.35756024157214406,-0.4176753084225893,-0.4270036390243716,1.014498427781909,0.15828732200267775,0.029463991857076325,0.5616928830109338,-0.8067964669846093,0.10742495934506528,0.4765128277007654,0.5888891836698799,0.32963760399690406,0.856925907061234,0.3293986098535589,-0.5578572359678818,0
0.9509699461692235,0.9935254987869462,-0.3096718073659868,0.28180530472573156,0.04210142468197747,1.0585647581781652,0.23518017322428594,0.5963721787195172,0.6558211501578909,0.4146638147416639,1.5712417420407168,0.0425692560274199,0.467922574423375,0.9075417636975349,-0.7206983556084651,1.3847938154342836,-0.7107294679380026,1.2730825640460526,-0.3417061717894679,0
0.5294980350196047,0.967983988156638,-0.8053231045392777,0.5955084845396748,0.6210475892312434,1.359790594694522,0.9657512460744864,0.2654313334145374,0.5628003586953729,0.04235723776893231,-0.33737087974891083,-1.6848328432324133,0.9672898743736886,1.1745374528192127,0.17399031467645573,0.875617404469017,-0.17488674440540242,0.2116287965979573,0.12329167251354095,0
-0.8897426183458239,-0.6177388369597049,0.8727910755031225,-1.0219834112051125,0.43858198314852076,0.07095294195492831,-0.7893855329363106,0.4730720598885061,-0.6356416798272992,-1.770712236970083,-1.1748543707163022,1.3679449228315959,-0.04243725075267422,-0.14041555891108953,0.5734891935734657,-0.6356926579352516,0.0011762658913368976,1.0731676663318392,-0.7050452121920202,1
-0.03838896354840709,0.03462805259750796,1.2574149300282094,0.7444562741527306,0.4857429419633492,0.20994666572627319,-1.3639610137849707,-0.45400228464068165,-0.5078125121901025,1.020913707360987,0.3397373370516484,0.4657891568441803,-0.12705071525957526,-0.9799892810832566,-0.49115304512781277,-0.04894655022229898,-0.38815742688673327,-0.23621227377530868,0.07999803166127958,0
-0.7432797726326229,1.093891379101497,0.8339822252706317,-0.19734037948488337,1.0598809954189348,-0.6437131407595947,-1.6639885953209497,-0.5198901942156877,-0.9634021922627453,1.0097272665430568,-0.5096553747581005,1.1426619789715724,0.6788772551252085,-0.5069584730956764,-0.5718090107635723,-0.3270719794029716,0.6006385443744658,-0.40153054792482196,-1.2765338041064962,0
-0.08025930059040741,-0.10961822220571538,1.5313173839328662,-1.0141295921771651,-0.0864706277013232,-1.1016167030679558,-0.6460472596328949,-0.11058856664125244,-0.8797547593342315,-0.8557429805288908,-0.580408588624112,0.3191813089895166,0.886756354748327,0.11778641243652935,0.09548844378588842,-1.1221464404847599,-0.7037898515352349,1.1190401195457484,-0.07600106199710183,1
-0.7888152911424117,-0.08112779198229579,-0.652893961810721,0.5316999714946219,-1.1632147570925313,-1.8234981315747147,-0.8322513952352784,-0.5542727862563437,-0.7088843548858607,0.10028490709828262,-0.7590873401617736,-0.38462974739673544,0.8979059809721228,-0.07769185286852547,1.3760504258386344,0.12761835176736983,0.15873540845110112,1.0076706197254761,-1.306639657234937,0
0.8006207038679075,0.5324814851634696,-1.3370762030981298,0.039308993302675066,-0.10046428464465698,0.0884746590434723,0.3929635784534882,-0.18813179378311826,0.8497264045549191,-0.27739404343432633,1.0745477672594683,-1.142808448978609,0.47714963724025217,1.125069611990851,-0.6040979370021811,0.5498661682485351,-0.19052128192076925,-0.43029241924863754,0.6559161155099478,0
0.07937807229056153,-0.356338062502122,-0.05086838967256846,-0.5435145383846431,0.6248496457707793,1.5623226238236274,1.1501452274180255,-0.6057010765401378,1.2513750553025123,-0.015411073899086934,1.0041351873077882,-0.056623409355903126,-0.12532804831918165,0.14970277671355822,-0.6179293821892962,1.0385917864747247,2.0485113753143067,-0.3339260756337358,0.6775216758131672,1
-0.04946429537964819,-0.7492548519084556,0.2758594620304207,-1.5411673400874495,0.7300018856701362,0.38571019864159617,0.4758078140270639,-0.06965030562860802,1.2246567000247452,0.0584006003795918,0.070662371100707,0.24606398005142477,0.48615472234744933,1.6799596162871848,-0.09916016571525328,1.1268485754579167,1.2692909564418198,-0.8018069984492512,0.4463783956743813,1
0.0772625471970952,-0.6822810653515891,0.9223901619984443,-0.3586879058289135,-0.4673686340217344,-0.20878228387031111,-0.09078780452078085,0.0007684417498171166,-0.5757466814689348,-0.9069333244865079,-0.017393653266304324,0.7204064864233345,-0.24153264779595923,-0.30702968497579886,0.007081306772838558,-0.9422206299952645,-0.39981230520805344,1.7389800790584755,0.13165841332077746,1
-1.2393320253944715,0.3371269983049737,0.24524529407577855,0.1491321970420344,-0.12674024947907928,-1.2230587238347566,-1.6440407069544425,-0.9655218726508433,-1.0754655823611265,0.46980785607482695,-0.4476245963228361,0.3380738993105009,0.2500141848404837,-1.224128605967515,0.27157343859954775,-0.6470389111076562,0.7278156541354396,-0.15028853941724044,-0.889813465069586,0
-0.377590766507779,-1.121235755754423,1.5832385990916142,1.0578768364830706,-0.21175319728773798,-0.4855374487281193,0.04414901463504278,0.4765631792379924,-0.1899121076472847,-2.4258383441662534,-0.7012458024877377,0.14893098207616728,0.7739810032446006,-0.37732254450446234,1.2603224471536247,-0.14761622617722003,0.06942798032805925,1.0285237794292592,-0.18845142534428913,1
0.4730569082959068,0.903461704992826,-1.5527994757232317,-0.0650468386559932,-0.2943382359708836,0.17423841218669595,0.5530369537607702,-0.16130429515551112,0.7129778725153227,-0.48731441670754944,1.2163508682249706,-1.703869834157617,0.4009445795628533,0.3002663719938515,-0.3119685982810835,0.5881520130312481,-0.04229379333733823,-0.7376444314589694,0.5454662714401657,0
0.4895863520614705,0.6718697784133101,-0.8610889015110559,0.47666967684569805,-0.3300128388281453,0.9695686246272217,0.5840089948627355,0.18296069122317357,0.8595974895327078,-0.0608179588664192,1.631796814158651,-0.9870691386511785,-0.016012309013312895,0.9103002478186488,-0.6689028122675778,0.7384352453413939,-0.574421685298049,0.32199122923027135,0.8540634568300076,0
-1.6165446123808864,1.1203172272705615,1.1071976294491626,-0.29428418644333754,0.8671009527929164,-0.9142592522663299,-1.419580037567771,-0.01249627918070816,-0.8796251499639702,0.06515763886699717,-0.7230604003730468,0.6878131834619847,0.7277073924971498,0.05397367739469258,-0.16100719434875033,-0.6479139446376844,0.23524162057544037,-0.9750017159643758,-0.739471040871881,0
0.48808767742045855,0.5165806191991604,-0.7632225077501565,0.0524118643595828,0.5974598133979645,0.741688442533291,0.5426737815236867,0.22952339523276158,0.530997933467969,-0.151481215412093,0.002730653544645326,-1.3102079908852586,0.3570162797414465,0.6755308010237845,-0.07910899632962236,0.3410816226931721,0.33036156029565905,-0.701690668245336,0.44809928822834927,0
0.4942564831497728,-0.6308256462511551,1.1495820335830012,-0.2423501388833118,0.6195221245760242,0.7092313883771955,0.3042190531211521,-0.43002026126111226,0.5541560226410209,1.0931178402524815,0.1442204908654336,-0.1931536378811068,0.24711490524602994,0.7651852816544049,-0.41732985630574987,0.42830346630162297,0.47938570330707014,-0.19674498698424975,0.9480325317675101,1
-0.05228578251861925,-0.8801360047831099,-0.2854052939501383,0.02272374281301307,-0.7149677896458703,1.0431619016709852,1.2030233707631752,-0.5588372460197342,-0.11021388459697523,-0.5811851368434477,0.23768175477986636,-0.24400605038532297,-1.437021199475749,-0.5522662725647878,-0.30772501814635983,-1.0499581829111841,-0.486437355659817,0.8943549107889892,1.4399336071270892,1
1.1418043700074711,0.7972563799415144,-0.2794447009867634,0.4816338123296277,0.5610383904763449,0.2599098916127965,0.24232510635393503,0.3242811912534844,0.4793386499009534,0.36499606010453134,0.8549246812512722,-0.38762500450691745,0.6188685444908374,0.31467746294255405,-0.5916034119450468,0.8741884966427957,0.025230835220187053,-0.4599480071306064,-0.23125148956120892,0
-0.14179581415668743,-0.5502192882080912,0.5830203435016499,-0.6966230007177294,-0.37220481727175664,0.059104363117520854,-0.1049309602894845,0.06443961261231312,-0.422654465435238,-1.3524159818431722,-0.0406785588645687,0.33000796816779343,-0.3941402564520594,0.21709896415537108,-0.18332158193584036,-1.2366643222849123,-0.8605872164948976,1.342958040284413,0.7537602991802308,1
0.07110959756182646,1.0117454188118364,0.5863880317210707,1.8578516807745709,0.38819220376367586,-1.2372609300186912,-0.8198598662841772,-0.45232996471036485,-0.7579226571531884,-0.590934290786988,0.3405481676613624,0.4103858431324318,0.6418751366438282,-0.01647369142327774,-1.2248587358202319,-1.431126522821609,-0.4424673616444391,-0.3123653306144106,0.10092557071016707,0
0.5447734835800059,-0.6818358958051873,0.4060048092391294,-0.6022256874036238,0.40926769175261735,0.3195959676451062,0.5326473077441515,-0.22275840128101385,0.39554515144367497,0.17927279804869134,0.1772047851686123,0.6297051568936824,-0.2040666903957518,0.5399251693064689,-0.5763805572264303,0.019144349249374186,0.5788598404262889,0.05141848052007246,0.4650687177732416,1
0.25951211046518263,1.03855679941199,-0.7014633660037327,0.6033639438874672,0.6452069001768037,0.6557938139380857,0.5447839836047005,0.8199001036167537,0.15398288596826595,-0.17171921276124735,-0.36683308239860496,-0.4401120366138152,0.6505631945452249,0.49384428421734705,0.30295068548614856,0.8337280078543851,0.16414304725960938,0.08209985352431166,-0.9706654538122974,0
-0.23687514379643462,0.5621001331362274,0.12547636678072607,0.4121522533556593,0.4213143628965455,-0.5369632651919799,-1.2355996634011357,-0.6798104280681115,-0.7079473973220572,1.1916668642521662,-0.4333107708946188,0.7108214733839106,0.38959452060691563,0.06651166548144306,-0.45684080849520753,-0.17710553314922314,-0.3105504119943838,0.06453773605147382,-0.7432914668129429,0
-0.2266332016088794,-1.1594347786979602,0.5912612251848947,-0.10120893477685433,-1.1615809318454673,-0.667268563280389,-0.06251815835315364,0.1751989445451151,-0.3980746856669095,-1.2020282336798478,0.47693488528454225,0.7309423102198237,-0.8373273875106361,-0.17234500824776722,0.15757202854688893,-1.1375573375053671,-0.3589814073110114,1.633593626577758,0.54622378285121,1
-0.8142449662440694,0.5264740088462089,-0.1754136910599231,0.8568741351206246,-0.15528642966661602,-1.3725190333430612,-1.3524825020907376,-0.4640471915696725,-1.004848354416381,0.37416455884499683,-0.8186808117129781,0.05878265204913196,0.6445363476501758,-0.5650858542259383,0.6066969787343899,-0.3267320185961352,0.18266678245662393,0.05024383370845157,-1.2512414722698257,0
0.7177753256219837,0.2552671282922284,-0.1426291755788466,0.30518987905132716,-0.3105824100880847,-0.023887415496980695,-0.2695518807679777,0.11325189904336558,0.2839781805259033,1.060808366294153,1.8959382434279561,-0.7386181198282719,-0.8614073238523163,-0.41554097721201116,-0.9179373585250046,-0.1560063504933258,0.007915575771204211,-0.9320319533850858,1.1226826337223992,0
-0.9113828381567203,0.5193510219548951,0.5412006684790506,-0.9256704323069552,0.6312085183433085,-1.0621653704163028,-1.03973939817818,0.4365388173494751,-0.5576288849552566,0.052087098706739506,-0.2604552249274531,1.1689054749912133,0.07268264738918931,0.03519975578744897,-0.18454912722329764,-0.5905283237923069,1.1861271329315735,-0.6728541674689708,-0.9277234697353969,0
0.8973141269642894,0.9444785270045788,-0.21216023280830826,-1.1372900878899297,-0.3389235727666682,0.7049874263743646,0.41281891582124375,0.1366322328616225,0.6659012545741637,0.9794741466162942,1.9573222171649074,-1.336134925864555,0.2618258353142795,0.3831692169202478,-0.7045969222205367,0.8995753615067474,-0.48015362268477246,0.1906203331722571,0.7449194018832295,0
-0.6555376603136819,0.500088888198257,0.9847855330346459,0.39680310985360423,1.043625785919915,-0.07834506254690403,-1.3013239672645835,-0.7435348566843861,-0.766093186180783,0.8126138948790854,-0.5778718331795186,0.6037744711299392,0.15488786963821197,-0.75513638754439,-0.5997001116529406,-0.43538892693250936,-0.301690978376701,-1.2106102572215829,-0.15476989075339045,0
0.4364334054055823,-0.14048202778246158,0.5260505396175285,0.03278521024144136,0.03832747303054936,-0.40790225242757894,0.2466293350043058,0.43280711415477224,-0.5810798537614247,-0.44445358546919067,-0.1419692750224481,0.5267331499465775,-0.4382520882953332,-0.33503404699763345,-0.29898433685704007,-0.9915004671780971,-0.5790103473364989,0.16516061202515284,0.11283089246180268,1
0.8348476285861665,0.1742692075697036,-0.9477246240806211,-0.28384202073428005,0.9212085158353533,0.2955301006376082,0.5441867911566646,0.23311192363014244,0.4635941308364147,-0.44140858881103906,-0.7116906343872799,-0.9161035730967998,0.513178677570088,0.9500690334395425,-0.01601707919570059,0.1843232470216861,0.29767019674964224,-1.0498589890688153,0.1774768989127603,0
0.34135579755438356,-0.25513067007603374,0.025586555192531828,0.41458329418943807,-0.9553529806940275,1.0894705404392757,1.3038599539855056,-0.0489155878350657,-0.41021575490841083,-0.4284298977907099,0.461163921452553,-0.6559534102163899,-1.0718803448893057,-0.6515345668397403,-0.17796331148852731,-1.0330887499974566,-1.1271561400421268,1.802808851502743,1.1357728006278833,1
0.35741939369504444,-1.2513458133303572,0.36340037660473523,-2.228898501557154,0.5812507816134065,0.1473197665181304,-0.12419119036432462,0.17488827919132127,0.4076666647974794,0.3188394181019757,-0.42739325594946287,0.3601149609700687,-0.5048660995132095,0.996287064178426,-0.068587410202163,-0.2749359922409168,0.9949042424393849,-0.3604238686077006,0.7100490971007595,1
0.019282919654057682,0.047067486813058564,-0.6516841382961291,1.6856544793925305,-0.9648791318601979,-0.03726102686740222,0.14830167404619676,0.9990087323795922,0.03091902193625421,0.7262843295505784,0.7676709242345581,-1.361266919150443,-0.8813201868856451,-0.49898951267285374,0.8478345085541991,0.3983019485190215,-0.4184017243532911,-0.3977137824378727,0.2794626153037288,0
-0.011772435214235571,0.3473010322057685,0.3916972745894689,-0.6399443514828386,0.257202351352978,-0.5491072693117384,-1.378291842470966,-0.7365659257682341,-0.789433148309917,0.7193207889442748,-0.011074026643120414,0.5534855058716657,0.12849522770463298,-0.6233585208366274,-0.5887913138029718,-0.5266518717188953,-0.49274383572083735,0.008886620365608769,-0.32158725739072497,0
-0.0017770475820231405,1.0770902185468025,-0.6077146522050352,1.3179556380454942,-0.2728322416144008,0.2349705261117261,0.6050709825826573,1.116400294895224,0.37257629447801305,-0.047164283612221976,0.5730827499410087,-1.3643797145664411,0.6646828803310166,0.5631347483781378,0.725646169208536,0.9163817682269032,0.6094283716445934,0.4865916866180796,-0.5833916337149891,0
0.869296261521062,0.43933771180842685,-0.49562601136610074,0.41999608271895,0.5521517280955757,0.020917184572793304,-0.18728463842914597,0.21979475770074164,0.1975049563459239,0.40142573406399257,0.5163486978576175,-0.26726808670814495,0.054096891576882654,0.17401412243528383,-0.556837031791197,0.020754508886881948,0.7979737351576156,-0.44320035481486253,-0.0696686261767911,0
0.3610846566457417,-0.08999691749768965,-0.027280588157686938,0.5291528480082128,0.9799003659224937,-0.11554341700947623,0.035075863617939206,-1.4124836090890383,-0.12647780537937636,0.48071149338161206,-1.1760331729272626,0.823590915573641,1.1445784854630914,0.13807829485912598,-0.30066186103470205,0.5001311848195267,0.7190726999634321,0.041741352793386303,-0.9934660421046067,1
-1.0198000760953891,-0.43680238805574023,0.06814243910148177,-0.5731901834196816,-0.8200541715533333,0.3029781541507619,-0.14963809482073148,0.44829208823856453,-0.10509713621229606,-1.5062049291140145,-0.0019725904312254284,-0.1271689200775589,-0.1663491258713326,0.08176461592292096,0.95712012288504,-0.037025089652593,-0.2818958101116164,1.595462407910605,-0.024774247673106216,1
-1.1045408569837905,0.7630207541129613,0.14201082776048732,-1.0538512671591844,0.15697049068796007,-1.4369286427417187,-1.7836455667829332,-1.0437104956394017,-0.9902488994321941,1.1150430939452838,-0.7882318705149155,0.5889652091155854,1.0300776672888463,0.06236223154694058,0.07779359407474032,-0.32251578776554296,0.6850441040465791,0.32551591579374556,-1.3644495221210857,0
1.1677574565225601,0.09583102978967487,1.0086759406772072,0.0926549080194966,0.5503443182960251,0.2854192203175747,1.7174176383188111,-0.6182943608160909,1.0247430690324704,1.3921430316727423,0.6247546486374906,-0.04015458692082293,1.4125553596649176,0.8553796830779105,-0.5903686001154215,1.9683133924772094,0.007717399647649728,-0.667201939001558,0.048622656883427894,1
-0.8440564193510689,-0.07925577850366057,0.39648170591002363,0.06230841083499341,-0.8264424962275988,-1.1034464998523148,-0.99807701965261,-0.6532824671517917,-0.7646464807721665,0.33763900718584416,0.0019725904312254284,-0.5430974490878318,0.1573924546110714,-0.9362256984462498,0.6197336491519221,-0.5162520890707751,0.10646332987761979,0.2922240056162553,-0.11711684490939255,0
0.3068993292928838,-0.11368803362412379,-0.7683998140141411,0.6381042213840942,0.10580707064660162,0.1281085493642789,0.40114841319089495,0.573502452515462,0.36957485648935695,-0.14838396727525618,0.09673173590000107,-0.7094839980284622,-0.4234204367687319,0.6201864315786988,0.07548810995629583,-0.1316663469331483,0.46443994549711626,-0.6313665878366795,0.5011150982595775,0
0.7702888279896505,0.733808092657263,-0.33521256919989384,0.4459685169282136,-0.2144165441654264,-0.0763709822080419,-0.02475231686783708,0.6988040185760509,0.31204272154176554,0.43114475861418455,1.4115178653019564,-0.6003542887275162,0.11642272739405345,0.16550163151288794,-0.30523817882686155,0.4809094354988947,0.2863774142715911,0.19736078752189656,-0.10622298149627207,0
0.9702334886147962,-0.8168566761340548,1.2198040835179844,-0.7884963653392908,1.1220334799346423,-0.19110134703243706,-0.7188740399608665,-0.19748122869529125,0.12080048368164134,0.5929431838074671,-0.9971301958235685,-0.771242805476662,0.8991012920669433,0.5944739064509849,0.21771887931795691,-0.006993223090111031,0.31480367104747564,-0.9516974035755749,0.6180614350379114,1
0.1799647277974326,-0.7206715003210818,-0.6218612584300403,0.16052113466264106,-1.1024458772588372,-0.9483774356105337,-0.5343855064769482,0.8897584843939984,0.06893096695498756,0.9813889916469465,0.8785868753226542,-0.8692672311193611,-1.2628152140666964,0.04009292547581966,0.6100567529811145,-0.2499105520926214,0.21980441800939685,-0.5696699800868312,0.6457467763442939,0
0.06374906290685536,-0.6243216856460854,0.14910522782792987,-0.9422218814896723,0.7543975580320766,0.7246479504373107,0.36974733606595933,-0.020225790803868007,0.4999835965309218,-0.5045812050912997,-0.29442051964471194,-0.2700065233816315,0.045174692256414066,0.12054822699581162,0.22080623836810914,-0.02736312047659777,2.4394028345821583,0.07803700287310705,0.19646824635316082,1
-0.6070572765134656,1.702260846305667,0.693714896392229,0.969245397036968,0.8376645297681874,-1.187234037411156,-0.9903040014685408,-0.2152232408967635,-1.024456872109594,-0.5623187973553287,-0.47554164408609184,0.11161404350236256,1.3626825591142573,-0.474072077237763,-0.4417529182021923,-0.8466828763344444,0.01914556142265848,-0.6913452239956569,-0.968633553901745,0
0.6294223828678986,-0.39685552493878173,-0.9603733106405313,1.6570985705112822,-0.9165277187448633,-0.966402695509404,-0.19656587391552255,0.9625569769790477,0.2752858729246497,0.40762845923225105,0.6883433130135791,-0.22373439891093988,-0.4252912783094977,0.7100343624226001,0.5170696301468518,0.5742687833026515,-0.5710357002505085,-0.01701402153932256,-0.21034505104707749,0
0.43651578681063863,-0.6822579168747174,0.06755242683376497,0.12055927803080928,1.110834281349912,0.3340440965983891,0.5976598542918647,-1.0509462238578031,0.8057405666221865,0.287037240672338,-0.15653194341339663,1.050001872210275,0.1326814957659153,1.2122432398635332,-1.2297758337412483,0.3825069146804893,0.39246740707631733,-1.324226154528472,0.7054598677896595,1
-0.004128184357925167,0.25522242988623706,-0.7790976198756336,1.0729452302004125,-0.1725641918353083,-0.3218978285111215,0.2973568028776171,1.1589675009515077,0.21523686545490028,-0.23959591045321654,-0.07654822127535735,-1.0170602259880788,0.06964644799238758,0.5661704662037277,0.8837160967423158,0.24494666838540397,0.8347635054297184,-0.224023405148285,-0.34651040567154523,0
0.5920821101976818,-0.28570055621974844,-0.03751380189342974,-0.9084134104408585,1.2784776535084228,0.6395182297501136,0.517786291822733,-1.2883603212630346,0.38732626712686063,0.5528388395456173,-0.48650007890403213,0.7684867903701131,0.27386489949900006,0.26513818549707546,-1.0694349986151745,0.3810957170439533,0.47281267948888167,-1.074886744780901,0.1958682295069913,1
-0.5080239615222077,-1.5249519873370025,-0.5617548687095205,0.15051538973832504,-0.986546959202311,0.024963251567419447,0.3158528225927197,0.7883810790425483,-0.25059715751676065,-0.4600175916759307,-0.14298375575935304,1.120543486685182,-1.9259333362732511,-1.2183468401129438,1.1069646328788094,0.09945497970096841,0.1430931255716925,0.49866957894444425,-0.5333680880172711,1
-0.5572437936643215,-0.15502511482661996,-0.061912050315087334,0.3374500953107348,-0.13175458855766894,0.5845170733588197,1.314078442849714,0.6771339635984801,-0.6829584220893187,-0.486164653909104,-0.6440175133854437,0.8814508696102827,-1.6227786009545102,-0.2899469400678542,-0.19550082187788437,-1.2879070912504937,-0.8589775850498537,0.21525425198674525,0.33921440801453284,1
-0.17902674139396568,0.08093459088456145,-0.07617801180753461,-0.6445232880531647,-0.09951767419034163,-0.7906765133081837,-0.6963754348515369,0.5470830920013219,-0.469192590624462,-0.4246209160163268,0.12364687182053465,0.6617523527760013,-0.27015010047760446,-0.6569360166829851,0.2259655969438394,-0.22702479047679003,0.2727525695878562,-0.04875360714596894,-0.8344419547613243,0
-0.1669926702226381,-0.49306737518772803,-0.52238620559557,-0.9411798352633207,0.5243763177088628,1.0308759618190255,0.22590981689348139,-0.5430635853926523,0.8774687797609267,-0.2801916817385508,0.19363265886624142,-0.15636610430651504,0.21690994166683666,0.24011046624371393,0.15608795662390426,0.8188729150718748,2.6628682429337505,0.43329494424911547,-0.12468005662724115,1
0.005655013695119827,-0.0639419422145429,0.763016954296574,-0.8031219268239053,-0.5051025716563904,-0.25570853458346937,-0.5398009616588834,0.30021376387949705,-0.555598943355222,-0.8512313458861381,0.13045324612947518,-0.030821212195649983,0.4263161736679644,-0.47004509430280556,0.5391095493063126,-0.34520871515355855,-0.10220175787455689,1.9200342658383203,-0.4660223467214833,1
0.6156277027992241,0.17969177753012808,-1.0933988557333616,0.9446006547325324,-0.6653691898186939,-0.5739315485525853,0.25725110597512,0.16524205417200796,0.49923130196098875,0.15226760246434315,1.3238606903660626,-0.8951944394193642,-0.29136665077853546,0.44993420776206716,-0.3556431413788649,0.14068450174338568,-0.13412159668187207,-0.6508274321539277,0.6569882396512379,0
-0.5664684690181777,-0.6032291630067126,-0.8917373287797496,-0.19994585010389376,0.01093265579203473,0.9755972295050772,0.04371909537271627,0.33931322884211224,0.3396462854834108,-1.0618979089428842,-0.008627637118343436,-0.15310185439498608,-0.9822193523510027,-0.5262290370354594,0.5583042778278895,0.2878929967898398,0.5606548496349151,-0.30513681975755447,0.1704198539255453,1
0.7097216986630046,-0.22738322505097325,0.9896468913115964,0.6248114264867851,-0.4854826108694354,-0.11909145956480104,0.8517721318897452,-0.6078927526489082,-0.3803383652354297,-0.8248986256019889,0.19034694851640024,-0.9348451762377012,0.2578022926337079,0.174766736564613,-0.6177887923992678,-1.4500574459714186,-1.5613009182016948,0.8678841245679206,1.6796744835505117,1
0.16360464796671914,-0.5123416916465926,-0.12610265363631795,1.5405846151724443,-0.10691537120590498,-0.3065563696719205,0.44392639459477273,-0.27249125697129495,0.23444559538002155,0.39803452727049654,-0.18769109284143337,0.8202585767855501,0.5661437598239656,0.15818229977704312,0.5367930125121837,0.9870852176769952,1.7883708396213827,1.212725188291704,-1.3463147872139891,1
-0.3022105839186162,-0.5932915606152875,1.0886746722565315,-0.2243781695120151,-0.5392968665867653,-0.3989489320048671,-0.13632315520972887,0.5016625399141629,-0.7028994666690778,-1.3101091873111637,-0.4313224872358883,0.3660063445999345,0.052099616253794695,-0.5510537042173104,0.8037002490410954,-0.6806999194287277,-0.3805219712316584,1.6184068471609836,-0.3145640216049851,1
-0.028711285404324355,-0.693516032417978,0.7241157426797789,-1.5598910765768883,1.0044621111068914,1.1258494872513916,1.0781297173431401,-0.05757016706653596,0.5301719660867278,0.8902136487475556,-0.504078147743694,0.6002640156504897,-0.481205654871556,1.0505003512371356,-0.48976528923052565,0.006686568258399323,1.3384161685612104,-0.34279407851956306,0.707447461636976,1
0.3701392970647418,0.39511291421184286,-0.7373251449799598,-0.7548060567276529,-1.1389831522447984,0.23495306392668636,1.0535854841492847,0.22020338932430275,0.6429648770684665,0.5438969724699927,2.0239808277160534,-1.1710247065311203,-0.6965451057754656,0.18514864377530468,-0.49090288848900787,0.5513948803883885,-1.129848839679444,-0.4491751038316356,1.2190125297989638,0
-1.3188145182885072,-0.905474359427798,-1.9152130842472437,1.1675591582940286,-1.1926820707073185,0.40890170131937803,0.4807135122252564,0.92509369730875,0.2877349419766396,0.07780726334049237,0.5957561946701363,0.4907442860166473,-2.431822857318602,-1.2204179570572165,1.2429448567634567,0.739548425580455,1.5348392400035986,-0.3019526432534061,-0.664885478868302,1
-0.5301386325563511,0.06447357730972118,-0.7204567221001623,0.1086691339651891,-0.5868030533921246,1.3035243139909265,1.0797222422362414,0.3390705686825238,-0.07812107276597093,-0.6290347592303305,0.2547995997831147,-0.6636816635932449,-1.2425321069646624,-0.24079733086533486,0.0837476008475092,-0.5873916548616872,-0.5080611584581359,0.7595404079833585,0.8522448668559711,1
-0.227037282418737,-1.2490373407270823,0.4600610254485599,0.0054303436558943595,-0.5774290901485304,0.004155123773289728,-0.011748658617969854,0.029148415970538348,-0.5571763787940088,-1.1144594611450225,-0.21618363261511028,1.0294263427209782,-1.1516197526247973,-0.5077555209504833,0.08251242065340182,-1.2244427393482047,-0.38120361539187425,1.3620270031730168,0.4293335502404626,1
0.7268053954021729,-0.1137671147695584,1.1198090211947265,0.677029977005132,1.0724018586754087,0.12965460063552015,-0.10245288318348282,-0.3518836433363013,0.5018466201330125,0.5259215136243186,-0.5664034240368448,-0.6079116295282302,1.8470620871431829,0.7265425294550273,0.34388652314225876,1.1795530894141928,1.0926953592495194,-0.08240339376926181,-0.3748963072241808,1
0.7901959790987676,0.638095894253522,-0.32082385251022005,-0.7200140300253541,0.423793626815908,1.5433332882836626,0.7399966283790949,-0.19969759554706626,0.7820931859202518,0.2803297766081817,1.4354108317005048,-0.7419306932188071,-0.2589665226727365,0.6389666437350628,-1.3890196293303514,0.2859011853628339,-0.5280671321320247,-0.27402283519149057,1.3939252051110913,0
0.3076353774475886,0.3497768113183104,-0.32016417276870685,-0.5005236289238153,-0.9880568272509845,0.10194505868609947,0.5877355053944342,0.6046610471414193,0.3856991663448907,0.833879044161417,1.8562870039930306,-1.1362894932672947,-0.7945468596987373,-0.32852124156827023,-0.13274401240563033,0.4771951444563443,-0.5753401402674115,-0.4906195522944818,0.8511870762438736,0
-0.3489784162142258,0.6768536143653824,0.7090398606899816,0.5726958192955471,-0.11309334753027493,-1.2363880453062528,-0.5137012531429123,-0.6113608927744734,-0.4503540220010061,-0.052401145259335445,0.1756107046445484,-0.0899998807618287,1.0147833929318624,0.7838538624709311,-0.5979545200399538,-0.8427967479560027,-0.3467072275328735,0.23293080207714778,0.23723777035447968,0
-0.245417740970475,-0.3063370724045611,0.5810722411517363,-0.22482222133067112,-0.42405392438234657,-0.8232334350866932,-1.1378843433659933,-0.3177574833393858,-0.530280067925072,0.03587485108546225,0.5420998706508016,0.12943753451112963,-0.24715402448047064,-1.056473885635713,0.04710213347151478,-0.5730254972975897,0.35113025959564736,0.15766303770424883,0.018204111202921067,0
0.1417311850201972,-0.45762476694095044,-0.1021110197676325,-0.08770538682995489,1.0323108484899277,0.5655627681936887,0.18662259272925255,-1.6947062166404527,0.8303663314799729,-0.17002230193546994,0.13998504755496274,0.6958121507661246,0.43357132993558223,0.776544943141071,-1.3269596079442356,0.471708163318809,0.39485067972771737,-1.1626773201674139,0.8186725856996739,1
-0.7471998281458619,1.1534186635472574,0.05682303236802893,-0.8486775290868023,-0.18615321649376426,-1.5908255020939028,-0.639860927425613,-0.022648498090183766,-1.2073523359242144,-0.7611902101238234,-0.7755332580260004,-0.18957614305937118,0.9962816232004696,-0.7307235494092506,0.5086134456726106,-0.7332302334866164,-0.544599908117932,-0.06655228582055328,-1.2172897680888775,0
0.019189497826570933,0.2799071907222376,-0.6963276161488463,1.619208571010922,0.42126770561530136,0.46239692229672585,-0.007234645612159513,0.5878723760440694,0.16749464494337626,-0.055973883076751205,-0.045960092722621235,-1.0103803197355226,-0.3607903384856739,-0.15892028578170891,0.2907759840241785,0.03498657914174862,0.6768707641851915,-1.0167036157840492,0.19320041237884514,0
0.3493713247589426,-0.29980047523528175,0.05130273796798929,-1.7163942952544977,1.1285657505589903,0.41047848393318975,-0.8236011384752215,-0.8263661927178079,0.2921372804743674,-0.28460324512153534,-0.7298941553192312,-0.3244463213221334,1.0999792175750138,0.10666048231346419,0.1433305827011979,0.5440161285156307,1.3023821128077182,-0.1547606372798479,-0.3183871763738107,1
0.8022041370296354,-0.1890736493546603,1.12337201001253,0.014863817574016641,0.7890390162953786,0.37798163301891674,0.2000219738357872,-0.3404215758807262,0.7003321563093968,0.8558931938382217,0.0428774816521204,-0.6170754643231606,1.3870541906786171,0.6844213328945365,0.057882023165739656,1.3446048622851767,0.5738348073125283,-0.2907150193909009,0.11284997134148965,1
0.49972662387260214,-0.8533979072954389,0.21974051892328733,0.21145001295286658,0.5143615333243916,-0.0485799820844124,-0.05203684648657489,-0.054651992190774705,0.5929443736878206,-0.026203722679257066,-0.17321433556129429,-0.18591358518843412,0.3925305558155258,0.5142925998330433,0.28098084002382706,0.49810060671588147,1.3979761620308095,-0.3742272606023555,0.1256713250573552,1
-0.46637566400552927,-1.656969490462514,0.2209042509228787,0.1266582274716548,-1.057952265261459,0.5206655891111519,0.37546239353324373,0.15254165370972442,0.23279021973595668,-1.9617597678770986,0.1644715817362524,-0.2776522357975328,-0.6246970977368597,-0.864813013471715,1.2905266251308865,0.13298214139456246,0.31949934915958633,1.4605060811449824,0.4443809300817424,1
0.6618882140442789,-0.10864438215567565,0.5983277980936914,0.1288189458667742,0.8139081825719579,-0.34943585080963113,-0.312086492208172,-0.5893770133547425,0.21142605956045787,-0.29360466678132346,-0.4153726570347603,0.521821920376965,1.4908551036343178,0.6983187246547486,-0.23763129944648187,0.6453635412674298,0.27506450135924665,0.23966363056414847,-0.6026363225375103,1
1.0400826711241882,0.5493840443640052,-0.6012404590279051,0.7908689261772198,0.6196462549272789,-0.0798049169617268,-0.9863287590004297,0.600394313032056,0.0831996628774742,0.6330092872495932,0.026473183540263154,-0.14093162233880938,0.7167332499707577,0.5841216261717039,0.0837964397328117,0.7607247254832777,0.46062641050787584,0.39877796145251704,-1.0945609932819738,0
0.3706069843572327,-0.5794013834314604,-0.42151827960888794,0.05405808543142124,1.0306948391348463,0.3577779188187143,-0.33371688325597804,-0.8105815651047368,0.07830890618801536,-0.19432741172054593,-0.8966209312341823,0.3410834328258244,0.08380876848207014,0.08951274178972213,-0.303546477143175,-0.24566711507989886,1.1382795727146,-0.37988475564681107,-0.03265996157198024,1
0.9839365662787922,-0.029584312092541146,0.37780277961313563,1.097440007936605,-0.08158577317063834,0.7064415875019876,-0.05913555951722126,0.799833955728978,0.22520639247241228,1.5642581637287991,0.783993534614861,-0.6822589834844373,-0.45651828760472635,0.6019736701055811,-0.1605930039895726,0.40419474680324596,-0.7134686031526034,0.4108147732958113,0.662041940991871,0
-0.6304119409736592,0.17308952966477104,-0.3879383619740702,0.5512632138227141,-0.6106563819131339,0.5572623905478351,0.9946443834741877,0.9705181372616846,-0.7764705073059965,-0.03745130403770478,-0.20308643605004292,0.6415553192235817,-1.6599254416799183,-0.5260814137540772,0.15480753580552697,-0.9415109655330944,-0.6439216611893243,0.9602226835688278,-0.1815405822177769,1
-0.6488462006940604,0.8085272035105705,-0.572354946670212,0.44126216137842167,0.10059646321935255,-0.9652662302211126,-1.017704185501731,-0.8668606196829101,-0.9800018458457735,0.46420284664955974,-1.0470315382536477,0.18829809537102646,0.7330745684118246,-0.33561004381448517,0.17565788444771505,-0.19589015460656312,-0.592828350850452,-0.11576570052657732,-1.1936075498840337,0
0.2957032309576524,-0.09765504743957058,0.7026159455201484,-1.674524801931028,0.6581517779951711,0.6789194254597473,0.22021644511981886,-0.33748277970337015,0.8691701583514888,0.2833495517416744,0.2344011374743239,-0.529115572631336,1.3923523606898645,0.5534533196957345,0.30865212927008223,1.5321263655117217,1.6751610359444282,0.3866214638142446,-0.3050072738361614,1
0.26949014178146713,0.7548884772479804,-0.8184719112517551,-1.27761969327829,-0.6701388403542795,0.7049672011241456,0.17051269279624912,0.7467973501741209,0.5256349896935196,-0.10571773815787268,1.8591601085043545,-0.46705188175707607,-0.3230514673236864,0.48743105086286137,-0.362674793461772,0.5893135557649523,-0.04557321511272402,1.2202767309497922,0.12189416020488614,0
1.495376273975885,0.4779697134973319,-0.308634284659275,-0.28089640108712505,0.11462794395992129,0.4997491662179816,-0.8347146294043433,0.32709057852846035,0.43977205153964694,1.2591806694728986,1.2192184777879842,-0.326719638324043,0.44859939199751275,0.6353485827324116,-0.4905093481486877,1.3159837387461661,-0.9860191745819605,0.6555244584622698,-0.229964426971361,0
0.321417556079988,0.8553109618821118,-1.477789999264266,-0.24626116288380254,0.06800357528590258,0.25305904264402435,0.42479686696031405,-0.15829236080171938,0.5153242456936284,-0.816685609657557,1.0910215697403707,-1.2040401730785846,-0.06589127281948466,-0.02807858323492476,-0.6793102760256586,-0.08378729133176004,0.4120304184285978,-1.0275983518144403,0.6514931794483318,0
0.9180102116511385,0.9193272555296753,-1.155291879560844,-1.4300244768909909,0.03677300730432823,0.6746614050849721,0.5218201283940697,-0.8582771761535067,0.8148674396782276,-0.10904994240558911,2.178502131642294,-0.9675785151221791,-0.17531597167419471,0.04180256257619631,-1.7953553393610837,0.09952217316003065,-0.26648907510952025,-0.9605824223146615,1.4113892939591455,0
0.40899135217599725,0.10562083016231874,-1.0386892632035956,0.19936515236853344,0.6980258224993655,0.4466230779277023,0.4158256024153972,0.4914207156222118,0.2675663691952117,-0.5611695086493501,-0.7689056726492598,-0.5976041035729465,-0.017215097508825578,1.0633744140174501,0.024295342394626697,-0.19665985172484704,0.08818065358253004,-0.5902973565648968,0.23442417456302164,0
0.3811160486058386,-0.24647596806016858,-0.8047696126018955,-1.246399705666755,1.1500221038067466,0.6397086422265166,0.3919927974504273,0.3640572157395943,0.33027378095306587,-1.150347951793005,-0.2739116823785275,0.6609896465932527,-0.9364612659073052,0.6207547216655659,-0.9765361173696354,-0.9073271631454267,0.6084758655889665,-1.174919361386328,0.6780859957963925,0
-0.717973683464808,0.40355831796058217,0.6675461542956129,0.6237360708787371,0.23691923150204044,-0.5414270967153139,-0.9023956283663024,-0.24736880192003025,-0.5968493089198676,0.12312886594934597,-0.22843875519893236,0.3718572867487847,0.26541332368344916,-0.2205776725352125,-0.15096162009195688,-0.3623521972099369,-0.4647426314916091,-0.3931798607959719,-0.22013741481594584,0
0.00865484311375768,0.6434231475813605,-1.4212992806075437,-0.2679414376175951,-0.3010064717677925,-0.5509624139203619,-0.32441929146641174,1.0350691985849143,0.04919646423936528,-0.11656081656385579,-0.268720344533763,-0.9433337890875421,0.6442185248335269,0.43959448973590587,1.2897380201968092,0.8978998619518999,0.7622043487792307,0.4083125261832968,-1.4544685458518343,0
-0.7725687483477196,0.4043626816152074,0.2273240333892526,0.5348066297261882,0.5958359507893658,-0.3159933833929178,-1.055534856939445,-0.4417544549889866,-0.5755309864907577,1.1267982955769327,-0.8802009590948285,1.0587514448200908,0.3573057238351309,0.3012361195858073,-0.08842843766939379,0.28652753624502525,-0.3275469604347776,-0.2397687547389366,-1.010320636776474,0
0.0062219313652412,-0.6563168888168387,0.022926967165206005,0.3621760619197737,1.1319062221836556,0.722355117293661,-0.35234864845382424,-0.2198523747707733,0.8269128071402185,-0.6919044657486701,-0.42899578482014655,-0.38014288888846587,0.5164042884886244,1.0395105269115783,0.06003193774248923,0.24434271661587653,2.038752426663185,-0.3649298969680143,0.47484117565451045,1
-1.0190789297978218,-0.5281132738812632,-0.10628577123764174,0.511503387266027,-1.3220544256905378,-0.023569007320843608,-0.24414502793056952,0.36464818068149885,-0.3862507018522026,-0.6906482258888997,0.5282719873364462,0.09335877046265559,-0.8804793179708365,-0.7196160203599007,0.8935037440264234,-0.3974165335230025,0.6086428561343155,1.9442113973518595,-0.22516023057033802,1
-0.601885302688929,-1.1788283401872417,0.2630624612244944,-0.4586801233470676,-0.2487175363739284,0.26402306063026615,0.5307244536970724,0.35785604677750926,0.12171939082427906,-1.9054286986676248,-0.5900305461319829,-0.15849959419194248,-0.4510614380400085,-0.23763087037510117,0.9170619277045,-0.2308094027944773,-0.14259938518860268,-0.043930174182794886,0.5688956233785388,1
0.7311981648062746,0.9524442680536015,-1.4505710109807497,-1.564390038070012,-0.07093569611938937,1.1682010591320795,0.8168458781756246,-0.42567588896342123,0.9893867331602937,-0.30117182828956657,1.483945631154828,-0.7816223540886733,0.3994099804612779,0.9493152076523799,-1.0265665274966296,1.1698900345385381,-1.080990287599112,0.12969666650076198,0.5766449882467287,0
-0.21325234397741005,-1.2010008239893186,1.1860297974888219,-0.4416601845235898,-0.5110110348132753,-0.6904896978119567,0.2836481878936886,0.7731852707714949,-0.19893695668232111,-1.5973957879552731,-0.2430579339562596,0.4940331154579392,0.09057794354499824,-1.0503913509849139,1.365280190517981,0.09208367767869763,0.984809084569926,0.9066590170438565,-0.7099573473314975,1
-1.0629626400588226,0.1626189843768235,0.28068847416817966,0.3356366642294233,-1.028257627564859,-1.2583840106202926,-0.36640094017708386,-0.0644634491570405,-0.6424923609879356,-0.7522709899232293,0.4742030418710761,-0.2864774859923848,-0.2841438786631275,-0.2740084280114762,0.08499749839549214,-1.2308455706936308,-0.5256402479678296,0.06628109539739324,0.538631553975562,0
0.30078755042230604,0.9919641684307037,-1.5596659579489505,0.40641491065292135,0.17812258985006493,0.692518972858626,0.7711910059102745,0.1594152593655922,0.6636858898614161,-0.8150992575982137,0.18665834806883622,-1.6008737882523634,0.771476786034422,0.8992347587346223,0.0897576170305737,0.8161899027339148,-0.37688730070560594,-0.39844643150242903,0.13011719819237785,0
-0.47061296369617583,-0.23938663258991402,0.1518112467199312,0.7564047029743969,-0.7984111911115581,-0.7355546619863902,-0.45155360385662235,-0.6672242251228827,-0.7123499684593103,-0.20053899757884294,0.3116193927716804,-0.1796932215194145,-0.714354083939348,-0.778130497171044,-0.30180093130248464,-1.2172135580737258,-1.2862754272014636,-0.2618677346625939,0.9268661797491308,0
0.23041791720419513,-0.9266910298890985,0.4760829007863183,-1.4505603501651996,0.8269591839659911,1.1318489236524747,0.6937811777376646,-0.44258657518212996,1.0768030503903956,-0.1430875426173417,0.6366895661599555,-0.050844722764834246,-0.6048847117628201,0.9401996221405177,-1.0471432346258422,-0.18300031540104228,1.1602470875123256,-1.053527809909254,1.9100749419242968,1
-0.02883880249087181,-0.2975612662673641,-0.8867569232379297,-0.4914341219142818,-1.1239108257300832,0.7072571368762097,0.584513771807882,0.13925480314834715,-0.08906386074359424,0.08596593377008156,0.819725239155334,-0.6264387038884912,-1.3113473146427788,-0.8643797325027406,0.30046070394491475,-0.15409276491425108,-0.19836740733290234,1.0149505905583283,0.45352930349992676,1
0.19933054122824792,-1.5524604518805718,-0.2656991933894694,0.8523815235347679,-0.7035859660949701,1.537321575062958,0.5628272501306274,0.013411172837391013,0.5477287776816957,-1.7470957791666535,0.4862664849850611,-0.6638620807015009,-0.8036110488239945,-1.2743789146028388,1.0269177177055762,0.5552082484253678,0.603097849055011,1.493351923715196,0.5620225509158203,1
-1.1285753970332024,0.8781873507057337,-0.21642352318249167,0.9318088894373229,-0.5610764949745006,-2.1132867051503577,-1.3567066919720072,-1.4625699576661597,-1.30015688675476,0.48312572886035043,-0.4897311053154547,-0.209391311843225,1.101570637361524,-1.1864327274710844,0.41573025966902194,-0.880121024264972,1.4691488958159704,0.514935302287407,-1.432303604330314,0
-0.49805530364985934,-0.06885709044439721,0.6861959240185695,0.3158903739128754,0.39068036155386376,-0.24128641158331185,-0.8611290031242975,-0.4827944968706785,-0.21110012814243237,0.11057994240493713,0.22015229083114585,0.4463003923617031,-0.14258379498906126,-0.2948073468992893,-0.5279275824940778,-0.4056895035747204,0.11699244445179206,-0.7863679728940755,0.38101749414894714,0
0.18544977017203598,-0.8768214211734219,-0.05202701607157481,-1.2280836034784763,0.8350538483987368,0.16782613007081892,-0.32399042450319937,-0.5771716972344823,-0.01822692713125375,-0.06101519268639701,-0.890444830891722,0.7172279234957376,-0.32345401233262044,0.5682425575689097,-0.4403200099380699,-0.7252710944432752,0.8469096491673196,-0.18198783539624952,0.35625679903139285,1
-0.011803363505956795,0.162714439952033,0.19175153922580104,0.14306442606572448,0.10152075810042055,-0.6381514644282473,-1.1201524335103756,-0.6262666403991572,-0.4928524690375261,1.0139414545973926,0.2512388585976692,0.850990713510937,-0.05529864574188985,0.10663458568469512,-0.7499225751292021,-0.48290926485335917,0.04961501942756672,0.296825022898823,-0.23706265132322604,0
1.2180595286718816,0.434850915852336,0.5647052631840862,-0.3102243416768878,1.2682642223050447,-0.5586471773243359,-0.2885396123873491,-1.8782302730274765,-0.07788965247274388,0.4616380893872281,-0.8978824794515676,0.5086168603772987,2.4947986762597685,0.2942059727934097,-0.7440766557121916,1.0066484239716504,-0.4452818733749299,-0.17480065029780564,-1.0511724066911077,1
-1.8391357162331248,0.7254025411894846,0.10037718570202155,-0.12014326611017448,-0.00980382575746984,-1.2749452619386774,-1.0214410805366134,-0.3774276190730871,-1.1745559557551897,0.14886995221835592,-1.5235718663351683,-0.03791212237170546,0.7160269472354633,-0.7288071845021019,1.097907344825225,-0.2502019689134135,0.06341022446525191,-0.6420896427731474,-1.3840783142451216,0
-0.39005973889707235,0.9962943824094312,0.19196755413827218,-0.3283801255987147,1.1912338276588688,-0.9792522036188247,-1.805353535078181,-1.0710247201201346,-0.9051939721250417,0.5988047151245658,-1.1484169497102106,0.6338555312010333,1.3969010197099943,-0.3657719735484823,-0.29189641935051297,-0.11141670611411231,0.43073149596280813,-0.6559357832584443,-1.4909114040860783,0
-0.2637187047862305,0.038771289912780005,-1.7690038490265814,-0.31750300132726655,-0.9292935499447162,-0.47900964810584074,0.3326939892325688,1.0576411970035893,0.18490213361947605,-0.7074922754468824,0.07925980633463965,-0.8528678228502308,-0.4380478972493296,0.4049174936754495,1.1085042369653357,0.3784899910946978,-0.036131051838552274,0.015013452143867866,-0.4529137916851036,0
-0.17153673601617517,-1.6612931326581997,-0.5478369023662852,-0.007199866717808354,-1.111833242059179,0.040778792576085035,0.29337711351936824,0.06224756901210726,0.0158512383803843,-0.6938078531176893,0.41563735504160537,0.6559738049146002,-1.8070789565439203,-0.708261063309161,0.36261589314375353,-0.40633316881651177,-0.2400169663725257,0.5097729057437606,0.6258557553311416,1
-0.9811706091305686,1.4192071706695728,0.668300943703604,0.6304807603102102,0.3996836465233954,-1.3243325597819726,-0.3874773760139379,-0.4459741560021152,-0.7873204196846527,0.18835430373011355,-0.5155167376484918,0.12661116305951298,1.3309919213118144,0.41659594512193504,-0.32228655877185475,-0.7252214099861433,0.47195513784504106,-0.24433999726475586,-0.7603442380076585,0
-0.7243025716188506,-0.1175821449667277,-0.33603108507358037,-0.26991563734390894,-0.4188168494115425,-1.1580511063402832,-1.0041615198191094,-0.38060959509521497,-0.659706901815606,-0.09431016921312872,-0.18901900817144635,0.4014744524147293,-0.2552527675801404,-0.626227004176665,0.25348473787087394,-0.5897459504501282,0.24025941061994016,-0.1670187002778903,-0.5037077332997745,0
-0.10925234988005124,-0.6820295085443258,0.6074450737617446,0.8524762173826468,-0.7223743324807523,-0.36513743125315773,-0.3998868160805638,0.16551117174125354,-0.3952442473230607,-0.8694903864520327,0.4239184384305554,0.7960399527351641,-0.28104321208161315,-0.4611607991126701,0.2712477712794212,-0.49930401748894276,0.2943219236432607,1.9185811026271609,-0.2997985802796765,1
1.0154575776286159,0.33452206131523354,-0.9396649232938827,-1.2619701492101927,0.2502912965044517,1.2109050588443622,0.332987326967817,-0.2048752863927952,0.8018146917607746,-0.22299378791308405,1.3847311851794226,0.130459248638407,-0.3859644428712474,1.3208093637629257,-1.6359121277563546,0.22276551895852514,-1.2536023313678806,0.27371584223701606,1.1471491249168992,0
0.4009872768086858,0.2510646963454912,-0.5952700138647529,-0.17847315086738375,0.09447470472561327,0.5028634438207434,0.34274519399455977,0.5038895457303681,0.46776837527890774,0.02447299557072198,0.7166406830055178,-0.5278797518303049,-0.3270041269251576,0.40732136062031254,-0.2636788790609829,0.33004965091923505,0.020314039845090334,-0.41326618381042307,0.4137250249239394,0
1.603444923812268,0.3639312996082338,0.18499610580940046,0.809433588696206,0.8114400986839276,0.49153828281450285,-0.09088294627850109,-0.02034179785628794,0.16536258405574308,0.973823896745845,1.0644702513147382,0.371658944066369,-0.38646067978001686,0.2997810097587496,-1.718906774533346,-0.338684131133996,-0.3984135233255481,-0.4094955493212329,0.7361147922146938,0
-0.16651498335150405,0.13018928898068408,-1.2454763569730114,0.09192826730211287,-1.554054080135868,-0.20442243485907746,-0.13956933436363606,0.7411684111898736,0.06799230108321423,0.3658059221355014,1.5997886961949495,-1.6438120736423123,-1.3191688453756887,-0.9502256457257874,0.6271326276058999,0.17647731475638034,-0.6324284434813819,-0.48960512061107614,0.675657999145992,0
1.4616132323056106,0.4093302108525249,0.2818917474537827,0.5132151419594857,1.0635263309866918,2.0646922561148746,0.11844764338355433,0.46642288798344894,0.7184858294153974,0.8485358568720589,0.3429250657665482,-0.4565830171661879,0.5492413677519272,1.4493715391060726,-0.6825721723925153,1.1944000297031063,-1.1146323781163792,0.8588014751779306,0.4463049787155054,0
0.5091394471049644,-0.8806570940378423,0.11007345832246954,-0.8203591231865043,0.5000747545060038,-0.2317412658224305,0.262351843813738,0.12057751820769781,0.5466796962312885,-0.028295787448220554,-0.4670876609092674,-0.21754502280158966,0.4519813268163853,0.4879312108421485,0.5690883803606229,0.501358627435895,1.8339427876017127,-0.35175097813205747,-0.1816468989742662,1
-0.3156375848373858,-0.08058215195308326,1.0501071224105762,-0.13822461727366397,-0.6640651663737072,-0.5737491673230845,-0.3912303859030909,-0.37248135259866744,-0.4065702741798941,-0.627454671415162,0.6432080959155008,-0.8215930990257482,0.14754939055042618,-0.7383149495825662,0.008663509022398147,-0.6807500966351101,-1.078443067625979,-0.07133299115253826,1.003899480203142,0
-0.6593503760146036,0.0059222534566922705,-0.35370239075022414,-0.5460212253685504,-0.0035465612999857257,-1.103718406049186,-1.4545766563163052,-1.1146296324640768,-0.7168845075717631,0.5438831325631907,0.031733098723224176,0.9440565628669343,-0.5342205186055832,-0.2336207652188856,-0.8709921676750075,-1.244105384768994,0.3182639287223958,-0.45726137268748823,0.046778718083478714,0
1.0246796048488385,-0.2736823215550429,0.7510195945872763,0.406175330384606,0.6536711758699574,-0.2503574037424757,0.4492613482242755,-1.0446041965724238,0.6383574301064672,1.0666697723368932,0.08112411966634285,0.3110317100946836,1.374639350909989,0.6628928981423713,-0.5272724187056955,1.5055824206153212,-0.31373372848447717,-0.8153289333834941,-0.11042835254762666,1
0.7710389604877977,0.5406244540519172,-0.23193427299096941,-1.037413679067877,-0.20643423790903462,0.17983931118292223,0.5718912123202392,0.6923654036265022,0.6783090933201319,0.5316690156882168,1.0934340112622258,-1.016379680540821,0.47996840661660634,0.746215417870808,0.023836621668846692,1.1332375535433337,-0.2756788895913079,-0.11512453456643289,0.1395593377835375,0
-0.07275662410691676,1.227758180254765,-0.5362102088416921,-0.6184790143544443,-0.41305023101991295,-1.4704261475895457,0.07357155628578195,-0.5221086678423764,-1.057193412247355,-0.8044602775542264,-0.778767340709554,-0.545634177784127,1.2885562373395674,-0.29764000960530657,0.18936349120778953,-0.632276887153406,-1.4791138677800895,0.26513960148793736,-0.92373805962586,0
-0.7552400235683681,-0.8284201383466044,-1.195338852464962,0.22714751734899286,-1.4777944330217705,0.6264768452935965,0.41439847144756076,0.171765436867887,-0.47431850390006475,0.4689415066439716,0.4487467972079363,0.6836187721735778,-2.5161698906921606,-0.6749112829529605,0.18988623433415552,-0.736807961206701,-0.5357937456386387,1.3965060450150395,0.3578264730389477,1
0.20710215470148474,0.664983825638687,-0.7288860056124332,0.5948487542169437,-0.2568968016320322,0.17498730867067347,0.9432366544571515,0.5538672738035657,0.3349736768325228,0.07537771316394117,0.5704027332958488,-1.3513128101810685,0.009748935352473948,0.2180453836183042,0.17496931478802458,0.3405190774316108,0.029832530092733678,-0.5775527745466909,0.3152575985343677,0
0.9898270086982509,0.5995112695531929,-0.6231320475656686,-0.3778827576392293,0.3373055389411283,0.573546456875801,-0.015586647578134397,0.22144873617609587,0.5330500260000667,-0.10832011293431572,1.2265937934192437,-0.5610359774826704,0.008785577441559231,0.30914603377920125,-0.8681804601065326,0.33549097267633865,-0.21174691313257035,-0.35253475569050663,0.49833005019167903,0
-0.7031136099677778,0.31979911065217514,0.2464323997776773,-0.7958475088444632,0.7172722739036452,-0.7089553271619574,-1.7662621950391109,-0.622413140637365,-0.5838948611670014,0.6122017129581805,-0.3182645489681179,1.2062044285446782,0.11193195412744714,0.04557678422299928,-0.6362620272773759,-0.44206644430209235,0.30147143248904495,-0.5952425507284258,-0.5860414604698414,0
-0.30094982724726316,0.33784065281220443,0.8494065026925697,0.6615446122433742,-0.04282725183445759,-0.7139666805570881,-1.3985145949173012,-0.27246141414366,-0.7136364918685241,0.6667637722299365,0.29711671193154804,0.5125270441673425,0.3202001801745888,-0.669598521842446,-0.10175230063438188,-0.21469271517775784,0.151620011415763,0.5597769208347982,-0.6642809543940745,0
0.13120935016819527,-0.8730995390529737,0.8676662617183056,-0.22215958336320082,0.5378367735131869,0.31219074106386363,-0.29618656534668514,0.5698144557097093,0.19760674196621295,1.2692635846102633,-0.8804976562590607,0.2222569753514855,0.198315563208643,1.2728329754577812,0.7105058409199542,0.4495559394230828,1.3013212888984138,0.8388267910872067,-0.29080446070079224,1
-0.0641061646079196,-0.15233013186239072,0.09518338194685175,0.30539474505099723,-0.7048667147821351,-0.9055461044905412,-0.5586466871008722,0.37901705550530274,-0.50988849213068,-0.3165543411191159,0.3648266622522836,0.289601252949601,-0.2421797975029814,-0.6230747425428664,0.38239006283594285,-0.2730333146813483,-0.2911714448997158,0.585634325074677,-0.4826411947539336,0
-1.096893623222288,0.6883871450599166,1.2053815061235449,0.03976494021423479,0.8586995866419126,-0.014841084356184347,-1.541243086808209,-1.7768182822641356,-1.1216129454803565,1.4502669361149325,-0.685872989851682,0.07610724147080566,0.3617605584550866,-1.5040392257546524,-0.5996152279590237,-0.6017207388088395,-0.29116574134051226,-1.1535511569244623,0.02960549656473025,0
-0.5169624461644623,-0.24905933896269233,0.23603303993940586,0.19308480047018167,-0.6262511502095675,-0.24541091502670576,-0.023684695067710135,0.5159857067208511,-0.4575512368048397,-0.5412052844993865,0.04477450133543218,0.362357736344283,-0.44115739670971893,-0.5201689413804155,0.5966036043455454,-0.3125378401145679,0.11518224123454475,1.0556507168974818,-0.43999956752644953,1
1.0435480677095377,0.403077254596565,-0.3263630400045282,-0.8756728741578272,0.04773275675861703,0.5386848995778275,0.6349921988010406,0.49129662248934425,0.9038243645073051,0.08807317395844999,1.2096647423416844,-0.7258870477928564,0.4330379281349585,1.290542846278219,-0.5432113259656779,0.887328730943691,-0.442036693283454,0.12191456986080776,0.5812886416264307,0
0.570506776507874,-0.6823023735363014,0.11975060828883952,0.4115174059031271,0.5995469994324641,-0.2551198399492102,-0.383441662129732,-0.868525994649868,0.6354881342597445,-0.27998141972108825,0.06259190437579935,0.35110577019911365,0.7857120145600178,0.8636719062901943,-0.49197353570677277,0.5296940517590681,0.4239690082156977,-0.4697784412213361,0.2891035327361217,1
0.3201012732823414,-0.5667463622214783,0.6390614163401376,-1.0708824154108807,-0.5393899731963266,0.18176550762603125,0.24927317781780922,-0.42051425905096007,-0.33227188572208866,-0.6509651668079242,0.22577731276435162,-0.18564758044027585,-0.15811010936616132,-0.31161324115361894,-0.13891112919388104,-0.8335407635549217,-0.5536576592559851,1.4660487851902952,0.758845206210817,1
0.19522756621719897,0.5751201735246817,-1.1582256138775573,-0.06448818677066658,-0.2641812924972828,-0.09430271791214262,-0.1455812130071031,0.7923056244453692,0.11803537664476974,-0.14651103526826775,0.3275194209178953,-0.9630435833392867,0.01405411342190905,0.1749819479654749,0.5029130620937748,0.4674693529458197,-0.15234060575640432,-0.19364299054087084,-0.37505751091246714,0
-0.09140647246932818,-0.2660991439233264,0.39841087928981184,0.7998006716351188,0.8693669777900395,1.3208217848319201,1.3914928573576275,-0.7126594198097285,1.0877349121064437,1.111992392751019,0.18031235910588636,0.3746511926674679,0.26384361084075864,1.0163950082532667,-0.5966620852000379,1.3355804090757926,1.3053257395035593,-0.5718346756658009,0.4060662414963463,1
0.7200968268306278,0.22202942341175355,-0.9708591814421861,0.7261531622839409,-0.1619888755314438,0.20136060324322788,-0.4406286780362184,-0.03992440725473118,0.31782054471130405,0.02366022478830575,1.6822843984774947,-0.48733997535276347,-0.9897607947990628,-0.4915011635830116,-1.0310522105139412,-0.25904808153135894,-0.27276159423530905,-0.9368232924590768,0.9858538269860629,0
0.36432892369618747,0.2794794696148145,-0.3261638956971279,1.1448154061839813,-0.04719820102986503,0.3766105326593975,0.05710104185761129,0.8845080262188215,0.15320498691194195,0.5170362215977337,0.43102031583703465,-1.0065141632276224,-0.31584505284654874,-0.042237037249353446,0.37690865384191075,0.3705426441254197,0.10144791767163287,-0.2866221746669247,0.1142555702837408,0
-0.18947505304145706,0.4220148643849306,0.5582407468670275,-0.7955015604645491,0.13106426071779972,-0.46834246304214605,-0.693358736237346,0.5333537823528803,-0.6463882788112466,-0.6081313201746609,-0.044559242177750875,0.11963199936456974,0.09506325515234659,-0.9602812499020115,0.23683285980402613,-0.22832847140196766,-0.729745634285823,-0.3884267662784769,-0.5013002413178428,0
-0.30082727730183806,-0.7003703152560262,1.14982514898218,-0.014576562458295394,-1.2475799558920844,0.31665032227966783,0.8896345092629048,0.34643026727227677,-0.6029524504917049,-1.3409922612637986,0.09736506213674909,0.051561396777830386,-0.3356298990307004,-0.5162154144938841,0.6837384850580465,-0.8587084434026092,-0.6955501720601793,2.905406170285123,0.3209554399185682,1
0.6989205580358478,0.8053753228304338,-1.206571066918755,-0.239214766137241,-0.03921231086542539,0.025153189605523065,0.4811569331938471,-0.030775686128436164,0.8236611915585527,-0.3022313150478134,1.0206852586654014,-1.3552171123191215,0.8034574510865619,1.110678690796175,-0.40408392042524854,0.6185180432398946,0.3154893840419929,-0.2650648584865322,0.37556792553476515,0
0.5670092681273714,0.9921803372148311,-0.3927041613952012,-0.017479802212776282,0.045358410327665154,1.0467056120451872,1.748220182704336,0.36212317011441897,0.9603330006345,0.26861370042732047,0.769581660423442,-1.0618895182540538,0.9311250736421633,1.5045303673248243,-0.2639327550358614,1.4684054050060105,-0.7046614791706272,0.2611360669519781,0.2653017538823208,0
1.295263516000197,0.26572593038267966,-0.2755231913993749,-0.6351413660842113,0.8187523765741604,0.5821325220704386,0.9078970115578754,0.5165728927982286,0.6789228610157682,0.22023536755890114,-0.4233073544971219,-0.692252797606211,1.023798915337128,1.7839851321415303,-0.08987641110718217,0.8240228387766129,-0.14845878724250083,0.09914799528228548,0.0075395789173364315,0
0.1925731066620905,-0.5156191384876998,1.7102815280273624,0.7567617756929353,-0.5665115452512097,-0.9189554531341796,-0.48090633089808,-0.03246658545699119,-1.0732211702607768,-0.775592961643122,-0.29515236703671427,0.6617308152679973,0.3966533133392395,-0.4819357333804773,0.20263482949841746,-1.2350004781603616,-0.7503382000014344,2.16565623899251,-0.18348012505526506,1
-0.49166493526403043,0.5026945014680425,-0.0037769620562376665,1.0428315239974066,-0.5318271340632134,-1.7776156127492335,-0.7204008621843051,-0.17270044218856417,-0.609204543037672,-0.11470813529147648,-0.3007331183806023,-0.202887365124928,1.2390618830561286,0.003922649772470489,0.7725008570831957,-0.11652817621184672,0.9384439550009963,0.8016288241754401,-1.3179162568386982,0
-0.006576808540315499,0.10831507844301977,0.19694226201530207,0.4988670767277483,-0.09459071250797614,0.19930098878741337,-0.30438155607194894,0.8776437576735752,-0.9737754538239538,0.013319880469173477,-0.4999766525589745,0.6350091296465239,-0.7081634190434227,-1.0501091021253628,0.5012625220883162,-0.4714366767947224,-0.4119060585020785,1.1360322487759813,-0.9788802994598009,1
-1.234860544128798,0.7031394992059027,0.6473068507565277,1.2365931778368255,0.41529876882003997,-0.35220219754277093,-1.0898288387448019,-0.30953638622865676,-1.0435499763371223,1.2772135069758919,-1.4186211636981643,0.11799138607783173,0.6443710455085567,-0.5695195241923542,0.776333257407902,0.3341155892757467,-0.6130949601126883,-0.41497755337128645,-1.2342011765777692,0
-0.05739565930843945,0.6671042374099213,-1.1522942181277387,0.14173629030102877,0.47781861671637355,1.4124617488549052,0.7324208783667108,0.6526642421782798,0.504604245622512,-1.0207645951507824,-0.11438073858035396,-0.789147011138548,0.005377347217301723,0.9569264453259336,0.013577370468239359,0.34464754738646364,-0.15453541444242894,0.16968962325658965,0.19971172440386598,0
0.5855157036567726,-0.7025113212814373,0.1842743855542356,0.7735616511565665,-0.2650636671449609,0.36013811864707723,-0.44152639969899243,0.4176651758670517,-0.005280656377484999,1.591663016170334,1.0621917329921688,-0.5062610661525699,-1.8991415115371002,-0.6761650147420728,-0.4687730362444016,-0.48298750371012156,-0.6528560317705345,-1.27498025365419,1.546277452969485,0
-0.03581918861352831,0.10686206624571185,-0.5308817683103592,0.030957273759553212,0.187655261189265,-0.5663515358594015,-0.6885340154568849,-0.6796712479979621,-0.5924178055509441,0.23502451289340706,-0.43357176523171115,0.6657668228276479,-0.13772367731023083,-0.4880101419478197,-0.35117618712223136,-0.34950095558740846,-0.4795581207216558,-0.4280627062102901,-0.5065186435352897,0
0.5198145314018032,0.9319620142827915,-0.061716603073709735,1.3340125118625161,-0.5181792210896544,0.46102831242923453,0.9788881176971981,0.906322831649423,0.7377720298744006,0.8887413909425607,1.2375172533714847,-1.366040970305741,0.8343377876154993,0.8061562764760689,0.4352117388247527,1.7940563224096375,-0.4704890293005774,0.45149921903431933,-0.19994960327791503,0
0.7016752203712062,-0.40990186421021946,0.24169730914804696,-1.3036230116976104,0.6790897559041258,-0.17394431410106956,-0.30269741714936493,-0.5213331406222389,0.40345338553258686,-0.7263427924470175,-0.06432917975464993,-0.16575654402667364,1.0300552870617579,-0.035094217071713465,0.016753699760342976,0.45579036426027997,1.2250670503008507,-0.15329288730092838,-0.2128823211053688,1
-0.7033369261184871,-1.4395782016067258,0.2942166768369806,-0.19427231394366684,-0.08258804728039898,-0.15928696996966243,-0.7569520560664972,0.539412944440555,-0.07537647677792084,-1.8470647109185163,-0.6521602085226244,1.0200476826051583,-0.43248890244044697,-0.6035257637059609,1.169451881733072,0.16419193566046317,0.5112988264394925,0.4257582799659124,-0.6220257938784409,1
0.11900475472681801,0.22228656510784142,-0.015253076869024903,-0.031247663195291264,-0.25252874030214956,-0.3640228333827682,-0.61757121768535,-1.2265352756031904,-0.6395591929175406,0.5998182284986066,0.22671129759511477,-0.26273518240940635,-0.03219917279672746,-0.802218048136096,-0.6228444047322448,-0.6419799902514621,-0.946414701517827,-0.06994141067861036,0.41853347161842464,0
-0.6623420620094415,0.4825466507342817,0.8388110404478817,0.15041505422952797,-0.13725225556022105,-0.5955136579948312,-0.9155110306435006,0.19956004667687133,-0.918396676235952,-0.2174336521635936,-0.5042059095109424,-0.18705070903658602,0.5456666957490395,-1.0090509667378125,0.754754740529013,0.006192083936582219,-1.1297959803969273,0.014978228401756083,-0.7510038611941209,0
-0.6303963714758805,-0.2956853758360911,1.3736331649126527,-0.40644206112762277,-0.6019427326409867,-0.06158282079609257,-1.0181224858715956,0.4990389591840808,-0.48891374163274665,0.372903085053294,0.959112421310741,0.34998819042125906,-0.8518268247290917,-0.9098873983317629,0.10980787736098226,-0.29225311607762533,-0.6761797239823775,0.4268028156662549,0.3990292157616735,0
-0.3287328542231755,-0.6032833615393898,-1.0240711326054455,-0.09444110550100411,1.4445735548895982,1.8259689787565807,0.4877644889873027,-1.1388668224899334,1.1007759405927506,-0.8500094829033988,-0.02610206730865961,0.44051899224915253,-0.7637316325252014,0.8565965193094959,-1.3214356864713666,-0.23832091489600257,1.939294222679231,-1.161567958782725,1.3318956122376722,1
-0.9178065269528952,-1.299777434323007,-1.0819079054929397,-0.4469786581152107,-0.9145779991848759,0.012040768948357896,-0.0958578177166098,0.6340290415082717,-0.10415603884213875,-0.64902811326228,0.12059682508313109,1.0769579781493483,-2.18950304747921,-0.565650988183813,0.6016247296761167,-0.3642652464027336,0.18306122695748075,0.10449194108450309,0.006475273113672637,1
-1.1108229400652438,0.1479674800811112,0.645251857730763,-0.9315979937527095,-0.14296381903700905,-0.7022815298391644,-1.2928264726439236,-0.7079165421151484,-0.7966597835671594,0.2322033681702236,-0.5045418990364526,-0.29458004584389236,0.44858042993651737,-1.0616404325882052,0.6197903334466737,-0.14249431388785336,-0.18734135633687016,-0.33362048843145586,-0.40436539481583245,0
-0.4522103742701699,0.7127652479022885,0.42977547186265486,0.19685241136463538,-0.21271371167019246,-1.2835283899380037,-0.41517521817396,-0.13541967285454348,-0.6864304617927022,-1.1496501653763203,-0.09777192675458633,-0.5246923257091783,0.9338762455085353,-0.6347058985595231,0.24807111816955058,-0.6641273069704767,-0.30818132677554616,-0.24052205333285986,-0.34111369230595945,0
1.3100892982339385,-0.20138222208096915,-0.2795487687701051,-0.28893748305044004,0.5964754921280797,-1.1181900629990702,0.022786557418628388,-1.1064401491014975,0.05727696043166485,0.41590344188492423,-0.6371705275998185,0.9599861831225038,1.462024352824435,0.27706307884842046,-0.3296479880655418,1.0000365485022593,-0.06727375697205337,-0.2901231881086823,-1.2980306602622913,1
0.08839948954841129,-0.7824787991696228,0.2671290395824803,1.230030591408786,0.9360914312616454,0.30336542675049444,-0.6397104227539433,0.08014551735490039,0.43880539885931436,-0.6299817132453492,-0.6685229412246204,-0.1145021361932799,0.5150336954047655,0.7330351286223532,0.42992790271310827,0.028158902413024742,2.202331661087189,0.2726482758820751,-0.06190404840404047,1
-0.7440450109693467,-0.9136498487595697,1.2285005809248517,-0.3358206903578159,-0.8081444545258376,-1.1792294779466896,0.19413616036444442,-0.07674109786862884,-0.5333053930498248,-1.2583846063544064,-0.20515310494241445,0.9701164940641118,-0.14899416480191757,0.48864623290018466,0.05445525508566886,-1.3328337972282895,-0.5814377400325386,1.0852150054785745,0.535136855383789,1
-0.7823709846639917,-0.6109470552252934,0.4035112408472833,1.229529387342298,-0.47588505071757886,-0.27343841122259616,0.1304027688330597,0.38421542798605063,-0.3502131199215503,-1.3905366462976219,-0.26828398028271117,0.47738497873095737,-0.549232612963928,0.10719556660988361,0.3339517127773789,-0.9107935050030435,-0.3623372165312564,0.6559285680785887,0.34808200773247155,1
0.004848596338182232,-0.24844255665010848,-1.2395950711423078,0.1888800932040685,-0.8323556483118618,0.3664160664705444,-0.5200109259530936,0.5890345980603134,0.10063555040660997,0.14386959257763324,1.0729930545166557,-0.5518509725096448,-1.5403536557570858,-0.1468828028662004,0.020733471834100504,-0.24595316002039921,-0.47464588476607916,0.11064820145752831,0.7197076266726447,0
-0.7948781293946058,-0.05138967918450803,-0.23092775986337155,-0.32724438099691805,-0.7352376280583923,-1.44661378644119,-1.2096144550660366,-1.1857148336576435,-0.6209293526449869,0.5320364780137173,0.42876029714079406,0.6171068683702043,-0.07892313472391668,-0.2042774175719268,-0.3694910202117749,-0.906513378500393,0.8949410909084649,0.6612518673809965,-0.2553689865537601,0
0.6866207481777685,-0.5328811163450405,0.3581207175110969,0.08710739284199606,0.30792521134236217,0.14201587769483426,0.8632478919979256,-0.6956179684268211,1.2906145921389,-0.18765446018461845,1.3057391145375876,0.4339505343048935,0.48382288549514707,1.1100081757703435,-1.1078781041304413,1.0324917128532178,0.23293221047550167,-0.8358638088902802,0.9655646502319272,1
-0.9993424374125193,0.31739310946755084,0.03381213925712954,0.07475943380778116,-0.7657015963041153,0.04740998709910134,0.5820189013478041,0.8207472346919661,-0.6248896889098939,-0.5430717754283565,-0.060214019572961686,0.08172345725543931,-0.7329288813787052,-0.1815200361716104,0.4931164060170133,-0.7372332104020494,-0.37655346954914487,1.07672585284375,-0.1597937729034792,1
-0.45658872629421743,-0.9188672796150694,0.3131008724705813,0.4763951902562107,-0.5431106534720825,-0.28106116753988325,-0.14040389078546428,0.932669105121462,-0.3667435358882361,-1.498608122819029,-0.168510460287759,0.8795247420991543,-0.8389452038896364,-0.3310546047131217,0.6872093099968651,-0.5997305934416981,-0.11225993714916628,0.989788785395992,-0.22424481813437114,1
1.229031203996276,0.2413142282217223,0.9116676024313423,0.7608468118675666,0.8912539982031533,0.09360774187222792,0.7472177836237085,-1.0061466237095402,0.1392634173360552,1.2979879995242634,-0.25077107000341425,0.58797223303924,1.5521194858962666,-0.07137358173745648,-0.49254902205184886,1.3104071107095594,0.4078970993832959,0.2572245896180149,-1.0092648426674196,1
-0.07296024079519141,0.36672431176098697,-1.4870551256729843,0.23681104184698454,-0.7353355831599584,-0.8069035597266803,-0.8251299498450424,0.7839519874768958,-0.07399530173001198,0.23992832603638148,0.2702738698114874,-1.6077253398429434,-0.04532731526854131,-0.25499395458573865,1.2231317904656225,0.32944937346588365,0.789255178137707,-0.22102005664095592,-0.6239198163577268,0
0.6321424139906329,-0.2530510321594686,0.31465393650969714,0.7407807735290971,1.1534967445207958,0.1184713257298229,0.013077962219649478,-0.6957353450452144,0.48004103192602093,0.19002300476063816,-0.5073230399935866,0.6940153186649862,1.048718128948442,0.9526989049062996,-0.5245841559740633,0.7493526488906683,0.605471519297722,-0.36460664884384303,-0.32291376993625054,1
0.3577562439855573,-0.28350391267946456,-0.7411173517047307,0.4978520880853059,-0.5683882449294331,0.4754075838837722,-0.2560457260946567,0.22984756723673516,0.49887716647342145,0.4343986811060616,1.7499509780130107,-0.1384802232365048,-1.4000685189228441,0.03717768186434141,-0.7362632031278645,0.04940645527885036,-0.39796198215631845,-0.2886614555598157,1.108975125013026,0
0.06577028804065727,-0.23541765323405184,0.3980989040905884,0.34044547233271893,0.8172900690897473,1.1230352562874373,-0.24003921967094358,-0.675433966242127,0.5539082665242907,0.10719770128711908,0.1530116691569639,-0.058685421991617755,0.46796711361743065,0.14458683393987248,-0.2751138034079904,0.7537979906626725,1.0123140141729803,0.11840027095387169,0.21608546845475896,1
-0.08809139988334495,0.28133698738459095,0.5449839991980587,0.09146070428523582,0.16292599784940745,-0.42803134075727983,-0.6658987729664689,-0.6037542666969898,-0.5567029947568433,0.3108575744444174,0.3247641141812551,0.4162195514653677,-0.2573478402745609,-0.12075539210696982,-1.0559399651288062,-1.0472692233895946,-0.8784933266146141,-0.4220425161005512,0.6670084130959422,0
-0.45836635439356666,-0.9031780555350296,0.8934977576766028,1.0757262891252586,-1.2179061813056777,-0.27182809288643883,0.12006469288184925,0.6404070141398597,-0.951416340132185,-0.8706819506410483,-0.14972053164098753,1.0439876802491908,-0.866409847178635,-0.8392773944169369,0.8160670798416513,-0.8928369419144082,-0.5196218111308742,2.628304123951976,-0.4705845405243722,1
0.8373172792961865,0.3860731996066022,-0.21165504438428953,-0.18750036179937624,0.10570322433999874,1.005565426596497,0.4561382556645004,0.43551224839437935,0.4698598089088892,0.49462645651679066,1.1678587948869494,-0.3609668188417333,-0.39012723876580263,0.32545931508392345,-0.7010611169393225,0.4772141263877393,-0.5147639092436819,0.13728760242498894,0.5811197526195625,0
0.6931449174163609,-0.2672355018951453,-0.4720934299699469,-0.9033134669741921,0.2624547829810944,0.3694139430130479,0.6527188740418223,-0.020526461106673347,0.3912236692802698,0.19145463727510692,0.5155037959280405,-1.4101395131247092,-0.9679389586420623,-0.28131044297612373,-0.55857186235424,-0.5982151436692833,-0.136292712391007,-2.1720294360461616,1.8015745576241389,0
0.0020307280108993906,0.31134959673909623,-0.4438688073872993,0.43757389454924345,-0.5757841830012618,-0.33650863907205636,1.2625369244309428,1.24447467266663,0.34704651738526765,0.06775919939127656,0.2723664210392396,-1.204362249698681,0.019659163857445257,0.4978018349756795,0.9018392525288504,0.5654610872461006,0.2599609845247878,-0.45367762355501273,-0.07009358535632752,0
0.5015965249404669,-0.5281206022973932,0.5481219100074426,0.6122371391894829,0.0394602470371845,-0.7173240519517029,0.04830505215977049,-0.38496138821362225,0.10859547803358878,1.1541339638032326,-0.5409790550014419,0.37693392921443264,1.2276467223232812,0.4025781666095821,0.7352414111402337,1.2274983939634956,1.1359963823135615,0.8783960915328736,-1.2844260992925784,1
-0.6414412711423022,0.39686623548328004,0.22908665818155435,0.5337423463291888,0.06859906068246716,-0.9824581908444131,-0.9750704219141542,-0.26470153167556865,-0.6111313528018493,-0.021910620986956786,-0.5947960652228947,0.20615595262670489,0.7461623269040095,-0.027828024819127214,0.3275190802009599,-0.06721828785183645,-0.3122416391170728,-0.11599740278653689,-0.792220537209401,0
-1.1232363173523707,0.8079799860859995,0.1616125211701134,1.4207226131660189,-0.8031607863696469,-2.044141508001682,-0.7810588581886379,-0.12255518822672282,-1.1014786925205802,-0.8664411032089115,-0.07435329420679922,-0.24301693054901574,0.6799602574742399,-0.8232007594604999,0.5575934742975899,-1.1170401832935033,0.4942641873614791,0.35560222078906,-0.8888557321249124,0
-1.207266826085476,0.5069909949949208,-0.24694228061713702,-0.2556259310182583,-0.4803373740224055,-1.2015549168423745,-0.7171646652553894,-0.7727268816813802,-1.261132866733255,0.53173963685691,-1.1223134754951327,-0.022036085576471978,0.47680127349720064,-1.526009224250153,1.0638030478761415,-0.1158810791485392,0.24805630658619823,0.1339724552030168,-1.6175611301987252,0
0.7686298253614968,0.41111450193453686,-0.14315142761823574,0.387049193032365,-0.600907133976254,0.09201186341048728,0.28418871120628253,1.0463203612601695,0.6017799103402047,0.5293935820515435,1.5121085624329045,-0.6407768349361039,0.11869208260596008,1.0345316846337937,-0.0709178984404896,0.8847634125034217,-0.5047332180511587,0.713780958302686,0.1991306546368838,0
0.6416479690773722,-0.9309567292262745,0.20505772950758533,-0.3655113635225948,0.7855077870439544,0.20009138407071447,-0.8801564389861454,0.47234180217046323,-0.09712645233240749,0.07994353353939385,-0.980714319482371,-0.36475616929920895,-0.05440271885307835,-0.1583893151633003,0.7934246295724453,-0.2535451836169826,1.729525415405014,0.22682145817600172,-0.2757427612614135,1
-0.5362368267428933,-0.9806893065654757,-0.32682754994144436,-0.6615664322810783,-0.38796194343243245,0.8322750970538757,1.6548758471271492,0.3294665385934214,1.1536829691646757,0.3983957050469493,0.9367793131692347,0.9357777641425847,-0.9856510240392345,0.6895433380279532,0.1617740390885159,1.0639367061461407,2.644025072438335,0.6766672551189485,-0.0530163853724586,1
0.05252022600558751,-0.2379263268965431,0.07023526034822995,1.0602585534188944,-1.0284563083298541,-0.08748274144240714,1.2058463865149343,0.7178171158845573,0.3383314423556439,0.6004846842715367,2.000812454954777,-0.43634833980791426,-1.8384076655939392,-0.2893311146625664,-0.6667124945462134,-0.7109304643956155,0.20258640517748303,-0.8034603838503539,1.6507461224263147,0
-0.07259390260689089,-0.13785871012087933,-0.41508564074897186,1.1420757329605133,-0.7722500715868351,0.04532887307437989,0.43012985765476275,1.1378200335216102,0.051273159982818894,0.5541548247220479,0.6478079271623421,-0.9657515196503965,-1.1545098201991393,-0.5179774008406851,0.719179249445292,0.22904213538614124,-0.3230322901727897,-0.7018714915951978,0.39856106616111897,0
-0.5548935801760024,0.6592133132917898,0.5175216834026459,0.22235944621889273,0.4247334486262835,-0.7055448083420958,-0.7509400098838412,-0.28267586732613664,-0.6336034004784421,-0.20603249628430398,-0.2259529382583102,0.19285633478562814,0.3409379894658795,-0.235245662650424,-0.43717426520560965,-0.7383608538052652,-0.4448122743500984,-0.8338660575732788,-0.03685800173602622,0
0.09581542917117807,0.1283655956636976,1.267650473637638,-0.31076588045338494,0.5062928076440621,0.3348803979675831,-1.258893985209993,-0.7757828428389452,-0.4907348999428919,0.6974018210666798,0.7762864226711681,0.521694400306064,-0.48379302373240607,-0.6843512277194029,-1.4018230099181437,-0.7983456161866916,-1.2073080588131024,-0.5202156735558325,1.0741053888606986,0
-0.7717950517996103,0.46236664621251805,-0.45465278568209416,0.3060205559533704,-0.31434012442683784,-1.8464462297582904,-0.9286421099055969,-1.2133455399988555,-0.7201614025120446,0.24157618009338475,-0.351814127268907,0.3514560745209133,0.8209755143304771,0.028259154105897657,-0.09624142107057122,-0.7581984756205441,1.170559309726339,0.2898936395606273,-0.9185309611481807,0
-0.6366736560854536,-0.034921351123377416,-0.23726580451239979,0.5402623679226899,-1.202861340396845,-1.4661743366679292,-1.1809476363635507,-0.9693030523807411,-1.1137313223837082,-0.0463287170625451,-0.033824554021220185,-0.25929174879712985,-0.020366053251337786,-1.0991061133617634,0.3740001073236296,-0.9538645271498971,-0.8407199854365811,0.6895936709904978,-0.22255545483064992,0
0.42906384537887554,0.8221209879843191,-0.7870358202464881,0.5607585944273409,-0.13306298137631115,0.7763042553649924,-0.18513076412479687,0.1090834346477077,0.49520417215962415,0.14400941773829964,1.8474753904912031,-0.6233594976770039,-0.3640932293709247,-0.07841316748243206,-0.8677559203264787,0.3950331695846123,0.030790054087066806,0.04429492248722485,0.5110768215859898,0
-0.09542930939633704,0.06272167223909825,0.4245848838131003,0.43519305702850375,-0.12310060771571013,-0.22741133441048736,-0.3182414541599909,-0.6115736505133273,-0.3462901640423487,0.36698776802582705,0.3464581386382453,0.4782036744100538,-0.14072408149223053,-0.04169309989196174,-0.6997532882453148,-0.4006730776199115,-0.9391062868243027,0.07486364319589488,0.3834476783439448,0
-0.07982491932860031,-0.8972553794694398,-0.05847759290947203,0.12368121840334724,0.724347163144718,0.8862679773452383,0.6010998341468362,-0.8076361880392234,0.8976627192002302,-0.24496843298059712,0.17360606008585905,-0.06349701988638125,-0.3948607523710872,0.5036755450663035,-0.6066749394962683,-0.019876132757353525,1.6901376751059098,-0.9522576132331725,1.2396278359891322,1
-0.009397029222833314,-0.565704800954836,-0.0775791179204816,0.015397313488134282,0.2949669045850958,0.21542006611871098,-0.509653640702902,-0.9623790771182901,0.06003844624346812,0.09037722681227629,-0.056131569783305274,1.2895087260278508,-0.011244607563865059,0.39877533401678117,-0.6114024401830883,0.07683686029170869,0.43003616033979786,0.855617382081424,-0.2242867903068891,1
-0.0748533577965956,0.37413982346744296,-1.7782171331519934,-0.8155522159940055,-1.173748214150207,-1.0795015939934332,-0.27597524628719156,0.9000425104434248,-0.07014587452719508,0.07318919299001075,0.19988967471456556,-1.566945748902658,-0.02969514949312864,-0.14830411849807532,1.4344086522395472,0.6847213329576918,-0.35079663613374823,-0.3972795932631927,-0.7428298890650401,0
0.9731498716908085,-0.4715621440384444,0.1700791378969585,0.6268513293750171,0.660403896994606,0.39299123699882765,0.6847570453217862,-0.8810359705925633,0.5642493749460823,0.8277338494519761,0.15433134881479643,-0.036279914761949854,0.28361293088342504,-0.017495712067171668,-0.5856411947533647,0.7116590250188396,0.5643681025458768,-0.8880923649089663,0.3934694950032897,1
0.7130244247446801,0.041512093943460344,0.41226777221583555,-0.7879993885449075,0.07138088453954397,-0.4515521558114587,-1.0982867268550334,-0.9909097488276183,-0.3018212185095964,0.6848374132165522,0.822711298296628,0.5560011192228083,0.32545392812186313,-0.5262492483991418,-0.9009505245193458,-0.1875220728764507,0.21559431988822086,0.6762457190806901,-0.15204346089377133,0
-1.581067588904815,0.45204241574567633,-0.5882826711224873,-0.28401182262122093,-0.6477351010362307,-1.159329397639336,-0.4614372661509375,-0.19101756061530853,-1.150103060535258,-0.18233965292648577,-0.9967658592376367,-0.07989924845300658,-0.22620939176565022,-1.1175441714106773,0.9706011535123258,-0.6056002030417585,-0.3511416889481735,-0.4727339123923062,-0.9586760010269739,0
-0.8577119977330884,0.8370106176412186,0.04341317635225139,0.245024170479701,-0.07718312380111424,-0.9016367544981347,-0.3168972942608243,0.23865263138945056,-1.206546774697846,-0.5173426794616153,-1.2667354835415183,-0.2757396940849391,0.5968765187986478,-1.4546730908947938,1.1483650362228046,-0.07769583813740356,-0.8549304871143324,-0.47049132573451813,-1.4734721618124373,0
-0.19714720948080067,-1.4229068417444761,-0.29325470611149224,-0.30941110985994574,-1.1843899646039528,0.0807050868642079,0.8159260304749381,-0.43940854444845634,-0.32966940629454355,-0.6036743587293529,0.33750372452269894,0.46694273849927337,-2.103034851949405,-0.1514914121953599,-0.5475628574699822,-1.806079808158375,-1.0764277082047506,0.6610383752504059,1.8127883333613712,1
-0.15220599059748804,0.6174034801626657,-0.010194099157020405,0.3204774061903694,0.49053987392160775,-0.6687053305393242,-0.19549472442394042,0.407492856304737,-0.4639117203243799,-1.1004362863327304,-0.29860495483053107,0.3413649588387508,0.11076684190530914,-0.15447034908023416,-0.3428423797112019,-0.6572116436677446,-0.82054211926,-1.1374548437837648,-0.19413941717910863,0
0.8323069775993581,0.3519627492086156,-0.034730135034220525,-0.2597833271698574,0.35737738310128175,1.1272589081526383,-0.14577715472909428,0.39614978185277505,0.442582258103233,0.39329126986991925,1.5676509967293266,0.02640213861807481,-0.7433555867314084,0.003107335714456081,-1.1489529900864757,0.18900189829343766,-0.2830381284610191,-0.07992273841579876,0.773500959626986,0
-0.8755307726642106,0.3496750606034196,0.41227727112771995,-0.12846712532553636,-0.13252413294650942,-0.5049546891199928,-0.23067025400887997,-0.2728754053838944,-0.6013367779911825,0.6110365500067918,-0.4474428005805918,-0.05171853684549294,0.09711773074827312,-0.13994997186054328,0.1868685547441602,-0.28778892549739643,-0.47041902516438994,-0.34881450450954166,-0.13131502710019177,0
-0.6404511892437624,-0.8158476819312628,1.26931646571396,0.7297790997995558,-1.758823059448508,-1.1010177077491397,0.011673112295481566,0.6228527982563403,-0.709254802335147,-0.9241345681287984,0.5314708924451584,0.4758673846997078,-0.09329577132795216,-0.9250109835651035,1.3005149406412755,-0.43088160828059974,0.508712084337038,2.856198284016024,-0.7321727771437311,1
-0.11918861028710835,-0.19518768143056128,0.5315714435265986,0.6555400911825117,0.10260338520302648,0.21810255496202507,-0.4666392480835045,0.5001348015205718,-0.6875193965162919,-0.6981518812382055,-0.4826644846341169,0.7573566096379273,-0.23899989635035757,-0.6800696162964034,0.38694392438636804,-0.4595974934556942,0.02718398922414669,1.3433803329002751,-0.7406735219714174,1
0.8060754033981634,-0.9006174075592922,-0.039602540998872574,0.21262808322783647,1.1528634978468832,0.5095323312417431,0.6194073160788889,-0.20679192790750214,1.0075891810055733,-0.12927766451567588,-0.20389739120533662,-0.601895784170374,-0.0783146429144676,0.9757987671611922,-0.499833947439155,0.04517662656377118,1.1264673255958761,-1.9367424033878518,1.390851058565883,1
0.8212902743175238,0.23886490004223282,-0.15052727226907336,-0.14722105988083867,-0.9424608874855253,0.14311069572856722,0.22026474409702054,0.526656099215422,0.7106945003346218,1.1155137798650265,2.2999181751286413,-0.3929745516310905,-0.42920693970243123,0.6049538750732547,-0.6228186511868999,1.0840500686967125,-1.3089520965342816,0.17867253999443683,0.737853788250362,0
-0.0611732348711196,-0.17956277764217832,-0.04257377685099573,-0.6683994586344882,1.1687077548033074,0.6182284903457008,-0.3713430856014366,-1.1806349110162142,0.27720587209074377,-0.15386514325161202,-0.7838540131354221,0.44568921601188227,0.9440201610858326,0.22322758969567497,-0.2132199826429133,0.5855721575144357,1.412225045564789,0.05681222413586693,-0.5393836510387591,0
0.8900079035379985,-0.11540507009536798,-0.5237754875173848,-0.7533429691709148,0.3007110279747556,0.27432988266475694,-0.3131557159537423,0.1619533082748837,0.205196240015401,0.27566703747047167,0.8914972789116894,-0.23815900456166514,-0.9465056452556978,-0.13160443031581515,-0.8847091588272693,-0.5106723068571368,0.08893677585615277,-0.8641580367529665,0.9114510237271081,0
0.5258043325621032,-0.38663451640389995,0.2741990543513356,-0.6199477159853347,0.7235060083772241,-0.23632670452464868,-0.28069489619456395,-0.3224110189714583,0.626990576339751,-0.7888713521972961,-0.024540335430064786,0.24294274299073004,1.174893816500259,0.765053379637836,-0.09159278906577958,0.7218032553029381,0.9677988716640582,-0.10811494626368437,-0.2681259204775407,1
-0.32824236454963646,-0.09877829798109376,-0.39872562457740035,-0.7715304202213439,-0.7086163053300567,-1.2068394066107286,-0.5888726871846802,-0.6227634982689555,-0.6819649361307681,0.2464455291410026,-0.3795443450982387,-0.14979952326997018,0.2813346990379606,-0.6935565458397682,0.6464359750111062,-0.2033331934555977,0.15799841541893936,0.4471198327983497,-0.7732526831177764,0
0.6935475508764501,-0.45116681443126844,0.07094947739651214,0.6335926422761772,0.26878937962258137,-0.15083516533000646,-0.10477950362774452,-0.7069609096970065,0.5386566023399671,0.3520457866679035,0.34857099052992596,0.6012166187541226,0.7188573110533779,0.5062496066428744,-0.35128978587112675,1.0778904745786457,0.2329242020759297,0.09151128697514958,-0.31245434017269375,1
0.5171234797216969,0.4766360153284405,-1.4106653945777812,0.2430034349840884,0.40606502724257676,0.4884679329028022,0.6848238050546704,-0.2973867063532633,0.8160217507202482,-0.7961068312694843,0.5614390376436159,-1.2109952680938585,0.2360065857904401,0.7197649702642284,-0.6186585148217073,0.1742157114472379,0.36475488082323954,-1.1174050071077712,0.843440055874521,0
0.8591716230566967,-0.8721874231398313,0.9415704445738701,0.4131822771749423,0.13914772309602227,-0.39009982531387705,0.48397427412090016,0.6648030840775394,0.5812230311196757,0.8945514081775857,0.04629162216069998,0.2699316079939178,0.4596372031481889,1.2848118547962752,0.3429181664965787,0.8046600342053368,0.8162871361769068,0.34602011086945683,-0.09777955023040694,1
0.9265428211349187,-0.9250369151123358,0.0901893856289288,0.07126372733324995,1.0801862460422236,-0.21238330145009304,-0.11940598290521624,-0.5583625673178457,0.39920481090235,0.29403928199394824,-0.6803929190282288,0.5755255704892868,0.15197935014061442,0.9805077557944443,-0.6662644880858961,-0.03706765033324198,0.16851055795910216,-1.3028917067552346,0.5332880380535993,1
-1.1268105803851676,-1.0570463080860701,0.7670304884445284,-0.958562238763613,-1.2439068372287057,-0.23779597481051018,0.2756258258236944,0.4407309891240728,-0.4857956385430746,-1.511297458030144,-0.28612594323451135,0.15579958345770326,-0.4674170510081176,-0.5827028485887342,1.3384135394096992,-0.5323677105958005,-0.043658037113410944,1.8442351652815259,-0.03010746717637134,1
1.0102576260049583,-0.4780141213121233,0.36270598825660444,0.9696016617470087,0.3695468076909976,-0.6487879142917935,-0.2615431402583028,-0.36652905648588385,-0.05454727303955126,0.014750325876994765,-0.43261331074812975,0.02570672157625416,0.9850532264967868,-0.22498100608826768,0.30828432543392276,0.3602082480251671,0.823974501612014,0.33453148877648164,-0.7117545083304058,1
-0.6276164159428119,0.17532020877817509,-0.10337960425166817,-0.3419503264562451,-1.141284246473564,-1.4309076770613856,-0.44647741509929206,-0.6888874536964024,-0.9701297690566083,-0.2543582221028132,-0.2770355262301891,-0.7426003952432517,0.3823614598137466,-0.8220781900706159,0.6565587427915264,-0.7566398596406845,-0.827992029141139,0.49580539492819237,-0.21386990264627387,0
0.4227465990713505,0.4409111845738391,-0.9112552690607449,-1.2639953723046915,-0.3116912551322186,-0.43942858305591903,0.022217937184238944,0.6602302605156749,0.2707184843266585,-0.16954398972543613,0.9032475045720796,-0.8851864616988568,-0.10501261467307622,0.10902258041206626,0.07083577660860338,0.09496705830875564,0.5725093802600718,-0.4055776721281037,0.016860701843900622,0
1.1782075365524887,0.4953361921204773,0.3770329043144845,1.331222658175844,0.2408232219040941,1.5631602951314327,0.45534207960612966,0.661755540454787,0.5774351871276105,1.277887516226139,0.9516998088243015,-0.6270656555038204,0.22055081954088215,1.0966531988180133,-0.46901226615386427,1.106148522067221,-1.0010896195217078,1.1194279968136662,0.44844740686835344,0
-0.5337067816838695,-0.4468830281352948,0.5450207195078581,-2.171754145028051,-0.26941994163889704,0.27018545959539847,0.2712981986174723,0.5817423522490955,-0.46831177206440566,-0.8820540434282377,-0.5304399687046406,0.22111664133777434,-0.3277781249726812,-0.8948334570418244,0.9657942187495453,-0.13309425141698464,0.18230128494538167,0.9522733142498203,-0.5199755712750833,1
-0.7970468010717594,1.0557592455304283,-0.2001744982874926,1.274316888412868,0.015011036983113415,-1.1078977766585854,-0.4102269356470243,-0.8159655843805413,-1.006687798942452,0.25767598077156056,-0.6426687091604477,-0.06775146911694269,0.5254469374349247,-0.33864006145768005,-0.2617505763397527,-0.9436655534385082,-0.3102883097957981,-0.43103280850084874,-0.5047419541438786,0
0.6783155001654209,0.1404959088124054,-1.1114831005706867,-0.45656781655904255,-0.22983194107405341,0.5833988478752505,0.1634786563436832,-0.48936999191695385,0.6582973548832063,0.46008080339325214,1.3992841051380007,-1.142358038971409,-0.5664989386871205,0.1374207152908342,-0.8304635799862836,0.2174933433951673,-0.3159762547478901,-0.8228162583372224,1.3001778786742149,0
-0.028075024382559412,-0.7980900291285163,0.2852861957176453,-0.4345613883281268,0.9574797214514965,1.2308804385197671,0.5792643829015272,-0.4350782964532298,0.7134587986550135,0.6983788589169039,-0.18784691991065375,0.40123730554626924,-0.6395242643527983,1.0489908133270187,-0.7453557278542061,0.06182183381010864,0.8643704923414718,-0.7816198219214078,1.1601310749122007,1
0.9748019180750321,-0.8821950193245848,0.6314293843458927,1.0960252351449067,0.6082212797404182,0.5030504269849715,1.3077881641596525,-0.03490049583143767,0.8236809327209514,0.8463729446700969,0.4541303563968843,0.39204067397244596,-0.5932191282106004,0.9029278244045637,-0.9707343716623872,0.20757463942366816,0.13336591739420356,-1.2497083624266567,1.325147362113818,1
0.2865463369784364,-0.15061986425361334,-1.2775924304169435,1.1629652178104692,-0.3991820078857247,-0.9050547139271641,0.3010192276594091,0.4385727055213968,0.29151074470829635,-0.6129693651690006,0.7474202822924003,0.08147745302996794,-0.8478137840779056,0.47042529057728577,-0.45278076434239467,-0.48494998292521063,-0.034171634854358805,-1.1571521744905862,0.4813270668779922,0
0.6659047595684585,0.907402449777163,-0.08739401791852855,1.8988268852332404,0.08406363213293633,1.1789626903878596,0.7001889425841816,0.627719981515371,0.7639054151666056,0.2885181671789749,1.4591146596050695,-0.38283451572148564,0.31890336353209225,1.137016017087704,-0.7248628133588081,1.0075192366179193,-0.49138666976478634,0.8417444614091699,0.3038292201592486,0
0.2028024119576875,-0.3178234654436976,0.09288536613437776,0.38268935222444533,-0.05946817243357573,0.7750614583271592,-0.11288524104480026,0.1613321417044293,-0.453321289376523,-0.9115182561224472,-0.310443905499341,-0.019078190443230846,-0.48264641466875435,-0.5007581186111337,0.11486990990818353,-0.5797461092750327,-1.033022778237934,1.0805282269844798,0.2699112150085347,1
-0.6931491577990825,0.5840427285560357,0.1412604057057155,-0.21564722877208725,0.16242169696365724,-0.97122958934109,-1.490228366988701,-1.055533866635532,-1.1068634159826785,0.5638045964977397,-0.3731454586784549,0.5632851757540204,0.13633531943094024,-0.8241993591566669,-0.49437194272232055,-0.9518112864536699,-0.2624183189222014,-0.2781862295873882,-0.4943826727691714,0
-0.5395643478267383,-0.816296904196953,-0.9588713904872184,0.37870688463026286,-0.8610964318178043,0.9347347450967745,0.6294309750989712,-0.050871525261307914,-0.16461197486587809,-0.5500894063706805,0.19623001676150512,-0.019495423932465315,-2.0037860600981423,-0.34407125142766726,-0.080369706019165,-1.002854721381554,-0.7689374246586731,0.553344364825525,1.208473019002074,1
-1.4128985297411634,0.20236337214388153,-0.21938919289849754,1.0632961654404474,-0.5636344020626641,-1.5700224722933005,-0.19727551939960786,0.23104736675070456,-0.6376808897840278,-1.1343023614353382,-0.4235828855585211,0.2408023106941243,-0.06024645868163139,-0.20661652318949597,0.5821260751182283,-0.8743017093702122,0.26724552065261903,-0.5533219224302423,-0.4820573623048251,0
0.22070885958859246,0.6011867570077453,-0.21470904942089566,-0.7430957642146939,0.24526098733336518,0.31099089573123717,0.48508214940685634,0.9274795733463621,0.36395758651042953,0.1529911681392625,0.4997506655395486,-0.28346368873042843,0.13777020562129172,0.4733772750083895,0.06688930794316707,0.6303459949166907,0.6117294207626568,-0.08282664263275655,-0.36982802118769886,0
1.0372430496888645,-0.4621271775080859,0.2736707576803461,-0.47092067150775724,1.007231686923432,0.20625086594956232,-0.21944136529193697,0.06354927264156071,0.45994385827562234,-1.4774263837482813,-0.057146113987008154,-0.7542341896659159,0.7893577982973844,-0.2644511283674373,0.10881234533152423,-0.17869198997008673,2.1588614011632377,-0.10446539379620626,0.15158985029667477,1
-0.49122780014319983,-1.0703409854936088,1.068957319018196,0.013252519027600516,0.10345025937246584,-0.27798155718438083,-0.13693888952635275,1.4267742389077984,-0.658161027059361,-2.0795499790607104,-1.222514712952111,1.467044333895915,-0.4595283612482887,-0.5803290295428278,1.1687026926204827,-0.44466611712018145,-0.41829128817825256,0.754649094335752,-0.9104402314221898,1
-0.35883979188038545,-0.14348457992221547,0.17445910477157878,0.2419143673744741,-0.48455939448371066,-0.5710694044058233,-0.32898371346143584,-0.0007684417498171166,-0.4746104329263174,-0.1586631996179951,-0.1294041610329882,-0.4222071912950766,-0.2954468912925291,-0.15654152031217555,0.20520954635163502,-0.5845035063120079,-1.3408537203356985,-0.4185328554943596,0.5596604514605207,0
0.9317431274501131,-0.529481413512719,-0.4604576314731326,0.5170067261144052,0.7991491315471498,-0.4859809610678357,0.33452951553937105,-0.7035103038601145,0.25561502335809355,0.10309320112682854,-0.6978154237471548,0.6450155119171789,0.5344627282821802,0.00045391918136334015,-0.21038484049402487,0.6480775395605493,0.4829321781371019,-1.143608449082487,-0.6208580663376275,1
-1.2251712349912665,0.8235983637452098,0.2758182350575885,-0.5295364042256853,0.23825771791453088,-1.315934861234268,-0.05514434745962627,0.8765571010806578,-0.3718362355045903,-1.1930269287718167,-0.38041210639696355,0.7675094862133355,0.5184369020170385,0.6779485089906451,0.16483773292760726,-0.5055191783053283,0.4686566461731494,-0.6390049977127549,-0.8689001802631757,0
-0.2860131876138892,-1.6025776132343643,-0.11998190629698846,-0.6765357870504485,-0.9530400805163863,0.7875931960887246,0.7216840474468253,0.5829101636262665,0.14256601132578273,-1.547582396814888,0.22354391512326588,0.3772455540095605,-1.3420481669583102,-1.2669686873266999,1.1525630902178376,0.21859495159816394,0.4944559946282784,1.3459754448237546,0.001527668862862003,1
0.8952003916480284,-0.6278595480447992,0.9726161888236361,1.8061833009473114,0.5374029793848175,-0.8414845769186858,-0.44500558666465084,0.15121565735930015,0.6049609263981832,0.1749641138844891,-0.3272456846973113,-0.41729541545005294,1.7328233749566229,1.016714494201041,0.7181051220202408,1.2724067847884961,0.7621230152076732,-0.25081477322525114,-0.467581205989173,1
0.44814386465243483,-0.4010279488796453,-0.13000772917097703,-0.12255303231972724,0.9365267061136394,0.7548845819768751,0.3578131644504423,-0.8170080667782961,0.4647376642166996,0.044868364452329904,-0.1989480800824612,0.18825044700259944,0.2031434673364378,-0.1358856399895916,-0.41621998248301617,0.39494367690785587,1.4924721307396238,-0.3936133361973603,0.03876667341739553,1
0.9694993109163996,0.15427678234141476,-0.6000172711860434,0.3677017474876455,-0.014621355632158141,0.4385693685129648,-0.0878168992199295,0.11004016309975855,0.46786264482080026,0.5300326693986421,1.1042208651822587,-0.8884896359445498,-0.3332843893196697,0.3745911083491451,-0.6233315445678582,0.17768530826692547,-0.3571626338602679,-0.3601067411522699,0.8924924040436293,0
-0.6498415572959644,-0.38061864446116633,-0.1793367306516784,-0.6739226136184153,-0.7834165853291577,-0.6552644667977836,-0.3671178384877276,-0.2815922545972764,-0.35615266059401124,0.1151086307300033,-0.04907232216884017,0.10855077805175542,-0.3606283611625566,-0.020282868747946894,0.343500887099897,-0.19675794002026434,-0.7724628503424873,0.17249402533720176,0.0851348425071954,0
-0.6941107123630863,-0.5738196680228478,-1.0203725290237962,1.4657438727537193,-0.9264649689628246,0.6748419999076051,0.11673084126235371,0.2848291293762787,0.47221877716922395,-0.5585893906082852,0.8556861500081452,-0.6413150764372327,-0.7722877851750033,-1.1674780805058125,1.2219532307097407,0.985736432910248,1.740145853103526,0.7467586436696549,-0.4265121097328705,1
1.0758248539646214,-0.203501995560453,0.12097075945389421,0.035800340966587386,0.6102177451737569,-0.32308566002126315,-0.31041597267374704,-0.6137592495426433,0.17962320686037112,0.005925116428822838,-0.24334628039085657,0.011494048856083567,1.2181538257728108,-0.019193113493154057,-0.003030487238333611,0.7214663502751795,0.6586033818287224,0.1579401938654171,-0.6901504381921383,1
0.3458242900753677,0.3626181676659025,-1.028768715961067,0.7010476527159992,0.2923181218143325,0.7089492273433204,0.4912162099257982,0.3572606093262627,0.39140782824879955,-0.7041626460762258,0.3681971224688324,-1.047166899134081,-0.41446519072196214,0.25430677850459543,-0.3174896793885761,-0.22355899652616365,-0.01922343425521082,-0.8062001956238628,0.8034728138744667,0
-0.8954980617571913,0.5550517522299117,0.3474819764361423,-0.02099990182832435,0.825881510263535,-0.4306437212749157,-1.4105241853038988,-1.3748418895606394,-0.8042823407793417,0.6573889525989244,-0.46398926901397103,0.7619740413803888,0.1146310070158408,-0.7267872949889929,-0.886618097475492,-0.7608212959241337,0.10828420233383505,-1.1189834489814887,-0.17504950557704183,0
-0.025659634778576714,0.122331973624782,-1.4478486981138996,-1.4178879587595987,-1.37091773073256,-0.903167212584176,-0.44316506109413645,0.6954166006761783,0.18705163010713263,0.4131299904636725,1.125147130399393,-1.109177435683015,-0.4702794875085736,0.24406146771983883,0.7174370523786376,0.43296376555500865,-0.0879969471256825,0.09890655189299025,-0.08681568743223475,0
-0.15686220523879096,0.8264053977247936,-0.9414342540791437,0.29246634762513884,-0.4833262798705487,-0.45564044493265504,0.46500068474271855,0.9878926422051428,0.37387706469677034,-0.7636222549736645,1.1709179205741527,-0.9117622752586694,-0.0058503457331482095,0.07164105236603832,0.2553560837451711,0.17665678762562723,1.1617613602735255,-0.28275461444366057,-0.22971992253758286,0
-1.2140833187137114,-0.09303941527559466,-0.48737636952294094,-0.8219520397671035,-0.6525375179023144,-1.0074830124583127,-0.6584111352378222,-0.7745318441958652,-0.8058308820656842,1.0338901246385688,-0.5874713430485443,0.36033921674550423,-0.42734618333303714,-0.490709485021673,0.45154911144515686,-0.44270087681513554,0.3451288430473195,0.02110128858717232,-0.6218284210227816,0
1.0550941527308912,-0.11903173603682697,0.30745304309578786,0.12440012566039536,0.599324370357195,-0.5171398004026935,0.6038420496885651,-1.1751827054629054,0.2921811974403127,0.509141111067373,-0.22881427231134327,0.5664201893800076,1.3606852395435518,0.3965522561655114,-0.5810516400970934,0.8886819897915633,0.1249020108123292,-0.26209858158507926,-0.5282094151646446,1
0.7060795847195775,0.6235422961479732,-0.9445806149686963,0.7469334868450569,-0.06664170636701211,1.0167323482455664,0.5294305935021132,-0.1266895236638635,0.5775287056515445,0.33796582718235535,1.0369715516758153,-1.1706299464766392,-0.0843231123054316,0.48307502954913994,-0.6443735681663567,0.593477326263127,-1.0127209329099744,-0.23762301656878615,0.87574425321309,0
-0.055774903899832376,-0.8937090527513524,1.2862888841302207,1.2750579112793352,-0.5408770640759389,-0.8358326268151572,0.11483643044379806,0.377361772174098,-0.10491530828951755,-1.6645873346841993,0.010156297698577083,0.07915194801012766,0.6619725914412807,-0.4986432123252852,0.9842256945743896,0.006548463988330048,0.4106813276086647,0.9986619143279667,-0.2760318805411939,1
0.40218367160356805,-0.13844801392819533,-0.32145354938400966,0.03023287241295321,-0.8215611285337734,0.25905956116372075,-0.12238623303019652,0.6734109660017749,0.22794925416270867,1.086700651380492,1.3960150385091823,-0.6297134620674959,-1.0999129079294208,0.30921199800323945,-0.17457619881134753,0.005242977948026514,-0.38715865856708553,0.3938083150988026,0.8634343423343944,0
0.4769282880499744,0.205093260152696,1.292176770233969,0.052946602931636284,-0.16254972974729417,0.5317869971805422,0.7219679365596618,-0.06348418925342293,-1.1467437236692657,-0.9047537247017811,-0.527753081565721,0.05384124641767209,-0.19523364793606746,0.23311779240701275,-0.849424672112345,-2.18915037678737,-2.4829951113752586,2.080543008912206,1.1879359534634792,1
1.1449383536816313,0.3793205087108039,0.3132475788816414,0.3517692953271767,0.44474328361268184,-0.5075827636599792,-0.664350011586549,1.162186197029968,0.09583297789088466,1.2580470076658747,0.22993705996871347,0.1374109453666118,0.7747650544946824,0.7559239784407926,0.291748128061198,0.9596848031514299,0.6991825295330587,0.5201521813351674,-1.248156567602761,0
-0.48305365710173503,1.002408632821733,-0.1882793831945887,0.9014335903367506,-0.17537195492069377,-0.6221183983661676,0.12504040243153086,-0.17772334071924142,-0.9432127788630331,-0.003081391050366739,-0.838524981832401,-0.10585808416553624,0.6919956979920349,-0.7035878325218304,0.48036387819133053,0.04551277790494803,-1.1303066966405406,0.10346330078033651,-1.1853933666674772,0
0.42571090262720523,-0.13198161115679333,0.5516302521040866,0.5841827607552883,0.39888403501048436,0.11176690600264168,-1.0729751958712255,-0.3521194104969969,-0.12565313513346169,1.076467004427258,0.4330098832573645,0.7544650730566944,-0.1571050407502488,0.19499670526113877,-0.791360268962892,0.0738301249987234,-0.5164003642854336,0.09184557258277942,0.15028225932492228,0
-0.8080567858877411,-0.9564040083733356,-0.05521547237642659,0.5102882544557052,-1.2027007599572777,0.38894966828602223,1.0362109132487922,-0.08945982904965628,-0.10014406351817848,-1.2525341461897777,0.20049015193096054,-0.3440431860111609,-1.1379048273630252,-0.2342128270523528,0.40885313401479206,-0.9399400218714924,-0.378742800314796,1.0808290330523591,1.1966595268980054,1
0.9462324282622477,-0.5212642232794711,0.3602146278078556,-0.23890407197220412,0.9788674469038702,0.1706618775382842,0.33586298863018554,-0.9354813187392244,0.5066894933321591,0.8934838319570017,-0.40146624729012703,-0.13276981088840842,0.6320579337561713,0.5400192944001292,-0.5441425196483815,0.5869440748936533,0.21996156316940615,-1.2509065226824345,0.5161101817437279,1
0.16953519655300026,-0.3341269126353335,-0.05104096312252372,0.06051355517375606,0.42445484235311687,-0.24238125736195612,-0.4095011660169653,-0.648079179807018,0.15828321208979998,-0.17792353730100946,-0.40281547380895416,0.7654617176201525,0.9369742112985681,0.23376412631980678,0.15905054297241258,0.7885854053450482,0.9996702797844305,0.6365987998566917,-1.0531918244969796,1
-0.03624005804178709,-0.9564534353811406,-0.24214936365884113,-0.9178192179588358,0.39874092130947947,1.1404962727994823,0.7933536228368298,-0.32163848531864137,1.0257632510582357,0.17908462252600896,0.528828954900807,0.03474733961424299,-0.8756631744000679,0.7261576640815607,-0.516493543827183,0.2304521796033725,1.5072366230099703,-0.5866552932123899,1.2390029141053092,1
-0.21552106269850024,0.2033114356228851,-0.7848419360281053,-0.8499352224512442,0.28036220311625715,-0.9123923579252102,-0.45853758874327927,-0.30427287641643147,-0.47202423060521104,-0.39026111315082124,-0.6098187335959084,0.46757181128729614,-0.13056669756306827,0.09571069360716151,-0.3429440577876013,-0.7343266297512597,-0.3796029835941754,-1.0183448534815611,-0.246585779205088,0
-0.44609941315095925,0.7886950339033771,0.3230738776902466,0.8650852377335295,-0.050673997516119784,-1.1725899177577357,-0.7769750699189792,-0.07808333382943936,-0.9710647722131049,-0.4262700413159046,-0.2130762596333625,0.06184478625479154,0.4525738929446009,-0.7831775009033263,0.007966554969231416,-0.8349843271826881,-0.32910898368232994,-0.155673268771121,-0.6349087425707554,0
-0.05764583135145415,-0.4339165243195152,-0.3831900707261665,0.005905844430477061,-0.144837513215393,1.1180832296725745,0.5851898897527913,0.041368788642534814,-0.46740086055188906,-0.16397036841062435,-0.42132022083252185,0.013185718506970055,-1.310334083553679,-1.0286922817045656,0.1538007324299209,-0.5965414597447357,-0.45631584308943324,0.5411765582211692,0.3122077879505253,1
0.18721263323328516,-0.6123456006765163,0.25011749343131495,-0.202447993791028,0.5311480721098017,-0.3343383015538807,-0.8484414783984638,-0.5049591476037882,0.19074155629838613,-0.5905998810435258,-0.38119851787335784,0.5842770624851932,0.8500852424012455,0.5128559769504714,0.08247032254318756,0.2813397523855808,1.0261244502674813,0.5311695125296229,-0.4895379242619917,1
0.42834480992409574,1.3854518952083377,-0.5098685276540786,-1.9661272735536803,0.5170630579545408,0.8089452005583786,0.991602490526101,0.5975766734696367,0.5681895143165931,-0.5705194688738757,0.879744835669135,-0.6401969919848044,0.7399216739988561,0.4178402258113612,-0.43517234504286445,0.7643116137135963,0.65084334141804,0.09697891074011321,-0.3659978514457911,0
-0.2526331550343279,0.22579789666598551,-1.1370614980398888,-0.6458794616766564,-0.7432756050497454,-0.37524788206575005,-0.33148974756415356,1.1960637567113834,0.03949986106110499,-0.019513187834910233,0.3939243143156942,-0.8110946779453407,-0.3968613176735219,0.20182411412641965,1.0082025844685882,0.3224805748572699,0.5604990108417189,0.3773058377812012,-0.5743965674097229,0
0.30728406323991225,-0.36132100051499827,0.7838433546244735,0.5376792653547545,0.6133236112515065,0.5444187471693285,0.9658340067825256,-0.42714090757422496,0.737496586404478,0.37960980118089027,0.2956728953598397,0.2863000215182382,0.507864436534772,0.3827197774748729,-0.35231290475450394,0.9630272898837651,0.971619803997522,-0.4054778462668541,0.2078286072148498,1
-0.6375969539935098,-0.9845735186360516,-0.36533317354401873,0.5682248983560383,-1.1341237426298287,0.9479821363822563,1.614542152698101,0.059697572993272094,-0.16005627509813722,-0.589243432432651,0.04206229028192637,0.061903972021516464,-1.7751344972239038,-0.49246692027468475,0.31876916688255125,-0.7411348546065025,-0.5642748804528314,1.0828170202034941,0.9830376908927998,1
0.684680088445053,0.6722752845772899,-0.29726728931283386,-0.9168282192976358,0.025812989129346115,-0.3086796474995833,0.494965830569995,0.8099975559963101,0.43029130811981897,0.38369648386964295,0.7237037092086572,-0.25197722610330553,0.610708316778619,0.7241474457785027,0.00499790896215376,0.9259277872694407,0.39216894671678865,0.026961813820465683,-0.6427462793574655,0
-0.41610584303846676,-0.4110559906154485,-2.211218761626158,-0.6961426029755095,-0.2784193586859851,0.32023015803000976,-0.007332755961057345,0.5298668485659536,0.30323652685244257,-0.9424048680259557,-0.7942310528071078,-0.9685717054435385,-0.6942262665773411,0.5162615898347523,1.0711675782075931,0.3386007424345474,-0.4145313445128164,-0.7265324144806609,0.0313539218361742,0
-0.7767798654642571,1.2814258114955788,1.264449939662788,-0.6851254288662135,1.2435466822518173,-0.7943116576057995,-1.4331254259720951,-1.3504224813584085,-0.9544044112547064,0.45386721827361776,-0.11857161438941247,0.7584025445335333,0.7585812276576239,-0.36670451382228575,-1.6345240082136265,-1.4434756043435997,0.2748990930390626,-1.1666828777276763,0.11810838821510866,0
0.9296357429509475,-0.732768056111881,0.6493614831904901,-0.13771241558684177,-0.6477462651296969,0.0056697541524420615,0.43729476014339363,-0.2847895846387119,-0.33138732044228375,-0.554817402560164,0.32923307859685574,-0.5313127829591037,-0.18402156333071715,-0.7687859011720506,0.00929933856126491,-0.6997043931300833,-0.8289053051912689,1.1439113415695175,0.808189407753839,1
-0.7582221335974224,-0.6151316752414687,-0.17289320205684175,-0.136827243808743,-0.7386337347558508,0.9405430775374352,1.5701399590006253,0.7428691411427008,0.12674938344875067,-1.401845180759048,-0.12793459276086194,-0.5278354614520177,-0.9110659541240229,-0.6037958823813727,1.0721201443501072,0.05106011760027576,0.03108199915179635,0.5988892982499824,0.35968398949209407,1
-0.2765261756699486,-0.2632764224683303,-1.1078901886115777,0.02595402281998808,-0.8964648389433497,-0.20100349085764188,-0.24908754251489987,1.0133199532563386,-0.07277130519258965,0.06745484669129981,0.5816282885847097,-0.9112870338111432,-1.3874357304682319,-0.6122778354183258,0.8050643822914939,-0.20206434210700083,0.20257645047406128,-0.45266566884859877,0.24650082564103218,0
-0.8814418317192344,-1.3882944404729525,-0.03421882541001734,-1.7276088458252492,-0.6679684629772205,0.514333228336529,0.7712236232997529,0.5915171935713064,-0.03771727927848013,-1.7596176056165242,-0.4768959750228223,0.3564177004514409,-1.2505264410410983,-0.6688640259435776,1.0856632833544488,-0.26639181494172437,-0.07454360317002871,0.5034111402061854,0.30077279929836326,1
1.140195380915518,0.1281004720277419,-0.6270690456630978,-0.6613692610192767,1.0613979097668802,0.8605870398621169,0.053884640418008986,-0.3601239538302178,0.37333514737324214,-0.14503797534389512,0.5655295795579266,-0.10921365411065088,-0.6222640113534261,0.2490918602870879,-1.5886497891959614,-0.7153555196516287,0.0716936752982196,-1.125373738298113,1.218802663653006,0
0.40578543637479453,-0.23378291196988615,-0.32171695902829706,0.47795575219746267,0.4555232656566544,0.21831467788368697,0.9140079205872401,-0.8782526808078489,0.42585913454657814,0.4342564404214794,-0.05460871314304536,0.9982878253486552,0.40337757513732786,0.10364787853970595,-0.42895405644298407,0.9462046636769776,1.1038934384892167,0.09628389268827689,-0.7454266220198178,1
0.6751361985012808,-0.016775443237081373,-0.773017463130141,1.3753310932225462,0.2145523811554116,0.9559323721323013,0.3134943811670818,0.0220448040996628,0.6258342048275757,0.3051422461087443,0.5700669535891751,-0.68062243527344,-0.4278344714972306,0.5892954845020835,-0.5106441222846769,0.5779033018141542,-1.0540096212266439,-0.8053633214876429,0.9547765336878788,0
-0.14052050516819914,-1.050143762862516,0.5639757434900556,0.8257450446682107,-0.6387588753410047,0.5146252552194194,0.6890244781446401,0.807261396508702,-0.32733935209200976,-1.7147208810079482,-0.4145512132404629,0.26528304129552727,-0.718119716414066,-0.5364394940788132,0.893770183469312,-0.4343750968428283,-0.9076451967715775,1.4784029678443789,0.19184397786978602,1
0.3154507881813202,0.1428253451209337,-1.3528839542098048,0.6227900240803098,-1.10946596251791,-1.2116291417722862,0.21609356537543356,0.3656097085434543,0.17910903851092455,-0.002435401516185657,1.3718102959767948,-1.3319415280763363,-0.6892846673033112,-0.645914722406304,0.2049029601972037,-0.21759813582052515,0.5516752759965996,-1.156500080817813,0.4326963857063129,0
-0.3791378979306151,0.779658123186089,-2.116682065187181,0.701479469986586,0.10416868126118796,-0.05086016322820336,0.4146656344964997,0.3197994852165062,0.42438078883840274,-1.780913404770759,0.051656667300143407,-1.1204199125777745,0.15428557606747767,0.4572007929209212,0.20923762699280476,-0.16706990752925574,1.1404694777787632,-0.7456291627729472,-0.12626851008561635,0
0.5944080684614074,0.4695618662325262,-0.6434682141870918,1.1358658450105363,-0.3575992878843445,0.0730620596793961,-0.16624752875710772,0.5696609523803142,0.41561921405164026,0.2808773230625734,1.566637464282615,-0.07738127191536653,-0.2725836472209889,0.3093767361103344,-0.4807162540543125,0.5420330903736651,0.03463005385780551,0.36117301203789737,-0.045157080917192664,0
-0.19185175956037528,0.18135891279172875,0.08301613924094828,0.2936273454712089,-0.11861423535943899,0.3307807618404935,0.5359690427769894,0.18073590318260063,-0.4864187851882551,-0.33383182229021774,-0.27356382424492,-0.2198040620885302,-0.4073881736142996,-0.487199753277788,0.08838856571552037,-0.6170467878778527,-0.4635481854300002,0.33801395598643713,0.15623495240696741,1
-0.3599986776873255,0.6511144670207236,0.16873220252828375,-0.684609214144641,0.771211523040919,-0.9199181136446537,-1.7846381231072836,-1.4235419735368509,-0.9843359273229398,0.9594304743001366,-1.1435809498431313,0.13064160074077916,1.2878402310394974,-1.0161099443706183,0.13879642289129562,0.0508623074682432,0.5212647902639751,-0.41861079915872756,-1.4136314705483641,0
0.8436603538898297,-0.31343405405375774,0.7868918674052869,1.0315632151738994,0.7722705289748354,0.2708001070408847,0.1628738265827596,-0.5384993475123042,0.624160445344952,0.3819521626792028,0.20526211416082943,0.07208884247851073,0.8970730189750167,0.799902275408748,-0.5724799636983327,0.7620846546981015,0.18086647654001053,-0.3267959827229308,0.3864430358910356,1
-1.0244483844951544,0.7291882519063532,-0.1935455567141294,-0.9523982800490746,0.0964356041465522,-1.1736640637039197,-0.9865674224038805,-0.8585859399296825,-0.9585644647568234,1.0733470631292616,-1.283376642479653,0.19236146177774627,0.9833044646268209,-0.11274439123539552,0.5444392677481679,0.016980542508662023,0.28530430865196005,0.02133252751718791,-1.4864571104494264,0
-0.033456059083068326,-0.3261936308652831,0.6012836167393304,-0.07710330631316947,0.05646938868500027,0.41367411287026673,0.04661168845115388,0.8173940551437084,-0.4358359835954574,-1.0872897230849181,-0.4660606481428909,0.3728766040022719,-0.10857732733333389,-0.9539410881189667,0.8497933208987488,0.024321284349899327,0.19273441442970188,1.1358924810199655,-0.8082865544013932,1
0.369731189044375,0.07184945627741726,-1.2035785470968494,0.1771303818856983,-0.1416125988335476,0.8535327240729189,-0.2593578394232753,0.20983497271224127,-0.35537256953487606,0.5606067989301979,0.21270656045848219,-0.173937432630528,-1.423284058602126,-0.708136022248089,-0.24703940233602284,-0.36423159930119564,-0.7633999875644213,0.07875872181472462,0.21019524963960332,1
-0.29733302865309325,-0.6314700496325547,0.4283941107160762,0.3102670837902158,-0.349900430291712,0.5061013977686457,0.6180690804828808,0.13312100770539737,-0.22510886653976495,-1.0881722945047545,-0.19690392971227696,0.14165351863793005,-0.43871702852587907,-0.5578802675919791,0.441087191545132,-0.4184305255017795,0.07419912290345337,1.1244280380362992,0.1824249817851608,1
1.559660631500756,0.35028594986801825,-0.038147947304892994,-0.23977154918522425,0.40732176732112385,1.0290749006707607,0.9145588227267836,-0.10955944054417933,0.7941271263255923,0.9030440076932003,0.8399801593897135,-1.3122094457688052,0.3821931870567211,1.250153262005409,-0.9852656000344406,0.5777661035598493,-1.2746899671862542,-0.43543929243694307,1.4400146409380525,0
-0.19282786526734125,-0.8150457941509741,1.0003281178486914,-0.29414429122068964,-0.5679194992912483,0.3476947576870959,0.8165280797984749,0.2664603062755694,-0.7462109834320421,-0.9365723036386107,-0.6031611193153393,0.568436866079762,-0.641836554267216,-0.6912538574598956,0.4819431334768289,-0.9436700156969773,-0.717270855278345,1.8088934151611133,0.1349150720126827,1
0.9039411972873136,-0.8779131846786442,0.25045743878020943,-1.3462868071499552,0.8275327867005333,0.01002102885330085,-0.22280299739669568,-0.2873220131653195,0.32616465211807005,-0.5180362717759087,-0.3135552370542427,-0.6566537147578932,0.10476589510021185,0.038663755697802636,-0.17412659148950665,-0.5053368441942611,0.981513441995841,-1.0220332998348365,0.9361006112037198,1
-1.0806323097020887,-1.1249669345414095,-1.7490434210207533,-1.1868203804499975,-0.10998306608593665,1.580919763451422,-0.35518124037378274,0.7761584948154837,0.350987491255417,-1.323627889455185,-0.28399416170999225,0.6192560116442605,-2.0317906652001483,-0.8084935272130621,1.0276350247912043,0.6079898104509075,0.5697364397638669,-0.05102642367291227,-0.3313618140601255,1
-0.05726979229937606,0.7394136831864312,0.17691614614013307,-1.461595775308307,-0.7275467513435849,-1.0052129755858061,-0.44138214524182207,-0.15747252379072257,-1.0426608346141215,-0.05779890420330919,-0.37409031251258545,-0.9269095616332763,1.127351555826752,-1.6755378143528137,1.2241505963452033,0.30035505240329186,-0.44725730093378024,0.9362880788806832,-1.4826300139608617,0
-0.35621898896509774,-0.47278992691597194,-1.9757851133072348,-0.06085693848359319,-0.8894672158679017,0.9082086971109876,0.4231413340274232,0.03553631247386766,0.3327218664380853,0.6134948293274166,1.0574709990979858,-0.12412492875722113,-2.1497357440660227,-0.8860626840989799,0.06802444263231049,0.2540076102195699,0.7797558387274078,-0.11884702538839007,0.31760590399734795,1
0.39772135665974867,-0.5004610952114545,-0.07472428960888665,-0.6727112224202867,0.9238519129014479,0.03451871567658897,-0.7402082528295306,-1.2584468181622064,0.08449045602698792,-0.08483205990216271,-0.6642129485118535,0.4414488544271271,0.66183400053414,0.18481295648475782,-0.44326173100461047,0.06425645147952452,0.6897150000212721,-0.20192808169740742,-0.11559258993748632,1
-0.6327295015740466,0.677964704655249,0.7287289870764242,-0.4656603173826387,0.9239844471942775,-0.24548656514180445,-1.2760556607121407,-0.6230022676684946,-0.7858617560390619,0.40111906433274724,-0.5855713059912008,0.3504844290982109,0.28540832794558424,-0.5646545674551648,-0.562708401873845,-0.5684762941616368,-0.6607171144763206,-1.2152568612655117,-0.09442312442495143,0
-0.03522731365770183,-0.3597471898167842,1.2862510800613187,0.16219228035426408,-0.00889217389080929,-0.5068737950738648,-0.5278989155300635,0.5245527482139888,-0.4834712921853655,-0.9990936124279135,-0.2882693742430905,0.5342563922332514,0.7500742883677093,-0.9599688479227545,0.9788005295567984,0.18147509177823323,0.9420824143164034,1.4002288404994596,-1.260058679164657,1
-0.7535412932661723,0.9034746612562873,-0.4981434181668914,-0.6029550902779263,-0.357123797842212,-1.9842538045042772,-0.5993029152169131,-0.6484080909712282,-1.0371287135147322,-0.2828783432312805,-0.7573130723544945,-0.19602149013907644,0.8576875931027356,0.09466269107360714,0.08631837489518539,-1.1793000577405748,-0.07417226445216987,-0.12052800517035235,-0.7265769247214092,0
0.716208920181899,-0.28626995533234295,-0.16662290942670516,-0.5182130956808978,0.24425851229149304,0.4845988506654607,1.1924287243619096,-1.1176324522300478,0.3208689409418397,0.05278700931474139,0.6666650880065222,0.7779402045681649,-0.20541133415847967,-0.6726784295884276,-1.0316003588754172,0.14275747247925086,1.0455665842926938,0.1618651896052482,0.09538092312312282,1
1.1298385627833671,0.6882120188943401,-0.462009060787049,-1.1748029937971276,0.06771265353583611,0.46978521232042536,-0.5624578308991149,0.533627365338835,0.35492349397271744,0.4308772702279738,1.4242746181445078,-0.07538820728438779,0.11582302260584121,0.5652285857760054,-0.7458519142472049,0.6310056285379466,-0.45615502450805046,0.8180617580991157,-0.12576036593776657,0
-0.8266701256000532,0.258226853371974,0.32384061135284975,0.32853691881453384,-0.3947510254064012,-0.23396665464094343,0.42063107971487684,1.3138147804356108,-0.915985532186456,0.008139158142753646,-0.4457553791706879,0.9141207102890042,-0.8180489421035355,-1.0227255549894452,0.8988642001663907,-0.32811523934786035,0.5195744955843081,0.9032905343811677,-1.40582884701354,1
0.6185153198539984,-0.9593676126623506,0.26208159407378173,0.3489068629676988,0.8452931322097106,0.18715660942719134,0.06708193015086658,0.16128095074905865,0.3174985592713415,0.02989145488978993,-0.6175324776572972,0.0487387274320116,-0.1926002139040534,0.5853479252371178,-0.008421564642466569,-0.33246673593908455,1.3738522621026161,-0.46719232692001583,0.44806184011280464,1
0.17337023390635622,-0.10428300135047826,0.9771412745373979,-0.1661980485447714,1.216183790839761,0.4741222903189865,-1.698313394017241,-0.13456676143128035,-0.3644031549017192,0.7409238541183838,0.4594731710348486,1.3911089459527652,-0.8832976971835012,-0.9911330911562201,-1.186519750562295,-0.3800361414462473,-0.00301155393265902,-1.1137499870065937,0.17485549770075784,0
0.08703332793149071,0.38959835939653525,-1.0467692035432417,-0.09627920756653942,-1.3184089807563357,-0.3119757065592951,0.02297703520478879,1.1577205015036383,0.36429235638265883,0.15993961174598473,1.3783635512858714,-0.8806362498142074,-0.2009121764334442,0.7398353937171595,0.6413435905533242,0.715192664532945,-0.10105355225545533,1.1965764024997827,-0.2644604991477789,0
0.7987357120879179,-0.010492439044110551,-0.33529492404896344,1.493728868756638,-0.4032596403088873,0.4028733732440973,-0.548092180920202,0.49128411204377836,0.33697833955955875,0.6850380692964839,1.7974795090946403,-0.1827348633222403,-1.0235657165233165,0.14503872292031417,-0.8016646595475879,-0.0006987164809379972,-0.4274233243262744,0.23180996671874407,0.863491813346919,0
0.6862368132836663,-0.24913733698405355,-1.0331781009717773,0.5649613601284851,-0.9331301568097905,-0.7057974961206316,-0.08554907390022412,0.4713343568255899,0.3995902845735866,0.6264422268902554,1.0625245746203962,-0.6678382793789045,-0.459156588599694,0.4769722879915278,0.16755714249582757,0.5771283499114989,-0.7300823208367531,-0.3985254409139664,0.3134907963324142,0
-0.4431341312091814,-1.0249441894696403,-0.35327117721101853,-0.8554922452326721,0.5279778901906509,1.1837921966114282,0.6578936218975466,0.155598077621786,0.8411288713750049,-0.24900132681376255,0.08173367274364306,0.5195229550448578,-1.167068702951619,0.830288920904138,-0.2515476210217109,-0.07781087416783442,1.9613129209751905,-0.2525302674639686,0.8311309124092059,1
-0.8395076185834706,1.282961167246045,0.36277606147537345,-0.2179968293110589,1.8340581321693927,-0.33049321203872384,-1.0721646870521666,-0.6548417519751444,-0.9075282735813737,0.18443141848485045,-1.4940716612375917,0.889672005396953,0.770947258167847,-0.4722664825425191,-0.6790749042805531,-0.4301828694520467,-0.1780533310100057,-2.0736808155275326,-0.9906688297693591,0
0.10443492065861477,-0.4484831116702219,-0.5451766463570988,1.2363105743150615,-0.20930195076014194,0.7020830307649831,0.049907123753869395,0.3872230410215161,-0.2914614230850313,0.11276675361893157,-0.06713277549574127,-0.007201779678333541,-1.0784829590319247,-1.4606420691457893,0.6559007870362068,0.17942937191758696,0.45818235888526576,0.37620255930470925,-0.49294212371775736,1
-0.5234985112626841,0.9297776837369618,0.1360659132386322,0.6164330430965568,0.2567357278201341,-1.3731638600834868,-0.7929962552424943,-0.7705995526684364,-0.8342996484405948,-0.4202081309247822,-0.10160206884922784,0.5003577269035383,0.3885847970227018,0.4416565645666356,-1.2200385699265168,-1.678140956542872,-0.7152599952623383,-0.6217816585851074,0.2953953936118382,0
