0,1,2,3,4,5,6,7,8,9,10,11,12,13,14,15,16,17,18,19,20,21,22,23,24,25,26,target
459.72186563928494,89.10089109414211,-194.1920650486972,0.6709120095691059,43.40541156049071,153.68386780878694,-294.81147161633845,303.18244975823427,-78.02492001025729,-7.43488743967919,-21.85891337028116,-447.3187939535385,-98.99339597953548,-560.6599471785079,67.66986105602523,-23.60170702053815,-67.7986198951418,30.077259941571413,-293.3122437982604,-321.1655799739119,-178.26356281107408,-121.7005914824753,-121.06058454970524,-288.2894373737672,-0.6694395798928199,79.58210054674922,33.89760057183983,0
-230.77144952726812,-51.76872387622085,99.72510430630648,-25.595622664315652,-28.597496355231733,-241.76685895121625,6.704678765916995,-343.41333547034617,-4.766250195645941,-28.679091230941708,-86.58212952405526,164.484068998406,-135.73673133875258,591.9155514484352,-46.56584198877909,8.965348192286651,2.9812170376397478,-8.559408592996379,-42.43273788447053,-894.510763553202,-122.9952992394432,-70.01754058872645,45.118618957548726,554.0229214940493,-26.467125113133516,-92.31711701708964,-366.2039611160446,1
95.8307942695558,-42.378720333654414,-345.1218579341517,76.12819449603522,-0.0138380691404651,6.719770460132942,-90.0929205696736,-21.496701995115288,-89.55118514451861,17.695501549343746,-22.25245953103195,93.8262411331044,14.476754157702056,-412.5438731220744,-15.00170874494152,2.597056110999272,-0.3094390071627664,13.507534720857484,-113.59379589057924,737.9703187719036,149.39287963025566,-41.26855527119049,95.18966716547185,-15.511208319109972,7.347067144440718,-26.38478112720733,253.18848187807652,1
48.79895721900718,318.62523537544985,-176.68953400246,-90.51940410939434,-0.0123025911402643,39.55795120879949,-98.10025465533153,-108.58293727758496,140.87493317753666,8.429406422502652,-232.57564378637704,147.83132206312595,6.215669678865633,633.5215941428681,-390.2347989576019,-68.59097882327615,-59.54466915472822,12.895424827865655,-51.0173600997455,852.7354633117741,143.31563709769898,-86.47653097214248,-47.66425671944428,61.875667026516965,-32.33117823353595,-52.02167428953368,231.3566777926584,0
329.8099997089552,232.1386188644652,-44.3126917861076,-143.78076254424164,-12.897418529477292,315.744471353848,47.19952595767259,201.38018954674664,-26.727299966265505,4.486396516979028,-97.8724491141981,429.7242450030696,-83.30704861445152,1499.33720229217,-602.5495735514628,-9.04523185949694,-487.1701815471922,11.350478144916943,103.32245032867912,1793.0293096040089,-95.61258513445163,-3.764511609898269,45.33442127132778,-165.3115288561833,32.20715010491925,-80.85884476540795,74.5313654542154,0
-338.78344660993554,239.61377635463887,-446.5003414764085,-74.88770434046393,-3.963175354394424,4.336747953872175,-32.861311693215434,-4.69324330776737,112.73033256160808,11.920515071416542,-214.54361258619437,-51.70288921673243,-6.366666861275584,-416.53883537202887,117.43183697560504,-41.11162267761991,-23.691440604459807,55.7673930283452,-36.93654737610507,627.0436974843602,91.80383651110049,-40.72558811779741,96.15298957765968,-34.974124981915736,-13.481074542177913,-58.02685840234154,225.73716873489687,0
332.3472821622639,-92.5520489762898,24.87669174837018,88.08015015223386,18.67998413605131,-285.07711081553674,-113.89064673226804,32.099963833566534,150.48927944439902,9.60036585581578,89.89903539392779,4.491970945139114,-87.4558934495038,871.4025889356606,3.5650145186510667,32.281573436062146,68.964071439799,-47.67660530743129,308.72305469400334,438.2624611043012,95.2850737030729,32.427622556682934,72.28378766725444,-399.9657067586788,-2.617696779809671,3.0405916209877084,-286.4815522769554,1
-337.9582794939982,-222.5406959917196,-121.629958526046,115.7360305886379,6.317008390566307,77.67718948971219,-85.14559185485756,29.02131233691071,-187.30699708392603,25.02070619846165,-172.43916996540182,185.701084299173,-207.96387045361308,-191.91989722217636,-174.08794472031877,-18.689591622906388,-238.7593525303785,10.343032135936731,-101.2357485426411,-488.9253905963864,-148.0888239673653,-110.4559957149286,-103.59045469677685,227.85463417534012,-36.06650872071956,-20.501085630206497,-38.48735380689901,1
-135.5465311035888,-199.54079432215687,207.62970737727048,30.174128830208325,-1.3336114396351642,-62.755957991976565,94.03569336021026,143.81022802488445,119.2096491647786,47.02755849637187,-356.2134117788936,-8.414688129855456,174.51262263872596,-689.0268113335513,421.4323833916165,27.078132413426133,-111.78397059099282,8.398552144146034,-35.328597277833914,447.18724163329296,156.94181533492338,-70.08676024498271,-60.22857827617209,441.6204308473037,-6.601295193251159,39.52625521352001,-163.35280677189888,1
-479.8184489459265,114.6548121050945,218.93108135879103,188.66894434115343,5.701001608235448,-244.7689463272218,-73.9093072296461,-152.53244125324,-180.03710300881704,-13.735051787438312,-180.05078086466202,-9.009005916106569,129.22816690977092,-2133.081714318048,339.5139523059713,22.437993753548877,66.64393632192719,-15.462436190403036,29.361877768170608,-330.24210604766165,64.79107817712978,138.63658583429475,3.978086722021601,-505.0059906973053,5.503049914873587,30.15145741612622,31.135086133517564,1
272.52194358275926,-199.55419548540397,-51.86161591171191,-147.7867951158966,-18.32799044320783,270.0357798787864,-71.00749457083452,123.56452657540062,-4.734756566815516,1.3799428762177148,199.4025184251436,-135.8771846862763,133.94179060943694,832.2443388672016,-105.56883391815688,-14.432708576700078,-133.54238272595083,-15.819833585107569,167.81841706705347,370.4849605155878,239.631000521501,38.623163866663816,-4.171216353861901,378.9268220366348,16.828345781749867,-13.727077223797757,124.31970877101318,1
282.8492541360312,-138.46409645562838,-45.59773760314872,14.063674666993446,10.185398202155616,-123.38713289164932,-182.03532729280303,34.03216324961824,-241.0753478614217,-19.06590360313153,196.47328909929684,-145.32740828715362,-7.141534779976811,49.17972991967983,26.328249192104888,-85.30708877685933,126.78484528564378,-2.702638376481705,-112.47521908487543,-1215.148566539317,-43.26250507611842,-119.8712342918032,-56.64432414146141,-54.28303598664679,-17.06120399619324,42.32175863767267,-88.66915953651812,0
227.8203552788721,78.23142602222086,19.893858756904105,102.06011513104012,7.95569887851061,-321.6942083728019,-189.05443989197136,-110.51452773984072,-52.57501509188775,3.566395742454672,134.09371779463353,-124.53368004896376,-263.3789610951824,450.9287160527925,-118.82905881908626,-87.02394475916495,-336.257697868002,-29.04940817028765,-13.468670879209554,-10.874698619940975,-128.678910740721,-77.95673862194118,-104.73260447515496,-209.266896807537,11.176405895491374,1.0900679632608783,-69.58643136128859,0
33.02164328185497,86.06401276173098,-259.4058159176781,-148.81565196399785,3.616714504834152,107.73217615294958,-185.5201979966575,-322.65482604488807,-245.84917450550373,23.14175596675584,-63.26461255008049,-395.50779827510775,-106.27183563350306,-900.1940999671997,758.9235051347777,17.46087186797279,145.2824419062233,-12.14131084022111,-95.0974616400009,299.21532862531654,-308.9229078370204,-7.15646096956322,-88.85628516200607,-122.06302630595157,-8.42567546678241,-219.7612821086969,130.5999125049153,1
-150.11701769666576,-24.547965563803555,-233.89661839990907,-62.15718738080756,-9.220353082773505,-197.65360281558972,-68.46549324857683,-9.914277171987402,-146.89935447462693,-22.59776425726784,233.7890403856028,43.484733318369855,-120.65373370155255,566.994813845956,94.28267501731855,-1.1484349434255954,-349.5307887143209,18.84293744885596,-26.16395125411377,70.09152005781957,33.72096348718207,-75.3542928690251,43.085532384768186,-302.7840299642744,28.012138996431812,-60.20230548156479,-56.2708463673211,0
388.60383979035015,137.28172925615596,23.989816320191235,26.83321264839754,-26.58934988853086,-309.3536672225212,136.11311207634458,19.05527547264586,75.619863823569,9.73956587823479,-189.83068921433505,-73.16088159094457,34.05159185231129,70.19050390870684,595.9295893480307,13.640196141560818,5.187022859957359,17.42015766448513,59.81598798357586,1252.053076347587,-68.47597323928777,-17.109727414445658,-68.03033523596054,-181.0748628014393,-18.29963959963625,-29.79218699479415,248.91889509257348,1
-8.060715165027073,153.5565379555057,-98.26643524505748,-17.27523314540939,21.815166036751695,89.35708254048052,26.39191261560157,-52.87300894396023,-99.32341961900418,20.55273591093728,-51.9818230210257,-78.03432741749612,131.2869252831758,-706.4894936937808,-27.725250566034827,38.57721226768151,100.6503965703018,12.11033292425604,-125.8114399574878,-745.572538761141,-58.87587267041695,91.50477894088054,-55.50630884670876,316.7418031166186,-6.952895300517286,-57.97904104369636,55.97014265390292,1
185.0462856673202,207.88709930949324,71.70236018308142,133.17947032212075,8.275208628873372,-240.36446319750064,-47.17617296142169,-6.186075597519616,89.12341506568269,11.226992563813262,-137.18163755002192,-1.6786091655566049,146.40863410900891,-444.0706254490594,182.966746507953,-58.909165065075456,108.41710591182056,-7.500648091368195,64.840133393584,190.0601381769658,93.20165242087155,54.52461649389633,-42.98687160461186,10.123554537439212,-4.559831115291582,16.525834888193515,90.19705933521664,0
-209.6140331662238,-260.54053010235145,54.026048278838665,-40.30962756792388,-13.653636616571973,1.539957708975276,128.21992592665805,153.87942361765928,121.0844388126809,-8.168619052237197,-147.24170354843667,-215.1873040025936,-40.85277289574972,-526.4331088298169,-255.5598171717764,-62.4352926596296,-90.0259027834173,-2.1630510300658026,-301.71434960889576,50.67458010695348,183.41860074553787,-2.585596116614811,8.630821096795785,-551.4944680416024,23.33623295341185,90.1371286928024,7.291414428092689,0
105.10469295406158,790.6479210086627,587.8690504279821,68.72935899075685,-2.250978504903075,-265.6368648747794,-34.923630092134296,-159.23805335122938,-125.8187548629907,-52.49441697544684,91.96850604444668,-87.51265017416513,-208.78163560531516,-332.10885224424453,-264.4105808218708,-96.84520483419452,365.8665422095321,21.447092193639754,179.84059732268943,-835.8673286646805,-290.79432211996635,28.281309200807588,3.1026915928385392,-329.04918923778536,-21.867520722879554,50.125946232613785,158.90331141094657,1
-41.9223148766326,-252.17391748526575,-39.59280037329384,-146.11483736220157,-10.6393315003139,-27.401314701039198,-172.73175385592435,19.29874010762214,-174.42007892221207,11.716850217926696,-108.45097596119264,-122.9271080480384,-139.91273339954324,-885.6057978302346,257.5323152276822,-38.46228346037287,-243.6345213039281,18.15045390122867,-9.39930449657104,-139.7586635140921,-332.99937886179987,-34.05139150488497,23.46160400574132,-175.8175654647533,52.9030673293986,-4.854790479676787,-45.43079188540227,0
-22.099872204340272,-102.09229682037004,244.468666058838,50.10399144842378,29.580937016516547,107.58573579102368,40.62695291115015,-143.91104526492154,17.32890926266421,-16.651814379883586,311.1011779685071,162.2037174677283,312.32278491178585,601.9671050507577,-622.6720452176556,-20.964783427412947,279.9054528691654,-15.991936922009437,2.8684028524661165,-1216.7121242136109,-79.4201455155921,-28.68835301702076,17.71480256254222,81.43986331852902,-37.79258012645805,-23.21400473058047,-42.30378006688727,1
138.92573302383707,556.0548169603758,350.0231528855686,38.19339425467521,-4.331585877711541,85.24205983524182,69.96497729592156,-251.01072172368515,83.87779991497008,-28.481321215867997,-134.59912551017908,54.3060466514327,269.4413084733168,-263.03657336288614,77.403565192754,8.257507202742065,25.60263457309168,-31.85749553851018,-40.27760535145559,1820.1713252304728,149.99768428694966,-86.4188047007172,135.3418259740145,95.77004077201607,22.774161773839957,23.62147171241197,-175.71718467850303,0
4.329512772021811,-46.48473478606962,342.7732445215034,62.50667643854592,0.5628432233029814,-12.94613389172415,-108.94997070978636,-6.460485143999229,7.18834569149386,-12.173316638065614,-144.10024943678363,-104.14504344166411,83.43441017976923,-580.1746967708729,-367.12527004680703,54.391855270280615,-36.525248137631,-25.25001668800324,67.37333873415886,-67.99089185367724,-247.81535405589145,37.794090319031554,105.23091993057136,54.81530696973454,-24.774369669675902,-14.6355610394893,9.601066498493116,1
257.99584270347265,197.6701787039246,-7.09857044276767,-15.083142708635336,4.139075903473538,-321.022665521035,-210.3966551910943,179.4395303861478,84.82931912895317,24.281813491163405,107.9106259874594,-201.9702963264353,-61.80425464629485,-541.5412413285568,9.123230847542256,-5.390115019519152,-13.400313228521169,-11.77698817731851,-244.58267706798347,337.29232681700586,-6.553741637446042,-51.86999976522822,80.03963640108374,-236.0427813579758,-43.12016346899215,10.763287813480208,477.794085561827,0
-328.99339289510016,-337.6532617665709,518.2434715448069,-121.29122029206694,-86.5429620877203,-46.42476909071745,126.4816570674132,-65.20690066028486,-242.9759084533273,-25.00015301935292,-131.79953554530616,85.94525188081116,257.45325877787434,-873.6088650762782,411.1736583054717,-29.254319834559503,-156.543265472737,-5.186451461014832,-39.77829935689369,241.47894298825275,183.35672223855207,-18.659463969503967,59.79897600308462,179.44735256181468,-26.03338582508141,-30.52789368324914,135.70711060367813,0
-288.6074179141553,-171.4456323378986,-25.22744061880557,-50.897162333481965,39.31228680311551,-247.8947290360045,132.63620994508787,226.08085004363363,88.1300714498693,2.097426271266284,145.57741044818243,-229.3103810870993,347.80774362536823,-489.8315314581221,-238.23156463649883,35.793636539748086,274.8474318612174,33.549373974859705,-128.48244004935805,-2093.9718785641708,3.035216798709772,39.05072965826281,55.95839449859015,196.20831745545524,6.959416591742372,35.10913709097605,-7.299504651957632,1
-158.44080193970527,-468.1290766356442,-162.89242540034206,-115.54387151881124,-5.545342623623098,218.81002366182636,-321.9375003623254,-136.91118529630472,-30.192891504841494,-21.140858637154192,92.75474400284544,-95.87048430507812,67.104504454493,-307.6794287784826,236.3954207033584,25.09113045154672,-136.9724465355276,-19.54269933201697,-35.077018952897255,-587.825777046402,-100.7613445738015,62.85491793419912,-138.8048853425172,252.8706076810655,41.47708194016895,-55.26521782687226,190.59429578790207,1
325.07338240446825,363.4624947684893,-232.09034624326543,-53.59713971849682,17.458681589610986,-196.2451240755448,119.93169171198252,232.2795158998016,-89.91911020684088,11.73150059386642,175.92653017978915,-321.0303951311112,-56.141419661691145,513.7208219878538,91.16752575232644,43.31527712577488,-205.9524041043152,-25.903046961137747,-143.36129630707086,424.2929423463812,-180.7133695537877,-21.36613653979832,61.8407125974023,-8.689267739133662,16.89787439018349,-44.07539358105168,-67.70235015010087,0
92.4791056799164,8.193362518013636,42.91701585361164,-53.32142923819784,-34.99070875643058,-193.23173938464788,-59.37319856497813,-85.53198498728304,63.64208174792594,9.909356228461617,-15.361756407556795,240.1879517585518,12.529975427269392,-31.277884723162373,135.06071509619767,-45.353048850588806,-161.63278329128602,-33.514739595730354,-72.06997686437626,1144.0371037231916,132.71024850156522,-29.59647069285134,150.5070742612092,-128.08633236448486,6.202409284995282,-10.117066977628728,73.87816379783531,0
-77.68103142409473,279.70728604916434,-134.17716215324847,-186.0534338867832,4.347373809677971,28.4644565856307,94.72744269895053,119.71252658189265,-75.42892792863984,-8.028156670065439,-279.4909406539694,83.07377587125586,231.46006185206707,-122.27202274654088,-46.83823512116082,-16.76182268296654,-67.1276246028671,23.327954844499835,11.520531213178064,801.4287195538672,-3.88327674292524,85.44459287643178,10.749969794720506,-19.53119023164148,106.3201196100028,-99.37416943434812,148.59088052374062,0
-160.72072940126316,-97.27233564764128,-121.49530795536144,74.16151185961121,3.939731801474624,60.47233005281511,4.921538340067492,-53.408275848847744,102.47641021847978,9.851417439959922,-4.781168016371282,273.6667590557889,8.724728518024873,-166.86359446623328,209.10835484608145,-66.52157113480175,148.8434942301035,53.29983704392462,178.93506957927144,243.72539758023305,-22.343900655051364,-50.9221475399516,147.1556649776984,-366.1570946950691,-6.636279171706418,6.146462842059506,-153.20025283729606,0
-186.85804872515197,186.83528979497711,370.3732334552385,-34.50307627638766,-55.775717660152345,125.6704723376825,195.86090018578955,-190.57889260957637,-147.9532293192492,3.742822128581677,-110.51777569581304,85.51756943593344,129.70391529486375,-1115.012810181932,225.4717284941471,0.6006919692612591,-203.4348710000269,5.876262232093965,151.057890199404,2503.624046613166,172.81579010616568,34.0662610820104,143.59744444120514,-185.8879994928957,76.3983663300994,-7.047393862990901,406.6665937383821,0
-172.771971475859,-541.0827344692765,31.212765908204016,135.4237681310378,2.742433632970874,-32.894099990798615,-36.63599390879348,-29.44762157088484,-165.74562894669472,0.3769887031849257,-313.28097055808865,-262.1083433625282,110.6527589798662,-870.8447632991814,-328.2827840853427,-6.556375606709388,96.65609128455868,31.129909021425014,-106.68928340934082,-1187.6690631521726,-242.29182642994775,-85.8027801293135,-26.88266839689613,615.8595033590284,1.4549296270724916,-57.5830804139814,54.41173127523524,1
-68.27951254440096,283.524841241504,121.77345060714605,22.249795443779277,-3.031939767630976,180.1759975763779,-29.860678124446267,-42.64988574006994,58.74532437597178,-38.11680903842249,-38.23558118469492,-205.8821247580899,-40.69516733886048,-255.5082073310808,173.72666268431678,-20.55156607379728,-157.7008371922659,-11.779491803434098,47.67382188131788,874.593648634665,-170.26808717318977,-6.3309402906028085,2.23948699499254,-127.81457456612192,42.87967125651318,45.30877767713528,-63.37560754213358,0
75.09602339226736,650.8528277203957,540.4176378261268,145.24939451168865,18.85296879601903,-153.95547981420663,-39.514608266250185,143.7254438961886,146.20875551067837,7.252954150860946,83.95007296021993,-98.61918769326496,21.26763414482384,-341.12186475773643,49.369760750493576,-58.3912369945964,32.39823193585455,25.94677063332553,62.01789185002834,924.56047216457,234.8477133575253,8.185662935991258,-11.558433618270207,-58.699598054471615,37.603917720290575,-7.112993194561302,277.6976997096424,0
-8.082169446434714,-122.97692203164466,-247.72187348725464,-230.19892089750252,-38.27214521135721,139.20955838920426,-17.560755537598826,28.86092861083643,-107.50726672432404,6.726506427016451,169.52707276556364,43.72627338037747,-120.35860839918968,-307.25406575993264,146.01673279852082,24.219637366747207,-363.1076485767236,-10.422374956697638,33.83722774689337,737.252537301746,-80.20285410304447,116.96234075399803,172.48936760158455,-596.4783161007937,12.789267522229816,-0.1361833574202648,89.42695376780424,0
66.8660954013944,124.46181625971818,3.9617603414554017,20.02628293254988,-18.265597588526678,192.78901251094968,183.6666742574972,98.57691127271322,102.90839472541656,0.482149248382361,19.616709807479427,119.88236740986704,-95.22224620952802,728.8850181905616,133.03618436201688,-32.7139446009043,-243.89429499613837,-15.34148110223814,-24.310270354563414,1216.6195398024822,-115.43684562484832,-0.2906520656477582,-20.41456168481215,123.65335177713884,38.99114670009924,-2.4582810076913937,1.72643980979446,0
-557.4896081133625,262.3375868104455,207.7925768390786,43.499592392535874,10.99427688904933,41.23527735038102,50.46586490406032,-202.94436908591425,-18.71952960378928,-3.99668649735511,76.2869748390626,299.18998489763754,-37.982975679894814,-80.43223892513905,-602.5702597741525,-68.61192796466563,-143.69237570753126,0.7814013332987406,-140.72403071136517,-1504.797177885237,-170.17763575360726,43.55796574759731,-82.96361891462834,428.0008270477794,-11.83446052819797,-18.94352308693241,-30.94777897710743,0
-26.98594301842242,287.9611616018594,260.3995809830641,72.75339528581516,22.75251148344058,149.75917420743005,108.89973060103476,-29.362414064915,-44.919254897630665,20.80439335177355,14.64701640722527,-45.10326861255227,16.017540635023032,-957.44507356589,-36.046081689553866,-4.715197483291156,11.028059288138405,28.45519613500474,-58.71155814596455,-110.3788345270504,-20.83488648569965,116.22199365936208,-113.4575984490168,-134.8011438717703,37.31015857892605,13.082187709419111,119.46825679312784,0
-224.51081340705363,-34.18780765093498,318.7208560038173,-77.2847663122751,22.879548784988515,-110.44854662655408,32.65802045714893,-93.2632027755698,-41.90013053092975,16.80846110991954,20.340853928933583,-14.923078618960895,214.9725243525216,-403.9950163673448,-146.6023438601147,-7.722956206299319,112.97181481465284,23.953858165448924,120.93682724555372,-1238.179437509354,-159.5507902627901,-4.168529194317116,-4.222899670774261,486.4592923111416,38.85646948944776,-31.00918844444859,-130.71684871898577,1
233.9916737062004,203.48701828128725,26.76045645479773,28.55561858682148,10.720808669713652,-80.697324899289,-125.59841158421447,-150.415473411303,109.15857256188774,-19.813042388511917,56.90243384707856,36.55692964204263,271.86999382507383,-116.61882248959591,-286.6041444408897,-17.973936358931695,20.039352072045965,40.6230595994291,139.69698478197844,-127.6040405547332,123.48979992691108,5.007963733290089,152.4983650994344,59.6505493809342,-7.849573761067687,19.346505581337368,-84.74622226938,1
362.8472390616615,189.61148973861867,85.28301075607644,24.77079988460225,-17.990963127298784,-99.02617618235313,113.74770558252186,27.68093704181669,-20.057996844671937,-1.5762870847415908,123.52980374451924,-2.07872585891071,66.68763935401711,649.33782800756,39.84690410944529,-41.70204412575549,-99.02989994769044,12.412534035448296,177.48577598837838,770.7961233631033,5.814832949133183,-48.00168898582325,57.29231249781072,-110.99210582379048,-25.644259501795133,10.857402730001557,30.49878149010254,1
-501.1198407823128,-242.65436545248195,129.0534334555633,105.87986942079624,-12.943810236110792,253.7126529888236,-2.7662549428063614,71.15917724070327,-17.74530531186906,24.17015321954573,40.30364641767967,-253.53271904449107,-53.22425209131546,-1044.4674962918948,535.484919003826,-13.424144906967332,-167.92867829711778,-17.956254607447327,-34.04940171189172,-15.70463315427167,178.60932277092715,-28.33454926151962,37.60292359201903,294.36708140363794,-27.65474573960683,40.54857425960758,-259.7069279115075,0
105.1295370768437,425.16608964398085,-237.14851508134396,3.818737505709728,6.230089845299234,94.72985942904934,-21.212908599202223,-85.74138879791288,-35.402708082766594,-12.346451979551254,259.6012984836319,8.202517314082062,-91.66452884505098,40.25065927367218,299.59215739275004,25.18301935120921,136.2056946872625,7.550041824499464,58.86753775912124,922.757854074772,-17.365643395624055,14.134765138552032,33.966404498305806,15.96522646699412,56.60132269740958,16.172351769369914,328.9536863081601,0
173.24521227303697,183.1754305953417,-148.62599901188327,-111.81322321533352,14.464891658056192,-7.240352683239758,-43.79818355650228,414.30678830544826,12.163317564510994,25.35131788739081,-128.2457894571485,-324.60485527197136,-104.2776203236065,-613.7258951546968,430.8881778973257,-22.26389973479038,328.0661526567749,6.875267927015959,-59.86102514285852,-260.3332964687452,-66.26124162001345,-55.62916143304653,138.86871252814825,22.36884639020338,-28.08101104467605,82.70079988306071,-161.2459516895807,0
-27.5643772367766,51.02459091852661,-304.6029356251678,-7.8014689409915645,14.667287478669747,163.5059033180919,117.26481102797128,284.67454277969495,-161.83816536445397,-13.105907984179732,181.72287367807184,-223.47538585044407,-25.35549906334587,-102.98515947722524,-208.52942768230747,61.08710720243358,-133.72110987433874,9.22375674239682,-94.26641138612815,121.09275206676053,-78.22248643033049,51.11757160730526,98.24753735481556,-408.1564381758419,23.36660862790778,15.07710849144802,89.59215563232539,0
162.8849996347859,212.60207742733704,226.7439392627118,25.42598268712848,-13.14917725851826,34.075715700976694,134.7363046722752,90.30593885176624,68.50892728198349,8.24829613802924,-293.9830728358742,-119.37292344977462,64.97851477735779,40.76899545123951,-197.5148287073883,46.91105463197816,-298.32474547969974,-13.466360082747489,12.113084264170247,1446.8658397472516,-7.971907552663493,-6.8276804871807135,-29.037253749062472,308.23502376067114,16.17621287480939,11.634914680916864,114.17681088554292,1
15.109663297988751,-187.9007380172469,-382.52713208346165,-60.38572782128455,7.952181630132879,-32.21630532156096,-31.793004916799987,188.0738661355574,-107.23049367741592,-13.181147951848756,270.17619305477785,-128.55101179392656,-218.93555858053296,477.5395985407096,-17.19299128660408,91.83578550667542,63.72200093494374,4.7397054330689,-418.7643255504336,-1222.0572925454169,94.11712519651792,3.2191878479898826,-92.60558018731044,336.4761950391363,22.680018156164984,-38.77318957982042,187.33667765251164,0
-775.5759428192711,52.88113888549725,-176.6517298253372,72.2391686220725,20.73337849647882,215.22094546859387,-51.01908749941598,-172.7356228735164,13.793454372420928,6.83853964674211,147.9232954942587,-102.39202298864022,-81.74613828203475,-934.2440504511663,-132.52774591296193,-35.67812460038847,83.73181745653048,-73.68542340013465,-208.12449440179668,-1022.4096578010992,-45.68550164023413,110.3830613810807,6.248290905584248,344.15669996988606,15.46470658536188,5.456518977511195,10.678468511454726,0
351.5599197244942,350.54788095329565,404.6328918562647,139.53641959487803,-8.23890376141315,-288.3787048997581,48.52764856683103,128.8966595941368,-71.7243617035381,-6.258016917207764,-181.81274321912187,133.99955106144134,-0.2142373753089652,-138.47679757070287,-65.56848096403635,-24.746387497096134,153.1527730063268,26.585332050448255,140.91159610301276,-19.936737590805528,4.537046483645369,62.50830622109748,19.200794335823808,-157.83278164099514,-34.60555947482091,-14.230186288843132,24.52427404442378,1
-97.02209526738216,223.08540051482495,-275.1648357599124,44.82304983283807,10.558915832091554,190.12673686826727,20.524635506185813,60.19620604430971,33.44151208483837,16.459015548411543,-299.56357258251,-101.38213626034056,252.8666935959077,-962.3399072324476,219.85779509448204,-88.65947479344143,-134.1183710003228,24.999655398735374,13.419361434765024,1312.630552807922,41.33229394525445,49.70974071835055,28.148588207673573,-35.33465266423047,64.9267382497374,-37.84955771788505,140.75784899424093,0
-31.174519914852382,-75.56858034919956,-167.2210585254011,-66.9004344100617,5.831392137085974,-88.14441784670177,8.823683707341978,40.53642529593187,56.8237306413986,23.29212397999026,394.1880987210592,-333.45099328077606,-139.74967404539487,723.7415635969044,-215.85398578055103,-67.35048596701486,131.39682444667676,-15.15871914723094,-69.55092356649156,-1652.9685278852314,79.80977908364034,60.97629574179157,-9.46796025194864,128.74227714572643,-66.07714429323437,-79.91179486286211,-4.132330156952712,1
-25.72932327617111,96.67105306359282,-66.3886096306962,-33.23637481892967,-9.855316497948008,63.75790980335538,5.658177268754816,41.60301776648207,-19.45144012476289,-32.89561910005503,-30.683886307438485,26.28617665007937,-79.46614291132754,-397.4077697011726,17.80234418038494,-15.932045871060032,282.5439066105936,-11.369157738150378,-206.0767128876779,-199.798442871321,-44.08939036909354,108.12593531592036,-41.21197790267944,-177.36633511629506,41.91551346589561,18.10655455150708,335.8240218924958,0
-133.71176502718637,-21.443895379695874,50.1006621430632,-147.62318142271698,-27.541668657603218,-70.42485844687495,77.37068271470649,-107.6423099013048,-123.56158756919255,15.085433041785691,-121.3607028763615,140.96955600189622,4.347942559109799,-614.5053988064952,98.65122741838388,-42.14255098912344,-78.92606280434734,-17.87607822694021,96.1544522419288,967.2694663242112,-74.26018237927363,38.88512525693408,132.8661172750487,-363.8000343053382,63.9085087502704,-7.568517229331661,59.081602196134334,0
-100.46576864012118,266.0290734198534,-171.05055208089675,-156.44692710519314,4.912209702764878,-317.3652557499837,-5.523892604621153,334.0748569891199,15.426490305066748,21.19071093548976,-57.24573124718948,64.5023306412668,-101.69979245482686,1253.1442450581476,70.98993287772274,19.40623221405337,100.2480161779372,3.9375744492357234,61.34096780462711,196.07186827384083,186.56382709931225,-60.88938624299697,-179.50178228974232,128.6718532202873,-31.68840334937269,-77.29583475329918,505.0340197668411,0
12.160728472041226,235.3987967763705,-74.32614308038652,-128.3283664678877,9.834073052643925,-119.2405117824038,118.85316582888896,116.29358750940274,-136.7105933116173,29.838888574725804,-32.383456193102965,76.82096014341609,80.77922585272391,-170.2471338521804,-31.40452133728082,-37.22835150294269,217.63674299597795,47.38921870685611,120.91541318448598,-210.243834431177,347.4792539277113,41.33261493307458,-47.872237599201526,-357.4169046910167,-3.2654021894343326,25.29137675535149,170.66719836128615,1
-175.15575612755373,205.29555982365932,-3.492218470767668,-60.76159110646297,-37.626150544547336,-291.1779834732628,133.58936214890875,-283.03667116200654,39.44147551099398,-6.184160453305712,4.817977692581074,260.31462619266875,-13.064118484643329,-505.2648589782071,562.223970682593,-54.757412555513696,48.746497312000166,42.28585479620656,-13.476855039152344,-436.87797616051296,-45.0743991535488,9.83440949632366,-21.838309258335848,-282.2382809572439,-56.60090753327994,51.52100224508733,40.524469575798726,1
131.50812176827296,222.59291191533717,-163.86825613017447,-144.9008616361385,-26.72826303842761,-65.49652571079032,-125.2364358249894,-197.4880906632148,-89.21169399646669,-15.14102716615173,-13.79264591958848,-77.80383421529753,-115.91352213185225,-151.18387981856483,464.6849127215346,-42.87251446074686,41.202573698135616,-6.066311875412905,6.526065829154134,367.10253268050815,-5.094080298939336,-101.42988117755884,100.58795848770237,59.65429893740278,-13.460815335256983,30.301235946638947,-166.85267548082442,0
-95.9857120647582,-514.8791730666744,-93.1343463214108,87.65848560138433,-35.68578614460357,61.85451009991869,-153.73024917336616,-38.01257441934366,175.928114541789,7.646137825934202,110.8140024483882,68.1206170793899,-35.81638151837461,-455.2597347292026,184.2030634207542,-111.54461672400606,-56.19609324829269,-35.29557754165008,-182.73730597863647,935.1312618273992,145.83545044807894,-54.59007036773619,185.49080228834995,78.46409089657972,51.69112797187155,26.284024406740485,195.2664437922114,1
-1.360979508208124,369.5058451289117,151.54571085724092,39.93899924798916,-1.570795325845153,188.6491129451682,15.766618135220796,-17.503501303027953,-0.9754144940719112,-33.00974736932572,-55.48871693797163,118.2576888402106,-5.063843646684095,145.41871466437593,214.936510185668,36.4659091581843,235.79565287832344,4.819253054553753,208.6951418700929,787.0916465136589,-56.24764629127842,55.23400967714227,-115.2804780794708,93.77580799186124,30.893486502021585,15.099533641548886,327.2419767574361,0
-65.34256357123014,-95.18682628492016,57.76677720423665,26.44591782798623,40.25713354533535,56.54769903288373,-356.8083989786993,-244.61436186260823,94.32936367616672,19.731302403940568,-68.97825953735364,-221.4449841340285,119.90508274225772,-1553.5585468289194,-258.2920482315972,33.16515996806955,-30.595818073298076,23.032881232380305,346.425119065149,-256.3824932403982,-70.73990338655005,42.60074360272831,126.31398858591147,-133.39053565751442,25.583098373965303,110.16334143724173,-121.99135580075873,1
4.813104132607861,-375.8133044355196,222.17462727541303,28.12070386770303,-27.85959400002583,-176.42037837525086,47.97390691472656,-13.323250164547442,55.040217895248965,-5.60731485528673,136.20718870644228,393.8984297141947,-84.58427281789172,806.7807447320399,35.926069300362904,4.159166129615052,68.1362615698286,-1.5090081266755682,176.06555676232918,-470.7716534857538,-15.77919709436059,7.758949203581742,19.429489338748787,-121.84107471565518,-30.809851064996312,8.73176737269598,-73.3061650737768,0
29.79318126396304,289.93124437660043,228.87252828541156,-107.48827853599472,1.1521851320545489,-166.09691013626593,-111.61444785437304,-194.5941797513453,-96.31889160229466,12.007798148346453,-269.9552980345713,-0.2921043795682831,34.05167603179852,-896.6548887136295,75.35653330057417,25.249514860208755,-232.190881597619,-13.671911029892447,88.59957237970508,1077.3630045164282,-257.7914419813582,-54.43044331192064,82.01431561647138,-23.416917164130677,55.63632676718859,-2.7940489129208466,-76.54900429036338,0
41.61852204654608,348.7295298425509,114.89118551410276,-44.49658041703736,28.19479547862059,-14.142723119098614,81.73965154803912,13.57478372762764,38.3620183137178,-15.97968283325758,323.0449185528394,143.08464007373743,106.93625348798764,895.1022985274387,-634.3749904207256,5.160073170726431,390.0336997269784,-25.904332376905558,9.025121044157387,-1177.3920813954076,20.434092366952967,33.74239670083708,126.03009627479652,160.0678796572439,-36.30061612505695,2.684758610947018,-98.29696695315798,1
205.2142922399827,206.86706842497696,164.4497774151806,20.201781626797786,24.57708736963328,-1.6572232462119505,-89.22980039487986,54.51830689640917,-117.81999651105964,-10.385691484917595,-123.75329172277866,-404.80393931585934,25.463741554479714,-533.0618440875155,-529.3062340140191,34.038685020632144,244.67302499750923,-33.07228097304597,-95.67940956743068,-376.97077693932346,-277.16692848825994,19.67818108712117,34.25726477089541,-225.81140552276443,-52.10291528502699,-46.81232296428663,173.8013812612254,1
46.24853736754148,115.33587040260622,-45.53441759088415,3.433631909920809,-39.793881719509606,328.9114860844276,-60.35677239007588,-146.79498416393696,146.55836016011412,-4.210089489179272,-245.4273628992944,424.552062213796,-257.6231428274057,1100.7608157237974,-112.23819225886326,5.351706670810977,-597.085729892287,28.414154155495147,425.1033218511168,2382.799465010375,-70.09615776842314,82.45766838105695,-84.47510287486581,-612.8806768369782,-29.09945225301721,-93.766049926951,155.18178251135186,0
51.652856635002685,80.6267747022324,-191.3392246987264,-97.61924481485497,38.74356959926892,-451.8817356406922,165.73790010457515,503.1579824105996,-108.03879693974424,38.720705118521366,150.3857011698993,82.64860224475852,217.14941241561368,208.94341633985752,223.0189575070232,35.27994039334762,228.18405231533453,8.751984361881807,-68.80992992107335,-855.4518588155842,-13.206840754217234,-59.50904712823647,-19.31876225575829,-118.64603764619056,-10.26972299189064,57.15738116825724,185.50011293881283,0
-89.23023876016777,116.53168891126988,124.8711823556734,163.7108459673033,-19.32437800078045,46.42369421887499,143.17054636045103,192.86564345280385,-32.75256634409964,5.493252318348942,-196.80207518236955,-200.1676002737836,4.119791985354505,-429.6291841642107,-250.97267544218005,-125.8176584785372,24.485254978888097,-21.315146137668773,166.76488480769882,-62.74534554320702,-37.60885532385211,78.49523801668818,108.11028767145925,239.68552360513837,-28.30712090020248,53.12229147193904,-65.8456762313829,1
-215.25661636866832,140.81141669987798,90.09270090956396,108.0777438414319,28.65744887746024,-130.9850555487794,68.4641892869833,-338.3083931793996,-178.15673240029844,6.648315733864099,-111.3651947913256,-342.57143871768693,249.7377269095596,-1632.494401867788,-598.3183880701996,-18.648628039051733,186.64074215243355,78.43542861629386,25.24008208608394,-1230.0484106801916,-7.008347474585077,7.98245137568172,14.041183027185628,-11.408162901351426,-11.40774572337838,-1.689705452637817,165.34838711659884,1
214.63743863320948,139.48789791185675,-11.879076001411072,-113.13360183562249,15.971806481420078,37.73706169641245,-38.115300394095954,-118.67231358245569,69.72472359543504,-23.27303267447992,-202.31442146327424,-41.32116108884564,146.25252601980742,881.6397319607738,-531.9193977744271,-29.078584933279128,207.46504253209116,-18.378668815799617,8.100211145102607,-455.1727377607524,130.7413126686508,11.427376819021411,-126.62168350453676,177.5505029544633,-7.905658846553559,-34.710099637478294,-96.03025242615448,0
59.44896746674053,-435.27050891898665,168.55225471936873,45.56822071096009,-15.61153855430416,-200.20306005608936,-31.33401731675205,-57.2541352458685,24.91347930985508,-9.270756982246375,300.5014633191804,127.77103865538216,-261.2047660388288,1092.6866523135682,449.0317746937435,-61.73092392758362,-165.4764871301252,-15.53624681529213,47.01285443300004,-10.88218178233674,-269.667601011814,-66.31299358452188,-187.8520138691158,-396.6387506411835,42.72602003754802,-61.38561297130125,13.475311764704896,0
-37.23824445003552,133.27291885207651,110.10298027303672,-5.119258827153736,3.455884129139454,-242.5421465566004,76.28317432866476,40.30224960477225,-55.22406064553697,-23.59606237434305,146.39810976388443,35.802671855836564,29.46226721285834,23.276412289521964,-420.2540559895398,6.793792623488077,329.1730710952348,-4.267893215259209,-128.289495643432,-1548.2258751910915,71.10566497401345,67.49446423970828,14.891951061819109,257.0711271872987,-0.7589604626871242,49.086093598032285,155.6482218310583,0
191.4563022545611,447.8878546900371,-114.86291554590473,66.36987328126983,-11.328181298061596,-128.68008560751682,32.05551214877704,-101.7341439353554,130.14593769138554,28.26860444871452,-197.26481305953263,179.6454754722105,-35.842633008044324,-232.39339230072844,181.3264186518473,-66.38842293974628,-71.74675312440428,-42.423954696353626,22.345369953034545,934.8021323881158,13.043609812325489,72.31364638827797,134.14191776417948,159.74800457207755,-16.032862462579146,19.57044241815048,-218.7733981276799,1
328.3006654746542,570.5863979332973,46.73918634358502,-18.69651609902884,44.24726239571115,323.39909122343306,49.69255359461482,312.4268623472884,3.407424918399234,-35.59572656479268,-34.6630097424153,-540.6482521086043,87.18240058193912,-833.800131402682,230.5077759891627,37.13804662216855,80.74183801700478,17.923744746083226,-243.07456839019,401.074304298837,-281.80280242688,52.28337964637134,-51.644558113253936,-190.4873288589827,78.69963019732197,57.76551159729723,0.9052532116175892,0
274.1203742469449,-32.27301133229163,96.89436122135106,-97.38170259288776,12.294691474292232,-150.43045938304164,237.94226065159148,471.2796654644385,-28.074968758079425,22.07061310639705,109.15433279439706,4.2233222142885225,-67.85580555652065,1568.7504982311789,-183.0093290954365,23.026730891932708,105.23584803970148,16.06507346511958,29.919452194500774,44.79201625729368,193.53736526818977,-80.18080236959308,-36.96967345965237,-2.7364007748602197,18.869656377806432,-24.43023311420749,-41.153136160071305,0
39.51121266634035,167.59408155165485,331.8373980340812,-47.59695251127032,21.875981544151728,-156.26389157620935,-2.1501431331853627,-117.9203278924398,58.84460443447942,19.25336467008913,-104.10068525877548,-262.79937316439714,-11.03861445389083,69.94523418567668,-509.8986273203957,-20.559745455216135,-15.234412406106063,-17.496728079476824,157.5326044131311,-221.0106865320093,-26.96459220820828,84.7184244595215,-109.1896826912334,277.6179574885642,72.00060154451295,-45.05448952847328,38.772465369358144,1
84.63460524276496,-23.480352767425657,-85.48510702387615,119.0986318299012,-25.830352016066428,-335.0538634242074,49.59733255562485,-283.16045183716204,170.5934523620253,3.7412365016172737,-136.67830870949416,-21.90849035659641,88.48443077389966,-210.947670466717,-200.0481587204589,-19.82393892407153,-174.71339336907394,-43.5320378511903,-28.77644190823775,362.3576216255372,0.4987608021878724,55.50650819599707,128.4015459576023,315.870622954496,-8.020963319919504,12.374264605458247,-53.93899009582497,1
15.63592434922615,-111.57771559095497,-209.0068009963904,108.9657995565392,39.93053740358501,-183.21715807807692,-49.556193802368405,131.6450153108865,10.720664060124165,6.346913662514354,214.49171226228447,-8.380968012983619,196.02955809678932,-11.624684177692984,368.42507256349575,-15.136850155019244,507.5858020092272,7.832331948416812,-76.29959192289144,-1948.6683078105823,212.6512490786446,-16.69408463848808,-49.28845125132808,176.01838736390948,-62.56638717445694,28.49974822905441,-197.9070122126071,0
213.1494757329788,258.52508260329427,-306.7680835088861,17.41767548323725,-3.6607485498029497,-329.4778652092597,101.03936270621496,-195.72313822288237,-52.15358152195246,-0.5575512777517067,-116.95091434646376,19.82613381876856,315.36690466243846,71.92222169099175,216.19101916481517,-18.77085473254597,-361.8285998383119,-29.687498978435716,141.74955463436063,295.5735389781102,-34.8971841309801,90.97204708099966,-81.88726961694854,105.42121140560263,3.25282336085312,17.548263515669085,-151.12863333990447,1
237.3157595087238,425.34526347074296,262.0919498056921,-6.1163716993470185,-10.947537358252792,134.59579446479913,47.4122016974208,-29.163907358418378,-93.76410823736003,-17.863545648272577,165.55695881137163,-1.421949055461496,-164.96467506333346,619.4328056853365,221.17846935386143,-66.53909137929918,203.09536460054724,-12.278248130783432,136.43343198099456,602.5363752901997,99.0814423354342,-47.3212633286572,-84.34546539511652,-146.10845051147945,-8.642113121863883,44.91230292072771,27.926785496855977,1
114.41776098550382,636.0814185869812,188.77301662056357,56.7539604485485,10.854146634114636,123.48320558000604,-113.75036605696351,100.5245226988792,88.84138826738503,-21.61241473779077,-4.283482664243456,167.68235811468296,-156.7046209945438,-22.760453888924065,116.298777520612,-64.5848949225396,222.0784957434072,16.573810419712583,67.44846940218486,947.3994014982212,-119.63527583122378,8.16751559226414,34.76112662909033,-30.72936981126681,57.54820969651154,12.077596158372431,247.53408584663725,0
-266.00709934844474,-88.17824546179946,-79.1495139366594,-35.414276415858815,-6.389133002186095,-73.95481039819713,34.78014713765253,221.775022442617,-111.12685356931948,-37.03993297770026,10.644980134744904,-57.744350476018816,89.24206256597408,263.69750658181846,-98.06712223162272,44.2998187985358,152.1002317906025,-42.51673976140764,-109.91384003628,-991.686079340926,-3.7950202011911527,13.326563930330588,39.7140843201101,355.96620892213963,-20.364753798719686,-2.4084826041293006,-0.0337105336892862,0
-180.50696583074568,-457.57454832908655,162.44469564722172,-3.3918688659397347,-16.902040792135807,435.0858386163934,-217.78591276096765,35.94275704914802,63.17471014691199,17.1334852861315,-0.8824993997786308,-274.6007574496247,-144.65853885137705,-549.0855770628102,-229.88553811252143,-41.87207192785816,-57.6928246675243,-34.664898081183786,-29.69741428857453,559.0068937942234,-8.885026552842096,16.718888541595433,42.91530648379676,-74.01295413103554,-6.603535374410355,-47.6076027899601,277.46612003775533,1
-30.68142818121297,32.20850859204068,-214.91287056041256,-24.01599136985399,-19.58658572924376,233.6737296895057,-143.58569043832665,163.7876285383507,-176.7047462023357,6.769587638893535,-22.06852955248575,-84.18130548383989,-244.2485846008771,-278.73946311307463,286.8367506359548,-62.1937847240591,-93.89105091741791,13.634085720265148,17.245191846259324,104.19604003973656,-20.218417709082345,-34.18280210533585,55.24956697862504,-11.143320192684042,-42.05460777744933,-6.151795032484458,-33.64483759058795,1
-142.07292508489184,-251.4275572686429,32.59511307095594,-47.30647239939527,-8.871387628854023,-412.92428230186187,111.93945798919856,148.81058029966107,50.1461821423382,15.25144296806424,215.61456669771417,-119.98062899909208,106.653381560327,254.4212112000621,129.82411528358418,-38.38873295925853,-18.14604196967453,32.8812997819136,215.69243823599996,-1155.360600596974,-50.95669277816174,39.34301706498464,-61.10778230255791,-201.3660192142389,-35.70175395323439,13.164416076879109,224.3835493903549,1
267.1144812474525,-289.25675285224395,72.78273898393356,19.19796433616391,-41.28038168387822,-15.327363260901476,-99.85855338557852,-89.35243746459074,-1.2382750873169917,8.505466695743964,119.57270568314138,-179.29630554082036,-100.5916460753508,31.56879545408273,-3.845655190627572,-22.497037032571,-139.17195349765262,-5.583543995261468,119.21396714741032,565.7186424819964,3.764695809166836,1.4968649074329057,23.637178791453387,-20.844653345169828,-32.902552493050926,-7.359834395030496,338.226285356087,0
155.54186999149476,280.9479277266923,227.773048624014,146.7431194468831,5.055071550435202,59.82377746520795,77.12079216635716,-10.185347376080903,32.15183105069859,0.9875534733745928,-194.5282720349044,-338.14842841428253,18.988555272345547,-829.8598617841781,119.50950035030922,-114.65926022982836,10.82586294757018,26.93226685551357,-124.24144768072512,436.96719734992337,73.06214508279135,-32.62477354967107,-110.42426946480472,95.31959183727096,39.13084528838768,54.73847085399508,5.108721052475989,0
119.53984853424264,-244.58616721219707,238.0192774552744,-30.47317464142903,-7.864415426471547,186.72528375955872,119.18269093551972,139.08681573990688,-63.75583137010247,7.860049646435222,-47.96783383774858,-814.5446188349326,-30.531780335647536,-1736.5727527102904,345.9932666642736,-12.820133126072154,209.39349468489607,5.111629164702928,-258.83923179886983,-420.0711592553487,244.53135483523337,115.65469901393516,-62.78190845846467,-411.121892692436,26.447253395760765,70.48788659463665,-28.12394829512602,0
38.22148903512116,312.38591127848446,219.7307150554213,76.91024506535244,-14.10628391438236,283.90376656796934,9.80728811409874,-218.9736905880881,-230.41331236067637,3.7307531067720983,-173.920832172759,-174.33869583974047,283.98332098921173,-2225.881294184637,298.1105245016154,-36.70545982404104,95.5123785780878,15.2152808511465,-1.899928873504588,1025.3959438877705,30.20953820792698,119.50293155847191,29.51515698241812,-152.78041912608035,21.490997788115788,-11.049498713801803,362.7381733666783,0
37.75479611706847,-203.62822740546224,41.861377972281616,119.28755013098755,13.348868498450871,272.6288357078979,-47.52182373308075,237.22478389789828,-59.624741355843526,2.540527815618483,-158.53559323435758,-408.44042378462746,-166.30021454646294,-386.9669158719147,58.46184158331333,-39.848066224717456,211.3913964583302,-7.375265522554171,-134.33418704875564,300.8801202780658,-80.51176863186501,-54.688770092853616,-88.3022029346021,100.05060371471004,43.24806050711282,-24.39370444317378,143.1011056403707,1
176.26301019380114,59.11195093016776,51.835181023612414,-56.559091124847455,-15.29015667018366,-486.22742283760914,167.03768248322368,77.54092499628315,-60.99405451136909,22.637767325465862,-56.92945167131018,-273.9019588991294,-76.306682203603,-79.53620450937697,-42.74464611362764,-43.66010345788574,-27.12466011261159,-1.5304421585469334,-111.1900008080112,-939.0763402520888,62.07374852687336,78.11679972797961,-60.99294667358269,43.73459953263909,-8.670836735995717,-16.556650145544143,-3.256646235297257,1
-4.875640058434438,-193.8937621917363,91.85404588935364,59.74044404997649,-39.4863151861532,-237.13719085454196,-22.08672294877478,-297.267002927138,40.64802662211592,-3.249828575518597,14.404590159297388,-59.16162248089911,-104.83954507337884,124.40978171922566,-144.00870882086647,-63.03693089214803,-122.0633468007487,7.331023951820486,185.4353088319746,-645.5160676773579,-172.69519375364604,-9.921981902732195,24.69962509517548,203.04813785744463,-65.76786465056101,1.6767839774582356,-0.158180606496362,1
433.352571920602,421.5390841772949,25.33410816210256,23.18332772076802,6.23273368144204,101.2043829221231,-18.374511039104014,-8.25143103968439,76.22344431797588,-16.06486381996759,-129.02787768838846,-449.5559774095624,-2.5072692636144334,13.59058659678798,-85.74210818048346,118.91307591943765,60.58860057679499,17.400159560436627,2.658742468878407,1143.1365505443448,-139.62159478066957,-47.13062401030608,135.2704315482402,30.91263684281429,-56.09563695200051,-75.0646183359182,37.538116621920594,1
76.50051342849004,-229.34104722180672,19.907770597512677,184.637643203334,-41.44429241108536,-73.52819383287601,47.63624165752228,55.98112587838563,247.23625156443373,-0.4851691156493842,80.21531440487968,111.90488486699252,-3.2147653694586165,304.72912965463246,-132.50387372238828,-69.02926678343803,-120.18306694031249,-34.66514290915927,-42.339053134280014,1270.0011712856217,262.1934904680133,1.429394523380481,245.8109371911933,135.25681229863625,13.797328974929858,26.49691549692931,92.47856714158245,1
252.7667374853996,129.92769911630668,-203.6725157116544,-55.43968433221896,-7.166390469784095,115.45485937044216,72.00234463435022,167.2686790846945,24.01042259990508,-10.20142472957911,-42.79185570494886,-220.2257842539225,-86.22795260227008,747.1788535370836,-160.16293284455773,-27.943965607101223,-55.69057674524794,-1.2928523567527184,208.71947597450043,619.4658699191976,-276.1387911896842,44.82706930040794,65.87273471946278,185.76294454853792,43.111174595146494,-22.087927661081984,62.51721288047855,0
-72.26887084789547,110.43947884500356,-26.27355955429591,12.527711473201396,29.880940433782605,-24.888063404852044,-111.0056743330054,93.3953578228776,69.25260338353881,-7.01914481101573,359.3472517743452,25.953978874513933,-190.44386142670257,27.347165028158823,-77.91000502155356,20.63339447910789,196.4567391415262,-7.504448715657224,-200.5137549551981,-1363.9472003197664,-272.8840877398173,76.9228788692858,-18.09289887270667,277.46079495680004,45.658806638145336,-4.866116874003733,183.94164178042985,0
65.71466827266167,-16.750494122563197,-33.21360994294364,28.82029513777836,7.81304045626219,-137.34034727518656,54.40350895210413,-143.75254297160436,-41.07630586601664,8.580390700146879,-302.59632668243194,0.8135369508272756,188.70350735954395,-188.5759337296932,-327.37849720151945,11.458705769526771,-359.0010196721021,-14.214460048065622,5.153312356794083,149.2610212237444,134.01489997465876,77.62120410624047,-126.52398788609216,201.77673638944069,51.16201132854471,2.651506907639252,-175.79522776905463,1
40.516350395538815,-138.48834078977126,131.14160570316918,-26.79867428959213,0.0521771425211192,112.1986000390508,-78.27688455275327,-230.74374496198803,-156.77511288143103,30.86600832288844,-3.908035302742398,57.80959808642186,-95.4652232966887,-770.4545335618516,83.21554670644758,20.53948921239685,-77.7289611645279,-7.790764146026062,128.94634844336082,431.9046997739022,-157.38779968045293,-20.121023292914835,11.288276233907856,-47.43695383722362,37.31614505759988,38.73972040523632,-36.06619254086304,0
-93.38060532099252,-296.0452082728387,451.6153080461653,67.10193457397477,-32.24648352020675,251.7391311908676,46.11318684538067,209.93500190407283,230.75660934380844,-2.422777531996631,160.23513614354988,185.78329096331325,92.0725333404319,115.64382920805116,-256.81100229721767,-61.46648628891429,-55.42785011091527,-27.243910753826373,-181.4869909906327,530.2343887950539,104.11731137710544,-13.751961268071138,169.1661629347622,212.46480970873452,-3.0712681418147394,19.57901843364465,154.07522117338982,1
518.7975251315464,320.0897562963248,375.9283346596389,62.20025566799859,31.706940657373465,-205.0611461065487,-50.874156871409205,52.1314271774283,165.1745880534987,31.62289441785516,-140.0566690946862,-171.11186533971062,19.354052366638463,301.9649173510995,108.96146451411134,1.3581994797214811,141.40399868292613,41.12172844949695,309.5359842673449,382.1049790256265,-1.6845956234621018,-8.213631594921779,-253.72489889349583,286.4969327304519,27.95174396528028,22.19180359026373,220.4949837840397,1
-401.2707341543404,55.24742204705748,-96.83652915949162,56.52296024725834,2.2693131302566885,-65.21843147237574,-36.34635973531297,47.1972317135641,120.18761061488024,-17.817488045701356,-16.315226732494835,46.6803428454505,-59.184346493392695,3.793821284117016,-255.99431333227236,-17.541400849926703,-93.85416976886988,-23.222277946691936,-155.73358962212225,85.97404973001782,32.94770693008467,-68.11598728323595,94.93881266925592,108.74395512034457,10.087111402156658,48.70214644994397,19.888673400734746,0
431.3939287303547,494.1897708803752,-417.2811768906708,-14.838847081305111,41.20989250814341,40.9200106161724,-84.99935825411308,49.51559494462056,-84.57671985962388,-21.946750626265143,77.46471017499559,-216.2567587807387,60.95869120820671,317.37565012575504,-194.80330553475224,81.24227540343708,-233.4808810192803,39.04678178269468,-184.8066971282013,-195.8375857153128,206.99236316148887,0.8314229971866227,-168.03921356764835,-142.79876353308248,-21.816635690782988,41.31854531417481,-12.163121965451088,1
-76.34725891782576,213.3126998468264,-3.719399398305424,92.315392298165,-15.716682031590388,-109.2116156082878,129.01278683946168,-45.94303180558092,116.2214459635942,18.134532542978505,-459.5239692311584,124.92016661627824,40.68096041264255,64.2389858010054,13.501411800088793,-33.734284697095404,-121.87487094179332,-8.645211603233493,-53.82728399756192,260.24253059241124,-27.688252315475875,35.51158167763529,-83.01433199170962,736.5624282475684,-21.878476526575355,-66.33326657506896,-76.66581928025835,1
-47.82754125065061,-207.89850739910625,-86.41041886012297,-22.946749920051005,-20.352911493700336,90.36750049468782,-52.45880663538065,-90.71150468448027,-102.89566635024184,-9.561934132208886,-36.2806823882984,-170.90762711091236,67.57977198784798,-249.00488880355795,-47.80744043244199,-39.47953006789043,20.155324849805133,11.422995521097372,114.9196905004878,-27.65910267670776,33.88336098612991,15.862948367566494,8.825261720642093,184.9501689294008,15.065846610380165,-30.966528200878425,182.33428554845497,1
-196.81126016861376,-280.4934192857588,50.77580689601354,-99.9693896915174,15.982080332356222,43.93104762988109,229.19139078664304,427.70530076965633,46.05243112146536,-4.590559111779707,133.89502956093872,-443.3846904272101,-160.723852406807,1044.890515356179,-11.95091270139497,45.73537832424111,180.28631387646564,-5.017441778681619,22.419457632398263,-1333.6713234951317,140.1412815681336,-28.51308375304754,-35.7894583837738,142.33995598872127,-2.6588072800026303,34.41223442101379,-475.6005756553438,0
38.202596543732085,-58.53197933250606,-141.83384394287748,108.2398318209879,-18.862915398244372,-259.570076756331,56.86931955734554,71.79989338280245,265.84119298694907,5.897806754099338,-105.20765361280772,-56.64018481870081,-116.15599270066808,1124.4350334313654,406.2850774650728,-38.81948624080815,184.3793358799061,14.541315868916149,141.4773887206661,457.03526716175,341.6224803758233,-65.16564602712094,-130.18321696950363,-311.3091286548817,-112.96408582903264,-36.71505664148163,100.1367423664612,0
-359.41687508280273,-136.87165582911055,430.1006717858608,-38.49924360811523,-25.143314625072136,-284.17647772351336,53.73614339870056,-142.91518267659194,-72.3090645343374,6.522660143915761,137.8016819311911,24.643878388731856,-146.545385522661,387.65776624196326,-574.5926402196425,-57.607780028953,60.10924093641561,27.23685380684391,312.72854794458505,-1641.622614584442,61.82778797104459,19.71465277416437,-8.824406668399924,201.2466630799109,-50.28396313011475,-11.733793221632778,63.8014614201643,1
133.73669264987876,153.7464621707287,294.78677253655906,53.81312285642318,24.64074563622609,-81.36562435039438,190.89060170334292,372.44568774525214,104.28498787279756,13.015024812238083,475.7919987416198,-292.41283337646564,-194.33355541004525,979.56312418127,61.607082360164426,8.84991996389724,106.1114339815926,29.20967806559288,130.29981311106502,-1319.0701877953138,25.34142931183733,25.80611153715715,-24.643031132829748,186.8162303847412,-15.20661316082452,41.14487630330814,-271.05002695688603,0
-32.11729949248759,13.18576385992135,-192.9988315765883,-160.26166619628736,12.296607471725045,-122.51158766968852,-103.2459975302978,-240.1678501438335,-134.47043249202272,48.16221704366741,109.98832172844828,-11.816162796929124,-116.93377510135848,-1277.5134518171071,-71.05236230906954,20.25078060135364,-211.6939463792187,-3.2690025064902404,90.58751962654895,206.4709944539721,-205.98642579659776,72.99468495247602,168.67228601820068,-542.6622787784861,60.44330380786267,54.335030685440266,-11.11107541979463,0
89.10591001194082,214.2212295500979,-29.73101314465892,16.89365524775739,11.169551739506606,-155.3978405135918,150.16630869539918,229.6482233915528,-102.86112473531216,25.660382659597804,-101.25138050573632,366.7009295140605,205.81717133830145,209.858242629008,119.56353317398154,6.796654298426986,-198.87712822162885,23.45655597018569,143.8597785685546,-77.29641780426331,-101.2259353712282,73.05088390559966,-170.36669652393726,-54.79942830199582,-23.700948300642267,14.367763688004615,154.54067283904735,0
-99.9580315353562,-23.886273653199623,-34.74583114176739,200.5724226122419,-41.89245988943243,-288.70343399518333,56.62382580928271,-77.85938692565088,97.53503089731996,-2.2006074480717994,-302.10376376026375,107.30157324536728,-28.920676493418284,-67.77575123625834,165.9833070563793,-11.434981866086469,-439.5258766078927,-66.11925088670071,14.56856783486826,615.3524620965668,-111.1922573083231,89.38137234252898,88.21745294730309,540.1535559943135,-11.558321312214249,-32.75202124151981,-271.0293934427756,1
-463.8979024407036,-13.564698938920696,-577.4526835137378,58.07489946644678,21.325691131076635,274.8718943670823,129.8586336247569,-22.01981055810487,-102.94837956574084,-28.844898836471074,427.6920543102132,-139.8565040855101,226.4037716680912,-557.3784061996176,194.0667159511702,-11.871090194471332,-2.492563484282271,29.92039566135521,-217.3634859181716,-746.9319972493637,19.291377408059503,-19.67914420062804,-48.47334720795101,-140.6561312299131,6.678694529829478,98.9173055188832,264.550920668161,0
194.99035753888072,-115.58745523904052,508.1147675649612,30.719994698632377,-28.793763742952205,28.001033180384333,19.87165155884503,124.5060428875132,63.469639445156126,5.914832229307471,-233.78049560456853,-275.2005299379737,-67.70776583095716,-1054.3970643097523,273.912321479475,66.93631935153863,-7.1912905766994015,15.892718371699363,-97.82292459124244,510.7651335060106,96.06136731324342,49.93789687474257,31.14591891848417,17.240330759230517,-6.46274280682258,10.653526005423274,-2.9388015590381347,1
136.35895246528716,-82.91911056051208,215.75377178522825,-43.58215582385846,-3.1963268455755003,-86.6817842536462,58.1199835375113,189.770938312849,-46.255034829362096,13.110239954305,-107.92759266414448,220.8978759992206,-96.13197656846144,75.0362285995828,172.75134738508666,-31.30263680364197,39.557075375748525,17.9502662803507,-82.29216130326829,248.42584600036764,-115.64184476720558,-80.80001746828799,56.67019203841348,-154.69552829075408,41.36935609584931,-13.22439224529182,-191.85430742962748,0
407.5178854274005,-100.20178389390767,-314.0254540584118,98.49942715326658,22.548650590668576,-312.50517934755715,43.18746883233939,154.1803863205931,-5.010469656778437,-29.106152998591604,64.18546188042804,151.79832552054083,168.8720072425376,1045.5075650288422,119.78168513697364,-25.04334227585553,198.2301762044277,-10.86966199446838,57.66385571829836,-741.1495121155959,-20.203984935729487,-7.242897185111409,-22.383858393514373,-117.2054242743833,11.25746149759879,35.51044636064913,-306.0288373033255,0
175.7525271289539,380.9678242171099,-139.34443545648182,20.48567539991914,35.933579091186424,-84.11867039166174,-128.82911311496122,-148.44228465800887,33.3067170625299,-7.307643971235266,63.67946065211491,-170.37827607724537,110.07794040718844,-242.6508517928832,237.80493719581733,21.18905228296393,-131.36364958357527,37.6998419744873,180.71523883880707,-204.18881660897785,13.652159605377324,38.19320761534384,-57.20055057869138,-101.17576075290162,12.439221610120706,18.424783710918646,-246.8732089255132,1
47.49069584083184,-75.54190877717996,-98.35563151752169,-26.934028747428652,-2.5589307532825445,68.1456846717258,161.10496102015142,112.3141362375342,-122.21572614016456,7.320890202743489,163.86905169374876,-65.36259067126271,-64.71285478828592,8.54613078169584,39.279944345816325,-34.64971768996212,-139.50108410485743,41.43977304380401,-159.775933181194,136.2349153551399,-159.11164304612535,-38.13311032006978,-19.546429663251985,-142.34309960111835,58.543715447536805,-24.589165093846,168.4706311336338,0
125.02774913447745,-43.66319340368313,-79.1047196595816,39.06170707623983,14.542532702982792,-60.66769866119914,193.28822753681604,158.12508135830893,-55.92677624910403,5.107580011327869,137.87511521892557,162.3418879655705,119.0087071791517,788.1099914044366,-188.73568687638613,8.625785298495629,-30.618378963362268,18.68989385210701,92.0960419126129,127.93246479096231,-68.48216316969591,3.3150368109162702,32.73785785971787,-28.36072035715652,45.59922350930083,-39.45976556532776,-1.9530268810092224,0
-242.5804987333001,-191.63559582115408,109.13734525291264,-81.73621307837642,-27.64874009687624,-272.4307094300685,75.04390137383996,-102.9895712150351,-122.68606467204675,13.984784657374352,-215.2290535523356,-13.195414352945678,60.984047010614034,-517.6073849791244,-174.62213311689885,-63.41777697787145,48.77503957524949,2.482068018426606,77.82352119276236,-1059.9671311520538,12.321847348701857,37.09486895552326,24.28657691205899,180.9598267899196,-27.12856712451495,-12.064190808298653,-47.46520246513887,1
-95.07648317732244,-31.0557313683672,-131.0927036997171,-76.10732874207028,21.42811075966326,-73.49058772082151,138.46204415273985,-38.57567220740776,-40.14434829607728,18.123788673649138,-8.825308057737455,-223.99923041538045,-65.77383264607464,692.3787174817644,145.63940065987023,66.90385964937872,-158.14355361879944,-22.93672553536053,77.92890242576242,554.2786172222904,64.9712700418785,-145.82433965680465,-198.77878017141944,-220.0512279271844,-2.3900510441766447,61.86394818585278,-146.9141667101924,1
-58.39396058534453,-3.7162609409853262,-40.79879872618693,7.114413971656831,2.841096355474875,-123.4719165651775,-65.64793711760713,44.19596581488615,-86.78706220151349,-31.09512677403549,117.75582901681928,-276.14707155381893,-21.04382877481673,-209.9028336438293,-26.465683717195045,-37.541738134977706,-112.43936961922996,-17.37381326191566,-129.23106492692048,-516.746160621397,-229.94244605486003,-59.57604207125627,41.02538977138277,-225.1803489220408,-1.107229608448903,25.39929010237247,-62.86268758275011,0
112.56888906876048,100.72019144669024,141.41517083406677,-74.26888456349361,-42.017271430694144,-135.7680054971453,-97.75224033105982,-194.50639593845253,-75.4369161052844,-20.375008278604746,80.44146960953492,-46.02083163370236,-325.32853447495694,1121.5157465234192,53.91658891872029,-46.53975206272289,-427.7638138011724,-52.264343307649696,226.5665596776032,1292.2067975911964,-154.6429824127917,-59.108779263254064,4.9813029022170525,-165.21296047967903,21.574200434420096,-70.57574103937185,-85.69091242003155,0
-300.1425317780736,427.1717635142977,376.3236980087628,19.502643327116186,0.2504927947962301,-21.80301055183345,80.25083888702054,-150.471234679889,59.19413311158739,-18.203004946658105,-61.134879595142266,64.86051095451913,-163.94408018162414,-677.922851279377,-227.91764039372876,-59.13583414333359,168.99427987712147,21.23130261096504,-123.21828079981672,-323.8236280713816,37.33064004520856,49.3876497804781,-12.9095180849962,-0.3029661299587758,58.50518220614045,46.33417880109948,49.65954814681185,0
214.89745451721183,46.92217523035427,-278.62228380006985,-54.57715387318922,14.188485118298676,-114.29198405336425,-132.54473431115832,-227.9187829581008,40.61257298986634,6.424287383970822,-131.86084870625183,-297.1016116403956,-57.28675230358219,154.78334995632403,-437.0946262578441,-24.77694582113522,-121.316375120952,-1.3009671518070385,-57.43814600396516,-697.1675780259798,-30.74474310326203,27.881474212762903,-100.71216516510027,252.3274689725696,-4.521683107039153,-31.8793160622977,-64.11641402086455,1
161.47766347220488,-76.48598869342149,17.35898562529593,2.929349932802519,-22.54997569169013,-51.222388492635126,-151.2229571080543,-352.55770753862447,77.91436439444051,-24.98650276570623,-352.9765368228256,-140.56364954350008,-47.24150089443171,-239.22337373580575,-593.0888061014527,-15.185849816253146,-23.60808015924164,23.64449590143964,25.624926478926938,-282.1768763409394,-172.2322445776119,-65.33139764005486,131.17916200467897,406.5292862714346,-35.24558379569148,-5.26005917752236,-154.61681604180387,1
128.544450384656,11.55650357294712,-229.80309221619476,-101.54899613728912,-27.6621223187643,-30.630744744678804,82.80712211851365,59.17341212180284,-131.32355306996948,-12.673532377603976,27.955253056766416,-69.27744837272968,-73.62287292825577,-635.2568334450822,358.16484433081314,46.60552237411667,60.93145337195164,29.2473449522574,-165.95582811414502,-288.89665119017815,-54.20548037994567,21.2599892364161,126.29351614008372,-76.41769139229413,-13.52741938462831,54.31142901040031,-12.683518953142505,0
-97.05347720505792,49.89145377521563,66.54644068843834,-8.492059029608686,21.858680759624757,-114.18735270190624,6.697502657405376,104.77798199696775,-5.949327564001999,-9.262365519694477,241.84189367282943,106.09698086313698,-88.27533299264374,399.2681360478731,-43.70768946099269,74.1621896788121,-113.76939953799165,12.71731637234068,-182.72391271649,-1238.3464432384706,-149.08446581802693,38.56444275006543,-182.6507184048918,223.64884362739048,21.154086804026143,-8.496747168415016,108.42420753891818,0
172.06551452964453,-37.89963227028196,197.22125981206875,-22.76718072039002,12.09401751015788,-137.3712042618109,-271.32589023045966,-206.90409883896567,1.2995778448383877,-6.264004219539004,32.57303774373413,-210.2106053862977,166.80637799629795,-871.6911711157263,401.9509076785566,45.00640491139832,136.00204801300848,-29.097858179965503,-58.457140482117474,-720.9241478130884,-223.69130660609787,-96.28175933474702,16.813815996821052,255.84470753397892,-54.9108043541122,40.76851103362412,-160.94889159258665,0
-128.5544396909295,428.4805046219237,120.16791087246956,111.8629027028726,21.305320917241197,-86.73472150858855,50.28376100070862,53.50346401644685,62.03650804727795,-12.339891917899603,117.5107785279901,327.54332426432944,-85.39674228146396,593.6859762567365,-138.4574815428681,-34.60883602308928,23.114809316752847,-0.2471760666645492,8.155144333240292,327.69234633702496,-223.551764338023,43.83305263820832,-72.92098962459988,-20.56379810509396,65.40902407001622,-64.31325869750077,284.18025319326,0
-367.2888760003871,-148.18973526832858,281.7397229153348,100.03638842664252,-10.924427930591529,-2.1403887116247,0.0057960287266631,-200.3758639858616,-72.91115051144737,-3.851978162186515,-137.3122943458573,-6.048212586915087,3.1749370538024384,-1173.6846702516104,47.755319415828026,25.662106132072065,-8.61883904396377,-39.88331143531626,34.29396034115617,-70.78731034162563,130.08273550493183,114.72199565592324,0.5210991490519135,-145.30985943376746,19.66414733213585,28.39879281273177,-127.54238400615051,1
-350.42134543438124,91.72181004898977,-22.11924988294708,-40.15054123745917,4.674324070654106,-96.2969258301026,53.805667505061145,-152.55222567952336,-196.61009894506628,11.21129912298936,-202.03117078764308,313.2912698067072,160.88260616117233,-805.8265821598678,21.63051063847746,8.016484375776606,-191.85819053587625,-18.31650369234047,56.85210033258329,1059.5677336546896,38.07088912032408,-44.84582859509696,-17.374522689103678,-359.1505871968484,61.83640291827603,66.52656811185307,97.09163891361224,0
164.22809092453372,28.88042060339693,-321.330397181859,-27.535234495187453,-21.084210082519185,-317.3793173797372,44.490757275038206,354.6672352494662,-18.986497975738587,-20.10284024543088,-171.67561064150533,-232.72852244818435,-94.41883366052964,183.25806948967517,-71.71687325116545,23.945438403943637,-291.1685757539155,-11.494433770121418,-162.56025184058467,335.60086447687337,-9.241353475994618,36.15421874099459,193.3597304941973,-203.74548329945887,4.007766017556193,-24.44029036843832,-145.33805762888397,0
41.6766357452263,292.20079550194544,603.5904317515129,-9.409795991962914,-32.395691753997696,-88.64987312898953,44.107539841510366,-68.91009777885245,-27.805920577998563,-4.317332316526944,-411.3778093375952,-55.83559202491868,5.006275508372679,-915.190340479858,4.061163880695536,65.37190272829696,-240.34270628281288,5.779256275647477,16.133781980752495,445.4801019281673,51.79975527333264,0.0054143909175343,-69.42856071460538,131.68888897756128,-64.09165692941443,83.61342356053518,-67.74587807819823,1
167.38366984300114,69.70507002769736,-50.40559556675898,-28.313698939770585,15.944667626058829,-118.84288528350088,-136.02608987708808,-235.47047557752603,-56.04934951820877,-7.684672456200109,-163.87564184718235,-553.4829405137759,215.10919845862367,-1529.03800960951,-108.13763354203014,4.588330835408225,-159.2861849115356,18.638822615173737,-75.40401158103673,449.57364669076526,-29.139336023307383,-26.73585505951471,12.04870116091633,-126.68676578086664,71.71419240364955,59.82262342036316,134.87649085891732,0
187.31918928436917,270.6680247819544,-162.9189601296924,-103.1453737169512,16.207524670361888,30.80948176986144,-93.38692776103063,289.82232064371607,-222.39890628305085,6.1453600232363605,-139.12323416244402,-347.45595503089567,24.171874331602403,-633.1918253189614,-233.80134098622847,-19.720792542921693,197.41643986883835,-0.239844026898587,99.2890931719656,-78.23202899474052,-84.8733318245343,-10.155140034170772,199.5240072549061,41.934002841010354,3.261777545672844,36.46431142703978,2.069872854395902,0
-216.5629601759708,-94.24105763261596,204.53546667373016,-0.495190594320003,-20.58873737258968,-84.78461123781018,-91.0784330497412,60.73451182666236,-103.0820208454614,16.67353640164798,-357.3550396687708,-60.77122915753314,48.58814454409794,-1694.0671427322643,257.95106621093265,89.07796483122925,-125.41889214392032,0.8426893951476908,-153.12257091199152,-334.10606876620085,-43.22336722778795,30.6643763008623,46.51513396278217,387.9941170139953,-43.85176015214187,17.656617962601548,8.254600521747196,1
-76.14552494622055,254.4959289997892,466.5719798619888,92.11506152191016,-2.989996605668505,-35.8256875281552,98.70679753621737,-37.64779072570186,-84.44952554544682,-12.559167999432631,-250.7636364683866,-357.63453662638165,291.224196379514,-1660.1529707763652,203.6346954599626,4.310469761477172,95.6354066840557,35.28491570479211,-68.07783894532409,419.6843270408237,55.31097986439871,-37.58742549844972,-59.023087537293705,282.7065564612461,34.25298388537314,56.97375649611074,266.6741395865999,0
-55.0448987120934,484.86102410011694,-82.26341284451316,-19.82098045283092,18.49461463093871,248.5705031391184,0.8093050009810847,-205.2028392948903,-31.421378630783888,-5.507070399762476,310.417353855329,-46.92977215621282,-152.34366746775652,-40.84901421565119,331.9035568629315,69.06880535489796,-8.254720688055404,16.61826649521275,-20.760703243778465,406.5012733368624,-24.63021268662897,-28.13242630773817,-98.54074646285412,435.9117589923666,60.07269070782283,51.10113962307374,135.1711264292532,0
170.1287916007268,433.1647699988181,22.435827058848837,-26.72889822547846,70.82859497360545,54.508091879564034,-176.13560209987372,156.88571200587845,-118.86395757046708,10.509355301574754,172.21319012511137,-282.9260158688897,33.271626910734234,-178.47137759829567,-512.2745748729592,112.50565526450684,175.77164695650558,10.125399245996256,105.342064438,-107.39485919403609,-75.89806823144998,-69.08161545646539,143.27485228921944,-116.93730520704236,0.957273994707276,6.899249928458552,-18.333091469048984,1
156.90106245696262,-228.43697804831004,-68.1466524633587,-21.50931463923488,23.735768335406057,-11.942024023409983,84.41068526967688,67.19861063077599,-52.092084896975216,-11.190994721280774,43.23392212547972,93.7090700130092,337.692766280116,269.67340294536416,-284.186404906358,-79.02666402284461,420.4803330523737,-30.328749061011305,-73.4702015585868,10.76601116592714,-64.30352140832147,-106.87334880309764,145.16734530662512,-29.37087545772909,75.04284934962182,21.15057518850714,-47.29261085351563,0
-220.35509032133425,-162.75853746251283,472.7673589810473,32.60709593635141,1.5656900532274498,76.00257688781471,78.59798982676709,-16.216517229363344,79.4335318393122,-2.824578698961683,112.20656913280727,-73.59150127180516,192.56100059194412,-478.3759915260089,-262.70525596806425,1.353996466945098,93.29281570413336,-15.864167760538368,-14.753116568870384,-410.9558055073989,-271.11686182669763,71.15904918824647,58.19386025498265,-14.094200063620503,4.185410404998057,-63.17730586897245,177.27854097752507,1
-57.83375887542196,206.7525226120285,-17.148580354926683,-104.70949603499696,-20.173114434368536,99.09502579263292,70.82249638383301,55.95961710896831,-23.76875898977354,0.0352557285158874,-327.5603712784316,160.49247940249003,-32.264000351340215,417.8699680888654,55.09809821918526,-13.979853246785735,-39.58183347209842,-9.60064306699496,108.07642086397703,561.3315935086731,-29.605947104414085,41.47650464302876,-52.35410048233364,444.4525470532748,19.5034217984816,-49.59837778568336,-15.63281572209885,1
-301.41215091803934,-76.11532166991394,-167.8357431201019,-27.77146951410173,-31.317961400524727,315.16641032515764,-278.3013152991042,-146.65394957131247,196.08912577030424,44.3009841404145,-225.63032694172787,360.8334485860394,-388.0544745881524,-870.3752434424061,224.999462448108,-7.290039924900189,-204.8889602202516,-44.66230626944738,-290.8865112921053,2065.5448711153604,74.0519916238574,-16.732105151797626,191.37331827815427,-118.33709073705415,5.1844486475768825,-63.287829554149326,166.1289460092476,1
321.49900820777174,-185.54522129010212,7.982795238818716,54.56148120930191,-39.615624440469176,43.87236479671172,58.2838546399182,132.40447442283397,-186.95649292588436,3.89334507952052,-106.34444017857123,51.37136335538904,-9.582893216450865,-337.0802048932443,210.91115815918923,-55.22950580566088,-18.041502572446337,26.562488929024383,-62.15935840200863,255.01051745166507,-124.3115219753173,37.42780623703701,56.76347537286412,-54.85328852107253,-20.34195737199229,-76.52100486358773,148.44374288999012,1
105.22185662104935,-198.16324784685676,301.80422567482657,0.3856981300048829,2.6480952069446926,13.383099204964813,71.55603207142838,195.55882605478573,28.451360223309557,6.895585416824826,-84.82240905050436,-360.2110322365092,-106.16932484817929,-729.1623113585,-184.99530934535056,-35.71815625305786,218.39578765045792,43.04156603331864,-153.1234119449302,-661.65992888658,190.9047662432316,73.27441958209096,-43.18538514778655,-357.9454803092733,33.14655794113145,16.904309830309124,48.90601202318796,0
187.62636705563364,-50.67096427572592,166.31579462166417,15.553959007271947,-32.81886772400057,-263.1861658336662,-196.68430403870383,-423.3586295190221,-137.95810503476108,13.180293651309803,-80.69407494777118,-270.7254856161073,-192.38847695099884,-1475.9244941543827,312.2520220914239,-119.3096852119638,-69.35875904233663,-8.985818886735094,-175.727841932337,281.15653626456844,28.623951896532212,-93.39133808410293,-40.18164528110724,-238.7128657367892,10.263252139993094,63.8262710204916,119.0644389090354,0
-53.61583297325264,-223.927789674164,268.6342016934998,-12.92057635948316,-2.548147079090182,107.3904777339946,81.65076985437328,116.47865936922054,239.23313038323792,9.224677399519813,84.02036448712009,-445.6570840706968,-218.90939104647475,-640.9900979521029,-243.78331925711112,-57.95224192464122,98.91337778804144,21.23805976561349,-236.71316863774825,-501.41974598402,143.16346352770202,12.232364408619132,89.27149552347925,-279.24058930999064,26.106403461552908,94.61330299355402,-130.3879470133984,0
338.0582189213778,102.05372203437686,81.6823337354118,6.235102926254334,0.8040609723597089,-135.05663244751466,-243.66697137073425,-252.5288267400652,62.78607612008247,-1.2269061100138017,129.00550008376564,249.370393387873,-38.47046828193791,322.83989436751057,-326.6655613947348,-33.425042270711444,378.6743293984719,-30.318721758077047,163.04216255625465,8.933646659309517,221.01427371628853,15.285460703529749,152.63511897395776,-189.26892143971196,-33.30673658267884,8.876727227967223,14.79541689080519,0
193.24338430009985,20.76090372299312,-34.18264743293446,-82.24608566588205,20.04843080053711,30.38562587714236,-130.03678161446354,-42.20564692783116,5.115997763160429,-2.16402918127161,-145.43032957257017,-255.8974173759544,71.37426411563139,-275.01688357749043,-479.1431374252929,42.81967336116942,50.57452540462869,-2.0881881888459466,-62.15289948103841,-461.4740341448039,-114.02465909953057,13.985871735098888,25.45414970732955,171.4125190362379,-3.073151492495068,-15.598826930170702,3.4370880583501915,1
89.14643516079055,81.90427007184897,53.048146780998486,38.75154378568338,-7.825423619868024,-206.8893200983932,227.56165411910155,334.2162928121471,-30.242583311753567,27.52588244631993,181.4320626489853,5.219953865962662,-30.28598277998812,352.3166362367171,457.7266595997809,48.41674646866874,137.61115629328071,30.375996954377293,165.97821374898672,-200.74601626789007,106.9601665337321,24.67471470712614,73.1959588092949,-287.19040379896506,-90.3005422967172,-9.353414725177569,-51.27763833346205,0
-166.34099882828684,-146.32098735822223,-113.29457214554176,-106.9822659486369,-9.824013949843648,-48.84386166598132,-89.98584189872113,-21.487986873010456,-100.63026144120184,-1.2254972669798367,97.09689487182862,32.044382543951286,-11.995645877702785,-539.6733942357938,-169.3500333450087,-35.70143086090188,194.2758341865433,-16.031294395393274,-186.86105181860844,-2010.0772009997656,46.6357733033512,138.33166970350246,35.20545324173834,188.0403583209195,-36.5240652955032,-12.53436319963818,-5.719735631746414,1
-10.062119299898836,83.34357794473631,-192.6120095821124,-37.44009595475218,-50.74042980965403,-73.97753042081249,-4.804535083416947,-126.89766889444184,181.2361773602892,1.0711685757147893,-78.79235002994216,-260.25699681339603,-173.78215825128038,-282.69153335380093,332.2797371387025,-92.71571936399516,-99.72219228108736,-22.10309257558781,-56.11723984034266,-20.765174575184524,-120.25063643013608,6.040994107925859,17.460125300860476,527.8178069709245,-49.58662194161681,90.449738239954,117.27390717705046,0
-388.93471673573765,298.1127189748036,-49.11593164535978,-18.092351742599384,-6.905340733175601,-25.769541826575644,253.688039199782,22.312251576043217,-142.66182950816258,-16.04309263982472,-92.33012547723952,220.82430128345527,-87.27460641066968,-17.2978659299681,-12.249204696738673,-62.78094997686952,193.58445299157077,-0.3946458072995786,7.833364348071671,-943.7240971721974,45.75006310623634,82.70188205599959,-49.21048481464836,-15.657101932383709,1.5896637837371108,58.23030850198101,-181.1429540747331,0
251.02970084724984,404.866085340404,-371.8106729573249,-167.64575598058795,53.79572162949141,-18.90566173706556,-64.3754276485602,-33.911975977251394,-31.798925716366337,-7.396182802442632,327.6865803315003,-54.71136441030994,178.41136530662834,1418.4776885445362,-297.46833503863326,23.9613182326106,106.49543087319611,12.081780767758982,-57.95532511005442,-824.7470748396128,-1.693651964414803,-119.76348211024666,-3.82982229960156,441.889090087314,-1.33954372329287,-76.03862144818773,-171.91534689867942,1
147.9622521704912,48.2198976823619,158.34512021747082,-75.09928015687129,-27.2921990106801,-356.04160572311434,36.25217612347984,-241.34446440420933,-231.34655986647172,23.834063882137198,-388.7697030220156,-263.87105000783987,91.31417760810533,-1382.9330020820528,0.202741862942366,-112.0622900234776,-63.85298516978284,-10.055646194076004,-146.1075082873498,153.5846281799678,33.332786278694456,-21.6607542805315,-62.60427831764895,-139.06539858049317,12.695793689846012,6.0566842003261385,113.61471233165209,0
-105.2534654429287,-118.84598414032396,-67.30519521649877,50.011238736947945,3.929528741292476,374.9202346782384,-151.08719984429612,26.920067710595312,-116.38178585608463,13.50576066727949,118.22763891789816,-53.63025765371327,140.92111722568256,-1272.1351449914214,237.1570522180135,7.362495401709118,-157.76011949034242,-14.184332361907677,-145.1686770337861,311.5953125365006,-67.27074027096457,38.63341916405337,47.77813161758091,3.4630225358498508,-2.1864569348522904,3.82677438034456,174.01668716057674,1
-120.85472203379187,-127.45573229594238,247.0133512287395,-27.52269102664081,-42.01536503583783,-184.88931476116363,-48.495031157229405,-72.15304835500483,-118.83775875419008,21.15165336902056,10.457790517958518,-70.05780445601215,-258.9391602532374,-644.2449426397712,575.6004415451634,-40.09788242357294,-93.45250372150524,-18.006522162123378,-124.779634605567,-273.0738917075974,75.49449302922456,105.48360340066952,-65.41874979915181,126.85130714546804,19.57409768779093,-122.13235574797656,44.03689555805525,1
145.15086833734273,427.1647249282373,218.6759750886613,76.55394769806794,7.962455057633681,-277.0694667590652,38.619765448531815,146.22571369272387,96.49459764661796,-7.964047146296402,-56.438519483443145,224.9289859490677,206.8160146660092,-235.919256357816,231.8274383695072,-86.86849753919654,334.7565525440108,36.493970397617815,29.34286321601271,-1125.8078546633974,63.889360092263935,53.876940531830606,7.547182689110151,185.13411240909124,-46.081680549843625,46.388071332413496,-95.5010989787744,1
129.36740849915026,340.13765356403815,-24.96583733364365,25.50107317011816,1.3116065125890035,137.34688365081,51.54658942327173,139.63705672438147,-79.62985902320912,-3.1292097571554733,47.21945652404786,102.84407075228444,-247.03086583001595,-397.31226890299024,561.4241658241269,-21.59697686592105,258.5106764264484,32.80948937222719,-75.39230413477864,282.64284980567544,13.678060519089254,27.50782775796916,13.777729201641897,-97.82133920924583,52.86637127731647,41.63328650613412,-40.90104436612239,0
153.71991695483177,173.80241044635224,-334.29994696399945,-259.0145828983619,-16.748215488004625,92.12211964241897,6.955111509469032,-91.4968795403752,78.14470660130429,-14.808415001975664,86.34806489640111,235.8574814763279,-53.27654475835877,1303.5376223816286,-656.9713757996394,-16.086282086981672,-14.697838408392489,34.02458301004173,-31.454462589516588,175.73629713847794,114.21459378142757,-48.38233870417708,208.16764906626696,-39.65964385416672,-23.27784799426717,-58.60166032063193,-19.23177364121113,0
328.8394529285609,253.04063950273525,-44.54038734611166,12.655103650573237,10.885677739790784,275.1926410769096,-158.5011029826331,297.54996384350363,-32.803070322928654,6.772641504430688,173.2025874869745,-321.1595268087491,-20.8370348579927,2.990315617757375,-19.197998763641152,-13.566616686010814,35.47117066765422,11.338120740544747,-110.62362990714055,67.10588114548311,53.69843284090744,23.40989776037959,100.89728279593132,199.40106454689,-42.19491302784812,-95.97244168830318,110.78630708561904,1
147.04214762457423,34.9071799165141,55.17113323695074,89.97314343123983,8.338628510242302,-170.14813397399973,86.9633891430955,140.75972515913782,58.89220717799708,-4.030969275581224,-217.5439973476361,85.56348903135853,98.43478302129438,526.4243583054537,-183.6589780805636,-9.13190018644139,109.67964928142344,4.1935488982151945,105.39813659004096,519.044632212192,166.7683718716429,-38.69370210158952,-8.435099962042486,-556.0524283779151,-51.62155425467175,-0.0060912383713045,-71.52970909828281,0
43.07301967059772,-334.88509112094147,-108.88439778203178,5.323068422072449,-6.5353901680901,41.174340370973496,275.8460886235325,284.5715348172528,-66.12275730569432,-7.949502120928926,118.12358296926148,202.48943120141945,-60.65027649278037,1695.872409663354,-157.15716364429235,60.99223480772063,-85.0359607274336,21.29088999651024,233.5884530161198,651.2099056276702,-148.39246030271556,-91.75628341268346,50.6198631409206,-321.3646107336979,4.584217225214499,-38.07529754786832,-66.86770093408009,0
314.0835740743632,-190.8426923461524,264.28790631325967,-51.06912563424805,-1.4481720503474866,68.28321556980029,-67.24954687686255,48.38638136250979,-75.20776510773028,-0.3612866825318419,146.4812474874226,-344.7472198785006,67.32984079971075,-572.0808577619528,-235.5569079138754,-33.34999771999804,-86.91558728372237,7.863367950479093,-96.34670237359212,-659.9996937194287,53.69478667047311,21.856570346978614,55.45467165066758,-221.1554948036435,-4.061224224192283,39.302587019557365,-149.29384660714092,0
134.62011135779994,-69.81743056058359,-334.30300738267914,113.819232918346,-5.677300768714685,74.59997692119536,78.03909794411375,204.16005648670767,-17.579901055931742,7.555236393487988,25.683487787085145,74.28920651416149,14.345880699508688,261.73500782777444,490.855026147526,19.207708420977447,175.5480763181669,0.698196028306062,165.20764244524275,1430.8668166232771,-18.12505325339181,-51.20217406748539,128.184974978873,-485.0817854736837,-36.875381069394926,-9.979031673645952,146.76602939858634,0
-408.44161241529895,-758.0647340820929,263.2864200726329,174.1037911363417,-50.246018057230046,122.8364174694926,-142.6814635540818,-46.15046935233672,97.6483146080329,-12.082239406378491,-34.750387065737904,-134.28210461083597,10.30429106523233,-932.6222655176854,-539.9980273843211,-117.73757619374592,-158.2107223578705,3.5424992332970198,-16.17237858049955,-614.4198547682699,128.30155074285477,28.161313599700183,165.4424846954288,385.8858134828181,-0.6097751938946732,29.79354747735704,182.807175846805,1
91.36330322067924,-115.94895110037427,-97.87467113038826,136.79528061085648,10.786638579556406,-563.7239572954212,22.66853625571492,-24.194672941247752,-44.99847485832235,-25.18610754447706,-181.1658171420785,237.46840022280492,87.63349827700232,376.6313208173552,-237.5688057334372,-37.52994122918392,-46.154985968216906,-22.6268576040266,69.5777314994281,188.6182232338978,-104.86731912113116,-8.357327957590812,53.31596481532716,-447.8035716276404,76.57233470570924,-15.568700635457716,-152.93575291662228,0
285.46614209911354,118.32161507862702,353.96307769415523,22.766700290040887,-36.90702349044585,167.10524941283194,110.77643705344556,82.14868927560882,-221.16562442271405,-6.154352722891504,89.33295118837233,33.29911951518454,-87.19664721847836,737.5801808380089,-701.1935148909553,-64.3754249566586,-104.53136080170644,42.58843719485365,349.28993540495213,295.61804697313033,214.12234512337247,-14.21406143639688,123.91460484494004,70.62221749634257,-40.74559779455273,16.638213811691067,14.23809996972324,1
119.10575259142512,54.820922727252494,101.25480428785104,-39.30435961919979,1.8629708539387917,-122.6870781949326,188.14761290861944,-32.82051155479741,-177.5386994837582,-19.048790896798614,263.9028992656601,-8.387866620672163,195.55745232043787,912.1443790095932,-439.7072340474739,-13.363797296287515,-4.417617851318817,-44.44384767596758,80.02213669834694,-511.932628642836,-31.60881954328421,-6.134137510778928,29.437922978208576,-9.207607072529706,-7.617945259740092,3.722385669925272,-122.69752208219316,0
382.2881774211767,316.7500809703055,183.71532076909693,-10.570669487321048,7.890843900282856,-240.4595277387333,-178.86042541288913,379.93333758941895,296.8756970971981,-34.509618396915215,336.23788294066867,11.589516039088704,-363.774779992196,1077.5224101195545,-187.7826982523899,-36.42164142132586,405.1586368428032,47.29460391725358,-34.56037280718731,-1054.274652469859,26.60453534766967,28.87017993150132,-5.19276214176071,12.303917959275712,9.60821081243512,69.0991925968921,377.0700162752474,0
120.2974908728354,-204.95120076262356,-302.095188400276,11.28940727908421,-16.00808184173817,37.87514428789297,-16.253814314735102,-69.70432098365872,112.16900077223568,-16.558551551151666,-32.33090572073908,213.66765236126173,-83.60708624053831,973.1588499755184,-60.17542823080169,20.060590822386462,164.90728051059045,1.3484466502555703,130.37279411562514,528.3252267259979,63.30504562150351,-2.3384059591985937,40.51091239308096,-213.05226387334045,-26.40617060303951,-32.110273193059705,85.29243557486961,0
-236.7376800304017,93.08190715211676,-67.44700580659192,22.98771188540532,7.793242297405684,-58.395556947994926,63.39265866075316,283.888868106881,-241.27470303059405,-13.392855717407771,-20.788961051048496,-91.02324284861228,132.54768377180798,-763.4476803787985,-444.40504038472295,47.4978397845583,-330.9181550202512,20.5557865894129,-128.81775732756344,-109.4898502442112,42.56671679454988,19.768214547641502,170.79335638180368,-200.56876159058055,21.17122418248323,18.201610131103752,10.072974664925644,0
-60.30777916149683,193.1081260700414,-48.59305434969222,46.57073671996662,17.37631217245149,-76.51721687861809,-35.32220881066817,-151.03630323558835,-66.52166341239979,29.30561877542623,-67.57917775024036,-43.085587339969166,63.823592838468606,-1170.12850891544,19.60272386456744,15.380057438130194,-7.648940377877353,2.411912240986612,-41.88400860145621,705.15966513098,114.13607273085952,-31.041181398778544,-9.646174334625712,-235.6882103280644,14.677671852745824,79.44708199219974,249.6056205276088,0
177.17082547982463,8.511816710084558,-284.4313159649048,18.30362936763613,8.326380759729192,-141.95743756209006,-203.6605634059292,-42.107222353369735,2.04864535524673,-15.0844666601126,57.6232275694185,-235.14653399007412,-18.382631964684023,-251.14406042441087,305.2239911352427,-92.6430874247676,68.1736690976306,-2.891483752687029,-91.0335679348827,-734.0300315720779,-53.147500136999646,-61.50716299685366,-30.411369615515497,5.986600033453192,-11.32864905433862,59.90273329141865,-110.2478765156878,0
307.8873489579833,-12.309215821435854,110.83683492286367,-67.23240421828193,5.223551744976872,66.29415019935955,-162.2068018072913,21.36724603131768,195.8305501892176,-21.81923769457775,155.8158796884809,-61.52426867636392,81.58540555306728,771.8046731067762,-396.4004995622259,28.751790771401964,73.30711162853525,-1.9682047031223608,96.84796428032992,-652.1750651039465,-118.90768093779836,31.48381868672435,155.17578353410832,348.3344864656885,-31.82271387856377,-43.981249396664126,-163.1810536055076,1
76.97681777448068,389.27465174652457,18.073343285107484,82.92842727468934,32.92210213911338,-276.1345198994807,-62.084017706111695,99.6857742016504,-207.08884757244755,-10.44723550563457,-58.27956312904569,-77.37953067519415,24.526494066413388,345.08230710389654,-390.4151966980814,10.634922728639776,128.2342293035666,-38.617166407878045,60.67594305964522,-589.5348876004239,-71.34971616903381,-29.064469967758704,28.591644240168748,1.863950435777982,-45.39765651286988,-48.32477571376691,-146.91628705135517,1
59.28465945150315,494.1430408725354,257.3990483494841,-57.37764698210472,24.097756491190225,-160.6802868230645,192.4003233885147,-30.863672940736727,-74.92026236475694,31.515590892658363,-16.726926753556363,248.29681256505944,185.5599215698232,-98.77754325145251,165.87809415634422,-13.586007896024686,170.18683905929026,10.825002222018885,112.94838673441426,274.51067967529667,29.564422337198643,22.863683747433715,-36.44426260340667,180.04112096260553,62.55832207734695,-16.966947298322204,-34.61332096032015,1
-39.2447040313497,42.175305507171714,171.39472434165555,-74.76175966586375,14.138791429220646,-84.46146592753013,-94.99570003055084,-58.20196998694571,-23.150386098868783,19.56888377050246,-23.86263303766148,-76.67010202244825,24.464530990441475,-663.4652688325066,-76.88864813231496,-21.19135188253953,-0.4264456309120226,9.356661408459468,-39.23248849652376,-769.5947396733047,-113.20370746865513,-22.462922202810887,-73.36428967497875,52.30534883717602,-10.329453739609178,48.83013986646946,51.61917712026393,1
146.63161663505772,83.12134761103641,94.1853097547623,155.2625700663133,44.09422765359589,-10.352006212874286,-85.31611372961736,86.04389550142328,83.80026334700887,3.8164337663029846,32.325291730148166,158.4942220356769,97.06436723640871,276.8845647752671,123.11350079694104,36.29938828679889,193.0220317083389,-49.65585277438871,-95.52174063396367,174.63797474058444,-151.85012029978685,-94.13133499476928,-110.72348934131024,205.841128329516,4.032766087260637,44.829603304364696,14.849545921299743,0
-114.80541811996058,-15.254026057276644,19.14347993736549,-65.11120827152607,0.6507706445641408,36.80075494582101,210.3802662698237,228.79407791472428,-14.443252225522311,-11.983657257819686,255.88808947901745,7.981825861691998,-197.8047552944302,603.9947348968216,392.2169206290645,30.493336269051863,287.8560874909637,7.934612970928752,113.30028076638818,-943.1963973645564,-79.29151269429995,54.51626056178136,-38.27976094026542,65.42018782541906,29.895783810802488,70.88328056163272,-162.94749218954885,0
326.7147489464896,128.68840246682487,398.6669136361571,18.414045369250797,-44.67492077124987,-247.8137257673181,91.6570626477636,16.188941634707056,-78.90289857176,5.490807503478754,148.20054657175982,-196.0026470302122,-180.98365400323172,826.7183654695976,281.6418773832682,-38.56681587105601,-313.23173156456403,-34.150163101588454,180.4142943762172,1262.5203344929866,17.247338314913804,2.66805999938793,7.547128790270737,-158.50815223007342,-2.889295944147237,-111.33411782919184,-5.730102113670692,1
-276.7612015354463,-248.59303778342309,333.5296303346336,38.65118644556591,-64.25589620511776,-2.4934049463772734,-0.4537298958817477,-159.91332364295124,58.39520549299885,-17.170388309863682,-156.91477481794777,-111.42750892668666,59.95193103543185,-1339.541244706082,345.7045450282476,-56.31066752058181,112.5037839048398,-26.694366164849956,-71.7208573640133,537.5436737555456,58.08344544833594,42.02324566068237,200.68620276514557,30.374506400769715,-16.233124809077626,-13.000507505129605,123.01206493106072,1
-239.52819296177964,-78.99282142882988,78.02805874134212,3.0451393371393047,-17.86859778640644,199.97169797425164,11.715793386870542,16.835873178478913,-239.1459096538111,2.697507210712256,26.103968078566695,130.9061102891746,-55.878572613223135,-328.5156007078844,131.12035759608236,-45.49785070189164,-78.56258824903641,9.555921030023004,37.39117412988166,208.2194672206484,-81.78144232852509,-15.40080150567906,19.72075234565988,-12.372164453560677,15.803130745754832,-58.55541478145568,75.22712142266639,0
395.67753140078327,239.75162011044625,135.22773725604694,-17.334841822958712,-15.94598469817262,-98.1126163993572,-95.0529158057999,56.851517527379215,102.02373532798408,-4.495712413099353,-164.01493714865498,12.507970530409027,-42.97048966892106,133.37314468973057,468.97214375520576,-71.408309452439,-109.29699360247784,-50.74849636338594,-162.9829006548396,749.8367515576995,-231.9857784452265,-60.53103340340974,-22.883637898309928,70.23220445087144,-19.230464901790484,7.314577423268945,-163.64467554269507,0
-12.66829400079286,265.4752624273088,-177.40573227796523,-106.05255103379989,-56.16387536367324,-373.2434445463249,39.013835444162574,245.85655592502536,253.3895767537543,10.766562366578126,79.31210418848542,95.3526904401902,-125.9316229639629,133.18788653233946,572.590477647112,-119.39555678232192,-295.3619246115836,-2.980813248575954,-326.8759365554527,390.9535350127813,210.38747035281463,67.12915607098589,8.315103013998744,-222.6627999236207,-54.673280709026,0.6555239971951252,355.62861527320854,0
-152.86889443713628,358.5608659127132,-286.3084172898372,-15.974731303601,0.5346398619158039,-317.87472372018533,198.5851577325776,189.5808624020341,128.62444768687806,34.39707313628229,-338.10675714677086,-228.64747489144105,76.6740975026237,-235.455778132886,262.4219963492698,-42.872638584631424,255.9069082748315,53.34289689825391,-12.83405204182922,403.642212673996,387.0139406037112,-4.353279191632118,-71.56190039721464,60.0558127433661,-31.057289804636437,-29.110259183224468,358.2931769664467,0
-208.69832855460345,-93.65464701272852,153.38944720467276,45.28799821190923,-42.14467027152011,19.459621590870604,215.6170256885381,-7.273841496577891,14.746459328865711,-13.500848716620354,-97.090723370719,56.15498647515366,-0.1796648120050696,-764.1927509975651,-52.16641620164583,31.462144491901874,-308.65130416613255,-16.95826730351764,-251.26425701402496,447.2851511790704,-10.33298940555407,67.64780314940707,79.7575846566247,-97.8311411778574,-0.5158750324479284,66.13700755715205,28.96952088688194,0
119.82968094458512,512.6189823205748,-172.72763305981434,-190.91029902447343,-2.40212038427923,-31.943096770021924,196.9277376726785,266.26451293228666,-96.70617493467763,-13.06672290862133,202.29698864462665,-275.98310799249924,-167.8201025176475,1566.4425384961394,-151.25052882430654,-23.72083592378122,-139.69910633763328,-0.6991338317000371,215.1199111750017,891.5312181921936,-234.89517090242853,-63.55185012675162,94.2982390698338,66.56993420429305,49.80752558513373,-56.190619727562826,63.357638989709535,0
-15.24628603481434,304.18968018048355,148.58649749493355,55.69494734342033,12.846172450370185,84.24988426534293,71.19775496429209,-21.19643773414984,-91.67691910791204,21.73424091678671,-123.82874967997228,-57.29877067419389,-25.506238525783573,-1072.706222321654,106.50913800380404,-42.581227172178345,153.41838397644057,-26.53039404250242,-77.50118109040474,1182.442965017881,-161.29867859554793,-23.732334757719773,84.54374507442576,-142.72458835740338,70.46721437846175,28.03886830106772,119.86283347118346,0
341.8611588705881,307.59494347737166,-159.27075243428055,-211.4470279222716,38.12545627736508,-206.68761107861724,-9.140719771427436,222.69805304468483,-39.96284214995674,-1.1562340510703746,-44.43568654129656,252.34662980866017,214.18127949705385,1675.7053682206267,-746.0576165546548,-43.93718697581359,36.37788374888575,-8.821489637096022,-10.394195946928203,-134.715235912147,238.1166014893268,-64.17263361342573,-135.01032413225357,44.39812803188354,41.64042387696377,-3.506765309442548,116.18603463366216,0
-89.83392004223793,55.50101492744866,42.77079348514617,-20.302812599591963,43.05461749643618,147.2994742699685,211.24900948912483,18.236653477865808,-200.8102874072094,-3.1698861510707763,594.1289775488831,-253.2703046045032,97.07989516594314,596.3198071122632,-174.70828768637196,-45.40954296011716,205.56534730636844,-25.87150106808184,-97.80587459580109,-554.6206405350588,90.69488300573371,-97.9015465987137,-132.82613595045854,-553.5220575308106,17.25731649672204,48.229587351604295,63.6565091804068,0
227.5525672293104,125.61899195270684,349.9925687780784,-44.356127504046846,-21.67464696250994,-4.879422536716442,7.912529925101973,-45.95699651292154,36.91212003274421,11.157919496481671,-136.12124041084903,143.17115232947296,-14.616699861725555,-48.14538261697263,137.76542043899758,-23.74653648884105,-42.4355192820796,-25.565955530224503,-28.30170522430701,1286.9200852048675,-84.95708912786107,-63.6467787929812,115.988983531074,88.51860196621271,26.01504480325592,-29.60032045319563,-87.27267232015357,0
151.92525409282962,-168.7934920509511,12.70833899253031,-57.76270497917379,-2.493006251779149,50.87851876667777,65.60438548223173,405.1944419694714,135.41623706239722,-14.751534108387515,-72.50585047633895,29.136516086759148,-130.46826643550904,772.8640708471264,-201.26883793779623,26.12731537790213,45.32369098476613,40.733812036910535,-82.50759114632658,-31.055398792477167,115.9952833956195,-88.56030039568914,8.662762778330091,-117.3679087653542,-2.83463453117381,97.3094809655777,-35.667036269227225,0
267.05366017718177,-193.4649953488242,407.47509901306057,62.49849229627159,-3.7992883517935914,-156.1028708521219,-187.65302043161788,126.66338940765748,-136.476280810896,0.3361373631087145,-16.77200038386641,-135.99259155857573,-18.03013323025264,-782.9839438815043,-364.3203363583729,-20.605448061980116,53.818573498905145,41.88854370103889,49.05303565814129,-1240.631716515956,-232.1097165234172,100.01274811045262,24.64657181568903,273.280113743876,26.588935953307956,-61.47080488872573,253.93826555912156,1
75.3853897256366,-135.5767966169312,398.9011087066968,28.27010612010269,-11.035297888427516,128.97890015879557,182.4311078162908,7.709474773964193,-86.98137736728042,-6.069271886855667,-191.50206617463093,-436.6988247725959,88.95094305701846,-1289.7671210971023,308.71494122460905,15.47397312048032,148.28622770101714,25.695000786932297,36.55330519587143,-118.60573268101228,26.43796296518176,121.30045481537208,-141.65231761803506,-444.16130082555816,7.807792629502215,39.16479366021773,12.940779530346278,0
82.3916331382569,16.36246890090669,-184.92283208919275,-109.005641945283,3.89922923743338,252.3984808689819,22.31621083928856,-215.1032932964468,148.42511382719994,-36.0596751415768,-161.94319053724763,279.7933348193169,132.76107027222093,1233.0383230592554,-597.9109494537357,-10.089564572522155,-200.85144906821628,1.466696644939269,19.894635153457862,-332.40207056837414,-99.39629472125438,47.23516183006268,-74.31580234506627,-28.00915255397102,-27.72411741751371,-42.24954052374077,-349.79850304044635,0
75.97251265039375,-76.15957951941962,80.71027459817427,25.816689518755503,-42.33743485819984,-8.519894627280493,-74.28548112336404,-335.8224145212756,14.386620925405706,-27.552794460752157,-49.825334774053054,-78.56811109407592,150.72431164565486,-896.1890027184807,405.6777575348378,-34.622181598185115,-324.29279772105167,-10.000613476950688,-49.554734742500045,155.89376059583643,-109.40866389868208,89.46232435639419,22.64662672925004,-133.89243192975184,-29.32475531077735,-19.08189323369637,-135.529937744563,1
155.3895730997792,270.4988624939958,63.36323200123893,89.71186097882862,-24.980822832921696,-166.62704746113764,-110.86454474997788,37.71328105543009,57.511273291399206,-9.259036325916233,-282.7268816240927,-0.1416958013489657,-104.57006816989166,-433.6243933715031,-63.12595304860972,90.42056521712362,-322.8435047470947,-36.650876541739336,-6.3265249461478,912.7590879294564,-118.51619505252354,73.52523662132748,120.37116054875555,290.2804098690147,-28.307243753909745,15.078131112951482,27.174767522625277,1
-166.01141400262102,-75.48907917354157,119.93712050484282,124.03490536020064,4.0535143202461015,18.024417456163327,94.33825022136448,-152.0605750097527,14.38437151396807,1.037864938966268,216.04235382084133,-163.45444547154773,132.65288044865386,-1307.0007133610857,-126.79934495129454,-20.006020509488557,105.36577502151488,34.438329927747446,-82.73287596049815,689.1747010189007,200.6917204613171,-32.12196529959969,216.4781056459553,-304.1835657043685,84.70363815088471,75.39982210753476,206.9356386338626,1
248.38655699838583,-155.98207468271943,-20.671382591518324,-106.97921140876828,-78.9907498480479,-223.39757848612305,196.9574895562644,67.37869551522702,-22.258234260722787,-23.44467756249181,-376.7392371277009,154.68871173722596,-134.06234582934906,792.6871756490907,18.613987278620428,-58.26646580634504,-25.69810235872869,-25.9529807492219,52.037713792126006,1369.5069609162354,79.69907854008625,1.5589246802059815,153.23491532113582,63.3146212853356,39.28369756286809,-25.68071792183735,-16.39317940822324,0
64.43440957591666,81.92675813688517,-315.4180702831804,-53.73227832496544,-0.9263440477182168,60.824920151995926,-123.29333804498536,-63.86345469654709,55.04874409662842,7.900315507741651,-116.64548068180596,475.1354372997732,101.26694087101627,233.9406139634146,211.8196456034578,62.779866377467,-160.19407618669237,4.153058274439023,-189.4432037263341,313.5420789119467,74.48766367428134,58.62342024770803,-90.70919539445406,155.26445957305737,-27.412628912216043,-99.47453547635016,132.43039897413638,1
-312.91974746543394,146.43257620031434,3.433199868203661,-217.1418356634736,-27.613651196159324,-36.80681505253618,221.0298854284362,128.17383052929645,62.03805922800809,-24.01958365647033,173.37153982486004,-95.15898299094856,-101.75509719819856,387.2418402004056,493.7973079349735,40.06195337206896,-131.83181576391453,-9.455305649724297,-69.13446710690862,414.78766603058017,-122.40210499511228,11.2137757741076,51.49049685074766,-164.48158127113584,38.962916054140535,-2.034026478415953,-16.50269212405428,0
-106.10667918111486,191.27523416497655,117.72911642317676,10.412074626629902,1.3173760290639491,-94.66328878586472,-137.35894936942086,-15.451026771485171,-97.5237071356852,-26.190438564037677,25.816471960082705,23.97057018691481,103.61881769376616,-679.7748960106425,25.383837705509144,54.61313619320247,82.41353239833545,-12.43501812471222,-52.279688168746816,-299.3730485157352,111.40707940638764,50.20290508250928,113.43970039942612,-66.30246901667759,-17.05173834726184,-16.813511913891244,-8.01276770128288,1
179.94648005164458,-66.21316419199964,11.16213067430238,45.37984699219402,-2.2963060729655727,89.34988978938003,141.29266341016955,-73.3963637649437,-47.38753706123955,-2.984312394329182,228.47733745636924,-3.855957913577053,68.76582300009504,324.4787909224919,101.86999574240426,11.544902871720236,-151.5589339271466,-24.826770470925453,-21.336180507525548,336.3597997644385,-11.38218433208248,33.24039837177884,-61.09432466161796,-180.77364060948355,15.00885933987405,17.700752299294578,-63.26194947878076,0
117.8298189204218,-31.043762676779387,120.46981448189102,12.005259071569132,17.585050537160903,28.93503155822058,-47.20896347471319,223.2507771125344,136.6000446932481,-4.419432727989864,147.15580677686063,-159.83489473064378,-235.30457303114335,577.2330222429825,51.47914839865228,27.861564404231014,-33.96664358442905,49.09014976062451,-67.14380890575163,225.3662399732658,-70.81131891094391,-110.88045318781994,34.00363691634074,13.880743177960264,54.46955684505591,-33.21206466853178,-77.47561849987623,0
-198.2467700371562,-56.03374506337034,-134.86695054869378,109.82990372913665,-9.164565409612203,6.972203135094739,-111.09182190319892,-308.312777154557,256.31270991162165,9.061885640526413,-213.6227882818521,76.81993248850108,-36.59798936109473,-227.45511992533932,112.08369791389288,-60.39148188324965,-34.84028247265861,-8.08249617212917,90.35643508110157,833.7994264310391,-120.97102089458656,-39.452693853394834,-44.75631061971225,-113.37666728255452,-38.73043692741421,-2.425168723412968,179.5855696378836,0
264.85208692959225,-578.0073896626159,125.08778865015697,-113.05230853703516,-39.51577192614498,63.29066567280073,-122.156921901291,-159.4829547319453,-213.18154795364825,9.790050856770115,81.22626197986737,-183.0848093425534,57.99945421213577,-669.377807211536,-74.65978959754915,-12.921485123084612,-34.12628090987277,42.88040057404357,106.53877457149602,-258.58199728623106,-46.576810626703605,30.33773546979084,25.327347461877963,142.7497029013073,33.857583124068846,-57.079826725197016,369.7553125653874,1
142.99683414566647,-28.430080219838125,-191.36063747264035,103.09563673172968,-10.583261337076053,-207.097231050483,34.63234650855268,-243.05612833448504,57.187630240439255,11.978697160998127,-77.25366893279957,-7.903279211600362,72.14676158747706,134.7531752592746,2.5389502504485177,-40.22347245174307,-405.5173191268867,-22.255368177861875,12.906791780215698,186.0070044713584,-116.9886572416124,53.77281874396999,-22.103096400344853,31.434060996494612,-22.88805420733985,-53.32402886953732,-213.80792957467648,1
20.41681156924176,-198.79438043177265,-23.74155129948224,-40.03725830931256,37.680486257326194,-77.95675118305827,-138.8064765775657,116.36776718503243,-102.64121816880846,9.101736372476534,274.04711935909927,-16.338750328064602,167.5968533234277,356.6636404168966,-408.4773230756804,-61.074622157796135,104.0125683265914,11.563787578032024,100.87796467607374,-2188.9485715820065,-83.37828285047787,-6.24322286683374,-68.81226041498695,533.8458514893344,14.543295684963034,28.53702398557045,-50.3324606421301,1
-149.93612053354417,182.30448613299237,-60.62905132748919,-1.3727774652552602,0.1925377155142384,-230.21635928779347,-150.41188715904872,146.08682653784194,92.40480053200794,-10.4790496313375,207.88306039378577,-165.2663746809109,105.58164992355483,-746.4162032541177,407.1750560639218,-60.10966889987905,-33.986261456805515,-5.630697793589749,-343.476896690849,-1008.5158602128948,-15.913033694364296,-7.066276720835008,70.75043621018952,1.9740457439128387,-58.29731453902446,0.8789057962098035,71.33133770119245,0
-12.29814791410246,32.2252695051746,-34.91244452262721,100.85779840107068,-29.122658526981997,-139.17909111718015,-57.02024652476458,-112.32547285242488,-71.1879926384785,24.030347730758848,-122.5069685110029,-210.62127848551995,14.28314015541292,-917.0076309612282,192.67339542359343,-56.49030931866314,-309.48079275801484,14.544399124393736,125.80304487643066,655.9191027331788,121.79504041335572,42.21462022500548,138.58594802234512,229.3025824503866,2.021783113918154,-56.1811305587506,-30.606575804590573,1
-132.02420737383014,918.6498500471262,-82.57217812568057,64.83792360989662,28.19695838659057,144.2692015689951,46.85125097185431,-216.1539090014917,-106.37002973336315,-10.002967698486495,78.84099461293786,3.53994617926326,-16.959384182468078,-459.6226031637961,213.80463880161247,-18.594376294893912,177.22596160439696,-10.232520755214155,176.04337514745623,1243.8496343229342,-26.173545811745328,-7.610936199694665,75.31990815984878,175.4705265594029,76.71211495120583,45.03948306856076,35.56526423887937,0
55.10032844843892,9.869617786065092,-272.17814746894976,32.801737960654485,18.55701723392999,-188.40941448491523,-114.79021922183875,-119.96225684621196,-200.71495121055807,33.857224283283564,-194.5069915683133,-121.94913648542456,62.30148896068303,-182.35049096813168,67.28754150390665,50.15612516840478,-150.10704934897336,10.229756370503448,210.83770314800967,-64.33925552020375,-217.09557112078588,-83.67829434283553,-117.76657631738736,470.5199694117173,-29.07144833319042,-40.60866128039736,113.87403896466571,1
94.43480741273136,-104.5971655122338,47.87532089722078,41.49935266729237,-26.577960368072592,32.66873547188188,-147.8921328817602,-97.82605101921573,-176.9620715772476,9.114817352650388,-145.51978708487073,198.88689911800648,-52.38844442603652,-522.6815237448342,443.5219474268177,-81.10391267360933,-22.671822023454887,-44.335385376478754,-73.5868292617637,993.0457087390736,-123.61094362993325,-104.32650069663892,36.548183031404605,-30.79397842704296,-0.0745484101822053,-18.081906590333247,17.24609298555059,0
-11.77368774885711,128.59925517652758,563.3516928321028,-1.525631840016489,-46.906084075949,-63.79494280674172,125.05133312496838,-123.12466310873656,-85.2951737946694,4.083480284511209,-247.37663809622185,189.24916661427216,229.38648765907456,-822.2488646927632,514.1634836907496,7.555504057855462,202.258371812291,-10.068683786474615,29.181409293458216,1130.6432904194378,174.6819507492533,-51.45269747692641,-10.990651902310994,319.7008146674285,-21.61134548159091,7.457131063705084,265.01291232686555,0
-434.6224254378652,169.18824238183245,-246.52968345938868,155.30619133624828,-4.129342099632714,202.1027030945617,-81.1554244154474,-95.65697351190158,-83.6026533592763,14.534293737650993,146.27825555178453,239.9643821918088,-148.8102490002943,-465.6902291735979,800.3305345892354,11.406280909865952,-270.6957423858538,8.208654949537571,87.3131068602957,1385.272226913252,80.82472113515833,-81.53030860808929,11.21122114478323,197.88916369530315,33.187844972438825,10.074547330242837,49.44285544193337,0
397.79588111658353,316.0645088221624,258.23165257654125,-22.195208685336084,36.32106070543158,-299.81270725976685,-52.09523640698577,237.0844520174693,56.117797963229314,-11.65762013846406,428.4695333759192,-370.5619193199223,-13.134517940885305,384.1830307999288,-77.57671395063355,81.34769700128479,251.246801554104,23.365673807309488,-104.73817160279827,-940.937632116744,51.84017960803735,75.00189969884062,-109.09081097912276,153.69792513538954,51.249760125775055,-37.42158124971373,416.925599894548,0
-366.58371416407664,205.3980404671335,321.3381554969118,-32.16862648865002,-49.04778046135925,90.27443472889723,193.64702254612973,20.00273064594096,-189.78937435238765,-5.896044690846728,-294.90070206572034,132.05897452038127,-77.27144023816626,-869.7799501863818,183.7981348321256,-130.30971031269027,-316.0234412810451,10.542593857481416,-78.71375463679463,1279.3340186295584,49.15941450630314,14.177747470140938,65.1825986306052,-21.83843950817488,101.42701844902304,-29.346067250836988,-39.26747229893428,0
-162.46621663104895,343.89566806404054,73.54804152187103,-157.52869290039587,21.998895235206373,-361.0679372290013,57.90872413160523,202.12032852611267,93.99062261306456,26.114279942084416,-106.55270612035795,-28.71152344844112,79.61301967462607,354.85896785910256,-298.9826834709105,-46.987568386968,0.7853724888690061,-12.302713098269177,-35.06772222972546,-493.8582091096109,-11.673797178141273,-8.049030888134405,-65.26139617417581,457.1221718839214,44.429386188843296,-3.2545010066946998,165.7127351288923,0
405.7103123971133,209.52496305085504,524.7386748171672,-46.52975114847584,-10.059077884925111,-368.1797237985016,-50.602577644623295,-81.13582815473121,4.36820057187707,32.00101767978792,-201.337917985881,255.0114033422972,-198.90705185874708,503.3224498536108,46.863035777993694,-60.031392639048846,4.504812253774009,-84.67806921405189,-135.40404534021934,41.02669362521908,-128.84910906816944,-90.65588489219672,-96.60956861747177,275.6643202302829,-27.522334664515647,12.529438608385686,-320.75905401526484,0
-23.72207288849245,487.86667624731206,-86.95053285319123,7.733283034737545,-5.307537310198923,-283.9903706073558,-151.12478920854514,134.10478434157466,-169.8509108608435,-31.38309409249686,-148.3392974524658,-226.7630391338894,-30.348586040449263,-629.4390800796058,137.56890082864035,43.68869672853225,-164.21901998822915,-12.95320656674268,-199.43547344408157,64.1674876273255,169.852318841716,43.23993438849296,25.851997855292645,164.00497933011033,5.737150394045359,-42.561761137128265,87.33279899233301,1
-21.92091914538184,69.58653643628602,-231.35116103118648,-4.4209647546014965,-5.398027061080699,-221.6481780741764,77.15035284304015,55.329397378548656,-65.49182681222165,17.890314372193,3.4298645486938284,-36.63166453111988,39.7197834499321,-547.3420599684554,435.6778786932965,-91.50476503532444,73.04587642947098,12.331002087747194,-230.7874067105585,33.35820971648711,29.436329898468912,-130.4663586330672,32.91775442832984,61.42109088248553,10.297425471500734,62.78420166763942,72.1821421771461,0
281.2777434522569,135.95463276662895,81.68810049819291,2.1718655765850485,-6.999935059031319,-21.87989040863408,-163.1038186849271,-125.7885870603389,137.8139303688399,-7.580249860267046,-2.7884990809602126,-28.444029865021317,163.1611788368556,-199.17331672456515,-211.26879441800364,3.4135215987903003,-65.50478479833143,-24.47905623319189,122.29797811091196,380.14378086652016,-173.08995079902073,80.88368868593729,191.27614674971016,172.5570041187425,-14.865593256098824,-32.7485523710632,16.31985066079272,1
-249.54202215192623,59.82327326491261,244.41454539783763,90.48045510997628,-25.081271991680104,303.6589621827629,-101.7090452423144,-105.28138093475204,-41.09136339091714,6.1552473978128255,-281.67966933570733,27.27921514904736,176.90453015912868,-1683.598696257015,177.19504046847322,-65.40613421080357,-185.1109091296977,9.13414626383065,-75.34833203570209,2010.7782151207175,232.55939790895664,2.412740211114947,51.384983689309166,-309.79036968205804,30.68399190503717,-29.20804686373137,378.5933098380639,0
-119.57693934375496,-15.6783106812132,-211.8549596530196,109.91127166381018,33.04736943331569,-235.61052327085872,176.14498068939076,222.69374716958905,61.70767595165788,20.08446950887962,30.93195260442757,-41.87895398696011,126.70576998760608,303.4908548000618,230.1852855477596,-1.1263947278641488,134.31267830647482,8.99320787477086,141.9857327906585,75.78614074878455,-12.350352048483687,-66.29638451815266,-11.41600604485054,-51.0857158428357,22.554449397539496,49.004792499700606,-26.20447205046429,0
117.46656813548826,339.50109534294563,-349.6888440648652,-66.90170394569998,-36.6586066344788,-225.06152855968375,82.4148926797019,315.7401674217415,93.28587636324862,-41.03796090175125,-77.41259401965037,-274.49696114110543,-273.87378658954015,1183.854473970344,-11.261030569969831,23.90570590729503,-348.64727919186225,-42.56439414792362,-26.951405135358478,758.7475441336808,-156.48908323214513,25.81370867018687,157.67948525469745,108.16769462645972,-17.49707615614788,-12.111676538475066,-110.76774276639496,0
-85.67390044420037,-166.3406310956929,50.942316457050666,200.08286879560168,-59.81667562945424,443.9162282674294,110.69751594796352,-36.71502344067682,63.10421429110379,13.653424188277596,-200.22556768440955,39.461911304749215,-158.73650163342964,-732.6071696914607,574.8433228871294,-60.616764481518594,-210.57305972039669,56.32452302987088,208.07718686188107,2593.281611675369,72.64539436030252,32.89483740594403,168.76658402336102,-109.71232549848466,39.96826617413667,-79.7063071641183,148.24779467558037,0
257.05393847463097,-124.25845501747814,-226.64972485995625,46.04010568259132,-25.44883860276556,-14.008396324079934,-15.23391753099871,-29.46910741963157,-51.63234593738007,2.990641883435094,83.70635010648984,-19.0600341296151,8.689789349680595,-539.3037980636473,-90.7910728051919,-71.31995724887025,133.14715059319067,22.223779167098865,101.43969559687773,748.2463569886268,210.86969153104025,59.04232672810794,233.9559508444467,-419.32991429008695,27.93287124560433,39.38304213130636,232.1442722973196,1
287.7040361866475,-169.07528287415803,-45.045662186440346,72.79325863283121,-10.123362820321118,-338.2586484164733,127.85775178366156,144.90248162874963,121.85874933261871,11.005573091498272,286.3380793017346,70.35960074847813,-223.92012299252883,1617.6558258611578,-236.90353318200283,14.076004417514518,173.47343377984777,-0.0948290095044561,207.47251943412635,432.8715945163404,130.96849551809308,-78.89567610844719,168.16519037603507,-193.41631163722445,-14.615961287860738,-6.075209449732123,32.45536250253062,0
222.73367255865705,244.79952525800505,-226.79979484536852,62.3421467895801,17.603763878588126,-245.2430030665064,64.10580904312027,148.59541484971288,19.782359017375708,17.72863254138334,-4.7220867227473615,-411.5315030879521,99.95825531810723,-542.9308734115365,-262.15110328331355,5.04333256416049,167.0500801964721,1.8909650595945684,-203.97296321219463,-714.0570298007033,49.69980252164938,58.68454854633654,143.83697516596192,47.12185392957471,-62.76739794370788,-22.6645574715016,53.42807890090506,1
-319.23039058275623,269.3665142223307,-125.706941237022,113.7165410796735,14.038722629819404,147.98554529726454,-47.48092442200658,-233.39102745112163,-159.6633711736194,17.492764802518405,-8.562590116610881,-193.5669098986805,-24.123225858228047,-866.7823831636609,183.38544874077743,20.13643683654969,-289.83287030976135,-0.5714971506949871,-115.51666870079144,382.1508531198464,210.78235848916557,-6.12460577605473,-113.84271918673689,196.1111683355866,-2.1007608847093078,-48.7639736000987,-16.405104180770426,0
240.96500972156903,12.346229467509376,92.25956992219128,-167.9574732447474,-3.4897935365014763,367.9906570343112,68.05704745978855,181.22759459002555,-278.6274271038256,-0.8469301498455808,94.8894122741434,215.96823018763547,21.77329596518911,58.78295793778345,124.96617675309368,6.500785918576362,310.7809773870726,49.98672436875375,175.5166872336572,-46.10529128472383,-215.620677760492,-36.96725717828361,107.58233833932076,87.7901683859082,34.12790197646065,8.358443320182092,3.899014752097619,0
261.05392096198545,205.9312570156416,223.14289129397355,-74.60497194061442,0.3706735192311075,-0.7245243771908711,-182.27174128312723,12.65207513312233,17.87698070242898,-9.091680709458153,67.02907445957489,-129.36015462142464,-136.44658484312362,43.06101707852425,-473.5988866005809,21.46763587814052,2.940315889783587,38.35014810438288,90.6540139111614,-924.5957435224882,93.27423593326304,55.3897025463557,15.728942644003908,197.3054956666197,-33.07901416282389,34.31937614336039,21.03922385739395,1
155.06411171327892,-61.30171154018672,5.832362145260934,-23.86286608199488,-19.04674661970897,326.7608045216306,193.97336818593487,-28.275636773924543,-334.93475134386085,19.10061654116523,-136.27446946250038,-411.4748073857259,176.70194369338734,-1680.6147575821294,766.4374548381201,29.51147920459345,132.28552381282276,20.321503314133366,44.40821628044811,856.0318172330404,257.8870892708421,76.92924600379651,-37.4325279299016,-286.57670017692817,15.314951309074264,30.28531897468479,-20.162906115041626,0
154.6927869726606,-39.4225343009397,102.40811944783292,101.20245781724527,-25.56294297609887,-58.71683087904675,119.38376827733838,-94.65018507379736,119.89664115623764,-6.296463070277738,-140.1852703707715,-49.26254515222052,-98.74929992633852,848.7346273720126,276.9393923544002,7.944731901007801,-260.1191466819665,-16.625381301788554,173.55587246322995,868.0778579930983,-30.91894563401097,-51.23185685404254,-11.024661248434306,180.78975416088764,-25.805530325052928,-19.560190028600772,-435.5875823046471,1
31.959647410852483,304.4724216469407,-409.4129233690864,-128.29650140554102,8.064149057243394,182.29922004708345,-147.76699692103688,-120.23221242049556,-406.83552340562346,25.67214424546681,-93.67543471849316,-484.5342142039527,-146.57612469660876,-1318.3247449450796,-316.6110896997351,-70.19941419922861,525.032239967781,8.157408277506622,-143.88135349929067,-656.8900558135376,19.71029794337395,10.127946230467828,217.45541143946397,-261.7287735542521,-77.9527499100575,-132.66461585594956,161.95872129993197,1
309.1080109113364,-87.9711098191801,295.5787105476661,-2.9447469777140367,-24.595285694323017,1.6726137086821904,182.9114864506728,105.59100807420616,55.50488480311473,10.380806122095075,302.0950760665701,-40.28504917375612,-78.47171874962314,860.9969802510983,-142.907340255729,-7.02751092686235,96.9306365151495,-10.505312374158656,107.24843306085027,-204.39043969885864,-20.822383541818724,3.952431109966915,173.68170094342827,199.65294264428988,-39.905517821975806,-0.7378050932734865,-177.09389588182046,0
-4.672637207561767,342.0689824755892,382.86817623132896,-101.755708660713,9.216712328594102,-229.8062827406572,70.7572994089074,-18.210467860176447,-140.53018238373517,16.166538676806915,25.714757618770392,86.38639547820037,59.23876121391314,80.12907825410659,247.6261797457432,17.872883432580757,50.14531974590997,-24.76593640339592,126.38961730988464,597.7229503817177,-0.1038641989110553,6.17162109320922,-81.91535258032955,-376.6249455225107,20.262854894138584,-75.548383583693,70.58368223344775,1
-191.0517059317688,-255.8537725107941,-7.017635333306007,-32.55064352346104,-56.33464094647556,-55.994731026224684,-41.238516115204405,-426.111315449337,-79.5618318611981,14.47307395586217,-80.24262485878138,241.9733695337492,-25.83012497248727,-624.8646038072155,208.285991654841,-46.77120764845981,-103.89839632624296,-36.57162732299053,214.92920504784772,1811.8502287012648,53.605233360023135,-26.411901320819407,233.67055312054163,-164.1073692099789,45.934921066749766,-25.00004660115017,130.50787846626875,0
-92.52125333181148,361.5991984373074,382.4176320542287,-13.8119043635639,-11.888791306708216,-169.05325664047015,-137.24228245223514,-299.80336725386707,-87.36824823045632,17.587369086936384,-310.8655063900476,233.5808686169233,7.367865908357457,-756.4141756006032,255.7713617861601,3.242313517209311,-142.82740875955642,-5.21125758859172,184.1761877202596,1099.860474415481,-41.65821439163698,-143.47354169450054,-8.754363517489196,135.8375812481898,-25.12343376873041,43.52623113534828,-47.81689071587223,0
-34.30707386901342,-5.311927062492856,32.91588575168694,-138.42016980356038,60.8684586616168,-419.10933455311545,165.8489188010454,301.17474864066963,-93.490039313266,8.187823470082005,-168.89186747710397,211.50051456983223,361.5093071149704,977.9607508740576,-622.4408836552918,27.783246509998836,136.15189511588906,-4.766162877046567,-226.2599410118441,-2440.34679854064,47.56133629662052,-84.77384830189726,-367.2870568553199,310.3252846021251,-28.99703973443243,76.06283856064897,-80.92678209866654,0
-183.2039816044945,-16.953444070057486,-382.3138443696327,39.72482551965598,0.911477040360936,-34.59729638280275,-127.41176775151504,-396.0374334300197,-52.283303335092576,13.719803981107876,-114.64199680461276,44.84243329334886,97.76154206033095,-975.9296534245608,563.1530531392459,50.37313801777635,-268.78142223720687,-17.79188010242021,-192.06896472171888,140.25858426124418,-85.73602688636771,22.385891024982488,-125.25261672642058,344.08002688930446,4.756919829931364,-54.0438614657279,15.56991193681126,1
62.96649904546757,183.31175539699788,290.76587707555325,68.55047067430792,11.877900981807311,160.02183066763968,182.62896223626868,-5.278955766114337,-59.10062096078733,29.104662706631856,198.3962917108776,129.73995166390307,-85.76982547169816,83.6042955174408,509.6834080906704,79.8627391687667,-449.8580736758937,51.19825177002328,-139.8586960053697,812.8707838656073,-3.2045977405550703,-17.072173694210147,-248.20344912935013,9.221372980071012,49.85416932615167,-66.65081762938712,-6.282940891043129,0
206.02086070766455,178.92532305870054,-135.8657401439693,-3.844368223329666,6.04341494742539,182.3521453773946,-9.002032995842752,-186.2647208162849,254.66322482061523,-1.766356310296525,-467.6475061342979,532.648299011983,62.03563468854214,873.9825346341042,71.05562664395194,105.61083142985824,-5.824389632355617,-36.81313397735803,18.867735386445386,887.854286258846,-50.68087818371093,86.84532181534098,-192.30178373538973,493.0144242568048,-9.558408333803914,-41.2599428953925,-152.81618363695495,1
102.45008522810112,76.52989335600893,234.1597703467284,-61.13823231971456,-44.730455430243794,-169.36527452611125,42.538435934775535,81.51029444201276,-32.96367570060554,-23.93553498265058,-239.4321584952178,49.37521246512186,-109.74519109423308,-56.320432153684365,122.09169566368035,46.67214217753064,-172.0371229407893,-17.983029267020864,78.24306650030184,908.103821867801,-66.95382495025524,40.33274360474584,151.2299766356947,-40.49764704004903,19.096761371537426,-3.73864273179365,-128.2567201831153,0
13.150572221364056,161.09296743255092,-150.99152663776462,9.68742518776062,1.548121324467134,-110.59243302466736,-17.55458015552064,-221.85469541607512,-126.89272468969328,10.402839435728726,-43.04031032291409,-341.3653638518824,128.0467159804052,-1460.1278093523206,-7.740763595804434,-76.03473236881995,-250.30057941438912,12.497474718447483,-78.53845280474343,525.2634274955216,-128.7348833547199,37.10522083042548,73.01817176439994,-361.3692405460756,54.87979967859296,-4.240369615558841,151.15119613182037,0
211.8037382964893,567.2829579181551,-228.60620794761567,152.17942726839166,16.67556237940523,93.0280173144192,35.85386627348153,-6.108844134819105,-421.4678650122567,1.279034779654498,205.13670975417625,-2.9986482845269555,121.0735577995,-163.37337978454394,961.3037371421668,122.73270400784584,124.00433356198288,16.20068576290902,253.3669469885776,691.8209534162777,254.5690031567683,47.340585504032646,-209.1071707710984,340.77779536403364,-10.92961765910721,-35.18594836291549,235.94140762722205,0
-40.274293303458,-125.5538644552968,146.29612372526728,79.35309086572951,3.095042360435899,-200.8992094760456,66.44241477178639,61.75953435823386,-18.94518339174528,36.44699043859505,166.49309809111546,72.40818796273275,177.56787632009352,-313.7926106617825,-159.9978754877016,29.06349480360948,-130.85570870851396,8.323494773376446,-64.62107204761506,-199.7761068632568,193.61206815783692,1.2939484934833718,-87.64334938300252,-17.558401102756946,-41.30538265453088,33.351767471671735,412.294258774428,0
-180.636218910876,-164.6623067517404,124.28686718966452,-90.40378408954338,-29.273628371976763,-204.7574129418049,14.58363819602462,126.69619316483433,-107.13474712391218,18.55003468970932,48.21197026982643,-78.11339798573715,-72.64120066368484,95.60272887526484,-133.62779042427732,-63.89897706080692,-53.97603826656772,-8.076612463491438,48.19144124591563,-1110.0529675862049,180.4149267146377,83.82871480908378,-51.62916606502287,108.80045144801788,-45.91427910418947,-40.9500526831056,133.40702709750195,1
10.647734266635531,-50.41450240167438,-44.55275159112555,9.752764521702677,-22.59613784456414,-130.8550499694887,-85.5142815591372,-271.3508805110387,129.41741028622064,-23.7297854500858,-90.87082644216056,137.14682516877127,112.5268978697505,-422.9987565042017,306.9257391830477,5.582002565392804,25.32607110010676,-4.552335585881055,94.90503506350647,412.9903907079939,-15.34033023549336,18.10118918010763,160.21743620491685,-27.583670285542887,7.431361802666299,20.90728813388329,-175.19010781665995,1
185.5971242050736,42.76016140048897,-391.9103807009981,59.05636324404711,12.059854033526022,-342.11819861638503,-331.0838092177239,-23.18626404237336,-70.88158505627655,-5.311572089285969,-418.9824438482684,82.04527209425774,76.8226635687239,-1048.7876534299876,73.9921501304085,-59.03355608302133,167.7704918722743,30.725010881680703,100.10694396375168,-263.04708895630864,132.42925501850124,-17.254569260732378,175.6290258757277,-26.03391295411192,18.454691637498723,49.40938671340684,-220.04397368546185,0
305.3390936161298,84.45856712286641,-42.85376787594899,-1.8880203791285748,-12.04700967256086,9.818035540641866,85.92037454506203,145.3311685501707,-209.57466076215428,10.287598588636634,234.6991639068342,-53.89009090623509,65.32200001400031,-729.2394123176349,84.22516601223208,-0.7597963813807986,281.12429121080544,26.61026509074626,-120.80153046640552,-50.02755721365753,240.30738401057508,102.98821448321011,71.18237335457212,-38.54780486563645,31.634471141111195,19.92550173802771,463.5307656914964,0
-41.914879525604405,88.59442964210862,-320.5175891012384,36.91368111306673,6.717779716326102,-41.23583352509026,24.031048647215865,42.81106286137224,81.51937399712364,-3.953718854920425,-127.98260421126508,275.57086523283016,183.15539654036965,75.71225828947024,235.2079737825564,-52.50112372825605,50.28151950250191,28.381260949435585,63.62527261295335,953.4082050822536,-20.5976939550956,-29.972646130971647,72.43497478174166,-331.77021870355355,25.477079999867502,-31.34396793182625,101.84453619025513,0
-223.8632463373911,112.84290479455896,63.22029586198726,41.03225191311725,-5.997128122069034,78.27848742857873,-214.27954786883063,158.69924884937774,-73.89680184095566,-5.770817677184781,122.85737039801502,114.4756384790028,-8.651509716951871,-539.563780102895,202.60593826234032,3.3407921932274327,-43.37835922033937,-19.60601208649031,-164.26000708739457,-524.6138253676139,-26.09702071505077,-9.89964001355967,105.83620602560995,262.80302035413223,-67.64597812321345,-29.28046493597756,41.78114164030264,1
177.7354605290232,404.0919768327619,110.08385294758484,-9.765129551409537,45.1812351839277,-52.01153072508124,-160.97288873361708,-51.047662458166826,-146.7398710272013,31.740038842207003,-16.985888527624567,-229.8963320690131,-41.44117924765609,-1335.747259182524,-60.81829107547083,8.50159621499354,171.4979658143006,-23.751230717987685,-86.74973192923281,-132.095516115746,-284.02712986126227,-30.57163721471328,73.58804803016989,-202.31604850163748,1.8555271430452205,48.207854601190064,-20.50349963068307,0
23.97788537366453,-249.9473033054629,169.42665134385578,-33.40816459385755,-35.75211241119473,131.1679179706825,0.447596249763023,-100.99338124677516,48.270948166220656,12.036914159156668,-32.20732800131621,-19.720093523505767,-134.02646364101588,-184.59799565626372,-129.12962019737697,-52.55726875959291,185.36907916088904,21.68603107524728,-31.89294169531911,251.959284307934,153.78686302580306,-31.46368524134918,140.66639957189648,189.135979511554,2.694653947477743,-37.571507681231495,83.66982258308951,0
-48.77439451344613,-405.2620508031904,114.33815768048736,98.40214815736626,-58.64336350297387,-36.9786003827134,-0.8641313798742045,-137.37574930101707,172.78364601460012,8.643999075695369,35.62582597348976,323.8363875888354,-236.5042489531383,507.30194498348897,-8.531602390258424,-29.419324864113765,-99.94727464288944,17.74353615468904,135.6306446950718,343.51063330707643,88.56919195626877,-45.18206490384548,46.71901105210303,-205.28019621828224,-110.7924998346104,31.576915294648018,153.19102139821052,0
148.81638701287412,224.68640153990256,-253.9513587596166,40.74686279890148,35.23946530877636,-203.17529451661997,-177.9434036186316,-118.76669245003316,-215.0467293560203,-1.0063269991656083,260.7960295023847,-463.4813931754691,-119.9995235834696,-362.42697679366375,-141.39933374354402,-116.58144488440192,-83.89513815265234,-22.11728322156444,-301.92091597834525,-490.1840492952512,67.75192447054746,-163.47742858101827,-69.60554822280687,-450.4887679580951,2.982574495523336,57.30919185573988,-33.558463728902524,0
24.040769523672893,17.260571325795546,-198.51367633712556,-80.31887941522947,-5.16899944652693,-323.8469316778496,30.521664689164123,297.24041407432804,-83.79339084482982,-10.312572102346175,111.9982475253137,-399.6413775687759,68.99353382185372,-94.09410375619736,83.2530777435799,-21.959193455419378,-17.67442947553552,-12.422292729894908,-127.55854233570804,-996.946269901568,101.31411811486876,-17.270241880550962,78.79638311973639,-17.652784824232477,-39.432355718440206,59.394394398800905,-60.06237319173034,0
238.4610982793337,-84.06962793303892,-180.6700183903214,93.8141877946662,-12.233902929120276,-196.02375917465423,-20.239803119158918,-98.71503947385376,-44.034944893295176,-11.93089553978161,38.73565172239936,82.1601075021068,-99.13830444101194,371.9641377143238,124.73428805895502,-106.8153702233611,-3.318762645166793,-8.861438042390446,-94.0834630871567,-75.10534985551116,-88.56950574321262,-97.3863603307742,-43.70473908964152,-78.89836027837026,1.63618112030961,45.07689242842995,-40.87778004300064,0
-433.3212973850103,-217.6383783368888,-375.98297791031376,46.464183374232,8.025083615985217,-11.04579321308112,-184.40756211940277,-304.1516635928966,-39.339407371673616,4.386554516827836,87.11363898263798,-49.53097372786143,314.4174973948256,-1662.0102043818304,-1.9224631303142723,106.40342251953862,-609.5983851453311,8.859021287977317,-238.68844516522503,1025.4382142934674,114.0895692990166,38.93960818533468,136.83407733420893,-299.8087994297948,59.82314070051012,-70.90135161830658,286.5532147427205,1
147.8265432547977,60.28746677949228,-272.23829184002096,60.84869698623304,-9.198314841797265,198.7924599228133,-191.98208849345312,-234.3642551951177,140.32119957222608,-6.016078125412596,-118.13949529064364,163.52816701272863,30.56315926167936,-293.31102918864394,94.29370675594302,-96.0413998485608,28.8320881165338,33.2656342541843,32.54594654592077,934.2108293789952,89.21744209332694,13.803946133362432,104.60060903647192,-169.65365743002675,9.569987837439772,-51.634401419519385,43.70816242433225,0
-17.424291576232516,135.55676324006606,242.79325704697013,101.01917964836107,6.939000206272097,-221.90758918696213,126.91255316757945,-42.83831034419742,21.984264055788422,11.003133560171182,-78.44448427041202,154.5252829223593,21.534534991781964,300.2148774357989,32.853382503946484,5.243347682624663,-152.23081706107507,4.280613555857721,-41.06129946400176,353.83565520091133,-76.67286600100465,-68.27301251525256,-143.89382710745156,-25.725640082562485,-4.758890895609296,-28.072972026965644,32.74041826480635,1
-115.1016766694312,-545.0476101900213,-135.50821414717126,21.22087154031261,-13.86308108854404,21.24031603805573,-60.60832126024116,5.925826164201324,-223.4092095399797,14.516079132881876,-254.3758035226719,-191.77056943444015,160.2419256657598,-671.1184118641912,-175.54965254421546,49.17476454795507,-136.78179126821826,-0.078568340923429,84.31797159350741,-135.3776856311614,-28.6272645957352,-68.39764634518215,2.6819568315083515,579.7774982025434,0.8765674767801992,13.515031418282485,138.9915004888941,1
363.6152099861585,-274.1335435230199,-151.9747105933707,-60.999956387136095,-4.314774434827935,249.73896808276712,-115.02165288341996,38.48548781154703,-28.20177124101673,-4.791291955576364,216.38536953426143,-299.5570665741258,-10.471537335168357,-450.7693953552592,104.62510059595704,38.88552252714927,11.106374441916705,-2.08935979723753,-32.60417685103782,725.9502784067556,-124.29504150291474,1.5119776120361894,118.2337318194,-349.48097778309574,35.18868457037787,41.65380529152402,214.23139141260015,0
111.30629842256724,-135.313647077244,-123.86712738375262,-46.49709233382034,-22.70825473396355,0.2852899150571701,-20.76112393124288,-270.92152900263113,-229.0156066584296,-1.0130244134923627,-30.36394692285484,-569.0588537703388,14.602249259640352,-1196.068482061781,-166.34327644096695,-104.21372272708211,-211.2436310725768,22.98641746179073,-13.54183408744514,31.84687059939302,-71.03906523082556,13.045842629371078,27.93479645917709,-371.4548127772715,24.22789986547628,4.136886579310826,127.98499495100644,0
-185.4202918734448,148.35872682765094,-23.263199377453034,-34.4888228307486,30.40011784861915,129.5437896942247,-145.82861564523867,64.60315579600017,187.7546470837553,-13.127462374162524,131.75377058097666,23.813964959577245,-125.38110859808448,390.5672687983505,-326.64759220069635,-54.53658998063701,88.80168323954832,2.6162866204799187,-54.60514973654804,-481.95823688334974,-164.69278577590777,-4.3009771542213855,-29.90759788874696,-45.33840157888553,32.63395405300422,3.935061978732904,116.94891787052786,0
-234.3526183195341,351.4266859621067,-59.35851634235782,40.58829168613747,16.548400782337005,110.23408100772144,-169.24372956846102,10.648985583783306,84.936116469085,-26.054471953983796,-93.50264042651146,53.45286085638625,-85.7724614694742,-369.4862145988004,24.82869422027132,10.782211220132757,40.583423872685245,-9.027214897752286,-88.7472552406706,785.9445541438035,-125.1737230929831,5.192133838713888,-19.030431587656487,49.5025046530788,64.11154357131598,-8.335922579498071,329.7952188165787,0
-287.5630173511208,206.7745986675088,242.8428503185525,-37.52997923405588,16.703374585575983,-311.1370410752812,317.38642618683656,-28.915896382196287,-26.99911149147249,16.014300461970624,-35.62715468689366,113.46925706832492,210.4856731300661,135.7319099949127,-464.4897912677948,-11.761974874711592,290.5153079445753,36.27250256835448,123.08537280209664,-1148.9049302555457,72.80547085530716,-42.8631062464251,71.08499288249554,109.62566146664804,-34.88184750945999,18.71580060412092,-147.48243988903087,1
-211.2250558034486,57.20042374934529,77.20731708687235,-139.84431132913164,-4.49092322184179,-56.99701753588784,-53.24755887575315,-142.5253763282075,-199.3532903851955,29.314919456909333,-207.3077297918024,159.49469964243983,-107.49007504877557,-951.2944606157962,-108.5677955037668,-84.97967620818261,-217.3229036401965,-20.075662464785523,70.72268853002421,398.2484854098983,-216.0346126742492,26.749834266617757,150.01794282343172,-292.15989761495507,83.1720374014729,-19.337903704894657,-263.8573858329579,0
-187.30514142708583,-88.52077600994834,142.77499486607857,-17.501407305616596,-30.386045120000016,-112.73891866902513,-38.97299356281149,73.10535478426472,-137.1254124780488,7.515985028066305,218.77647145877287,228.23860091050668,-157.28204955728134,-166.2512185781062,-232.5307997047236,-117.2063093249316,51.99983321042269,34.48565851156762,-5.866482687277996,-1833.4456821360816,280.0856512907933,117.69135596386174,-21.130445435023937,180.9929927203576,-27.76956646585117,22.651968904019405,155.6629798567659,1
153.7829288261269,113.03489232834498,120.16435979696968,24.87462691390588,14.321111104992251,-26.72155765801652,-200.82365145626628,-63.90171950036343,-123.83095850153308,-8.615219320662105,-173.3419037926487,-131.5944609592931,-17.37046246917719,-847.5958825732574,191.28307867420835,-20.86900071681713,-49.662402521960814,-31.884276748287284,-190.95563318947663,360.5773046746394,-201.92473597122864,-131.95665339613302,-37.572566789562245,34.812674481211126,31.520898632420117,60.59589577641355,-103.32594840321056,0
147.0230669696511,82.6233532899851,-33.411456768469115,-111.393783375083,-9.878598677281854,-465.4873571758502,-166.6435750066299,16.43893865657541,28.06573438763384,2.4577604544864387,-167.32643562409334,120.55330998425852,-151.1222722206929,145.76240058400873,336.5985023995214,-59.49071638104069,114.10028776691748,-8.419818443547513,-28.195064692709742,-643.9931715400379,-99.8193811284893,-75.51895879371827,67.39485938587919,218.26171638523817,0.1766449449459108,2.4707132348744736,-288.2118078714521,0
-221.77675123275543,-210.24044984882207,-113.24567242383334,39.41679120943952,-36.42364013145568,164.77608285042228,9.226404703839508,-204.221106295782,265.19953289949825,18.057799677548417,-59.73237399342416,51.92861688611757,-210.9281019852338,-163.70355237124727,42.88919697720019,-67.28330236533519,73.80450097428638,31.83569308142712,-29.96617984229994,593.2797108663635,3.693080593910216,-94.36838441381695,170.24089598163778,93.50789701820794,-51.62344425841507,6.656997737537484,70.43624177127393,0
-10.469415601538971,4.109913463882502,-279.8728402348629,93.43769841961198,17.719859201319842,166.91084473142945,-93.02251324741265,-159.21518806431354,8.467131859330784,8.45802129728686,-81.22248982989876,291.92212252658766,7.497291064012572,-276.6807488983379,218.34197524540852,-11.167069803944427,215.066746102366,-18.036635487012244,-20.1575151394898,11.246743156423822,102.51128625820368,4.181549211934184,-18.341221625644685,181.06733757400735,8.626896083186159,52.90451411150722,-174.48881345225143,1
233.4851658241573,258.7343619994698,-104.33115800885552,-4.721149883210964,-32.1326058579065,86.93295632490229,241.1775854184047,-25.890113123352485,-70.5816563572693,-23.48785305731892,31.45627809425109,110.75148391091574,-123.6296471502497,715.2924371542856,-65.50078848177318,-11.516703435680853,-152.31370148348176,-0.6061127611718111,-38.62356448304995,938.2711780293488,18.066113569943536,10.216023941094978,12.8223789440936,28.94237461684118,27.33250205339831,39.39002954323728,16.28404885113767,0
-154.5180919464229,67.60302224720319,121.11771766837144,-53.94796773933844,-14.13909506105589,-365.4067815629115,21.949165476453192,-5.08103483600117,-73.84864362105517,10.361928377243268,-408.7508409892292,-88.18387420449348,141.6033527073109,-1123.9668366728013,133.72018599057154,-30.827385507535617,-131.7190696107913,-23.414895768166797,-160.87625949222837,782.5254303893922,-82.50569083848217,-66.94688511725195,-45.82561954523264,15.163754276337574,48.91996036964406,35.209152440228394,291.2369496861463,0
70.63025319984804,-447.5345320015875,-118.61333420378502,10.4273304393175,-41.5884105664898,76.42088391414545,65.81392405818595,280.9255381289637,164.35445227586666,-12.592656213423112,134.28702448731582,492.1066754216324,42.45049156572898,1044.7081230699675,-68.88893965421578,12.909158899914228,-71.26362849047125,-34.4163531620916,-266.33680609737354,1149.5361706479198,166.55186848136626,-25.913433258094084,183.7727426876409,-87.92572838904691,2.939550444963433,-43.93426776236254,254.06705500513544,1
-203.88007397664825,48.89842039877553,-443.2862483098562,-45.99100642817282,21.976376952522003,-372.4890025553783,66.40710679752071,117.15632610346812,149.15883571094403,15.398933033116524,205.4288473959699,138.02574511152704,26.587548734454536,1142.793135763724,-60.73977624550602,-17.549416883072112,295.7069531567704,-17.407882723594696,148.850520651575,-226.1719625281177,41.71500001096025,-138.83731971731697,135.03659402978388,-152.1362662860557,-49.88601044639984,54.40628448345134,58.07759373322007,0
91.09260639451536,190.7647779130268,-115.23597626936473,-95.13890713661203,1.6490015280341268,-49.02854415549591,66.43703544716539,-10.870712238146035,28.33835860119786,2.203384341392643,-50.5518325823117,-340.97841766150344,248.9388481246225,-1055.8815053855778,109.89290244881322,60.89985225385464,-21.025601341023336,10.262429373577664,-39.60756837860562,1043.1225893320882,-80.91346236220222,81.61862677306115,116.328664363945,-246.4829527280884,51.86962416686653,-16.0489657764302,374.5812830960154,0
-131.6016053648081,-117.75501625150204,50.0321406179814,53.18517247621709,-34.213762588439465,-108.78344974530802,162.8217987207264,-79.17821327309959,16.104901870448067,-10.225062030661388,-48.33718375886883,358.42027965588693,-33.90955349626259,836.6036042769642,-25.76155394118104,29.136157096190544,-234.55101696608037,-19.326106740015724,-27.676488544919227,212.3065928347545,59.85575799291718,-7.168750204645648,34.49652402102561,209.21501685249228,-31.429587247113112,-55.6601949877798,-234.873008899813,1
443.8717439935352,143.31419606187106,-256.477024255568,-27.58891272739111,44.48927828261041,-71.50873008501416,76.35981856429413,64.1929134717138,121.70866613158528,-7.715318262201248,120.60127189538456,73.22139005561188,193.19956192903672,1739.985985414074,-394.5775325592508,-59.08460687004316,291.41962830065575,16.654239375180516,0.4634808833377764,-519.1216321362272,138.8700210320384,-104.28179252304112,-61.22952346700809,49.38969717374636,-3.305817450021807,-15.228020906362191,-213.05875473154572,0
251.2434873116331,-275.1539020084094,-258.47293916222054,49.85938404434987,14.765113559875203,-199.32368615349756,-140.03753850228432,31.834266417314453,-218.482820482681,-2.6340491864026294,286.2905337725435,-58.83306798859563,-52.6445850240693,40.17739226472064,21.2072213364256,-5.874029556776957,-126.25201609600686,-18.820051590447047,-379.9520229334797,-1040.0006999712025,-61.750968831985816,-79.36545946851831,-14.812716651915686,-261.11498742331736,-21.452998240769887,-33.311022246191435,-124.60724053038663,0
4.2906150016591695,14.561478166227053,-280.4951554718886,-57.11216367611013,-1.950130886832276,-64.77935041466426,-20.47777760004287,-165.8425001346003,120.3446557133268,2.736166531954108,-112.90549236171114,41.00565560216794,224.37443229577505,-240.5204764679172,-455.1921489199095,-101.03998336021894,65.91871662959534,-42.6019835018424,-115.10014235266968,516.9640909224402,-179.8801810952518,-50.74920512311094,167.03784171700653,211.84198368346,37.4286202824438,46.183880299186605,236.60884092076637,0
-341.73116152617945,-70.86359477306034,548.4922004674595,19.439638359723688,-3.3957760413754974,-271.29140752658327,233.48445739652945,173.19940884914928,64.73531718715113,37.12591899395931,-180.44782062520545,146.70797336392616,172.4533452156136,-251.8509687960185,68.50475101836734,-14.48942271532785,-91.36513803690976,63.03726328361971,256.2955429681045,-23.69726570234192,139.0420771498205,-45.73497690495563,-74.11481355163446,77.21423064287418,8.063838074371553,30.22666935159324,36.18165664302673,1
-153.94628857846178,95.62423581155744,-41.87311210906621,-134.80598969118765,8.890040857132476,-36.40050940620763,-101.15869862808736,252.60742459578307,-162.03505821056478,-2.371616646510033,89.1209039831228,-224.4427808127423,-12.304801760759258,-318.03205731978863,62.893823149193054,-24.631808538668857,-81.96989569977895,3.2032616578836226,-89.9897393530594,-265.5923597656772,-2.6357873974350907,-87.55493553114671,111.78966214933604,-109.9916723084198,10.174698835982902,-0.0870562010509772,-72.2273962729699,0
-364.88280902912186,84.63646307383789,-323.5987740492278,34.295752127642025,-16.88614022398898,99.9818557388574,-53.480779520237455,238.3989430714604,70.46280732714801,-18.528696755469188,-347.6922519171853,-30.55677824227467,-240.5128260916105,-588.9552771051771,292.31364926081767,-8.090269443767518,63.68478400151622,1.0064901898429464,-17.905447504498145,1515.8275104626675,123.6713486024403,-63.41655044608165,191.54983873222085,-154.59503606220065,50.14821320156538,78.43382443074765,44.74436869798952,0
227.34537331086003,-1.9321311297613808,185.2153031162151,90.54012790437288,-3.4094296337015235,-36.75898352599057,92.01616200440628,63.49268324517728,164.5349076813723,-7.196310114485141,63.32027663027671,459.5519230636576,150.64619156385984,-198.92989946070796,187.9014821429548,-32.68103199807493,307.9714860299339,20.866163600820848,-166.26349968206137,106.47876842587084,54.14780045739149,-10.679434056975566,97.879653797499,90.7758362349969,41.350025880597485,91.34799792608234,37.2090873684436,1
172.53048519893383,-44.73740962383174,241.70009597083504,31.98899989539845,8.122446586570954,-36.60326364306833,103.2346892887866,-141.47153844606,-23.50124554951012,5.429912216740098,249.63519099615036,92.73716696642032,48.17904366754183,-110.96999262433864,-53.68133893908008,-22.6403194133316,348.88164619331684,38.9356232126161,68.3669475917681,-644.956670145672,58.69393212736999,-17.85828565191199,222.7181093063681,216.14763026505528,55.48673057269333,-7.143383954976036,-348.1441194760292,0
-57.5531709489746,73.72378657133038,107.40226124480505,17.7560984826224,-1.8229806327143967,161.4691277557542,30.334619337408743,-44.04667025345292,-121.09599717899724,-12.276899898864787,33.72050515537882,-139.95671092215898,-54.13894641447798,-175.10439708035338,236.88645020533124,55.850804965440304,82.19262681898935,18.94518409059866,-16.553909498021596,-86.62712321357739,144.99748894827016,-9.745748803793076,-107.95798301652532,223.46640287823573,4.432891794301225,-9.506916418946563,13.162753714760894,0
103.7543241055172,-164.08378718796743,208.34417184702312,-165.93034712949094,1.173736604196452,-243.7773586944728,209.16388872315537,544.7707583226154,64.24347357784691,-21.938412495726944,63.15966031536749,247.8512491182076,-319.37782198192485,1539.1646617597278,-646.5208464210097,-18.67376729739329,165.01193661531073,66.65948073305965,-283.99074340548606,-1530.1160799682882,-112.1325155468652,-41.1261054014149,46.28619009909095,-46.90238996527128,70.66808253764358,-32.25614329275169,-110.94626849416998,0
-137.49323128967242,139.89767022049273,178.54563833450868,111.86781424022158,-2.5646887219738472,-169.99254935817575,87.34126460821996,7.265557987069961,-159.39528928389163,-2.3665596614447786,220.1581793781565,-70.6473746983509,-42.48850098807312,-112.1063629586933,459.2919899860535,42.346408315686006,31.316232661508263,12.260023538293392,6.614313528332348,-673.8974978657702,287.0180748756154,-25.3101815607972,-124.9208115650025,380.8777960771941,-13.448150639718769,39.43821798822261,-57.964277982017904,0
80.17598450143763,120.85534054015868,10.266367147148044,-269.6425442198878,-11.921282565612444,17.751659709019265,-58.04132873144968,-82.10047058043314,28.0277895933653,-2.106946019223343,-200.23797944554215,222.4245806037437,164.69104861272808,443.4546600556784,-588.3696529041395,-83.67553403451296,-117.12566472258968,-18.0762415264056,-93.46123837144772,245.47238197168235,-109.41468814813722,-7.855140438255715,-41.84749964564523,141.1516586972511,28.903074815340545,-33.78371237721832,280.86888514805736,0
251.06000410101268,-113.73535859056908,-64.197633281452,-53.48194532737386,7.735285651420392,-319.3342747628739,66.63501981388478,447.39801989651306,-137.3718115216941,-41.44202500533844,233.1096674527365,-201.9644101971352,-179.17133765890878,1733.175067663992,-40.75119542921743,35.91011739126488,423.5041324097967,10.729384089230258,-17.583983575312775,-1457.0473670766942,64.12250133692697,-109.63960152558737,72.33898843468121,289.6450216705799,6.444556000330119,-56.13476415586087,-263.71275842194706,0
302.84869145333425,-215.6724354637493,112.00940374099191,-15.55539135543919,-29.65721684731335,-456.5673562171669,-0.9614913621598352,-6.798605647377141,-65.8062088406237,-2.8586147488410707,-62.89331075822658,318.33690688472564,-257.70640394226416,1121.2439022098197,-142.90227659182813,-154.1938575212738,-10.57913934405616,-24.408009283454323,-103.99609454836416,-578.6197001668181,-257.57139630147054,-111.797989073952,-68.72743096407326,136.1853349508056,30.0944107502845,-14.984995638911109,-72.89206597888308,0
79.74791255355967,189.26480274536243,-515.3804031277916,-29.246988966014143,25.799312395281,-195.31321738968327,4.61707225201974,-173.16868068561214,-164.9529976333761,6.75895355758295,-12.99606107911342,174.03707221097386,178.39587550865693,319.150232135416,-54.6231546061429,42.02158303549612,-22.745145014908445,16.242325311016685,70.29095224825932,143.03346904259556,193.99153293716017,-13.571528639526209,-56.654821652555526,-228.04529060550644,-3.1556115641325726,-33.881593255415204,29.74090056947719,1
-161.25705329049802,-4.736897433261561,-389.6782313320952,23.56848025076293,19.58619626965309,-228.43213254371267,-264.91807387173577,-249.62040250243,351.9818414202488,5.061820327206775,-8.859832633061187,584.4378158553678,122.63564574166652,294.731386136196,-293.1845811843423,41.08676398317125,-168.23243751471696,-73.10976702467235,-83.82834329070535,924.996548313825,251.1686755405792,17.231334968977208,229.9570601184322,-136.91998808383715,25.63115868125883,25.87417169433957,-175.71591658557,1
114.86189537371816,153.68038809474945,-191.19955681919424,-8.547293937092931,12.673489059657268,-280.7335510150769,-17.04735158102705,155.69751573225938,78.76268831140656,2.6181877734592702,144.4918954357904,64.24704914472602,-106.74023189749433,1049.49948218829,-271.21614056265787,48.12445899475919,47.51437172053316,21.487088234192612,71.31915089598542,-185.3981876037872,169.26318684806597,-51.2873581848774,97.76487334235486,-296.53566562176115,-69.10694070875861,-22.788365650856974,-13.894935888206597,0
-59.90044808989583,-166.7473686289483,66.44587665153539,202.41624437409217,-1.6659403109394848,-179.16952219633887,-50.070217537014926,-230.57918024578427,220.7020253933609,-1.0749390278488216,-31.12108194259883,178.274916288583,-6.821028024952516,427.5017284737736,161.97289498763618,-52.47820261487124,237.73989522628645,8.263395111220385,147.120231648304,-199.7624226143258,68.89756907351348,-84.50651795773081,-94.9360939564598,-137.50326413424202,-84.99236910536375,12.622554526674977,5.069520831818053,0
257.1206669894761,-263.8086029152999,-134.83727424758388,102.22796804378346,-13.96906146742422,272.5513741781337,-5.529177616323536,296.1385683941436,-1.975760074653764,10.287109608587668,214.35712964854503,-163.7487399755728,240.74353857443813,-296.4926094482014,289.7929967067401,-17.814776401202497,-211.0132215880893,25.50928674745177,-0.8519638216163519,204.8337622161879,54.88920965755125,78.49162983626458,87.62450435141699,608.0883320247409,30.54892018922989,-17.200857099433975,157.47848425915535,1
-12.495676985361818,53.417946528076456,120.30043898696243,-59.44990919691017,5.335963705284394,34.27563615959621,42.56664577311017,-24.58701408714283,16.18507599856648,-6.711447305401858,362.2471216490375,89.20667683003512,-110.4687767285079,539.4327620877359,118.90988099506532,55.97267472737448,-61.20105410730821,14.73882109913167,-84.96370000514804,-833.1054723683194,-119.73626473957547,20.33894382325157,-170.72210416074222,307.7171156905511,22.183710467895043,16.34941203911344,145.17133391670654,0
-391.6245518350037,-468.1239342242963,384.7370693509899,57.43377471112012,1.7872166819934483,-74.90048694584976,124.6949827546858,99.56489224991408,11.8900410904283,-14.542592591135383,236.56743013654904,-166.57365831131935,300.5776491839569,-584.1584829662132,126.08960250622884,98.91809981610052,99.5048104759389,31.946229097589544,85.54086749623531,-474.9631436339871,-17.034690829409765,19.89775848260664,90.08810091206942,219.0536954701276,70.61066239626314,-44.60156318287498,183.16137904618017,1
-329.6650884558531,134.22918278385407,468.8097797621784,-64.8139457853102,7.868468617527201,-395.70570359477966,171.53819144021406,-28.606800305951168,-75.88558060441974,20.339314815968244,-110.63007542431626,-0.8098043488743949,-87.49960659970282,-295.0208743392569,97.51341596375364,28.091085262149186,299.95655351290725,-5.156598072304865,99.05510426214836,-353.25399811477934,18.68615881808414,34.417148657524415,-76.86402400428008,-225.7450207883805,39.3684393127016,-62.67507117606333,51.38483704010159,1
-78.42496959683209,67.09943695948962,56.49142078386138,78.21836237363124,7.360404580317956,-138.06141147660173,-159.6823450905365,-69.49821924658521,174.8148380938094,-6.782966231337367,84.75927332032093,109.6605346880688,-21.420763451361395,-86.31111514390136,74.66513603123778,52.314444521325385,-39.92171797216279,-24.59103387969737,160.88282068859715,183.12291969376028,-82.60412835011391,21.00529759231713,99.63066959860278,67.868717931271,-2.376613176055013,53.75575070760818,-35.8214361721465,1
-343.7726949011412,278.4995459332423,-389.4617909139679,-5.045385177730693,10.628280416303316,209.58767930439328,-104.2079749591144,-154.36688523766327,-14.04310872836813,-1.0975076275647169,169.76488012537015,-88.7654447409105,-150.92900844490413,-401.3504833985543,66.74220168985059,51.72480634976935,-57.78976676693864,-29.695153809596285,-190.18134035664488,441.4233685298166,-27.87354548612081,11.035472343446582,71.13784748435071,428.5731619586869,43.787503237787234,-28.440642680884096,202.92289562585185,0
179.21326741078033,102.79552313487808,-181.5423601546109,34.52131045434518,-19.49325600792838,62.40234272379817,-176.23504944130633,-135.63982590229853,22.69400332398603,-34.08081498947118,43.79890296771072,-248.9778193813036,99.8450872062853,-458.9546743797451,325.7231478373857,-21.959129282714933,-163.88677323405304,-9.175741612479442,-95.57653861354522,1142.7147946163886,33.03384973283883,-62.4696853560414,57.281602003497326,-183.8251827774027,-10.082140065076196,18.023969495087645,194.1519923246187,0
57.80666097721925,395.3978152516327,-127.40943285438576,30.024518664418355,31.56840770164272,-13.305380238676456,-6.770641592620384,-386.91698128637296,105.38822917407576,29.947573259395966,-489.0855732133695,115.05729134005844,-23.25258851489148,-721.2251467475301,-330.966818147345,34.40436713442822,231.5294140681935,-15.674109272272805,-69.26991850762863,-203.8173126963408,-168.61079601254826,70.26976515285304,-84.54896400312916,325.9321038171884,-20.76043228234003,9.399752298050782,-118.74826838148344,1
-232.60752522882828,515.9835697858592,-127.96428559346772,-141.69326341575032,-8.417500824518397,-404.75527574446505,-127.04843702707078,-114.5088026759694,113.89168553411588,18.66300659813019,-126.18647794712876,149.79251632309817,7.861156430934468,-846.917002741825,177.58364660226164,-8.201814787922602,-295.993298952253,-32.72490279243803,-103.05679557969871,1101.2106111769697,-32.81876345822905,-8.840818684171602,194.45609419573304,-325.5884383892278,-1.2863262056318556,22.68820403285733,102.46917733639243,0
68.72882353466302,-180.09450003331452,264.79906984831746,-23.605812138190284,-3.709983125867947,-258.1895399053272,276.678539811493,303.6447506894368,-62.999306725386106,-11.757080051680203,313.08966023912853,-91.12881916398884,118.17088691659173,856.5201904606896,-211.05151979085983,-21.4106585345744,-102.28307896217385,-14.321544222971646,33.01908474408908,-851.2983817972614,166.34742621289467,78.77812652510383,-7.383671406925274,-199.87829327496107,41.24918504804758,21.022994903329582,-178.3237656352795,1
-306.5538565236693,-211.71093606962208,-145.82681678781145,209.75635817991704,32.55175863063409,-28.073669790048854,-99.76760750871114,160.1134161080988,32.514682571172166,-0.5684917180806384,-9.978911113101304,-52.711545834320304,19.592408315955726,-503.1781967591349,-113.52219345790634,-29.78426914597165,246.09813337446,-8.811324523172727,-217.4975926417428,-1172.6476931585078,-232.0887095331632,-57.872974289445,-26.471977112109524,343.52752333578167,-11.64422599405528,9.265090544096376,177.43385651214996,1
265.2781786802471,231.66156179272664,214.7641065777605,-18.48370550089955,-6.491761021315619,-416.6531725683792,-209.6267649992949,48.49949208778863,-0.1659482964875569,24.653464094174037,-113.4302247857756,93.52930602069203,-73.6079392258386,-157.3094074705828,36.20202548375456,-65.15738238461375,-11.703935090844393,-34.30004386206919,-203.47690165656687,173.95060412778,47.955880428173145,-104.373971773512,-0.3846847882367399,5.998781361712593,-49.85498065852945,-11.183656505878798,142.33531220497525,0
-273.9273032667696,387.6818815804238,-346.505206486199,-15.27447360071623,-15.837570333456329,150.0514384627703,232.3713676440166,-14.789052824053908,-230.84301440269545,2.4692885686006547,105.02129152333109,186.6906329969567,-89.55949717000946,70.33672381729419,244.5406831304093,-68.93744540534499,95.14901801346156,-18.168732460976365,54.87468324464341,214.2920324101456,11.82852948210924,47.94242409373477,110.79190202350362,203.25022946061804,18.71237709005508,2.9498569627807427,-94.79692168892224,0
43.025377070542,-63.53079304163701,132.68181092489763,86.70384305268993,12.30741306212798,23.980699020763254,-123.18734180985854,14.817677046056698,143.19814977453805,4.312154782258255,61.70505315628106,-530.7966448433177,45.41679667335277,-594.3946842207233,76.43159242714906,-33.11464227665189,47.06344092441895,-21.9949360731318,54.68011559607298,-316.72209787135785,-340.58393657788383,11.566965627299616,79.70870988316216,110.39628436348866,-29.552238453493143,-29.72356809845114,-16.30248313926291,1
43.41896780731744,-492.7934361489124,65.21104266808712,12.82067485182602,-52.860756313770935,95.30357534519884,-128.43108205554682,-28.107880313352275,204.270516848753,-1.1031655769225592,44.54351663487763,481.0539839839009,-53.879614136041,-189.20066821948404,-70.32295614747697,-82.86648691617356,72.88843093346901,-20.52929874643271,-229.16321133785664,140.53066821014173,121.02966451028225,24.364676659211685,172.85202677085584,101.36453413771892,-8.362296557435126,49.3310693411236,210.57246192781227,1
63.30699702009653,28.34848290166945,-200.55413639647108,75.69403797385459,10.03431359428398,67.13127684791775,49.98334487346695,-155.99984897172186,94.07028688469671,18.05533959733932,5.875967563268597,18.181077847919397,148.38343148699602,-431.97376521287663,415.647589568509,-31.09646651263334,-58.26024615915469,-13.496999640327584,-70.6502529037678,819.5895369621691,39.55065519728531,7.84776582732937,-20.937747648123043,-60.306035877892896,35.73841932186828,18.89730498550208,-66.97423176051103,0
243.20050167278995,554.8707408523928,-377.9457239472603,-92.74733614429174,10.42859799900549,142.8606940115084,164.36036063506796,206.09282248465635,-24.579452207368067,19.40893751388606,-346.91765369608095,-116.7109214160574,189.9481763860635,-26.80623385404148,-278.70912611599545,-38.386124533329294,-113.7878022226878,3.878045311233606,-12.838842937104848,2239.641247810392,-137.21555942050435,-50.0181120930296,162.10645681178363,-240.34929708316295,22.190566681877403,-33.923234433105534,242.0545379115236,0
-194.2532270710702,-161.61369104950973,-313.29487540380575,36.894250863409,-18.20210113867904,7.017277349836419,-27.544879538345462,-145.9890523814012,175.60519164625748,3.415188598530102,81.33477461920283,242.0654914884753,-137.3689396406627,322.2761487478845,105.91347107735707,-13.422501256696089,74.37441644435806,15.483216325271073,160.30905420794275,783.3663127583267,22.09667834462176,-11.862573544075932,169.96971385346114,-135.01285994891953,11.31713500349497,-17.76982724936174,127.7333640367109,0
-66.25925022504615,-351.62283374396776,264.74887368688934,81.55482630371203,-13.569136091038636,-119.77555315596992,-99.70804277554946,165.99467709138747,20.529997123207146,-0.0520825789855385,10.568940746755937,245.10774123996924,124.58632989926905,-181.07767924808596,395.6790146094707,-23.24613075678169,13.50755594206559,-11.835290484633848,-157.09172515476556,-212.9642246459817,41.22852483910071,-122.10122826755234,-48.2513920899858,333.0094932037951,-9.950781577116436,39.976714141812735,88.7094673949323,0
134.40860326610144,111.06107889234892,109.92717270119006,-57.264595069389,-9.624486274294387,69.15834293328274,193.333678421883,219.8086597095675,-81.24013655608641,0.489021285939156,322.558474626775,-301.42497246971806,-164.82245656425633,209.38083153288767,144.96259735253764,-16.786637177857394,282.4068526021782,26.90372792121926,-16.62496973746873,-1097.1720293231117,187.38767423880407,97.46376200569328,-35.730436248313424,148.30013110136312,-0.6220546728532466,29.24601002034747,37.53552759642597,0
128.65123375265242,228.4372171830088,237.44107293057613,-51.26996079315711,5.325631895378695,67.0882226004102,-214.62165107612785,-219.14605491545117,-36.24691732319747,-6.034032893818114,-97.39747614427309,-322.34479160182343,39.89921483183642,-1148.361237109557,44.3573776809164,9.49476798192569,104.18826074458087,30.64661788358333,289.4607904039757,877.6102464751885,172.60992889113874,7.3285834902861104,132.49946790195958,-459.32383278036576,21.423293432534106,25.83772054230227,-34.92481117245869,1
393.0189830069871,258.4832152044065,130.60212960961442,-94.15555342549136,-27.810865310656663,43.90827829840183,99.16202345846077,-210.20831957659163,-162.88200778511094,-4.186881541122405,132.3279299992951,202.3860855312247,-137.01722879044593,867.0793354940579,98.14071447047618,-20.316986097190387,-217.44015558685663,-1.8925638340645785,46.759488378865775,962.4124403379124,-188.39181963654505,-61.99641257961078,-18.72382835500249,236.74108477109849,47.88454867518993,-47.8491033170089,-49.96426801706042,0
-97.85758379488352,11.545751307136037,-142.57935621311458,91.9619682162632,30.91951755656533,-199.7085823771064,12.559083049401698,-114.2789774472194,15.49223961800793,-19.52746834422084,225.9770286344105,5.627264411071803,215.6741189934399,145.48403570873958,151.5914494021846,-45.94834202234402,9.403013553677413,-25.033691233522973,-9.00134402719845,-585.3144586642252,-20.9211316348142,-29.05098550862178,-76.39998808919077,-258.5457745742263,19.184135854113475,55.24790195824376,-160.7901023009341,0
-100.21869980420588,187.5663172556741,-257.6219491419212,75.38220817345098,-11.731198057185246,180.94739387076552,-6.375175055991555,-8.906269312961177,8.474730257963818,2.670470346569324,-144.10436122891457,43.25698796432251,177.28707549168507,-1029.792729117268,575.796327301252,-54.42647056093361,236.31606447410653,9.73375679465971,51.66829332989062,1475.686130366411,58.79652128650714,36.647770644147215,214.41152222743568,-202.06983065732467,14.210256467412464,-61.009749116094014,168.42691694975957,0
214.6524429461126,270.31651439481,67.092065121509,-155.8307311777307,-13.861121210462889,-140.50732764677326,128.9513951783292,123.29487938083577,-46.87943944394,9.794832970060328,150.39823440294654,-228.65630426345103,-145.87290143057302,1249.1759967199323,75.97748286617964,48.81211681119377,80.5721004739255,-46.55480103570404,174.02692030778013,673.3314994088762,76.67270367189299,105.54994232692508,-112.0848657450632,-258.01525446552563,-23.43335393641739,-130.545848828546,320.3544799744357,1
153.73108350935135,219.73944014352423,397.0853707103714,133.0439607323068,3.1593567569128167,-44.94176708648328,-26.644206130474565,105.2687539157632,-59.41683441813333,10.124380217340237,15.85578999732452,-158.56176554366144,-11.454243039252349,-281.15185130903103,-654.6958508835987,-59.4049437728977,164.9155035562598,18.402754887435066,111.97647770400408,-61.24235228390571,111.90341407797835,-30.47031156353055,208.81284597400952,367.6497548256224,-0.76573883720414,-3.09558984316271,68.71829845580079,1
80.01787297829718,113.78469925170138,152.78623450669627,-111.98805642697974,48.46607222970972,79.89742268251518,-134.38536989829822,219.2582422649536,13.885400418970734,-20.45543948325705,316.3576409206452,-161.65491456035218,258.85748153881104,377.9091858205795,-324.2173458690551,7.6867347369220305,122.75851542670816,33.961779455915945,18.171564463821426,-1598.346386063308,-211.7188305521602,-62.20655902362771,30.451882185182683,220.4739605820802,-13.554859391062196,-0.1398619898488142,-92.06955587377288,1
22.348662846996568,76.8462414984812,59.612762856081766,-31.11196715109869,23.758430541120312,-207.2512082320156,-183.87455558281872,-219.7709237419305,-73.34245163318069,-20.09693603359468,255.3927293531388,322.1225880038455,196.0470559343349,451.8366094245881,-765.6150803903538,15.841767533222871,125.63013988557988,-36.6874869628338,10.705029816801,-1159.5458477593045,91.07435313525848,9.049780690685647,136.20157730045793,182.38080600498404,-3.7092837600916777,-13.233325455367428,-87.11224643768921,1
372.7928860815963,215.13824021037937,119.93581868248562,-105.66776599147954,2.624143826922391,67.5791822540695,-5.585610791445633,-101.54102931169692,27.262371080593237,-0.4977916611266373,35.311299090568085,282.236768069638,-70.58378549356998,1220.880365462176,-553.4689903461251,17.86077306928749,-42.21541438155035,13.93272854033624,170.29956963559718,-210.31129290117596,7.109953151920188,1.7463553051859513,0.6601267150950889,-198.3976866678004,-74.40907134185055,-10.679993988213628,-237.0546446023223,0
260.3656486279965,-207.42971917965127,-130.76652703530797,44.64440303490701,21.84918034807616,68.15960000661548,-180.56161719794045,-27.153637061133196,-79.29392520205784,3.279499163755328,286.61554637642,-126.57074382092932,5.309711749097248,-401.4041384359803,101.5416218727962,9.79055934144155,-1.8110147221295407,-11.576271359617603,-2.846248359830196,-13.253146183542215,-320.74588298513186,6.800100865902933,71.40997309388763,-127.13348352506384,58.811845503844,-7.256963903701951,103.22765834247453,0
-39.5933848058094,55.48265908360862,53.69053487834627,-16.338107272948484,-32.14989174257618,-3.506573917292167,-11.85344752011676,156.35441463708074,184.8007057189733,17.38356023861999,-110.51133532718724,531.8718384149624,-114.85364760461336,34.16537834777559,161.64040358752968,-82.86649709285507,148.96749908843935,-14.235801990885616,-157.48873181584344,810.6373326495917,116.9320110448246,-10.310431357580937,235.18710609780132,125.6576165675479,6.770457606044742,-4.487371114674502,9.05674653262495,1
224.802778560318,-235.36440513118944,-22.17689859161787,67.93777172811811,-37.37431304093208,100.28315125234468,-12.784991946948038,266.8834574421587,9.60907070252822,0.7599732337663567,51.40814378407835,-315.73219130317943,43.20315424934756,-132.37469449856653,-154.57725024016767,-27.35431248741657,-144.39483471185503,17.95113700993596,21.138516521368107,453.2654381622376,221.9046074710567,27.67903218902503,106.78312579951164,318.51728625066266,-18.107824844457912,22.434331546310943,344.7162245362485,1
69.8938434125312,322.2234902979369,-457.28893294144393,-94.35360828298236,-21.037501485118405,361.8659912618227,109.00016818954307,-203.7271463295156,-310.1633494092499,-0.4918101563986918,60.13739996401139,272.54127330511125,75.99210036468067,-1114.714108401309,181.76224773047332,-2.423337709756844,167.45738435871834,-23.16018425929403,-318.1504182697051,171.14576030965372,108.77162202529276,200.13831083136157,-76.05191382322192,-94.64673912654511,9.181833148501656,41.04391897861584,487.89367493149257,0
-406.9710333047363,-23.261328446995428,-39.455242897319934,10.296949751827135,9.57333985162204,96.26129125624728,-41.243693631885016,-97.63098178443288,63.4057529047382,17.329943817864226,-87.01039988331472,91.77809646452774,29.9266252402866,-479.4866255861384,277.24719857742684,-82.11454502487862,171.92220708444523,38.22752026971716,215.13365587026476,440.81271261719047,41.07488783426426,-37.18219749911175,60.27301953194576,-147.62984027967946,41.054714077348684,-43.66431463728642,-1.8840407309521836,0
19.836581855628847,-230.4592921712018,203.0432786384911,34.54207164517882,-50.25580667527904,-216.46884566534536,246.96458853604463,75.0117032864153,81.5280845274896,-0.3639921813145288,-35.93281736389212,296.5370322313269,-7.933257642195313,1226.1036838809976,303.21691761350274,-4.633818136650742,54.04377618567876,-22.27318640573053,295.11984189688985,436.45555661660205,57.21526402872076,41.7110435407164,-131.24219286236064,75.04271778385765,-43.89972563522079,-0.9194541258443572,205.9626377238093,0
-238.11292305361025,10.42485291870058,-144.24093624597344,-51.27828161684636,-17.011854660183644,14.178979972975624,-40.965190648178194,8.396722154908653,0.1670449209502684,-7.474821024893072,-260.783947056474,-142.59986633751635,110.77184984930776,-803.2781064065791,491.87611473558167,-19.44148089197235,210.6844155147164,-28.82482546332656,-139.0856352289014,-170.38728951909604,111.51874340278852,-9.31757290674988,44.721220860950325,170.6607140233339,-54.23195558489444,1.1169966631875674,-109.26772284391524,1
201.9347947607289,66.93557180996318,137.85289126486407,4.901481304849829,32.59342991790439,-18.91692667837298,-36.84036134385068,152.75807125113812,101.25627481917374,-14.32884451667708,348.80923564602995,263.56191266852977,-80.91264768584034,1167.1240477710537,-310.0284056172268,43.134138083813234,63.7716697353908,37.40411997683014,-49.95267591156143,-806.0168874674947,-284.20210389605063,-20.55575724551748,-107.45635755123544,206.66440751462625,44.92603562211984,-25.996248561091114,235.15485500229465,0
-400.8570488306433,-228.17777405703083,-8.783168960512675,20.50592844817323,-6.452364118664517,152.28387473662627,-179.20215938025797,-254.5856594216094,56.158112999051006,16.487055006816853,-313.58746959463804,-70.95504341969146,-42.27800644914928,-1278.0812504738406,19.920411062872983,13.15709219235428,-206.90260948555388,-2.300083736894854,-138.06541496573467,542.4503207931413,-116.35947688410486,-6.05962838382866,-28.37102719745883,286.9932743503052,43.0182207691726,-55.090500443514784,172.72705619797244,1
62.2021305557279,162.33382907968172,-22.642618551386164,98.7283910084155,-14.04665452103633,-80.6717888772803,-93.72948679369196,-254.39816711312503,-83.0647922377626,21.82166949778789,-57.11670654974269,-374.1972015659691,40.07571654696085,-1105.495922048921,-204.37977310770955,-86.8564798446584,-126.06827368466809,-25.62210515198657,147.15579227049562,-324.7845466323479,-10.189153913989523,109.9332880915118,103.24212555077,339.63244695928006,-36.28971238204171,10.659530169337124,-26.350436408325184,1
-60.3029249917812,39.88212448791175,85.48887731861394,-6.461396938060217,-7.434693532864862,-87.9834550289895,-165.4826985111617,150.73703491289473,90.16561945261856,14.133966333642292,-94.41212459989904,294.2990604760657,-172.68816659313725,65.66793781522546,198.56169928195467,-40.79568926404325,-113.49300949449427,-32.97135236966911,-75.18716460981447,798.0994826629753,-84.39213107413283,-92.8633246950462,84.22516113608333,-1.7727234374943746,11.084858352085115,19.293063325121523,-26.289428313006123,0
81.56106386362869,-231.19101931436765,-239.789570849154,4.894268059686025,-10.568875802513023,-73.10952045223883,-90.4425458393434,-34.25201554058377,-163.46158658037177,12.137785718532246,189.77911453640004,-393.384083675188,-8.772179335034686,-474.49122336694205,-136.5308599384721,-44.44146705740201,-34.11149009922436,21.6629116370206,-6.548129407475695,-11.892026591175968,148.3419326881034,1.8840613311771133,92.88537076746644,-176.24431192054993,11.211531949168252,-61.68444361524026,318.8525851016179,1
-151.9443451149608,-282.7505095001037,94.00771665448728,88.24381822753882,-23.674037207830064,-20.68468103781083,172.54543294799697,-62.20361529874459,146.72522222353254,13.965462000473376,38.663590810646696,275.13921171304656,-70.82998396240181,153.20465333569354,540.0633526729273,-21.336561015426803,215.09213857447156,31.592123123312568,204.65111263833765,-84.16043725850766,-34.470727531056845,8.100494242108015,52.13128301514486,-255.7037310812501,-49.92420201415314,-1.7203439564309004,-191.37303338116223,0
349.0367546226253,-50.007397480192616,317.7926392311707,-54.10458850422656,6.414409472577347,-216.9145259828485,207.19540936251235,139.7945889572262,-37.85488128181488,-21.47854687950431,-59.81264848412925,228.35647980169372,359.5094807473596,1154.0209572734489,-424.46855036829936,-4.741505131336776,144.103794330741,-45.16006175754681,-46.48768131618657,-1651.8559758329384,-94.45848313774916,16.315058417283453,-190.33282278560452,203.59860310851556,-81.51548650694667,60.39078244557786,-233.46121414211123,0
220.1707790656558,-62.16039351799623,-403.8550507058764,144.24659876459344,9.169049991560351,-166.34936523819556,-92.047675145674,237.33756805961735,-54.244460635419166,8.688190047881996,-42.60202638907153,-50.14031618810867,-110.48719061087452,224.524816950502,125.97000825137296,-42.29164198876661,75.05288283197656,20.959261559647047,-24.331103989741276,-333.34393888570384,-172.30454522552623,-58.19870011234511,78.21164371642107,130.38590462856916,-30.47784366085603,-45.29458484422974,-5.567537301119153,1
-84.84217656901016,-79.1271339333821,250.36728332131264,15.436042438671414,3.0709702442636746,166.88212531599305,-13.460547022773929,-70.24603974912839,143.0959051432668,-2.94340237634262,92.2593855079888,-9.40483004223574,-92.68979004147822,-70.307153846829,23.93412714971983,-7.984887888875061,-75.78156640456241,36.60160515143744,-26.842629783668748,83.86551184860463,-41.49994758212017,-21.00885774596419,-97.78459960386948,-145.8567404942811,24.820131224676157,15.831484037802094,74.62158107685428,0
163.07785433255285,106.24057652489108,-44.93260250949022,-129.64525410423792,-18.984754395519374,-33.37975568928587,-55.50455852113641,282.33767497712944,-19.54531046145347,10.493587904785672,135.61505595713376,-254.34343853998143,-79.93097019550413,436.035971732619,215.79029074471347,-37.0048712464858,-66.86176155534253,13.469574883553452,-58.11086903022644,-348.8420830085439,206.97363970259127,40.44872534454201,9.915287603852622,25.52070984607429,-59.90804421117322,-96.78786631485416,56.26646638207745,1
-201.86764996767005,169.19104040414078,614.3068556185649,-11.240935257855336,11.46013891891271,-36.436730798130206,55.09679859119448,105.6863785395619,212.07630138794087,-37.14622039997504,-110.77845913036415,81.09964210294436,-39.3747405481281,573.199720816283,-468.4040440343496,-17.931139746551146,31.09944463622719,30.700348584074863,10.007738916400996,-870.825058695275,-164.15942524073856,34.0339355882369,-196.60691476099288,-25.239651965559965,14.582985262886886,-5.221694378277817,65.14714096596593,0
-402.5755095311841,173.00044443615124,-204.243705098958,-158.3201737729755,16.54617656834708,-130.85235131306408,117.6078295519934,115.69508205307685,67.81437394524204,36.99219786896004,-156.28202815381457,-224.19680337428665,-11.528310573102804,-250.04912291669436,-127.8141424583338,-69.88825361684674,216.45647652670905,70.00582371501346,41.33796732463279,820.2242801219392,215.54719125354995,-149.64121357572782,160.91067803209245,-202.9009510267344,60.87163457029135,-51.575601446448765,218.71916906670785,0
-134.30646180867248,122.32194554446872,287.6350811490548,75.18719111117775,-6.001419047428374,103.14523645282372,-40.25208858879501,-177.43726396996482,-117.9857078712343,-9.365508936573956,20.259977340938796,-90.77371406948149,168.74423474716835,-893.002995234245,50.87766914409392,7.212909055060301,-19.40227198399917,0.961525673942498,24.9157989789595,146.67326770434158,-168.22591656771843,-38.929735416413,76.15688823759507,-222.11052216754345,-78.73565069338996,-43.30619200973564,50.62284404286953,1
306.7122368058202,79.94200457423882,427.9439651539611,92.92676408359554,-0.5069055122013095,42.9585039089682,174.4762639368454,280.6188423752436,201.6772897098176,7.790990205880179,-19.225969683371893,30.552633924294533,279.9674403058979,1055.9742192304618,-155.026496660962,36.82049912925581,-223.2203962879794,-64.06971041123657,145.43913718931606,918.9107132090608,-398.5579743824047,9.340742993740744,79.09056683352142,572.925810455998,-26.020102005471784,-59.828586435422935,-110.70268008782632,1
-11.19559900288301,106.71652541011149,22.968899500062623,-96.85122462327904,-6.799234673111259,-111.59976651761188,30.17678750415692,-130.65710021641274,15.59453460590561,21.50863817066545,60.04409670022586,-271.3281403889652,-101.1037854061452,361.49616655709406,55.21710247876546,18.73813045312088,92.12215768345398,5.346756710050669,131.9800021346125,192.97047854734967,123.5224266849283,16.69085765769462,-106.77048915943114,177.17509841062702,-1.3581568122680112,-85.9327110787869,295.39733446805883,1
-4.465408485211755,242.9692965274133,-125.47534029586404,-155.59884977696953,-17.83721089201913,30.552073098104795,-83.86552406121805,-240.04117024139052,137.95243147122346,-18.915411856862537,-351.3122967680912,111.37365805816631,228.2360558664633,52.009889461917545,-660.8275979639806,-135.3781439768536,-199.0964595302638,1.585899281506745,-64.9620360896528,743.4115563891008,52.37651221057565,61.295920150130215,33.12474301710889,162.10071671523218,60.63530385281327,-79.50379172091661,230.5647489883276,0
29.08609462781235,-50.8771785889235,-181.7488328659769,-10.244373358112108,-9.68064739470936,20.579724339105244,15.9096868371346,-379.5422275801357,-3.740840210679357,-0.9530341546855154,34.75932884411675,72.94648903074632,161.42040381868037,-114.87968316437468,8.201767798720997,-41.29217317590408,-322.843885098354,25.784515403763137,-19.37405974686802,-140.87579975123458,168.24139474322837,49.15814774342367,-100.2422021141914,-123.38521349872715,-7.586110132994764,-18.61855266203456,-142.24463735730896,1
143.44335182897632,43.59968276854629,127.40312881493044,59.01952094757214,11.112617306046394,-218.42150406023472,-87.3151773341276,-86.87066994866277,44.210136803935775,9.74807335388271,-49.99041241846581,-168.13457054428773,52.92781453397692,74.58235916707531,-243.2357566445015,-28.03721932420225,-63.880411469138224,-51.88204618174144,108.92789107462376,-409.00214677870525,-216.71555675943097,45.32698994982261,16.483029410585647,207.1192702769292,-18.813086293483853,-37.9888176376752,-150.61367746099214,1
-175.1218924426522,-168.21358433299278,400.31262803795136,94.7886963095199,-50.065428632166814,-91.49702619729096,123.8800101937304,136.1485448712972,175.4520607837174,5.39231408258866,-240.85153908085957,-142.76778387650134,-65.98176552360329,-184.7668084377448,514.503287750607,13.27234970617069,-197.94242807120028,-83.65468191088347,-36.803502884579984,964.924272572404,-223.12120338544608,73.02279866502599,-9.221685632508894,442.8818234550432,-9.706498745110505,-55.1441337490462,42.79199366251176,1
291.8361885058117,-145.0003384075446,-55.93032544475496,55.6512975925506,-5.044151078948022,43.78210253083682,-59.952578599854704,315.9594634864412,-1.7187742047328385,3.5537513585931717,179.48849040142545,-367.8195878845976,35.49072103716535,-109.41531821395932,76.02188849561091,-53.622706845807336,6.756116484697365,8.251792246433446,-89.76177005227571,41.33755393146796,75.48356604240402,1.6531257817465843,76.1537453987624,206.17779721213668,21.921143240661973,-8.67310701469192,207.7634864624788,1
249.4750098652021,2.9726940955282783,40.77640983848771,-51.396529173089256,1.4814574314616775,-307.05689764924955,-96.75854115567084,-227.61470443100663,19.85924555257385,34.29756469384,-62.69555032932223,-181.79982778522665,85.3883861103917,-788.6466469602084,-103.95615719072192,18.37926851290624,-255.85900129151287,1.9550998156062245,-42.50720351572859,450.764863597848,30.11083209521029,-25.3461502199843,3.4370098905736874,-129.4044866821675,8.113142062341993,32.477995409444944,134.84119658779957,0
90.22898713894703,13.792674086353834,-109.64775272667904,-39.48099083701455,14.780937650041096,-63.279001578791565,-204.31397963731703,167.51059790340744,-117.84098095537064,5.213869356224301,28.803256682865545,-175.71415413558782,39.48900961558504,-280.6836814769822,-269.20865700985263,-67.22971445789962,52.46351785760131,10.294242567002108,140.9600282443927,-1323.2112798752553,28.13086372117362,12.129480994139646,64.94801364504418,161.1613685236475,-37.1923107193918,63.08770446917792,-113.73639204764817,0
-192.4620059158968,-220.3787014981669,-44.65548046061184,-21.74172174995388,-27.591388657042312,-197.96295454271936,212.52611654687777,-25.04362207026897,-102.14983442716866,14.199221069874138,-37.713326489462446,39.09061845555595,103.46975028650948,-227.9817756833969,47.66441290340117,-69.15061960961738,146.0419314835665,8.15247762676977,47.37180350344608,-298.86769642642463,157.88940128671365,-8.952027762349553,58.78962900827955,-88.03735521593839,-14.523683782857688,17.44214350432351,59.9546453264202,1
345.3920672117252,135.85725405993588,-59.00310685830378,-53.16101619896348,13.067113622515418,2.709077073158463,-64.28425422644578,-57.85761734352622,153.50529277473711,25.78852108720854,42.76241307427299,-412.84745280520383,-159.55647893273243,-389.645490237413,-414.2479234233916,-7.927713350424751,-209.8742153206885,-3.0342447421261527,-29.159756891614123,471.2861031800295,25.684290585772857,48.336231075211145,65.1805754090845,-324.82298181656864,21.62578268630249,90.0836317745846,-11.997770411142874,0
-215.64583886353583,20.618829144787924,46.399386683763545,5.469059490167894,-34.10896249540168,-373.2358374791109,-144.58764422079847,106.9382774321666,-10.22392215391211,-17.49801220700909,-61.47404242038168,97.01515949065738,-104.2775881320728,-1579.7273691466285,464.9574081546593,10.21024745263157,208.32807490461045,40.23071132804749,-142.8843012009592,-1689.0273408245753,-92.80049709233909,120.8549393654531,205.1760963615719,255.8192094654409,-34.6134037597941,39.69008928136973,38.91275042752835,1
134.14748669276068,49.51612266993902,-133.5177740444131,23.40695127277487,4.245338450205596,121.76162687560922,58.34867890513248,120.61563484681916,-38.69033058926544,11.700839339544292,229.08461503040303,-93.16926447332617,119.16413346764892,32.355654939510416,6.172691865477947,-43.84808656615999,13.472637887243598,36.8429237379588,39.44825675524305,-156.64814821276724,90.60592429583032,10.781540077855777,40.50459277227471,44.914364246348754,-14.446016824980523,4.269528605821709,132.85004975580426,1
341.2474519789501,-17.56639132097835,-14.991492758375957,-47.53476196287024,33.03529749630494,-435.2587820718173,50.0957830609416,176.68554146050766,-8.81400495915744,3.1245721560441813,74.16313890004923,222.29864823169544,257.7468645799275,814.4168024330244,-357.8694748552257,4.231957984789837,68.79344066010748,-35.856257705489945,-130.02221838832105,-1754.5399087656708,-45.17795581216334,16.15528825646712,-181.13048544048704,212.69534112310316,-19.99316216360021,96.2381069307637,-66.23110178908351,0
-44.45302034279626,331.5620773448693,-25.2966084562253,7.145503690126876,4.842065401900226,-19.026615405442275,-34.01337065733307,26.28290770733132,-2.1508620998889088,32.110385106259734,-239.35792612808137,64.76814724324277,5.097669258272669,-925.6180496568556,-82.24797633882254,2.4675985027838045,269.5002080936524,44.49930291245754,50.07913210521721,-227.0231285694322,1.2409918701875828,69.07784642351527,-5.664694835013769,184.39045036750647,-53.11865688136864,-3.417033642912521,411.017977917471,1
140.97734305047686,55.48930224930275,-64.93995699067501,11.553518348792384,-28.1433614885462,-164.96308592806363,188.9574525480673,-60.02816326639664,-36.26937295503229,-16.65012990008489,14.10693335646138,26.79619548894728,-19.584092892214763,643.5030677770299,-66.82536146484786,36.7571970290668,-397.50513248464574,-33.577214668148166,-51.66717931157867,1469.7944826785688,57.99025366547211,29.517561145381947,66.58503071463609,-265.72765101270085,51.73181447557583,-56.59556660373455,-38.51192149259904,0
-473.5891895001654,-353.20533494664534,-287.29818291928467,32.13282273166008,4.557447793654717,257.2940595527721,-157.6970559877966,-268.95424804157057,172.1821613333232,1.213949924332517,-2.908831640809389,123.96184399277077,-12.741382125807297,-484.4688783412603,-172.19780372469967,30.124759997604848,-15.348659659940688,-48.270860629403295,-303.2337429817327,464.02265091316445,36.21284393245866,-15.58553433853612,19.800875126915574,-12.639395714195237,16.480901940054768,-26.616783461512263,244.63687317627063,1
-354.59651001094755,34.10747275612607,151.942558389602,70.14910875386224,-26.931095239720435,282.38641347258374,158.94155910100346,-103.78044617364438,-3.575968743164554,5.015356458585487,-230.27970823288587,-473.2150819067628,67.79776450065164,-1560.4423739697202,323.5204401817754,-25.25552518649711,21.963284934561557,-12.23966419652022,121.874672854891,934.3023522609152,441.1850856064089,5.162698846180208,84.20208347486157,-212.04030104582657,-42.2505522512308,162.68000239392083,-235.9112925555982,0
-220.59511273024856,134.81655370515608,-122.45642987720272,126.50172612437558,4.567971986239343,67.93445687885018,-72.42295094543717,79.37962022955925,-125.36509821745663,-4.667812406474576,18.42484452163441,214.40185329667867,37.93165946245662,-538.5533831363841,186.27925490434245,14.386404896617664,118.88009367098093,-14.691647705041548,19.07396045474109,-126.60728085446232,-12.26096937859865,62.19969116791204,8.329253710062368,202.8538280479568,-9.104978735945911,8.924779975530896,218.48558007598427,0
189.4144678037014,17.434393459210103,-121.23966242328314,99.8910411256955,-1.4634466936583146,-8.403496810221014,135.2834874723102,119.29345107899924,18.06748237091093,12.949050097049977,-125.36638641900646,59.19807288913368,159.69345695657088,183.91874421346589,317.9375281926726,-51.00923182651902,215.25956918514703,-1.1785179408140791,119.75846584222076,822.7423250461071,111.98672231828166,5.688300067206376,-23.212057195782656,-37.43530328694662,3.7479217983876447,-7.939473955093588,100.92368588679766,0
312.471559558035,6.830166823872961,-17.698829229556797,-84.09216997192772,-33.46710078642167,-136.00170868294342,66.00372315845168,252.69149990099575,57.56241409873593,-9.92303279894606,349.3614933444244,-98.4595631660098,199.14639338270888,361.35711933155113,51.15121933000385,-73.62404921562823,-201.12465428755297,-40.78003918472327,155.12934745009596,1344.0027118789435,111.45562020786224,91.27765463107907,304.170281567185,-574.0408380606062,39.03036841132175,20.2579226012988,152.9088871338304,1
34.12628455188288,-212.5332283696752,-204.4879082528988,184.21917664376284,11.229715059886423,8.345348277833455,-192.40263144263372,103.35917904037233,-280.5808344919656,30.383455983668,-472.173660469284,-122.2851531126959,-45.56634749963574,-836.3233117882353,-211.03528028908744,30.511116845699423,-43.33288844462896,10.00106824446614,91.42037890295823,-118.85554846784692,-272.4888058463578,-67.11122578016737,-96.99376539554224,729.5410964063791,-19.142199267545347,-23.70812152549223,286.4108105710956,1
52.972714224729536,-69.7004131848321,283.7135334824196,9.091095043364618,-2.258550175133476,127.61334791058796,-67.02210839307787,197.1402813915107,-56.6649412381684,-9.232189974218842,-86.94728018573662,182.2122449428554,68.29009375899301,211.2817708579616,-136.17359625651608,17.622286721771786,-22.26430179318849,-14.473558316684176,32.763219977493684,652.9229235703583,11.706361896990618,-92.93641875786896,47.93927262163832,25.27898183820693,-0.9718323251811104,18.246644154283857,4.678600985968055,0
94.01880025152332,223.8589149575764,210.6079601913811,71.81027446395858,27.06336920681254,200.04320765753167,183.0690690844677,569.4815525946428,9.231235663166151,-7.058826640480185,-288.1206375043032,-110.44959336924953,41.38950242136748,-237.54197438953048,95.76812472084974,-64.71640042740603,171.86803947799078,36.80082559940981,-301.6656269152629,248.12799209614815,79.08792469716384,-66.22976396557482,-220.8918592593186,-46.531645960849104,53.475510698316455,94.08038130800948,144.4495845794923,0
-138.64597666328496,271.7919670388508,-146.90824715087416,-25.8252630125441,12.411090561216003,101.37378569367792,30.0806439671632,102.097326401292,-99.09190009988394,18.606241216774023,55.87655074753053,252.45484491999252,133.10468824023548,-175.96815464101886,225.9132975793118,-3.2950279766774333,56.69955385107553,18.536889014583934,187.1779865367121,333.9147710903533,-51.82227342523615,28.51879400527581,97.64736343811944,-60.41754935418658,-8.553200690014323,-28.24123976463193,47.68437898932951,0
107.7415865039464,252.5844303116802,-409.8533042736019,-20.643396645747305,27.917567872428485,144.65376376474822,131.5950896168275,137.36507595827473,-211.53629086803767,-25.91594000524674,480.3216924949807,-337.65742631731354,76.40613522692495,798.9859744319342,-174.19181578160428,-26.51821735344708,75.01405271287544,-13.584016291341792,-32.70771548692639,-507.18194530962575,-25.437538338451265,-40.48751674896484,-46.25918372335657,-107.86060304937588,0.2239792401903435,53.71513484309238,134.0276738932958,0
53.03332524188961,127.5643735362678,136.66980357931857,158.48852307795713,-29.478264788813853,-259.0540410375808,327.6115301503864,-101.04289645817286,-138.2323363940988,10.954177896207744,12.465667981671665,207.23295536902063,43.832092418745766,78.48059576499946,-321.0118265853801,-134.19955104173198,135.72567470484154,-16.181373728867698,85.5621395588386,156.97951619442043,37.488567007606974,-31.384401235234314,197.974182206681,-23.031745209157428,-20.583996870199343,47.97521504771968,-113.11164417712246,1
-177.9821969547701,282.72198240116103,-24.303824337167693,89.63811690067779,-15.812715699175214,-211.85630955722047,-116.4628517606022,-332.2521224350585,-144.99839947789008,-6.714518816794916,-148.65319767933795,-291.98576180027413,25.22813848694957,-1435.660945263235,271.4187429877809,-57.66268703719506,-107.4990506513902,2.729968479131558,-28.052072811813797,68.98461861589423,-242.6307460881046,-43.84428333203166,121.11987892914388,-38.317715898797246,-49.729433730749385,-58.56523034989201,-19.371563693567527,1
38.95339539420609,357.9107196417517,310.5433378722263,-58.25243743648695,26.90589373182666,-93.148194690652,-12.064096526643572,108.83225936649896,-49.71823991843142,3.508288081672206,36.91622758795346,-256.1903984036828,141.08562850640658,-248.520156115207,-352.84453014512206,4.851297774001656,105.51559565500374,-22.014336114993757,-41.92166316855089,-457.9363084576207,-125.15479050891103,77.66126679602401,-36.47296615501878,86.33839012710763,12.265068048452632,-73.59557945550313,228.32667557184416,1
448.8815393315263,170.40214358968026,262.5262666859131,57.60777440621162,25.091266311209512,-3.849327347134434,18.95135242054368,127.41413655385398,178.93235538279828,22.352774147260043,-69.23930314119417,-4.687343772132541,151.93867117951265,1114.686666559208,-611.7476276414742,-9.9680680166796,152.48545440785944,-42.30726672035445,260.7927759848826,498.8789829711023,-55.96067038830935,-18.3141329380359,-28.906741796130035,270.2092302018105,-40.374559341163085,18.62897841398789,90.92032508754926,1
-45.26838972621521,376.108561747065,277.9235986703127,-195.78381135060732,51.15937462760353,-231.580524488492,-67.1947882122015,-341.2368710310056,-123.87740512244748,-2.653273810819685,103.5770154771464,91.76441916689704,-51.873123005436575,88.80864159162792,-748.786120531657,15.139094124693392,356.94092439498365,-23.024490232451782,20.287764523643244,-2831.785266084019,-377.6122731049808,92.74703865554406,-74.39866531046826,-19.417437102054755,-31.2447322107754,-23.212563876716317,-358.02046749101845,1
82.75678893940929,-315.2528576183686,-204.13904140632064,80.17277120780128,0.4998751310281104,-115.35963563523867,-20.46544224944521,124.04426045363006,-1.9999255480978613,-2.249335951107445,-135.86501616493587,-532.8045607206672,-274.37736335524755,-3.235518552915716,133.37740618128117,16.498851356542275,122.02953477474524,2.775690107284639,46.650529821672094,437.9708113221641,-162.10593674500552,-15.940248747491871,-60.86481715548474,-282.6203513957052,40.535671197336406,-52.83484851097322,229.93095295075352,1
257.9973092727816,70.5213740719008,-53.7286043985523,26.214332248555912,31.91012038264798,-91.96029099434168,-195.6058811016701,192.54913649865136,-74.14721925713376,12.198536664911629,-250.61794729163825,-225.2556912571992,38.57842798457986,-483.9568228305948,-118.87474810795808,-45.55467342116293,242.31527753862156,14.294694455788136,-93.40016286557466,-1693.5359176503712,-188.95580548966396,-21.346027657631925,-36.71235493765803,477.0700600662663,-56.01501402316843,-8.2654136330815,-207.0168891598812,1
-117.0094217756231,222.4849530418745,-4.544948224426477,149.49179093838933,28.52335218920096,63.20752672845949,243.448313909705,46.30652181636405,156.53284474733942,-17.29762821942721,207.05941513725213,134.8014410686162,9.143357890070645,907.7288716955856,-297.6027935662171,58.790256801161526,-387.1054467733425,-26.80907320563817,-2.753630928254242,653.8494926620216,-421.5729872469868,105.850459364972,-74.05428951623503,-65.96839180328963,84.14210011758881,-38.3404465599259,47.692851282363264,0
-56.76085946240752,472.1846636567785,-263.42389497749286,-56.6661498211766,20.432795927223797,35.56359388315374,76.48264212253217,6.468370798078342,31.223160516612342,-29.44432876635465,326.8382418487486,-443.9283082929476,-42.97765576269875,649.5765828672305,-120.48206215704026,-77.22172138332594,203.57916081931288,-42.30842680737857,-45.92761833699128,-823.509547446511,-266.56346195236495,-68.71799123273054,-42.23321793082887,287.185542018313,-25.045539947202467,102.59424038326436,97.15347474261796,0
-44.98902582720843,7.097252601813693,-120.41228791288188,-23.39156841126801,-16.01680931226741,201.9358901748254,68.27908515297855,145.24001825234464,-110.7890514930707,-9.785729980303104,187.1761615847539,122.15921296330042,-163.32096737074886,355.82815422780686,466.3902052391006,24.033621830096603,102.26048780672056,28.58820855956018,156.00349217849669,102.90193188915195,-43.94541059967392,7.470709148566221,13.790758860123674,116.17958233801328,14.847179454901951,16.623903989907838,46.8718453955645,0
48.09078670583355,137.98447642107735,-123.0109363998626,-95.85981139821816,-10.327286542526815,14.972356881400112,128.24834574993594,198.4760727770368,75.69474259083584,14.429239842375951,204.50184554002115,225.5647623836312,-206.77866862095252,1175.3406037091231,235.8900950325809,17.242768229258274,155.92946681743973,46.89834585985462,147.80641856529826,1212.299922829989,73.93803570022112,-102.3326641769392,217.3798856463386,-341.4497966423984,-0.3004167345921651,-85.99406061341872,30.461788625851348,0
254.3124839193661,-96.79174626900844,-92.68225621205724,28.144971930401564,-34.170314445331286,-417.9002436706304,-198.60025754735557,-251.18567520833923,-189.49910843903496,-3.279579407557967,-236.94830759409277,-144.9276492046776,-3.126758216969817,-1062.5383839128926,188.32189874000824,-65.25008968397506,-187.67087221028703,-20.175727261390755,-141.74841514287198,593.2085336130132,231.4242636311032,-63.03891928199493,109.7030730044161,-277.3905476470236,4.153161144914755,7.1116389649389244,-106.8224601707588,0
86.91650578402006,-54.36628425745272,345.1042573402015,7.598437738338961,-31.389293935723018,-195.8105827119701,48.8456909427553,-19.84563338984193,8.291479198909718,-14.460952037580109,-249.2180247475016,-127.3496683289677,-195.1611497594041,-166.81303470309987,188.50488681062728,36.45325760880976,-256.17714858244074,-70.54380944210781,-32.96949973036514,2123.9932025177827,-12.178650166704443,-15.4137216720737,133.87661699068653,-866.2543594433463,44.723702695257295,-37.452378758232335,-255.08020204602437,0
-79.92112456896778,550.6907935984186,-71.2772988783577,77.08115479150975,69.76897070922843,203.09626092557332,-52.12615278630957,-104.44613091587998,158.30088908815432,21.485847397840548,-244.28344656009364,243.0950586232589,25.68385078100571,-224.71571473117223,-59.42105523904646,107.01990248229056,174.4053208374439,-14.117902335086686,-125.66062091147302,1289.7979218573178,-66.8536962708759,-90.16382269463952,-61.72236737041335,88.70354369936827,41.158298969612574,12.038497136062468,-25.04740308467317,1
138.89344628749816,69.86056881748496,-20.75302341192126,-85.2164661578674,-13.160185124119243,-431.814284172386,-209.61685653047908,-11.91433947982926,-54.204007441106576,18.84138659587769,-274.1067576360097,-122.43782645565764,40.92226339992658,-964.022175442896,306.67515052727657,-92.66595802763308,18.20371720285475,-30.244283016895576,-198.3945635865075,-8.862429553266933,-267.3762306365563,-64.79982101682644,75.7633869041551,54.26603535226462,-10.000220986150312,-55.9486787183665,124.78880748256768,0
-159.4976279216419,-95.90123371902057,-184.4302413069248,-25.21449208941436,24.28645666158965,205.5243124273752,-204.9808677528271,226.39122191365905,-200.1241512357113,20.378652843396715,-383.7896434560324,-380.0430252217807,-175.43619057902967,-843.0929137680693,-127.72059889428436,55.36262759650541,9.237377466959003,3.765609788541049,-50.703732288344725,-639.8359940479039,-140.09975294384415,-125.40021670010032,-121.47663066905298,467.9331240451047,-47.12000940273125,88.05601743721172,20.17654262112587,1
-51.09807493032184,-38.866993207461086,-117.42265048799372,55.80269252724421,-30.279450243361275,-141.76039983094097,-31.25796862323053,-148.8555898141673,237.16973509269957,-11.305936027708595,280.00120985833934,422.2537287745659,-62.2546368529526,1037.5272629951742,-110.99234238496248,-44.60540293867,-193.12534511115996,-18.439447315973407,193.0495131321867,412.748755448083,-215.50461523459637,-11.569494074410652,219.77451554992803,-94.12680199199822,-50.871389450413446,-3.464742431689944,11.343110011454227,0
-141.80378538728138,-23.0648382256702,142.52187957615408,-20.03782671362259,3.1403394287495416,-146.8547757262678,195.4064801137225,401.9880710642957,-15.018694703457989,9.096607316014644,288.88936911990777,195.58451695886112,-130.78506959932582,1241.9949855076925,-92.98619391180058,3.3362961867376626,-38.290202019079466,25.22882262777045,-28.1608770297112,-1359.0388935092678,157.78233989744976,-22.226451372734825,-65.60355090040304,361.8001483315709,-15.74869341333513,21.2088168792597,-146.3356237476858,0
-55.47530710027053,199.9053304078324,337.861234584299,-107.37805288561236,12.286759406629104,18.533994814856307,-54.0838824719196,-143.68566813317764,-44.71759275516141,4.112228075150858,-157.7069567322366,-160.9034501163199,154.74441409055237,-758.6258270440683,-179.77377081717063,-20.892211183016,398.5963740925038,21.720128009023163,195.23026696554533,107.28412280179022,170.48738499538763,40.97043913680629,11.83117503739788,-223.63162683226483,23.928996629407617,-41.306743111257646,184.02019404683176,1
-162.16674735012467,-2.914173791722933,-197.97447062898524,-7.936577195490265,7.029035490093784,-129.11251447972518,234.17513526321187,333.76802902285885,-86.69326131452293,-19.96903526610723,41.971895434508006,-163.71263062319056,-133.97086428597513,601.6408982632021,126.98973509968184,46.68243575117838,288.49435998570567,-21.904603999026904,-33.38568072861453,-41.33447756347863,103.66428718906629,9.251587437677212,40.62486220779158,-44.75024158882018,66.47261401945919,7.92848687856474,-50.03307413525784,0
106.80989677856157,-261.9052458881511,195.1608858022169,148.82546243240498,-33.85979507937536,170.13196351663518,145.63884085685837,-26.895966528251936,256.040722868623,-17.410042774865047,-397.9617773891193,249.76937974293105,118.73845319256564,227.78249112449376,-321.19574611131753,-59.11432733758297,148.49420904279586,-22.102792397029013,104.4888255244364,387.28057959894034,-39.09628100517833,83.08987343912098,23.058060147158912,403.41132416207154,-5.913342679890087,63.78783545121191,-47.94786726603793,1
-354.5951813540437,151.5839748580803,-342.5183009405923,34.63323293826389,10.37738372477201,-104.7805829771054,-63.4588607033534,-153.78366408841902,-47.08249675413612,33.38530073050774,-285.35214901501,236.02655785051635,113.80546712995672,-272.98931920048403,28.66110802773423,-8.19692240910634,-296.9650928786266,-0.5927213050107916,-42.877391859464176,243.12731349406403,138.2202380143022,-3.289135010275502,-32.18158063201339,14.96263024934828,-58.53320613066394,-120.02563768844732,-122.11187519937468,1
46.73863758694685,-67.96475654643046,431.4128699969088,-49.30722349008944,-30.82727282517948,-256.0066001780829,-62.8693152882696,-121.005854681692,16.05017225860255,-0.0056546102078218,2.826714336271195,234.20118090678844,29.48805179150582,-325.73630358464857,103.3090225468976,-45.24464032028037,291.3761343970941,-5.212505343707266,34.868839741539006,-816.176259378773,168.95411739286985,77.73172074216144,17.734267993180993,124.7276141286599,-18.673736928278423,-10.27030233649026,77.56726611255316,0
137.87495231176953,184.90703261011475,105.75201430903334,37.66602428231935,52.70483394529624,68.10609270362738,-45.20470170828845,62.551438299295214,-178.9148909935409,4.495149637543052,0.0704223013114315,-531.8855437177713,88.74562724141023,-1231.326184586778,-434.0781518020127,-17.28131437968451,-89.36335363115984,19.65324310968685,-261.8382521374997,-1128.2194373279906,-91.78163643360912,6.705261300446814,-51.92327272827265,-76.78889621488698,37.510050159647136,45.86908129206381,-203.989715874051,0
10.89613983028453,439.188641461729,143.28807879784685,-84.54587761454371,-16.829683204307344,61.81766526421516,-103.5340460900112,277.96322153018343,31.07495540274721,-18.032340449919424,-7.021810160751069,-97.66900419492336,-185.39447653437745,-242.60752632929223,370.9694994618753,-101.66221227208314,-70.3300205822499,-16.517599311878353,-337.7288873673711,-35.723297250670456,-62.88547636651944,-46.1848305260491,82.3718435691324,-61.44980058036396,-39.3878998998579,-1.9736486645833933,-176.4280733490797,0
-150.3254659748497,432.0589789063579,-594.8868701530077,37.056019977559146,54.56105766240033,316.63650942951824,16.201784169203684,464.0684733713878,44.7807822963725,10.55671040975369,213.13567876354912,-842.4195011014842,36.0831266475228,-1045.6673066851058,59.074781943837735,-20.36424993315064,-20.14910498951308,-3.2254445409275063,-330.06570424436245,-544.9245637835036,-22.832809070318465,-15.397991017670346,50.97322118651285,-71.94620076612429,-49.86884743646071,155.34958286504275,75.88452750389776,0
-300.0549980701052,5.621964108960074,-145.24605932992236,-48.89671494710824,-8.351324207581687,-22.59662626176985,90.53404629567146,65.21854675701849,-95.58202667118589,-9.3143249588212,66.09115674401183,-36.48726650321471,-176.06972881680602,-64.30946929317402,128.3236396019333,30.3116782344366,68.14821169322376,2.7358952400102305,-79.35219826968961,-836.1605205965246,136.9434719766819,-7.398665296830309,58.019906294048496,206.45311281633343,-2.4724039131048468,58.21840720239349,-250.9972293608264,0
141.33374177082044,440.5555150166419,215.6396326876831,48.38945173854016,2.034603086003053,240.65297060680476,-0.0904439009173307,32.8452091543791,53.18753962109417,-8.999655449214892,-56.04840098089396,-120.6725200538826,-63.97929085549162,-569.8166336564947,437.141415759918,82.42972249414032,21.555195871567783,40.50034671504066,162.3236536810985,1519.812501166943,-1.556430929147273,29.32244159113452,-54.21643357470965,-28.654393298467333,41.53768005310808,45.46823520940021,274.24145768004627,0
106.52263434725916,154.17246252914674,378.83329323074616,-117.01870723238856,-23.98437636104358,-395.0439372147245,108.02381169356156,215.68449445631225,-106.13684586276791,3.3124882462883933,-11.06770560405904,30.206548191977014,42.472222315033285,360.1113928023346,-9.83991584080582,-54.39368402597271,-142.80119649766897,13.566436598998258,109.96547026584068,-240.33339609949388,167.98962312732655,-17.65913283563542,33.36340574073431,-358.6378482062327,-40.94120023681116,-0.968478441068232,-139.7662654443592,1
145.88695009312838,-79.5786881633559,-149.12549293000188,-39.171648950533296,-29.468921497486768,198.334943125248,-145.2401484416602,-128.8378322420623,-16.379405239466568,-27.535182442526807,72.12183273059259,-218.4200175064114,28.817792882253677,-578.4069157125529,421.8446584854368,-4.311184875350433,-239.12756660804283,-3.2956673084781625,-53.12919152067457,986.5406114510477,-45.20106315524718,-12.68620023990004,86.72220733409355,-162.94080830392383,15.836779426335571,15.453291345341352,45.72771771402207,0
271.1344370134761,197.16047515689996,70.57994352079436,51.779080773278864,-9.585531339496836,-81.71356520567743,-65.26699331486252,-40.82006068911909,119.7309222139697,9.84260463055524,-188.81690931035777,-270.97229446629217,133.25480299219674,-543.0643832490839,77.25346743832753,-39.03726729070485,-289.03106213675846,-11.534921318730587,97.41414682249923,645.3754851941643,-39.58792939697891,115.7423989380232,-29.09935234356448,139.76077168338486,2.1480322275556696,-8.955035752730872,59.74528567400019,1
74.82456007631833,98.0152645578105,346.96088938153537,21.202003801816574,15.8244666156541,-212.3407687778592,161.18681672302483,416.8157276151312,114.01616834339926,-12.272101090944828,-46.39299229928571,-103.60676730288446,-106.1881033178554,806.2503026633694,-404.4041468823006,37.566007395676976,182.97884680665055,38.487620952970246,43.55153327798983,-317.5414169794938,152.34900231102517,-61.59889932116228,55.33908496012215,18.564576445911012,23.177488898181103,42.98177495889809,-129.7429927826483,0
-73.55589164442388,65.33525009465968,423.6793333848566,72.17629977540949,-17.994940817797946,-40.87510624946579,-50.63506795244022,95.8294294003292,32.32968544408526,10.65832673509922,-182.48975823020996,415.18128239657096,96.51919385279152,-797.5738478143804,329.16580150828014,39.03196006397267,110.52555042885892,34.6457066309499,-208.1137310213158,-569.0482165783822,162.0619603746816,-7.509062549409592,-24.472021892009117,570.904388542699,-63.18919946010076,-0.1066935519865808,50.87707306516106,1
150.03956971832343,485.7427975411703,-704.3096804193142,-65.04432306770431,18.28555031293853,-119.91740236276917,27.07563427317966,118.93538618430372,-91.14401839291531,-47.78751369098923,164.792076804058,-377.5703408800262,-38.40235451223971,831.6513587869383,27.59362357578104,5.4210529369645215,0.7786364939368973,-33.91691224962105,-26.864885572421706,331.1480959315408,-246.7160777839363,-44.82520524264924,131.18248179566336,-140.69233854484233,17.986357640500103,4.111727037463043,-47.74307042011251,0
272.56781788751,-80.56913259522473,12.321825819290527,-113.0439008995688,-23.3860806824312,94.48843410299848,-126.44026749601248,317.76198310825185,25.80050801533237,-12.830894526543451,326.40797129879326,9.839836469112509,-299.4662542694251,818.2381102603556,119.44724716618066,-69.03632397685578,-354.1912279095465,-29.25462299927794,-303.9004032890607,-687.2236423665458,-71.19985254398705,35.170219085915576,12.318490376619684,-188.8143971881194,-30.559260536097373,-9.169933850594727,-252.26914396956624,0
37.02401974364381,583.8961480040344,355.9336834614465,124.99108753824297,-11.390263835305012,-56.3233723721335,-320.54609484870826,243.57184287737368,-128.43470450020493,-18.854173023754605,-3.228278072069949,364.6854362120595,-167.71461410708437,-1113.2147367590771,44.668685745262806,-99.27464031836944,426.3184551640432,18.66761036761705,-78.24412704717028,-1294.835769497976,-177.53624406972008,78.27528120124046,160.94267948318316,348.0540992802737,-73.55155510216638,14.149616557232331,286.72505962653946,1
44.424085070877794,-251.322257570373,346.545508788228,-53.82078252252883,-43.11246094329447,-117.76710143797348,38.46442423971391,-7.304821894363349,-72.63908620927498,-32.211942106683,125.46316871380436,147.98780708356406,-338.2577941665964,1189.2178871919662,-6.360412961038301,-23.631532364614145,-395.1967897609504,-16.080531153434183,-7.265638988100191,743.0214177425327,-311.83424587949366,-65.52295822630094,-22.580464009103,-386.1352364699181,57.80501670927409,-107.34831522367574,-46.27526207626715,0
313.1271183674017,-204.93425031887767,-239.22017963985056,-101.60132987743803,-41.33753292431888,-43.22330013482551,-29.40763865353957,-332.7013634895488,9.067922666076022,-5.661960410540244,-25.143705198583344,-611.4320019141197,31.16676044088492,-655.3645877909138,-103.32321246341056,-90.24622049552052,-205.0814841066077,0.9062036735855592,-43.10778319461176,499.3882079218003,144.9637602961275,48.67893258351614,50.19980840996422,-388.1754007070666,0.6279957823835054,13.050185739946016,125.5444661258107,0
-178.21405498055248,-303.916740829362,232.88328832141488,-49.687362300928456,-62.47932579367368,27.39944948319337,-31.58082706226529,57.29645350412383,236.92733269503228,-13.934595605016565,-433.6405034712778,505.0492821064362,-69.68226221969117,-48.23826632755448,37.35297606255725,-92.43651101213644,-51.58893929264422,3.6590736325234703,-20.09167200348286,376.4068634888138,-86.15036634009732,60.74477355561569,91.60099885615966,312.48961298679905,23.676446193594447,-14.304267170328444,24.878049464463288,1
97.77739514707842,32.91614976133549,-257.21884572527034,-160.2163353175623,-41.30345049442737,-225.94505731656756,81.58914128200281,300.1772021715633,-49.928257538739054,-34.30759659799966,-7.016730728939947,-155.6201364716559,-184.30730701831067,818.4941181946507,269.98531297866606,2.826435992888221,-50.697058742201634,9.865002596924937,6.490718707188221,55.380908840951264,-47.30761505780432,-36.92695801079143,143.31492895719668,-11.916988334206131,-8.365332122324364,-6.448355144193588,-76.62304315630317,0
-131.2974249138592,-37.07112756083656,190.20502419123977,100.61936426537352,8.178285590705412,-103.07391869621496,-91.61440582681918,267.5135729224788,144.18759808569354,1.016090824307275,-101.70623547124126,-412.0061890600121,-71.00220605506084,-787.9882806150096,56.26533402257008,62.150909784850505,-27.45819925685646,-52.44317018558521,-117.76215635396956,-798.6044028299285,-435.03674102804047,104.95611934925886,66.5012401125672,506.8914975894584,-17.59140066122721,-17.020705793556825,-4.606887714826961,1
176.6604159518375,-287.2778026387808,-390.4498534846943,11.517065018593565,-7.673760175223981,-60.6707680686462,-45.72596805408581,321.4039434279,-117.84359154626524,23.832104069584076,-336.4633846086156,-222.74573968924605,156.33954046317146,-830.9301181256052,417.9328600417791,16.651082088676276,-5.075981020344483,-4.273931888723923,-141.40160080618554,105.28142159352878,15.20721468610973,47.189288717373664,113.48932267727902,213.97874440727787,-9.557755092913071,-81.62579837446856,-80.78281183850589,1
0.6416220929629544,151.37035470694394,-37.806880182894936,132.98960179262178,-21.925992648656933,-315.5512609224692,90.58454371531823,82.20967782382894,280.752742811444,-17.655374920856005,-297.56972026453883,256.3250728124696,19.804237726085532,1084.291735731426,-6.935740180221937,-50.140840540604486,-280.9590061805528,-60.39123239406837,221.59596567914556,840.4385654309782,-48.36877157638549,52.51421186164564,36.35314898482834,276.7155446056897,0.2149450371374246,37.39685402006715,-296.57988125343417,0
124.70452574959744,353.5526936630177,-9.001055630413804,134.6832948998309,62.94625435162713,80.6494579839536,-62.84028275788444,203.3115009856268,-17.883285839744417,3.1409562491061878,226.6156864446886,-57.44011327376321,46.26815157593434,-339.4821313448996,168.94163015014414,-6.450711054086998,193.69485194510412,-22.153461888456608,-290.2481628131154,-480.526724200268,-251.0772360149441,-60.86808322812482,-57.32039620404568,-70.59445499596457,7.305012953537364,42.61948842203935,-32.200703453840475,0
-112.3309990997318,-90.09419096687832,22.864385243258543,-92.97133839397574,-39.64591020822825,-83.47433724621169,-74.7123780099733,44.123470554633855,-23.487387969726736,9.72962006107446,244.29880698473272,-43.63689013211979,-63.8459834704944,236.4511665093911,137.98943187190545,-87.9425511082838,-231.6153598090125,1.0705550625456175,-72.07788256326496,413.51806872181714,249.1211076808096,-48.3054196436473,105.48369390766857,229.0406943185916,20.58963786322152,-75.08237572454858,206.64025671542117,1
-47.52525204348433,308.20831312118304,-271.2740163270878,43.9925518411525,50.13592975882072,246.3556067176825,115.6905144358573,68.7909902856866,24.49543435458297,10.061970290396385,-39.068170672785016,326.87612858967617,90.55280372749723,471.8316968663893,552.6387067654986,84.40021980108125,183.54094169832825,-27.390218030136133,-131.71912625078212,986.2757020151112,42.67362675985649,-73.07792188446807,-147.1689279431742,80.90260449423904,43.24929396212726,10.21663474691547,-175.19326506678664,1
-142.8999110848973,-178.6537600747023,917.305708684458,38.87397742810951,-1.9064304439336253,-76.95131557752467,133.30597723824985,292.5569884857641,155.92515420580932,11.82617209465208,-169.8023868605615,-174.2022666052941,10.137913497230151,-197.32339786494092,-395.8847475373407,-113.20185036655045,-116.5611786183674,48.412397887980696,-44.404206753827104,-900.4814708680884,102.57746495230396,50.83097076006586,-130.4799771595663,-328.70573195731544,-0.6721285013427711,-54.04269957230876,-148.72206783969878,0
158.55291563063454,-85.87723456163334,269.478005141318,127.1274325449077,7.422579794258858,257.4659462806703,-95.48686705835938,70.56772292274825,-95.28929779424782,2.728510039692173,-149.0005811719769,-293.02202809595656,262.9913460840733,-1395.281516647579,274.17720942271256,23.38511072032542,-22.15605019284248,2.3897241838813037,-90.72548930406744,579.0410651146562,19.29358897333737,49.30791279739587,-106.77674531990816,-110.31250602998048,-4.341755218623385,-25.020698878546696,244.6057602064218,0
112.88844205040726,69.1781859049404,-125.86262595690155,-59.6334635976983,18.77961413143733,149.98375918379546,-269.86838282719566,63.88111543324528,-90.56059822654896,8.525202227783746,12.452653336124117,-321.1651889668283,-148.96374738795404,-619.0001988861787,-37.14508087208304,-78.27132488563694,366.4369949681539,9.279855920406645,103.15949312185394,-904.310552996428,-193.40204905808068,-53.27757217210015,-38.71019575942924,210.4877252142973,-19.521678229790453,99.6794383346909,246.6987179018064,1
121.76969696755032,130.35623287626672,46.73192043933442,147.88037103349552,-4.020286324606104,-235.1934673940163,49.90263005962709,-231.6255617669748,48.50141792359898,-2.5289898457297824,-252.85913358113132,272.91117022738604,145.30300638727115,-162.19424187528912,186.80438526896745,-1.2269962926830793,-142.56925425776754,-8.341321690719035,192.9226955678224,1729.8967977794605,-108.7356879176817,27.761175778060768,37.20602148840002,-2.051003926883692,103.9569752861814,-46.77675334147808,29.028923767725743,0
-194.86042212384177,-9.068180091161324,-11.00288789930118,-125.7180857184694,4.28027876492686,37.423623866477385,-106.253755727891,13.77727265988877,-274.55767478706525,44.34520471060177,5.187167381449108,287.786779239042,23.190673973659003,-994.5424087097674,-197.85067231501688,-156.88414967889966,108.34028935611646,43.29393293260673,62.6710552403104,-2416.822510150544,-75.08423655059875,117.69987786768914,-23.76454753946152,62.81731204415218,-55.1176663680172,7.733519815418127,-74.48584118760553,1
-324.81068373688447,-127.34232253379768,104.61056322107108,60.446044413922266,-42.16481804540722,-94.51168420357467,0.036393597840955,-198.85585943026337,-126.38200886555774,9.184180833836251,-267.8744193764117,317.2572698163285,30.87206229272772,-720.5066898891073,-0.4623866134631849,-126.02175660262937,-176.85348161157023,-37.5923751441047,0.6990382213676232,1306.0241040562405,40.52037325957927,-58.10995670105204,201.2031665278321,39.829357395556,57.67560663928364,-40.79554503166196,-41.79517867858142,0
-37.39634793604599,-107.3819636570778,38.230551676303975,-107.52094340198212,-66.40435216849576,-180.8384604280792,147.9450016856858,247.8726094262413,-113.00223708911832,-1.8529509170260008,-288.59337778802785,-169.03763379163743,-150.40600916816786,-384.023365834182,-262.65113458576235,29.345921691560758,-378.2151334244176,-12.001313613756748,-83.64719824069292,957.4041954163404,60.12309150112333,64.42834309935584,245.3836588971842,-63.500046167596615,5.269808139866366,-22.467526829887227,97.42394617384214,0
435.5036303657352,430.6649443715325,24.94367320085304,58.37056311789708,46.8232189623818,-123.06978860840422,-143.17201808497873,145.3266907502191,-70.44200775905873,-25.34785327186759,167.49107303986978,-330.85875102204426,173.24564187947706,-161.10729745436797,23.19526956821861,44.7842610331045,243.24482839536523,13.038224038143172,68.25699358125148,4.226438121020205,-42.73564680911508,-5.854469497557847,69.36622674663485,-616.7315934180027,-30.582451776551952,-24.044590421355,19.52411422235265,1
317.78506646750407,-4.7647369596055205,-108.87134151517104,-24.43908691791936,18.14264002731701,-522.9065318019739,-65.79064495571117,-30.423380990255104,28.048932523133903,4.021591591164559,379.35803223519656,155.61304362056998,160.9547310597132,224.2432132851829,-359.59212589007905,3.867550266166049,374.1132505381674,-15.879816365513946,-65.18694553665283,-1797.7109514867395,209.9135968450864,-0.2926515087907939,185.6083044823573,-13.496295125214012,-56.4982111220267,112.10020830943202,-84.12873484454866,0
265.58281008802794,-150.2210001226856,352.91123915737614,-179.70951489577817,-46.3434637031445,93.44288923036346,152.49820547872216,11.261717746200866,34.000675385271066,-19.240385554428965,59.29148243061447,511.4308958804078,51.408797080166536,1602.088522546469,-446.004804872782,-49.51207847712973,-146.84505565655755,-0.6128498706850354,41.403421747115935,-192.00447219017911,76.88524703261461,27.36987721825872,-32.57095053486388,123.19093155581272,-20.201727057314358,-22.990574375081074,-106.5177413683686,0
-18.597398632505456,266.95408172880235,120.4389368654306,61.83034535904383,6.210350152940629,160.1915516615848,-163.13628485890658,47.33985524012746,-77.07549140011643,-7.009715580895082,77.44237519685117,-344.84736718754294,83.4698321108831,-690.3188359490628,-56.19387753660889,5.020780170778723,-168.46846523596642,2.6982394070322817,93.61514318387924,-47.915820689095824,-201.39523456358344,9.01224526776316,168.99206061174328,117.44171032750296,-63.48672149063156,-58.74390087795766,-75.65717711729923,1
65.71191005311532,77.81533794317919,258.5426895833233,76.84411178543512,-9.910943921100586,228.15813136880945,110.59688014882144,-84.96497752330649,-52.69750063552443,-6.459779221466076,-97.7230026496658,-186.4588817200947,129.26114245210653,-291.94162358351537,-233.96918885424864,46.01871366186482,9.36966941579675,11.720845216959008,152.1391065910135,1715.0523661703608,151.28407474606504,-31.022177002274944,-13.394067821549434,27.495924346271494,42.25248816183222,9.721312315346896,412.9027543559357,0
346.1093074949564,-238.51158842315743,164.88745044074315,52.5733667446215,10.635884629035443,-105.77299094551,-6.574239679587521,255.4235100525653,100.97259539789616,18.51077543754003,32.38820783320515,-181.7084860539328,-80.20732625585391,-90.80191255797064,158.1369430017986,2.513767764236164,111.78434504919431,24.490218179134622,-123.11200476155992,-278.7235278149991,33.71035736892536,48.851063222968754,-12.020824451658658,-162.54115383882765,33.61735583904392,-47.167260843188025,-38.193174558774544,1
318.5317110136348,600.2230567358384,-233.72939232469315,-8.696770218349213,49.31491242447032,-107.62679470076849,-265.73606312412807,-142.55569484278578,13.694918079755984,-0.8913412342129279,21.883326457429007,-466.93365213918383,58.628333873838,-1455.2920957956248,430.0692145436894,14.198784441959988,-43.17138222870527,-16.799840989083787,-277.06889531423474,-293.5845480718012,-363.0197751174159,-7.0828406088535205,0.5973989489034892,-109.82589444769732,-5.571611147201185,52.3173953979576,-133.3927613576825,0
-72.42814364297965,184.0828757956259,179.62331341899696,-40.29019932956156,15.642806254347082,-20.67398157938955,-122.5001624245074,-237.0783396082456,-68.3368445731674,-15.162006935343864,-53.46731527415497,-230.6935537222608,132.1753058932028,-918.290904259586,-704.1590903275162,2.998841625901548,-53.74055818029635,39.5581395874769,-54.95087850306181,-792.9019660161391,-40.84544586166788,13.281811156479112,94.35981657814386,302.0375975193784,34.84086752649208,-19.67841017090968,34.46711373538312,1
28.1167062675945,-214.05522902766504,49.35136251848935,-117.13903178909568,-48.05795257510454,117.42727475581565,86.69071268117001,147.84754547630166,-162.0037537657155,-18.421193688331638,-2.7653176256695264,-165.1965721698625,-219.2103824004316,-312.2865303043061,72.84598446108959,59.353517939697774,-158.01949270498184,10.407908219872908,-51.7563336879724,554.8988385904072,-45.046892502815965,47.75757606178058,142.2769401698464,-409.4375133931745,6.855258112864206,-9.72993054572014,60.9463968737527,0
-28.33197583608254,402.6545606959734,-77.74406101646423,-5.573228745230204,26.661876205709365,-20.37398921338684,30.99804236919935,-51.10333194969786,-69.70288988469753,34.21103321140461,-178.29523053780375,-2.523085692491758,275.286689198065,-857.8714768346728,-295.0559403603046,-101.21034904500512,-66.37295368185457,23.116995367055928,32.29514940106071,602.6748276270538,-169.75913064547916,-39.24332756570443,63.74942270839939,232.62482028220845,56.87493963608272,-1.018037482592586,228.85186649264955,0
-85.91257494091712,30.9735151023894,14.028031716321363,46.20436471927208,-17.469960701492575,8.586452928358698,-52.91253287903756,74.48586867678787,131.9091005833292,-22.52830866806439,125.5904119141664,159.61653066140423,-100.6215163616991,729.0053591285184,-75.83635983161165,96.67411559856824,-214.89413927505683,-14.487601944190816,-53.28932156746925,45.45743846234718,-182.57426723137667,-39.22463940599853,183.12829344992213,447.2743998599808,-58.77646361307901,-51.46856871461833,-134.55031100559546,1
39.60268910659503,148.7886981373003,53.55957168157418,-31.347294740087214,11.400762856698131,10.72474713843233,17.45040138829191,90.85535264162267,39.73197100323724,10.164693825468737,-1.6483961855117215,127.89815063730514,73.53241898887835,59.93745240724148,134.8349774357878,-13.033071265540231,-49.87356561228926,38.6695064997268,68.24684163098198,-364.812477671014,-0.541974126217923,37.60588637323564,-17.028889534270334,-196.3087514599233,-33.405649925126866,-27.40951606766346,-178.41896170209546,0
-129.48371459965082,-32.696090520769786,-239.58178438336176,-19.82830219241816,-6.830155955833953,69.42819403308023,32.22582928053811,68.56138974668201,-4.75047130161531,-7.748119749946303,-129.86303408896285,-129.3679676851596,-15.40821655700716,-622.4393396117148,70.49889454311268,-41.030794288122266,76.22268146851056,-7.55967672755215,-151.7522625648012,234.4172498030113,-20.004838938578093,-10.955468228922276,93.99746134969833,-146.70135933685344,20.062184262050422,52.760698748022655,19.45037308733676,0
-321.89544975597806,-55.804372211533774,0.8665675304773699,-104.34690084975698,-61.23160126179636,-165.27102208179844,145.4020393854411,-91.14004626913712,-33.883172745945686,7.256472332395655,-98.6745877454856,202.89860570838195,100.89018266175952,-737.4217476432418,385.0393411725268,-49.84765235352348,-389.3473697130028,8.070759426296,1.261420631361872,1097.9233980795082,174.42474544705334,64.46876057718987,45.82130944502549,-195.78517583301485,35.34087852154913,18.466906009860924,276.7410994434436,0
242.53232691622176,-174.0503922372304,201.5617290556049,126.81562348074954,-9.770378307310326,179.5065676401685,-44.11662962678109,292.8644705303001,-5.237238802637838,7.057445887465377,32.999370823470336,75.09538285079907,-110.02670666359592,242.72852850592795,-198.76178291048484,-71.68500626155446,-148.2476304549587,22.142954104304582,14.131338101052542,705.5756663172016,21.241389480416306,-51.661291269248814,38.21403811782995,-28.443569767027125,26.639089900557188,20.225827748488623,126.24360075702386,0
-22.209046253008424,242.11723424304245,-152.63286517845714,13.519523504079825,-12.297419592441106,-319.14951895021414,-143.66822470137595,-207.26081326909943,232.34072918007115,-5.4106839444812085,97.46337287540344,-25.70233481772117,71.09501532015192,540.817451198902,-48.072879897175184,-61.08300361276007,49.533752226712096,-31.911383277084894,193.48032096789916,-170.02753411123606,187.54707751340555,34.92002428493045,2.507612094125797,-23.61903186624324,-100.2718297920265,10.574406301756405,190.24107134068797,0
-160.48241765600835,-40.808079339500686,16.499942401553575,-23.03671327790829,-4.870763307647067,-166.79056061551188,-80.01309593557565,-154.4862419219224,-72.18554285588789,-0.3740422700273544,-110.24862994558636,-240.17030044143863,181.1908413211912,-1347.5338767426283,122.85990540503252,-47.57517848722952,-154.0337476330188,4.468001216873988,-101.78103944425196,-119.14505643741504,-99.81341984044953,-4.354854602545387,80.16995129517635,30.2319692051832,41.22035249139303,-9.44182468400492,2.7365754639842144,0
486.1698867787442,446.758041266709,-146.68194023188488,-48.956232870973054,49.29171157549569,-192.1702196198225,-286.08753233438244,-218.21627292198465,-36.55264298792494,34.94540213972172,-48.36234958918524,-444.8346798704743,-105.77480809396344,-1338.8164204893385,-36.873392684029525,-19.197966164772414,113.31451690232733,-42.25944626506,-210.9451447643993,-161.03006080740911,-332.70106852106034,-44.504764042721234,90.43656675068728,-312.5165491528,-14.025279344821795,55.9343217967696,-170.42938404562105,0
557.0220399928605,461.4207032279813,-59.29189026520839,109.71995544006464,79.13792887636366,130.59484597007366,-128.63575458515885,-136.85192145201376,29.202954247544437,-12.629044800153515,-150.6511622466154,-480.3025169784986,136.454824010344,-600.9129150662266,35.77663451416077,76.83825140802267,103.98174108337857,6.580827204562012,-1.7451648619451858,633.6564408933463,-386.5664903045904,-98.50835803461788,-154.54567239279862,-20.04938725969292,61.43482354007166,94.24600909905143,-119.56770740533446,0
-72.7888038883753,-177.18908385753392,259.0404914268448,10.882468943077644,-22.540136405788065,96.82345732093196,39.21672895712219,-95.06670329034728,38.41884685530181,14.51676874640876,-339.1245854553425,-35.112365530876986,-99.86370661393286,4.221107760521939,-375.1137562269551,-23.899190984064298,-69.00767600702483,29.909473151590607,-21.8171465340264,-399.0465753718424,195.9880919764768,-11.32161427108104,-196.3048170258845,194.41896520044017,-71.29479460409252,-7.927798084927526,45.81389004163631,0
228.51417127153871,-222.00267201904904,187.1278421497229,-96.97539944448263,-32.79666190431967,-17.030586319119614,-180.4013650393277,-47.49308838372677,-71.83217937522471,48.54445623873133,-194.64071461989036,-108.19392783228936,-138.5161310064789,-1403.2056153003273,362.0034099256249,-1.7201615079781387,-155.2745218007287,68.27976509100974,91.00118558110744,-146.2592699729599,-72.41045545446632,41.419611231462696,23.338502199541573,264.05737260848,-5.674892154699214,-4.042799825248846,110.69088779138552,1
-338.0219978492425,-388.4078290197019,-104.31826113198704,102.48104734654116,-34.903283189332406,277.0698306150631,3.0002324863429948,291.3232199684578,82.39197348828412,6.279964729244552,43.54900213707916,121.08398225985628,-53.66574395148077,-270.3363572629725,-283.1840517313591,-69.3519045017422,-137.0671402331399,-7.240069148142337,-141.63165565672352,1562.0946152555289,270.1748763942729,-21.78843179305163,323.17650276869904,-346.07133991807444,22.01961536947527,-32.72986426261595,300.4719218605293,1
-44.89316416764819,122.38503964401268,261.60291036503736,141.82595435356114,10.284877792161131,-64.77451648834047,-112.21715864782912,234.7606572967269,154.04395934170918,-12.238519495551802,29.31989777279085,188.43745281069025,-17.082288926055888,409.48975022956114,-234.99976813832944,5.263842635106055,-166.1943089028631,22.87295531399859,-4.714706325087839,308.4034899715339,-125.65337583029606,-50.83814173960418,-24.60159992501861,203.9241611100748,9.362300101209696,-17.117883536967952,302.3470128351089,0
133.78309060582478,75.23138264565314,-85.95149714760606,110.825541961822,29.122222253698997,55.53649021058078,77.98753524346938,68.68977817008262,-135.50446016636428,13.462272729341002,194.2470224787641,-99.6921163780878,33.6261683378554,-279.4360928830877,-15.94404526793162,-14.266965299153558,-130.11764258986406,11.194487119032503,-129.22868477028555,551.0242084187289,-5.732561405245411,-35.70015077021704,-33.43510713686034,-408.1992732809055,52.63416083686826,10.986815695092291,89.39344725843432,0
-32.72591782381625,-205.3051000290415,464.6445078159744,-47.30406903634973,-6.240544825302228,106.55461390588914,-76.73980685007163,197.26516881806,2.689746475338603,-17.30960177378974,212.9958491767717,112.34312417040027,142.15771695565428,-100.19553716462786,190.4785035834861,47.49099112972901,-33.183443523238594,43.83795448251247,166.30906066327938,-252.28760573679355,-18.59224347828232,34.701656138619995,-36.475092256539554,307.2669577183985,70.27748400272021,12.306237051404413,236.4426944114749,1
-125.89575108994366,164.2689834199893,245.23144653993407,-189.98789327338093,-35.52819354377171,-145.57499778400847,48.40949675060918,-181.1783312839726,-179.90637200858228,17.87587406682612,-268.8644544365016,303.9256328652166,104.62157648465704,-823.9999497935237,156.09478003072468,-7.010771397925096,-543.7578130241997,34.85784063193213,73.70998045210841,1320.6477815409432,140.37694588606766,-55.054672505092064,12.972259044551098,-368.955823069562,30.49242001833269,38.546834096839135,-42.00455327586373,0
-54.33276083216605,-286.5548993626433,146.07474536176682,-103.64943511643386,-63.14242293214222,-64.77367610313001,24.36065810620119,-233.75290670515412,-142.87307375648336,12.195288889511437,43.4539511801852,88.6011186069083,-35.47855459461861,-43.48948586283134,-103.0287225639695,-58.59864440320524,-369.4568023266532,-17.948945675201717,175.2774866810959,962.0621884668134,108.533213882313,21.06191738790325,92.80162350438324,-254.10322379455064,1.0216425576787247,-39.16987446047657,162.7208387560677,0
255.18977028030056,-41.9126355590208,271.736002413169,91.25331568123067,-21.99211231151963,-19.291306362996004,25.373496811603506,113.80672015226963,303.35797551762926,-7.8196521521785405,-24.33663929778825,291.78887747490506,143.4059196913278,558.2720620984547,69.6080514479227,-36.81971156332507,86.44739262496536,-26.41598074713341,-30.712884113757667,-18.30633446443876,28.754726809539203,84.08065975639668,56.150631563220784,457.949640542611,-26.5389882963174,-6.762224158355952,-76.42370742091886,1
18.64933542835214,-111.52106041893666,20.411164594286568,-16.575928024403765,-13.4999884758829,-50.21163147007648,-196.48436438971171,-115.99006439116984,59.61879730413574,-8.15307597215769,-51.385798033393485,-248.0330031194232,-132.57945139210565,-229.19359124755616,-545.2428573082708,32.3145752983949,12.069435209786793,8.170784215032967,-13.048122400572712,-1495.076786253606,25.570321414716258,89.38341728347974,24.109895695176068,363.9238820495956,-86.5046372154647,-13.092966711496466,41.66163529019106,1
-160.4810632408453,99.54661174347036,-192.01365598263408,-152.57957808696258,-4.678778153813369,2.590295243347612,69.50503462646881,24.058833445444996,147.68689217317018,-34.18536877963195,-325.47977615450174,303.2150394666243,209.42664709328784,1522.9745320107031,-406.07377694730826,-42.83142807409087,-342.6105390066797,-12.037062840172188,72.31149395589331,677.0530466272836,-190.047972973593,-2.7130480140046966,-193.6327214041583,-260.8987690548775,-9.510110669890016,-88.94447675831367,142.24571144328598,0
219.52961182937443,446.3068975309411,-125.58027780017184,-247.77813897696552,30.914032104281024,195.39826647492723,-127.02874892629178,-41.74055997423101,-161.2760495241887,-5.0370583675161615,-76.14875284249412,-232.6256585884769,0.9542258788637176,477.1541111086855,-683.3771469645945,64.73158229822897,-30.99873153917257,20.476333583130693,-78.24743730802592,-465.2656646215156,248.5450123730897,4.307675066476128,-115.60015080383116,382.3167477746167,9.99806968889046,-53.608760024117664,5.058796889675596,1
-100.86368847191564,-52.77470547066457,218.10962511796376,80.05737964502102,24.1613857158102,-125.3782548789861,109.96572128360692,180.32798103571972,150.50715100450185,8.570694710362403,107.01943763622872,57.632288871732285,-56.38593670456171,534.1241800852939,-206.4085588681008,37.02424439466628,-24.57613860407965,29.766084985226467,47.27085915153456,-478.1323597701315,87.11869789548308,-37.00002229551082,-55.62104598843631,-58.58325334014177,3.6179213737845113,56.77702627644694,-113.82572280135976,0
169.0971932671807,316.28523313467883,150.79641117023698,228.72754358312343,53.80617117410876,-234.08977608499927,65.64142253398487,320.528326808195,6.136438937609405,-4.274695701836475,-157.43478859823355,-203.39413084555807,236.91072460162957,551.6435467809065,-97.7840784909556,4.278088783728201,271.2646305069515,-36.49299824881105,183.82289390062851,342.1886652902645,111.10737756729304,-15.377259021583194,-89.7080916303006,281.29011571096913,44.540971607444135,-20.207206132504098,-46.916509687270754,1
128.8650175374493,23.55195351537928,245.82250256158457,-16.083467372524378,-29.496126196714936,-271.23180402195703,12.59403060767951,-199.494383101616,-83.6380136076338,20.784408281611466,-120.7144174969949,-286.75526498880265,148.2301043228588,-1109.0978462840803,84.4327243302722,-54.31187969550432,89.57034904247107,2.161775334867668,-50.0556244649937,509.948856197339,23.92586051382836,-38.47934309104602,57.647547091932815,24.812780985416744,-14.18743911498644,-38.18096765531341,379.8958564399516,0
115.6824894253264,147.94220096859465,143.6683929328263,10.647653604836442,5.933288920913787,-14.939416855952327,160.63222225897084,124.584839575158,-99.92552771146345,-0.5690408491642578,234.85228525428525,160.38124747593247,-54.45041341324867,625.2137904633161,-100.57002569957112,28.877801733647416,83.45905009811472,35.666881761189266,-19.59394607763621,-1387.4174014132122,43.87108333232514,53.65125198268293,-144.4275719414564,258.82267958537494,-35.86343609378104,21.67369743728335,-9.070310456208166,0
178.56777644963532,-231.4747822757983,-1.083915999962456,-32.05328424078045,1.548363473477951,92.03142803352256,-129.32941466283012,-244.11990052113552,-149.2017502508795,2.9137120676111827,-22.25003083360327,-324.8834371136277,-62.30294867342771,-743.4748529745732,-37.05630859827205,-9.96100079156356,170.46629092068233,-26.77944035509444,34.84827675941558,474.4122174166337,-226.62665127633008,-48.82367297856951,76.10594094333811,-139.07258439109765,57.016363291413285,-10.072121313293014,71.60234518561563,0
-67.07625918104418,76.19264666667615,-154.16740543446622,59.43139465232018,2.723201606311646,53.58639072851885,-125.15593657834008,202.23456700881056,-224.566389015682,15.168457859841284,56.529903733774034,29.821749440438825,-177.41658856876788,-159.41660216078736,121.20885234060952,-0.7519655965630889,-68.18247730606116,6.073024622848657,161.84434982821784,46.86860407377862,-111.0893268653485,-27.01905722742103,-2.6087278236617597,-31.928142814531174,-35.068022302308826,18.06717953334933,192.60735120456025,1
479.6364416545148,177.08900087001044,-113.01000261092864,-39.27743061018828,16.68707482967033,-2.481739299450384,117.38563756394184,230.19905919353508,-49.04644784269264,3.2759868708648,172.2338159758048,-243.83174579472023,-159.0318412511482,1339.95353531714,188.52031274655013,-15.200320435806043,2.035436666159436,-9.280780574762938,139.25072154914517,992.9795897070986,57.20475613277844,-56.77820782890407,-156.22733515000814,-503.9594776888421,29.755210708622663,17.79638826283158,19.011069136309388,1
363.89306195353015,13.206109273259573,75.89541965226479,-92.07280386673064,-8.041747019861388,33.528266602931666,101.7382949977864,198.0875233384224,46.11698071302882,-27.7253739618327,-92.57311561914597,-569.0372085301102,185.02770982723055,-111.40667978673176,-308.5047565419535,-84.44819764714117,-179.1830039017448,31.979031065487728,-148.79183074528487,-524.1615059592426,85.25157400542363,89.00067519609807,-41.30139816608752,-194.42910913474404,15.181590296191905,4.838619493545664,-102.96718535954054,0
136.29676190395267,-254.89039879034,173.48370857322436,-39.13889069971776,-49.34752727473943,88.15081842712685,-9.898894165184132,51.51171690751537,-138.99222461024382,-30.15131720277828,-108.70058084212936,-169.55692843585723,-99.58180270695968,-223.37145786088675,21.836075837247147,-48.18598010664101,-28.90260554833116,-15.044006931589538,-29.276687701040316,348.7016166046292,-110.0408370018236,-37.82474728240063,92.03676245617883,-113.20728464637664,-7.433551536161267,18.290486397707223,16.18764178136962,0
124.84613491098256,321.9186878757096,-112.13273576685408,11.376325179531952,-8.208382604044209,-45.12360603331801,-156.52822444562054,26.93061108655453,55.055510575785405,3.376837275089577,155.75184724438355,-36.387392905195846,-158.8259457009575,-65.1022258978501,415.86020304499095,-84.71024955680869,-54.75881053314739,-39.5381042082504,-258.0401323498548,362.7171301033407,-158.22266362630668,-57.9179028610449,61.38089336492968,-83.53334428584752,-47.710836211395154,-30.4181434188678,53.38216903640272,0
35.52213025020899,319.47655566977795,-170.77602135931446,-153.28272463690473,-8.049344396261295,31.87524075204852,-172.2216986995857,-109.64492144260043,-52.30992745773665,-12.354513539205335,30.78937311788866,-354.32193179903305,-26.790874570332488,-1082.8241407200244,218.7087613656502,-2.75594191122582,-416.07275054232247,13.731004782771649,-183.8764279117165,222.58224462100048,-73.48973699663672,5.492406715325046,79.26120825136834,-360.6377705259094,-17.163866513020466,32.87544691192254,-88.18714244300922,0
-24.65849259712788,840.7823082867253,-51.26345968005564,-83.00687135976179,45.47892264723008,-16.65508501341167,-1.08106897522934,-113.62410005872104,74.69170618546991,3.086313333798957,-173.44556240826145,-200.5465961270545,165.48937406876175,-1364.2438658404355,317.6259004309828,86.89719241805724,15.16297261336249,6.725118354356096,-139.25941619743242,1456.487062844384,-105.30107747355132,-53.46468918293658,53.74651907516265,-309.0017170413563,47.34218202655663,81.58344818450404,65.70461650191777,0
-110.0246890447909,-90.02799480502235,71.43219112192315,46.640400187508135,-9.53524246291565,-115.19015281827028,202.0102958541071,-18.51298091131996,-9.402521681356406,-10.861151382230148,204.7087714355303,-52.72615320140199,-8.196536854360913,383.0105652899102,-190.46012978994915,-47.6155239166206,-269.76683423006256,-12.458308295678972,-122.07900380060472,83.80453863485263,-49.01951907222358,-9.42543506466554,-64.46040470913762,-262.79380578224215,37.7052166040007,16.35145939555095,87.63774485877671,0
-449.3056460578407,230.1991482962168,-98.77873905003597,19.09437024557468,4.937554232871598,362.0814576418016,9.232375582036926,-80.30868347671618,125.46684181962074,-14.953899454997982,-35.547915988669004,355.26390292376675,-33.498531096049845,92.92706520069936,-141.78346366717207,-15.439306895642218,-16.734378744486907,-41.72615789167798,-10.942687688047954,794.850285383162,-280.3202861595707,24.728232891718694,25.99570573528827,156.31872869988214,33.72061851052248,18.6976328767193,177.19621984874428,0
-9.894723423437762,-58.58229466601742,56.53712131086261,-31.971994680063872,0.9166029256274713,-479.5726461788066,204.5798225681839,225.6461523113253,4.373197380821765,22.006363267177235,126.41298226629308,-137.50674267818056,-56.72989582695467,392.3014292276093,251.70424107546395,84.08145231389094,410.6333754067665,13.687092359411146,-13.210163460840365,-812.9936992605377,247.1125330133476,-96.33024322398036,8.904035698731022,-101.31990832412384,-81.6790643505106,49.479397000481576,64.70191901190678,0
108.1675922701161,-255.47904352980905,-149.67819980843464,334.4423181885183,-23.963818143787808,-124.93071133326836,115.05651334597746,-386.2891858782017,109.24663269306096,0.8472404966944111,-155.8779390120079,52.74847174282634,318.3870282901776,-1127.8356373019942,-42.92343782749582,-25.312291842578333,-199.7562692837193,-13.252941607410955,-61.394459902850365,251.1273063769265,81.80331501936686,96.97349846412438,53.73887727704356,275.10441875571706,-17.55278920370592,86.15018645593926,-24.14361712332645,1
13.72938339153347,90.91799153025708,43.19625761233311,3.952957316856376,-25.21725260831244,99.3137174437282,-5.830826250415588,-153.25349497246148,30.279739217262147,-19.938551583046863,-53.84310598831507,-374.41524682938274,-74.00518320049059,-497.497661904604,57.682145825425074,-33.411409367308664,-133.6397080914607,-1.0557506605088676,-103.82415815418628,592.144210599602,143.21584451441407,-12.323275316782077,-19.340408654766517,14.00239116115774,9.768616505592547,41.684528511884665,67.42196588558262,0
80.11678745587957,-51.21347851393895,-127.41957678893829,-43.24336200722563,-41.21223774852558,72.7963846957296,-25.616639993750923,262.18532735475554,-52.33269826710824,7.569311735347723,86.66564711037816,89.60829099899382,-172.84190343759138,683.070514025158,418.8989836882709,-59.34324768676338,-145.20256593161915,-46.89912905575685,6.575753616963343,882.6730451273235,94.85060734803068,-6.25043148798914,83.4000284481337,251.3426902930158,-0.1150318534630194,-34.29492614023527,20.4561797594334,1
364.9297251022217,439.2233375679048,153.54510680005572,27.61668164639902,19.06366034180302,91.92699260967277,0.4419743451922,-39.57861612285717,19.57562124346357,-23.80603486704332,-166.03539432126445,98.9391920528121,116.77269313903072,66.49810709740223,-713.1355100147997,27.50880613588552,219.7008186013974,32.35982141415347,-67.280893538463,420.10186303551137,58.30629575431474,22.26401308469534,-78.69814185770673,-45.338711525327376,9.822855874624336,24.19964954910986,434.8720904639762,0
293.2742750993941,659.4421940253443,-13.736005908125252,-0.8018741709227823,59.27816989215343,-156.25400925475824,22.19002121726098,161.94351382693225,-192.2810157940396,-18.18235717497551,258.5819472821087,-223.04949529872133,131.7864016927325,944.1958279581494,-330.93802234179265,49.10205371166298,9.892943086907293,19.981689410894347,-70.30929476064287,-912.9131545270636,-145.9453176436824,-25.623016033773755,-87.6337544999565,-89.24236714891435,-40.401066901816485,-141.7367839748388,-67.8230484981545,1
259.44123564521044,122.28619904175063,-173.2850030097776,-98.1978674796078,10.986044353234169,9.078320465883818,-202.52370852789332,-301.72928689426584,-39.28406545290428,-0.9917431769526106,-195.8882441420331,-82.62682202598234,-27.34813661085797,-430.880600020036,-164.4879598533405,54.75819373494313,100.1542587411405,37.74140217226054,167.227365022839,506.1051466069017,228.89805961188804,-56.78589515494742,80.72043773920575,-345.6225003690379,-13.217403310821473,47.030982781065525,-161.14898099128033,1
136.00218117384276,-52.03301802051293,3.189020961050641,151.78617490908977,-27.3709367988394,-200.45686737061783,111.7243973119331,86.44740943990189,35.832437581481,-2.518555045187828,-179.94507693962078,-35.929939883081616,89.8121899091403,-524.133876334919,321.75288296710767,43.94687540651408,-180.13499534305993,-1.919321086711523,17.889454043511126,40.83487515572686,-41.73237256595694,154.8945221855172,-39.80397058193715,-112.84264887628515,-59.34131296344195,4.70963752464122,52.860651156311626,0
274.1997127646391,542.4220717962077,25.64185253047832,-47.53665016722948,13.200334335358011,-107.72527774541494,-177.23171765569205,146.72909930868678,-138.05559313804773,20.709937839196225,54.91424885469771,344.9270175182735,-43.35030175644725,216.24960115055435,249.5506713082867,-56.2073380264309,102.53254219575622,4.803891272846906,115.27650222922183,-765.8333363104302,40.80007987151754,42.15741158644947,-66.76639509664454,170.61976679431126,-66.36009901798977,4.613363357551515,-66.27813997857015,1
77.5302629122925,-224.44422555293983,-99.17585667103168,132.44500694652152,-29.23389480007036,-308.9173609276351,108.71133529228904,-57.385454171572505,127.25109757520428,-0.3586546816948672,-125.27832168793636,38.28015573190918,0.0535652262104391,563.4071893686287,394.3873451887995,-66.8031118797519,-157.64226238681314,-34.398800009945035,-15.811702757081644,39.40078340887394,129.77830509602614,77.65807845034003,-139.2593819914125,-162.1449476878831,-37.52428628274714,-54.13263551837816,-168.04742408544254,1
254.5611381731989,384.35581446302655,135.64577211224938,-34.86017175493839,27.459925677374063,-225.737291684706,17.65236799039414,163.98517446672292,17.099568435876144,31.76732726778068,48.82432995767033,-100.36765859555598,54.39669733175752,627.3163378098704,-230.757296037274,-20.583004680994463,65.11888355907364,14.678276133442012,229.33933976552728,119.7171878321696,192.32999219189904,-12.2265976897763,-37.957748904827056,-318.34191684185816,-51.91154328577631,-21.483055023755902,50.68945131549057,0
158.01048332131327,-315.6322214818831,-811.2867312453848,35.572793625434976,-10.49469108432464,19.89732639195473,-181.52051876692872,-189.11700591820028,-172.04220008393227,-4.829791953612899,-18.762695911429297,-97.48441402162756,58.70375625450996,-552.9332274210456,455.1578564099418,48.62712702446775,-180.21219033307645,-50.09810408842628,-48.90357162604184,479.2754438958689,-136.30410654022748,98.35652591267674,-18.39170220848552,-194.31013839216408,-0.226558286732913,-29.93346173167278,172.78905846036002,1
84.65328512559546,-37.04081226764242,-35.92799348112672,-99.9860973529961,3.454277666590558,-103.77593296847458,-137.1852476446849,-23.80322236156198,-43.6832025937733,22.721117739224084,103.77901202860149,167.4618692863466,-6.439843106998318,-290.5844867737275,120.22949205207354,55.76524495069233,-273.2302964285624,-23.978647506078868,111.95189633958188,668.3445824015078,-273.7973217000995,-0.3842252487625093,101.24848709440263,-323.22661573006985,18.373045149479285,24.07271711992709,55.40846768815796,0
213.47569054591395,207.73724630744948,-233.80567680869,-40.203650041607546,38.84779685260308,-246.55949641516716,-40.85725669375171,-6.432351610117313,36.73799810579001,6.341325427849472,-29.16561599383277,82.2138827718791,288.66526023811207,-411.775402290731,-210.6575782178178,-26.84338398773758,100.58557770119508,15.887448817979488,-176.9559695697168,-601.2117841529606,87.10396398795721,20.43684261069324,26.426547176469064,-69.32131141847748,37.57072245831606,43.32239943210581,-26.98803266573743,0
-321.6035018122372,149.43109463149682,338.2759261443919,113.86052457149766,10.795394352583903,-86.57474540858519,103.8176778796972,253.143863108112,32.28025547176578,2.7300066285212243,131.87165730685226,-72.24934027454651,-104.90894058015796,7.8168102496141,348.593995934945,6.678388457683671,-126.87941750629372,11.120022960755742,42.81272523928088,128.64764040531088,-90.76851722835964,-9.96846258534464,-26.09646888796544,171.07278595019417,57.66613573378216,-34.385478494685884,-44.93344793378138,0
-345.394623922043,-169.04289594381444,13.925177565623247,-111.69840842229075,-19.36932867414956,141.6990534120114,61.83910687279928,14.295389374346822,32.555989545751686,4.266706643210635,-66.54445534778063,254.3254093092879,66.04206735779776,-33.59212397491102,303.3054402231425,-72.3247490283105,151.06551480639445,27.42716853165392,164.383930757098,35.43397381517647,4.99657561171442,42.13021219613528,59.56165408898988,37.9019092614747,41.48948495167576,-64.38386980962429,-14.347369035791498,0
-9.69919771569718,189.93247624025315,249.82886909075776,43.14403274031996,9.171344149431803,-162.04552424982555,-23.558392849157148,80.80233045403108,46.81206598550012,-12.447443939840774,-12.636680477185156,-112.77426466743056,29.32450624315321,-531.8588771120396,-62.69608421326074,-104.39174502607293,209.69626768010792,-10.565313955178627,-98.06255420898486,-730.0728656109376,-193.2863884184227,45.23152537577999,-17.233949446476934,-99.07503561599717,17.636777957905096,20.63278501753788,121.47544008413406,1
362.68119866720247,-39.284459199604456,-89.46891552231646,-67.36048950965389,-13.983284873347,-87.1210216440137,-60.47034081887558,104.07493066715529,117.53618814690168,20.034457222776677,163.52033187686362,-96.7148099425108,-248.22650177956552,390.0468693791855,313.1980688565255,-18.45437937671233,-13.36574148309577,-19.590614075457864,-175.97379538923636,236.9946513424499,-125.13518462076638,-12.71164027701666,-43.67000223007382,-138.87751367248194,-21.81585660336293,0.5741951203056814,196.60547821449256,0
489.9454735539893,152.06639747950933,25.46903100746745,22.924896489328063,-22.33054877583166,-289.66417067128305,211.08237230104015,-1.3626229457964634,-49.27970620442626,11.199887795493709,-116.62337908513484,-194.3539303662401,-31.119272803014063,747.2522268313029,-416.95729832867465,-87.32468311705799,-155.26057942137646,-23.9320846682184,81.3067250643121,-94.71754802308772,-141.4337391425452,-11.66097871598452,50.91258153799586,-7.111770301257987,-70.02948096800837,16.03643288584383,-254.59018907662684,1
257.60930071764125,359.2118028810247,450.3146294767863,-18.805967031456465,30.096414389030997,6.950061190338447,163.03899326626126,162.4189808278836,-234.12999704998396,3.6647569238981625,153.91652839613877,123.47760783026597,242.66609369585697,-244.72240949811064,-79.11274506463239,-16.361498847354525,21.493356958415557,38.02819613516939,133.9950267823319,116.53135499673922,-98.24001531286564,-13.358073606243604,73.96369224896488,-246.1546141576337,70.82616604925444,19.21426943782497,-192.65664089183696,1
-122.82944256060804,-367.08625992623934,278.3449382740108,-27.58744126281475,-35.51965269074292,193.3404640052555,19.12923315729564,65.90750777804439,-51.45915045256225,-10.734388561757182,-2.3035082972998837,-48.62768805503664,-7.266751249571577,-912.1336895361164,261.13439057699907,-73.1673996637171,175.50224415793005,76.71370110463003,-68.39500683383454,-807.7740717383939,-14.875531244085137,61.24212316746972,2.119113399309008,105.6487846281857,32.496722272844686,-45.40704121399031,199.5480118087441,1
-331.25058943182137,411.7966696624314,157.37830468324017,-10.38244158189497,3.638109104270367,-141.88001763223312,-27.574718671732228,-379.1835991819897,-132.34197673157072,4.865582684010113,-481.61689981648686,82.68123909108587,57.76723006932926,-1120.718229790919,-300.3642555083006,-77.66712392990948,-298.64397965303635,-14.222085364668803,215.78450874806865,1251.784164946388,-10.557920306931258,-41.75981821195115,74.64478906700646,-196.03782238770756,80.05926469030362,52.80773989486666,-271.06079183317416,0
300.0015010601962,102.84789418007006,-272.4692458900517,-1.8362913690592932,57.74714132130447,57.02604391444422,73.62167627132318,32.820322157729954,126.11727608317744,22.911203394111062,341.1722991409786,-304.98466407434387,-75.17706661601086,1611.2297197609391,-421.8298827028973,68.01593042110949,-281.7866351358045,2.426344082980684,49.62208337036374,-2.8547673879560627,-414.2420661949853,-129.0098296731838,35.32044299548952,181.90099772660625,2.7883404340947,-75.50326511213852,-350.42560912525244,1
369.6301727502822,-22.641313802389345,-45.26057118431181,-166.17835354914513,-84.33022807683899,-1.8629238199062603,239.48515517997507,355.9789613814905,-94.32732377179194,-1.86860021798352,-415.99436745814586,-39.02537812971169,-322.44951818196944,557.4164413253877,-114.22539930372892,-9.400870200774486,-70.21955698915474,-6.918364549315188,-42.346723595870735,1692.6750756411393,-45.39579676474215,-15.935393547135773,288.1272213022641,156.89539214695725,2.8494014155943823,-33.07050547176477,50.15284855354719,0
328.47825434614384,574.6747818927448,-241.8093435668508,8.512383873659818,65.75702715699464,4.18932467905783,-98.08692371555468,211.4836034478988,-118.488082139819,30.430707731208564,-33.86212397499773,-79.74782536647137,190.4479287397222,508.6130850739357,-424.3690760767488,-7.796831368594175,-33.517042895764774,-13.727019466196598,94.41521869702846,298.0179986078383,-22.86630199568193,-64.99847949556408,-92.30593978167168,42.7293727127663,-31.174962774594576,-1.3080600954425208,101.96474792560412,0
-401.8924584805792,88.45609184370169,308.01551344096987,90.54153504096904,-11.53763843845175,302.50689179160366,-0.965433058584476,-36.7450974610227,29.649043318057338,-8.26710054034868,-71.36439087365133,39.5997743326261,-61.18133629753056,-411.1306426444928,377.7509740251542,-30.62977003044097,-203.3537331110871,10.312775281182756,176.64550366810346,261.80040419390167,-170.63280728680795,-16.129880784599443,-78.59248024746032,200.01515813442836,-15.693563925904773,30.019089233776057,-146.79359990790246,0
-48.82527517437539,292.5894760017558,-458.2833076754891,-150.86308264435485,-3.044649326345213,202.9378987559473,-90.02353037208988,109.5901413068151,134.57454446101434,25.665694553495957,-170.15132772549012,136.73383232009806,-286.6971022964737,955.6992959643186,-411.3398470308092,-0.5244015465698411,-327.7772065014262,29.54565407068386,61.97200692361021,1321.6155184316497,93.18856375357892,-53.31738103310602,46.668835346629216,-193.0118179876284,-42.91995854985027,-42.74927717153193,164.41258676901543,0
118.08472156542987,168.47857087549912,118.48256675881504,7.97749567429989,3.685941026758619,-15.896115934885117,-64.82315159290216,-12.763853621796468,194.43438771168675,-8.225033287401425,88.04478822677646,67.29724578579139,40.20223796703682,443.3658005669034,-394.8806916679204,42.831591677798855,-63.05348468258643,-0.5509294652925318,114.8693095162102,483.26376082592594,4.428727750210414,16.391144310443956,146.57130685975494,282.9453920686296,20.17319317102831,5.343496380169501,65.02557852719045,1
193.1770830277992,420.5164542735645,373.00507858272834,-2.947910512891206,1.1316604799504135,-168.29177109898782,327.3583827135961,223.47494679548453,19.931119852781293,-1.619721476761025,127.28030138256356,-80.87593750907358,157.58855518579375,807.0827141078297,9.347652566611842,47.199401677816034,24.467041102325407,11.454494033089498,139.89965046343372,1111.1973745294445,149.03266869106417,-48.74558527758586,105.74904692124105,-24.26854457326809,20.566182414552085,-24.116644308128887,-41.86069654509801,1
196.14660337524063,232.86686480273733,0.5902548228864055,-59.12876661630414,-5.1912323269613125,28.380679421391758,206.0441102087902,242.8563322438009,-155.37144450221268,-30.061954598880803,-19.653019147923963,170.55489235476273,-154.40511927606528,530.6119370248559,-77.09404745643666,42.71042589122835,438.5763907325268,44.88332604570109,84.17962868910097,142.04462735948843,-122.39398817453258,14.076305221923471,105.69278116260509,107.10958082885162,82.02005391147472,6.1128761919915,138.45342154939047,0
-35.09328498726249,55.13217663284476,-98.40208800597289,6.01486431267329,-19.63107837562076,240.851470068934,-47.42623734377753,-216.62563747476528,43.6951784494826,-10.993889235104724,-309.69852813805335,200.89295376281623,177.85265921818552,-392.3797575754462,-234.25894073870293,-70.26231704300912,-146.11077518687028,-1.6589278178902078,35.07444229862997,863.7851443069449,-115.78773418453326,-10.874747475912574,59.56961255130649,-262.1905440239424,-57.47540708265523,5.01302028922699,35.05956502055453,0
237.03337087859768,278.0509942362872,-75.65671424863734,23.516762244507905,-1.2169801114543075,-43.428207134099,150.95280238258755,-91.1710506877675,-253.1663959652702,-10.796155038489228,116.2962033717859,-174.6031912847921,-118.51876516704232,-134.2779882260368,-277.0593176927736,17.414280423744408,-175.08347175845424,-33.61183467303411,-287.452235912559,1126.6614842898066,94.69644970453945,-43.487918033135664,46.30177698521911,-553.6944961049655,44.4751570023126,17.632474728738742,56.016912864370966,0
276.03393710155086,-305.7288839306607,190.4636553839368,10.788692407649314,-52.169470926423735,8.486195258834622,63.716642413479775,157.72076104276215,168.4819372402517,-14.409224291768208,99.53969275290342,151.7416044204654,59.91771061261085,580.4212461862747,-174.7000359374997,-129.64363857580904,98.45245491835117,-40.11560614509532,18.7855653395272,-419.75797060229854,53.450619251295926,113.050649102945,116.27314849165784,209.1095530523185,-28.045595368394302,54.25775671206497,33.42470501644297,1
-52.0689407331645,-1.8664328979461209,-257.5730956738321,-2.707036360135169,-9.861002895002365,101.28512328787762,7.110913650577536,-54.7965515149279,-253.3530210105824,-9.253575529097624,83.19156317900138,54.47132335431459,-30.70905502575464,-99.23750903468051,310.5194771091698,113.59866934863746,29.89337705839922,-1.615053060651841,-108.34415116399822,-842.448690823263,251.2835977138176,10.2812540737804,-161.18450087198968,512.2687941364001,-54.92301888082295,58.53014381514553,29.58841649477212,0
-93.00995156681128,-97.76421745527988,219.4329643014341,17.728405058132815,4.190549710216185,-21.92210132002586,0.7623732058206116,137.0951538907452,98.1470246653524,-17.534187023095786,-61.25466984298557,-325.33723460807335,190.1607771179482,-799.7385718247934,84.89681397244468,15.71813712721201,287.0806836617672,-17.095268137380636,-111.72201201301444,-437.0594383404036,177.0418153292922,42.5683841933503,88.82657208336428,42.37239518046838,4.425760162108312,31.386870134247843,-65.24228051540156,1
560.0509770030824,371.70179092331625,134.3113023032366,-129.88224610903066,17.947058273962437,-360.54639409403165,107.33856939396011,297.2250902120987,-21.94280541666868,15.069262767202872,-39.20913165177127,437.5382225863299,83.59513427720908,2248.709168258298,-684.6672163137996,-3.638835837832291,-64.88206160392745,-32.639544163887166,195.420086117737,644.6912712957537,90.12586253905783,-61.59708227399541,-179.13759149287858,-194.1423488852752,-18.96887467347944,28.42256154073677,244.0361066000021,0
125.22953234036191,366.428662275305,544.1978016072552,19.383924273275426,10.33522030339913,-227.53342719538028,39.59580408245794,25.66310422457616,20.71972313366934,-0.3307777176241337,-78.55299831023473,278.6064468421496,75.11401045531547,8.267177673153732,-270.07905512965016,9.121455321592272,46.205741371476506,20.475966685484465,194.1376639753676,-43.10397179634966,-162.26807589236887,6.885168019727344,-55.46808601526858,-52.10046272611259,0.1889885716751342,57.31390507959593,140.93452281088963,1
163.24390830550828,194.41175725713757,246.34552634921155,-89.9777600486488,13.813597094875318,6.343882181515404,-116.32148976492516,-137.08669356386656,-153.82128882828744,12.332404060638458,-138.23354601860524,-230.7035348549072,-230.33677579047588,-691.606057164758,-131.61706177122244,-3.4949256842556977,-14.963302385223416,-25.439690803727995,-25.16522602642697,48.92911995385268,-143.4162787023841,-31.49297364511758,-75.588746213472,-80.86809428002788,45.41937260102745,70.42535561510775,-127.83445789688204,0
-14.42273933762975,6.281153229462707,355.18383295058874,-5.547843743852996,6.330370623854421,139.99848464529327,81.3116015352722,-158.98623507406143,-106.39840249874128,11.18466413090222,197.95212104417396,-53.33359475974163,-28.41011480618643,-632.0098383892011,307.10460522604603,19.63252148990524,-56.12362316361176,41.92242417334478,-135.04772852649495,-523.4374401661402,100.58454082154064,14.562980436377226,-219.73622214454133,-23.649729046310355,32.18298333638476,18.37693219501961,2.684945792499269,0
-351.86291043348626,-361.22978165308376,420.5330551007054,-95.54258368801898,5.564441283184966,-276.9376905294942,26.102309976816397,73.64103452072479,-74.76454830098913,6.496706982629491,47.67507608020957,-290.4403042679324,169.174921722864,-428.83953034491617,-42.9155352337769,-3.538661112897177,-90.07259063256676,23.18249945340512,44.501479679837374,-1526.0252238559567,-80.64871339515571,-18.757145218209896,-64.62658743301927,347.6982921773392,45.89045595648473,-46.53973863047278,-77.0717946262946,1
-86.1939177784401,226.7056763745189,-282.2577008176352,-40.61878681604007,5.049960981023238,-135.0745096341866,268.01449461353144,-50.14709432784768,-41.36852515137591,14.497029975544669,63.08330683210899,-8.802265855901195,110.8000994973609,644.8513968227484,-509.261381975821,-29.52203166046779,295.94297570767463,-4.046906954408806,-9.904282447968836,-764.1747579125125,346.71834762940784,18.591006350520363,59.67898516869798,71.3208767490897,-71.77602638560589,-0.6927879996048567,-22.675983196521464,1
-400.4562108215164,97.72099362198009,64.885184894584,-87.78028827472808,4.7721420440463405,-21.403523486213054,62.92407780260013,48.521078253277146,-25.69082741437225,-12.26447356092812,257.28253808324627,198.03095059080076,-265.2184830055164,230.9545066555208,283.28900971779933,9.196691231857562,-55.47842281456163,15.419533093653351,-227.12312238313763,-1383.071218243477,-200.4404664708441,52.0448109246809,-175.74138785848595,263.15936412038303,59.97925103743321,-17.42449763963002,4.025133223477331,0
-63.0691139866247,-79.67951560949776,-160.25820102463726,25.447787922807613,-2.1453214763228896,40.472859055017885,-14.21018875429052,267.44442922848896,-96.9335201048845,-27.898877504514576,42.16670797363563,207.06358055321948,-222.6202555760726,487.60249229275456,90.37969543743658,37.18169741800307,130.2866339889015,3.436808220163713,-196.856698675418,64.06302378417466,-175.06945009005645,-81.01758600492843,103.78452776371326,283.0040267160616,66.93562232140319,-36.39351134960144,32.55977512309788,0
-74.4065098399748,211.04327552118195,-629.9221377433744,-158.11829636734444,10.3288607948534,158.97448294810852,-2.778274679537659,-28.38128376390938,-88.59484735840279,-13.12251480171929,306.09656149518565,-0.3936371299096297,-239.04521045683677,289.6441188316968,252.6684434217437,34.944439037832595,231.0873946037504,-19.574879714130805,-175.05035114386934,-425.945403432126,-11.755455887960212,21.80943927027393,14.05741765145229,165.3195662229184,48.742197295451184,64.57761626555678,75.79048613916665,0
46.97546748932916,142.41989497158914,-534.2007581343926,54.51070875496325,28.10721187561771,-54.135606567977,89.11046151454299,317.59586631669896,6.806774751355408,22.7643542672852,-44.00207851174661,-198.5190714955777,53.21140341890787,597.6828611557985,134.38697606999432,25.387827260739527,12.282133270230522,12.078817395480026,176.2723157508033,1215.157895884962,36.75262920678596,-46.917523484132914,3.783785028771433,-397.7629377921624,-16.702900975970163,-40.14957125812668,259.308244629569,0
140.63871903174288,309.9606561087943,-258.16616710991553,-93.503660864472,-12.469454993799683,238.0507586730064,-90.11851676500896,-227.50777816769437,-239.1541747889445,18.605295808377008,-120.02409765729617,-22.56674683563613,-88.92203555061306,-575.3643385141131,-289.91173953285187,-70.0207554466883,232.0174914522796,-7.008866068537046,21.14491187013551,-224.57083792087232,-57.68308004566524,92.17995557617782,38.867222253123934,229.03830673369177,-40.28756674335851,-54.663963543309,240.34010335902445,1
309.9425862314371,-86.13714771528215,-398.25628292544377,33.63413200386764,-22.629920343451523,130.29756487695758,214.9065258160818,244.44064941084716,42.49310540446632,2.125172275651924,-106.30741138058616,149.9661458052255,-61.69775629697234,794.0643689822816,81.2859282069933,68.29610015747693,-104.21515246718698,8.791462286137758,14.747223214778703,1803.225514512929,-98.22694909981507,-24.910580864352887,117.5358052028161,-469.0419343828443,-32.3629579741602,-8.925811964306654,160.47159106793208,0
244.77082132174655,-371.4150697709445,-222.9170364939826,16.17441137447977,-2.965216336354395,19.07487362014798,-42.68993837048394,308.53643016937974,-89.14522363832526,-19.053208130426068,121.54864610168616,-287.56162888714323,-55.86824953072048,407.9313087427672,-9.178184830003945,-68.73369968232204,116.88258298801438,19.953651687526488,-25.77747407753152,-887.8090991509033,63.71945617036246,26.070645583608275,63.945963352140666,-27.52855158869352,28.90148968584764,-37.02861489941881,-144.77981110303114,1
169.9772932458429,493.14851383274976,71.65876140009614,-29.974781882795128,-6.880075974384572,-122.60277879059116,-59.50499522012833,-17.303020910312007,53.430587772406,-0.2053971925669007,93.04181828718644,-147.80108772441037,-240.0345487944528,-8.319780494811042,470.8208509406267,7.406147879536139,1.6911290846155336,7.76917434036096,201.05780031278664,1186.7644859884974,-17.98162611613677,5.541628608534176,-99.27547988579104,-429.77180150846806,2.0896782105166,60.86964946720039,368.4280881735464,1
53.21845954506118,-151.09746438497473,-176.866269780754,-33.64373103061265,-17.21670145934266,-235.80966083973183,-69.59357799659156,125.87974609372942,118.50164248037206,41.43042093269423,-325.25075893988924,76.44332892821004,-48.18967725215064,-1497.0567152965014,647.206154846347,25.24078074644528,200.76188947399277,63.659057107726994,-16.334040245195244,-488.6041731260087,62.14661629699897,57.26177893979519,24.811469536012112,120.60796815646974,-32.37755237072014,113.243271479559,150.75771397522996,1
-212.05806818649395,-386.03425134029504,196.7676437301958,86.10810545793075,-14.33205233384216,43.25153133930754,-186.01176677281185,290.2777312247547,-33.695081680604844,-12.318038069004205,-126.30679546422508,-284.5755538306579,-10.262270731886652,-1512.2408270608948,-150.8787106433399,-54.874202018535655,246.07759238731532,9.490541692206463,-99.961785660932,-1161.4918914552973,-152.80454080080358,89.5374674723141,172.1468319197948,88.94534986439814,-6.177268059494835,-5.274549417998877,223.926036636164,1
-46.66494451263822,-178.24879364033484,96.20071966087,-14.184395576740028,-25.17239719869741,-39.040964215487705,16.466294930750298,212.0557226393173,32.08410156753625,-3.4229218840377094,30.602698156371574,121.63780391526954,136.57200745591146,-60.53670200516183,-125.70825452112295,2.4441750093007,-245.58763673351496,2.348194756196678,-9.541999201591508,933.1612390122276,157.73839006948498,2.168444704574203,92.82342110993582,-184.4572406940061,23.28073304545568,27.274735364065616,326.39986593902813,0
-262.31368486645925,116.68923021247733,-82.53610508050191,0.4499871119113239,9.63326709902946,-81.47129227916012,78.73126242826305,287.7627685377759,-17.19892237933369,46.21006043460575,116.90289394907865,153.53651562668065,-165.41842838779007,656.096215151098,165.51032509738027,-18.172462026183,-68.39590890261466,38.949153973849945,332.78236038794694,801.2090181901199,-41.555600730777925,-89.95936200613757,49.745116241724354,45.65295027383387,23.267048592139965,-30.24016415809416,215.51522902653792,0
-25.994976535025764,185.93170997742655,9.338805885965996,-48.270653309186365,5.079225701976794,275.4850212446745,-44.81693289490892,102.97306518160256,-188.23518423471984,-19.497378203151705,173.4089877437087,-317.3866161180757,-155.63103418404765,-447.92250828967207,-221.18882862150477,-56.65401487608031,146.38294569430354,14.68671056545719,-31.28470741739732,-432.7196511920948,-122.54391969949742,-64.69598600178254,45.405589789591104,-186.732391091264,-12.029929418945358,100.28697955526891,132.19339263480637,0
59.01709618762589,230.6344450406071,-159.94821160907046,-65.7136672040017,28.68584631420189,-60.71203766226319,9.097768583168682,304.92372859097145,-133.7419993783201,-5.9167875139910695,326.20807809640183,-343.5564786437115,28.459978085620374,482.9905330812278,106.6230109614294,-42.25640000866776,-24.370584767969028,-25.03495555867692,-151.19068310378134,-644.7436200190663,-195.27341537118184,-100.21017619614014,-5.022414285615007,44.260191337283466,-5.9591654309669,2.1782879691825894,-37.095237058815634,0
-89.28977515062724,-204.15234478300792,298.72094566183966,-39.14004599672595,-41.90041603404421,108.68701639660816,-115.67024754345962,-207.73730920455,-214.15662203600985,8.97852673620979,-31.326585042476356,-138.64707420029188,-95.35145725273992,-1415.6020969899978,145.7846183186621,12.992703273887852,-161.13320606576207,-3.6719488574964494,96.15007403290026,685.5634603449934,52.69886608447102,20.30566852838287,87.40030526617379,-292.0665814368707,-4.362081226813175,29.903443425978228,157.5881462526345,0
239.68728101244227,525.0871632177101,-92.882429127387,33.388632043788974,21.275319656704266,-94.89822593141834,197.9680606700881,34.87479744855437,3.0465253555414806,-17.466265791354658,174.84264393447842,-104.2682633338718,-150.6483386046555,1612.810403443274,-434.70131599816153,-37.0609852810272,-250.7253327579975,-33.567417754274274,11.366155455118909,1298.244630544387,-58.66813308036698,-47.90556080021196,-53.899664448013695,-208.35087704571052,84.97834618572304,-28.846063344217413,-16.497115284566718,0
-76.21183031803773,169.03954837290593,577.1363101533451,-132.94813372261004,13.893621070605118,-299.49041393682427,190.4104215427637,-27.30408294956504,-18.469289528796885,-1.8369689044188064,55.28716433572874,198.8249497547848,185.80684366226728,623.1366405272524,-399.9792318195039,14.4332747919117,13.771249998188791,49.23227228902815,346.9730379382703,-759.5471743047649,-6.940628357059438,-80.65780176290814,-17.316419680116873,-218.24823751136955,-14.102278496179707,67.79049959788492,-243.54650041243076,1
74.61619338680988,-15.692649863978971,-129.09199805716352,-113.61952543521508,-21.253208725600334,-442.9288271656163,-48.83610359765572,-142.69166260767372,-99.96723603251996,-5.667396392807063,12.323716138154204,143.81698026052115,-115.93633784439552,-161.72530337624693,336.03190141443224,-0.5025890626428939,76.68627724739319,3.2211713209681143,-51.90526737574232,-520.4929052483711,-54.16038146815578,-32.46005036418839,88.56372002636877,-121.68628988502678,5.9109624013534505,11.192349757467277,-121.88024589462758,0
-70.4114740333541,241.7053320210788,-245.5357379282307,-100.69111750198168,-21.995775315567208,-42.23916549122287,316.53148075126313,-87.83159881864312,-56.17089922629078,-26.659556079022828,181.3049855316088,24.58407920480864,142.3606978873216,413.38485070176273,201.69798529439328,59.82910405667055,-142.40663672723966,-1.540858401211494,-52.112150073652685,632.1418959439413,79.52359303968994,35.592794270723054,63.27232012763908,12.491620995559714,36.74025661761329,12.056610280149116,15.158825021376355,0
59.79473907118881,-10.457715475185738,-192.90992879842148,-47.83491305216689,13.205954431628545,-138.33002263815834,90.20159001489326,316.0123757735366,44.4086152534519,56.8900680355126,247.92836599917536,-46.34245796264951,-248.90514780792785,1081.5391723681814,-95.36697348415645,-2.931681282674525,126.34490404313144,43.33710119257279,144.96750510865576,50.28223034802124,256.9030596210004,-134.52658227534116,38.32358374684347,41.65689647761194,-33.11487732613817,26.404086617207348,165.41842712393742,0
-21.44699820075825,410.96276341434367,358.018388605394,-68.44428617651187,36.92675650630433,-226.0440117802435,82.06505498054662,221.1632683201168,-197.93493446405236,24.971469904845826,-106.67052309574736,-220.21242129733088,29.53207888493828,-760.6276309215727,-39.47090293891099,27.373097808408303,255.32983943977268,26.25013767640236,-73.32381124937545,-275.6033371766731,51.64551453889591,-12.28777788482511,-23.567264752198284,-255.05367789298444,29.52036100436609,-55.563140035407045,70.36187034020412,1
223.87504802808053,222.14565336477247,319.15972839715016,-5.6565008966112575,44.1891911797995,-373.0229912234061,73.61837906009178,20.600290728087156,-95.67106092275546,5.182790292429838,-179.41599210673868,39.99838415436439,492.2853813023415,-954.5732689767856,-356.6004359010561,-39.0627737288243,43.06693288985844,9.44708498170804,-153.88625535905035,-978.0755660689975,-9.176210006356603,56.56450470351913,-109.84949936540788,131.1204418188624,90.59657510487224,58.19860803317372,-30.351248084409413,0
-95.79959099814296,240.0057567686968,-129.68766033422946,-77.42232245751731,8.94824146563429,-49.32102216134313,85.03216486387726,-38.06001783969513,-117.58187157080305,-22.18078915847276,12.342722513550406,-91.19132605513964,-61.82408416238344,226.54732782205588,85.54317061975122,74.1454910074616,145.40702760822842,-6.627354614960554,-31.948614239008585,196.93230962705147,122.01339237941728,-6.030341720223167,-43.33017120271846,10.814338839075228,50.06598477671306,-7.468327891356267,21.511769073438515,0
140.35677854807906,259.5958896948721,-337.0645964124901,-32.07020631455327,9.227692610919377,-131.22424985194178,79.78879534070153,-64.24132421582351,-84.48162877584254,-30.818885417010037,253.7240914027585,-30.24785232683161,15.984378611703,1234.6627358518235,-224.05783606158855,-6.068596426152894,-84.59318282860829,-35.432598339880414,107.12890050687643,-56.94754189811034,3.966746244293873,-8.88264354290091,26.71959824306279,-136.91437021570815,1.1750221164536034,19.31817557039264,-174.4290901618146,0
325.9902483181997,288.64106696617966,152.3641398154339,-68.18744085256554,2.216938886160632,221.45234865778315,100.08812336516584,186.72464434532523,-81.81813407489706,3.4554353455611984,23.139251262704484,-60.86621428067656,119.56246334974053,649.4800605121428,51.394640937722215,15.35228006256414,21.364921855677924,-5.604539196709064,89.0644853996032,1241.0544689063966,198.6920086122063,-53.42539087972924,109.86481501617683,36.654307104420624,4.958337110350029,-59.24644747873405,-204.72315115348687,1
-233.1846095788609,-137.6687912122112,347.5379081389377,15.86369928795636,-26.323128147197764,25.809311679514177,-194.8257249122107,17.596324824545533,-107.6637983234208,-10.523671530618092,-135.64297761766937,-204.9973955963717,-97.39508255411124,-1356.2532538167588,7.055470987759569,-2.811712269957209,9.01363207170161,45.460155898367184,42.072828179888056,-1355.6671978502836,-172.2698063891056,-8.86629920577097,36.364943549292434,729.8333224478761,-26.521823195692438,58.28259857170804,100.86630911051608,1
58.997514219314176,132.4454970810166,-125.00139509069754,3.6450966334440698,2.6972690369997503,-45.24301666663503,81.67033786100635,4.187490619535157,6.091065411830707,14.03242009432351,-83.06550813552626,-59.851880037788526,85.90409070648052,76.74013278602212,281.00204786944346,34.23860524076187,-334.72846923549264,2.1183749287400118,35.31577157118811,1040.3314736875843,101.6169079948992,-13.148283654216874,-39.321576293099056,-44.17517559672666,20.49290294437948,-16.01268312201658,-131.71556797499193,1
251.13305033474148,279.6338797575248,235.91116296693468,-91.66452435238187,0.013721471684331,81.90178946823805,-84.95505975869011,138.90899783599824,-87.9454555766348,-2.2804037779444752,-224.5701652246757,-335.6761185437568,113.8052584591315,-315.005312507057,107.6213906606202,31.573367306959483,13.465631883762832,-7.939544917315588,93.12118445208456,545.4016279545103,59.879348536318304,22.455624287466023,-24.25136807663449,36.94505381115795,-28.466016866447127,-51.94814122709285,2.8484175601196684,1
-144.366376625324,279.92086205151384,503.5844518608088,52.63682523179463,3.0295340595617404,1.7702247397804651,162.0876375185123,-229.15805197128427,12.793141557789044,-3.6856626107204513,-32.38305422817307,-433.1853507580435,87.60498861649243,-1160.2301309141244,-86.73230675138207,-23.37386716182404,195.9059655790151,13.037296492865329,144.22404577352293,223.1144884269844,192.84795405075047,-7.432976390395432,67.92953093755486,-35.828393009227185,33.378685163183675,108.89899525604255,-133.31396643369973,0
-4.623795752866335,-88.48804355645176,7.45754349449763,-123.6892654617416,0.9961393503082464,140.4077436430522,-30.12598510122548,61.2535870266798,-132.11611975910833,14.300247152533911,-97.3235906536638,-256.6643272506661,179.79205426210996,-686.9845324303362,-79.61428114997318,38.26232240322164,-26.168373075259865,28.215106438424023,62.95371986064416,-367.8416135271697,-76.08303141477398,35.74016567823117,-16.811702845555907,274.3286422481943,-6.5597996801735965,-30.06221010067243,189.767181468627,1
66.3959499338021,-95.2725308977497,-183.1111536213844,-174.57773561772672,-12.580684156264164,65.58890664756512,259.2700433516622,527.424329553181,-164.7043196770012,-6.838761118672752,280.1084585394111,-367.64653761284177,-26.24259517147194,949.7355174702316,-192.7352002697498,-26.3114504420937,-4.1907147555814985,7.953271157422329,-219.621652656422,-820.1670608145083,25.670186536494928,-68.6774077104573,72.20703592953001,87.2326025979606,-28.799959877054068,-1.710621627394694,24.75707934584016,0
-18.036428768029737,47.776579076373245,-92.79623335180196,111.55803241094816,16.575334805910384,84.33713317686039,-131.0647589379781,46.66204977696316,0.4680872628525883,15.847215510877003,183.091812723692,-380.589468056921,-60.84384154103397,-719.5211715373391,146.69975151409062,58.778385905282704,-110.506575590438,4.165222543057043,-164.4234588094605,1037.3305534163192,261.980789576584,-79.18676619540832,112.29798709767054,148.2284902473224,47.29115318981082,-9.511928440781777,161.28580195333873,0
20.18999822856539,-233.3576703755388,150.8274395324069,88.33516312787059,-20.614948983684087,45.68479739787537,-135.90549998243222,72.17716435399524,123.13737191624372,4.470886090786645,55.0556070683621,-20.099306426217083,-26.140535064209782,-291.8247701659564,89.42833906051061,-46.73846807869796,-73.5378018875621,-22.0825232621241,-125.72097463461172,138.9146725028447,-20.46051945818075,9.360264539189505,85.89581709503935,328.8187452703609,3.9792126424268086,-27.260609989619557,104.30042653239538,1
19.709463387036056,-174.19781206525474,315.2398830967347,-5.314579996153479,-0.0831889487660775,-43.26272035469416,-51.738428721157945,-99.64613613492855,-16.352164365673676,36.63643557758649,-323.40328975416696,-163.40254514041928,137.7173907133899,-1079.606953259186,-91.23598546626366,2.1523040920991647,-84.60080093770183,41.90632687668376,153.7715848578318,-344.5448342796988,-6.319351112905292,-39.79328926543454,-85.40788392455195,462.4185208439617,-8.321820917280839,66.9620122507693,2.956437180402797,1
-177.55522960086512,-7.5781649336090755,244.91828040344527,4.450900012554082,-6.2920425882674245,-185.17882267574785,-128.73560771887617,-167.98760468412905,-39.40458569717589,24.49593313955403,176.4972073896953,-36.9692934855585,98.10651144501928,-1144.799546621252,1.844955006838012,-54.34811262615011,65.86071113444943,11.836309078086105,3.290156786468151,-1135.8938376479307,-5.857773790596663,26.198126051569105,117.46456532181024,256.03229130858153,-34.579719055828235,-2.1013692753640463,86.58900307348715,0
216.03040893263824,17.579435444844997,78.216343743893,-5.461665006412577,8.624589385784303,-63.62924473315447,-55.11943792447696,-82.04805656929436,58.724642976469816,21.76969437982711,-56.74030408107188,28.933631963760583,-79.33232482375487,288.4698165611313,-392.2823248903191,-32.384150849601966,11.21716320443614,44.33579242578688,85.0321164329454,-71.73861889319925,238.9736974510361,-56.88249871288591,-54.40721020572222,-168.12500780808045,-28.173667728558737,30.02090783108981,-2.235501804390587,0
27.687354873755588,210.96766383093603,-310.03666094385005,81.35958245443017,43.16043335767231,-475.0992173492724,-59.83602225423533,117.38390705263484,180.59568281349172,33.68775839870021,-58.08461051477013,-213.2053838714272,85.40679104233453,-431.3343934274353,81.14457206043934,-35.543717722257455,443.4392395470989,0.4185995995313483,-124.33964980978573,-231.6745455338741,201.0279331246006,-108.35855999083368,60.6130701222572,-236.28415612661212,-46.40560514579341,61.93265065929241,181.61948029484333,0
186.9414990009029,-50.88584580334479,99.3825356304976,-12.88710540718984,-9.700155251683851,-32.499016485459364,43.05755191620008,267.30050734579044,26.1735642939852,-22.3978659067954,54.5386856507233,36.62507412239288,-210.86720066255737,260.17568616390366,171.90558267183576,58.62216531296215,139.71056643103503,36.38828454807122,-207.0219243458058,-42.49664596558282,27.94976701255612,-1.6241521429781434,-64.818208649893,-46.151466242839575,44.35672467301526,19.714247394053118,233.5479685704821,0
-330.3482665298693,-70.8567584173336,7.627411175060901,-44.66742840267015,-2.269705210988623,-92.09411604291589,68.60368159503986,3.870853882282561,-15.126379287062576,30.944974079309056,-59.34773976018856,-63.69204021066231,176.74516737731412,-595.1058742496958,-184.75952502222583,8.192375188734342,7.913099579448588,86.45785687737333,134.25011507285524,-1281.58426858604,118.5699763274731,24.28780236790718,-67.1460357076164,450.2480195965007,-57.87625998635183,-3.1635606623440324,300.9902387696769,1
251.709766186908,-30.865174246676972,368.4544466327716,51.26160527555852,1.9167052691537316,-46.24379621206733,-14.7557218150615,119.94720211673916,24.503501665756627,21.518107437718548,145.04099446914898,-540.4658743367766,100.6065127463105,-1423.2041495759472,-378.226808103296,-41.18209239780339,271.819371879748,24.826165727825657,-173.03002531367187,-1078.9384667858496,247.93537800640405,150.05433414548742,70.38055476515835,-20.110750492947854,-15.34173871725218,23.955580498542883,336.4315560330158,0
-331.2598920021807,-283.466801086703,-6.846043052072357,21.288589351641257,-5.889526966895808,234.8643115053415,137.03782227453033,-80.84066807037979,-64.07581579136256,6.2611915152488535,132.85842799866435,-423.6930535308393,-7.928047875703571,-295.1553586817845,263.56284421717373,61.28749953432757,-191.89255998010736,-35.24733159156654,-98.10289902830397,278.40299506278404,21.13883537998425,-20.341889841943573,-13.420422860309994,178.79035087208797,14.564756793939182,-45.0077972136932,-168.3892156438803,0
-183.96190438877696,23.00360260007881,110.90666561711046,47.80423845327616,-23.89767875445623,-236.1886876334005,63.50816247206568,66.4305497248891,13.886006783687876,3.6583901048408713,-22.013247694090214,76.73715825475762,96.84291211069888,189.83376662135663,-26.121446387623447,-125.48537192004429,65.11333518701913,27.951729644211422,211.7352665194512,-642.8433199708347,262.5767743178955,46.15111351745194,116.45585833065049,39.910584549081705,-48.09322464244096,-64.1438288787958,-147.68288438947067,1
-18.542136762084542,-136.7846325446196,-137.18142299101984,-113.75023922621062,-24.036948987026804,-180.10741815112533,-96.61157062188214,-130.71693657244347,-191.1127391676742,4.410648393492931,-5.266258503706215,-230.194107754238,44.9034267404594,-1211.346450683502,341.67266697972184,-89.7084890962158,191.90613571690315,42.20680610889316,-44.17778595765874,-685.1888053383965,162.40357346455338,-72.73985371117399,67.93363890143188,-57.61977681826289,-6.116236001235801,64.40423910458045,109.9477660290123,0
-195.03958135779797,26.263834206614085,-25.271674235869774,199.1279214747705,2.0467537932315203,54.44651270221867,-124.91765935146522,209.70091053717604,69.98412012997744,18.63937779959335,4.213485345123164,113.3015635361522,208.4379372888948,-132.25170980458594,496.0871081111319,-10.207965074840269,-535.5094242631417,-26.54579640526956,52.68733971884492,1527.1152490686045,210.9966682618752,-32.176486184000815,58.577948145160846,268.4836066977949,10.566110500866714,-58.96983374910322,-99.50756256783016,1
-197.6445423967666,-331.8185721217852,119.05776777167809,-73.91830872000519,-35.10561239475297,128.54419698697728,-62.960821790093775,141.8768003428752,-49.82348937131623,-1.5749952590915366,209.81118236690665,100.57044709662208,32.68381396954732,-117.87250138252944,289.7273068795206,-35.323598956075045,-176.15129739225853,13.236831363028315,12.271165363168464,526.2267183634457,251.0708160525004,-0.9733900385683992,80.04598508464741,-66.54477720077257,41.29877803428813,-31.6347318559993,187.76931435641697,1
584.9263368784642,108.63983109696332,307.2202398213513,-87.84625490139635,44.31809041626248,-33.26664651283606,94.48797674756167,100.6172690512634,-172.24881902097565,-6.789402655268559,-117.94421444232415,25.150537178431765,373.6575254316948,595.1638835728177,-843.5130733079334,-9.438949153333352,46.85408220459789,-31.210519420115663,-165.96089487215005,-1296.1208832421955,-74.24376738078695,13.752797623888718,-191.5889103292072,356.68375738338653,31.9238893110811,35.7422118514935,-261.51981306343697,0
305.1493997361035,586.2777406567056,111.607655365607,-121.43225629022794,60.96242823048901,165.16674376408463,-72.53414467648636,-138.79707527044198,-173.75150776956863,21.71017397341755,127.3795634370729,-531.0996926280966,-93.0149976412161,-1047.109198484402,-453.5367566611073,38.20876845315342,45.59582123119187,-10.677824025988638,-30.09570545085578,-282.04300967847064,-310.4044532665454,74.67501962756286,74.16672787780564,-363.2323506791994,48.027074827214726,10.651343292593676,-208.3695974221324,0
-73.71205008529407,-74.86318392644559,-41.3676155838536,38.32473654303272,17.818888485389447,-83.79510029425619,-166.080471299981,65.56720887695548,-40.610677141636806,-33.52578549239959,286.0722518004241,-17.15601053261408,-63.23139495301479,492.790704029289,255.3142045196861,-19.2502298461277,-81.74839303337203,-17.737240264157325,-22.87542284164905,-469.3455197562536,-162.66981527014744,-80.91135835377263,-35.47085230556529,-349.2487059295789,4.728143766384584,-7.548290134295069,-157.4666294888244,0
-250.80673474182277,-119.26063471702376,-33.03160736741332,-36.25618975662746,-42.045755490171295,-104.36413560724536,-122.73806636039032,-182.7451627505208,-33.816522862488064,1.8822354177656957,-140.8289337894211,-159.24052491946003,-11.272416444022904,-1147.2233358919896,197.84992676707412,-41.07904663158824,-276.4491545807484,16.932724666409356,72.02941505421161,957.6119864893196,36.219428913122414,-23.36295177889105,108.88478541373208,-74.61842432881646,24.06578566165127,8.532238317560743,289.52040003846105,0
48.01279226630954,-292.16806425532934,-225.2441567797994,44.81039994788508,7.963307071244774,146.42804014924803,-41.85136929170003,-335.5154616489733,-3.977869918242024,-9.27826509669116,107.27112400304046,12.72723333181132,207.37219084686416,-9.02067095997457,-483.5641681914982,19.29447508272674,107.00100830596308,-6.800866701657071,41.9643270485684,43.384126196944415,244.0540505713358,6.445633384123944,-12.373812797563538,-34.18268449484596,12.598129555488171,43.8598286217769,184.02722009806985,1
72.4406009904296,-305.5349811076805,406.72185489454193,43.66325661410996,-48.99569332664622,-166.04747682400398,147.9226045362208,33.29069525606555,140.95607381172132,-7.8628657878892945,-246.23108999130363,154.5776845040421,-8.259476940058898,711.0302730930853,160.79366892532494,28.118949343775803,-289.97744246642014,-53.64889454810391,26.255916378360386,351.0123288555571,-162.2792618332601,77.55862158492518,-85.35115047329562,195.50628934623893,-35.2249480629084,-74.16127593887465,-180.31275130141043,1
57.4951323487625,248.4678933067854,84.18624996530875,-7.782346464036269,19.238231742020385,6.785464569687221,-12.492719585683982,102.2785373611204,57.15486617985878,-1.7880076962761526,-20.357214532128268,31.001842658290848,237.80701572113827,-317.84425919561784,349.67024518815543,43.82172052630234,189.9413185248985,24.42506329336613,28.423096824836232,602.8755750368919,-15.87250056421313,-30.302847854169197,69.3703552092253,11.710658662089958,14.176028871798591,-39.397126476108326,92.93395853275084,1
-229.6514015851551,4.349726875353429,277.165500684914,41.17757926427462,-12.335098916667224,88.66215440585538,198.7526681465188,-198.63076891688544,-216.1178879642393,-3.9270003683229846,90.57472096300415,-8.039867788780803,29.486766395783228,-668.3343352867055,226.6796140132098,18.149724159362822,85.05590548677556,5.579141520333462,-19.016833223515945,-717.2272457161436,-82.8460945055847,93.14578337666222,-123.56358831889798,247.51693914271084,24.77942347886484,-31.502783100303944,35.733489341355224,0
104.92265256580149,154.5114759219283,390.4554909158856,-48.54012647551555,24.86161998658789,1.9816227320038704,0.3665565893406903,337.37686637955744,-6.126834485374118,12.222435766150053,289.01596609801726,64.83210648569491,187.75085132544308,26.22068905710766,139.88202458951065,-23.79920257684676,13.737462192108673,30.753380721197274,59.153544578032914,-349.78210030455745,98.08234549076124,32.43554027380291,35.85939295096322,69.1821515062609,59.38808033974901,-14.093052876803323,-43.64980082094706,1
-55.373910754669225,309.06953884696475,17.905811171048445,104.08827030441724,40.36829256890688,-56.0937845937859,79.24535334914862,240.1919830018756,-147.80195051844615,38.50881577499262,-168.8673044418834,-237.83016493696732,323.03574963652864,-1145.6717909151153,372.8590600864764,-33.71063910151952,169.59503323965745,12.44716023180567,106.18924915910718,14.875532315311418,-77.87230698291248,14.040395689221477,-58.82002702297488,-119.6803806081324,-29.43550455545554,-13.312697583855616,104.68030173398408,0
131.60158673056355,22.163868419116223,-199.3012392343992,61.51894123621807,25.663142837922017,42.630788224836216,-169.58659178065594,150.29125722524068,22.975559767787907,23.211912884555545,212.82383581309665,-17.17164862813274,-230.25832780524425,724.967549250119,-25.417574671604537,-65.83273823434513,46.08935304852123,24.352426480110267,188.93750616327992,-692.6652115001924,-81.144213738711,-95.28600197611766,-58.80114805500406,186.5752476420993,-39.03635281295475,59.06163869359783,-28.682355390934266,1
126.59490165384416,520.9917669019953,47.76590258105482,-61.73874240945137,-27.70448591512728,-120.1232776109051,293.17725165691894,1.8170021178890703,-47.80399964883772,-4.401456169596129,37.16796326632796,-44.83505847409416,-31.57585438341151,831.7515571964683,-7.209981119201479,-4.242585844746801,-248.8687864811552,-33.37350662252668,54.126208287370446,1514.211076847904,179.08069613750342,-27.86695113719068,55.71223027880252,80.4807481552016,18.938164262861847,24.681651510097936,-51.79290981618487,0
-33.92514699361814,276.1385923481528,-177.2443851361854,-14.983172535016934,-17.595022660726283,-213.6408230120791,125.83079330440384,1.191972257894256,-245.3729208424378,-28.481084669374816,-405.5711931957565,-307.5452650064677,-37.6734205170835,-547.4108595479224,128.4207639181652,45.97584841184179,1.7378330935531616,15.474672447465878,86.33429192137807,593.9561382437487,-70.60503910414856,-78.1784013472032,-22.61169343028841,-221.4823817520793,-26.90593587604224,70.76552452841531,69.39733406241297,1
-96.92280693358866,-42.59717572498141,95.85781477731548,-20.93556150907144,-17.157983572502886,-83.32537684240648,84.62788233854616,-170.43417061471968,37.189503587759205,26.423805013903195,186.49026162968948,270.32450843702594,80.54519484369098,-184.2796563125295,408.6510631611631,-32.19628353021824,-153.97115676471836,5.7802847431748905,20.96180937663817,325.4949116669502,55.921921880003616,5.510925633226012,-29.72584322902048,-203.11553707854333,-9.243366339746428,8.695815506260457,64.01821258809156,1
338.40002256211363,396.64542269544097,47.53176962710508,97.10113023998905,7.178427142763086,199.08371730434425,29.258044838342308,178.96654780564907,-3.0707143528390146,8.395580114823728,16.41344943681478,-96.07758260376688,31.63189162382638,-6.421672425358773,-272.98209191377833,-17.58139422288176,51.79449001215757,41.28824970691713,-39.162926631658365,375.0860091585732,70.38971408416046,-29.746666369972168,117.80820587251984,197.5873788936134,-55.28800406809366,-9.648840338283636,71.40980177477967,1
428.0309744678491,238.33199735719535,-77.48609018458309,17.958940246110345,-2.4608623286331115,-219.1020776401589,-5.864573245800073,5.745129493740158,-81.24953391001752,15.147159248205208,-250.8296607904297,199.36101881888908,-157.2107409527952,-194.99769931550952,343.17379367221184,-75.72941358145354,134.33204625516123,15.56315171118933,-127.62639854946816,1077.8876714246308,-34.27048292308086,-129.6712519866757,73.92474423971385,-161.17320636595355,56.994541459953744,19.20760237337544,-141.91274140241603,0
510.8526557582612,113.89588260712684,9.933018541025127,-142.38770494620888,-19.38382202310745,-117.35270285008974,53.30459636708392,177.8350695351278,-140.0820979490483,54.82382482057122,-171.10623684700454,82.60460961102831,-61.01840524549588,31.35790003652989,34.6379128369744,-1.392078687526496,4.511033649401847,22.99021948347185,44.04384010310463,425.4814076596094,-73.29716142444771,-35.1996669806072,188.5464183604371,495.716166133488,-3.996312258666044,-53.45839562016861,-98.28446307610614,0
164.90832478835608,220.52710413865063,10.726597830046869,-97.49148453554037,17.41235161062567,161.94223112724214,-34.73566254638184,-70.76362115547397,50.3514632903731,-5.628881073559627,-251.92162990296904,13.764690373921274,14.03335513955028,257.8192617809834,-434.4326346918366,-20.901405981857987,162.32358750901747,28.739241178321294,-142.69096408529228,68.45875184028247,186.56716659779008,-33.95522008462352,4.8068641853912695,98.11592594666268,19.85183191851912,-66.09892313055448,-184.21783230845912,0
230.996048060874,154.10406361768526,-211.9541651147028,-24.905104727419392,-18.12886286756767,74.70910509310902,49.3069169189482,108.21923840558485,-201.9800479854445,-18.138080985465063,-238.04489816873976,-8.244175563935995,-27.928051368756066,-391.88681673998497,666.3019461872398,148.34325802192,-95.31137977369936,45.028257975643385,-71.27868429455347,1821.0299525659032,219.6943694014241,-45.652761350903134,-62.51929692502896,-217.12191892121143,37.500869852958296,-4.784371211862208,209.3411547814889,0
469.6442511346644,547.1494832222362,141.41870751427058,-88.80708805303398,37.12399432163346,-333.21048887210384,53.04791613707066,167.55639315929744,19.870901416329723,11.55945352281854,-193.40260054393625,-146.21563184711485,277.0172104994673,502.7518966945663,-497.07120270389896,-41.13268197011776,141.49234975651976,-19.110383822655564,-85.60519394356926,-508.1324056331206,192.6214709564886,-10.184227646710564,-118.0624746772342,-22.463066755474003,-50.65169526191893,20.96541768902997,-59.919592002683714,0
-16.17061807937081,33.9730714045873,-5.592046454125839,-1.3859568468233832,-1.1269941142280926,-76.31230862571691,68.17705457848592,194.10157112689853,-86.91495422512841,2.7928750522875823,-120.0392524947935,-107.9714651549617,74.8084270635733,-853.9620884277613,222.9792919567765,43.65978808738689,-152.07712533132658,-6.383954220797706,-93.88591090989736,740.5715721070218,-174.69535943311925,26.24473719717896,131.01292788821945,-221.68336562147357,48.36969009748216,-6.18911342063085,8.26226065151787,0
296.80082386960345,394.0224203299342,-312.311114267627,142.13853216179,38.38500554016011,-78.27770854412151,-28.07036489551578,11.385766430486395,-120.3375568864748,1.068022858105139,255.6808838223901,-476.9804023030427,133.77497724056258,-86.55438612446513,-152.50237387147206,22.95462668462327,-171.71626887841515,-26.54441171199182,-5.627027578763563,263.4818396813435,158.33377406849183,-8.84327499368262,3.1452762406409462,-109.23861262442618,-22.137040359678203,52.86532605608754,-3.5887937735120703,0
77.95313234104782,-61.89605718935478,-458.7140854068056,97.84512594022485,-1.491576106250566,-227.51815777561404,191.65365166248745,462.5851704969653,57.45799655325932,10.812837901166962,-172.39228745481728,-44.60800094450613,-17.24684074123757,1066.8600669128275,352.1132484375054,58.44808160749884,-54.986945485939785,26.39741955957774,104.74235099036756,999.260075235814,119.2156486084562,-39.67626339694731,-141.37924268762953,-479.7686704754874,-71.64857973464284,-31.761919907152283,338.55781655890377,0
-130.17562342911248,318.96610312073767,204.7894659631324,-117.29379321512089,1.6175684827336436,-314.0574137708184,37.65699512773867,173.33389657164005,9.243206326740468,12.479509962853609,-281.9101722154085,246.76547353006217,138.58025379871174,-608.1393363951985,118.29601957174678,-30.489231519503328,-323.16262153750284,-6.397439974447854,-105.81033869549006,181.1612106960801,-152.98483699556547,1.381069827068142,42.174986573488056,-93.01171723209391,30.51239839769712,38.44381984983787,-190.2255837760128,0
-30.85000567235103,-559.6402018254628,122.59389741400568,-24.7661530627419,-21.87815963938272,227.98290780190865,-84.16498453416682,-56.7100973376043,-146.07915906457578,-30.622798701910725,70.23582850500478,-483.4587553817336,181.36825300326,-842.255495462975,-69.28794865272462,-64.57715116332366,68.69495712893675,19.899004978117503,234.4657254299782,-1017.5645505250376,-31.904718355636124,120.81868905928312,-75.14855860562302,259.03526748002406,67.83679854404836,41.6234556430798,221.09789216162812,1
-176.50692380999837,-158.28516074123044,-207.4186939287576,-117.59543402392184,-6.383378305670938,-18.22864645527097,142.87150750885746,106.74476850995744,-156.92497996339037,-0.5376957960264601,408.57486267570965,126.70215947595156,-249.3993575598496,339.95714937679475,126.97338103076112,67.2114959602327,128.11519428022194,15.240274639938391,-195.97915343750896,-1962.1423231747324,-67.37675460290814,57.447583946090205,10.516525146405748,453.8811539909769,17.490531489602173,28.764932544513904,-101.04702516044038,0
-28.773800414967617,40.731578022687856,66.1429065197057,112.39211824955473,21.19234052602276,120.39034635331106,51.151508468988304,151.42086311393444,92.61104465887384,22.001067922055523,-156.40701592033255,-163.1340885961094,69.63847823735468,-341.7606551765574,-274.0750509607844,97.90895910052754,-349.5580799786269,-25.326776332525395,58.90208190315727,834.3851507579491,-293.7652573503033,10.91017935167508,95.67661868675266,321.57141523571966,13.515931556732635,22.55618933217388,-100.77424088738968,1
271.0118192763257,34.3100177853847,282.0258189035912,-6.117958720660055,-0.7161844277497078,-38.65966007494114,130.96684290642008,343.0850167147165,-92.44999572979258,-27.310296510400963,-96.04734694866376,40.35155125216281,-46.01331127412973,549.0598409576241,74.6853189159468,23.45804238101844,324.39075383286433,49.82398387610256,137.53469376102043,-1044.2442421004648,13.2751969845824,42.76091844525665,-146.52406341722494,-80.29719713168171,-25.52408060985328,43.726030953665465,-66.40137587018843,0
-273.35942112061576,-110.21838409584775,-86.47709800199996,-102.73428206757782,30.499860040458064,-204.69598652504024,-61.739807282638,-34.87550036693473,-211.56889338286425,14.0643495141923,-0.6533643793705295,-207.5701812525068,151.6791623151917,-882.2629758525816,-144.1170305767316,-7.427394530167209,289.13110029587625,-1.1468719814576374,-30.383551337482817,-1830.313999780392,-146.5326783358644,57.03630118098669,-42.819732568721605,-62.93466632412567,-5.223669202910042,-53.76017893039517,96.75363332913808,1
171.3725686360117,78.55429970700364,265.82422334729364,-76.49405340010875,5.943149843846939,198.38693943402623,-197.69840143721456,-74.21408991796838,115.67333736148298,-13.119401713095106,-154.7308897727315,-261.06670358860043,310.52576200315644,-1206.4400150744727,-189.3372880877088,7.617438203838541,195.49657873178936,20.406153010720537,193.5964247240437,131.74398579792762,-192.9721764665696,86.16674480304283,214.47132475391535,44.25158965310341,5.455536390241081,-11.506219551279049,66.44857408049839,1
158.51897411776633,39.60270308116235,585.6552568860626,4.546279207839584,-31.004947035891867,-37.18331493452598,45.16367109449638,84.63411623098438,176.4303508320942,-1.0794341073097462,-252.7707320994253,-186.41551223518204,-190.0794079716988,461.0384893288541,-88.60759147701735,57.73927140481484,-46.79777641978115,-17.388974970768864,164.76163692237662,901.44999668489,-205.70092931651936,-39.08326698498824,49.24828357395511,408.6084896202536,-22.61002898330664,-38.29385954093578,-32.83678235988299,1
7.221670144850213,-10.48364033454451,105.32534145426636,-112.24608758729772,5.6008954996701785,46.11863101534389,-128.54826649930547,-76.75625825634046,-178.53751596881654,5.182609167746664,-124.17073462195228,101.41371667019676,-179.34776684254155,-389.8756471882376,-11.236711021551464,-14.27064116996572,-261.27617556451287,-27.444018844052213,-31.9289225224636,737.6902741045078,-246.011183915134,-112.30676584206954,32.31966481099664,-288.8001766664514,75.07913105115918,55.62208019472867,-257.5733521094272,0
41.93957979990337,33.53151276721245,-47.38964338221651,18.251712682726748,-8.303111468913418,-225.77153318034544,-153.40186807331816,-246.96523962502087,45.364281466141584,-3.232689877985747,-145.9624152769576,198.1083229897095,-141.79779413618564,-800.2415822450248,553.089057308458,-54.25645589507661,73.78567218010059,23.65241508779605,-85.29653449097746,170.37847806883096,-50.12318213315206,-68.36778417177156,13.063656054894071,-212.5727977019628,35.86491834799269,55.94131454716145,-144.05480971390998,0
-495.9680690767245,-36.893672057125954,-217.4216495535024,34.20441031094956,7.376863763075946,60.535625027594,-29.53998363656797,-125.84347809871666,-10.670343151843555,7.053869646384044,-77.13589568728187,95.67405836690637,136.46132969242873,-1003.3946514159534,71.62692564639032,55.45706860785145,-349.7530509771722,23.225052914031373,-91.28293920414458,1439.7864177592417,161.84301030295518,-29.96611899895653,120.3105161395773,-345.46414407982326,69.7037138874204,-44.76088648773624,135.81564383367152,1
235.16871704836487,97.11266754727812,186.4710100859072,149.5208880181736,-50.78755472587261,-430.0741582759079,139.948759256337,-91.52441795039992,39.80858796289244,-19.984768708327355,-276.2544131672436,376.6043733549045,-35.60864126248107,1019.1182922425216,168.55859250506325,-0.5849386234383758,-325.0126653733866,-43.54248116503851,128.78003281451277,881.9421373844914,116.31553263732786,77.82940790168914,-52.411411299175,-120.95662311796434,-54.688972427728025,-68.98493186869823,-260.305370741368,1
-214.0836577653356,-307.0305574537895,-192.7598000722029,21.71569699896522,2.860327104952366,64.23894884592298,-157.68938296968253,-478.4011005685413,-4.101273779323699,5.825608661158476,-237.8506499833933,-155.46682681979675,-64.79309370619437,-990.8822417204216,-547.2557296645446,9.159243033427558,84.8380356142943,14.770710954094596,-85.96366981503932,-58.96704367709059,-0.6890046610451357,-48.9302069142425,-9.493579277609996,250.3189329893566,45.45996507956449,10.404086260639437,260.0150937949606,1
-38.88972770087808,329.8078814712295,-145.96008969532318,-83.76270161842547,51.44752270361151,-137.5549234940639,-288.21134242542064,-287.2013061338194,-146.2411500548508,39.03925716323637,-29.923448173000217,59.75156256850018,-18.973015830760623,-1364.683372261869,-126.57997497582326,31.1901698750988,-271.1351723937107,-2.4218420359983623,138.89271383276048,322.8968570280359,-479.7587723695749,-33.53714500604004,223.4162793295129,-302.58047038810486,65.83061008970324,7.920065180805608,-284.1560766037328,0
60.84067764368751,59.70694808105611,-230.60863560413088,-136.87416223995984,-20.522984008012685,77.63312078860304,162.8751160207278,-130.81030598988175,-55.119985885144416,-21.095335603834105,5.673330091468969,-100.2529119714243,126.37933242032108,-30.31963654170196,317.2960111671759,-40.39400987278383,251.6159265348318,-4.97344003280296,41.93084073351659,535.3674452571449,78.79792444773817,-12.30746901419526,81.84165750321283,-159.17155361981554,30.84064295144934,41.92184000013195,-35.54754632173776,0
64.27839362433687,-160.18628012517257,157.19180513273238,95.69074421161838,-32.15443891615136,-173.12056389237435,118.60043532575764,-138.71587094553146,249.5927542786673,3.702677655865627,-73.48903736315236,73.82332232414659,-14.447369596238511,370.9845055259058,222.93486264689489,2.293327436703727,-358.5693611844296,4.827666057456812,100.82643095059908,617.4179965623414,-19.00357327089886,68.04744162939929,-19.28801420945777,148.9070957016746,13.017611237519318,-36.12493655350693,-163.16344776998108,1
-224.8052339201563,-116.22671046109068,405.10381549441394,134.7392554746816,-2.2907244797290094,137.35486361522874,253.00454832415437,-60.16508756927949,-99.78457131763254,10.879803097073308,101.7617573102834,-65.29704551081903,140.30732604092688,-408.2962507659136,-283.7295045695008,-8.813118895366653,-51.344491309201125,-1.8592995005494597,-34.42223864579338,-897.1313870629006,64.12122009006866,60.54920706867052,-69.37496134554985,190.0551436993809,-36.183075816285786,10.06780368013194,-118.68425237572576,0
-53.68374465596061,76.92311712331905,284.10304981551985,-57.84445035841601,-17.43191314754127,200.74595617107568,68.93893935627668,-157.15833282815635,12.234064585637762,-9.947928943281855,-312.6764422259524,-131.72985715401748,-3.901011562272164,-502.28056864732656,-178.90494446288173,63.57669186204145,-127.04057867458611,34.30867721309196,-5.350166792378407,453.8951732988676,-136.98988740637998,1.076803092111652,-57.43296058061701,194.97770604588416,-3.517194141567142,-24.597036508721885,65.68272309899268,1
-13.29141611540356,158.29085129016852,541.6860101971662,5.706881388326555,7.992846424670038,-307.0798000050087,43.70107998511413,-14.015085845298492,115.71697772245156,-3.390802752139169,159.7681243434755,51.27153139270875,39.98963838579054,554.1591873812578,-271.41964136456363,19.853389421934992,-58.37030426684756,-7.032381457166469,119.83647226909106,-893.3562166163101,-93.5624241488749,4.951935051260927,1.198020303694662,260.9336372813995,-15.741107195801613,-3.670368149996112,-189.0174523359807,1
-362.44418584905793,260.9760298742692,31.45671015519741,85.40533258861481,13.24552691432334,378.45264604444657,-227.84825293767423,-129.2673707273867,71.89243356317215,24.61389772130587,-140.3151377824869,-162.88531175142563,-1.4629667986519852,-1853.2755702858317,224.0280501978772,-23.751567353710904,-438.3579981151877,31.485026746246195,-145.63815282260438,1840.8916442758348,25.55591745110579,-34.51252623889031,52.23814325297268,-84.9167425997579,66.86680352750078,-23.637616760730893,233.16333213678683,0
283.1537496255859,173.94539839647155,0.9902579246514676,-61.98538879252104,5.744131615665699,-140.31489813314218,54.3319973689885,310.69768972813824,30.203534339834576,-35.455401119629826,-84.06474243287076,-321.2735767531081,-101.79309628385298,361.85126707021817,-45.06960899586511,90.88820478924649,348.16645934010467,27.62802955861975,23.81268684933921,454.5243216507736,125.36545480925298,-55.61663611501477,101.0451286862099,-40.84738167069087,50.64162960967021,56.68312488514978,95.70272015145645,0
258.9567203209225,-339.26404118609463,-26.531562336839272,-55.97707393017684,-3.614779350123805,279.25707228813764,112.73552832363627,288.84666311072544,-198.0323019588697,1.729659089429237,61.91132698929611,-195.2275303071392,-68.76224807066244,-49.36866826714909,-230.54139055417883,-56.96855073643088,-59.74114402971431,21.275424067872056,-155.13962306730923,-323.5421561709436,66.82608112397246,50.907918663155634,-96.29160024004425,-465.8232463876319,39.41856099022898,35.895255053496896,52.54320939017512,0
34.007558243181734,-207.88450388517552,199.173451798562,-13.80074506104819,-10.154428807937572,-65.35675803555958,-7.87148504703887,324.32628721783624,130.25861579045056,-19.290073438411664,89.56243935299705,-196.41308181316083,155.14477352242247,3.429301042646834,169.94098020400355,74.55760719046319,-191.4528638112326,10.688850697678406,-175.81463017968082,-705.8766930791537,111.27522802430074,66.4422944546739,43.36580990692358,280.4182494147859,-15.452226244400386,-38.6183683690154,-132.1083324236716,1
-138.82619252432443,-201.90375258150863,205.7186664019783,-82.58697493372298,-12.422162730019794,-86.57131106980735,-4.030548085223692,166.11569035426896,-103.07050248908855,37.905647184578754,228.17244078587595,87.3873953702742,-214.89887852814653,-17.22624080940519,-175.98583688695285,13.844986479529965,129.7573044896977,20.07460821833876,100.91634767202557,-851.0956708511453,120.37222335320548,-17.144248442735474,153.6449797933608,222.91962205672996,-15.558671941472332,15.810538593530367,33.11729168640938,0
48.89958828073789,-283.3398451660568,145.04576812780522,42.28158500224232,-42.16474196549177,28.90208596008642,70.81000644681228,254.81097508566583,178.45527561099226,-0.2014668642071861,-85.26740359596639,355.33578919541617,-1.0393762576377874,1022.1434305069472,48.45823399544159,-106.9343301797218,-2.9977618594746307,-30.07193091147194,-103.0833584537936,-28.788898262522306,105.42787573413877,-8.857376460715933,-2.151520913304253,552.1055944148411,-25.220295115511245,-17.654071492323382,-31.136714690362297,1
213.22959877740016,-603.5664621527006,242.34980105168785,78.17757586253046,-32.322512004957616,128.34782964138176,-76.47149814260533,241.2964524523664,31.069026557056556,-2.9804504496198825,-229.51178649618575,-560.2351096565615,43.65627336654024,-1331.7837493890645,162.4112221786242,-25.57301867166844,295.9341031779484,31.66907316497629,-38.26273882773729,-493.0780717672984,-4.38863494450677,84.37057494066995,159.40717614025306,307.8814433610653,10.129951463837196,-43.73080754306123,63.94787848130032,1
338.31230670612666,207.006904527489,-110.17712856409914,-8.226238182554612,30.905832953122683,-35.16600078766259,12.855029509152091,201.2763812694172,-179.38066948477717,-10.018459773197918,414.3642958619103,-81.90475971962367,-167.25269969010498,1593.9695069772845,-12.1355939823897,29.917346105822844,-200.5430049182875,-27.53957117618918,106.95770575972035,582.0125191107434,56.59146505041248,-46.27448739602408,-46.58585671978909,-634.7549709888092,25.724554292734837,-57.637231163716216,-229.78646699246576,0
236.6432131564569,33.47849343832464,72.97896872982793,36.44517387374918,-51.554033885249375,-143.91714947659335,151.07857664514512,-316.9244379645841,-171.2877099335355,-3.140627950769749,-36.43097440621671,-17.003160802233214,-71.77818404011215,-540.4379335929522,26.35492724728808,113.73151899104576,-373.8140513867593,-17.5429091252032,10.116356877289594,1458.7185361781594,-20.84613320600718,78.8959860363226,109.16993290240352,-121.40522836920071,16.37592568243051,-15.50337828288255,129.4827043936677,0
84.30371037601715,136.06154989566087,429.9975883708108,-79.33644010308205,-25.67171677331233,-151.13179092791128,-141.61608657639127,91.47909608490124,139.11623177421123,0.0842973467046892,35.141878900857975,400.9984918781108,118.1625254479796,-234.9823036734167,535.9163128747678,41.787998075406335,-56.82117418335535,-37.873198827948976,-89.20212488148226,502.5540865853731,30.53079101422979,-66.51958997017765,161.86183562168975,199.47715868593667,-49.27918337281583,56.46334990342828,-147.32817112528963,0
422.3555520476589,-33.6359531153375,151.5654226815544,-2.6181601340410525,-1.7998646761148889,-117.04824899576678,36.98516300259399,67.4313222923522,-117.28387925850758,-19.248403212222165,105.3872309730749,-376.17746187531714,38.79364654463208,-247.18752409900452,185.41217093454645,78.43884914684423,316.0010306115654,29.9321684988588,-23.03705548891144,19.231429071611863,183.9961112223448,-21.946576133599773,14.301454074318478,-73.41225937844041,24.87546438988687,12.78925169835821,141.41592775743192,0
129.6092905765116,80.00418328844813,170.92814518557375,137.8716551342157,-9.823234336211335,93.60501653623756,133.66845974686163,-41.51114598320734,84.32959035453933,21.95931208382616,-94.1070249075253,-124.03158320345878,-56.94193402084742,-46.25022874318826,186.14524133342007,-53.78109127066606,192.1924435504088,35.276647332817014,258.22261466676423,1189.0758231592033,134.72339779791545,-1.4543706987884475,95.34704762299496,-250.7802891212097,-9.41191905820915,-63.56637252589235,-50.79000560499825,0
169.6650729127564,-333.7729170112022,423.4970325357047,121.25939526392744,0.0505648460907721,225.67713179265905,5.36128804193097,115.93780640465889,18.345908837484185,28.98099370158519,-581.0710416379932,-346.23373250644585,-200.11836093309967,-605.5405975412505,-55.85399688470096,50.49040967026514,4.190122182651506,4.874537701066508,-140.40594380681526,560.3423168069,135.41822799296708,-67.50112838839902,-193.52471419942717,436.4537490129052,17.946320330659827,-1.280591155480085,-177.53793659747396,1
-131.31684369186976,-256.5396001948398,-230.97903733895296,104.25136512635508,-1.4280012191316676,299.1838021740448,-177.81364875152107,-94.25495349893508,202.2528140886654,5.984720644368594,-158.9521705483729,363.673335143136,56.6355445503221,-358.70214800679025,175.97743227646663,24.83889271023557,-106.87748088996476,-42.64490046761975,23.16372807192578,1881.9539610626389,148.0378807356354,8.886039705841368,106.17624261959494,-201.410782043204,43.11851398819251,37.91929671174948,30.810548810589328,1
157.42361691217073,203.8862201028515,-152.91895586388998,80.89935163281493,5.056781986642292,7.730941324244157,57.29044345739393,-133.59337300757022,37.54568796268046,8.468982497404802,-168.35888941833804,106.66062249076396,120.5982623736002,-400.94011273665,275.61295760910895,23.97355637701637,-15.02196436093374,0.3824251998752617,-1.010518584338552,799.3410217740644,43.65212760744186,29.37976074877147,6.731845112001171,352.7059651269431,47.56647294019863,25.14791157649329,-82.68136100053539,1
138.89411635714146,398.1671134168591,-365.7921560996075,-14.50783305629074,61.20806869196676,56.13936952609927,129.938356122506,324.8217889618353,-48.639101778279965,13.397771152221466,-279.52027501480427,-173.06867570781768,335.08424112108656,341.8875132919691,-7.394318237641641,-34.363839092487176,312.06930446337884,12.555117572794648,-66.40327366892768,482.2349371331028,220.15683670557664,-89.54328735842181,-103.52099097204643,-77.26165622096353,14.391809753722304,-26.75876846195463,-36.60940135282172,0
-131.2771358050195,-78.78753638974088,34.824859304987925,-46.8192427640428,-6.6713404341513565,-41.84397113607977,232.48363104051373,281.3047154711337,-56.81516667789108,-4.8366717139409,85.42580776127674,130.23422384999205,26.805411584103037,1171.8411259109907,-194.8618613403992,40.77702566555037,-106.67115132940336,11.763650791092465,28.82122324866332,-616.267313435066,275.74250383153475,-78.87710609266821,-40.71925361076835,201.41445638410133,-51.24887801874553,63.61824720077276,-237.0799593628668,0
-329.06247981152904,508.9862454126064,436.4412222786583,-0.4014950122211216,-3.941996950460744,-166.2388373825334,136.42872315303188,-81.79210589987119,-33.775058502057405,31.405032362891856,-84.65768425796638,45.77008115827216,116.8438152202534,-1490.1437359771055,227.98129437929293,-23.6100587735253,53.583947173573065,16.659328651595118,-33.55775442249817,579.4169919167852,93.23333209127598,8.459413665406197,74.27534001251,16.289424941240092,16.802458248450087,25.284179764929632,204.9265962984728,0
197.35426565294867,444.75091282714953,-157.6763813895014,107.97972709826992,-0.8389165630120967,-260.91201579657,-115.76314325236072,126.414162297708,-187.4742508345834,-32.91899448077507,-184.2549582518588,-326.1368776197465,-195.9407304868447,14.38564631667458,570.526714487239,74.28417991652682,-205.41069221071572,4.337144623978948,-1.1222890055708206,193.7847997620758,-31.41317281775908,-48.86795255919369,2.22555256707286,-179.14113065574475,-79.1968745415678,-69.47717123463087,-409.4184080879523,1
132.5562786012871,-12.708522837463883,67.91468411191366,54.76584403493574,3.1997896290606067,-182.7908240808948,40.74269761678429,150.31547850814954,-11.341042125286805,23.811458776338327,-27.540928608911432,-38.554690550510735,43.47452474361109,-335.1159942650598,181.52555757864303,-3.823208655334661,138.058556214596,20.865470079856216,-60.42047478950607,-233.99673942793797,45.57728645674607,-13.1818109080872,-9.990387169428216,-14.351492571672516,-29.43257627859973,-6.093505144243366,124.33700862359224,0
-19.059783832057168,449.01301874600745,88.26013189972895,-52.55037652515619,-6.136611907594004,191.31362709042943,55.48313908036271,-44.68720819501718,41.29747526797385,-26.246518421156505,99.89479370828474,-201.96674838108493,53.79415469342635,-383.331268117039,353.1187296705373,54.33766510876516,-193.67917076945437,0.002586203823204,-155.98221235052156,897.0412737191796,35.60784880685631,5.284198665458809,-26.70358726378675,-58.11458359516191,5.601924321540786,28.90429794045334,67.36861859109048,0
6.219405037947243,172.7606871554263,-111.3984900122969,-43.87930012236927,-35.113613106928824,142.03409427811624,240.699658850314,-151.5552925730181,61.41964870799106,-1.6171039740816182,-47.84069504666618,-82.54388496167545,46.93862635695262,-132.16021900939344,219.1321311560362,-66.42241552128266,-8.441574124960168,16.13506743565132,112.36003520065168,1348.2177727374185,58.528390991300185,83.84101646040988,66.64594853633923,-277.76105510425384,29.642178618279974,-26.53295181497439,165.04519861516735,0
-296.1612301565203,-76.47394958683226,110.9577495944274,-20.390038144511063,11.116984866199646,-152.64609562787578,-12.610274963565548,60.557168540460985,-71.97473516108343,-14.790163835961682,-15.655848207248829,87.47963043291192,-111.8355278629418,-233.59473835986788,-265.25457779789895,-16.670022163669913,-54.50725699259205,3.331548646630251,-427.4433027349361,-1469.5669751953933,-114.73808518300416,10.807912976776578,-86.57194191523928,110.7976173517614,41.815683379025,-61.95817648250687,-49.93335698341361,0
-271.77643583475185,30.255917589760653,379.826811250702,-92.39509974584983,-48.63882426424663,116.43102150594854,285.0162215508842,-155.14072119325905,-251.261597217258,-30.141227671968554,28.26452977397309,-221.4638230301596,243.1385287457111,-987.2954488125754,85.73412713990069,-27.32357864004292,-197.0691211490501,11.031613682909914,-24.06990565894401,312.4709335457406,95.75712181526724,109.10105043874968,32.68654794584111,-18.38904276410544,64.81132581588498,-39.53978216823912,104.44489584080075,0
-37.04084694664907,-65.23382129136786,-71.85958809992003,-58.96941427499334,-42.60167613610373,-155.15004854661484,171.63336357631297,179.85547605311024,142.86640744561876,12.639993633899676,-92.14456764726556,120.7756914528502,-261.67342106734617,1100.9518465137314,-155.6255981315532,14.853636100887108,-138.20719958655107,29.008900747216096,77.23593612486448,1236.877014869063,123.02144412737262,-74.38740043497211,85.4588071257936,-101.50927928418884,-21.165400775852785,-29.317224559065508,278.08611189871704,0
92.65043405517424,212.3983022908048,446.54839692902175,-66.96274337989439,-48.98387642499176,-222.6341152123524,87.28637013755463,10.291313190012865,-81.32783808267045,-4.214095200156764,-298.02356890303406,22.33840315916207,-88.70358394036289,-625.5084601784264,9.87573383100241,36.08914042342984,-311.5176913795851,-37.030061932952286,-51.7307616319016,1253.248458590672,177.65811073060885,43.509230281945605,155.47104249551114,-187.50649851392893,11.955710618350896,30.134725480217305,-208.5556902586573,0
108.10917059787982,-143.41342777489632,141.27623444208706,-74.2252793061233,-57.91148831594453,-259.77204128653483,121.9669253153434,-93.34845183284295,4.636360238734381,-32.536905790752954,-96.66446760555728,145.11562788209545,-208.5079319517561,658.467648005441,334.7809583440738,-95.22321202250173,90.5574843432794,-32.45299250099372,-74.70440032069352,496.7637291828814,-72.3042050235919,-75.1769115741612,-11.395149217576524,-155.68115112742458,30.640195516004344,23.40069081044485,-36.5738169240317,0
30.106999935104582,200.74060482306476,275.1216602343951,44.49222163204511,-8.377343620614822,68.49287913159719,-182.80139224328423,247.24434816267677,-13.653827861953532,8.363975149233346,153.44844938497383,24.1874232141226,-53.99393455980202,-784.9913020191464,189.1546992524189,-26.686057863630843,92.85530312784418,66.1005611315051,101.05635344610644,152.70221716817937,184.2615248810156,49.39819709371076,70.00632597745182,205.468509375718,27.935749474241607,6.389746869593193,469.058038278076,1
-88.2372529765356,-558.6077588526911,323.736303560515,-75.61609559205243,-40.529905423029774,81.56400566825808,405.12907670611867,106.65226961389506,-207.95024364378537,-4.978892183475876,154.27862546379708,-286.0311365713532,-33.88566616824263,-295.2417485551932,712.8270443079359,41.91257453685503,34.00487437406045,19.68420549681802,-50.20674349794364,-912.9550013065566,71.5381599442547,40.84037169345685,-159.3722824113978,-109.73115290750624,15.366620360340503,56.95512882931609,-257.52995398385144,0
582.6687603977931,-77.87197596497226,293.7554011348888,-117.50787406980533,-42.26474409819427,5.44972608868671,189.34851614864183,154.56096258368063,-21.612688627520622,-1.8678004374926016,89.98387155803258,6.418108113322058,-147.08942273692853,1348.3346847342946,-236.182051797992,19.379081913209127,-4.5945449916945975,20.583209365539435,1.2373849090175626,73.90003460863272,140.51435114490553,31.251819392525213,-9.43573204789194,124.2616135960406,-26.89075617754825,-65.15956377915046,1.7764516559191024,0
220.1708633235465,5.331271827281044,235.60467837721237,32.867147926359344,-14.05272962960014,-322.3078131928692,167.775856839898,103.34339683534463,-46.226633183327735,5.005391568419087,146.39076661295147,-407.0192165903816,-113.38816689597844,885.3537455940252,-324.83719028366056,-79.77745243707002,-94.43078392398964,-14.517628534744848,104.44607248680694,97.72763798028542,101.77482279967056,-103.3260890618046,105.6719185246508,-414.5905878587763,-52.047486785754096,-21.68909708404348,-241.83240106938237,1
133.203345825735,103.65239616513782,236.34340835283905,164.79612117190374,-8.275103396979443,-481.1281047674572,81.09463970209896,0.6922026643718215,102.68631140964872,7.865017247373014,-4.712839276806161,-75.58413616593458,69.40976963736806,-144.5622091049543,-72.42838519313325,-42.53422698122262,-83.2625024429325,25.00619250755683,88.14003511624892,-249.3993090652141,-137.74487971215126,-29.49864540275512,-1.6989877812911305,217.2505546654945,-18.55134521073005,45.5043048783617,196.11646066465687,1
76.71272950752157,-93.9228878514931,245.9771829707321,-17.1655695626254,-51.47536348061513,-43.77543643194471,-83.85259263567546,55.4203220548255,-40.13939582530085,10.046189094479182,0.8675128899562985,-59.25716795721431,-37.42339871607507,-739.1943411267011,228.85276758588253,-49.71910182546404,-37.22356253875075,-1.9978849185554108,-43.22181801723433,566.003670060175,139.55461253972393,15.643201466200352,129.69939921792633,19.739308457672223,-32.19502552092704,-17.351586154255898,295.6575848900508,0
27.04856326736685,-24.95048974545562,10.325868198397686,36.49158197298008,-17.381516703216867,-39.912889629942185,50.16258657092106,137.9822055469727,202.5380487264423,-11.85775234713926,102.98209596520093,471.7955025110645,250.14637782188743,401.4917089365214,314.25569183591085,-3.0890231044573344,-243.1128609630217,-29.66392685439295,-64.5789809111253,934.617318327102,113.60289985448684,49.31810313489426,112.58739275335888,-132.813586277249,11.33255678156464,16.868992203978927,-82.31290770121981,1
-73.04782771356972,282.84413548614,270.5318407487499,-124.50409587304304,-16.04300744533642,40.81097314945945,50.48890185059362,54.43759740536228,-134.50260915034858,0.1154519856917,-93.22359530637428,-330.33472319059086,191.2615604651241,-1718.4879784690788,417.4571493861379,3.70816753653121,-116.18149569899468,62.85032301061422,-122.2655421275945,416.941255468759,-49.73829753320101,3.3559253311506305,54.743897743873305,-113.8111367548711,21.48189534722133,-7.901438656472358,237.0653104763403,0
49.27182423895482,277.36126952707247,62.1188144824645,158.15424084421832,74.40382406673007,396.0463207170846,-126.24345272379392,72.67873022797579,-134.7011457975867,-5.8929225649081465,82.63620454518296,-400.1580150967285,59.49227891395652,-1619.0584561519024,201.58804436781344,57.41721802599515,269.86285178666293,19.19982733209175,-204.0791419501884,0.9816728935060332,-319.50966110076627,-94.75735458798697,-5.6981680149884895,42.32721790322596,76.3658647670319,83.54495863488498,-23.919417620681845,0
-140.37092747653674,256.5430944404547,-82.70303389266617,8.25719566844219,4.698309322395301,-124.47808297643424,-184.99301527734,-305.6136909237721,43.74366972597743,43.6009418488164,-226.5793359138786,6.895160868296939,-169.8205341887435,-752.2620343448175,210.25061604043407,-60.19027456623154,-125.43528110676934,-16.570109894381133,-89.82092688491491,-170.0844803983857,-48.72528859393272,-2.586033841177451,-51.87268632441376,290.58496167131585,-36.52213648435835,-56.32924223483965,-172.50037427568603,1
-84.2541591597266,136.1312467791931,-26.982850316278707,49.19847539784072,4.657484038455331,-42.05542937654511,29.719645130225448,295.13860794074657,-144.16598526592298,-31.638500562616848,-0.2575003700528882,-86.223461100582,-97.20543758828542,672.4063505618965,111.47003712435313,33.746227346588604,312.72863710231985,-21.162860031964836,85.87823623629954,-955.4260375001032,-66.97154008770866,21.923114659240923,-0.1099738168240449,487.54518439007273,-18.42957162527193,-45.46936578663608,-125.3098204730536,0
219.6381260788724,173.32994752659826,-253.4403650490881,40.76012999989853,1.1572439292829384,31.59599517197661,-9.442099755788009,83.58574434843662,-19.22668087634536,-4.617084523504982,115.4760864528374,-160.08489390920352,-122.32872874419635,134.72815319160745,115.7309903676514,-20.42091317654621,-150.33333128052857,-6.9151354940291725,-82.82488303466036,106.01791703458464,-101.91964772741002,12.779715358456764,-25.2342511574751,46.51730320009747,2.849237054530701,44.2738107341197,25.456546981079946,0
-281.06089673320434,-615.6048455405062,-1.7599281172376475,-62.25044064235452,-51.95525853863032,217.05764698604736,-105.1594349455416,61.58742681509746,30.68761162271693,-12.75785296141114,192.02491985550247,56.090499346993965,-25.13679299518424,-322.9501358409151,460.1423013210041,-37.88959454593443,-136.7836486582871,-5.505737301947885,-277.8812261136988,519.1783997206599,6.186247222454609,-37.84035666179336,67.02844290832626,103.35856989707816,42.19867077540368,-78.73019242231908,384.3726606386858,1
103.381096015439,67.60071230170384,-105.35855398209394,-55.10415307719229,20.17188626277532,-308.6997523418224,37.36326730159842,96.68462705640516,145.56708398082947,3.120421192644197,-130.47721519755598,200.40165683228764,69.91324728258776,1082.56749143025,-177.239419923282,3.320072747117031,170.04320458328428,2.6959969277720583,23.10144033973087,-389.82246243256975,71.53333103047682,-78.86473602221041,-136.48465376612882,-369.7269940732209,-79.28958794080732,22.10091640119559,20.266922305408805,0
284.10977244389227,-171.64101344920243,-82.59875819187117,81.55499652510478,-38.8620654547432,401.93760547755033,91.62174344127064,-1.4525169747377251,-36.633495996121816,3.180028906928788,95.9632154261878,109.79599218408032,-98.90095709795476,476.5494359148169,163.76481584536688,-16.763431559232586,1.8187569237758752,9.989666186798091,197.80002961291936,1028.4763903797257,73.6821256115614,37.0978097411091,158.48754562867833,82.46104633705065,-23.681343821494814,-33.897505335818,-113.9098928863199,0
271.0545987684291,279.5115291068743,296.83036781253287,80.30114224371134,14.67908029730177,-76.8461312548786,-40.147897175316665,70.361248787402,32.70704615697943,1.4395638749705268,-53.44045631355918,-472.6734833342247,-57.10773303872102,-1177.3554460455105,209.77430019728445,70.44105047384609,79.85252287404163,55.80526542400232,-140.75958098694096,157.4941728502063,312.51818971358,34.19162904057207,-110.09572423394062,-131.7390223088021,19.63577159848233,60.714212309402846,184.69477381527855,0
113.57789336610868,319.84134199062964,-55.85515631927804,64.04417360970737,0.6408983837940889,82.62633663897677,-150.49158038172902,-18.52548169847627,-78.32438773416219,20.378506655397807,-47.01003472759098,-72.99038873290877,-116.14400047629802,-540.7581043321595,-527.5152913361901,-85.87168157731924,234.84953048689528,13.120386982937225,23.07343507487693,-823.7334692403615,-118.60157173043456,45.3663580390128,92.4065333294433,416.3453811922284,-77.32942344990126,-9.646157183800549,293.05607553158654,1
-137.0558506742698,260.7992254288687,-32.24303041751121,117.51477694504509,17.14611314218616,267.9071535187473,-74.65008549556212,-21.498288617003208,15.107316717034262,16.94917260932251,104.20107724498972,-58.604187222990966,-105.78702800616078,-334.60163436355026,132.57080426283494,-28.961409283771104,-49.38460578900971,9.36212805045692,-8.701584713674892,-323.6430049135875,104.8202968403128,64.70604771377536,-139.80134217397256,136.13894551204424,-42.38319086273921,4.111822846179038,42.79655746329039,0
-142.64106003672617,-7.290651556108682,6.903326161058548,-157.75800122679345,-12.666061708739356,-40.40585876021369,-55.52595726336045,-58.81852907788823,-245.35732950747663,-24.08434305659984,284.5478314777096,-289.88586152164913,-20.304841751799614,-810.1070092535296,505.5018449817831,102.1243656572799,-172.03675397347757,25.84863316209708,-39.10242297026565,228.99115776993685,101.54582635634236,-6.58737590131346,104.20169984024338,-650.2131278136069,21.041782560730773,-33.04269069292729,-24.485733043351463,0
103.01962165439896,-521.434106804627,77.47840231129628,54.63089144017009,-27.338226522192947,240.9349981000383,16.7317011374621,127.6308357870264,-58.3953659478373,14.952333868670111,220.2240903728081,74.63015332078467,-177.2353451497914,235.99940949993703,95.9308009402857,-95.0636099139148,18.599668568619748,-21.667674298308462,-87.22353904001731,-190.37316993747825,-38.76509339286731,25.144080389912155,61.02369974947192,30.031496773743847,20.9755097818286,-38.00117997536904,-69.77465125960804,0
494.2775823670978,184.153917431945,80.82194429387214,21.700609875863652,-15.443938072948203,49.60755651179623,-194.48567852995708,-4.65896140280897,99.5858497918002,-5.630703432254534,14.809297205443748,-401.0097847441034,-218.11583675762077,694.2922524556873,-220.3871561464809,71.87769406666393,-191.33917044174933,-23.034585686634596,95.25909208965274,554.4895009416537,-45.58189982080096,69.80215056043066,-101.51295983995576,455.0390728929629,-42.60962287459076,-68.46659192512453,313.4852162625755,1
129.4006841966769,156.69124358069308,74.05338243694739,-111.41408743448714,-43.79026439366747,58.416242096416,-119.43956151983194,-188.11885999662485,-7.704946038358917,6.666412291640757,87.5927917996344,-9.485942799920656,-148.94808360716573,-517.5094160793063,101.8771793551232,-63.50326092675282,-167.82204737153114,-7.708857954102524,19.48930533420044,1177.6362207220347,124.61183155479743,-4.854030248986159,271.2806308483369,-372.2988259218969,-16.450387476356543,-3.843028067503493,-51.11264764837297,0
-12.320620523647328,506.3479097596144,-49.46411598477303,-227.7850961796605,25.91302484382317,-39.56139734415506,94.53426491822368,195.4927485241573,-119.75636234120908,18.76668709286148,-160.08495669349546,-31.155481960691727,166.3628628841462,187.4124808547905,-433.22421723940704,-29.09350065263592,177.55474873528053,15.13495019320576,19.313174014367306,913.535054144398,108.03878424495856,-90.5782752679789,116.88829508427244,-55.96239706767937,55.61811526193602,-49.27497401072552,212.1513346448791,0
94.61138514230096,49.53712115453515,63.40223996503685,-9.30856926277017,-14.254472135643104,-32.586822288742624,-7.441109937696148,-217.550542821941,106.4081362842337,-10.745863384754776,50.27114951178709,-51.18709653566445,188.3394827228425,-1.0166194025334845,-280.7947940485689,-84.72753565430128,123.0490505247719,-18.88390348409772,-31.27691324395772,4.157017085710684,-14.395329967421794,30.3063081971793,82.53889548883446,219.5264715771496,3.9554313323953543,-40.23414557455041,175.80252595386008,1
-1.5338448353272531,-211.0320403574173,-461.2440701923582,-16.664741131714273,4.165494029654911,-228.5120888175532,-12.904277154613908,70.195117120676,76.65654450886551,-14.518872920818255,281.3766834763242,-69.04643738878347,0.299474664011387,668.6508919277139,456.4110706454389,-111.85055853459944,61.42048736089293,-7.472075945301249,-255.19109336449597,-1285.1040125356285,-24.14539006330223,-68.15318028964656,-126.3209443985519,24.89368137899178,-4.114094362540983,30.542502230506244,-50.03834167998458,0
-211.23722694693677,137.0078256711949,-292.9902191957284,-15.48488477155075,-11.15467583785405,273.75315936166726,63.54259685202809,200.24566321168297,-72.67866588856224,2.9747089929846484,143.39776157072112,138.55039713691556,-222.6507334135228,478.41068615211736,206.46929642044756,-4.215680555165001,-167.7934265164161,18.959662939225584,0.2618829723523173,223.48230156649552,-65.64710049110982,-7.673793368430722,55.70491915582859,321.0197984131135,7.82246265694148,-17.884835510478105,-18.10037643620708,0
5.604136953497472,148.19998643084418,-9.584584334947056,146.36538698858175,-0.2852504561152544,-40.48721542191321,128.02001287437224,391.38212220351136,-20.80311039892032,31.626974067355995,-145.87722120280276,111.15485893022024,-17.117455269722633,106.77523545257787,643.3512429474735,14.519915927329087,154.86319736968733,6.304234091320662,317.31839527159457,1356.7002652165288,216.6570299058511,23.12422357382589,-5.387958067433573,-559.5262196950337,-60.98810669146191,-9.419060044599942,86.10966861841555,0
184.87177583191945,6.885333154112391,-104.01408921989425,74.40734357869323,-4.187997909697254,134.39695612818204,43.265305755299046,1.6139248825889574,97.39106669444718,3.442469368238384,-149.13440061161404,41.25529690495532,-40.51114883474084,336.7110977553904,40.37754518866786,-78.95315147674381,260.0216329692348,-52.74144779666389,29.13601593957671,-219.97757056595609,-77.03576459418281,62.2930089572282,-61.97770813476889,368.1683621090975,-19.969337043807872,50.57010934341218,-126.40677606281794,1
-39.75208424519403,-230.7310297666432,74.59993043733401,-44.2498907132327,-20.325350111893144,99.0577528033213,172.57841141481836,77.09812753597555,-164.31824737230102,-1.1923410052327692,162.3404793319589,54.335589188584166,-87.47028576727818,-354.8450595096625,213.2997425860808,55.91606491389402,144.2354312099964,19.75149419998442,-129.65142102429672,-785.4265510700758,-84.78262014726573,106.13287706753331,-24.80296155236938,109.0026601611779,29.59763129733992,-17.760179055395298,140.6404880140894,0
332.2629399367243,326.6737793325611,172.04539000075658,70.01015380982798,41.07522381964793,15.264291665834516,-33.42180229012132,176.12118010031196,51.78363398282956,9.240867741658777,-44.14279441673536,-69.35711105978692,29.62819728851052,-237.286773030862,100.06959308946637,5.641472284829181,157.91129122834056,-12.672290355444993,-188.93338245638455,365.5363833596687,-196.7157748170498,-67.16602962574443,-58.290984661746734,64.57332459757113,33.5762907682983,37.633992205402535,25.24568933465457,0
-12.080986061619807,399.7153154373292,-367.44179929051046,-11.839273008164389,45.383764492472686,-22.997841758736875,-77.58981693488676,-61.53789022089926,117.40677581364008,8.263257087103842,-310.2076327122036,-205.54796121581296,347.5046168825238,-857.4828734639303,-158.6983719573421,-113.0407425372474,216.73403160582757,21.624452995108022,-64.46864318893044,686.4188089175733,168.1538230991505,-30.447955304974563,81.62293536947163,-278.0190090838388,43.8846583209194,-12.170628011307407,50.56199761548231,0
-94.10754112175576,167.9893350296946,246.4416073149468,31.286208407949463,-30.92524114568574,169.27806352378562,-65.3897517714523,58.06671798349251,-30.1160114760469,-2.025991029173379,-33.85815589913996,170.951482878321,-217.88702750488685,-508.6695426179087,443.0837936764924,-65.26949856717272,229.5268314329137,1.9081065823073224,-9.902346175577508,-397.2959466948493,50.44823011219343,-9.984804369430028,7.898561560683582,281.9874904739065,-63.567133374667534,82.31007244156038,-45.32211027556718,1
-212.30520455913552,-194.9533126604244,180.3540265580844,-15.785512388804694,1.740346636678276,185.31078671113076,-94.86655689966884,139.40047502655202,188.91462642677612,0.386330435485807,-125.28398098168762,-465.43756729461785,-151.5093801509495,-1497.6446689661625,169.079986751686,-6.002702405174674,26.468345456911784,19.248639143772134,-177.96694901022198,-161.66099622281743,41.31509650189677,58.69476671063445,-14.499462435347038,-264.8808872161022,40.524212858923065,105.08271561924168,61.2415248962929,0
-35.74585024674292,-244.0458854807844,156.3701173387478,-8.005711022288505,-20.76594615808908,14.971280652960532,-50.83580157567027,-5.933692175277474,-173.6078044782166,25.33950057812453,-117.9769725119694,106.68979589536129,-14.80789675238706,-720.4298146909766,-100.60103493872415,-3.487649799375344,-106.01433340007222,5.672248964512949,17.508634786846322,-137.03073671399767,-56.2046067248923,-22.96127397631533,40.59535487502889,50.591470096770834,-35.44157257302236,16.712675861683174,76.8431356569628,1
-94.00498340009013,340.8719250246246,302.4966169082764,79.87693530933785,-1.9969779201928808,215.9422723185729,104.77671212283926,-202.1212240296695,-173.78530797232114,7.214733602123285,-0.2692214290217656,-125.5991299353281,117.85803284071574,-1358.405874280332,290.7474504239336,-14.70812931086465,-3.676805007843533,6.3442276410533545,-57.261192015471686,493.16366351795045,62.577960673191534,72.65384289147214,-91.4998919828404,99.20156560437684,35.40041886377627,1.458885399198376,154.9226204116734,0
200.689367167038,535.3568845838302,-620.7655016330189,131.84680074747055,17.712745515311738,-131.11555409008258,166.46597696174155,166.2725839760784,38.82892281180711,-5.052323777941679,-23.89963653576533,-332.2254156836129,69.6078516961939,489.4665882407402,-489.36884104999336,-26.750535304613216,-409.6647644453416,-30.40214802524485,-139.2202213177374,689.9398923302554,-120.41243624794944,26.494766249106338,72.299345593298,351.325984344598,14.365321113894453,38.39242345315084,79.36709284083233,0
37.78261712265859,-213.68603322325143,111.35963680727242,-40.71900507634163,-6.496422473949809,-300.8872986047829,1.50806358887146,-4.180226027694327,27.53012710295192,-13.415373458816052,6.453851325127533,-169.86943860183882,37.71052771141532,218.8589945758729,154.4300851636801,-6.295158250436691,6.7840376268575,-42.69929016813779,-68.09998670575298,-590.5452004437731,-130.46991290731543,9.193830444699511,-58.87083649802611,76.94928526257304,22.10513755809321,-27.21594248582301,-96.90385503779014,1
111.05291308515886,-28.32143486701728,231.2267407401704,20.160415648646108,-26.383565186030747,-121.08823892672936,-98.42698178907791,-0.7381819648372234,348.423618892384,-7.929158634898378,-4.923275454484127,87.47105583296315,-42.40773336103135,586.0531630851771,-177.44939424112667,10.682413414747217,-23.07198515988909,-40.93983785329348,187.67860726784048,213.2169591052832,-271.23053409842686,66.97089458900194,237.5957134991134,668.442484673087,-3.3304738391592457,-29.304955036484287,-64.30329715996116,1
-320.10086024016306,-105.48007232124776,13.15863151987655,-12.44671489526104,5.867820378596213,-61.584167723614456,-10.167220990916316,-86.03096281230604,72.77191463528351,8.694455613486115,-376.1654268375506,66.99884878133241,108.05163316708273,-404.2178987539419,-229.1832815023681,-82.3496359864294,227.59146957190052,23.288811202275586,-30.697429708713997,-446.1389130425685,102.41166658431776,-44.62189392123967,-89.27815220960618,128.446064665132,0.7639896862389448,-10.868138690588577,106.38826471888376,0
111.57960687852848,277.31635626744065,-73.47496777908118,200.60830786633795,20.82289012881425,592.620822676479,70.27813757355166,120.38812826653906,79.7622371070965,-11.395033933525983,19.92277513364774,-108.30399420213756,-126.04506006062184,-83.82926466671032,376.3981836373405,2.8468867923409604,405.1081869621112,-24.502401091657127,-89.05483188819116,2366.3039731533204,25.00630099746452,-106.74136487478644,-46.58373165638092,-170.42017021891084,55.89621344948805,79.52188435645826,378.74386601008,0
-2.562157303485266,6.619808181882458,-141.50246071966265,-9.942551696867946,-19.113617796510272,-295.28434606543294,-209.74316745066935,-406.6455850052956,-142.65735973980458,33.56758263696443,-137.3966466710105,56.75805446935774,-15.784964365665338,-916.2910929748404,-54.08095018731424,-47.233326297083934,-71.33482424932107,-30.793994638715507,77.65600507680293,1244.4366519964378,23.990506171353605,-87.90876993414983,153.98336525547754,-290.2337415797594,-9.653972509593643,-32.24905530478594,278.26176530886966,0
19.86767368524352,145.39634933599032,-19.81389056705286,126.07349986676716,24.80852145142045,-242.1275828148597,-29.228089344568996,85.78654851562584,-134.63643898578778,-11.069443030422772,-31.2115221347998,-221.4405317281446,-18.785380453423123,-170.97114735826273,-575.5995692241881,-27.091514535027468,-235.04482999587017,-25.925525958275166,72.65407284740303,260.9450678214312,-192.0372368600825,25.39052841307008,52.03008470833824,-416.003030345472,52.95869343793069,3.76869449306618,59.75087463132008,0
49.302705870404246,-246.43582890640897,-324.53690989789646,61.426464392029466,6.448133352939363,187.18042467669108,-85.4664302434215,-140.77119745361549,-56.732894082714445,12.6035609046382,103.83521701769712,-137.9623704368499,-15.859792813805424,-319.19959228336097,-253.82184332850844,32.20312645397491,-267.0149378635486,17.78732670283057,209.4361407676595,1392.8193601523951,-3.434648672450052,-6.441820509844684,36.50776146023191,-438.0969169641429,57.087913034908965,38.63203503080949,364.2062057121575,0
91.5566015398574,251.90257917548143,201.5341866827502,-49.10515578812088,-23.452995466261857,223.87230466986645,44.877046366404,125.85440664156135,-31.17407018667188,-3.7005154964058553,177.65047631959857,137.2667495920102,-261.18436603693925,277.2632259066195,542.1141735632698,-46.934708598919485,20.32044040487325,43.45238379014258,-36.48451792719831,-179.71051290145442,228.42273365643868,-46.68761374982147,-35.70999949854401,-80.44704698128865,-53.2511414935997,63.47830642951347,-280.4437078473345,1
222.0761715107893,-104.24311633694307,-37.964182271498345,-103.65237955822428,-32.88922372716944,-97.42108260447162,106.76987449998956,17.051653263894334,-75.0712879284371,9.19824982212006,221.60792557759245,-109.74234646625256,-57.65504018800394,1168.9746593310747,-110.11251694303954,-83.8065258315394,-113.18516052790662,-27.63258678329511,154.682733215875,-193.4740358463302,75.68260253742756,-4.308457807618556,-0.6377203151955371,-51.38815775741373,-56.67259614009927,-22.63694023471793,-48.044674336304695,1
21.74149198271829,191.4021362769733,49.93511293506377,113.12614597480383,29.90820571968186,-268.4210354813978,-122.9883882502352,225.12439811574308,147.06592602698765,5.583677354435255,41.75775759737428,-38.12831022343894,81.45297490466656,-119.13978776085447,-119.43653558265292,79.01289143874027,-80.15616790016011,-26.703914154598248,130.1076490978935,292.7622465906681,-140.8746251041053,30.34741318478329,198.12110736017823,180.58708345040097,20.621459628546365,11.63174098300478,-29.606998794564877,1
138.45716491193312,109.3136242564968,-127.94403802238509,146.72361499156898,31.028118477257863,-56.16458645669543,-219.09604577921135,-193.45806906641903,36.40748093063444,17.834823128481922,89.18470499294688,199.2292657865092,-38.27879374933126,-183.6820089639172,-24.989983725297563,5.571195224725759,-13.536779352577524,-44.72420852236171,41.29751950855009,1203.327557327205,-158.81534109159873,-82.46838709563988,105.8062217996976,-43.79474773234141,55.87550896941868,19.505243386131387,69.55033874208287,0
319.8429348873008,-92.73030064568404,127.98015705446372,92.12032822487424,24.68326226180517,-24.151787976711717,-152.95664447401907,58.58057089816294,-144.61606797989648,11.418592833909011,219.7656706139432,17.079679732209613,-51.00934190597126,303.29919301488,-16.622680884494173,-64.23121774916928,-107.72214624004816,17.43376003998891,64.95174604820353,-558.8726574891306,-70.57395314490644,-68.18299685306188,-115.22974245128157,-85.01389722154909,11.289020914111283,3.213601607298488,-109.99297267663988,0
58.07305727792893,-214.5450565966333,148.2932768841069,174.56122622828005,-18.98182786000397,-66.49096948279465,20.137987224970217,-143.09123804879252,79.25699573314799,-5.160613365288367,-88.62570610101415,245.04387821540973,90.36752873250454,516.580372788654,210.6745793061346,21.832726774796075,-295.68249865902766,-25.09981891036721,189.8529760552748,522.5655620715277,-104.96393498035856,-84.78334128465656,-12.11931940687689,20.369322516008005,-83.30729855450733,28.954288106637957,-355.9770820737839,1
186.07887168102013,-8.361734493652097,-195.16423470796667,6.046677152490817,10.84617708719282,-84.91240191138107,-16.554846086565355,6.959000510463085,-35.3371085308758,-15.091865242622353,217.42582040313545,-29.328494811039164,301.34891269219816,403.9034802925131,-347.7022791418962,26.792055572930963,-31.82327835007751,-14.432609397422128,150.50277294189465,173.24955008677955,171.72171280455,51.52945745448594,63.66940805333476,-240.7757005051824,-4.661899970699949,16.90920949908339,197.62429652613991,1
-55.45396812200821,2.665692750751475,98.31124561667944,96.90989282995756,-7.4521747941748675,59.89256152265864,-2.0389870602968125,-64.37348592170943,49.21283597521008,-0.1954409332955688,-74.47885219705445,-9.915216495879394,112.66917563642424,-664.2609383287567,571.9247708231725,20.0250461564076,-92.8986847898356,-15.090903375020815,199.75962384434888,666.5850446046758,21.904027373140096,77.78144139672848,-4.856437849529641,-236.6426155163434,-13.7769710615878,37.05158968691107,-169.002362430643,1
-253.62742625152495,-443.58455474944645,-257.7381332564736,34.868152707191335,-52.58835586116773,500.3566202149528,-95.15789019235832,188.63166842745463,-338.2332025366574,-16.455469915400712,-98.56874989061173,-238.5800613836404,-158.69056949058196,-1273.302823127544,169.87100406917375,-114.72855497272285,152.19536114804927,7.346023642548329,-20.84821548443965,-133.4570233848677,18.604018861639364,-5.669133056876347,259.0239852784045,-80.01144437540069,-42.404928321853866,17.60948679728057,1.4569230551609214,1
-74.28050579120378,533.353460419098,311.47833926589027,-172.3325430005431,-21.49595400028234,-34.36529878079182,-118.76935279573468,34.14399958418688,-8.12227296166526,-24.36896755155116,-30.20842165335264,296.83331964081134,-9.648632254841742,28.046265195463757,770.6459495049169,59.84999115120899,-67.94810900238292,-45.24126034776575,-106.5187090920668,652.7408574400409,-234.3617442899345,-94.4600123662312,31.351903143574543,135.9595222487106,-61.92830638191997,-9.90975210347268,-114.03105276518924,0
-214.8350700452605,380.754806528531,-82.16922548802579,-16.554568450324957,-20.791804120677128,-243.6978720289852,-86.90698684117925,-157.53089515150538,36.06729416583398,14.756765159079766,-104.16320759210691,-84.26524746366539,-35.70208830548718,-1166.8507407744714,519.4803883640785,-117.00011786827316,87.5098465516917,-22.79010344183685,-112.38038829792744,394.3817190748263,-39.99240045974384,5.069203613730024,97.63331282501244,-63.36938897838245,-19.62149491784016,-14.470808335051146,176.07673768223034,0
-377.7240812101103,-126.61486180826992,-346.1630926510271,17.937168521877375,9.931915234868558,-204.19306393366807,4.038779224262615,-273.5387504945867,121.60427508700528,-15.360802585227532,125.23691263037716,293.97550173510643,286.4148483376442,-464.59340005949065,214.030533726345,-23.98580747516682,214.46988163079808,-14.632934139139335,-32.23505639988478,-1086.012951456446,-285.3074104975572,3.427854322458201,137.12160950035172,201.93307345131248,3.658736686901417,48.47708408175183,-77.8789550015645,0
-27.081272557692436,378.2825221739346,60.54103715707598,-142.78706072443634,12.40053680148013,220.8203821834635,214.17037967646272,348.24344143950884,24.56162088501664,-29.12743493811912,370.7318213535596,-477.1831240007273,-7.801910822476393,1174.1661037069516,30.535375915611414,40.22340907888265,-33.24887185957718,-72.04902051390688,131.94245382809305,104.37629720767592,-90.80387006731443,35.12004427038478,27.234036522683,-241.2831700040184,-35.449994484855814,58.96592444643034,-233.6121566555132,0
-120.10334518010684,-222.64638749237184,404.2678031223364,20.087143458131653,-22.29550700355038,90.92422100308498,32.1339462858076,228.6410914235417,30.41592430115533,-11.01021850873956,-205.8349609904579,-243.780658643475,129.43802458983052,-793.2796926892753,-331.85748937923205,-31.697472243687173,94.2794800804956,-6.298591700904556,-184.76483798064183,-420.9844937079287,242.3050347627177,70.92100540864261,25.45535846040621,-86.68813751285639,-40.35895402771685,2.567605565676565,132.7406721605232,0
-274.73278452982527,-80.51849704327404,-286.3272567477059,190.17256132377756,-7.5339560850078975,-94.88509552136196,-38.215221161495165,-241.73033830303635,-0.4444733720008214,35.31556827884198,-332.6213040238108,-200.3026822073517,-34.38223134960748,-765.505587684547,-391.8965881745042,-85.96348191217726,-225.13319634205783,-22.69168233517193,-89.96344068082884,419.1423413891442,85.53997289029442,-69.38969669935348,90.75056065716817,577.4219099285485,-8.445186991805567,-22.527301468244158,-25.108403702871158,1
-151.25023009327592,-65.03431691052059,-219.0673029066037,59.24022176710825,-0.0260686324680632,160.11297301413893,-64.93283214173368,-68.38694605828886,42.1747804512009,-1.0035938709429475,-73.59761928933015,-35.12751540554645,72.9853727572517,-453.6374943296756,-242.50490419672295,18.443400135084,-57.90818879749823,-22.01816947067407,-20.941825722355112,1040.4730160742872,51.01191161831888,12.603424358339462,125.30516432378228,35.01165700728281,35.879018669624536,-1.9605591113030645,235.0009343089988,1
-234.0196052764451,226.2579561477273,-42.60279992971336,171.3150428032458,42.822528583745225,196.5137539361497,-183.70868648168224,-151.7743842924,108.3435246953821,5.818452949246146,140.31447906811314,-300.99989816413336,52.1108329373353,-717.5668613392511,140.33348759377304,55.20944393438525,-23.523022843356205,-24.75298156255568,74.09427970057328,264.7122107149904,10.536540948027683,-12.763356173856147,-78.12234282022708,266.0588443809568,-2.6332667319122223,61.811131202719686,102.35732901230963,0
453.6985674805492,45.08559730804053,146.5791514589817,7.543793044720699,-4.015669995080502,-182.52430277242132,104.36246033219236,142.44590552499758,43.64780660766519,20.90044001127244,128.79730219381815,-207.713707956773,54.3331792169102,685.3567428044083,166.17960957359668,-44.425926488198016,-173.66955703871628,-41.6737737967722,32.86460109854443,1021.7911347538052,31.79390408772966,-6.44730131326804,-56.535551903723714,-124.40054011414912,30.75643906943413,-19.277108161289505,52.23626581928895,0
324.6781179005312,339.9781344674561,32.91247013440555,-3.811588774103416,92.31127697073138,-14.534984488559802,-147.22098028455576,-36.24402568977685,-74.61564047685845,-3.141684855102008,-177.29692516534902,-207.2831009805145,211.04249015647892,-496.486849838309,-278.5396679509888,31.626753713276837,105.58080724017672,-19.673126799341667,-47.32597571487111,-141.61596081130077,-354.8747765127497,-119.84996162506624,-100.93843283905385,-272.09338751091417,68.16242425533075,93.99834601717586,-357.2013447239414,0
56.62141160765532,87.7877299913587,256.8523852573011,-109.71894764294896,-6.989538738214409,-183.87477549477907,1.305592263643486,139.25841878156672,-29.50395428665005,30.32574826491042,52.62979606410909,160.0594673253717,-97.10887217553396,689.9173460726724,-167.17258272847883,9.650486293487289,9.4627923160834,-3.8939859616222106,74.01396451522069,-527.7667222704563,144.0300511976145,-4.27881840596386,-137.93626214413587,256.6177429762403,-47.35774443660728,0.7355363823652539,212.89812582747263,0
-405.79969472544514,126.13489631263822,153.99244449291226,6.907466067122181,10.562058738400705,136.649149888559,-89.69097972499178,-2.713142720975412,38.14070116355207,21.030298583823736,-69.63136771388308,140.39911312433938,25.45718023979878,-898.9128299857273,316.35095714078795,-25.206185575232908,-108.90850439707997,25.509740921545635,-82.41912555098662,372.5093199336335,89.42798595493994,-2.2411954629786752,-15.446639315093122,-147.52397159902353,13.815929721128413,-55.52875310182692,20.66338236495682,1
124.52704985251457,15.820798619569931,20.45513589811724,-10.060431271659388,-6.318921131719291,12.30605093294356,-89.17567290757977,-71.7063785509569,-18.47233750825486,-11.915070659621032,18.82404473962326,247.35125990745985,41.19568082159755,79.8956782137173,-108.07181284597203,-3.870447817175881,36.45179525388053,5.701327544807624,73.82948013335005,-105.2174096353488,12.374696107023183,51.4704699492166,97.31404345711364,-65.56787013652372,-3.3126740500831096,-26.182844198161483,-89.64029613317506,0
-74.48544538636938,-126.43898813679516,-24.21420503500504,46.24165214353299,-54.296821772320975,-436.6572436791479,180.02301378102376,-268.96875038837857,54.11380392307007,-17.670999760242683,53.804885235341736,-138.5318585634629,-99.95702734920096,561.8953949174147,-289.56131545520304,17.665285681554828,73.15997969439961,-27.674003492250424,158.37171328501006,-104.5607089219934,158.46600992062747,63.70736691588412,82.54520257302599,-16.704998111318716,-64.2897223489143,-12.402667007890289,224.0997668611855,1
131.86635760806425,162.23349337614462,18.521841253744395,-127.60904128711516,17.921569977176805,-221.96768407160715,26.863299898776777,137.65962877937963,-27.011638985279497,-4.152726341891125,17.368189030497636,-141.0430120595788,125.54353281150372,479.3131617450797,-210.0019790211772,24.017009167773622,207.3555061342028,5.315814608199005,-36.41207048286892,-1004.542653059196,97.46902574553398,-3.374047270960192,-22.006875973572072,-81.03326949766907,-54.58069953393243,-37.43850640536861,-50.92716741386796,0
19.97970594157237,187.9589629340417,-0.1731281454884374,-43.57901485685652,-6.424641758833756,-41.50773167270216,166.83041593997365,-39.93358893079845,-46.45532105585388,23.163919008171383,89.22633634823868,48.58985460964442,137.2115099778975,-205.9361789023904,17.689577964380252,-24.34315137100648,100.1404936138265,45.47187551645885,100.5746316703058,-56.84997499076847,203.16733731095013,28.66632752677926,90.12324390411897,136.74559445985398,-2.533549679949206,-3.5179170158822526,43.09699423939541,1
-284.46964932288483,115.22881521231136,218.328512603059,38.23166539743234,-2.5998897972810577,29.72747049099349,205.5367250244783,133.08125655215252,-21.596396960253013,24.47609306472693,-52.489589308352336,217.3214038902864,69.1833127124621,-535.7075842917686,-257.20658751083033,-30.353283157289496,-179.6373860678629,16.941978792861732,-131.22319753104506,288.40096782937053,182.18614389260347,76.4077338681681,-18.082334906877595,-205.8178855829007,24.50356085915089,8.610099559061078,174.3979694332203,0
-177.96764770603426,-696.1985142900302,-280.52627786837394,157.25751322130316,-60.59024516563147,-21.110774665731437,1.0563929735523374,82.78549642842935,28.29037755114233,-8.632992539103004,58.16273628170562,-56.88172023350657,64.68010191043247,-480.3997436015318,739.4891337665896,-44.257913575718575,-464.161160859693,-31.146675360151484,-32.94092528211995,1520.3138164480777,144.82987139319198,30.76471973372226,136.55380047976354,-133.5618944341545,57.93043887641195,-18.080818880200347,89.43280373401662,1
-219.9743516978377,-150.92016831040434,0.3378911614718221,37.41147950568932,-12.358835455191018,-179.68757547054005,44.46601246855371,8.018880766749616,147.52068920844258,38.96153266705936,1.2512256892374207,26.64438974478797,-185.86778843779524,-283.0017968079784,30.16764813052173,-16.876928583604908,16.92859673803814,19.51256325470628,105.50416741495005,1332.2247191426916,105.79243150797777,-92.90379436040918,153.67766476779124,-207.1791970547929,49.47318628848599,39.14774181216869,311.3716368169909,0
18.177547175127543,-138.4996158622896,-208.19713496329769,-32.800739300949935,-39.52174661861448,133.87123050090787,-47.999836106236245,-183.3138870146861,21.60533569423672,7.631426694387042,-324.31034651675424,63.272802181770885,-54.87589255323182,443.6852828952209,-369.60301518314566,-14.86279836101158,-246.1308505143796,-50.08544863437342,-4.0521237257695,808.0052083299464,-13.564138594348782,12.582940986688817,-61.46583210206815,642.3601012622582,-22.6919372706044,-41.34601228026308,226.07863821042983,1
-438.064841520128,6.421756515277407,-35.76899885186751,75.035851055107,-14.774146693248223,173.78367030932344,68.33158793454612,16.010765436517758,61.270593346035085,10.254575076865116,16.175055975859152,111.51963569804334,-43.57694636436199,-391.8397097804507,4.277729426699864,1.3755356967885142,-280.0579498153581,0.4360283157899334,-37.335374164716505,939.361437285208,102.94285330948556,-43.56595733612155,114.99304678136686,93.08442461212914,6.70811854130716,46.563482399264544,52.22606657252995,0
174.40220368841918,105.72735940076667,-193.47915315005176,-45.94128512033108,33.06796050014373,95.37518156767776,136.6353794942094,261.6465278170937,-162.68078581229972,3.579719575958141,122.8208078232664,57.296957968511016,280.8863664133762,678.0710846123034,-112.78729235575788,55.47866773634805,20.32740161503503,-21.77455266852231,4.841073812659211,-1269.932064358261,-229.46305725007625,18.485428534709524,-79.92241555107815,236.2565939029792,-82.33818302787546,22.70889103724576,-203.95688448868785,0
-71.32275827366323,4.659083893782232,-229.4111522397684,-92.6950776676628,2.0676561985850497,60.63951003230352,-62.65345145999367,-204.8995422742697,-149.85918270853898,-9.674912342478406,43.7345993622388,-233.68881824872156,159.76820046686402,-479.16875446277874,30.36736740072824,62.27613047770003,-230.5910485023987,9.640525854839712,117.37020200279098,790.7708027185907,-8.462804613464447,31.655519961295894,1.6620333737727575,-255.30295880671423,46.55499365928072,-54.43828201484517,226.10402216028967,1
184.93708158811103,171.7892752360106,279.90346222045395,-147.4823135248103,-58.87499565546639,-224.32746202669972,130.18790980964846,36.654497226760114,-193.189023595214,-13.787723178253366,-167.2756477478432,227.4559348608079,-319.3149008845544,995.941147908714,-124.00475029569732,-24.529328522754163,-349.7700768651964,-10.586897532479494,101.40252599361284,1808.2322011956785,-163.0219390431496,-93.1956114408017,156.09683100163372,-147.49788424267612,67.24219291725716,-91.3149020590992,-53.9027755070704,0
-45.45327836200054,198.2369143856145,18.24022700271712,90.54353233444373,26.568075261561468,91.49521872230532,29.14039416841589,-55.47628364773446,-19.23411013852696,5.05506405112374,-98.95072574030266,27.760147084571788,124.0523780574644,-37.142869269986015,140.91186569517367,23.223961950598262,143.8642546789606,32.022842156928206,142.26120375996263,121.53983102423538,149.99924693193282,-15.071021918675935,-90.38961843427202,251.66702053063472,12.920664105567958,-26.701207167998632,-87.57181236229867,1
285.46360934386865,-32.837150088914186,322.94231106593355,-95.97016694252432,-16.8691476750223,-273.6875907027978,-192.12839709182225,44.19649354619701,-70.3968437076012,5.657303592105087,-10.242228871231353,97.53900476035795,-257.7805731938668,57.74469596995474,389.3365666018025,-52.95675791721796,-80.53696570049412,-20.570874390649145,-51.99719120849456,-453.8549716224366,-178.74845886246578,-79.56922619427998,-9.520165305844415,-76.62441711070598,-9.443091600847556,18.83427856899684,-327.948976033974,0
171.73455882427166,133.6197607891376,10.298995770733605,-104.4053752144917,-11.778677856921954,-213.72841192450596,-60.62226645579906,109.52940823890889,148.76040987664848,11.910669978844046,149.73584864509596,402.5310902055493,-0.1057908978622161,354.44471216591995,236.04141958565108,-66.34264017115946,112.74247493568878,-25.63785050715717,-92.75423519687772,97.2772565107879,51.79787208486039,25.34986053562217,190.372090679093,-196.85782859600764,-6.199232817659687,-10.43243393992034,-104.83428932077754,1
180.54596832275016,239.62103876478892,-492.4237952862465,94.529066260112,43.36323338486517,182.48224820568373,338.97149134620685,79.66776073408107,5.260015664315182,-14.69820661623281,501.3021545162976,-248.4186796202687,257.2898659099917,1196.7575182365088,155.62771094044825,115.18611974870812,-105.3815680160684,-51.21713555131856,77.49151368399959,1115.7609537861445,-8.253480413303107,97.06150987900504,-42.2301088446776,-442.4346714877668,37.49452625557973,-24.11885033932994,2.3654170022889707,0
-102.98406711216714,-243.31144688018523,307.870697206792,36.251109252350126,11.659963360710057,-314.8701332604924,117.7923317319613,173.52291423899285,-70.70238427945856,32.720304302227404,-68.60628370879262,-172.8987786490854,164.83963703335291,-544.181879770643,-283.1055171845452,-101.5649257190662,-110.567355725035,32.66195026292201,-4.887428519363744,-1522.6436074213311,-138.79986434458084,-67.96333817832769,26.78050142443224,-78.66398788709574,-43.7935733835499,26.83949047494484,-281.63444717957066,1
124.34604011583836,220.60017981026596,-81.02687671801563,53.84129290682398,32.86910337723042,-32.3871686342673,-140.39262423123265,290.69016410699413,-52.99984830021322,-9.710551646513627,-49.532584984990486,-231.9878733419292,-93.04602982277798,368.3068121080476,59.253725614843,-9.562910221929595,227.32572635423932,-7.662152168742968,3.814731266036035,-508.774232533147,-26.824623734293024,-45.83342176391576,-100.81967738439516,168.9282897377144,-15.05377202428428,-11.2711480607822,6.797115720484184,1
-24.346872864082755,315.98895041448327,-494.1767780023844,86.5168604222097,28.77891995826952,-253.54117354581305,-40.2562555868961,270.4996513783071,57.97606499366248,-21.616263007366054,144.6921960453454,-138.5579423303863,-22.99565397084564,1433.2214222990665,-313.29958887870583,-29.88816376923293,-411.6772125799106,-23.32300081669993,158.36272988763696,229.98136193257085,-186.7581544230189,-29.84228487980865,60.44067447941211,42.22389307303399,14.41329351972882,-33.187035858961345,-94.2545561266197,0
6.189978153217068,34.787012218979385,539.1022536466598,-39.93623239189537,-16.823460863745595,29.25445981234625,-13.043448060622278,437.5055148214334,-115.48152465616866,7.772149887180048,-224.200486477848,602.5180802128185,-129.8484179676108,206.29530119813876,381.5839502147044,-84.26700985715752,209.1690936361892,-48.92259393519016,-106.16492855723804,769.7399396225435,-129.72166348173224,-95.9427461398656,32.74444864191921,53.97813423791857,49.02398499647355,-0.6295464575599361,-75.97873311998838,0
104.8137778108158,120.01894659293696,480.8876626123064,30.692079879346817,3.926767540305998,208.48264083942672,-125.59396492363332,157.3934241861044,84.93897583803711,18.21162059336476,-153.59063662979514,-406.038362560508,-117.57355421506573,-591.8792595216158,102.62695410410625,-54.29849612599733,-57.0128440992605,-7.856567005539068,36.014743924151645,842.1004776390546,4.179627830527509,14.443427120521584,-66.47410144390886,14.519280530837332,30.91541304528176,-33.943272372952244,66.61452697059326,1
-114.96059280682783,131.78719942718996,-27.136930445187208,-44.40361673110601,-8.743605996881,-240.0000819215743,55.86841394354183,-36.23741549909638,68.66624106878245,-5.2729813737453535,-107.49526951233142,514.7458129398735,137.31654957613802,-16.99942512131967,427.3937654719468,16.67068678035256,-9.569843500549576,13.81440744783081,-265.4482492555086,-811.2675864902093,-91.21454613315724,36.86689236370191,-58.86561285793911,382.7091025447977,-11.555889590768889,-56.57311456154636,-103.9576273861993,1
60.27869301022636,480.0585283337911,17.780198110286854,-51.71240694347672,-4.075635388734163,-129.39947475533194,192.8570247769502,94.80487065918112,-84.4916681241673,8.896486817640007,-128.08368932014983,137.5069721078041,57.54728432644324,-248.64479463616905,229.79683282482335,-70.14116086123585,227.59725520420696,35.80881263567567,111.17261071241336,-232.5920808056782,-3.935567910496668,86.28903702632302,90.85670481350456,-121.58340496308742,-10.124988415286166,-26.456448518610276,-161.85928444369733,1
-146.7432140021458,-4.273857970905338,-97.02756391791232,-36.61628727146194,-21.298092409643232,-81.30784241032154,212.43774381472295,282.4999944838138,101.42102322210708,-11.50802483065802,224.39420265535543,-433.9986465325398,-192.3478488147484,549.6816738212848,259.67159159272165,-20.19067684548065,-288.0272754670283,-28.86663609241219,-258.3690975205665,249.07616169096835,-198.6864245343293,-27.16686861860066,-57.53794383400826,-37.103959818763165,13.43441369687948,6.239468960937415,191.6447469943231,0
48.01521847344472,-200.24475439529792,-276.0594194452927,-106.30454272876383,-53.035588462795936,-311.4554878985905,-104.45375030463347,165.95940579320722,-98.7877496137588,-14.083207657616654,-99.37377779383888,-132.80761531047364,-151.49023617677793,315.37893121997456,139.51371032472363,-101.95568856991376,-103.9961066741959,-29.6602092374608,-35.86618739464865,-584.7361125308623,-100.75736903333892,-77.74495313223252,141.94426508025944,238.31810828662097,-64.80623409478711,19.8065701291662,-78.46914567999974,0
-13.94776580259518,130.7944464929338,34.557734933596066,35.08497804586446,-0.3697167998834987,-93.55650866674144,-31.463105167669813,109.70605953194836,-43.31121084876162,9.36450608372011,159.0906343604912,-188.5826970426416,-39.500399468719046,-313.9425574428326,52.68750768530104,-15.48348092996874,208.9333630958084,19.213047778285038,-50.91124997491652,-389.60028305409344,85.08967485997509,3.4545153899564367,107.03143747202016,24.138908283768284,-37.97098449837407,-63.52375673663082,188.53797738016627,1
92.50997754018752,-325.2296203230666,-174.8766373418703,-5.305253974527721,-50.320674154598045,-120.16064991489756,192.64372683709425,298.69246004312777,-20.29019044731633,-12.650132787798848,-325.60423115752855,-358.6239135538461,-2.987441682501238,-492.6004061327753,-178.09511459168883,-56.63392814181305,94.6549434956579,-3.3834810613365573,-56.75748494084907,23.69410785276197,-136.88455108689806,46.54763080173056,186.40436604127672,28.215329201993555,-14.538798088871776,53.78320324389278,177.94112462000064,0
194.51646313571607,54.63223337880552,-36.70719782889646,159.8408210800474,-11.484478064578568,260.3030679156219,-155.8398287891897,-188.8209654969386,-14.022177108755423,13.598847832193112,159.9412409243931,146.66594773912195,-39.93915554189154,-740.5562879508709,197.69061491390164,-45.07495950670639,-27.017296119440157,11.41459506612,161.36851199094662,1151.3451725537852,-106.47707066935064,19.419812984585874,267.9488819702524,-81.86133456865683,7.51730269005415,-20.47392701094885,-4.692679652115082,0
239.55412667168508,-49.4952597717712,-15.156951454618092,-103.4454659015476,-35.73867096790961,0.8299679650392058,26.01791913354797,-28.605333066855643,133.62262889805024,-15.733309560974272,45.64597081609787,335.24015730412776,-131.04402157218797,1740.7080898323245,-368.4667672465637,-3.1561112764306483,-184.92739816569056,-13.2165019654523,104.973701081836,713.3592017541322,-41.896871888597616,-30.419384424507847,18.91246294738613,-43.3802235248512,-37.418747378313846,-36.51511089482631,88.5159596118663,0
116.45177067784309,415.8177354187183,-129.653563661038,-24.55250190274205,28.619915834511968,-89.04941274569616,-232.2247152249703,49.14689056639669,-2.114222583969251,-16.581195710762948,-10.232411062645069,-370.9236945770122,118.48255791688646,-1010.6882683545896,264.8561640749565,49.56571775445615,45.444771310417366,27.68919630247534,-19.284732811529057,-31.350242406698392,-60.913441407205866,-7.341619903014689,64.79649146475643,0.1356152507431343,3.831508063835491,26.35130952453585,97.3793724258263,1
-51.06153122765049,-155.88913824747976,128.93602306989163,-45.946979045597146,-9.191031950064655,-15.442211466698042,-1.8106205705515328,26.074032261980115,174.75421431894455,-27.347386442730503,181.65910096895556,-105.33578498606084,-232.9454462356768,335.74244430389393,-118.13157360432268,44.797321686322135,62.95946104210248,23.012644575007727,-165.29746293379455,-488.6625906535492,-16.808475108193374,16.809648591104683,-78.78933034516561,12.987793881654849,42.39487969255326,29.421832090170163,257.13679756014875,0
87.5414366090629,-39.67347744654727,-470.9187332364051,-9.537923330732182,2.4618983686569877,66.36007157801701,-98.98639040300094,-249.4624182294509,-7.57463636405379,5.100573006386984,-112.24182191632885,-4.984866149805871,-6.927726975481544,-462.39727133673335,183.3746813415849,44.71039587016895,62.65715984510141,-15.0321919925919,-60.89171301628088,570.6865825046166,-38.2896185157456,81.70411642995609,-18.18345111488142,-192.6861505469375,11.82100277144334,-51.33410987867318,177.71780714115107,1
-173.40480223872606,-32.14875409543674,298.4477507066408,7.343042941764692,-16.812814354314238,-169.36962963551366,-168.37379215002832,-86.88584664564692,-69.26305559252327,-2.1589940855618206,-225.12836954058565,-127.65623500784932,14.697728027569177,-1868.9067266943805,480.0832585054909,53.64612541513655,-108.0300153161239,-0.7836278124291194,93.7670305841208,139.5200240439715,-101.10665281556744,35.9805554349922,118.83513440701788,-248.72006577309324,-7.240743974308244,69.34682187532763,-142.8724689787454,0
514.3876219584691,355.4221540117832,45.119877528672326,180.4316899924357,-1.2812887118820804,-76.78977114247208,-52.0564655403108,248.89114115719283,-197.9300899711672,-21.186080642618265,-98.7150287134979,-224.3967817487539,-153.15376279553766,64.52457285495281,141.8124384242478,-24.38409537212938,271.7370938475045,26.597364847279252,152.3942076525324,534.6384411184889,-126.19991791263666,22.497315346688268,20.01597854178695,121.81541881063684,23.573882975374136,-68.78129959814913,247.61553154263532,1
97.71085033456488,-187.42335790559437,-13.72555447892961,-27.246612615211458,11.77344860263532,-169.2829876926585,-24.67769952625096,147.9482357453219,-16.661147481575625,9.71905476451708,-7.472793974952243,-301.92185383619847,25.12823955434672,63.24411018662453,-797.9376608137924,-53.14858002157942,135.83160511873916,-31.51508757697759,-44.26830396117807,-1708.124963134002,-52.70369071248366,54.32006104901605,13.327916210949072,173.2258985835614,-46.44762736761955,52.09481363435638,34.46919421893888,1
397.1783785367361,55.703831146087495,485.3504201421437,-45.51447033454857,-1.051284388517658,-193.62998307523048,-96.41894701772212,68.8754961864851,-15.17655176667173,23.163885661085107,-253.7043206079109,81.50695773417254,-123.59704198472063,-183.4653550167949,157.24418203494545,5.997634096703624,-70.99986807457799,-10.193484947655282,228.92034318014788,917.6128385210004,-57.16088082593343,46.02214006880956,47.15283247294162,-306.39349103571294,63.67149412832531,-34.1719788173607,-301.6879282350199,0
115.42163144735606,118.21809110221156,-70.20418060878322,-37.96632147785459,9.756174537087343,-55.138632733004215,121.85469909096688,204.3731853724172,-42.62781120555707,-10.229488985713132,129.08994542102965,13.8166278334832,-70.15370054143708,662.3794893484787,-438.6802896625148,19.040056018168965,129.1322463694885,27.24948359892888,-109.9805837058473,-1037.3011394579703,31.64411612816347,34.540398244648465,-15.641123626167538,114.90846425373128,-7.842284419793872,6.492250768578094,76.56210283339821,0
177.49119117490918,342.38301773236776,-295.45670343207155,23.899067644040272,33.15432059988181,-285.6181506705883,17.737125973105663,65.82470505713842,-28.62079879184641,-1.9928620856878816,-2.1057307106084764,-84.5467197381234,420.8017615995665,-682.4492530885339,-0.0283695447629652,-36.90451574872583,301.1911078636739,-8.442051524668813,-139.7577755137619,-75.5398366063393,-52.962298284204856,-3.269192391733045,179.05771158300513,-48.15624348894906,17.338282148932787,-3.0501069299260326,130.37822357513795,0
-562.1848315722578,-28.97954189958995,140.50173209014912,137.99538315209958,13.824991286217726,98.67457664922888,76.88309119871387,35.70231905570898,214.0363809909692,4.2084628062442775,234.09070188554156,130.81482471852678,-120.6127999527362,559.8917601272657,-423.98740682628136,-0.3565048127930978,-192.02155962444317,-19.877080980104875,19.90196596881701,-1293.4758497848609,-89.92495392041184,8.16899509967673,-39.63429180690342,496.2858590348746,-55.41513870345154,81.60204553378549,-182.7105680393325,0
-64.257095761239,227.81751261090665,75.31504001013779,-123.81889628496997,-18.116354586424485,36.29597375732329,-77.54523652834501,83.61977186409005,-122.78413508992864,16.284204345390094,-44.27543914259938,-79.76425254823488,-30.380126650059765,-1074.2225420212812,488.0287833382105,41.47818489798877,-196.96333631111784,52.78746998623521,78.93982207196412,537.0913440543148,109.6108547722674,-24.871899646564486,162.50647935459543,16.88656899464623,-5.4884407183473325,20.802844717945923,-96.556518593648,0
-30.90705021207814,-115.32965216329733,10.670943959025196,5.912448193187655,-8.116199977340834,-222.34622365379929,126.89426837833994,55.08502535088992,-40.283820366633165,7.415808755523639,-110.72409154823892,231.0527214736511,-41.69810205453975,592.8504540789014,15.514974160538792,57.28355628223122,-263.4223051754925,20.136655949581534,-63.84966027242214,-230.4074616698016,49.9780892057788,-64.99054186014361,-150.3492906686945,7.201493705591546,-38.40871066996725,9.275107568492048,-93.68951806913994,1
-60.23040448480567,-262.4819647300344,143.35695493598064,-34.686459210903955,-21.945235157678532,-247.5550422249188,-71.98402814049452,221.6350068937674,-36.76301005102584,14.148397230761944,-48.92860910377545,-60.81455230939723,-40.55358934383894,-502.2222792810992,40.91361297960564,-83.36389836747179,-41.21475713708492,3.734751940964776,-30.008042680536583,-1364.784521788033,-102.22294407796296,91.14809765588214,-62.850660007260856,131.16606336106113,-19.73626256248824,10.713063324499352,180.43085732283865,1
-51.44264599403363,-385.2829973643909,131.2907236409807,-49.51882716241494,25.43894779578136,-85.65741884286865,-251.42091625465548,-76.64013586494208,-78.43475094703513,9.190882210294196,154.50271666893562,30.4566897383886,19.914190983316715,-1057.13323731594,542.899499061955,-29.636710126322043,383.2904430722179,5.394744664052107,5.934311090617056,-1735.5170795900922,-90.0555757997595,-14.402555329148012,-60.20559750298436,-429.96566286075455,-13.11961030415119,72.08243717450141,-222.30298987886945,0
105.39726395206884,-3.548137525881564,152.73824924491467,54.25264419373415,24.521195709481997,182.07441745138868,47.25538468100584,227.92112247453755,-86.83888623373828,-3.3224107691714964,-114.29873766655165,-191.11882815279697,92.8409498462628,-560.1279760255695,-119.51851949542622,-11.302858125061112,101.86628344097896,24.593724095897485,-43.7350855358748,314.85288729955107,-125.09560498482266,-40.41204880853356,-13.949235668766576,-112.45269179225704,60.56354733712856,34.29957585514244,86.39543255339221,0
162.44233289349305,320.82163531862136,-392.0573212820796,-128.93078724565814,-7.888634114159464,-287.595815810909,175.34830398570296,341.3412898746292,-149.9486877491198,-24.807500106320603,144.97722493361073,-530.768563030031,20.399251056583605,989.583059513583,-435.41000376111975,-17.33457597604364,-221.70791135317,-62.22142400382176,-128.21461111606578,-127.96875709469808,21.59903729553024,0.8803686895656575,144.46031339547193,-2.592074723347773,-21.673759956764968,-0.0723713677666211,-52.464734960174766,0
72.96802476525586,200.9076477708486,-115.24995254060596,-23.063017596969395,0.2459303086758346,-71.5492090552759,32.693099167172655,16.026524302656917,-61.46759823355945,-12.969427439533876,1.997621326527536,-48.95064135644212,-163.68899621861007,252.43503457673197,-84.68782923450613,-45.68753451736978,-166.5836828329422,-3.862430863615671,-97.9414467104788,852.9648331738326,-47.28168713263657,-61.87016914814334,56.014248663921286,-412.1580631571364,57.24366611216539,-3.6834119846261615,-66.10475858626924,0
348.77397232362466,-31.45805528993612,-189.7594896446117,6.509720407887381,32.37886800543667,-2.841648776693221,-118.061084489968,-113.23496039912834,-69.56867353985206,-12.378193411163371,321.4856424675857,-576.4383416797506,159.66818352578184,-534.1518600669845,128.89547881089314,11.6462759346381,237.0612411694695,-11.243865110983752,-95.98414039972802,-1092.902992700164,-334.66944181522194,41.55826219306917,-39.601194965109656,-83.59337882637497,-10.491387132042677,-27.526371291141324,156.0736907869194,0
-148.98622871170198,-11.512909731748069,-20.67802154724746,-80.50574532901986,-49.04541352076872,-94.3278443122607,127.8523590837072,7.615226343157058,-151.2403420008249,-39.60190200925776,33.82924050110013,-29.43088894181237,-179.7794730268627,212.2722431539524,-171.928718471016,47.984107494306805,-368.9346414920192,-0.9349109108745884,-18.363404061590973,468.04050965183865,-303.67126540045786,15.092070942053414,131.8273615570344,-52.61039514440553,29.177338645525843,-27.435541151638056,150.02035119793612,0
38.52591331277492,227.07268247482384,111.5552864492862,-36.6949626912565,13.023129618046443,-214.6570367677924,-83.83266095759215,6.548346930973348,-30.80013159393249,7.15164459930093,-87.44154505461441,-202.5240950854741,119.79324141553076,-1343.3291765144122,376.1848580945895,1.3589179874047377,51.69903625041067,-2.7808072943882496,-166.67308681855536,47.01310610828694,-181.6229092456234,-14.231421183905558,15.67570521226816,-48.820641045592296,32.5573794093588,32.401405705177915,140.36491743184143,0
363.65005924751256,395.8418436591312,558.67617718859,129.6381234083123,9.958519707196253,-455.2733871213888,-77.34711899870337,-87.6879141597425,-47.3071229928469,12.965069681196375,-431.0490064852344,82.83934180044078,-28.07717906852518,-564.205542902324,-219.7441354743329,38.46983112816325,82.02547820351717,61.19004682436497,32.57297074221066,-687.2720493676302,-339.4904742500123,-59.13612144297392,-156.75852268905243,685.554715356624,-29.51322233906022,-26.827633948224005,186.891151335098,1
101.00378759041726,-286.56510632299245,390.18605101207737,47.15915643993765,-28.35125625869485,30.69300094508292,76.16717917524116,-156.97420991728202,206.2942935408487,-3.5581410486710867,-68.81879542430227,-93.18459608176632,-153.136660691802,469.6874389102008,54.202647571890026,4.781110564711566,40.07123580860103,-8.867634097555555,142.93758902837143,473.8346150455297,-97.23349069290262,5.702254062679149,-62.65951980116475,-223.55535998884767,-32.25044494883975,-31.17285164947295,-45.81332035333968,1
190.0173162916362,155.77462516321998,217.6654350090952,-15.2084863069764,-16.192571220177747,-60.09305722676868,202.46287223253933,206.73114756909973,-94.90777500948272,20.861106377988463,73.74494502936886,129.79050944450992,52.54978249125388,775.6422080206896,-157.65974450317415,-79.33911130057504,108.22029095992274,21.068933513625574,382.8459716886809,1274.7247567986738,293.3973975808752,-47.63328673156105,-3.4834962931745608,-236.96512489384827,22.721231230337736,60.44413672487817,367.9461413409071,1
-18.82289144497041,51.00350636334642,320.09857869763465,144.63233844732167,-26.55459124426904,214.0309536840073,13.492332577055404,67.67101641284168,-54.51409630109568,2.0287300162953783,-233.98313243970483,-241.5086595230306,79.9715015272545,-1499.8653644091328,402.9742906283428,-39.034324100138704,-12.017679115484745,9.785807655008393,-73.84007051489239,1887.833026058501,273.34002827441134,-5.924351129713253,73.10416685735075,-213.515123983612,37.926176584965376,-6.884010246485339,232.20186802117303,0
-116.71078790439208,313.5627405790207,71.32742904341713,68.16436301356227,4.060222558995552,-116.973906124916,8.136383207496166,124.155319922693,7.845624623801813,-27.23336234550515,161.89872618779182,-89.02380761651784,7.602010854015649,-22.162191399929647,-186.8772029759456,53.44519374149249,-74.08452124557752,-15.997812954924274,-140.47470659668065,-577.4883254648291,-290.9380304901439,48.91124026510482,200.60858069995703,342.7069652565567,-18.72687606039476,-80.00974982621422,-51.22190854891364,1
46.62145915604323,-100.46086043583357,-335.4327609739948,40.59275428246604,-9.384160460553916,130.58788864922624,229.2020247459858,319.8889709428015,-61.51539396470794,-43.11481584030692,5.215279805692514,69.16803849746539,21.693982933181715,1222.5138109347697,-394.4134811077669,-1.974926603001105,-196.04698396517583,26.669357740677388,58.1386952432316,697.5228850646185,-160.85043119321872,26.016708525935893,86.30670788252743,-108.75228789402232,74.81665063984556,-58.86791180649022,91.6431729971432,0
20.83079771969526,-94.39114498127724,-264.1478414191214,166.53076296177105,-29.224505227283757,-102.38764405870243,60.40272296516917,49.99296859724413,65.89523317723273,12.941858044796676,21.808872331704546,74.6044901846576,50.85514870109731,-294.7299185670815,334.0382896670605,-44.63918883662773,-183.8588876246912,-4.578264197107543,-143.27608511629427,560.8226738254283,151.37552014465516,72.98341058150162,134.69243307852818,-62.81006641914432,-34.59590040010698,-67.49605789311582,25.62640337467343,1
-123.8792251745278,367.8609953788519,37.854506945296514,-36.19219688655608,34.31524902733292,-101.85575615788758,-145.78290244173505,132.71731497258102,132.1960660262998,0.8991664878984145,104.39852828065789,114.78770417327937,79.0410998879122,-270.2203501361405,379.2903415115378,47.25442214165361,189.17095296323484,-34.77325758913853,-138.05326493764818,-232.26001682101827,-295.6584347487222,-31.489194115893127,110.47929756103728,191.21646755415208,-8.521193077087496,-21.07856709960525,-49.67770925685228,0
-354.47337245096065,140.509130413498,114.49430909969654,-9.610548213637257,-14.51785535539589,-130.81838159360356,-92.51627960585014,-346.15523945901515,-31.102329317151035,-11.378131190211068,-183.95778506874237,-379.68034268037945,-72.83853409358265,-1713.1446933951877,372.73768097824586,-51.7652995953846,277.86220368791464,-0.3655405622860084,-25.83580275565497,-342.82976231609484,-30.69050292309002,75.9214387580734,52.74899222979845,-15.548345558545703,33.28009673291966,-41.5930525880278,40.2274425613269,1
352.8255569496798,718.5984886298714,625.0371773358409,9.066850929308089,34.178052667288426,-345.82160704595657,-208.87794838485368,244.66472960737352,109.22857161452411,11.62739151104062,-101.34317579821958,-157.3690902113349,48.33018323303777,-1047.8617127275947,83.46737288008859,-6.492737103937602,205.9629624269931,52.03693089197666,77.10981498913223,-850.2734461367075,-230.64506354832344,72.10915766862533,-65.7117784852303,301.67859021539334,2.3982396289226964,39.97568435791193,276.5633107133106,1
128.60970561329643,-97.84085263654448,-140.30109490695432,65.70371620868401,-3.803737628754543,-284.4389511852341,-87.85730173612592,-130.1693996034414,62.65359340570085,37.81485699720464,-8.009620824215071,-51.02593483410035,54.64482130768023,-651.5206318310194,-14.354746455238605,-92.21795133106104,54.72358887393956,-30.432932110477324,-24.311438094112404,388.3069895092078,-39.18955923793506,6.007174413892274,99.8535390704278,-151.58279715898414,1.5051904869519066,1.5214455057894902,256.52477673185194,0
-160.583087553307,-73.74896066280398,-61.07095910027865,-86.55501931197907,-47.21577081165509,-28.17695411173192,28.319289406103817,320.6856737748608,49.68347870558264,-14.5763141017646,-71.72800695368177,238.4382084705048,4.046144622352544,709.11230584922,628.0387043601997,-29.757725989748707,-380.5071059290049,-30.044174371924484,30.240799047323307,899.6955612290632,0.3152684478453518,80.98275325569949,16.221388667388663,127.3622464271662,25.327672151317987,-101.0467406647756,-21.30684591492316,1
-10.783952810744912,95.95764061499,-113.54081162148256,111.58889713443932,23.07214749763607,148.56846853474187,-216.42707154270556,3.0546601813971863,-50.35022016184011,-12.282713547561142,266.9568213481555,-359.23264831557265,-86.32279004473087,-370.3224100505497,494.2073097992112,91.34776669538834,71.53975087608514,-11.290348153459565,-8.062454197650958,288.179579497069,-226.36671514868516,-1.3844704456163068,5.086741561187978,464.895351899692,51.64522660399159,-93.70230071258268,231.2634987390411,0
-142.03066692144677,-350.21072597526086,555.556229885745,-5.23454689662297,-9.239609338777894,24.19223434730551,66.98742966070466,171.65976066571727,-199.0175238240216,1.470971971586159,-156.60044639233217,118.27369964601868,188.5283256764127,-691.432679678002,316.1699191967182,-8.927313468655392,198.9483658878856,6.526561598316858,14.733503682431556,-990.0513878426096,-149.51187228116598,-10.032572212578582,-131.6257159123491,459.8079353810064,29.71633398631867,5.1622586105216985,-8.72982789879613,0
-407.8191244324235,-35.06753917576723,119.92050283649432,98.3945852879932,-34.433269166791774,-245.58400701417855,-83.97720993365782,-409.8341564239768,-11.893308083482422,1.035949700658278,-150.09400100337382,-169.94661140059188,33.43482817698607,-1534.721351708142,449.81051347289,-115.11904626406243,-178.67485781460735,-26.12552522477685,75.49519681723056,-454.4580504423595,-125.23140788230836,152.8823958179878,7.054398142977572,39.12923673256371,0.9633839224336548,-68.07274633121726,-88.64689986163772,1
343.54395221046525,311.72458129634293,460.70378721597314,81.74491308736103,-12.027050025351745,140.13315625941192,49.92721173035339,-20.25423568771073,-144.77451698680392,-0.1813080267209899,-184.66808764545868,34.68363448742142,-230.05265405911027,343.62040877971543,-139.62451682021106,-55.95700284355681,-119.60863065791084,16.780262274075525,-59.760118984406944,119.02212726346976,-152.16665564078588,-53.364441500564354,-164.98153003148713,68.57092377810955,-51.53796894695455,-54.06352272191869,-161.30971069336738,1
-24.807695677512815,136.77809080586874,300.211416446154,43.34260907351548,5.409352567476523,258.13912811577234,82.93777669253558,243.796029010322,-27.121433774858804,-31.013590273790136,367.9398501598272,-140.3118713704169,167.94232982330757,-394.3730418864901,435.921694298516,-19.872008274139187,61.26815512875183,30.334886169455,-208.0107147406055,-721.4902103608227,-107.70689243120714,26.93074751801424,16.966342164132556,38.43319504236448,2.0105677126144377,-18.20538447614881,-39.032472106484704,0
301.6316272440699,261.2102995921458,-173.00219140271955,-223.73333371417763,-26.948304237061027,-78.68172506573484,233.8653174580437,394.1502918608528,39.55766191422462,9.204319717734418,-245.10836034262988,153.6418753937835,-101.54773670975251,1899.3467348938516,-367.3725614633934,2.8122815842582582,-367.5805645679424,43.52015440271879,111.7875539421683,1748.819233339084,151.40916753755982,18.20110551402804,-99.21413139221744,-261.5195116112764,27.83413793441703,-114.82767152459348,384.0450393124216,0
69.58247299023074,284.7116093159249,-318.77124272472696,168.47115646338742,38.30567351618531,-379.23896276622537,34.67159875450483,262.5179902696986,93.98684293825416,36.19477474054551,9.183184942163312,-208.03688168585387,108.32698609541944,-80.29843001032837,429.12703142810665,-39.508556789855206,385.8651818128836,-5.095396652281309,101.681372943415,570.3641972869517,221.5806508022982,-54.83793218995506,39.19762814086957,-51.4638228257145,0.3716278768409333,17.34988511465599,218.684385823064,0
184.8014617018424,271.1060703017872,196.80598508451263,-225.00266229766936,-28.18268445260715,31.97263178604605,21.150067048687266,123.29821199252552,27.783580395087085,-4.473440073288606,-105.37364036238344,229.13124908744496,-191.28520631899812,1258.895046637006,-106.98174550682111,-0.4525923103898606,142.56750819670248,24.66504480807897,217.9454810372207,949.0698439060606,345.66872277369544,41.28679576389164,31.747884593425525,-373.27559041423353,-12.826303447717548,-112.81296405432052,47.17295594887337,0
-175.41844679156827,353.7423472007794,-33.67038636202239,-74.95234093125765,23.244928490286064,-47.48417942907413,160.09720941989283,268.43520638994283,167.42063453303086,14.44561985788876,185.84545807837256,405.4483171311497,-284.0300267551917,976.7584481731064,-102.28028418940984,2.3602917167196367,-147.09603253626943,41.774317892338,-79.37414410339649,11.01209024671855,-49.88939603479929,-34.57755443044496,-10.599253287253315,-39.858800413426486,66.60445221220714,63.17646480248409,-76.86826979240365,0
164.1994256516336,434.9451198265567,68.9813788351844,-5.625019892809478,30.848920909058123,-648.5154760292493,-202.63724852477105,-110.85268115101871,145.3870366567756,18.398650702318168,63.505713271252446,-189.64756984180784,90.9894741801218,-175.77689414111765,-401.71739272449736,-40.882066484147146,168.46746281055923,-25.91126567684581,-35.83219149130971,-877.5732247346582,152.68336354304932,-11.179034174464602,-13.55573633953292,146.85098424176533,-32.333654257071885,45.33868194899441,256.35279291380954,0
-194.9072138650884,83.14442750663652,342.96801643278263,103.9333177085792,-14.832008953418008,69.2475278415251,-30.56175230559588,-160.65420335641824,-39.94904158126688,4.763769888033492,-286.6296864304685,-195.8570510042904,76.827494578129,-1349.721194461796,58.75270056528431,-9.763655660198175,-183.43878653833872,-11.194911684912144,179.97298175106604,225.51527823357395,-133.2102409558886,90.07273659913255,41.48720742275224,209.18610860738443,-10.04852084641074,4.60825618858895,-142.2717271617733,1
-422.089630531857,-215.55947368228712,223.5378834596102,-20.33672807304176,-23.0756573246304,177.63930886437194,-47.54890959810702,-241.32044389676267,108.15247926628932,-33.23614597609996,-362.0749838455539,-143.12224949374797,36.679604914933634,-1439.419695803423,-221.08948655811184,5.564935347975228,-91.45707671442678,6.135299200951771,-279.1849790852856,812.6545321448302,90.72427460865292,8.535421046111885,-84.57420671156777,-351.1556392717808,57.92703857232928,45.66471559518959,383.0159110634861,0
-247.9448829383036,-264.79702505370045,23.14738924003944,48.53778595653831,-53.67003269212927,-205.64944618657768,18.769236791016688,-196.29351852317225,-81.69236703040953,33.227084653164695,-134.19151661905784,-99.16931853406028,50.18474709319749,-1433.1697605675388,-293.3307626689252,-122.46940378581596,-203.27218246873247,-3.3466853291863554,18.162652775080318,1388.9788238288268,207.7335112686584,18.173815179136195,291.33474459679127,-207.92649980077584,50.55290791331928,-32.5462910295789,425.6861925599362,0
-151.8495001459873,184.79029327009752,325.9082114298545,25.033317304312884,-24.32725311052888,94.45686612874816,-31.48440101471838,-77.91606329037587,18.29908432165308,-18.458229902224627,-306.3847917622322,-156.46279065980218,-38.70321738869527,-1662.7805684987384,49.28743109918971,-62.80331938014248,42.83771033374873,31.998354175471867,-189.15381746413715,953.8342509291494,177.83736421239863,48.43526379580693,4.84401430170621,-426.9417620080754,53.00994951116806,30.509353823366325,323.57584836760776,0
277.3514913689955,383.4555567006411,213.32194566340848,-215.4665698098347,39.5993974437326,-179.1524492617196,111.90335005613191,352.11132860755936,-105.14146563073083,48.28271025090028,189.2520756358177,174.23663054607215,-50.58327176295633,1296.8824929747002,-387.5586664312231,-13.92908996534633,286.534955344814,31.071370550773047,104.97051498613752,-293.2363138819235,198.70162278848997,-122.57843349126873,24.068834356983857,62.25078390621088,18.803947641236903,-22.563579390783037,-32.47139011679995,0
76.35618691996348,67.74675411896177,-158.25087524607457,-72.14164054969885,25.366024063057505,-272.1940085685315,-174.041145152313,259.9667773873136,-68.42011892607897,-18.49336982828178,41.27666558303723,-478.7947897121507,-129.88451500829635,29.97017876895808,-82.60415198466607,-108.23666525115974,220.10972903830148,-26.99491015124701,-38.88026290501362,-1125.0045527313778,20.212128244321462,-42.81334803698301,-6.627196013766167,-415.42026817259904,3.783255201038133,69.99230852293228,-129.53000529136114,0
159.1908059314416,302.0338361966272,158.98562797812104,25.150970527834943,31.79892196371959,-309.6415555837799,-92.59041013891908,170.22430045327206,104.18660484258912,11.897567239988236,-213.9361289870208,-33.67623751702523,220.9746472484968,-568.2454891564154,278.05710334665656,30.46190845223413,204.76885338013707,-15.294964894132304,-183.44619633844349,-12.606390419922477,-62.844086060356354,-106.74248959710684,-108.8850861349582,126.4022456133442,-39.80216745218122,73.09502754912789,193.3460035885963,0
241.09361613003108,379.1061479441871,-385.0242061128602,-97.9388219069768,24.43806356101781,89.63145850367027,4.53040169677296,138.40929770580868,38.99325845864546,10.877211336857997,-58.4834981930608,-238.82477761769775,51.31082035403258,1279.1462665528938,-527.8213951967426,-23.917727538064668,39.70419013022198,-38.15691012630596,81.99960399639428,1103.6008524846056,162.67013815516847,-71.86545097926754,16.910364511255324,73.84172019906211,-16.407262908355893,-38.21122292259832,148.9612007143505,0
234.086509158288,-176.6653800378219,482.9718318367391,-59.137992043576425,-17.46395867437505,171.32446462436252,-98.89889535854124,16.54163389050688,36.15691396039307,-9.06741313508466,-72.52425954519347,-336.399367509061,223.87339659131533,-460.7797807846202,-604.111977841926,-30.163511656481973,116.0698578369214,-25.630564283147383,10.203609342655792,-290.0618052771502,-222.32816992111552,50.4899920066809,226.1233519595014,194.47696102097865,-44.73341123548232,-96.08185608569204,28.706268317369624,1
516.7839837606435,15.126332009656569,151.68644907576453,11.754233950750043,-5.646796944608989,-73.12512106371008,170.3304383686311,77.81401563376474,85.69707241507412,-1.1702293454474697,-132.62702542217838,214.0088529536616,86.44955504931664,1063.9109277644332,-152.8139744215104,8.778906116025283,-86.52472036797805,-6.709218365818205,-101.86479710878444,-277.2832233764376,-73.21384203724456,15.592480243121416,-195.32131243587315,21.612301152047348,-66.0688629665948,12.22410111953462,-138.78456186374268,0
77.07846872945316,-160.98509529689156,85.7304829284921,-25.59648044244063,-21.048543042686823,63.68736399081088,65.05734461075805,67.5704903188107,12.207787355133874,2.46215796262399,96.758167512255,-290.2721667902953,-118.95270005887642,6.792147947583542,-41.19480255843257,-23.854422851855468,-166.85253792687317,-57.14982135917951,-202.68616806855212,162.61147957285428,5.693585262520371,24.569313278821,-0.5719478742785853,-228.746565211412,-22.674563434414925,21.22906092906788,-43.98735849964757,0
7.162363708149534,-87.32424018441577,293.96978811592953,3.475960275490735,-39.34003152981606,216.26355068786157,48.61045645626498,-92.82746135619698,-96.16437111910352,11.175920941735429,109.00552541007184,-9.65314671798511,-38.96045281055261,-704.8951245242523,372.93572497891273,-56.654114470114656,16.91833479985045,16.263236219547213,87.24026409050799,1492.4329563301771,99.9036051317109,-17.802989991824575,43.8598161994278,-202.003242200215,51.88759339489048,0.9663183798120728,385.3022383561053,1
370.5757089724899,-129.75232447329626,-200.04656423978537,60.13051562396197,-7.82888578948414,-256.3812137453635,75.79390230973755,-290.9687488380502,225.01892335210343,1.905801972005734,101.08852933181691,360.7097155061672,27.806088717329708,2181.7824862552343,-211.7819483138354,-24.36267254715121,-387.1504267729485,-16.920568972927523,151.07691295018756,96.18069331533788,44.76924385099717,-55.22002992510483,-90.36965282412464,405.71523951273946,-16.591693975714445,-32.04076917491713,-434.329793122186,1
64.73447899487218,211.81611397413056,-64.5164488141652,6.0362152742331325,6.264664784382042,-44.69669468885288,-48.68065751869097,-166.0734645842464,64.94589438492851,-6.679216940046992,8.450620066229833,-134.18156099377967,-20.895716337204632,499.9000004362354,169.1257148009696,-12.9657718965829,58.38350857070209,8.361468120613818,136.0924820170696,-55.765315647289626,15.185448087164923,-71.12892475568445,-9.968736858167349,231.2744104125293,-35.55024384677396,-33.12851515778039,-234.57127631956803,1
-83.37764298390074,-12.773793964750782,-39.66553788047477,8.826198355087861,10.485640372405502,6.32833946862494,61.06663148179517,34.29853543318838,110.77357845771247,8.277939970940098,345.06927415389885,-205.53395648566465,-197.02491915891704,293.6870424232826,154.01024885151008,16.819202487837554,9.961776957755054,16.434686117470182,15.001160355056246,-162.7689528780851,46.99430687801212,21.59267317566726,-78.25081280164662,-29.13289341700916,44.26318837168896,33.823964793297776,164.52453755693494,0
-97.36186677693028,3.040411469747331,-180.7695002801601,69.62656956905832,-26.459543263605735,-245.5528979508101,-61.594865935382245,-363.6169034017721,176.75290487493976,33.85871708546989,-260.0992178242236,289.91972456627445,-151.2069371962744,-405.9353105913673,208.1751007839611,-103.242128203815,171.40284440021563,1.8345660214824369,-127.65141370849986,-331.93839905686707,169.86717193811631,34.92401550356195,27.129954765597223,212.0163749021108,-57.89156044218626,-63.38246744179831,-96.61167120223898,1
47.4948167718896,-176.59263735362626,-67.4891071531544,7.198869074352614,18.142999891079175,-184.17508662962052,-183.1644922008956,-131.27791579927725,-139.5569724264242,-14.24305555489192,131.33959351897727,-47.06234793183921,186.88286981801784,-776.609433239392,227.4174801364478,18.54448048150973,53.78281230675629,0.2579338609986639,-32.72003833747999,-892.3547927119286,-18.007846448190662,18.264822479915303,18.62548944185782,-234.5638210565473,17.64675275540903,2.680097679165751,-122.394462207989,0
24.74641213284445,-391.8086625220138,-190.76885952767628,-10.181887086941137,16.453301432923567,-90.81380885921229,-60.36436553685716,138.13197439730953,-154.41077725946462,13.98100091179373,66.78994436972307,71.30136846790005,51.856870355088965,1.723594816633632,-205.25048356641784,10.233749868224468,185.1663269998465,44.69530258494133,144.84783026011175,-1939.7760563901484,-11.34552351455344,-35.68371437034078,-110.68506057488354,546.7181013659151,-8.025155913162312,130.97168160020922,100.86393792342533,1
-166.98380495576868,370.9316474497763,66.07658291723234,19.94936678010136,35.14365457704422,149.13878698711835,51.08122238526886,-137.01065705972903,-227.8693309444429,13.317063175835056,-69.51186274246501,-109.120553649786,97.99578240221854,-1365.7767082516782,-184.315514125238,-21.082468156337377,-35.98102198995991,-7.1649933122032845,21.441533369555323,778.0063004305619,-163.95744555085952,18.212988540640712,84.31686815002587,-330.9653466903127,96.25710400179769,26.509052823811277,-23.652796520180157,0
303.13030833128937,38.60550237432075,20.847270460643745,140.8526818379945,-4.590832491984568,-197.3508644007333,-422.3383910525161,247.14056277449237,-76.13057039601536,0.5283040013834803,-148.92333885319806,-544.162780707095,-255.16818498178264,-1525.7175192487557,93.44290962846124,27.684575430153743,170.17640842597532,37.19719692727452,182.57110462343792,-238.76448114176813,-306.25239032258,85.05879706646473,207.16747201987232,331.0605046582311,10.57410372778793,-36.43661034812456,414.04318328159786,1
292.80292889361573,509.2672586468145,160.84031867369606,97.76207683321164,73.33686430606296,69.81411913925277,145.84554444105348,54.67049226966787,-68.83646474660672,-7.978531283667812,75.77027480268028,-128.21986437616326,-162.618854509554,2075.266744344512,-513.1300357282103,-55.742847510419686,219.1004769876268,-21.043659809935573,114.70790646277474,-23.907886006740263,-13.423351567679186,-216.1232441713157,-403.8121665833914,-29.54929270296804,19.06550563828676,67.02075477435011,-185.45403506849377,1
-52.00492234461986,218.953463703547,538.9282320385976,-50.81640240728588,-3.071187218274927,-322.4030560785593,69.56657783662514,-166.86083752768235,-27.434350779101912,19.41389037761512,-243.4612939093444,149.78181174762676,299.8915124277279,-790.0419796664838,39.51958771299173,39.13298357816738,-1.3038044546679508,-0.3080746875141267,151.3104201158729,278.30865156265395,-49.40545173392138,-9.394101230034323,46.96288568955404,295.6747627674814,15.721048939656631,-7.960079743263403,-38.16944945913645,0
-129.89832337913148,-132.79629828382565,99.05643853533522,78.54606440847365,-20.581553810188428,-218.7587056828508,42.364838510063045,52.13371910376503,125.4027495958873,-8.053290483131512,11.924442654933374,352.6429171127373,144.57041285760656,193.46374767132525,-251.00513909270973,-50.70902339070013,34.970704892026816,8.33885720225079,-107.92509773934331,-1375.724037729338,114.82177964501216,98.02299775782234,87.57400886090109,105.12318358633254,-84.56209737682416,-47.86215887083065,-99.53900222619878,1
-30.95536768727264,178.69216265662072,167.04570344518592,-89.23565303041285,21.15108994685693,19.369370612020603,12.91272474443852,208.69720181930825,-197.00797210967727,9.183899951238416,98.11239301740837,-173.80912408862642,80.91328887673026,-171.18198004087827,-24.69489137456012,-5.327458969217986,193.0830734862988,36.03605026625144,36.961899260418605,-490.6135922783757,6.509956289853767,-22.51669264650858,-21.789558395009472,15.854985721026948,13.988199583828056,-69.56001507451363,176.26884371319295,1
174.62203355397622,58.826587792464615,-261.62853316235595,-148.7146220887174,16.926527944659476,16.993243767682515,59.9073506439158,299.5278176930425,28.069151389625347,-9.919476798332996,317.597033866061,-50.79445463128613,-79.79996875346868,1854.5607311232675,10.078799194697323,-56.606644034201,40.29142841006729,-21.830684953363367,24.102395449329705,-729.7375179718215,-55.94269437930831,-35.723717612933484,-55.09029345840271,82.52642578051163,4.391167467438163,-21.32200186557771,-228.77280316870244,0
-293.4558417720428,8.947968177441915,98.01658521602552,7.331417756782278,19.627406421208292,68.90503446384784,1.4944657695250063,-177.98879654324753,-35.9958727219554,19.98189492613607,152.54427282494785,-394.4361161009929,-123.90635779712312,-1827.627759901909,247.3046091690173,-26.56004111149972,149.31526932573777,4.785017867430237,-192.74627565711265,-1127.8371533351096,-22.35380829401432,140.1512879488463,-43.065735844220754,-166.06710025254142,60.950073228202896,47.11588443305888,-38.06470349199033,0
108.65547231957552,258.4950458327008,-175.11494830607663,-38.82049927934098,30.639330249580805,41.194308130752496,-136.98479048571178,-156.21668718541017,36.45817455766908,-17.907370998032093,-16.198329800409688,-84.4018357187245,140.23018003913353,-247.38430617557415,-28.998269022653965,33.684012900328185,16.97162043344546,27.027936631275857,49.50413228640823,-342.59393843191845,111.5221175834494,21.3200221587578,-87.81623626220396,123.14703755577716,26.101891315106958,64.80299376574655,-63.3585694777864,1
-296.66689535627387,130.86204726094698,-168.38046297396764,-25.848710798317647,-2.961184169413765,200.4535605519384,90.81827816979133,-92.64406939623127,-60.47185326927532,-17.01062216324898,223.91892743879131,208.6268746031342,-109.55763530659216,458.38167524978695,222.97341783371385,-40.55668416637081,-145.18790297711882,17.180854937648405,60.5344219190493,826.0733651825782,15.64429030560208,-87.16784771287219,-10.97308265528062,-396.0318111639631,41.48925151381533,34.260240712959714,-15.210205292675372,0
-154.6763965857891,62.46872501094841,531.5703120092309,176.9354009991032,-23.26204463291681,-47.550321993838914,139.27465186875182,366.6971145557985,133.2436856299379,35.0632476787397,-460.9481479597328,-237.71702914253223,-451.19335835525607,-232.827226893114,304.3369702391316,161.2529541997026,-381.5984859375925,-59.6701242393718,306.2153604322809,2138.888368609736,-158.32511839469703,88.23700745243332,62.64991527931604,60.44693548222216,9.405345939328106,-4.862819323214842,-230.07558899862744,1
247.51046214894572,-23.68790563263033,57.40267968843461,64.70264337267155,57.66675301137865,191.27111465607237,108.65422827191428,223.11561866638527,-60.592680217395554,43.64249504215368,267.5347812470503,-19.329201891698084,212.7652662501084,7.615511975693387,279.95113420046187,31.10852526759957,156.34764241187185,19.30351504982696,154.71767472971402,411.9790216946792,201.5423822942436,17.66367868497019,-62.91121177693141,-484.4876631998424,44.03913750502515,10.575119115298598,-130.93802788070943,0
-232.30057345193725,52.95765475175204,-82.86411577778613,23.483084276262268,8.482652840611395,-33.79221187810693,-35.44627010636604,-53.39588138668827,57.37309579805904,-1.326831728798429,-238.18305374787545,154.52262363310632,56.22425486094282,62.0803369848523,27.724525559274657,-50.60675668193152,40.47181876754932,28.16425572233516,123.36450066237856,844.5818211396224,-37.13925968284175,-63.081623947003145,-18.80576772386452,-218.55428175027555,34.29947184925262,-73.96731564441185,146.33778668658036,0
220.32392649001244,35.32714186205202,1.8421700417369573,-25.71700173847855,-28.50673812558337,-9.103008541811958,134.01653421269287,99.63117450066557,100.16978719405095,1.0016345310139565,-33.92323078935474,440.9124312845311,-53.73535428365626,938.5425049167734,-169.33109821597552,-48.1234894822012,313.2903123934558,-22.990045566460672,-107.53393045448097,-43.18462182136619,111.81027646663998,17.35077990974333,59.30682827951881,288.8884875225342,-36.0347395607107,13.96324670268974,83.0614348755451,1
281.9737438573084,253.86538696379176,116.88939959239184,-5.294614945945181,-0.1123485753378137,-49.048459009919874,234.0176607632243,132.34421763526734,36.94059802723902,-5.951823295994495,314.6632562074892,-72.29896295581082,52.024718889387465,1288.9635623746858,-52.454351494532666,-8.889859756366857,95.50812887196594,-9.223809548860832,150.93742966851616,807.8109605255435,168.56729121283988,-31.11728646497736,68.22050856134638,-90.80219792206626,18.039024119052662,-8.869387481782214,0.6570645935166197,1
-109.68044902641296,445.7940205182032,332.9730251469594,-98.54278525970996,5.7552975754467255,-292.3153033613599,54.32644927051945,71.34652505341171,89.32465850185301,-6.916253391292719,36.882494240604565,177.1769912962294,-104.57115315637525,227.1085941207144,-743.3180912064076,21.3514514919979,386.11246895226986,33.95517098274669,44.11195249652062,-1835.9253510695496,224.2787186115849,97.94262141608782,79.68413608628416,172.48579292229377,-60.0744357140368,61.22243365508197,34.32382730954633,1
106.30819171793652,71.046113028412,305.84903829670475,-84.95885564634693,-6.903497459867392,-61.53503417054195,-57.48183824636099,-4.806417775000904,-74.46531893735543,5.19523739777723,-97.48211155446336,-131.19918341803336,7.917585288901837,-556.9271747263939,-314.7935421514302,-70.58814358403725,267.2681378927215,28.48827053379164,3.89226403887386,-1832.198857447626,-232.8236912831476,97.56342571382751,-12.250886249526737,210.6870851611772,-63.87505410154138,-56.75745139052424,66.96453238430624,1
7.061570239237764,644.5156625469419,-223.75772019712008,38.67433840628507,22.955710243106516,45.35485990842439,-193.6250589863133,112.72482017455192,-50.43358004962206,-21.85442035638764,132.8902404978491,682.0554737852442,-148.4434381451027,406.5411453393815,58.93633691946168,16.308214744418247,-60.15692349490064,30.20343150903837,-135.05067401377102,469.6074029167309,-261.248056578011,-73.57599521604668,73.94875546908679,348.132968157228,55.118899674169725,-6.611170862111713,211.7312984992588,0
254.69316750859275,-15.128091752008244,-150.7493765125977,-65.08428815910987,20.673901278364475,152.45780264107765,3.697792175042342,80.81624265391665,94.06888670507948,2.132058396787492,-22.141336565559342,192.38488095509348,-134.11213632138185,1684.52003833516,-565.8708720739356,1.780715509792305,89.42580548002331,-1.6430001188235492,89.99639658955432,706.2464631925761,90.67313676783532,-153.120410734042,37.71810674730802,-364.74573419261554,-30.74103899104451,2.9492745281124044,-197.7105660336652,0
-376.0146671131892,-50.076634418289125,-116.98638166739156,179.41028975738942,-29.42257619149964,-142.01837864430686,-226.74597393472732,-262.01442535673664,185.80964279506537,22.136260084007397,-199.2294775070966,244.63747350170505,21.331337355375275,-1124.1868979095684,-73.23266463058224,-49.24910761402333,-437.97134729230754,-26.49293790805352,-57.84641104770349,499.2072322269257,209.4826107695832,70.82437191520364,238.2817569533643,426.1045835342263,-22.25970385254471,-17.220184204110183,-132.49641423559336,1
-226.0547921931846,94.07049051730976,101.70465920273055,-44.29533352966544,4.509504998659274,24.05535857845994,48.87578683664845,88.5081088904566,63.74961304853255,-32.433627284075385,138.29706321716827,354.6464706599123,-112.35765829075572,1456.588914899865,-216.68350302245435,68.33249149267624,-216.4275421305563,16.438044784767985,-64.09098184759267,-1080.384666758921,-120.22524045223082,-37.761868200360055,-232.3075783344252,392.8370496128355,-33.99149980089776,6.0691160487465705,-19.62479054637017,0
-150.37003863461794,207.30642354997397,-152.01264627752465,95.50903962525788,41.71881833533946,-280.9216483200918,-115.2698788487841,-302.6588702719169,69.84968711745037,-13.762311326988478,79.34613487164438,47.95092815988065,91.48125733382702,-553.5060133263966,-147.59671566384475,18.21612153215621,-80.15166708716494,44.09165243682213,186.98352399574557,-695.9611741952666,-13.59766766644157,53.73763885728624,51.2572432229493,-116.05727593974407,68.48364101065096,50.63963412577432,-243.8542542484336,1
-2.34088726935667,-22.466793378393355,-115.61633723324664,-122.7295283293601,-27.4131954145993,-114.37685480944346,14.78631654163904,-152.6074183956195,-91.4977650831325,-39.32628571601679,146.71336546789036,111.01571537965542,-54.02288169788218,279.82936267970405,219.36103344707448,25.975407258726072,109.34533126803564,-7.922244970500392,59.98951379773318,-595.7611828393773,-73.38346654473233,3.9778095587160736,81.25930725309198,-118.3122538323514,-20.716099722565737,47.43237769128671,-157.42485403414622,0
250.7914549607485,-367.0258330827567,-272.976285153614,-26.52891077346643,-42.287645702841466,46.75416144375792,29.13007166190885,-258.4269918942495,-3.330564938654084,1.6136254624468525,-130.69960563573864,-399.8223288758872,41.77771289291818,-347.7688047899707,-352.19591935673577,-79.50740795636898,-139.85218010173827,-2.898584294852657,44.66608067237583,1151.317154893784,296.69303397141977,49.15883253613207,63.9279871698934,-390.3583841440563,24.70149057231225,7.276776132765036,254.63487106638053,0
118.45877278617527,-320.00438001592624,-77.5977684244469,-60.10086229250039,16.345244242087922,-72.04036352714552,19.69372005086284,-15.198067095213323,66.18592781282963,29.13942618467577,0.8869159656799166,-379.5080694744664,65.1619697757073,-147.4306749601814,229.57203749808332,-10.261192769368392,78.2994846400743,12.768955340228818,92.4129327394496,-348.2396036868313,-41.18930522025072,-24.457222970390177,-114.36148629629486,53.193706410405774,30.78804888800777,21.05902677239072,-19.067591156942896,1
47.74748883470254,-91.78557436975944,174.87261215579596,-90.55015310959912,-12.71114417893004,101.91000733912144,211.12127014175627,106.03485086946128,-147.9766823814466,-42.47088840122043,-252.7145461612855,-33.561736355672885,66.12972376992855,147.030351853763,-181.6016459726064,84.25986200507373,199.76196105568292,11.915969297603809,-124.19041916294414,-347.42839601251654,-53.48847150861459,11.91306083912954,-110.42712300427333,69.01345499306247,19.016266790124,8.164919119053836,34.15302421497447,0
58.51593586783168,-134.7061811946493,-89.91123710663122,-47.85130804041957,-4.886460375639016,-43.17847043342423,-20.096497510353014,28.55163734755433,-149.18264235746818,34.90485812900613,-72.35301616023827,-109.20507015915544,36.53770365311548,-496.31059463768185,180.08296541613285,-11.958521378784551,-199.17628637809327,-37.358193561237385,46.07579737191029,505.30922022077095,-34.486107363322795,59.170753232619575,16.908893646979614,-21.742593468420395,36.71772982683925,-39.89701894071515,-18.02317080377129,1
-209.9021655968845,-135.2712586118003,-226.61270174152088,-93.28879208363458,-5.86687126744945,-190.5778363819194,120.58818013448912,-48.29505409997853,-181.0421464412726,55.45314769101739,-175.18518054836258,-85.30703331347394,90.94367078319468,-871.9707181249782,410.46423247115706,-80.85049673871592,4.038701328443796,20.052856648695048,-30.119298590834035,-814.0747372962107,146.88100448164508,56.041816813333135,-67.23220935350957,34.07053558383154,-9.604429696981342,-63.32043304589637,-139.29957232901742,1
195.2987283592337,138.25444817504575,202.4203047462561,145.05216450123498,27.08562520726815,-190.46390604240636,-74.67617115838998,146.13382728639058,57.54189624481268,-5.0101962623769,555.6716800078154,-89.85251760652085,-37.32022257363528,254.58710573250104,-245.0010058390811,72.32787226390874,173.0378258445083,15.915039810581952,10.0258818680604,-1180.6809179069212,-174.41120283089433,100.13848090458151,30.04575264318973,385.8213866740536,16.992799937241987,-33.160762351540775,426.0459124450322,0
14.792301441652976,-199.3502029614521,-145.57600375116238,34.88521379031995,25.966477972542823,-183.47711610262195,8.135859765613066,54.30464322650265,-188.0346321074532,16.711804832647967,-338.8420732895747,-389.0110264476467,61.82001057760302,-30.01190515401871,-267.2431360128858,73.98815140346312,-165.68403294398257,-22.775428198429232,123.22972981595208,427.331634520229,-92.16215191774158,-58.76564695088336,-141.32466835866083,107.00660864382353,40.972309088032304,-38.44596835646985,51.90712945646588,1
136.49480465057954,255.34229827998772,-284.2707026782996,-40.162122812250814,-12.238001221615775,-37.91640408746147,97.26808913497403,213.09350148584855,40.986703354620175,3.896925670880387,-62.49832763801004,-55.74070067531631,-9.562742847205213,513.8524843592473,268.34343424387134,-5.65391336156809,126.32353187836182,34.599542495352345,104.1067211512293,1068.2851894816538,223.95638986515576,52.97708079695849,121.36570705888188,-187.4769829565037,2.254068855923748,-124.81207623832296,136.1780507957805,0
-33.84195063359901,127.7421172786986,126.88113637894044,134.49942325121117,23.073448971466785,59.3175734429276,-207.71280494295303,-376.2704809866336,220.14822542673892,23.278807305032483,-129.90311252248256,71.50895441629254,-2.7493486265709244,-1042.4935201875346,50.34436501146428,-15.330867787298182,130.5543241072512,-13.62494861323059,-109.61535105779406,-12.273458321592564,13.357798353961035,-8.980493708251663,-41.31285617659261,511.17489980849473,19.234420392425704,55.426526640709376,-42.16623569073896,1
-362.1310614800116,-134.8863618448058,122.93141719841137,-36.65910107947526,-27.900207357701944,234.6858257282672,259.00620576938434,-81.83669820112185,-210.06419836546075,-15.13558137025382,182.4620139160517,81.91338929030982,9.405890984517772,366.2499365161993,335.6995595719086,-0.2929242357823156,39.19308786350084,-22.581453029793877,167.88665124334796,-788.6525619113943,-184.58402206595213,67.56539944952603,-79.0498608275394,324.2464657830259,-15.965322772001016,-32.66264431158609,-176.51042734550518,0
-141.4781181699145,-198.36878107547412,-17.828874406731224,21.04929496679388,-12.497048897365143,-37.65224420033661,-156.5102213134314,134.16278750382176,28.501354535876143,7.229357633704605,141.2622061521797,55.66203491469651,-1.9942707847060992,-485.3174545161546,580.4069284941903,-74.3542594142872,-109.2069184761804,-9.655011102140628,-71.67572219580411,79.29738196670978,11.042900336774538,6.730439723705639,59.21443611105544,-148.14888669988335,16.509529052364282,-26.10250632390477,14.009054900996428,1
400.2712596943903,-269.9545497469473,130.20987694521324,53.87680760865919,39.35603209437171,-17.278124861377627,-404.4607847304369,343.9613698248366,66.52650424841187,6.754478215170986,227.26663349226476,-564.7885106272653,-82.23561443048203,-444.1128150290207,-216.97535981462903,-8.626958982358866,292.52135777733633,39.10564132929622,48.36932406968516,-1714.5102051822887,-217.0108969046241,87.48050011966006,27.177737782149144,391.0308761041362,35.78145912584188,-68.64180844814152,265.56043940555975,1
-35.0428659435509,-2.4474953972895093,320.32875793336325,139.7738525346407,4.837382287221558,-98.566320046237,204.75763978045387,-0.2499075362047387,-14.5079336494852,0.8537467211106682,69.96032763645408,295.9102974631837,138.4346244728408,1094.8393873156062,19.300717182036724,-8.439834162048687,37.12202596404025,-19.89745436783921,249.83990410063413,5.592113020417785,-8.70234227110311,-17.863259937620917,-94.03290453867614,-139.5979311556697,-52.54764138982576,-56.10258149396768,-211.07132214279824,1
178.55899959323773,20.11128950295598,-209.1696687490276,-51.00784857112635,-35.532535845256234,274.2637057297955,38.15303520309436,-24.24152085173894,122.60924192833552,-12.115335316775166,141.20713926535944,260.4112034398909,-81.60273412244389,1634.5626797267505,-205.62156002790107,-74.89325855176206,-237.8877112288085,-1.2440553053692145,273.9257205444075,1806.550944206072,-93.34522566238807,-28.07605241439044,162.60601775052953,-20.95166687230018,23.44751204170747,-81.26543999096324,114.60209860739708,0
-207.6778899127117,221.89962174550544,105.08736183765336,-185.72287346283667,-43.07450401749834,-120.6277583956822,66.80048987328611,-157.23676706929058,-29.29752595448025,-6.701803938970045,-265.2232315436031,99.20921834385828,196.40583389780525,-1302.0878940645712,887.4373225793447,6.410278890041834,-181.5264462357784,2.2997003045005227,-1.9652520197574823,1189.5072881178523,15.297216198353343,4.97044383761433,-30.176747072786384,-244.22868343463784,14.502115638240754,81.33451667869178,128.64341518461066,0
261.04937526740105,290.11462339669055,-138.0737574247589,-103.20295915420276,12.615351065784838,-13.826407727462469,-190.92067897400256,-47.429386166871005,-39.0373463486674,-11.726434272897322,-53.977667207590486,-513.7435666826817,60.723386857712526,-464.4952087973384,-21.6863006833868,-6.732661164155818,-60.409164450380864,23.02987346057771,-108.5764569835307,-339.02753426243737,-104.33130630189764,-7.616534686850288,-12.899453670712944,164.37998908895466,-13.212520052794762,-62.33214219646891,62.281006156022364,1
159.9651326791249,383.04527141420107,295.42310389852656,-115.95373911398788,18.90326584420446,44.14646671642404,-21.188926208576486,81.02631979276002,-106.38362318037964,-5.872166448821905,118.21495115111972,-5.207548109491139,134.4426414725623,-339.80603297262724,1.5229211525836943,55.977308721950784,-26.68760932652952,-5.994462783011813,-132.16156468450484,-57.8112267083664,-96.70586638010953,-20.923510647072543,78.86006179655384,-92.4285437309577,-5.993140200767469,-2.165345125473248,-147.1340108495362,0
-134.6987672185234,-177.4609922074428,218.1532335755254,6.5162860350896805,-29.05131989615621,281.0215478722474,293.40357999529215,-261.64662228630624,-129.9806609508289,-3.3061059341029826,63.25495435055049,-449.2061453629227,169.13339914530937,-1051.4305961964506,260.2524875567797,46.35807060254045,104.73705237812013,-3.3390018405461257,231.9861874103713,353.2412478632308,55.9541124295448,31.26633904800988,67.5037871444733,76.64896791782627,-3.0879637038286765,108.64116294755098,-110.07145287802705,0
423.9376581781119,-77.95360840911061,-87.35094530127982,-121.92766392468069,-54.5418068708316,-203.2601092084239,-118.54929551931794,-27.72726300061188,-46.09558364521806,-0.6589021235687409,-250.58721143117344,30.27112199148796,-363.1240935462312,50.9033201770506,371.4522906725402,-89.9833061412327,46.41542476380637,2.535325418234548,-92.69686883838992,394.6746775699511,-176.94640746301826,-101.94802882387876,121.34481338210138,71.61750731304349,-7.900530736825287,4.81590160297104,-131.72997873232617,0
-224.30264620092956,273.53744848025445,-26.4880420692547,11.902554211862808,9.270228510578884,104.29781368598276,87.23587450097807,-100.59299657592624,-62.70860013193837,-16.65700689480789,189.95695287822156,-410.08459316313474,301.1885758077875,-1244.3228666649516,106.49394412419764,-17.281748850722188,114.6618547192774,43.1159513982108,-97.19529098853992,-127.98585018695798,-22.55924311043732,1.6127263959272324,146.20610413648978,-171.0873237831977,-9.906134930946452,-28.65647053793831,186.1509238622677,0
212.80407557146563,83.3506727846735,-261.4858576136363,-50.40180744636315,-6.645086275545012,-203.583483410194,11.268458547719014,316.88510558509,-111.2057817370566,-37.996201994813234,392.90637016664175,332.7500668344239,-204.0845915089,2063.2932558901484,-165.45564361574614,26.5006338988091,269.24551643079445,18.421376912991796,-11.419946770628409,-1775.676701872375,30.32389770138792,-42.14097634339591,4.418407468600222,539.8518379939327,-51.21617172197132,-5.65238096021784,20.80407134967169,0
-139.96756558990268,68.53404949674952,263.6081049184235,152.31830436041292,-16.356587217507503,-223.07081966406724,166.5926147987466,-105.21252479189836,-32.71308281503639,7.422364649100125,141.83826481443444,-442.37990322399,165.86320927614042,-879.3036780502032,-132.8274087571896,-129.3483025026708,31.38187017812784,23.995431679666503,189.0489984640887,-505.4263505859167,216.89517359472245,44.29054563464048,168.19403362741298,164.65682191719858,5.526915821539373,29.601242385421727,-77.64396828450285,1
69.01869458710622,-113.59379470293936,-105.39447237761678,12.51621789876904,-44.241778743699854,-334.98817737338084,-87.99855568119696,-170.77405685491502,-10.251082743157264,17.188820247759093,-514.4542555362347,-16.64859230085497,155.5408075967026,-1205.6788119598923,397.94825159157386,-102.37399113309304,8.970180375294802,-19.876757853651167,-60.84156855189831,1923.853110344396,77.87778227176953,-96.73792120606284,60.47734082766628,-118.32169130090833,28.661435366333,-4.141067424874844,446.6569753122376,0
241.59035536265532,138.46221773562212,-151.92741115054005,118.78798537857044,21.59104060137233,-182.5959903074214,-374.46523155547897,312.4735716939309,-233.02973056153397,1.842944469716149,-47.745541652939714,-189.23369697555117,-203.85095744895565,-392.3579049377038,-253.12378699496543,29.81869205864981,146.17543891242923,13.995787216476424,241.3309006856018,-845.7511743581076,-301.92684157993443,5.05476788591986,64.4378302292405,410.1795124591045,-27.602218875436364,14.899237052342192,346.4988467606965,1
508.73505031403454,255.724280111894,-124.94321261209598,36.36496806084498,5.692396130576324,228.50157394683868,-370.41261750986286,263.06419067109283,15.4087587090576,-13.185899631362911,-59.43230756078364,-506.8288329098123,-156.3635017127725,-1172.8998409953542,856.9168594518792,-16.430914349124386,248.61010935510637,47.85387704523038,39.55070029647565,1069.2947691170805,183.0132512581497,-59.32123951485666,69.52241354335348,-232.9348719772744,9.53789686727046,96.52693128502116,106.91781940879788,0
284.0814609834769,-35.67406875386315,251.94489733676963,60.92890998893469,1.807297034184025,-211.45795560028589,-4.184986765064491,66.44633190767084,203.10477229065617,32.668039459743355,-83.20038472994152,-217.26797100481355,116.81828205247706,308.8267450519048,-129.37390626953902,-87.2725318341711,123.531604834834,-76.97092684202421,251.34389838931543,426.1062907418613,-101.85636844519225,94.63954862491823,43.80149410577315,160.0713102696571,4.479033568448177,-38.07451257519712,18.98983971328584,1
125.82812064744108,98.59930233570115,-98.67163627106756,83.42540609485611,28.071734518369205,-135.70047783454245,28.350561293166898,215.0004186233416,18.43567690672648,28.2566853787472,20.355243237410725,-15.121035398978975,96.02866097362302,65.227798464957,165.64499211960356,-1.741461403633961,17.723181322588108,10.263250693626508,17.36658361874712,62.68437948612831,-65.97576167712243,-60.33271416646578,-51.14696042273211,-139.93607786636022,-39.8798609397951,20.582842920913144,80.10383157530714,0
448.6644281334549,224.80681656471577,-392.4539972182001,12.42708071102364,10.991377726815244,276.16490086341776,107.3806873024372,6.82638522914607,-127.81573183813248,20.01381374439459,-44.18827653612397,-127.94696666993651,209.96053753052252,272.90915150137346,-658.5422461284143,-65.9590353017172,124.16555406430368,-26.928492813604848,58.8531263773609,296.375739210374,52.54208617707504,34.303222697670726,126.68609798794324,276.8182130728703,-38.19308864093156,25.63048735561401,7.347678510737695,1
-202.910325912648,-173.38056301102068,-295.9635794365306,-1.6914076003811855,9.956132279071369,207.6824087944907,-87.65440806237838,-172.01215126054325,20.745402706293767,-12.500295335845708,451.7736292795127,218.2745943020888,-102.49413766610311,321.64351415143346,23.71744422712125,91.96797738206772,-94.6231275796044,-4.799662929227443,-206.75655220303167,-1103.6383442465972,-201.38971581970512,-18.551631319590317,-101.4908141272701,529.2082821492307,-3.5126234114134984,60.01756311330409,183.35094165782672,0
73.61222536779826,234.81992859962867,-155.8619789164308,104.00450775346653,-22.49874742667144,-60.90409654453981,237.5902810200298,-312.521488271694,-14.820270847952106,-39.886241912469806,172.605731896676,-116.35598642813152,-119.50904028683895,753.8410855414376,217.78616178704004,-55.77873612911811,-217.0499500054765,-69.02891563424527,-125.07492798519328,1950.786892748466,-203.4800296173044,-76.94596249177712,-82.57475022039482,-446.3056585001015,69.15161326089434,7.962841774954226,171.86606643759202,0
304.5010895642031,201.7200125782645,10.02319842421694,40.90403784036528,43.35433394736059,-118.36925460011469,-232.2706539913837,-86.0704657257096,-0.7740032899010929,29.45524082360867,152.12735135219083,-388.4226150816432,-13.156532095031002,-1114.765939138663,-23.64680225505378,16.669265202872495,69.45963394205046,-2.475023924347795,-153.2368443674909,-603.8494076279375,-186.6481720557126,-37.81728680580175,30.140168275058763,-113.05035627781854,-31.29784103994386,47.45231947358499,31.21187692958595,0
-29.906678394368683,-497.08797414420906,-139.97719583780216,-83.51758737472812,-20.522356119799426,-94.77545949563545,149.0715318420719,457.22327068701793,-0.4623386281103661,-16.739487558452936,-176.85194203874929,-159.3373665387971,-152.33141841289495,117.19756206664712,-24.75776002280453,58.97209810358843,43.98461600578504,20.85912082784484,-227.49473851606209,-734.7385336579896,108.82872413709735,-1.434434995693786,26.181442463999534,-246.709362665044,-5.017861584030404,72.8233895710101,-113.68060264434529,0
-238.7880962737868,-165.6310658471888,350.6384030198467,53.29293588117973,-7.232457308016148,-158.8384329415071,254.3722697801855,-145.98419016933565,-44.78393095238052,-10.705791705530215,99.55683277478091,-23.700386260183127,259.9929135015801,135.49416937125105,193.3882108818492,-77.93102311140868,210.07372612747287,-21.28829037246953,-86.55118669724632,-724.2468046403469,-170.15747231248437,-41.1178979906808,-60.96383652302154,-121.97860659791704,-28.334321820362568,-113.06853215073436,-92.5421843392436,1
-63.11311954415386,-46.08273703330556,170.1164922762338,-52.67027831164557,-13.515098830372851,-173.84685995903655,-328.900501055825,-52.46384898107687,-220.701823015702,3.761635739725052,-282.13020930242044,-205.85431738030007,-37.74668270541726,-2384.4034830219443,11.17469759088006,-15.661433547576372,-24.884153284930697,18.765528199383624,-142.2057069073403,-702.2484193292389,40.36216177664522,7.342360789709818,175.17158308385052,-166.2448628202726,-13.073078851081018,72.7129683482082,-55.70234225886404,0
87.98721091710088,-167.78211689660378,53.745948824844135,84.66301028425505,50.56097510093518,-19.425146378772908,-185.37582867852203,110.52833276685284,37.1998565012648,13.751610041234075,175.45663838807286,-45.34658350914592,75.60329218882855,-105.078385327213,-793.2250776580436,75.30951579917499,87.26577162675464,-34.17096307825287,103.12064219190736,-558.8128447852358,-120.81794397125772,16.507458007665512,179.39256210629122,-203.6643199574064,-11.530175862057874,47.66977555987453,-38.496536078721824,1
127.1611509920223,-428.9186174709112,-32.94432100839319,74.28593755266316,-51.27369389273634,59.67198201315584,26.387120258304076,17.126607851151967,-113.85371938444784,-17.95179300093053,229.7473531942288,-280.9811924355929,171.21526586831823,-353.6900662414872,495.31034780460766,-38.18713811575121,-344.48620208170024,-13.40464382702813,166.95733741311835,305.6354143150825,82.05909589040049,118.50550317030414,53.567898264287294,57.19442080865271,16.293195859628955,-2.0593185749058573,25.833585044353025,1
-454.6441974292307,-620.6602064513231,-219.8944240188681,22.605557910912893,-11.490860699095183,164.9859525210216,-192.36794706492933,-218.4547252250732,55.03005106434474,-6.300820134331705,31.18132876120708,127.96284085417554,51.08618055437055,-1106.9108016607931,285.28092885672095,1.2043407038521785,-88.3189822265348,-18.693380017570515,-318.6995560581116,-173.53602268739112,-73.04786019748092,-8.942674162133104,19.720152895321444,-17.015701546036674,39.69680855225904,-16.104341176761412,142.67807695068487,1
410.59227948992833,-290.18074991648564,-198.8455584818202,159.4103204479797,-24.416477573326844,-642.9053755369116,-116.33692747328968,-77.53269147036349,-112.42425521313793,-15.385475858294615,-62.6177677664698,76.82827876311138,-110.3377650007762,1148.8655393162967,-528.7867810512485,-74.30396454478452,-377.892606620102,-43.86469201711053,93.45468390576082,-196.52847955071505,52.24694019943519,-24.312822432609853,44.01852427640806,-216.2639221328892,-26.40904518153821,-41.2993946829747,-212.94897420616184,0
-194.01365697455105,239.27386391818797,133.60359197001227,-0.3789646283798848,1.837151773630592,16.435965307207816,135.52931993877493,-31.77800389981352,-198.82133886831284,2.439268665912206,2.22255958474444,-282.1565462009001,89.1915248556111,-638.8463823050234,121.0436171926837,40.24754548794958,-26.139781576415736,-4.026903044348897,-89.11081425193811,-839.6417496158633,272.52918264788383,52.49009976609924,-112.03412148858196,267.2859415574616,-43.52972772474438,13.751525191091504,-162.16567492959302,0
-44.494696149273786,-111.3429837881285,135.33304732273606,-125.96035645112124,-30.886515663451764,265.13288590524746,-28.4107951829321,142.59449126582535,-117.93209694868608,29.872453952069183,-88.05655913268404,153.87758474604132,-17.54340274865047,-602.5087776572029,457.76764269789686,9.137081093480486,-234.27837489813965,1.4285789979848915,-132.9806398023263,618.7232155150234,294.86490417906214,2.0511393247227643,11.098323775950623,155.66690267723905,-5.647010938875472,-0.3590019757700773,-112.68448220560708,1
-155.93564894236232,-114.4383052014644,-143.63124202892735,115.01482652965431,-9.134188482571968,-145.81276404289952,-62.28296603222019,-244.49165158746044,-19.12277529180228,-29.91958329008765,120.47131101015542,329.77183074961243,215.09124240565328,87.23880467278715,-143.2169366055494,-22.46396567296552,-83.08708264889246,-19.588413437769532,-15.358787269748312,-927.5885170489832,-30.298526950818143,24.98347429464793,181.32712304876745,144.33411189099317,-49.54963475696519,-41.57304722247221,-350.66118355506046,1
-388.3666122480393,-77.73137471438001,133.13020014861388,-100.58388088944898,33.15832892088618,-277.1779195109661,-48.83476633064895,-324.8657906658974,-12.629752061596353,37.077142473247775,75.26109409744835,121.4981234849133,411.8972472401112,-522.0839571139302,-253.21501610800632,65.35855203266448,-28.06866959836364,-46.27857563431444,118.0294103180142,-145.99528563162673,-53.34062702212705,-74.72157105006728,-108.3371271003212,262.3049735791468,19.53279475949326,56.277956214985984,373.1725692327589,1
-36.09086923178853,159.2009820139208,8.077009522622406,-70.03727463620399,8.044090543774576,122.6224382592014,20.36751746451273,244.2042617496781,16.989866205662054,-18.31609374803554,128.96297732125868,-78.86440730163659,-157.5322272882825,846.422551084526,59.27668283511874,46.501355126209,-232.7127175993037,-5.213282605966578,200.4588939054319,753.6195587405984,-316.4790538119967,14.8487375995067,67.89531210672274,-226.0695704161694,47.53572544617544,-54.95396866181455,-103.12591251908783,0
-35.28641328517484,-115.97834867521529,79.66658515357463,-119.348749209346,-15.849806745004129,-202.1830322903014,174.81961933892427,52.79222886691525,-68.11244583966912,2.868393804162088,174.8081630368432,-76.30528570120669,89.98931480825107,221.0088219264574,407.1357908541579,-7.591942906198037,-65.1627544382347,32.362240527712224,111.79665193768167,-205.65022342420568,76.63570650289121,16.699588894593603,-39.76407128404904,-302.0900986938703,17.436065506785727,-32.11808083131429,-19.514930222851355,1
232.09223233822507,9.117974852137408,151.59531933233728,114.6807579682843,11.90532425545242,69.56645809158911,-106.34409496375136,231.1507407359048,60.46329467110884,23.115146712148107,186.06675653083613,-7.5101708023639295,-170.40363332970625,-44.12374521503366,161.369498329996,-55.44902430219648,146.7030930355287,3.104272967522405,-146.62449336405936,54.98241254355699,-31.41352768983617,-49.40865150002477,-7.6857696917995,62.01731705851279,2.617075217568879,7.343740606667438,178.90339828730765,0
-410.8640231849767,-292.0565974910772,-140.24184658586057,137.0762230819643,4.055758897391579,360.6713940128199,-202.00823184586528,-205.498449512438,142.68601164157695,-0.7092559261888991,-97.74976575129598,155.06398224738695,53.26477235131706,-1019.5489557053872,355.7836969759405,48.6359419335508,-261.01278959656594,-30.83694670187606,-96.65440795780988,837.4370228890734,32.32132779485494,64.90916398927656,-31.56340831249136,-14.85457687891562,31.619132168764462,-3.019220399823693,-27.91035691821676,1
322.5383851583979,-109.98694935774996,179.91483915216423,-97.12237535253036,16.26836688282983,-148.6305510764508,16.572253110934447,124.6339041259248,-120.18510619546618,11.678214310163144,31.994161044368468,135.16998747999327,39.82464056914876,498.8597389323035,-548.0829023997968,52.33023394130881,-37.755526181929504,-7.92228602826219,-162.9850932603785,-1291.1434467033953,-122.26519603414836,-51.325201153488926,-112.94920244008016,158.3336029857939,-42.17127826186215,59.72587191899424,-42.21810632962654,0
-129.55340586221718,-187.3086725408606,-29.941032766968476,39.60679036904935,14.670224683493831,61.29860606820285,-126.32494669213582,121.88770032695126,125.47134137788744,30.82749667536879,179.74002520893967,-169.3295347843346,68.07500402879182,-885.4047354869929,334.5517071596441,-148.09820645899472,294.73653830551007,31.16714998845212,80.40305826789647,-1095.3955807057052,-160.8842898400033,32.740415355227896,61.681612684451565,55.98972983159032,-4.1198559710748,17.918733143850154,122.19850233006606,1
178.89820192075328,252.53409276146,-46.90919871921229,-239.99303185195,-26.796889842906705,148.35233378172154,-102.94640380863812,-88.78185786122718,160.28405312714642,-15.931907379594517,-208.0640548606065,382.0298897150613,-73.9029550899456,1351.3560923727116,-677.7096935587981,-60.3567665596555,-319.18652933548344,29.61245775164249,16.317882661122688,997.1978407560734,190.67688804726268,-1.2952926739371875,-27.6387435305748,-239.81094391129807,-16.883936190006295,-77.69752199671802,131.89439039659686,0
68.25845456911651,-217.89491780967796,-164.73564036380165,-13.189084905841014,-0.1276473142888381,-330.6124609484993,46.79551473180216,54.9762258479168,141.0475736537399,-10.93791589497474,-85.61321929163233,128.58205477787365,220.1660685173127,87.83882348461528,185.32463363088223,-6.3565326604562085,251.7964092941007,-1.301601718772878,-161.20630508300883,-1324.588194215526,167.8501933372378,64.09345136295875,-123.17461197311624,-63.132403376007375,-45.78026408524502,48.5212549240299,6.998665431036779,0
54.96201026314749,264.6183887026762,141.99997238691736,-15.979599981848514,26.221964563853145,61.43056687777269,-15.4887408632497,118.15390351578915,-154.8976320071921,-25.340483223965126,113.43873328231818,-83.74329569303586,238.06460618964533,-641.8299748581104,-33.70747690002075,52.10195800377229,333.0110990392507,70.68019504378927,22.856500344059203,206.6253909013284,30.34156840479953,-100.35930182022612,121.82778651284612,-228.9946025439464,26.430827640732478,11.483362683936996,282.9210937798483,1
254.62897176723624,-142.3151969331029,-69.90886379094535,-65.98324540870598,-4.252818743939708,251.56259284775163,-292.02143349073464,305.3616187813843,47.40435858530494,30.89612803745674,-102.51768266078923,-263.13679173636245,-201.768824784112,-880.0592513813571,437.36864405625977,-22.85346961266993,125.8001609400467,28.76305238136472,-128.11922923480736,-679.1976729219446,21.119835131133872,4.668995724970829,39.62924007188687,359.386476619363,-52.15508372671419,32.2207090007779,-70.26833560008335,1
266.92798052530685,67.52183321669408,-0.7572620973830895,-78.53654501586492,27.7755615724334,65.6001007338531,131.8356845674483,169.44138541559238,-44.08209450281272,-1.1016737891783848,-77.36705713968517,78.95683270835019,158.9474068904428,867.4953037805602,-395.429965659585,14.893065857277476,129.99861329964065,17.313123376207248,-61.6609180405327,-605.1805553215651,28.946953164471644,-76.59082343016041,-43.81607315155991,-222.1840020654829,-65.16487202412725,1.2859887605490703,-294.9114069777546,0
666.1884082895083,152.53698258639028,-325.08527396125595,-58.005397721832544,45.4187478270556,-59.414142184648206,-160.2308930886341,-14.044960473414626,187.4571320850965,8.874018325898014,181.7623148474002,-434.0688959869672,72.75046880635229,1159.2573415062768,-182.37570693093795,-19.64190989965772,-71.38358960739603,16.12894881457448,73.45358965183799,-623.7711591642596,-214.33385303529255,-42.73820937907635,-105.8458251592168,243.3862353291596,-25.27163655861792,-39.82877043479817,-135.1244386068047,1
331.59770213113507,-91.1258361342302,-62.22713687663544,-46.328799666126656,7.237013359646918,-87.26995811970913,4.425537745537127,141.82574596273503,-179.62709328663817,-0.5549406918559616,185.04921805905963,-112.93440948052368,-0.2808503667723605,488.1271071030738,-159.8040733768629,-27.75896053026347,116.29136422963276,-31.291643430151694,-106.3636615653239,-906.9361604130866,-149.0291622963203,-47.8798001024723,30.112462678885223,43.1585549915305,-26.18581448950584,4.379947249170861,-121.0657086940908,0
-132.54381110444447,-104.26979232863562,-100.87258563973892,-36.196265487386334,-25.849485926492388,-16.687931680947106,-169.3111242521453,-299.6285925813333,-74.20277133212856,-1.7983514804799534,-132.0318062813129,-370.7694960876302,93.8446676202625,-1454.316116988232,-119.25793815596488,-10.010008343453562,-364.38942039264015,13.92318951119909,46.25415300908496,34.94606799232939,-142.46693672923885,132.06877648711276,71.64803028882343,107.61287926010698,23.16331715124992,-68.60938938939589,230.31083235323263,1
367.7824351621369,36.969848757163234,-222.08637005019423,71.25966849616441,15.657018738553075,-465.8416411298808,-50.12640903030004,401.33482037966064,27.964848349113492,-10.047836544940887,-265.2464691290768,-348.0623245270863,125.48085980139092,-424.7298965420701,211.99981191574204,-14.465061318664162,444.24113305356775,24.564837771540564,126.85202089576468,-907.4553964183032,-88.75208227661058,105.01608789593882,67.20265351910598,80.42456026991451,10.057291760499318,3.5279074745020864,100.09620297935984,1
384.4362219257062,140.81211444089004,217.62568111273575,66.28080350357135,31.51747295947824,-226.2493492379033,-110.2994418822755,372.0948316274324,-35.67779943701968,-19.39717349271163,51.76000198264138,-32.28294349437263,-18.927798740860705,-400.6729770297815,-479.7386435706747,-3.637591467977167,475.6569031975276,25.094247815178218,-371.5606206174499,-1045.6061014926013,0.8471606234372373,124.54415928192572,-52.51942373492773,-135.97646590267465,75.08528274242538,-54.04291645621736,600.5473338084718,0
-125.01356304237596,-117.21379123037076,-245.5393154504696,-49.86313492046464,-30.787866800797183,144.19314381575973,130.18713615588842,298.0317976850524,65.33584299261403,-7.7422602778611616,-135.10120780433138,77.95981327716879,-189.4124490945632,589.9304764705839,177.56150448794523,-59.642065810304345,-160.97175761178897,3.411901593849648,-25.052424306947557,1068.851949845862,-91.34290734329336,-23.134496104959087,87.4430137422581,-148.94253376857816,38.84585713725522,-13.09663767894487,4.703971875954965,0
75.41574952350385,185.91884066033217,530.4704749998726,-85.96726443680997,2.8121419832240173,-153.18124792570026,100.80951921932822,10.886425346606185,-103.80760091638788,-33.831632600068744,79.09027111876355,-57.85054496934876,91.20805609621064,807.7567662846805,-125.42771819646414,92.13635598189666,144.6222831243104,-34.84853381504312,173.0953460150567,768.321958046523,-6.381858156391493,-40.174700101397015,-33.591445514305704,64.58064071812349,79.78469110435351,-56.20519975712229,121.4263607893066,1
112.27276782398104,306.6204720969088,-278.0287924230226,40.18791507383656,29.72036590722793,-213.67366916539495,-206.3914815742349,-313.3780305149076,-373.99986814749593,-32.94149394398367,180.7330922907662,-522.5041485867988,85.75529216692169,-1045.5832028927546,-549.6432601149401,5.232338557585759,-143.2302325552169,-13.306773596645844,-119.08191271617044,-407.7015069498401,32.65297924870219,-50.434748781914834,96.49811483329228,-444.9201212876748,10.355261468071443,35.64062376631334,37.73637101256699,0
-9.56526260714459,162.40808259533674,-232.10820151002977,41.41858895021165,10.86891161720601,-164.0140930770153,88.62515488701344,78.19114687020297,-55.15326828595705,2.537527918530489,145.45083371434902,145.14327856843957,72.96521587694235,679.1201479607994,276.1098698786085,-87.61360565213462,83.85839447129214,-2.729471632482033,99.9206802030344,133.12241618613683,-3.481876358048969,-24.566764632829454,-50.85004806648574,-179.5482732767524,14.957213619880736,-33.284605757752665,66.52157104092434,1
20.85737376756899,-150.7367761108927,568.0563677316638,29.58926909221544,-23.71640096717073,-38.42682785544391,149.09472667047734,-16.05325859342232,203.94430382481505,-6.778897263267866,10.526494239994404,-75.89320291417721,24.657738313062996,519.8218847763126,24.89588134658514,-5.167973857257909,149.78718745444166,-36.6729435385986,118.75082582760004,230.9560951218479,-191.96719751275657,56.51301365538717,54.83530523265028,149.8422483492373,0.6991204717971125,-101.0896199206938,-66.31919603990904,1
180.63333947513047,41.33857801080811,207.25310437677345,-22.46752980642409,3.6503771469340993,88.45749689204304,-85.67497298953214,287.7116965367541,-117.16080862081436,-3.716650802370056,77.89634401679083,-287.86422451549663,104.20908347443832,-320.7333612854096,-83.59724602483453,-55.89636949685521,54.253660449102405,39.54057355182239,244.6129363212592,-901.3973486538736,-4.02798070391618,39.28212671493976,44.446375648755065,123.97559000799914,-23.46537111906571,45.56662199491028,-29.65694223335972,1
-36.97977382808011,-297.2930748694645,78.8416961989779,92.01771219229128,5.709520344884968,232.4493824298788,-23.224904002837903,31.07211535757613,-142.54924001711709,1.4713829557111988,106.08690228298124,-112.98891222659692,54.74671838850442,-855.9975850083838,132.36878215183404,11.803692405275951,13.358989597195006,10.288922633865896,94.85440428437184,618.1350014507443,-186.98939694417825,13.10419470705779,22.239869069106653,-63.36186591724279,96.39020893399388,16.6345635051379,278.9381354632172,0
274.4913393721214,136.70784291584073,58.73287819000048,-7.007143511969405,-27.75311574195114,-271.4478526026198,-159.65170275581642,253.6794404795863,-26.64058575430981,-17.312750043568002,-9.342570423264856,57.017509686210175,-34.52747088882028,-821.9580100801767,419.4694460012332,-34.16829182420425,246.37015061239717,57.48439670049467,-56.27908849882424,-1651.3634644323904,-46.50496773740012,121.20681468443644,155.34963993996246,259.11894665703375,-58.96997961617917,8.374087009409287,-18.691776643275084,1
-49.88355115702882,-74.44102173486331,-152.7122750671227,-85.36255979122015,-13.20775540735351,-94.24082246525911,6.422348592292787,191.14051069110468,48.368243160600905,-33.933456737415014,-19.762199144369784,-337.9086301670165,-220.9879728613935,-174.07586443447673,186.0383525344459,73.4699194262376,254.95811125426127,2.981958860845812,-186.97438676385585,-454.4060613134694,219.4977830124268,0.294721498206933,22.995161978502217,-28.78275517626267,14.39040919053709,101.97727426520504,44.50589094337705,0
18.45807638211856,66.07427941630382,-190.85288547915744,-47.525091519778506,-6.912218138046736,29.02108323335216,29.39430978904477,44.06405792939993,-13.206713323841624,9.482603452190949,89.87116455289494,-424.0234521371003,-107.35002677718616,210.46360445061288,65.46792962976082,10.83450041532025,304.714041586521,0.3157419365997027,-15.346311923423606,339.6941425379616,139.0790679535101,-27.59919712512277,72.44976716539284,6.124166503625732,-37.29749677657661,-102.45908250980612,281.10426187160306,1
136.49343823393428,217.94812970290596,145.0401932879163,78.28258340698682,5.998599608421589,-424.8384030035329,79.63084643957802,54.81275839445197,42.16289028973817,-3.909063977525845,-193.16352691121529,-52.306857012170966,-50.88307274528615,-342.586071097484,106.25893937465162,-100.6658394183232,261.48451324522284,15.760012447307538,-77.96076776248775,-916.1595792383802,-266.98679074007896,53.84104586840732,-14.028236756701869,-74.97692358365632,18.63832841181419,-34.74992269518079,-85.18607164031245,1
-199.50181706918931,-180.18478957911512,-223.7990735777848,31.954871693700376,-27.74182792589641,154.77686225057775,-75.70800648712861,-145.9800222934911,-17.648312474999088,15.468208806891791,-478.50050710252697,-42.45472387186714,-136.2140397856243,-32.68483274156508,169.64589787281108,-71.7422709022294,-152.11360871971746,-13.20406591549843,101.22943525970167,523.3500584034696,-34.51531850974844,5.255387826012231,-135.717571610842,428.3190764826656,-16.056819207873737,-95.68173050916612,-31.22021484296679,1
74.62361829183693,-3.2323719958448347,-246.47918336691467,-50.1906456974958,-11.792538238079448,184.67758335496293,-87.08419759930301,-25.694066011918405,-46.41454737971467,11.428926120820517,80.08109976102008,114.83545931062936,-30.772258278477075,-343.55020640078146,389.0726699470074,20.74699544598592,-18.3591564704037,-52.06003087351322,-139.3642087228031,625.9386797578069,-37.2993999394992,48.27056349359773,68.45403602454842,139.80461354240097,13.025606164895198,-1.206227227004927,60.69317894035873,1
43.17194638851731,-15.974746721275176,141.1401391570258,-84.78296757517461,0.6326583138796513,-255.9219342257321,20.58025083442996,128.5041488077167,-6.161636046516144,10.372192916174573,212.4269684430129,-175.12107402682196,8.419786837725514,228.91050929593897,237.60007099764897,-24.394562486449225,37.4167976545582,3.580010870062546,88.62823134173763,-383.29855459568057,38.06921921057746,22.25567962797281,-15.818976513276148,-192.62725257108687,13.866049938950676,-38.556416623208506,51.62657914316679,1
-237.9677210070128,243.13489286248887,429.3028313753072,-83.6668406358091,21.17550425974979,-209.54381963927244,22.484469199664098,-28.14116191196117,-146.31810058162796,26.720228925919063,275.8082853852612,293.4373315908357,28.1669212284838,-142.58671324570778,-59.982493312452334,-83.76741207404984,212.82939646422412,35.85140901659764,219.47410788053745,-1268.3074881750206,-64.52196685447662,17.255405603207297,-44.65122211434206,-196.85638047094653,10.263963963225365,-12.369162228052073,79.59885593164508,1
-21.839838480054592,-402.7722031494678,62.12786700684187,-78.72108093057155,-47.38933697975192,-287.4583262006484,84.88020196431769,173.2127913218594,125.49469401536535,16.599205738562887,-18.198986548942184,-108.2448260532702,-43.76860353053296,428.092510169457,163.92354203602991,-24.421620465428887,-266.32830547013003,-23.26181218180637,-8.306356848094742,-771.0335024788825,277.4750838365809,141.9711935080531,-66.75431288617138,277.9848382560171,-26.71599776390141,-16.866912254071146,-85.99405270788701,1
184.68580770781057,362.18930750329145,41.627863327652776,17.434375753911887,68.0011017532794,180.85626458611864,-151.09095582354382,284.4819131040302,-85.61086845451044,-10.204254899818617,233.67128092744497,-110.75827370256106,295.12517113486507,-14.252037735808814,-185.9474098798213,126.92932908801654,74.85487083636933,17.167456312172117,164.39444732167362,2.6940474548888877,-84.58168606967153,-83.84061697777278,139.26688966812694,-202.33989284459025,-38.8659685593522,40.916747595244345,-135.80785036426235,1
-141.85713098396928,136.60192959766582,98.86929009207518,16.179977462598593,-14.958244888264128,224.6710495669301,62.38271129197724,-291.4248444176691,-39.79593514710096,-3.7822154726041295,122.54654175433538,-51.18340959456589,34.11654846566856,-733.1901339242011,376.06496239046,35.248995399084244,-232.077406705618,19.258614456878693,185.1580128941218,1303.500354796902,-102.38012371923035,11.657749294488235,22.14321757388996,-196.7176615490176,39.41152680611604,30.021366379037232,115.02200559555632,0
282.2089712782991,-79.03270027612369,268.5734237416995,-14.19637058346094,-2.034418294326918,130.27208795379846,-21.085858349403445,60.56139831023447,-44.28426826324736,2.5449027765714622,-30.10520104398311,-147.05842748373612,-8.473701479710721,-135.5110764593773,152.60535908227743,24.33679389023225,-8.650491649021765,12.19280530628744,88.72549420981095,419.2170202023812,-137.81123811271135,-26.12139888945029,-116.52636899356872,27.935481083233487,20.463457425350686,32.496596126886274,146.520290345783,0
471.7196365121807,450.35674551849297,166.97260839528917,6.785473153062795,7.452625085087879,-79.41052949019544,66.10527859833759,163.3441697946538,66.0682982769075,18.73533599044461,170.141896397246,120.38519446482572,24.038908534963944,1034.7385649490543,58.52419959894515,-30.65291136823827,190.78697789262804,-20.69294640894518,180.51882702898777,175.0776623773574,0.7008284580010757,31.190923446326067,30.535161561325857,147.0354910084431,-53.598696390158565,-23.086344776398654,-50.208083398601374,0
291.76032005869496,105.33715577432568,227.8123130671237,-18.5294666516647,4.8991006805911015,-142.25528977131796,12.883384593202896,-69.89658542405398,52.78734992752084,11.31733191695953,85.25411901729873,362.9958703447776,-195.2753497367808,936.437354445922,291.3212716364804,-19.10217670606439,-2.702615769265515,-40.46287703716563,-26.050860831900177,271.9062255817119,-306.9787036703113,-42.80934197282215,-73.9558657891914,30.44433730279961,38.79701073108598,-37.49629716183052,-255.9526015663502,0
-342.4399018692285,-388.01818112954265,59.532454372150426,-83.44467890952762,-52.13063430587134,0.8566603855012644,99.143715908058,53.90881189469325,77.37915479532464,-30.33984880386752,85.94064332902741,407.34658228604303,16.06812232113831,37.71657159771514,-64.63999319033155,-15.463715498817974,195.08065442226507,51.938868410486094,-338.3860365825673,-756.6417359368702,94.67306884278014,27.518486498421,114.85407367103876,90.14474632837884,-4.026326483630431,-91.99327493181532,383.2087619221441,1
411.37260454635975,94.73608146847504,-87.99067447965086,-53.56540068768038,30.26901546130058,-26.683734072658726,-124.09738898907338,48.183874916877336,157.7153860250144,32.30026661063546,-48.2458850855587,103.58735228312985,-140.03598379451262,386.7523093115493,-117.45816359489818,12.431909817626693,-79.16822510726051,-32.49492670174508,-7.842105313197443,791.6339144837457,-134.3444803590544,-44.83617451597245,17.788623718673655,-253.10251661712067,26.239401287032283,67.94482684539388,-165.27661513867162,0
240.53361655785048,-67.51496708037459,-214.0927304533003,-10.19623684949741,-12.705738676611809,-100.93894938951392,129.83589722939584,282.58964079697176,-71.81339562231788,2.563021104167931,172.84338355494754,135.60997546215236,109.51210110904718,211.1829379104972,435.52568649514,14.274381898536404,252.57609210382523,8.566818540426823,-136.51719173359405,-294.2570282652455,76.75154209911982,16.384829041317662,116.76149143086909,276.0007108147197,2.923815428101678,-11.161718217978674,63.07596342664238,0
-121.2995359763219,3.639311390995064,40.16446579736377,57.78029475558115,10.89327571268754,23.579491903115517,-42.05933743138259,92.72320677559604,39.60789155246365,10.578198606635056,337.52079190503827,253.57960592661885,-167.99981721217537,70.82776468586044,-373.4727710522551,-43.99446737280151,-14.219335079827156,22.001546606677323,-291.5622947846674,-883.9684754497218,-78.40304982098323,33.239939878794736,10.912696235443184,235.29513941269107,43.38399403729424,-30.42861756304722,316.10756421160687,0
243.7199638969923,236.3972768183104,74.70589123374344,136.99306793848712,47.35129210577533,123.1942844807522,-284.0694036102764,-130.92137201305616,72.17755324539442,24.62798301626421,108.42772477484596,62.03617503037025,-235.70265213243007,-3.4851749001620256,77.00349853472585,42.8102379088023,162.02981866154698,-24.481475324257502,281.69047185856147,1014.6819445697822,-358.04948681796265,-110.80302176360216,19.158040924662263,12.28301914080413,25.845212557561972,64.90419825341638,50.99069472350854,0
-154.3661805786619,41.43097572985184,-342.7936712781186,-88.63019456201252,4.606273260863488,-128.1687644519224,14.38239802668517,-21.54996834903235,-208.14526171729327,9.270873097372643,65.3769843108738,-220.9578785085968,163.2151672882191,-1439.6374777271144,205.65308659498504,-5.893538531426739,60.644009557295774,53.5931873806658,-129.81853888188394,-588.1593372770444,174.2851879131831,-18.1243008134453,111.6500726121002,-146.3340912496301,16.308304018580884,69.02688276586855,113.60416586293998,0
-49.0091057166615,7.979194022740178,-144.68085323069295,42.973109896007294,-10.235444852027635,-150.64404131548883,49.81949533017209,-137.1580620301901,234.3361848675717,4.768934089049172,165.3433264952094,293.2207510538329,-67.10978650554762,540.3620183960692,183.3240592238096,-32.33530385732491,285.21357448189417,15.545260557006182,107.1019935025812,131.606362378225,15.999641105239691,-21.542231171144063,170.16634745782534,-114.54706276595128,-27.69224530334545,-13.477496779205412,-8.861235838279676,0
227.25757295901636,-2.5274276957013084,508.6517265593488,68.98686926620553,-7.831769403877985,175.39376810858826,81.04700885479663,-96.1608633343896,-129.55731981805548,12.063377410707956,47.79922913609366,-381.1977079158516,128.05095942781466,-1516.9863309951456,271.62862306760525,35.73177787877309,74.95517811033164,44.34158646776884,-65.12928082112242,611.4477886881249,152.49037572607978,61.26015636745871,-53.93695945701302,-94.24451549222096,48.99994867704518,-21.96611178597599,278.88219086809187,0
-120.22433554294857,-53.923517482863495,56.67595913017748,47.16709793873639,-3.38686383894041,-41.95579590906916,24.992410469319548,-61.752598141262645,20.01518312406536,17.35121184814066,-60.42329714380288,107.37936999879348,-53.64170827836174,-479.2310775046423,306.222276731202,-51.255981319171205,161.64191249398095,42.08645033900365,-50.193622765689085,-782.2447212867881,-70.1957109751173,-59.2039706050686,-71.48928269746983,233.8195697501665,-30.47720088046337,37.259153945406354,-13.937925841808518,1
-108.54038993246957,21.793969029243488,644.3240238563338,-56.94571503726995,-30.14182099006289,-506.5433354893705,-31.132712267591018,201.60443161566909,46.150915273924696,-8.07079651420106,-206.96888026745745,109.12611333623116,274.0344401797594,-671.0272714230082,490.6716214424632,11.171430526468477,-199.82523832312023,5.545400566111068,-242.9632459223925,-684.1500932526346,13.849708929202723,-53.48153709983313,-104.30077446402034,607.3869461395029,-18.42908292538003,-1.2828272906699212,99.020565279207,0
97.88433850807792,10.143513053270642,-583.4314467063012,51.797534761964734,9.566955695552,-6.275040482322693,-117.45661142128536,422.8875973322532,-138.50555676208137,-1.4378181581838807,52.22838918637369,150.0288473699447,-121.5652816983486,82.39160731811968,-26.803895524299016,-23.081363559214985,144.49778182707556,3.3048226401721856,-291.4715733225782,404.59629661245134,109.42953467014983,-24.470587675280942,179.8337264934483,-123.18613288478572,39.84163293719281,-52.31156191477967,289.5998054317702,0
174.16019437894184,0.5645118990100668,-51.29314467514214,210.7352241057117,1.0687006383228814,-41.5371876061477,-57.42272145719508,-178.75438254815876,56.15061278171796,-7.762204013818178,-98.54318600804788,55.86273662725735,153.90943836980065,-233.1339184299333,57.547702106461415,-47.834266497281256,345.7182421124639,-59.248647585138784,125.4022581931548,525.4347932234948,45.39116259985956,32.80821357498722,46.5583612964144,204.7894671721796,3.93334052605421,38.72998190918494,74.45451729960418,0
13.4048368155091,312.77543515051315,-118.67239531959736,-93.91188788039368,-0.7255333474388044,160.46688686179593,-126.78964232898062,-195.1953909796148,85.09257963926234,26.816063116016764,-142.3598452681282,-23.403839731762705,-123.5509567177632,-225.34471352385,-566.5024109804772,-70.44382017262308,-196.0869336526846,56.87824873767666,168.16000831787517,1243.4535830542538,143.15081804908752,-20.369742567392365,177.11128850171565,-261.4775333234833,17.041385291268693,-43.56614097251376,99.88236242923108,0
-68.32135253829284,118.697142854869,-161.1521710266061,22.7800919745853,19.906011400782997,131.69296904296525,-52.34253828236321,123.38508002144069,-132.51284385711506,11.057147524373416,-94.31274180981433,-138.9027024017473,-119.17835375543513,-1278.9588677289794,149.5107407956344,-86.58605491819094,-81.91623381829547,9.719679997286082,-125.4861381232796,129.73715090168386,-271.67987895500715,35.25183817160866,66.6423612109381,-320.26512586849526,86.43770229172522,43.37026131267798,-86.03932831765779,0
330.141603753824,-548.9079480505576,-516.6487876686871,24.335219317564704,39.88734229512457,-145.67676536767988,157.23293752333714,283.46187552120784,-152.7374635375943,34.89409874258547,-417.2242374839715,-219.37232489541887,186.69041914434493,926.9843851134684,-137.31418775580724,85.65767682365154,-159.04472861465436,-0.6819809842100968,-139.197256725137,-300.5278820783938,17.729217494435712,-90.25776997698505,-250.0056809083265,216.6441564443503,3.999084509418382,-95.30999630593412,-293.2808877599031,1
218.1237106489047,78.51248544091418,-147.29570652672834,-160.22795637839116,-62.45172950625795,-58.3166721909185,341.0969915116227,-72.13465626096747,-246.40800518252604,-14.468064242094146,35.47952474185597,45.08113791054576,-90.4324523428734,304.8114487446895,270.6853822868633,25.76694375298008,-3.12713844519026,-7.336010110943784,-178.05322702976872,1369.050524068355,-40.46547083470805,-64.82063332876744,155.85050226920407,-51.74265181615515,33.08641706033197,-29.2866140654449,164.8515842729321,0
69.04517843374309,-31.333130911774656,-142.41022197050077,16.437233444641276,29.827162859493143,-247.360923905874,-180.20860184791067,78.85953455465305,-158.0556078854205,0.3188123230204183,138.23850191782333,17.668447387421047,-70.57520509666614,74.80537496497433,-293.7210628949982,17.166197842762777,121.18590274060404,45.501721191188096,42.41530435342061,-1840.6688412016963,-245.20145581747843,-75.39857973136982,-68.35798300436933,258.68480650217424,-34.48671299686448,42.41199313475023,161.97524538599052,1
-336.2822335642202,180.80992111006276,222.5047566698093,15.606785215496188,0.5479445817364441,79.67898253567986,87.49477078085431,82.815676569815,173.45332155209266,0.5890999155503964,279.9242869617004,128.7613804096213,-149.30040930862432,530.9849173105445,36.40855435417728,-34.05475997177489,-94.435519987504,14.375801999967615,140.2274007283199,-672.2770210756344,-26.81370805253916,69.3458804259991,-118.26875569041448,124.03935326114582,-10.019997166232962,59.88748129267534,60.83206353984026,0
214.1346458771937,-5.313956361922542,92.20118600393288,56.16193037607776,-22.32263795926093,-186.52417091730837,-168.1533268327293,-161.97858770824325,16.632799353630432,9.591950878211357,-187.09357142225392,134.2554170010988,-262.2172828006619,-625.0420492654292,364.0884845999723,-61.580551850151416,-245.00800956264453,-7.116931278819823,-89.15803250970072,793.6780147389111,-147.21145655426295,-32.53619689023531,4.033503249236482,-250.773715514026,32.51807308399718,23.491816868857136,-121.2280375968946,0
-85.19530493509431,-161.34170892693032,-339.1062978883295,1.1027790158657282,8.533391362352404,-290.35588812180384,15.501640861622954,-129.37752184753495,153.5160788872222,-12.372151075951049,206.55492786213915,259.7285750248958,-41.50180585794831,1348.8522367877424,-141.802404769681,0.2628143941841578,-46.89115072177608,-17.22206420353942,-114.6457986917214,-1217.8437553854392,120.9490591857121,17.61598645113146,-85.80498299959734,330.89990784539094,11.981383248464562,-28.79123585079893,-205.61649474606688,1
171.5511558615349,587.3231604602316,88.58783612846638,-117.11526196749654,6.242017947955578,-142.12957326582378,159.63803585632613,7.322169885573975,14.34829772717381,-0.8926125447232578,-158.3773933717602,15.99007171679652,230.42653988212024,350.4010534060414,-262.73324301767485,-37.02349396441698,-92.57530308482686,27.794826252058904,161.58331374413993,982.8497664615006,-17.62844337624749,11.773163812289503,68.65527424837873,-180.81158831813715,24.888614679719648,-59.38669620619968,37.57218810522111,0
164.38704126008875,181.34228781453777,171.63548532891747,89.07842057892381,6.770007258044832,7.490549817541309,-302.6103589343685,10.86829658932634,-77.63027744127562,-10.388657259846187,17.21587857772031,-300.60298188676904,-89.38574812443552,-948.6117856799096,466.3474961830458,-99.9978347844836,94.67087491534384,-10.711638110328114,-235.95632891547447,-1036.564273026949,-225.73451256970085,-105.50499810523814,-43.41696723713808,248.2028183500151,-69.07064150928912,25.59963605501689,-173.39808637550271,0
87.0340614626618,161.52926053978732,-32.49811368894622,-3.9707034242980175,5.6929116070205765,-171.58805405423368,8.536433340697988,141.51327316857282,-49.15611654847573,-35.92210954231008,129.4587068409015,396.0135190130132,-115.02931314951849,1077.541119515902,29.138811020160325,69.57555155458479,58.92529165542063,30.54587127976529,-62.91444897473792,-166.9752198549394,-184.6524837801834,-37.568262691514384,-103.27713599827764,190.67157175631567,54.08899902869149,-40.206984531522025,281.9787745152286,0
72.48372014123098,169.8260711828544,-41.91214455449672,-5.451713564055627,-4.466119937076378,-6.425009047319216,2.684103613951277,-288.95294453994075,175.07555141904075,20.70017168335604,-139.38503441087974,-271.300956647062,-144.83088734491406,314.0111044422454,-131.54589694295566,-32.48805046413217,-218.1094935529624,6.812734686466269,175.48195447806447,437.7361782468477,-197.6542018948818,-24.737574647185387,-5.870789861088021,506.4873424280011,5.246374362665335,-42.97823467141247,-163.38618698448147,1
-451.9984849384229,-124.38108960151544,333.80966240076225,31.670334852815017,-24.310139668913667,-47.79633949659639,-61.78268489501006,-157.35288813939957,-175.8725782690532,8.171420882600792,-241.9590347656726,131.3636106549956,169.12019682057095,-1248.9456721362865,149.5907305318819,-45.26730787545965,-151.82808193683402,18.995235850360785,120.19800964379738,85.12353806313098,150.85733178946631,-90.44715892733362,-2.696622679674185,134.85173346342526,-22.008902054406533,48.0700749899932,3.379632519901239,0
121.39322184166136,-59.74361334573832,-183.5812050422169,98.86150283004125,0.4934552450425782,152.38629266841832,72.70043232124203,-279.4994308381945,-161.84094014310443,5.9627990250099545,49.02449467429496,-531.7603218036822,161.20768302953505,-644.0403818468689,81.6659118125826,5.66295671310608,-83.21607053543998,-5.401140076370423,176.2067028081543,401.5292639530692,74.18074780623266,58.892198439825854,-93.57493078361551,92.79287013690748,11.7613969096639,4.908380584534527,111.99656223492816,1
-134.03941727538646,-235.20898881282213,-100.83733399039352,-14.01882555704792,-23.4583921364057,19.11540591353168,-137.32991556272486,24.11027822487283,42.9575749779972,-1.7281078463304982,-73.21234375987305,97.2335797331444,11.33890743124218,-349.16540368092586,159.44109683815557,-30.651529293442323,-187.4362745005452,-17.874281643574363,51.0502600909907,672.1742175534745,43.12480590527174,52.44147977957024,90.13668279290457,-87.37169153744934,36.304511690328845,-14.479381910922644,88.7555691832839,1
446.3549784559679,440.22857934511865,139.82797821887166,-17.164982732220388,27.192020120001995,210.8175377563052,-79.60616763902206,369.0846606321223,36.34435628617626,-0.8572105570304913,256.159150685632,-163.41040663740588,-33.254576290745206,317.4457379722392,-219.0437054785308,20.23811221512471,149.91316119876078,18.750374065239868,-121.70333670533616,-28.86127100448423,257.90071156454184,70.43662729248003,89.57509113642516,76.98782866265226,8.208613914889098,-28.8244570407546,28.271381509690013,1
-351.02804418812616,295.3347668536096,-97.46698331708149,142.2741219202048,17.30670134235767,285.42026541323247,-125.33108616990953,39.84429028693847,19.626478005331204,5.826345953477921,-179.27686710420755,178.6036539680908,73.46007417414408,-305.7990127383254,395.77776698690025,7.733392454174496,-268.8086853255701,-16.978904468900602,68.69290153235694,1765.8328068802623,48.06735351225592,-96.42802105512048,-50.9496623482309,114.60548446452624,6.415167108277652,-2.7005797269091474,50.01644579078195,0
-283.7624146134109,158.210243493212,85.40095837391962,56.02126768631506,5.846763019734676,-96.65906462651536,21.950384537812905,-132.08142393622816,-137.09877906552074,8.443893917181935,-226.49142282937635,-113.02023018782992,303.1712547151832,-1739.135405429947,82.72642929613926,-13.577105449576234,98.59818897854946,6.647899229044299,-10.176531118094456,1141.590939420673,-41.571851689579205,-68.15605370312757,140.07991018246526,-137.5724149928555,51.57709746900729,7.44788675013578,331.2562954825778,0
144.944016925337,-130.36721148478074,343.51223076459905,34.48390139448052,3.413454540658964,-71.28441164841843,155.0138729657502,9.062223466954457,-18.88386312111,-17.37890429675241,104.25629812450738,-280.48202039220354,106.33043837682364,786.0770804767307,-201.32615587214025,21.250992282158307,-128.32673310891977,4.033317678338643,73.18767356849517,387.8268616188056,99.48191527726608,-68.8687533229146,-86.89617723585502,-102.73739285514988,36.74689354770526,-47.65922152696971,-80.32875788462376,1
212.6249092876785,185.50309200362216,-31.779279168579453,-74.13988139499662,47.19929917899888,-232.92329173841435,32.14403665358501,186.1135840378368,179.07870815858237,2.1237119828575883,-42.63794921121901,-383.5754271207179,191.0298414417068,353.42719157646303,-191.24546595986868,75.92900428885298,227.5503235009637,-38.70663346994941,-2.0114387125161977,-529.700208188341,-285.159936949997,51.671841429580205,-56.83926589030644,192.713291758992,15.148887344408404,-12.944678653340269,90.3998604856124,1
-187.10436923294012,-310.46101464247727,-48.93203160850027,-20.05847650087631,-36.87584147981736,-34.67747550636065,-15.31315784077706,-157.60670528309453,236.47259691050837,-12.45036286501222,-322.9365949237253,263.3623930179316,-50.92657030953859,140.7214653418789,164.42956319470554,-51.105915888323565,-186.78876401024297,46.657462921183466,164.51555044527086,805.3189321724966,135.8249000130168,67.56240093993314,-111.8206983050166,-558.5002864585199,13.934524889785909,-29.389910458998557,119.65608215395558,0
-219.8754618562428,130.3432336098413,95.59932999588136,-42.49024711408868,-30.3066798202303,237.7915895864112,20.529275853451832,150.96737790726306,-14.706284217379556,-10.33867604457988,67.66167333746624,19.452932811253586,-6.882549709785867,-268.7529709186206,159.74087294057648,13.230350554436756,-106.62522237656702,32.18260240773535,-37.06191689464031,1031.7138642255643,250.5123798871196,-20.42787349391974,91.1922544408238,-106.08365814361964,-15.483404190936607,-12.567237674417566,309.12168503659314,0
69.60775091728469,-7.616003274746722,-31.310529388668677,-39.569032010116445,-16.28656776112162,149.3703398219839,86.67833245162963,252.545775735753,-71.5096350807547,-12.43324018862262,216.92931741183975,91.43222678429817,-185.9050568623888,879.2934379143436,764.5793707196751,115.16408755673842,-168.36519042890518,33.61737678961905,20.496837176699348,176.37735364222632,108.93193745784237,-59.291405036665445,-169.91978515935335,234.78484516131584,-16.251999248592675,38.08976901262477,-59.56449481820927,0
-258.34838340958385,185.7708630402257,-4.736650998444083,38.592499945713634,25.645202333426926,268.63917696633433,-79.35075822202481,236.3823093211608,-22.34438552196721,31.267496260824934,115.26865724336888,-50.760914872996814,-147.75364208270602,-1076.2997134738616,535.2942313475083,-4.066821851306619,129.25623827439648,39.50304445105628,-169.96803548087058,1751.147104365151,74.27717279584377,-112.14896885121168,159.40625307162986,-618.9803126023453,66.07503001576755,-62.22880376057544,275.522600697286,1
1.952590753965416,233.08996835153144,-48.43632708298397,46.7927914079546,5.231942437286494,215.1425920283356,-64.78937028541333,159.34056309717965,-83.11958960893634,-1.4809766506333726,66.27663396763978,-152.06849141255853,-141.76117711192583,-196.20237013269852,495.31332639807664,-11.310684170549951,39.31091435366284,1.4077506411378329,-3.537250329990195,442.7600974173463,6.337678480971249,-23.3163153239637,13.83451019109669,152.3100622312338,14.574660409880291,-17.556798375675534,-79.78780598877485,0
-143.37984229632653,322.7454200785323,-165.04215050603463,-50.74944448601501,19.539342481015662,-50.20100751323388,132.3689346282879,68.43604259839341,106.43563710553366,10.18521454321677,-284.5632734946548,45.12221521495825,163.7402982149784,10.50033687939547,39.81122130788852,-32.2507331502384,114.92464978334674,36.51004930933079,93.90697781009158,476.2718980087327,229.16847259980668,61.181607777863576,-52.14317399456287,-44.63586877602236,49.07902193808972,-37.66897380683423,15.609490014582986,0
-174.39100327365432,-270.9677748772335,9.056096697501143,-46.93732832529985,-20.17106196688032,361.6104754944803,-120.15984388732949,-14.888255191820114,125.04067806387376,61.17890373931228,-61.6785766969379,-76.0987981658745,-174.1451783797611,-1211.183204951128,577.8663996581599,-56.83532907012172,14.96906077148702,23.81242863610043,114.81622985511127,583.6805839361798,61.73273576614089,-65.68385717832909,-17.651292409877264,139.19656986532047,-31.562672149498525,151.13585072447654,165.57858442903793,1
178.8477481345713,-349.792820268384,-21.199009424387118,-71.57831519078375,-23.335410232608005,58.7102648174565,48.80029472250274,103.22436567502145,162.3070692011136,-27.090827901948675,181.6340421791685,352.6887349386902,153.59656677839234,1084.862928149025,-122.24204616862868,37.7237633441141,-17.71191440651101,-55.79066633828341,-23.743272162922167,315.54124685642927,89.78015119502251,88.19722328828249,46.11747451886095,-189.3831246408707,4.8823720021351305,27.24481245990525,61.49813472343912,1
83.96988547897004,291.57331374929123,-248.93460861862636,-5.106244427283302,10.20974193988815,-165.62739584402146,241.01906381955163,19.72353444561924,-155.66468835442402,-6.772872740897372,-205.30265203771444,-174.51732030332477,82.24412420789422,669.7352620286144,244.6703216249268,7.900521455084114,59.03573100739334,-65.39773670931334,71.5401438875744,1363.5287508168958,25.64831638676813,-71.16097904693248,-140.31451762153029,-344.6754929826882,15.331249166464213,8.776063863086284,-18.4857372720831,1
248.97877982447065,202.7492858174193,-106.66923420686936,-37.38226341827109,-0.8639769824979664,-75.95351459443783,-37.7653877847068,35.16676977639274,-14.127550866498114,11.153696805541417,-44.10267990572575,-155.163295237143,37.06980284418896,-588.401748509736,343.4284562428543,-1.0325811478313511,37.57385906531172,4.160141322153533,-61.419192969496734,891.7162018018216,-82.7146125791962,1.226487129586795,-43.73809327010002,-257.6480432347022,11.889679422015943,15.054420696178012,403.399059324821,0
41.299740153970895,33.73185024418914,-157.50595714422127,-61.888410597677165,-7.422104267598958,-119.99920711281956,-159.65369564068888,-171.37271258916675,-168.30328678849529,-16.140496649543692,-5.860299814175424,-562.3581419232221,154.43363434550275,-1402.086613080074,180.15965910279263,-26.82536030901733,-66.52125512245705,-21.26449631899958,-90.98560158141616,69.47785349429606,225.48559974229877,-7.3587149202032816,111.47500991316603,-398.3876312221847,-9.30930998575829,52.613958942513456,-75.75149218860022,0
58.75895093952112,254.02633287680987,-434.5598383712027,-115.96273319680584,-5.630746435942736,-62.05611895261279,-199.2874548844025,123.15347032143114,-115.51975834806258,18.459550711569754,13.957517147164234,-161.30342975811377,-146.16777294106674,-665.1253440610737,713.008124654167,7.850183844072212,60.73797599812014,22.337659637627247,126.36662550926845,-203.3884994607899,-108.92332917632828,26.969761864222026,26.28957563231515,-98.53016173481228,-66.49720055046598,23.299534668869008,161.11170944521106,1
409.9882835549493,295.1178401286604,-111.2142856106891,-25.05088230415735,35.44347619650543,-85.03709569848728,-76.75989413592741,96.11619819117304,-80.34034686083452,-2.735029790076484,40.42040618028022,-323.8617916166229,-82.1545255888704,907.4757295855096,-320.4182313884584,50.99627609471294,-13.945193714554613,13.42817106469124,5.984061493388875,-207.82663606631627,-26.7989196519894,-104.21713351860362,-34.20444758012469,-149.69962238596767,-61.081791740044025,-62.10171242142512,-180.13520958575265,1
80.58317030257285,301.7349339323375,-76.64181553298992,2.7848554163485284,-12.108397128638869,59.7348887423241,-109.38944736744656,-153.4033099389165,121.48786384187656,22.63306833441089,-313.88487980203104,-51.996243119051634,-101.23737606998924,-244.2517222851688,-153.6979463993191,-69.6400356072147,-66.83904323559193,26.79786161150792,78.59798172058164,1341.6564004445115,173.89761241482157,38.55062465980652,-27.731488911206725,38.0636655669064,13.516939931794544,-81.17160823475022,332.2465253823794,0
118.93925811800976,-113.78234141488504,-353.8763128956259,-46.50569537288859,-39.46009900440957,-262.74370581769745,-365.26614787164885,-402.52392043420525,-85.8870691127552,-5.753340391292333,116.64639386106484,-447.6998986024311,78.9922306417247,-1638.7570547289472,233.64456273226995,-75.2165541554186,-322.49002943614767,-10.497137295826438,-105.98414571113985,422.590291457924,5.523626021855471,-2.6650566304163643,229.30457318233573,-317.71258343023663,-21.4115987787198,-13.657183940532306,260.43849159139296,0
-31.669865366500428,42.10792608516845,-168.83972731914668,-71.99402772776847,10.791599352998306,110.198363902395,-25.37151676781916,28.749054698989017,-148.09980507704867,-20.741429764191643,85.04653797214579,-292.92213916237426,-45.45272472707786,-194.28440545109797,-17.995504558754696,60.55954761876427,334.1088913829412,-6.398125079284558,-32.61729091841674,-1416.4741292821457,74.71353630245257,39.16187326139118,-13.3072173969876,347.287564466424,-26.86769776157326,52.13800498202912,-109.28442798220422,0
48.25748354704152,208.39593052219269,-277.6695138415134,-76.51440105364458,16.02503209892266,-64.81420495595754,73.05647868562748,120.72947612169898,54.82910327145467,4.164873003569325,68.29176268481743,-159.44831088260895,79.88838525317742,-293.37070275071034,367.55955365072776,-7.964043328866929,120.12267234785176,18.037402466878746,-143.43778848124657,-619.3604892454545,126.96204424052436,-8.112593540726511,35.05354601856827,21.166717372377303,-12.11014695037072,85.95485066318173,-231.10779854901276,0
415.4219148591611,113.20138422008633,40.87172451508188,75.26601265815181,13.541133148223782,-193.39618156321444,240.08247127572585,126.22818923256705,14.307061014069722,13.296017611073998,125.43439086201803,-254.17464515234184,190.37074324780176,341.9571498129612,-240.00903256353428,-1.5254341300721563,-18.596877676081093,-9.617126707468342,60.07849534413186,229.2321655492488,-99.70320073254976,-0.5015084541945556,107.49924545645368,-142.01202095220415,-11.894070998350584,22.88428590018703,-98.86871055856092,1
212.20708903118413,209.00097904432332,-149.37473452072152,-18.04332881041932,42.63972188899727,49.23273620840355,-270.6983527949872,-81.58162925907311,-12.856460335139444,3.458025236141389,10.349513418825104,-216.8032300434932,142.85766629176652,-773.3998266787463,-663.5680332020754,50.68345288289504,-56.67318121223855,-1.521704117467474,-20.769658791264767,-282.5600444121939,50.14330166740595,68.64173837074733,57.15994502768616,-50.79633879868624,9.17142635126801,47.4142548216657,144.7403073987831,1
-38.47305916312549,-4.635396069905964,151.7292016960414,70.34100724383345,41.94144323158896,168.9039152435519,-91.2142936339455,-5.150083564094716,-137.2225585816357,-10.14613163931711,108.42152879924755,-340.9612605665613,213.638160570152,-1545.5932748234318,138.90051638217955,48.11118572411396,84.74228059699284,21.865451503181625,-197.23319706396663,-902.7150891543928,-106.94057752699744,-36.32473977001682,-27.35526390489772,164.569869017589,40.61861403537515,83.55558323218798,-89.89013233546878,0
295.76267789132135,107.23695015851136,-95.41902101934664,75.05322758338872,42.87000130830916,-128.8755132222207,68.93529354068822,80.4063819203576,-44.29459953319022,23.648799916409708,52.23146351259624,155.52594525011963,166.82078273952158,1190.8834361552158,-132.89251775372543,-120.92711210727194,64.68368423449421,7.772183839981952,60.515947996002296,-804.7563132516414,-17.852250793685474,-48.84160273301727,-161.59462996886322,123.52505373148672,-5.283390859407002,-80.91696126772277,-293.20292897336674,1
595.4863875869695,405.52043232674686,-225.0728555663763,-139.54515957651688,51.77262857154198,156.67908728477522,-236.2265464465873,-23.084118843458675,-59.03106750655791,2.019813599626854,55.14585040398131,-526.9917236139495,-243.77264415062191,-689.4327018190844,171.7866232435043,28.159508507038797,-74.3962770205696,-28.90700936188081,-158.7354500564894,-28.536576419382,-495.29321923167487,7.884697009654667,-66.94817015967763,-490.3748231994477,38.89449305229029,102.82831398928772,-261.047314655554,0
126.53756411675543,-100.07437989423988,131.61229133883742,103.6856284800502,7.060187425649096,-401.01061609702026,-27.0648633249096,-32.60772542193508,-81.79147353751218,-18.19727620641256,-54.52583949875689,-260.1711185957338,-6.637500367404664,333.3643892943993,-456.0256938839199,42.09105749239023,-90.24105140598827,-19.64525471462994,99.85976913249436,-45.092975063683,-176.79839651968652,-22.969718313444787,14.083222514359434,-57.28204372806315,22.988094191223787,-70.38097437305342,74.2613955300829,1
-325.388491574706,-220.9541378747674,-193.52319009044004,-112.32320525869298,-11.407650760568115,500.49673585885546,-151.63017097104384,242.70532069149087,-20.977571375488157,16.322021364334596,70.73294877630003,-290.94222209449845,-345.611522551878,-364.72198902522905,522.9101515902455,22.81576165902124,7.364620014702466,-16.468037941688873,5.3636401577047215,310.06772342720865,248.1370598791522,-127.4380172465242,-8.52997047803619,120.10907622929804,-40.216822331601286,174.58419543011684,-96.91019727345768,1
-37.32483031287117,-64.37466376108473,-121.18068888584276,132.33079503508347,36.04471212451798,-253.8527374368534,-77.5177625764235,-76.01684431196887,84.71760980529318,-10.676051388047483,220.2868861103707,32.70027083933788,144.68038474110944,101.4907234774758,-392.9604988847555,7.591068134917494,29.68455952814535,-18.818886708147183,-76.65772462920559,-1262.6038625665203,-225.2362149579908,18.380188050510945,44.60045006976687,63.16485652385958,-9.277136485777698,2.7283392617533657,-32.09974928125605,1
-156.40208165938662,-97.49245447844667,207.3698442002052,-44.684650210050656,-28.040536257575447,-323.8945833769392,228.3639642209893,-315.4193639763904,94.03915719086244,17.120455785576407,45.15841706142355,215.24591142640355,89.44407559321414,533.1535037361654,-493.0762779165058,-23.42594806620081,-114.46949943305476,36.04195716962949,380.4417517520905,-1290.0641278435808,60.01754649799333,76.42231072482886,-38.12537474140272,482.112748832495,-37.56146834693018,73.13844561952413,-63.4338750288868,1
98.18737097351892,134.5530007341375,-176.95993211978893,111.78958443940589,-18.485764226500752,-137.1365243710975,2.701092205539613,-222.10743417126744,179.7287726540269,-12.183986494750192,-62.59619950621419,6.25488209578711,-13.515391378734886,-144.89174582236248,324.8119919507173,25.14542533999932,209.86561472605865,10.54985527346354,125.00842524542148,368.956765902748,92.53027273950872,64.10462779550107,105.93100152297323,-382.691815191864,-92.94483060402776,-16.23270463731669,-33.63108895857823,0
-197.8033760167972,-113.2243860568839,343.8177737868776,-31.01260067508135,-47.42960115418248,-137.27632185585222,54.67515917863568,179.94637450955543,-43.47392299174451,-7.465373706575157,-134.19209509931062,-129.86591283582723,185.8187592767641,-963.0559887593138,220.07656857813404,-100.8540048753087,-110.89595094735002,27.11598004470769,-221.25462618325307,-402.6537683972885,221.5443135832206,1.954411610612234,39.938018612160285,164.359209500715,-24.349986002683465,-20.18913970482454,135.22856779740724,0
30.13017801783833,-147.60464165263002,55.96524663921975,-136.0822755053565,-4.282960539817219,-216.9577950875248,-119.23138808031058,68.42612871619892,92.27751321211734,-25.957725809575667,-7.570101843330999,-436.7366544468545,-61.1724091489124,329.91496483969144,-33.86856487962537,100.652488165121,44.58541051382316,-18.58431550617323,-22.806024320921043,-436.0404152414537,77.52940243944445,25.590838804941395,-39.51102972564054,-301.0195485860657,-44.16584033155053,-55.12766884774922,58.13866784402908,1
235.5438490609425,490.2237079317677,-175.0699532376454,12.989395292487613,33.06814168888443,-75.14541194006753,160.1046399238683,40.56498731683471,81.32718372092428,-1.0460300412732677,18.22912560003486,-253.84544900806716,122.0913142093585,-220.16147810590348,184.65845140566796,38.47040582484725,68.27403206872356,-21.88626630762582,-31.695126083412116,645.1716698062457,53.73079057436945,66.23079058464386,41.33288236275074,-285.0252998543182,37.641043716395686,71.04453655800705,-199.06979499378795,0
-63.65517616870016,300.3456511307302,56.58055272664066,-213.19236348345677,1.15008482871706,-81.02817013204915,213.51929350605675,310.2637336515282,-83.56461586873407,22.066642136916524,-85.72927688214617,175.2161326821386,-29.9669977396808,600.70735912754,-7.981427736833345,38.5668983079408,8.48585157417921,29.795065277939823,71.42676951317652,88.32348278221399,-9.846383704733478,4.87250369655301,26.036888430689,47.5532234373721,10.917724154550696,-48.06597743563169,-20.13622994150629,0
54.73269109920899,333.4740195453133,38.215747008262205,-95.86028401582098,-7.774129874320039,-373.8657626365314,-8.955405608826124,-177.5953980184534,83.34170967453166,-14.601015575838478,-78.58743254961581,-41.49675958405408,-19.186640739454216,130.35488758899044,549.5315828051533,5.376718028475136,-37.16781541824159,-43.72671481750101,141.22821606278995,978.6251783223132,-27.44110644657984,-11.291268328962062,66.38053609449686,-271.4030015942174,42.81197863598241,1.9191618872620493,-291.106122851386,0
-232.48538455900916,62.50735517419992,314.6328583372608,-148.55480324422513,-55.09277430725971,33.19066908208914,204.64794866553052,-195.88792235554675,-144.828532965592,19.285451707650008,-174.4844265221331,316.43299403662166,108.69396073764082,-453.9505150856592,-202.5670439750897,11.826689833839186,-125.10637476149438,-40.4029719191885,231.01574246175025,2261.253991116673,106.4369803936394,37.91172898522802,298.71466041027435,-305.554774894359,39.35188043840923,-51.33397542016079,158.00198099573348,0
-91.86617735124608,-66.15629733333935,168.42576557697356,-99.34369837532412,2.448712750218524,-2.503264598010455,23.55875110935641,-7.256607159680346,-27.66942100458065,-32.48632164104531,209.20195291498004,-109.46753875886802,71.12660983394136,175.3885313750084,182.84904214676163,22.69731252813548,296.00741226631817,-4.231491948842485,70.70014366097641,322.6504906209773,50.13602523067495,-56.54313506726476,84.32899338469088,-250.4679986210592,72.00106135087914,-10.84216138741824,51.26037600894028,1
574.0219438984308,187.4929090919038,91.07141684656824,151.24349295379537,20.135133947797712,-187.23019208290225,122.5757679072024,-122.8385110746684,-238.48548804943107,7.866618640021229,-49.71142662902074,-216.6775498688948,182.91847820387625,-97.33954006437388,-648.4927650313629,-19.49550018365673,-151.08529432862773,-39.33951110970758,-22.651778639058183,1155.3772513600795,236.40509053780875,25.59118958803999,7.011019214638942,-403.2493905087051,67.15645358461418,-3.9191960813729736,-19.775941216422076,0
-23.1723957745342,152.1361559657359,-383.5258842751109,9.80613224685712,-10.519022606981522,-57.436016539446655,-80.94962630636617,115.9287598324692,160.28813686073892,20.682278316775676,-39.01929313945442,158.40942991835075,-293.5245700465927,883.9145588698558,0.841488596064708,12.316867270625108,-83.80009348801562,28.38330909442839,99.47973748432852,1236.3637894441406,110.41358492324738,-134.26992323634278,90.7964532887174,-395.1917492523168,-98.99364479084812,-9.504382847733831,224.6399418191832,0
380.8563779208369,112.21480298229046,193.5669424988174,16.4816638053117,3.0292429928035927,7.140361306818221,0.611953288040372,89.25968368202976,67.88636558154295,13.51805120967984,-65.16158009961529,-306.2203333576017,-58.69365883506516,-48.505697181851936,217.6349344425692,-64.54404566210464,285.7718468758728,17.960689634558122,211.59459599979823,-42.913586664880015,-40.85800853154001,10.217287856360878,-76.91673956854268,84.29155711750118,-5.379036903265826,50.00083763872919,33.68344005457158,1
234.3352413865942,301.261051346396,-271.4577553669538,-166.68681953341363,27.97551147789698,167.8375754844867,-16.71584052046999,17.217308161259474,-120.51035638463736,-6.176358312823832,219.56153295113785,-657.8447176471612,2.048445472468475,-1111.993043744902,-7.431594329634761,26.093523986119315,-94.25584821473257,17.632425662485453,-180.12522446363133,-505.8409976343834,-295.4061175148752,138.77889669163676,39.20578993982978,-510.94027332577366,37.76477927789674,8.286204586665024,57.36048456100827,0
254.0970022359715,-15.075063492104867,-459.3039068544984,81.43298548751008,7.261385839821218,-38.032582863159206,34.45092884206366,375.8066785047012,-104.27401236236209,-8.23141287648831,-170.0581055492314,-414.444909410289,56.96323659475623,110.42096699571464,317.9249490057473,11.544625467763725,119.17453727778285,1.520770399399951,103.31744359220728,442.19620451115054,-36.451087282367546,-16.326301569442002,-1.9017644138432248,-48.06443005215869,-17.71174166983458,8.400477223008153,100.45896604166212,1
340.6749783117432,329.69146908892526,-26.58700150515732,107.28124783040852,22.740461731364263,18.6632812091584,17.638537152136514,-185.40496261344785,224.09677372572008,27.349409372348287,-113.35010433188924,404.0181059190087,8.080959452733737,96.63436843807617,-166.5805293418277,-3.5123109283534983,318.34358962405787,-1.364404060970786,-37.27115919709996,661.5377519490223,214.2973821035204,13.009557120285002,37.85092127788761,-52.06599479547216,-18.10481809525592,57.720398064223765,-68.58176301082875,1
56.81660114948922,424.7646141749266,-162.63634069112132,-37.60637803976401,-9.256337461806275,316.5428733459491,321.8154278261262,-96.76484915905333,160.2848140048871,29.84549085370288,79.58478295734186,376.5556122656674,-24.133207946901365,1023.0345978865594,360.5763241468109,-49.21265999240028,53.21079055418098,1.327438900207614,59.32029745904528,1368.0549698640646,-18.775704734436843,-64.69383827710807,-30.541209805778166,583.2765362521619,22.835155842038567,41.00246221195091,-17.065182984909008,0
-231.53887880991465,-132.37505661411024,-85.41493817367073,0.7721362534316514,-18.04392275973781,146.93825266939996,87.91211530644547,-13.518669895955298,-128.4712734473494,-22.194101220848104,-204.48640364869857,-398.70278023165184,-54.15494869044284,-1061.358125105745,177.84272292668572,-2.221275495474444,281.8085985409852,-22.54382183202292,-61.24121919926042,-337.20525949424155,146.57351588570103,33.763267743597595,70.30980382659445,-50.15164309294471,-5.37786655987329,86.18597519846111,-201.152870221462,0
16.678130429375393,-67.89103821318838,108.5998990190526,43.61143695607075,-28.801422856220977,238.58514181466035,9.77860087560201,-28.49776536504454,-146.32410516339877,23.292808686278704,-69.25981150296728,-136.14253212004795,-128.9223838796796,-736.0933235186534,47.42983517926404,-67.38879135899457,47.15106052149502,-0.6939714039361273,-86.77305710404602,-215.336527417242,-32.35180402323296,9.420863961396757,6.074576606918331,501.8257642841412,-28.385356978236693,-5.457605617884248,98.18593423622411,1
296.0951646987345,234.6274001908164,-141.53027431372203,-82.55255595080439,13.046294292312671,119.1625377330593,88.26136069747884,133.62193539173828,-38.708257906989495,-3.4955397013499883,-59.166231230287664,-346.8511906391274,49.26900607725787,185.0515252597391,-140.95187369425926,61.01693572835044,257.7478232731644,-14.207856605968637,-55.34885926404401,669.4807228451866,144.65487218379374,18.79358497842014,63.99370950650244,23.692685899634878,19.303785265233746,-30.680220685424807,78.2145645136126,1
287.35536697841354,254.83690679351932,-30.52659171577297,92.2371518102509,22.832962539450325,-108.48356122658484,-186.23160315759787,-40.80912064750092,108.70748417454608,1.369650864643718,75.25465374366786,-85.21349124822525,101.40669938564632,-258.0880391836281,-245.81462222422647,45.622839971067165,-304.19759910628534,-25.086825429603568,80.46923349143698,418.07018522398965,76.46853192679258,106.91968056208958,17.56898317497892,30.199781070395083,23.054652055362663,60.39781447333001,33.624919464739726,1
228.16918173784265,336.7464168674524,330.4530288636116,149.89748206784253,33.373253625373536,-8.561082585642184,68.04416289722441,-214.49474313132936,73.74409682753837,20.457213035637174,-257.0778832802916,-282.5048353571775,256.9712059385532,-633.4575451839673,-432.1319659925036,24.17218398419768,-92.43896183760972,-18.59065309890916,17.220436428366174,345.13621371300025,-140.62939549652123,-35.50336740639696,-132.73079664915048,863.95981270459,35.627654540477735,80.09010488522202,30.005271913712875,1
-341.23101995973127,-304.4759338708715,-617.2491829399017,-31.953631495460407,-14.694041859416984,-1.602980550907331,-211.32800535928,-308.45536606065275,38.48504509029458,3.427987288407727,-163.8195364558397,59.45378382352462,-18.77440160717041,-83.81790095911808,143.47564875460992,56.2857021921081,-406.4632728003266,-5.412371155605216,-85.6323603802503,1383.2912051359094,173.0687598638314,-14.23744171043008,-23.64732255916652,-132.3435272110698,33.48032360248736,-148.4435379529997,271.8793489978144,1
-27.27420462138695,-318.106543187716,552.7891135222702,-153.5153621825331,-25.070762729063496,56.20079302591712,380.76104074510414,198.8571703410417,114.93940178716548,-21.155752537386597,2.7736529706733,-225.0143248625824,-101.45871866956055,515.0038786909239,-323.7871780143549,-42.610144673498674,329.29019112521235,30.69649233079638,37.17490590365802,-1187.693205024828,-0.6220423922398726,75.27742925751014,-87.91229136072926,-194.4948118717853,32.79841231484269,77.55903352272992,-73.63034176255363,1
91.8043811986457,206.43298623150127,79.91789948204159,27.892691482188773,13.85197477671091,-71.35235615926294,-95.3166340462562,-130.34906153347157,113.74370086872958,-8.322308666462757,119.68116556185112,-40.77375436579761,-72.46323198527487,216.098858139888,-321.68907850647275,31.740999469658185,206.4159258331116,5.093910912739403,85.0152029491209,-563.3132646852969,-112.0274141517818,46.92439646366745,-63.06301067744634,163.5567643099273,-22.46047809712779,11.695059015104604,312.56084672509866,1
-259.87643985691653,5.34239501114946,389.3008219931546,56.193668667568,-1.1416468645728033,271.74608964877166,3.854167119210437,-26.85128345321416,81.29184367775463,23.32676869499455,-76.15944036491314,-24.90488377960088,-15.549822467121476,-1636.5326947509866,71.27467887888331,-29.00024596903477,-0.2389477066078984,18.75798745005301,-236.8242884535309,134.59622149682863,-91.78783563516843,37.07202594036664,79.31120627101431,78.00506528668225,31.89930065980922,13.527788874454329,52.704852142718366,1
-210.789411604763,-384.3312127456049,-114.60180954797758,-110.3856514378219,0.1132288935836491,-147.53513857337722,62.79672901328943,-17.992173352953436,110.79308793946198,15.343621269516865,-37.77081974064684,-94.54456307140876,208.9621644059212,92.87327993261906,-170.43795927607263,-18.49408269918026,24.53234360116036,-1.717153768554431,73.89356628675581,-1528.892554493768,-127.20244277202735,37.58392691688698,-78.28063046619266,305.7219049213543,-42.34917588679921,29.260222184425476,6.836613307598973,1
-109.94133432488934,-132.48945842827652,274.8400125183991,-109.30108940426702,-37.728464391834464,152.83074230886805,143.34290050345206,-204.70287223002637,-237.2924881754225,3.079285186040919,-240.619075259719,-22.111595336642434,126.01864652024426,-961.190467404852,-45.74390431492738,-30.522430642855923,-186.1482276730559,3.114223475263281,140.13531284901896,1051.1761601484293,-13.980893955299248,41.87258831512382,108.4785422211638,-111.0628451452462,79.20961152661678,-29.48940460609261,-75.44793715571753,0
121.56368224765473,393.6245123949651,121.6894177542554,-132.47432371999955,28.863841730970066,-7.529956695401094,37.75523531155184,-142.07123620128584,-176.42048964861706,-4.15003181756358,214.1050996023747,10.851116593756965,58.47028709401111,239.2757056086386,-272.76487726972385,-8.925313659755366,115.9564843046012,-9.382887868408767,-112.500362849375,-1734.4756154588408,-245.7923335881056,51.72704400523188,2.100680113040106,303.3943600594107,-10.901600872216648,-77.01733109762196,-377.67011665687727,1
-314.70334704411204,-22.80346048119347,307.8276523036333,-2.1828219112790093,3.786851743833872,-90.9524483675319,-118.90758904702618,-254.57629156679369,66.29145690665877,-9.910756489345552,-208.73991343763976,196.58184562334625,111.09798738087808,-993.8430735078572,-454.2877954217657,45.22977536347151,26.839614922874325,13.10389508733755,239.64081104651905,-305.30420569942004,7.63646712875944,98.53557569645452,177.80117426233812,249.23744761444632,70.57207376739238,36.67761691128128,-148.03327993977436,1
-195.38543740621216,-169.20469188552883,207.96267912510373,46.65873956274155,-12.426602446159464,-24.39775472722305,-207.6594803611492,108.54264415553166,-56.84900942131574,0.3705923554685206,49.89338344469712,-7.711361170385318,16.76296467976714,-1189.0684103532044,-86.86446942580066,-19.827445051208716,4.1318947504811625,-0.16845437845622,-158.00339875540834,-1301.1716716509195,-203.26165516057645,35.6895543684292,167.2124492164777,328.9516348875241,-48.70939626755621,-8.444249960724502,71.91764841746,1
112.1633184681506,250.8445319745458,310.28138163089983,76.16381357211752,9.604470262709077,-9.382912232238628,-117.973879498319,112.7890808872676,69.81975169380117,-17.49669894672993,125.14064904864637,-312.65842004407324,-188.0193923440144,-106.21496261351054,594.7998042440676,-50.003435281904224,187.0736155190205,37.00300627825862,144.6789835859376,412.092509293448,11.30014052736866,-27.076977142392025,-55.83739189204016,-157.35350276781068,56.47707792357616,-28.083801356672964,29.7665806431224,0
168.3542070835811,-224.51926347747803,34.00137977501631,6.998559208912772,-16.42231917900849,300.404491686072,-51.43718047271215,107.11246976932436,46.168058918280686,16.469037848262367,-183.44528765827675,-505.6054364807392,-189.330723407228,-786.223043780967,492.5929866881031,14.878403454754888,206.4529926906824,26.322298014474057,19.3778650772586,982.616170013116,63.915660129303006,-59.49585639868854,-41.19227470985903,106.31290166355,13.436123955749476,41.85974401371904,221.60639357663405,1
-135.17495170486777,-186.4749770364372,425.2649744336503,101.33331582648349,-16.181307559262088,-137.07563112168128,-67.71250919845596,-150.04261156020877,-134.05095763573948,-14.177628100164355,112.80671645547211,-632.9049518205904,58.95893221652143,-1430.8252775350427,104.92288852365274,-38.209688653345374,371.08034505005264,-18.841098066121035,-106.00692818310311,-1468.6890166544151,358.73080262058005,109.8602069071313,-87.74951958962934,183.15557772686213,-16.484311677743154,-7.982356516603712,201.87567023126752,0
371.5299336494814,321.17799968279,309.35189515134874,-93.059937235516,8.101497868215287,-181.1650591575586,33.38986620143494,-51.44551872687392,-4.315901206123866,15.533380346414916,80.46691881736433,35.420897008243244,53.60723899752306,873.4236626742555,-571.369256726789,-33.06446971788487,236.7993260084139,-33.59469272985942,66.66360397031053,-335.5745513985594,102.3292609994506,-59.99687776215576,11.601969782989482,300.9727940850717,-42.293148971570965,23.62436231098596,3.4227631340082088,0
177.09776809772472,-45.11539350314765,259.34824012925725,-16.68885328794934,-10.28648415187087,-113.45499903203014,22.204989431304504,37.93693422282404,-15.542169365993502,6.670139353305834,198.31484929383748,69.27881523815802,41.01156096861374,56.077606047809184,190.27916664646105,-33.29208652642494,337.8064114108615,21.927109230716333,19.778447390445496,-1110.5141636192395,230.7241421117319,9.545356619847116,78.8334292414056,100.78478328367936,-51.77602511546048,-2.479413075197062,-195.5989784359402,0
-0.0845550259156127,198.6803123747104,-130.44138616194493,200.90078158218512,10.889619891082022,-59.611555505807445,44.18055415115967,69.39091670227089,-23.5071495788456,3.0102199162229404,-234.6863771451724,-87.70263276272381,194.2581143492376,-885.4100565406021,183.49419355792728,24.712293704234614,-368.1294848832202,-21.121514023928142,53.103909264177695,600.5665304287462,-232.74719080828032,87.16060040299266,5.047177240170264,-71.69981059300937,-16.992385314909235,34.45781462879279,-107.12714522544351,1
-123.8124057621266,260.434447106879,166.76977233100297,-59.15597250853992,-8.737839778110112,-218.8593906552527,-31.19313956778067,-54.43473827973491,-5.307332300394162,10.769311062637373,85.45602589179214,243.92313019578532,-207.9535146879241,-290.3259491659373,330.9839672764691,26.047443130975672,3.980084669497262,9.129527075028928,-2.3974001364479247,-153.09853042576455,30.035945636216617,-20.316480951344012,-56.4558372183503,-132.8389216261978,-18.570678843757168,90.87125884453536,97.97376168949404,1
-120.35837999648454,-319.5906780359065,-48.12626203703643,6.723318515966409,29.935617160966807,-72.54556823716128,-85.94944990479515,126.55069072840728,40.92316803772493,26.299176165887857,-37.81959662154727,-292.5905524657588,94.53614683035649,-897.9684095676473,29.120565740312028,11.956839926525642,280.7206596115216,-4.969619940598154,-97.7190839246528,-1019.0457467370647,-220.23768349838545,-20.75459730527876,-30.191078964016796,145.71388493033675,-1.589681841246487,29.678786414924904,207.28434314364225,1
-1.1606445401931325,89.51667852094607,276.5814967821038,85.74351805844866,17.431205831336683,109.84093938023588,3.4559661915396296,226.9842963067696,17.698038245727837,17.557690324571734,-107.43785512983284,-134.03414292337405,216.9769862174483,-737.6521193185422,-138.76158864623278,57.23158259993709,-279.092090620706,-37.693141872761885,86.60176607828069,441.7079005380565,93.69241949480067,157.3034413719795,-30.396259175987524,135.6817143673342,27.819063127925777,44.95172798425063,-3.516344906300458,1
-213.81942066852247,-81.27811136530306,-60.13563110047176,-26.14790081289972,-6.970655239771167,-120.49715998001672,32.01698310759293,21.332077910457915,20.95826922317977,-8.190198258730899,-226.3007750542588,146.68645450636785,176.8529646835688,-328.55592564500057,54.30913014634706,-27.835657242082984,3.5493585628162494,43.19238528242544,-153.31536022984767,-526.2763743059631,-20.74775279862315,-29.75738318066557,-65.43533472321035,32.526145083658704,-22.929069930866955,-36.65739902177936,130.08824940773158,0
-472.7951376343682,-27.882992493296264,-172.48953665256386,97.21464406138176,29.29838607526598,-13.409366099064076,-48.66213392423715,-117.1188874896414,100.75445153562902,37.243253060931295,-226.7695589116089,-318.2856443555413,-130.86454651143825,-1132.9727529552194,387.1112197413968,-5.472197148331864,231.17053828369657,-8.568187398454446,90.23279969545013,228.65616085428036,-178.92491280571366,-104.08749008802364,-124.0975009447988,162.39999427568156,11.730581015011056,104.25019555745575,206.0054753250518,1
188.7722347658172,40.38060079952498,-1.7064595090757178,68.73655435411709,0.1863903707843679,-105.61114235637032,-145.98184531871962,336.7465793022848,-167.59317624624651,-26.886106544998817,-136.6657221844153,-138.91805312624103,7.187610100090383,-394.82425891961486,-143.26869948009562,-0.2797266941032816,269.31470324870446,23.46192488259712,-10.283499232211188,-1219.8531859555148,-79.80160813179148,31.795143801835035,69.95827799283417,270.2484332198539,-44.67965514426746,3.670978613850471,98.04573770949324,1
328.6115913414644,235.44709997378996,48.9057126203705,35.22449991968577,18.44386105815868,-173.0754797811824,-110.32317900072196,-203.57386338172137,-157.04402005663576,-1.843594037790852,122.08845856737292,-81.72568187309399,-0.3657373205841578,-205.02579381653788,-45.77682655826901,59.00959855847679,-103.98776359342943,-15.259060659035672,109.84141055236051,275.8007406160794,0.9121454481651876,27.700977511856863,21.835751928482125,-229.27879537578517,23.787158906760787,-3.677262046849904,-122.96559311089388,0
286.665669599153,23.85654572556505,278.166913678715,7.932353101922326,-0.3772819851508173,-116.92222548476548,-56.31469566228267,-98.5278567947892,-197.2135210985605,-18.80994053166872,160.9099923690896,-459.1008274791155,-23.09242840804037,46.76759439655557,-97.08186140132628,0.7147520505296256,36.52268928109109,11.286865807600536,255.43205268988137,850.8138724125954,-281.36596402568864,-106.61991920202172,-14.47798359349558,-199.04155843456883,60.31288469967674,-40.05001217396339,406.8429673128834,1
504.1414604679367,288.26596977782,-355.71567654382136,-78.73855937090741,0.0957828317363693,-160.1487920856699,88.67179282781545,129.60150710453448,161.1523398648724,-17.62060667669823,172.8105633076743,122.20373002141577,69.74051372132452,2064.1508360490493,-165.85447358414666,-5.072690750440049,25.670481554372284,-2.3252450963635747,83.15040039938741,116.26064722850607,248.29833726080656,47.42528878195283,2.201237355555364,39.285283008504535,-31.91528635647605,-51.72568575748351,-78.37862734594808,0
-1.757978407343957,180.5483519484985,46.49928865181509,28.42178572153969,-18.507857836554795,74.59189896414496,-19.508316122461167,56.145868199681615,-10.173105046834738,-23.804420504813656,1.315954674838995,-238.1747482302136,-96.01151604004151,-32.170533610771095,12.024043269631504,-11.13039228017526,-318.5867367983255,-20.948792619071483,28.45581084630964,624.2498475729644,-48.784906708695736,20.011896854601886,6.101604937533718,7.484150457504066,4.8142581892391645,38.96684631889582,1.918608034881596,0
327.85417935188326,133.3685588151721,319.9572579139324,29.15478585277312,-8.767479718385765,-106.51880920215096,116.820619048038,-22.289321933388734,-30.041234193886115,-7.105860553526105,91.86424910012116,-241.62056816465372,-85.31662584595878,457.2844063241504,221.15514756158424,-94.55463895527916,101.03375978696378,4.059704615238954,130.36278963750422,633.0587495547427,-36.045814924798826,8.70404719189196,-52.79587408454996,-179.25181585668187,76.88860056591054,-74.75010917684094,-18.724537195963688,1
-531.9110275965993,196.9807826202073,-9.573388380087048,10.358733368313596,-10.945351797288176,-33.85066047473365,-108.70581004614505,-127.86848557215058,-53.8229161924614,7.968654947753604,-162.02514576851587,-205.3554727663688,2.632415996202789,-1395.1620857341256,472.2558349223222,10.597954865276163,-453.392915235021,38.85803936717904,190.72893028213653,1128.4683753511306,86.10772626328338,77.93662714657225,112.77301963269213,-251.4550983578304,52.444755829323576,-113.81356014751093,-48.55156528508933,1
295.2139091011754,-130.20136251490058,-150.49142461719185,186.3580948201454,-23.20007630437865,-367.5928497089107,101.52060186884944,-134.66861605185375,-15.992286074754592,-7.581981886963684,11.527182377998686,195.65411880870792,-10.202049404707967,888.0097787796062,-156.60733171249714,-21.79859426148096,-455.731337666241,-24.797751219544462,-59.975184311140566,805.9014809574746,-42.56354804490572,-6.663267335564405,-26.642922297492103,14.829521023730452,31.35053721031486,-58.204055562207,-4.065728857412831,0
215.7922059250189,-84.59168142278888,-10.516361342708668,-80.71251814465371,-35.863565509666216,-75.48155723155071,-32.64627676244485,-324.5937181374,-122.9584728029738,-1.0967181759008442,-83.24798723269541,-93.503495561943,155.2166026472697,-600.9006615649192,305.25102859905024,7.443592842935207,34.05733803113179,-27.093023591826967,80.38746781222679,969.344076483774,39.3801201914954,7.328876956744128,12.05101126555006,-172.26952319606136,-10.125848648285142,-11.442164015366073,242.02274324962636,0
85.29231412111115,261.16567624323164,-252.4923439778333,-25.22857504434341,26.4076023325814,114.85344032496164,140.08408834361833,321.1054580503113,-144.05217155754136,-13.782100525242017,211.1842563776406,-380.464630538188,13.4914181479265,153.72644567777323,-48.876073412604384,11.71513636008254,-84.27501278380355,12.44525226284518,-102.82349929147873,399.7790805080578,-19.735545484099934,-18.021386255978086,35.71969095021243,-373.8462472388952,46.542831647124096,13.906911169395794,65.4739653712271,0
216.61703830144248,263.6293535407061,-412.0137338735032,-29.368787671483304,20.496374443375306,62.55883754941728,36.71604360547636,194.49371869621788,-3.5219004044076634,-19.624451191468214,239.7028107637949,309.67514014692864,-263.85441949571793,969.336929311494,72.42084719236524,31.675930679942343,251.52666785126425,30.844770760113843,-21.887523530230546,298.992812093944,-208.4009157521335,-67.82336085543456,103.20731110602672,19.08731167744291,78.62939271013525,61.928419134834506,77.07487392948053,0
106.9687250455295,256.68522251904625,154.21020705775038,74.3459863379224,15.447033488423717,210.18501347831196,-19.909401555152066,36.23103508043678,27.1973527421837,28.30647932786992,54.28920713153318,-268.2612606438122,-29.297051212608004,-1253.8807699161375,396.02461250709246,-10.19774751855818,7.70376490614465,39.18247806771555,-28.640627477371847,890.5371781508313,129.98710182380327,51.999675703890006,-47.52820628788049,-204.68882788097872,48.34523425282065,33.52599294092052,225.63762038246352,0
354.0434434294025,24.79578833006884,26.26035970100687,-102.44833879282552,-24.26432805768403,117.40613577033928,61.64439983804227,226.67966203211276,-14.104374289623568,3.810244255281036,70.55846165541809,215.954111840238,-178.5466557162838,1303.5684097455178,-205.46319824348947,18.463455625534287,-153.47747740190795,59.806637715129874,147.652019212056,565.1203336822226,168.2318110168415,23.730752258045165,64.33839212464567,-338.5029042181213,-37.27923689625657,-98.42823421626784,-23.01858850761563,0
56.17737252382304,-282.2107697887944,301.857073834464,99.12711149927982,-0.396789434597171,-44.71199620844852,-161.79963804410687,-312.1645770057724,-35.559952310744606,-6.505805653170967,-107.16423281936648,29.1002978561705,139.70380730230988,-938.4029812356944,-26.78921159344568,-20.717830239573765,-36.4980080231471,-18.85474812675577,161.44503871019444,-32.118188364799856,9.731824438031804,70.83236177260957,-32.65398346293762,-269.13451322441966,33.11328283796574,29.66735191923414,-129.13246163538176,0
357.5470369185967,26.930413260585684,339.4373223342955,78.58518028431816,30.00175250147859,65.9052335120446,-114.87104666376024,160.40538516798313,22.489521446229524,-13.342916411580813,-83.06366749209045,-326.5708328172773,197.5167093555036,-359.9087735690744,-145.8991144087689,64.69122358994372,186.04792719480903,16.89013174749838,-34.658595520725655,-24.68455975209481,-14.93551221450636,-84.11199505336873,-87.90751623546039,239.48299563240468,-2.650595532758384,52.08187161871054,171.29125870432458,0
-66.27145681505532,-118.17924968820732,-336.36857692144605,12.74060540286866,-3.188746190561433,10.186159339857202,-209.8749954210176,-267.68456828640143,-54.279918321903416,21.43492180228018,91.34158293464466,-102.03956935156984,-8.732986323191492,-713.6832234425217,-12.25252614130979,-12.500506743297269,-148.50391098195158,10.802911079470846,-20.139439831001926,834.5012762672529,265.93155613127254,-30.13177156338749,117.74421149873888,-71.50014511062979,35.57307595298322,-40.951672538358864,211.68978121335385,1
-182.47479358436436,166.31676417724216,13.433548780630526,-97.9024595148343,-13.02019933558194,-231.92039686490065,40.075625291959206,-201.50833326448853,-117.97491469927468,1.1396103025457216,-61.64666054754274,-147.16206434551364,-68.42686587362451,-1228.6959123735885,101.91887778241004,18.730366221151318,96.8082163981513,2.0536624864311355,-72.73124832509221,114.98045707320708,95.97409876963312,-0.2627193112330583,125.34657676414668,-378.2376552434987,18.35012364508213,69.23333692099084,26.171480421303286,0
239.92308661380756,433.4336007059572,180.0102451675118,-13.428080655006312,74.40520246331569,110.20835373250976,-138.32504234538354,149.9615628505055,-38.45648924718106,-22.03326030218962,104.1640450504459,-102.39818666447326,228.00107886104797,105.11630292971428,-752.2987283010903,113.57998687665562,413.4803231539381,19.02527909853917,101.55185719491098,-332.41224609838406,-48.4319566840553,-65.14618510842564,70.40968802243324,-111.84494621757167,0.1351282783302732,47.8222968346655,133.85665314719697,1
180.98490368410492,311.1557699711788,143.101497693707,-14.558125660571758,-3.988605718143385,271.95575172345093,98.20232105599256,-188.3673766640385,-217.4578580948915,5.591083351337812,-4.152104041594779,119.657639484765,-49.61876444783974,-709.418119012673,-32.64014785444801,-31.82677465532145,74.1318262150351,46.7466833459093,-187.36036308851476,-357.2419774455392,36.81075126807428,87.59214750494749,-117.58990575976208,13.587048270724024,12.047936145366544,-30.05111409226435,68.09777822028175,0
