0,1,2,3,4,5,6,7,8,9,10,11,12,13,14,15,16,17,18,19,20,21,22,23,24,25,26,target
1.4466611029480436,0.11067982174721726,-0.6798167095392701,0.016202387191205037,1.4250553299100508,0.7984154003060441,-1.7324089650014083,1.1440006605560267,-0.4086125611273441,-0.3715291947727145,-0.06991815499873658,-1.2925938693724357,-0.5230640273229905,-0.39328596897550366,0.08175873438521988,-0.2113202765009336,-0.2778005485583206,0.7538953255893072,-1.557035246418927,-0.40448262321804485,-0.8934853241404023,-1.553069587944383,-1.0681620281336384,-0.8325332087834733,-0.08044468036354283,1.2611937033644658,0.03813125958978161,0
-0.9772847670379925,-0.3428979371994389,0.28317707078725823,-0.22584710023470395,-0.8810276807530086,-0.8592698490312717,0.023362923588286323,-1.4978356821590384,0.07535038987005596,-1.3062847025117148,-0.33985900098392613,0.665068810040524,-0.7159878324082808,0.7388170254732682,-0.21177376454117927,0.2739552457555772,-0.0042668000962079655,-0.267282639970993,-0.1881388259901028,-0.9328166496119759,-0.6103748285190905,-0.9002813132402325,0.20640766811248362,1.6087170018881631,-0.5621991000205333,-1.4461992255152771,-1.78764035006314,1
0.1692377880551396,-0.3126636190021861,-1.1743249144652352,0.7115509276501921,0.03443935612426276,0.1823583295476717,-0.5403034126293057,-0.18256100659228705,-0.48475761402650247,0.7342203899104347,-0.07155951631976383,0.4389760586060623,0.07272002205791667,-0.2478007915055298,-0.13066865763886856,0.179062531463996,-0.016983776029469252,0.3159528493728823,-0.5764213093427448,0.5715045306102832,0.7849277798438475,-0.5371641945641146,0.5904451370507177,-0.04194774231660858,0.0692581888989512,-0.4077725095443362,1.0388148451665469,1
0.004134629671868181,0.849711711091978,-0.6224712044281326,-0.824128076984838,0.034488533856551776,0.32001231311254114,-0.5869312701166095,-0.5383746177777223,1.0374882101500087,0.3265076066895071,-0.9487535382190625,0.6117829181968518,0.02934454086637703,0.7796840450981377,-1.094842761831128,-0.8816968956745441,-0.2459025648459381,0.2997746135432201,-0.23497987256511418,0.6772598986521007,0.7537972352199309,-1.108168342933015,-0.505223144724482,0.18234046116489658,-0.6717063464832884,-0.8115506316893719,0.9391904200118272,0
0.9906113136636304,0.5712385591338044,-0.18875011221238336,-1.3149383292249262,-0.37819128444471,1.4777553377905686,0.2591702401843664,0.7280608772458582,-0.06972915472017371,0.15301321440856197,-0.3869474895158515,1.5137912091804582,-0.44070161269798097,1.630120692236661,-1.6403927491331551,0.005583003203841766,-1.89849198030089,0.2589412402108071,0.6071583214479698,1.543734839112309,-0.47010746239000334,-0.06346537971637804,0.20806283966053216,-0.47610979659462016,0.5335035113647257,-1.265732753875514,0.22355411573305894,0
-1.3564560471746052,0.5953073775435062,-1.5064826081595815,-0.6800799578232662,-0.09204858555112648,0.17236896553806974,-0.20703552672451356,-0.11390607741137111,0.8515587631207732,0.48011811945580285,-0.8735474213684429,-0.02669182970468164,-0.03672001801093256,-0.2517247936479241,0.2096238129365433,-0.4722322137218238,-0.10734519561750418,1.432892734929959,-0.15814946721210144,0.46928633790958935,0.4899291407299175,-0.5303061901476731,0.597833676220336,-0.09835656607793176,-0.31969334312284625,-0.9061315915916416,0.91354708071926,0
0.9995183301235975,-0.4742137586075829,0.03794282360536733,0.8216897326443803,0.6331583112282311,-1.0408215843101396,-0.6788809931524943,0.03642220188085667,1.1010027047892972,0.37803040276052596,0.3961902528916351,0.15312194230502385,-0.4624854525280239,1.0133397030990194,-0.0829608348551306,0.6213859025429882,0.2507286658582111,-1.301161099847258,1.727904119497449,0.29532560085125203,0.5077617036349794,0.39366322263788533,0.41476045895549,-1.1562013982534574,-0.11682707270951977,0.055673730858288424,-1.4238454423464382,1
-1.353559334956266,-0.892756531044144,-0.44207334319545377,1.0765422195466345,0.23720140958097108,0.4798038996193294,-0.5114944063121509,0.023843565279406734,-1.1305540957680607,1.0565330290828423,-0.6979425992318522,0.7329595662596687,-1.0952221717037212,-0.031095626367960292,-0.5394461164017591,-0.13812577520530228,-0.9384905425456744,0.2323141601626964,-0.5089909837110623,-0.5590722469765184,-0.7389158711266651,-1.4110435243915012,-0.9341687387804658,0.6633926317204426,-0.7414611300572453,-0.3151049813844372,-0.2921808594461817,1
-0.6430019540651272,-0.8187005051405556,0.6367170216991872,0.28807831591625627,-0.007829866546378478,-0.10887615922321918,0.531903975973984,0.4928437291114989,0.8943625594721427,2.0248454495243586,-1.4644090583082687,0.11182287962148078,0.9130010797149006,-0.5193727298610574,0.9907634889403247,0.5438504132797076,-0.44778508617011004,0.18092100962972574,-0.1493758644192614,0.3035497306889317,0.8235970412001768,-0.9011555994753085,-0.6015896164135712,1.2829440257677378,-0.1912180927621211,0.6303187409743022,-0.8619756837607911,1
-1.8515531088360007,0.19295938378681096,0.6737449805531435,1.7486283782063874,0.21747216785577378,-0.8718542637855438,-0.4460639056503201,-0.7179418211212149,-1.0825275700485542,-0.6487395520820737,-0.7296883128653453,0.10992116614429734,0.675231442717185,-1.937777755618355,0.78027131229334,0.4747085858470623,0.24176233754732837,-0.4497315918473557,0.20360059495221844,-0.4128465856329319,0.3515568651088925,1.7351468366498146,-0.10913407578900688,-1.460636697812468,0.03482240786258904,0.4826667526404088,0.02552515924998928,1
0.7895041573791038,-0.8187436547551419,-0.21348349882285855,-1.3518544334091853,-0.5521196713800853,1.2861496117231976,-0.4291662333835581,0.41012461603516254,0.07555844373705846,0.01632771285863833,0.8528959700108484,-0.29603492498135225,0.6999806989017262,0.9748769974344556,-0.363383945977815,-0.07469476709195086,-0.5318720280136011,-0.45917770504146804,0.9590734676400857,0.23286905493348237,1.2471706201014474,0.47191666651671577,-0.171638014469836,1.101240903279387,0.24631468808131426,-0.20841512718034813,0.450751788583869,1
0.8257577187298442,-0.6220432505012897,-0.19296045192122335,0.1396184135796976,0.36109679493915386,-0.36303526800689273,-1.0756972642989213,0.04431670839529938,-1.485759695028752,-0.8832996770282084,0.8406790455547914,-0.3262739957275743,-0.04078852365564019,0.20572149335473133,-0.02446993420626507,-1.1307804844365974,0.474181187005641,-0.11248656356746833,-0.5703179180763859,-1.228282394014328,-0.201945299272261,-1.5299636972574826,-0.5740989219865295,-0.15431903957351165,-0.38654985182761725,0.6743475987577838,-0.5211740076752037,0
0.6325812328973696,0.07568187269121797,0.021617009126009935,0.9505169037716233,0.2896847939799274,-1.1943163647889785,-1.11657056600711,-0.5462666362520232,-0.24048486896385912,0.11253272384461412,0.5805128293060896,-0.25973768443712336,-1.3861835131606008,0.6003344542929787,-0.3974565419154376,-1.1563630302949188,-1.3152798800851337,-0.8088390648979843,-0.030099581213421236,-0.11855150284892518,-0.6394890066216877,-1.000558198931276,-0.9429288571669485,-0.6035044028136546,0.14076851354824507,0.024953207324892413,-0.43409435922275175,0
-0.051250924565117574,0.1009015564449482,-0.8934838342479314,-1.3613354812828182,0.15071737672811852,0.6057910446395859,-1.095990167380366,-1.4130213578569066,-1.5172966480756276,0.9738582865925239,-0.2426087307984305,-1.126807700714286,-0.5612800536961883,-0.7267891811708208,1.8579583298727576,0.4005454351853434,0.5456664737826132,-0.3619533191053563,-0.47549809660582093,0.1671945317062493,-1.5627850187094035,-0.1063077570932783,-0.8211598568504721,-0.35076387847951546,-0.22528716685701344,-3.453430184945681,0.4794100563292457,1
-0.6941509949395588,-0.25525142411162804,-0.80990518994947,-0.5627666105161573,-0.2604235664288633,-0.6743520095942319,-0.4143637942547765,-0.1352379779961646,-0.8636122852010293,-1.0387032982445714,0.9963116928395939,0.27789199535279396,-0.6367933535235236,0.7143389399185703,0.1501412590890593,0.12325167857400691,-1.3665746901638813,0.4569690371000343,-0.0993699817519112,-0.04394163510945563,0.19240086851273375,-0.967687730882674,0.19081419744454983,-0.8745424786732531,0.45516450147874393,-0.9403946331744447,-0.37333174448726797,0
1.1970044571099814,0.26581445885327804,0.035037054190348256,0.25729134460921765,-0.816711494312284,-1.142586195517914,0.7769268340615033,-0.016875287181942727,0.6063988112842461,0.38415527281506195,-0.7704773355754663,-0.09535367061767942,0.1754992644715659,0.22635906562396696,1.4391399557965021,0.34361426973636494,0.0042576944647373,0.41936456909720377,0.36977009655965004,1.0452285994409658,-0.3311007495562294,-0.23202354820597726,-0.6614279282393322,-0.5217962238559618,-0.4096768034547502,-0.4614387605166649,1.0193315662084863,1
-0.19546870466424246,0.3182167548252635,-0.3655248120038956,-0.14917364318223972,0.7335707796386179,0.5287647058940552,0.13800451646331233,-0.3107571221428063,-0.5493151530328589,0.8599401195196543,-0.19555164786068327,-0.1109478490573612,0.6860411173225374,-0.536525233115443,-0.16336222826866767,0.7151960245201622,0.3731827384236346,0.27902441474725914,-0.6430855399196805,-0.7955710003207199,-0.2819244401441396,1.139843533659968,-0.5653705144725711,0.92101181256159,-0.19778398819522394,-0.9053784736862295,0.13885423731646537,1
0.48242477649140497,0.4931525226730003,0.19136301188907537,1.237285754956051,0.29991793634016634,-0.8533911627693584,-0.29039302174398135,-0.1200054345162923,0.6956062528691942,0.449602785010096,-0.5508941567541846,0.13337715991752175,0.7654388523825291,-0.2787675531251752,0.37801797736341086,-0.7374300223819622,0.40319774285800325,-0.239299303516895,0.3971837931963031,0.06660870152390147,0.4970894227693513,0.6727616562438297,-0.4693482987797677,0.03234876961892258,-0.15309512468187314,0.2680647631344962,0.2950409127672522,0
-0.9030126041053825,-1.0151099541004311,0.13344812906595743,-0.3614385434577678,-0.4024111629674823,0.1606451334125322,0.7309636764148715,0.5339840635624805,0.9067478339085236,-0.40381374978733464,-0.5928516317941602,-0.5498135031596285,-0.21779206097331927,-0.35966708133540737,-0.7487908455492628,-0.7899721818989369,-0.3636994750044462,-0.09822511894622503,-1.602880412313806,-0.06183422470172793,0.9592238070084262,-0.04857496211187893,-0.07344829734254227,-1.5953729437143034,0.36784510225499806,1.427434184105098,-0.08327996184476207,0
0.20179339420109407,2.3695496972079915,1.8825378194322022,0.6433697090830618,-0.037210966074085416,-0.9593302460503399,-0.21904470323314326,-0.7453393547045116,-0.7243491887967414,-2.3541708519295836,0.404821385448697,-0.14127683221156226,-1.0995159126825989,-0.16879448944304382,-0.7715331818099341,-1.302707766746563,1.3981295257165691,0.5257975760281064,1.0246711714371641,-0.8787770885175586,-1.4699217269105447,0.34129277052334084,-0.11584822581710885,-0.9506660508074297,-0.4763045828235023,0.7972626568344607,0.6085661185083409,1
-0.31433833449153264,-0.9881707919423536,-0.17328580271208888,-1.3364471281706292,-0.3058700923527549,0.039326554068385276,-1.0215212187265952,-0.015880548682960988,-1.0454202684874407,0.4711567648480679,-0.4310673070411466,-0.2545969336520974,-0.7379142634123091,-0.7124600022555511,0.5696167257125658,-0.4327549117710498,-0.9573309813881783,0.43866650307805105,-0.007895531287870636,-0.23731727617424336,-1.6861162255204,-0.4460070395240716,0.04030159475223934,-0.5065591469027051,0.9199858405217822,-0.06867763020712361,-0.32386564483825575,0
-0.24475253692744148,-0.5049318395636782,0.7574166329600955,0.4717345572553188,0.9822900750050968,0.6051771830091848,0.22089720248420888,-0.6827168509509781,0.22131589267350904,-0.7770785533854158,1.3187571005966623,0.6577720820291341,1.6365842989631416,0.7486900393848148,-1.6920981200051375,-0.17202797741395837,1.0659267401762857,-0.4637264444154736,0.05904186407967297,-1.22972320270204,-0.38716203748313915,-0.3782686111394525,-0.0037755148695149767,0.23904282082597664,-0.7736943521920999,-0.3578331455556765,-0.3095962443960062,1
0.3205206412215669,1.6141972074539155,1.103256634491022,0.3619768757995439,-0.10384790412539167,0.5115149906259828,0.3917367360091503,-1.1203006150668602,0.6609525607593054,-1.2975827237191835,-0.5401232846277775,0.3125183146088955,1.4114316958772755,-0.10094909983677329,0.10676981606030374,0.2634078412195802,0.08315528791842126,-0.8830576001537217,-0.17637958244707852,1.5687460379696085,0.7880258787354256,-1.107439225118235,0.898406204236819,0.28057557095006347,0.3573488011596275,0.37982022797047443,-0.9183976833592528,0
-0.15197336419313162,-0.32588433259553906,1.079502946750176,0.5860268908972153,0.05290909532740205,0.09992105644907727,-0.6501107264191703,-0.12112660655180367,0.15432509031387476,-0.5800224306098096,-0.5797495823145961,-0.19449759586081586,0.434787680300667,-0.41245408982811005,-1.0354620464383495,0.9508470249632228,-0.1569423638749482,-0.7084200843956912,0.41100594941545526,-0.17118372024209783,-1.2497628841391848,0.46144496483884184,0.6674600475607728,0.16187761826038857,-0.5305880310650117,-0.2227236429110351,-0.07274039493949028,1
0.7385109305658156,0.4602556630302398,-0.06682131345388725,-0.12897324852797512,0.16744737808082008,-1.1915013322088321,-1.2408493537765968,0.638416570744381,0.6672385068172304,1.024021383338826,0.4713111181898793,-0.5075213789673916,-0.3277994825090519,-0.3745068571789232,-0.06867881018940021,0.06004720703920408,-0.0675743969122897,-0.35232416913406595,-1.2911477271368788,0.20228224909496184,-0.013905445309804584,-0.6710668675092937,0.4742466615378496,-0.6811081956483459,-0.8731833865106895,0.17730530870811712,2.0637509460024783,0
-1.322088501902581,-1.2634006874986172,1.654415727880798,-1.1076943116121105,-2.736884033486115,-0.04041764059167207,0.7208414869599991,-0.3611504654458093,-1.4983152180123886,-1.1444095957906772,-0.5284470465104697,0.4137582646558548,1.3484874873511394,-0.7006761637901885,0.9644033481955877,-0.29554878956458464,-0.6207605865114245,-0.17813443872591503,-0.17365517422503224,0.11399081086458966,0.9589068356825884,-0.2515976606960127,0.3190038162791014,0.523095169391975,-0.5540993106526564,-0.47302605634198097,0.502715582191873,0
-1.1803153447840244,-0.7282385512781546,-0.1262189636904585,-0.45900403486822294,1.2939622152464665,-0.8849571955501055,0.7566803331238295,0.8289818917041784,0.6890440055764159,0.04789733824082215,0.6284078180620235,-0.5950048917605362,1.8229008973718226,-0.3237156357308396,-0.7042653151490795,0.6737184897450346,1.0463796557796652,0.8456642714945282,-0.6576595580380942,-2.038112618857805,0.035213788766253834,0.47731708175137794,0.28954712917096814,0.5716730023619897,0.06201907565352962,0.560749637981958,-0.1498622708532942,1
-0.7233712668747095,-1.6835120629538842,-0.5772661903777923,-1.0547317551920738,-0.14272166480878665,1.0714169668682065,-1.890367729932903,-0.6541170906657006,-0.09262361775376728,-0.9745987280738951,0.40810054480214414,-0.16802044678025935,0.3490462113130382,-0.1447989911080598,0.5153047610299037,0.5142424733393464,-0.5451277552370023,-0.5575740889347047,-0.14800315496972344,-0.6502083389531701,-0.4964818722684686,0.7779784151414451,-1.2042581676882305,0.7358957238905433,0.7066132512208958,-0.8626360697847654,0.7531806491622753,1
0.9739836306712959,0.9940805562619134,-0.8039870979365333,-0.48388467292034315,0.5940428763832646,-0.6684478241334864,0.6827000970950721,0.8543081637110125,-0.4871882082395559,0.47180138865862165,0.7549847643588743,-0.8884929731709993,-0.2980663169670784,0.6620112218813174,0.14213677779372175,0.7857970316874002,-0.8117057410052785,-0.7256798573280326,-0.7388444001282131,0.2824527760616866,-0.9060344066750322,-0.2857845766538941,0.33466363132160454,-0.022175903873632507,0.2476130880622869,-0.6863976233980569,-0.42549678721839534,0
0.1574718353139808,-0.14982955425408456,0.09705036042108452,-0.4813439654664333,-1.085787167956243,-0.6558160522978254,-0.36141805523549897,-0.4441939180486284,0.5272709377588136,0.39162613247141376,-0.042820489721265495,0.9073080588912319,0.0624983054755116,0.12669299884666863,0.25492181093614363,-0.5354329018942495,-0.64042939258814,-0.9268590245253617,-0.3498511595791518,0.9456925514092459,0.6994713594337915,-0.3897386880908402,1.0147213958790935,-0.36822105695912233,0.047882473543695576,-0.15155788052050367,0.22057337995545814,0
-0.4398677080384943,0.7244021030410869,-0.48318315341852486,-1.7044864198894798,0.1741186678461858,0.27350962350795177,0.5359321318169492,0.3943862617070562,-0.39146286414588344,-0.39763333527732164,-1.1444229699728137,0.40457004119509343,1.2120081392399162,0.03731513487483116,-0.21247368789882726,-0.10940045530745675,-0.275207439200487,0.5755093024308429,0.1062512505097436,0.629981052876242,-0.00022604612174739893,1.0632997086150706,-0.05719474301559319,-0.05359874278875502,1.9175133508122342,-1.5573469903742052,0.5615077079864239,0
-0.7313748501577396,-0.48941233106359355,-0.44163217243169334,0.6934276947994895,0.16106285750793362,0.4076830517474907,0.012979440550494577,-0.3129440952018474,0.7838190876798087,0.38907679702934095,0.001307925877735114,1.0144344153793794,0.04251855388672892,-0.006484383621944251,0.44518972329678563,-0.8508610436079873,0.5594284154997964,1.3676745394786016,1.0197302589379589,0.116060904821397,-0.09479019645853065,-0.6590949191023615,0.9890165867192978,-1.058214849137947,-0.19187139502120515,0.1045908457882506,-0.8156468350028154,0
-0.8231287394946184,0.42536904372067247,1.1699318854154275,-0.30793042823516975,-1.7514818919173405,0.6809863773863689,1.1248467933571589,-0.8733905577209714,-0.8705744151588352,0.12029557237323411,-0.4396873000204798,0.4123897552687993,0.6777293974569489,-0.9377921960600325,0.48723596479362524,0.1493150874545487,-0.8019765540399649,0.1142561811485086,0.8676214969019473,2.1985434767198218,0.9049111367505465,0.4143602209248353,0.9617255661062586,-0.5357460025079134,1.358744740817913,-0.1032108816084447,1.7391769686122813,0
-0.7736801959348706,-1.9184112399985707,0.05870241387019424,1.2579672472436334,0.12271622617026244,0.016301412030557787,-0.22901604390102043,-0.2150465698655569,-0.9881149363123622,-0.02780276839939795,-1.2853509058855122,-0.6999526626774641,0.5776997857836581,-0.6979611590876417,-0.9356549662971225,0.04266897889307884,0.357746459609529,0.7817171354550331,-0.5387475966735988,-1.202960202281243,-1.2214687322570257,-1.0996584612084437,-0.34583146299322426,1.787936227292861,-0.040773514780876215,-0.8991421392561036,0.13174278481593474,1
-0.40686409691079983,0.7366940236881399,0.3554165401615317,0.21505456694474837,-0.06222331004873102,0.90946744741966,-0.18956240609291794,-0.2689878761423186,0.4949218771759999,-1.7215489688363235,-0.13822025472348115,-0.5200385491093663,-0.21696454045999625,-0.09355445563509927,0.35427526976193924,-0.16587070388182978,-0.6252341053167473,-0.35239034067318176,0.303517703192195,0.6974020806954082,-0.8525286715465354,-0.09588093030127974,-0.12246887628873544,-0.36743342897821873,0.7328056629875194,0.7213928054811182,-0.4057526907880376,0
0.09644930317170969,1.9194317272059365,1.7270674353659283,1.3485116551224394,0.6386986011554631,-0.4911743618589113,-0.24577862912408588,0.49249732135940544,1.072724618386406,0.2747431230066009,0.3713789402356961,-0.17681581922076392,0.1083760776169675,-0.17764740924542033,0.03473600830124206,-0.7297124742877135,0.10941736056830699,0.6447253368572472,0.38178454273745366,0.7434461983016023,1.2226683341206857,0.08747257168788425,-0.22829686868314317,-0.1671194371516905,0.6342845154287075,-0.10424406354463928,1.1506570331922457,0
-0.1955440189586307,-0.57217701164542,-0.8552024234855646,-2.1112927472477505,-1.1908838241653785,0.7377407129290043,-0.11793818867558416,0.02318827558219149,-0.6033794543042994,0.2515791619452456,0.7282945741783066,0.2786648815120608,-0.6352437746474592,-0.14438118355653556,0.28307366861923117,0.5012565199239919,-1.4190434373585756,-0.3165213624941227,0.2280198497005317,0.5708430994427064,-0.3911714454471419,1.4613879774723832,1.1833223059467142,-1.7257483648928913,0.1708876192321727,0.005639889895692175,0.29152671283390114,0
0.06755850940791036,0.22453637764294238,-0.030583111456588635,0.19456461384243556,-0.550121375667704,0.9623397963416538,1.0538380627771755,0.3080311726003494,0.7866728727306612,-0.023175652232278143,0.10306405252580063,0.5223511277189641,-0.5032633054760597,0.8733535860990485,0.24971971080704206,-0.34710000303255567,-0.9583348954244538,-0.4465347150062304,-0.08925557587898297,1.0125768155446024,-0.5716568118731497,-0.019588427035743646,-0.2962220495809827,0.3613889867201637,0.6601900832455554,-0.030932881333924137,-0.10867444574446258,0
-2.1242142358094345,0.6684744336431613,0.637250649180258,0.41087417250790836,0.38700326804599516,0.32704347683300894,0.27819060142671653,-0.9239129488290873,-0.016828055296163186,-0.2202466473480526,0.3394184890619158,1.096104295849913,-0.20272396241086754,0.07841174382385556,-1.640445903081331,-0.8820090548630912,-0.5710974027450023,-0.02040241869401092,-0.7244544505764065,-1.4951917907523533,-0.8520653360883033,0.5342462068622336,-0.7759639859443263,1.243470711272455,-0.28894393431708953,-0.29057355026037085,-0.2577757408682502,0
-0.26190486977428007,0.750978269779412,0.8096128759376907,0.6804517198886411,0.7635917395179288,0.7819635233694611,0.6184594016296369,-0.21469843229478128,-0.18990922644786423,0.8710131717835361,0.08233697311793664,-0.005574192410945851,0.08081004402033921,-0.7830232402180567,-0.18474288499621594,0.07010402543229421,0.026830798025592347,0.7110237250910195,-0.27696241763262175,-0.21024394620121464,-0.08706030371762616,1.4520369447018298,-1.0098482591397044,-0.38768240622486827,0.6287987611161877,0.21382771567435832,0.42861330142213344,0
-0.9553070842223105,-0.2862901826927502,1.0006974091377998,-0.7021691914739426,0.7676604441202911,-0.30879816045456926,0.17449296321852725,-0.47578183215685405,-0.16996422414800938,0.6951901704451129,0.10608423737409539,0.09099716281771884,1.1254390120825253,-0.23940378294281742,-0.4688209362702465,0.025285982302788914,0.42079974158157546,0.5920521024228343,0.703269231032906,-1.2495051985995103,-0.7976295478190181,-0.0685683668141234,-0.17203441779917983,1.4128992363763104,0.6576750769526526,-0.48060639353981804,-0.7130489827115343,1
0.6542453699508657,0.4789849614684264,0.0441148131487794,0.2731635363433394,0.37824472713672475,-0.18408436409585863,-0.7470569909529617,-0.7092923948351911,0.8279629277869685,-0.9161741542993681,0.2585714652987799,0.2557242293472416,1.4241837015086407,0.04286792074155334,-0.8285602934356014,-0.12746193164587052,0.061655584299297524,1.0326237628038821,0.805631966501292,-0.22611686659317973,0.6522398092252725,0.04733630372017903,1.0299942994990918,0.17589146529791258,-0.2145288551262039,0.3124900025133778,-0.5032725842001873,1
1.1065870633570456,0.4343079660644987,0.23585882022610358,0.2382859463511203,-0.541325482786245,-0.2609168601647615,0.6466898568748699,0.01836711113548589,-0.025670265472107743,-0.11374787224219249,0.5364539573114167,0.13209685613762434,0.3468574279430795,0.795219344729659,0.010266706390713889,-0.48102997190791263,-0.39849606683362554,0.2870116747161477,1.0118223479210833,0.6017533057042324,0.049452312923312904,-0.6222077565234005,0.2997780811986662,-0.31867734113399615,-0.5468326383844604,0.17878760783142394,0.022621529111340275,1
-1.926330691229117,-0.9575193482075597,0.37926876430785905,0.9857164296857756,-0.37967710119295023,1.2177248881419604,-0.031787684906122306,0.19600884295424223,-0.010392114479271311,1.0191082759841892,0.18934297222799804,-0.672512157415549,-0.28274949659009785,-0.8684999360784679,1.2838253329595588,-0.05966635084860058,-0.6647603296953355,-0.5156439107450281,-0.14239607456010714,-0.12300225753009561,0.9345883836572286,-0.3737998551518803,0.1487634060330627,0.8561637861489737,-0.5843771161430306,0.6464201485063561,-1.3016655917621747,0
0.2018806083818666,1.1927563195801136,-0.8205597436979238,0.045210003053246635,0.2344176139489036,0.5512867861267366,-0.13920520097413133,-0.445049492133494,-0.1270408165861835,-0.587640471541263,1.1039667693613706,0.1649950448787224,-0.48458322745203936,0.19695102441102028,0.6776909113314007,0.5156116924315206,0.5105887341573684,0.15849464434415833,0.36459498226531223,0.7417850969254854,-0.0692891803424698,0.16261334019305823,0.12087184716862895,0.04927952301291198,0.9890482711907581,0.26249744462110064,1.3845519591743805,0
0.4409976366666333,0.4135848790931183,-0.5305234978371661,-1.020353352375165,0.49815885866090404,0.1238390535728779,-0.27072250383111945,1.598028235187403,0.18719085316334189,1.071080107438235,-0.5136254526147854,-0.8999306235001392,-0.5508092675799225,-0.44540933848897546,1.0150604724281116,-0.19138586348669956,1.2520472133553076,0.14066018133322608,-0.283234357828446,-0.3484260517153785,-0.3197558343032236,-0.7185473590250508,0.9254568978803264,0.06783895446611823,-0.5923373339074857,1.3103128596357618,-0.8523615343465226,0
-0.2639354372017142,-0.011919809878590341,-1.0415682257195151,-0.06187169040682578,0.5046411185703571,0.8395882754089479,0.6671704674905765,1.0683817617006777,-0.9623013689767602,-0.6210569125708816,0.7791595498613395,-0.5763339225626533,-0.1364223919716711,0.05625941721184756,-0.6279446706287019,1.05061170607369,-0.5325627318774276,0.20273139817445246,-0.4709635623337637,0.0030556834868527534,-0.3810270544874399,0.6297286132075411,0.6138985451555515,-1.1799403646679847,0.36841234753828594,0.24524748881517852,0.29228057361072995,0
0.4046285740195772,0.5083340024308888,0.6993431229977014,0.24432353994657155,-0.3862545216754486,0.29703139458150385,0.7689094866225601,0.2742379496464954,0.5594223941348511,0.31853866430959416,-1.2048652448439838,-0.2432241615303823,0.3378835333994752,0.19746015369535277,-0.5996422863862543,0.8393770313477276,-1.1686852691529124,-0.39697474152793627,0.1094844510354817,1.2247473511941824,-0.021169969815990657,-0.10215506021994349,-0.3623568111709048,0.8963568532983094,0.2341365448243339,0.19103333173790912,0.4044670029889893,1
-0.11413012839157655,-0.78122137485469,-1.2968800085968293,-0.5464423833692629,0.28957214482501187,0.019142651530811926,-0.20081462278937726,0.6736944096958527,-0.6015510304347811,-0.6243675084807953,1.1480714377690278,-0.27259244681922157,-1.1528298929669327,0.6264726637077933,-0.13629923217173356,1.5087919383752073,0.23047030900077056,0.08421666677542688,-2.241550727348272,-1.234648742128161,0.5017789124419397,0.024742979529660987,-0.8499163902835541,0.978207445429994,0.3555907324429988,-0.6028885194948919,0.7383152567814126,0
-2.88979655022079,-0.005942020655465989,-0.6223473423634581,0.6757130551989514,0.6989236807924126,1.056371952212688,-0.31277086554275957,-0.8004872083047255,0.1979598969104101,0.25650867920168263,0.6381917909785936,-0.18888823551788783,-0.4325059288336078,-0.7602343228987622,-0.4326557812731983,-0.39126868785566277,0.307799677877202,-1.9885814431093107,-1.0922176648135213,-1.0506746864537175,-0.21435704724162624,1.3782876891501474,-0.09172194842534545,1.0004676367745209,0.22084964359773282,0.09372430918223984,-0.0678239182350511,0
1.066963434149367,0.9524975534746234,1.2821806459376512,1.2958658582002462,-0.22899006365332203,-1.0546614977111197,0.26690408906378627,0.43191044129863587,-0.36698968155872225,-0.3197463078457734,-0.7370369218625701,0.5675236583602216,-0.004416197594317362,0.021398195702814468,-0.26060168747535817,-0.2283769435053166,0.5760819319235204,0.6616026938746948,0.8122593595341352,-0.12690211548846342,0.04290687913971658,0.7736004990108158,0.007621820315167578,-0.454434353960514,-0.7141788858730008,-0.21633903715773528,-0.004641763813493579,1
-0.5077636467743596,0.5420886357017819,-0.9451168780929613,0.42307000264052386,0.37305968207124857,0.9511798343946803,0.1038385183958196,0.1512167543071868,0.32775930517064894,0.679814392351283,-1.2281398117172984,-0.18565677375439163,1.3244053620207632,-0.7878311299032357,0.4728107732318965,-1.1807337536029685,-0.5340979759471746,0.6196928160656415,0.11661200869070742,1.1010503678340828,0.23138974565611728,0.6119468553355981,0.07625006426278429,-0.09940147331589136,1.1445198049702898,-0.5883414237760695,0.5257634671398134,0
-0.2766086814495189,-0.4195296903602387,-0.5914485764762119,-0.6064762405233054,0.22164826840556717,-0.21530174541290492,0.0357021939829895,0.07089157363420456,0.4822274046070117,0.9804745537842581,1.6652873722840416,-0.9282367254905997,-0.7370581073026499,0.8683014915905087,-0.646765370154364,-0.8632125465449179,0.49200451074322676,-0.44170426537186047,-0.33610622242382776,-1.631730769684746,0.42848983861763446,0.7542502776070762,-0.21226324987110703,0.37613807593554144,-1.3018895570626552,-1.250816826707337,-0.13540959725861396,1
-0.2574935624270999,0.13505453947246307,-0.26107991732717367,-0.29625761176714144,-0.2807599443129401,0.42145583485150917,0.01726899492889297,0.07524941637914241,-0.0216632178304109,-1.4918140209044204,-0.10672443259150637,0.2228596073596606,-0.4205346317754233,-0.23293354157049057,-0.04637753521886366,-0.0970361081743545,1.0761232336031092,-0.3415450964562374,-1.0810441702935634,-0.2926435600257604,-0.20618100146349688,1.349778818168539,-0.4557351289077481,-0.511047902408074,0.7148006649702269,0.29296091623889864,1.4159031581193462,0
-0.6365610898951194,-0.2452568117318263,0.1205869462965834,-1.3503467122323463,-0.8472120143282788,-0.1410233328215029,0.43486122328120647,-0.5345314383998501,-0.7094378431885593,0.6193760805172319,-0.4849098509073053,0.5898264610660079,0.01953789105406226,-0.44617499628704255,0.161366402094243,-0.48759388125683906,-0.3208033485314786,-0.5135248265631455,0.5680469285629527,0.7828022712116969,-0.36073023690707284,0.47522539773587663,0.8794178879021762,-1.051383447327898,1.1255050541717624,-0.11141851476175452,0.15305266851684482,0
-0.5198525079784948,0.6803604335007536,-0.6039955756319114,-1.4316586609205535,0.19220902689647618,-1.1761698792161226,-0.04784580543927558,1.2702196771363097,0.20874809291571664,0.8880113371496428,-0.21750580780822157,0.34514464875071854,-0.5372741772992543,1.3883007121755995,0.09028977111421665,0.4295328812946742,0.37162771058236294,0.0630161203191301,0.37809098116383366,0.07214847347741664,0.975335161596294,-0.7849871883087908,-1.5163972951207447,0.37593396825386655,-0.6597029580052345,-1.2096157555027403,2.188054131200054,0
-0.12448223207630131,0.5817358135726732,-0.2870865482428147,-1.1725425165979069,0.34984468051822143,-0.3456530957607947,0.6764196858326859,0.3804172911359917,-0.796303078905908,1.2685354443183932,-0.11381282158097208,0.38456211914553645,0.42084642378248566,-0.009807823236294354,-0.17281623883563654,-0.41436832535241874,0.8252848517287567,1.2114552421742582,0.7031523875648208,-0.3022689234859154,1.799620986741834,0.5061386765654982,-0.5068183270405752,-1.0328834023604323,-0.128922535433118,0.40612104055838555,0.6622479155063026,1
-0.7820483652342617,0.4848081776383836,-0.055005418090150866,-0.5499060117713037,-1.1701941413562775,-1.0663957606320753,0.7622306754285265,-1.2511510150678482,0.3673963885758896,-0.31649658678807185,0.04134304260081849,0.9717099141069054,-0.07188552051424942,-0.3388748303524599,1.3525322297439402,-0.6755655444857857,0.17259640283478295,1.076571905348042,-0.030144237181668206,-0.5111108777702209,-0.21122668785089432,0.10829724058671601,-0.30714198104062557,-0.8149953123948928,-1.1249272115475224,0.8192346287671392,0.0683714546974316,1
0.2944814489902132,0.5405029007275687,-0.5804634140226114,-1.3252601860829387,-0.8211605542767724,-0.12036431280308275,-0.744949154070617,-0.9016198950196448,-0.4825148605303704,-0.710603166360634,-0.0362762071942653,-0.110210310926818,-0.6119044956124113,0.00891682170115558,1.101902324529394,-0.4984709287087907,0.14344236979890712,-0.20138939579210707,0.07899949966926081,0.22975216868715814,-0.006428361387160434,-1.2970382241191767,0.6318492260438573,0.1759023325319291,-0.3193150160647725,0.485025747289454,-0.8779465310109541,0
-0.5041254699397044,-1.8340399392044722,-0.34870997357713773,0.8178040397021635,-1.1080488543569915,0.41347699602667903,-0.9108727253697879,-0.25004092681253326,1.2690572672707687,0.29204339979922656,0.48342021821072095,0.35672253560329453,-0.1913480874221208,-0.28975791699839226,0.38119473544522686,-1.5217409195777347,-0.23296175345968004,-0.9739270699749805,-0.9536952644658495,0.7531871153349683,0.7667049251019313,-0.7054230087389404,1.2830413701240257,0.23041822334083562,0.8973536884594353,0.4217551270325813,0.774500923810488,1
-0.1719495825834917,1.0135391834015315,0.45296273492797223,0.37806284980127763,-0.015426305998964268,0.944985800054529,0.07613189924865016,-0.16624573984741967,0.10039348767025863,-1.496835721380358,-0.21017783560252187,0.5171524390653802,-0.02987944108847336,0.30025104299549205,0.46016536537156766,0.6837358967189977,0.8954612593520295,0.08631913268033238,1.1821128189730044,0.6167695290979324,-0.2684614068458608,0.6817217223422884,-1.0238294739237768,0.2747957421924455,0.5089717274640723,0.24560068235307003,1.3767409656643836,0
-0.39655406902564944,-0.4826973225558729,0.1457042987104562,0.25372237314316154,1.324223423897426,0.3912314371452491,-2.093425985495235,-1.0941666124517595,0.7299978990545056,0.8237966376339109,-0.26643861430948507,-0.5698369904540583,0.6262798476825259,-1.368548309002091,-0.7558114055778467,0.6345520581249599,-0.13402765677720194,0.5677104242577633,1.9336212854829928,-0.34478541107357213,-0.34269768321441746,0.5221559106886922,0.8291640384623781,-0.38359408012591845,0.4098038022062535,1.7428447342223545,-0.6732321992350578,1
-0.15027573837184366,-1.3862699566361243,0.6843721737544286,0.2691557414003213,-0.8573944118458646,-0.5853447058550236,0.2636795718196066,-0.14916622953881192,0.47044512554089774,-0.2911150942566826,0.5893274735682548,1.39915483560716,-0.4474077799760939,0.9498656977806049,0.0001919888662270552,0.2023392370227897,0.2475295353351784,-0.0809385819127426,1.004073077977005,-0.5423436909574704,-0.06116264316539374,0.08208291847749553,0.009375876865320517,-0.35012060243011944,-0.643296585218315,0.14530909514646276,-0.4510685099335848,0
-0.06258429594292494,0.7573216230291134,0.7063172579018633,-0.980498432197202,0.07178432415613889,-0.5420698807915374,-0.6656263598680722,-0.889796064437678,-0.5294665774444568,0.48395861814873087,-1.1046527053188273,0.13781373391663687,0.17549970646265975,-0.7233128347944429,0.10150989844542362,0.5166025294183648,-0.9131062162493533,-0.4024075106042008,0.5268245578376148,0.884252783013204,-1.3008651807271747,-0.7034068222220848,0.4893921564892097,-0.06486063582960061,0.9710276214803044,-0.03622118726833239,-0.465866462111866,0
-0.021071966537960885,0.9466427520544358,0.3328674032951718,-0.40002185121370026,0.9378952367485959,0.09490508814378093,0.46030235686547694,-0.03926727085814419,0.3602652559469298,-0.7475044318364502,1.3685708093268072,0.5965943619733131,0.5581859780657714,1.036618449027925,-1.7221692331396057,0.2172535632930467,1.4915252365840488,-0.7257138312266233,0.09263531948567692,-1.1934900274088698,0.12433915596717433,0.4102696173910213,0.8269866267940846,0.4669281883273969,-0.7458329283167691,0.050069401828178754,-0.5651082961852282,1
0.5532236606570898,0.4898681854314127,0.49524177518780216,0.19618185682914963,0.8220285940091306,0.14724290817881164,-0.5352773397723254,0.1280182110103235,-0.6715076247045747,-0.5013660368896015,-0.49488861116795274,-1.1565537340856074,0.1304080733545107,-0.3661780743624054,-1.4521915133451777,0.647568289507143,0.929768499626686,-0.9151647192631674,-0.47867343144169366,-0.4559067656907876,-1.4001156950981135,0.23263004529185893,0.12310270206178298,-0.6514548869319174,-1.0409302327337981,-0.7295039467660597,0.6765500395320835,1
-0.004818505036176757,0.1951522832020779,-0.1927529894646585,0.041661205572997566,-1.2396214489327484,1.5329499919400742,-0.3671455470141977,-0.6944999382640128,1.075034183906112,-0.22963648487435517,-1.0023541491878152,1.497241124454133,-1.3559621314938886,1.2386239778885135,-0.38052108758769637,0.22010905778671988,-2.3232684880746386,0.7099389740830314,2.362920242235939,2.0872043750515226,-0.3394001100824925,1.0255730408915298,-0.7875568423994159,-1.7732868655229248,-0.6113560382267923,-1.4690197523924455,0.5915837758733391,0
0.014153115804625685,0.08339451452958775,-0.670469628797729,-0.8895540201059517,1.2757475469833803,-1.7400479287889992,0.9494362335064521,1.9610530476637769,-0.6068908602887381,1.6593397792144329,0.6484617359958793,0.40320955959020455,1.1368689360203128,0.3626473936674882,0.48093348686461673,0.6660640007500495,0.866045683899829,0.1902623220865172,-0.33206307212711894,-0.8968241114384887,-0.04798580294444597,-0.7675526682166314,-0.28781743145814476,-0.34086051638624576,-0.2597235136422216,0.9080069493008839,0.7299345154031088,0
-0.48041068334178755,0.19900262863945778,0.36556598605303303,1.5186362991780817,-0.5840316105651491,0.3487927404663898,0.8180232884500788,0.6932724702896503,-0.10953339501202285,0.19731536924933699,-0.7995528657751623,-0.5017530653515095,0.01833996831811711,-0.2645826264611866,-0.7370040298784223,-1.7344208117680335,0.07883709445962815,-0.6044203541979737,0.9533249847842065,-0.1663499818900196,-0.17298459958682685,0.9755251424710346,0.6895443685192865,0.697681765684652,-0.5965597833240236,0.8444547501342397,-0.4170242821002506,1
-0.9228206398230329,0.27717949112686247,0.25161734741003916,1.0059701244935002,0.9527129319469403,-0.3948849106097097,0.3829974316850348,-1.476978104086645,-1.070105426553861,0.24813873264997816,-0.44322162728572534,-0.957420563508803,1.3079764735376178,-1.4460820740051954,-1.629520575069945,-0.13751538459986806,0.7054985868052961,2.032015261351707,0.18111047032288224,-1.2420125078672886,-0.016234153967314077,0.08490588644851794,-0.03195162858580731,-0.03005600122431121,-0.2809753224472369,-0.018827904635649702,0.6379767416406324,1
0.5863031942027931,0.27291797109700533,-0.0824842198771238,-1.0325208107862978,0.5464217798854643,0.31237934778690424,-0.23763025822489556,-0.5795974058107637,0.5674542130739443,-1.068415443655773,-0.8225431852749753,0.006527893403041266,0.7646191944424179,1.0233950099202538,-1.4589061259247111,-0.2929301970808544,0.7859755868774817,-0.5268084365250659,0.08758865038680541,-0.5279693869807285,0.6893855278284525,0.12841738388827426,-1.1108148273772263,0.5175975835441509,-0.21557620636144725,-0.5388953196700339,-0.5547646649003815,0
0.04152101385297411,-1.5777127001157445,0.5086831816103449,0.42993684789946385,-0.4651181358640946,-0.6850390494083156,-0.19814187201183603,-0.32865736051555483,0.27142123735658813,-0.4523083655652091,1.2745489151931004,0.5475935027104589,-1.3747677290689113,1.2306932309784164,1.061681057457266,-0.7794765168143587,-0.6552836613259216,-0.45168242732618435,0.29991120703489954,-0.11855839853660505,-1.361700550827633,-0.8534906380456374,-1.580442325443942,-1.1465589749443093,0.7299363298558021,-0.9590315901996456,-0.05506116623055648,0
-0.29789511496154336,0.25290672683806,0.31717926953901093,-0.037154780038419884,0.14556635980777116,-0.8625197680236303,0.42852850561285966,0.06993478754679262,-0.25798504889771473,-1.082628910730238,0.6318307052537495,0.2533107357071698,0.1514026503901543,0.18027828074940147,-1.171978257106564,0.24159730746882732,1.2563249789285922,-0.15385668714362896,-0.6566067781163069,-1.535211065642577,0.38390320063999767,0.8365786985188657,-0.025426364698431826,0.7480699713909665,-0.08211642261662913,0.7808850972978828,0.5937122646099319,0
0.5049268527489236,1.265916789785636,-0.4199017214580134,0.621626745511323,-0.3279323237468535,-0.3852227342290963,0.17098447072437742,-0.5103920797399114,0.9666100966126556,1.1994421636322103,-0.8014828046974497,0.7135826719697848,-0.19148592295683003,-0.07085021513791225,0.3738030995114976,-0.8488770275687474,-0.2930583921537163,-1.1623320737364704,0.16531579206620206,0.7528838246004481,0.08648156747591533,0.8974478915298835,0.889203087298869,0.4660011033679638,-0.36734626559515876,0.31601698196736144,-1.1148748273199829,1
0.985312863405962,1.6609865873570007,0.10957336619604234,-0.16227094797261274,1.4520178230205607,1.5098426487712773,0.2736874985032693,1.181771128138308,0.129347492720787,-1.6106200890889464,-0.12332014600236568,-1.591231891820456,0.4544668020445339,-0.6615745286688618,0.5001762589969548,0.6937512897820669,0.2962446882168724,0.4326745166411721,-1.2829188980695951,0.2610569452805497,-1.4238628599913912,0.6444534757165813,-0.5357514625368524,-0.5490761094043625,1.401719295159344,0.9175849336963511,-0.11242174223301862,0
0.7951153766650968,-0.2801248430399636,0.27390238979296133,-0.8873650380501521,0.42865247456633737,-0.47639787018261404,1.369892604819645,1.8308058388559034,-0.07863215237361024,0.9267274692583628,0.4764982409500439,0.15226231312362334,-0.3595736319392627,1.6983010416200428,-0.5623699150016079,0.48348124645251084,0.3909035439972213,0.3835493143571899,0.2066429384610912,-0.06725497076051179,1.0110569614076137,-1.0286494727929227,-0.4231972867998663,-0.004922877039066814,0.28443478999029204,-0.3769886028777075,-0.3043455451259955,0
-0.028469581774395764,0.3634154129375674,1.043672606613519,-0.4285921778881512,0.735518556644572,-0.5008509659673949,-0.028199977268606857,-0.5765249714236708,0.4955777431671808,0.8027671402018784,-0.41292356786567125,-0.7021638377722548,-0.061250450480240096,0.22611815247925685,-1.4023230121750518,-0.16599258329536076,-0.0746624045262733,-0.5034984959680251,0.9029500626139524,-0.31219051083842164,-0.11845958990766631,1.0541277611425028,-0.9771139820689605,0.8076202715539851,1.2766194424325887,-0.7018182720915835,0.06037658577810698,1
0.12993406772219696,-0.25181388068037963,-0.3236479131200366,1.1075290214590594,-0.7924025858322497,-1.2503185456330916,0.27313301270458507,-1.2516567534187963,1.2338153108221173,0.12022580400004589,-0.5487949252713424,0.0686450610424507,0.4613032151385876,-0.04978542074021516,-0.6061517634544719,-0.1550284695200282,-0.6909803469531037,-1.1916190217225622,-0.11362474956089667,0.2253797626142515,0.02222084728608109,0.6851635438854548,0.8451752920306753,0.9184868956089605,-0.2177294398202663,0.2026780081130516,-0.3626908538085909,1
-0.11228271253154942,-0.5354733796221047,-0.7283558901734466,1.0141536718596127,1.313763321164907,-0.6138360467325126,-0.3042522252443381,0.4431395680283304,0.1776603655225393,0.2348768919612727,0.9158284074217912,0.1119307781266086,1.0259774609214825,0.14599711143151342,0.8545594126836737,-0.08518704740186343,1.9458137539114022,0.16595565134536425,-0.3729295887728974,-1.9042162806930625,1.108967421572743,-0.226773727889286,-0.5176804744471954,0.51315709603517,-1.2363285300420734,0.45665252269207757,-1.0196558663164743,0
0.5810797670565988,0.6561987763652014,-1.0486621425195557,0.17052596147199917,-0.0823625695800239,-1.2269445843131022,0.5726873493989324,-0.8944087198054643,-0.2377007857328724,-0.0689229912595319,-0.46651796439245435,0.20218859464610986,1.6525676918611918,0.22806002394661087,0.46338886858255807,-0.13933666141263143,-1.4141004619146544,-0.8257039835884865,0.8168315880621365,0.16383864516059704,-0.15909412201861015,1.1331148072075279,-0.7677085474270837,0.3085472872550934,-0.0071990589946628256,0.2841678965608224,-0.8061934750899352,1
0.6659144243436114,1.1933332308098472,0.8151577736848544,-0.04634330310081381,-0.3157411977477151,0.7184003302116079,0.2604086815904454,-0.21388738118143377,-0.5125891143457995,-0.8303953304298927,0.7117364365711458,0.13419842759907996,-0.8694514758973139,0.7658455073017607,0.47620429036612694,-0.8511221094533021,0.7690886535927598,-0.3655726100300037,0.7878247497225629,0.4467029926896263,0.5272085205894513,-0.6136135678459751,-0.7865625422722106,-0.42045405491992277,-0.22932899443807073,0.7151483736146466,0.010884815950810664,1
0.23448650258588455,1.8718701387638306,0.5749347312800911,0.5330148748862061,0.382515227082941,0.6718175995963445,-0.6780641186139337,0.3159886489165822,0.6937431215577755,-0.9953474304780425,0.003383620087192109,0.675302778562178,-0.8260814049556896,0.13505913968858194,0.2067123783815702,-0.8220029981321049,0.8424503233008379,0.39699537448610156,0.411415891639116,0.764492129860746,-0.5931631806234167,0.0872433597316001,0.12696724733577372,-0.08605411159593314,1.0067307487969501,0.198005514152667,1.013012307179981,0
-1.100977938259663,-0.4601308068184912,-0.30288989904737007,-0.31632725444158577,-0.16974627690976804,-0.15582049687913155,0.18685041194865556,0.8113893058851879,-0.6272912443399135,-1.6741658878414787,0.06564569723186078,-0.04602345424033402,0.465281221129378,0.4164289199927375,-0.3441080443211315,0.8004675007031008,0.5720143110215203,-1.164784408980682,-0.556342035119296,-1.0223630996854154,0.00022604612174739893,0.15240526881946023,0.16495569382322725,1.0346948043022168,-0.4482414216342739,-0.030148562198652678,-0.11670648768975343,0
-0.8008335473273753,-1.6495281602007272,0.48867230095181996,-0.02123665989475984,-0.5064498733179424,1.9780210112607577,-1.283878062859955,0.05212293950764645,0.5241833777497187,0.7094913954685432,0.0175680867152086,-0.7399262134975467,-0.7628324924465337,-0.3819171874228421,-0.6828199179887168,-0.4835635239875924,-0.23874597921216723,-0.9572580352784866,-0.1186499340221179,0.40659084579404026,-0.025847402324192255,0.19525238585162927,0.18950859018253827,-0.21150170621663733,-0.1912599266379889,-0.7420295126588157,1.149600272532476,1
-0.27487770499395214,-0.07250460281352403,-0.7477066081624987,-0.21129059516490814,-0.5924295045582855,1.1337239613057806,-0.8517995015091478,0.5744666284794437,-1.060513285078295,0.25347475664382113,-0.07079240033014991,-0.13061710901078588,-1.2857379496342143,-0.11637306861700963,0.6449154626726193,-0.7863735178871868,-0.3786366167565328,0.31929762771470854,0.13748723138531024,-0.012514531723338801,-0.08390245562172952,-0.44766683509849553,0.28411052785296154,-0.02928841505331148,-0.8532848509180304,-0.08910530291419828,-0.27008314858065485,1
-0.6659125679543657,-0.9857676307319395,0.063231552888862,-0.42591536638409383,-0.2492470274822145,-1.5767426384418692,0.6361601711915591,0.513273977293851,0.43811404457451797,0.6266805996440933,0.920511491703295,-0.24516871351928718,0.5567007365082869,0.40731739385706284,0.2414661907762092,-0.43165894968276025,-0.08591460548023062,0.8280068835500767,1.220292796700086,-1.1731881546609546,-0.24135861087206678,0.48100884894878954,-0.6083329801149144,-0.5806055115815996,-0.7346495801955137,0.21512280301547343,0.9073701496442704,1
0.7705215029393424,-1.107571624866334,0.19490277810246254,0.18693155169054418,-1.2872305304603178,0.08993920906972053,-0.597170096389752,-0.4598033767409693,0.09865697254201856,0.3298542964516196,0.5199501050337914,-0.4349685547779463,-0.5314557665853129,0.18842337130780698,-0.1020028010750047,-0.19485979820995356,-0.5536279074016638,-0.18862970557063186,0.6938686344689978,0.41277568053219565,0.03895052936292876,0.0029889963300051936,0.04164822716213495,-0.057405515975510184,-0.6823763763371256,-0.10813178409495705,1.4268653358529906,0
0.3788508461536177,0.7283967719543748,0.7027149093971983,1.3622765220684623,0.1967845543205919,0.40496439178521326,0.43340607469477166,-0.13634550627420347,0.3192393874502321,-0.0009376155617603289,-0.7900695245306197,-0.9432677003465496,0.09640959270563762,-0.6577042476856569,0.2149624391807884,-1.568151632614373,0.026049395787925804,0.6707722778956796,-0.6345190498035055,0.2941320233447307,0.39392522806540176,-0.4279879896123203,-0.9865830784165764,0.27927004747618095,0.6627988603872521,0.86990938973523,-0.09324018189730766,0
0.2524673616134301,-0.9637394426763713,0.7362857778767743,-0.2707943675697944,-0.2169960871334966,0.9369213231237155,0.6783385578999808,0.4735449917532446,-0.314347810432192,0.3014556260397808,-0.17881052001971082,-2.467652594691628,-0.1636008685438492,-1.5483117438068301,0.7969201294689671,-0.0506660856877651,0.7934282283209413,0.09404671512117982,-1.3689370494160138,-0.49562350035660563,1.272272580047823,1.444871669308191,-0.6211732779438701,-1.188535058058336,0.425941315801507,1.1179608783603308,-0.24488983792930996,0
-0.03299709884175952,0.8296220796846738,0.6763649101002478,0.7187576239957355,-0.41690838639247046,1.3442826619795867,0.041429863843084995,-0.9894049378907491,-1.415323933942211,0.11976452942521994,-0.7041221615819063,-0.41910506658818597,1.4877856893494714,-2.0289289924576854,0.6738838055541838,-0.4065768154690611,0.35332649995263077,0.3610890576735994,0.03302398666348617,0.8363654593412868,0.17441366777756548,1.4934771800117466,0.08673144286711465,-0.43979123383521523,0.33338657708837216,-0.16624357324764205,1.5387197086275737,0
-0.034635403437065664,-0.8318613896802067,0.09359165565664787,1.1092699278447347,0.46241527382007064,1.29701941194798,-0.2924057958769057,0.8745133506613405,-0.287056917501757,0.06739402604990948,-0.6399550101095643,-1.1681898514689473,-0.8764638321901769,-0.2226781423373939,0.058098417216882574,-0.4534041983063754,0.8011492627966993,-0.23598540712275648,-0.6895889716884985,0.16872862687648,-0.3927538535002854,-0.7066696461211963,-0.8169101288377438,0.29298180609030405,0.7396850843759935,-0.3764132805053337,0.5364563808104971,1
0.45159148116275893,0.014120203297045462,0.12626994500500638,-0.5111794351944253,-0.4548250334831096,-1.8840212108996572,0.9570050531495197,0.2220831439872611,-0.2961029026017422,0.9516825363072878,-0.21618670190844905,-0.7376901797592736,-0.4039456320073666,0.07929186252013347,-0.20195507262416507,-0.5102066432034664,-0.12061311826403213,-0.08150508937548029,-0.5633052659577481,-0.9738835518032528,0.33763740221399774,0.9707452373900454,-0.607452207974646,0.12976271565874564,-0.22986538860562902,-0.2529805756370332,-0.1314136147474653,1
-0.1842876410961494,-0.8005179596785352,0.25738823947554534,0.5605357044857894,-1.2297708195935566,-0.8398627978012403,-0.1442935475482062,-1.3092927606295313,0.37536713166671354,-0.18738452821218196,0.08132588698310693,-0.05055847798498241,-0.5537596981774128,0.27961527906878,-0.4621565033995965,-0.7989370792649072,-0.48751047165209505,0.15270594065601398,1.0551980992166858,-0.7033695835329353,-0.8649614729865183,-0.14123796356140964,0.04979703179010859,0.5914966613900452,-1.296113967830984,0.034193917146672234,-0.11727447828750039,1
1.3540928778835724,1.181077938748216,0.03944150829401683,0.22365718666395046,0.23450228977365004,0.5784272649896569,-0.12267680394351145,-0.12844398483224642,0.6103861973230158,-0.7512524375166901,-0.5168873047185867,-1.2997524670581777,-0.01645594392515305,0.17076449854292913,-0.31243850426223274,1.9122655149843055,0.2183610589298652,0.41883601360880696,0.05789787526498846,0.944862697247061,-0.6955426710897614,-0.6112056776466708,0.8978586196434866,0.09260118194952603,-1.115491623407634,-1.1744743532507245,0.05474391868734424,1
0.10137970256582596,-0.9146525806048813,0.021662590049398477,1.7114794209425717,-1.292480203761294,-0.15403216791777158,0.26171329848532227,0.1339949408896139,1.7401345678952338,-0.0657381402125357,0.355802398402798,0.49682457203319813,-0.020170708507303202,0.4567317230656504,-0.43259444087289295,-0.8882277415670073,-0.4802439954821742,-0.9572645061504175,-0.18762764545856656,1.061767657474931,1.362746491287072,0.0021368044636667478,1.7456878048043203,0.39501896987831286,0.1897124885987808,0.4251081372461657,0.3054520497857917,1
0.720154390801179,0.24213565124980183,-0.7108785731355856,-0.5008639579630036,-0.19463999707780238,0.6381636695676762,0.40360061890566784,0.5886893717361263,0.2654554453026047,-0.4932582082254513,-0.15722308974354515,-0.5659357630349645,-0.4560380514319621,0.8913224790699841,-0.5036653278695715,-0.2760234493729288,-0.23100814873297507,-0.07522552440167772,1.1822455953362887,0.46230341686396836,-1.3948490838214755,0.5502757543508933,0.36558863940270264,0.54139947195359,0.7371288320721353,-0.3400975610746035,0.16873028902608225,0
-0.42086856063441686,0.17938668101675223,-0.1296464804652347,0.12546431566087066,0.9918984756061933,0.04986182261043998,-0.6620813841379829,0.2868605795834815,0.5643352826926935,-0.35323631282884554,1.5199767981418129,0.2217966322956496,-1.0032319706630222,0.18427672715968993,-0.2923136505535078,0.4478185938092433,0.7434332101058447,-0.23939975508082467,-1.05069050241212,-1.3653994110551955,-1.3781769351552169,0.9556652929207784,-0.2784152422142473,0.8071647718100485,0.7847041463301925,-0.06885601961659892,0.7228227901115734,0
0.06351647602108695,-0.23014480603424892,-0.15238494577533107,0.2756025647225365,0.2851157817914177,-0.4215255832326084,0.3011200687804982,-0.6820692483398028,-0.1645218564808821,0.3331509898210501,-1.2407885065141226,0.1413515937411044,0.9875114487682681,-0.027811059684322244,-0.9333313705938519,0.3111082948280321,-1.4031730758756753,-0.4167472330390978,0.07150922138765956,0.029012568599848815,0.7061544086430701,0.9644855641456944,-1.1100655165603643,0.5878117942870802,0.88747279115536,0.049545691321031045,-0.9187538150835519,1
-0.024941090775362582,-0.6221213134018663,0.38611047719965036,-0.23693337533191347,0.03655366737175147,0.6245137943837563,-0.47149693627050904,-1.0374945761331464,-0.9288537261661644,1.3137292228725888,0.004949496822144704,0.3237290694206472,-0.5045390760000282,-0.5993541005180085,0.12170389894295035,0.4464193292135334,-0.3161770635184046,-0.24696715205841302,0.746972302182905,0.2894669632647783,-0.7865496749187949,-0.2700580412774258,-0.05306601294467068,-0.13447723229904734,0.6289105545774881,0.6179309081008092,-0.28113244593019504,0
-0.4949803593445345,-1.1294293718121922,1.436114404468578,0.6283727842584803,-0.9978961177489954,1.2094521053340463,0.2528443313651555,0.7630138025617923,1.6312664120761604,-0.15099387193202482,0.6895407331048372,0.7332226132771507,0.4801428330830171,0.27100503089074846,-0.7520058080058449,-0.7755361816391046,-0.22999282284040345,-0.7611192627386254,-0.9468730583025649,0.3800771611045647,0.5530046518253053,-0.18961292554250478,1.1578338219886686,0.6187887364721285,-0.1252972127146853,0.31615205322618345,0.5865342372845178,1
1.6540435608193822,0.854427235567293,1.1881326864120532,0.5832031841780578,1.050380948258806,-0.7054036031716604,-0.31192691366115277,0.11826598909464242,1.198017096515939,1.3470325866019555,-0.5628850387517186,-0.40877977060604526,0.09832866427301828,0.45401660979988184,0.1878589046881611,0.16060256341298457,0.5306779522058617,1.0458037201116654,1.7323397802699567,0.24357682983420542,0.011036650789974324,-0.11966046318670266,-2.0856775250621347,0.8333539556815003,0.4540366649080917,0.35730311928665237,0.8896255733513605,1
-1.5758148725867749,0.001677034835524776,-0.36083985035339805,0.5308861783903888,0.10756329436669415,-0.11919857283663349,-0.22732946247204133,0.09810604188142623,0.9008231887812828,-0.8283687730639532,-0.04679712440400507,0.2881173896553924,-0.31404344634928427,0.16114174727014985,-0.7499072981150099,-0.12101680193871095,-0.3784940869168623,-0.6548263818049136,-0.8063524573120039,-0.02930598264151591,0.1884398783716459,-0.8762635418416161,0.5885211204933152,0.3181775018758604,0.12042667180450241,0.7748379738232701,-0.02579526297313591,0
1.3472171486513045,1.4150015969313636,-1.4107485827395942,-0.126722032975188,1.354738042278677,0.32572191391874594,-0.5106428670329817,0.10757832174983598,-0.4518951978100451,-1.0100583754612935,0.34433046488482716,-0.5532355723150305,0.3167771299891593,0.46915361101292286,-0.5926749359734983,1.3509400505000582,-0.9180915113928851,0.9909622988344785,-0.9649866695839696,-0.2889936547520457,1.0799798997448855,-0.005415938537298579,-1.4284811032870182,-0.41086168227074416,-0.47535433908650804,0.6585471041616558,-0.17205627173080104,1
-0.4351855593673058,0.510622093617601,-0.05574975643795057,0.8607180324667574,-0.46848563300651025,-0.30361308387062313,0.7355806194890562,-0.28244288645399346,0.8746218292202179,0.7535379714682336,-1.8952859667055304,0.5384712083690968,0.2103072914366811,0.2205132607467407,-0.05742892629584284,-0.36230389757637094,-0.48678209319816274,-0.26955043755179353,-0.2503119131452646,0.13128134032646196,-0.12216652329746548,0.43261549652673414,-0.7763529476789296,2.1377661184378782,-0.47650917508603474,-1.0369565660734446,-0.4663995204964231,1
-0.33506836730463946,-0.8456110121946098,-0.32667961604887075,-0.20143739800461938,-0.6169731081043417,0.5330002650295214,-0.3211545570405009,-0.46535620163670793,-0.5729142038225551,-0.4651203046394871,-0.1300669665175777,-0.40812624382080176,0.3515416413025027,-0.08716665163646005,-0.21496409369500397,-0.4479127108259779,0.062103769403907966,0.2608578947642256,0.6704373864326464,-0.13401822696191823,0.19323274622054695,0.18444134238975998,-0.07195696676902151,0.5390438272446435,0.2134012019333003,-0.4799344996043889,0.7154879890111775,1
-0.8580690426685276,-1.0793550843382396,0.12279899875795555,-0.9112109067046376,0.5467508270556932,0.3383438445540202,1.3189350316014132,1.6527713652462424,0.41106982128021125,-0.24637733704973339,0.579684161123664,-1.280005422804403,-0.847184699199162,1.1837460680055742,-0.12282953412049041,0.8218585013328605,0.6809414436840167,-0.17366746550821616,0.16572004333698429,-1.3375003785639705,0.7375366670533782,-0.3760548540477328,-0.41414521326106163,0.41554784594618865,-0.1175947836398956,0.5497735009901039,-2.2868466820139424,0
-0.033063420086977144,-0.3646745442675493,-0.5082695985470378,1.0074637860235245,-0.5692520537587713,-0.9338989483076245,0.3154788384111813,0.1986266564758126,1.8630429195860319,0.2151159651536871,-0.4175403961341606,-0.04249031631287923,-0.6131776066215188,1.2618776847301898,0.9518419745441016,-0.4380775227561212,0.6967592203228951,0.3432759745192608,0.8153465446997377,0.31262462506058797,1.7696197897462418,-0.8389989426149335,-1.1381312576573552,-0.8992505323487514,-2.177471642903836,-0.570473162153992,0.340398374034929,0
-1.4288887740843434,-0.6169158449157521,1.3656235891476252,-0.3447556229676336,-0.7703984015440725,-1.0370462310469295,0.29723390322487675,-0.6786479936551184,-0.3708523575828196,0.24260982434461204,0.5959776197690203,0.21760453875930766,-0.7727395309850288,0.5381873482441436,-1.568556464289796,-0.7180383304118378,0.2165085392720572,0.6788225962873248,1.7497596527057186,-1.6212755810322481,0.336377474538258,0.23309070481657282,-0.2073272899062611,0.5862754977280455,-1.0069625251018686,-0.17702113313435183,0.17459066236130452,1
0.30230474729851986,0.31882828059630136,0.9222794876282638,0.5059146791194419,0.8240674178751024,-0.1868858007029279,1.0959040307810373,1.426993750688125,0.7957669510645328,0.5282770911244755,2.005632415628376,-0.7969217563372758,-1.023655118331776,1.1195790479216443,0.0661802196687151,0.27223527158386407,0.3942873085714977,0.7309648937308747,0.7543573332241963,-1.324045522684568,0.1494768842919723,0.3100295230086407,-0.32865377934138285,0.5444521806577398,-0.3519166158172396,0.65581183719157,-1.353427219772737,0
-0.2799182669492204,-0.13375481583088955,-0.6759071849114984,-1.4668119711355083,0.4287138394369542,-0.35936508029105885,-0.6168956706116491,-1.0759992248421808,-0.7815040818219682,2.074770988598874,0.4799765550972457,0.10093875270097341,-0.6172614149857457,-1.0974064367012641,-0.2746927058883329,0.4421173368753138,-0.8338943422858878,-0.12745572607512592,0.5376715732615891,0.08173120367744714,-1.0354950956198523,0.9060498215948055,1.1540458597272094,-1.5697748580727058,1.060794683395626,0.8635552534276246,-0.1672554988795534,0
0.14563038293717978,0.5135474147866342,-0.14097452336451052,0.16569704776208324,0.39261690736330074,-0.4972205767064205,0.8587606182129605,0.8435573293637887,-0.5726860142862737,1.084679110766729,-0.4010399844899993,1.3121275685913933,1.0773681028105568,0.36354597044842923,0.21510127834694961,0.24163994874515496,-0.7843628306870091,0.5789082661841268,0.828345792776865,-0.17975870462147991,-0.4988617286710514,0.9067596484532311,-1.4463325502912499,-0.15581568489203637,-0.5105426092375425,0.23407538965034638,0.5886582190886331,0
-0.5180701196032549,-0.25312088138253774,-0.15740513390448913,1.8583204578763808,-1.306833949153877,-1.0560227257860495,0.31404929302488344,-0.4128455101787884,0.7511752446463789,-0.14121827800324757,-1.2387341764018007,0.4820947760334178,-0.1551416396635176,0.09084342194720216,0.3343784558328226,-0.03002620907929867,-1.7143671519928632,-1.7886053854573938,0.1228825269688158,0.4585129370982474,-0.5499139991929136,1.1130236206350388,0.5369692942818217,1.5685198100843736,-0.283787220255692,-0.5080558098773764,-1.3533330634687444,1
-1.7956647430812254,-0.21988705215195406,-1.9355364507026303,0.5451874974332167,0.7178940549507158,1.3064220631535877,0.7405061069158242,-0.18469830356276265,-0.5732624389651534,-1.313580319425225,1.805022179251898,-0.30876805447302624,1.185459685421792,-0.3900627160319579,0.40653972390876475,-0.03652457669142585,-0.02542061690765606,0.749749358749621,-1.14262920548151,-0.7968237328758523,0.11848562308121852,-0.26447684037512725,-0.5114287480515353,-0.4046517513508952,0.05677678002792002,1.56572096045076,1.0906647256614859,0
0.5173329956073269,-0.5483841036552529,1.621229919250548,0.29310853993688835,-0.8873136614372772,0.27156700438731274,0.10003609899975148,0.4139714273930788,0.5261317458251291,0.2158650945105247,-0.9537786086407282,-0.7418453810720725,-0.3587963375842382,-0.8782531311619924,0.6117057052466875,1.1377697085979188,-0.04357918423820716,0.37899392098792617,-0.49036928532399376,0.36213636325302223,0.5117382510153434,0.6148286059505234,0.09923914360002083,0.052975121907168396,-0.18863072016894855,0.17557657284063688,-0.1299632035475062,1
0.3115100729837604,-0.44319722875038947,0.6633348049100279,-0.3915953112526197,-0.06748823973829476,-0.20917054886091344,0.3227616345587935,0.6806282423260709,-0.19873368366609934,0.5324666046191544,-0.42888443452065833,0.845583173827957,-0.5080399170909607,0.23111871862661218,0.35176916414527504,-0.3260703728155914,0.1370832236957858,0.4333754882164663,-0.4056273842508115,0.12039233885239949,-0.5727069155862777,-1.0364705349972188,0.2950065100981475,-0.44534174084428146,0.7046015435603231,-0.20049789651723815,-0.9920357377977177,0
1.2634013675501599,-0.49884468857213976,-1.0724402794553973,0.9177047071646388,0.7570625568089417,-1.1557969821197813,0.2358074547841633,0.5352137254696196,0.07373702217719753,-1.3250756321873036,0.2889467597524003,0.6244766388182496,0.8833845798893791,1.1843521573966622,0.21566182718707586,-0.23280181042703582,0.750286784633542,-0.3283432841187463,0.35802722364742373,-0.7914952087323089,-0.0838285240495566,-0.10739949891277066,-0.3113262615091589,-0.3366852271833804,0.14228217238027055,0.5670702128769733,-1.513044989322415,0
0.4497994532175849,1.0504449333676413,-0.500113270373519,0.1987979743764617,1.1857501905099685,-0.198426262015887,-0.7658698304009233,-0.7012304156534892,0.3268688194855927,-0.3659304190256709,0.28683638255303695,-0.4064324126446637,0.5746816551433522,-0.0809254775570243,0.5189265612839554,0.4560983455153773,-0.5234521577630014,0.9553623026327672,1.0294435566354325,-0.2966892621623157,0.08959885074821966,0.466486058326142,-0.5783650957686979,-0.2902269044046289,0.16435074734790478,0.2979729889415231,-1.2431018619130754,1
-0.000457963326263076,-0.4194438121396814,-0.3658170557533841,-0.23818068402896497,-0.04707394895409095,0.4398488967034979,0.9224579632026323,0.3641582012466731,-0.7005467853728186,0.27773234299786126,0.7046966894394054,-0.07040049693848843,-0.3430713189217952,0.16580964435729564,0.008809884120854362,-0.37594459124060176,-0.5548998562026738,1.0542097277746025,-0.8284090601740103,0.01700909292952137,-0.7953800256135748,-0.497561623417923,-0.2895636065046614,-0.4095410443171492,1.0253211488827414,-0.37949176329893725,0.6522243853155602,0
0.27173239098105606,-0.316799418029205,-0.30274313453437884,0.36997848986833937,0.5006455178781252,-0.10012240950126805,1.1098657506837077,0.5513308096660182,-0.2626273433602659,0.180345596377989,0.5962838876739931,0.6582142035741633,0.6215733564854358,0.9315265817956003,-0.5770839848097967,0.26889548338079305,-0.13411484495246945,0.45292405199397373,0.5459026591368923,0.0093584362899651,-0.33113245734208085,0.02595361005666934,0.11144907775512128,-0.07918912152665951,0.7835914714888449,-0.6137020123929087,-0.12546484714752806,0
-1.0187399055928368,-0.7932470230616299,0.314015451241204,-0.7431898446136128,-0.850641259537705,-0.9878092831173984,0.42131204104334213,-0.5155214565296491,-0.7036539455824364,0.5709470054847433,-0.8764061871293017,0.09652538777537001,0.3169102626466491,-0.3509981235001507,-0.5408187315366626,-0.8046119946645655,0.1727067064550582,0.02454667788923259,0.46802622019566853,-1.0852836649277617,0.08278435472501154,0.45261337499211957,0.046629013854177045,0.5274787308927934,-0.5745510845394247,-0.18222485716832496,-0.3331492103989375,1
-0.5009336626359069,-0.27620539512947084,-0.47307719631181827,-0.6913189531809012,0.7211743136552459,-0.15387452729905676,0.7906050032166643,-0.2523416102302025,-0.15836513896343873,0.7530652358868614,-0.015558952020533652,-0.578010133997234,-0.3486420675605546,0.8374957248154176,0.2821041009391521,1.1372860327231735,-0.6269450146505802,-0.6472791516340889,0.4686012212987229,0.40223376829395874,0.3524798940741471,-1.8577671566404013,-1.6642489926619104,-0.6347603262731886,-0.11257594176539042,0.9821348391384542,-0.7869617243067167,1
-0.3721613093278276,-0.18817664790921926,-0.17723715035016216,0.07558008457364032,0.1258761600498573,-0.36339067169054207,-0.3979567598620633,0.0858435843980762,-0.4664972074452521,-1.4125914651934466,0.5123724651465446,-0.7448741495006979,-0.11378362414605048,-0.04875914272431889,-0.16012572869059985,-0.4190380402079736,-0.4503179226487018,-0.5002498229303375,-0.6617443473133542,-0.5847089137972499,-1.1582092959608978,-0.7683988549744083,0.17501321098205472,-0.6496259133412496,-0.08862011458483746,0.4078206633769003,-0.403412098324674,0
0.2279961204948687,0.1480921211671146,0.4197709106630806,-0.6743774541742561,-1.3108313679133416,-0.4149345022306063,-0.5849047326770457,-0.8894374006905578,-0.39151563580487986,-0.940900932299011,0.35674562296573603,-0.00851023438016433,-1.711454676025745,1.259010251356777,0.04641923691397331,-0.5531157417232885,-1.6689118179798101,-1.4224162995132226,1.2796262438961843,1.082230004226294,-0.7724894072928661,-0.7624970423492935,-0.10143955737109249,-0.47582411864228663,0.3349403305261606,-1.1037750515115234,-0.5075834607928756,0
-1.2208088455842736,1.19921427049783,1.1894280596868125,0.18973920768723584,0.042905249130025615,0.06279401937177913,0.45163278671383217,-0.7095202220948666,0.4978868067969118,-0.8453317079913616,-0.23372626250123296,0.34629076341316267,-0.8640927612867595,-0.5084660027594093,-0.677763338306249,-0.7408075753910475,0.6373025696564377,0.5200941969485225,-0.6289362522940982,-0.406931998034308,0.21089135931766054,0.6078786514661351,-0.23865948495529682,0.0021298781259011107,1.024601566526313,0.7375427553856605,0.11005728825565035,0
0.5872159683228527,-0.025128936023361127,-0.9564449028074763,-0.4929156291069343,0.48930621029124305,-0.32490942058898503,-0.787506426771168,-1.025952454363794,0.37513291714261,0.2382813740965572,-0.5287027650535097,-0.8119250307172772,-0.3040799771098444,0.30944933991275675,-1.2152506714432814,-0.22883228730476188,-0.4846237461039156,-0.0754400007066701,-0.270014184389877,-0.7509661295812571,-0.13782333185036313,0.3362426121542339,-0.9120926875257294,0.734321560253289,-0.15238273629520807,-0.4943108035608397,-0.40913319105753937,1
0.3996881834262991,-0.42248359934123997,0.013311720037208543,0.037014182446609895,-0.6873398830997441,-0.06052872492233774,-0.896272403233884,-1.535197408005652,0.621556788765332,-1.1438089778572567,-1.4509090375133609,-0.31103079686253365,-0.25133658552752464,-0.07755887972768699,-1.6160829874969547,-0.085917182074473,-0.10702304320740962,0.5838755711802537,0.18321033140904808,-0.36855477492656386,-0.8625900257543353,-0.8410924860022811,0.8664791926794488,1.1812403487568763,-0.7261309094322488,-0.07506056564099742,-0.8221109959302524,1
0.28407761327953535,-0.13900077486798942,-0.7964931110866686,-0.925767182790567,-0.8510698604850043,0.025789144260166423,0.4665183914532092,0.14703786199561455,-0.7607151014134524,-0.6020321713459407,0.13784157986079487,-0.08292736021662951,-0.38985407792112875,-0.4665578356944732,0.8281954095531175,0.83482435303429,0.2196860381088788,0.7319604400901228,-0.8621289769186242,-0.3747470057226703,-0.2580004557333107,0.25260924146613306,0.8290070178574565,-0.21847128856201373,-0.3205588018730128,0.8631835297571014,-0.1744309838960514,0
-0.5078738116616227,-0.01556833128720172,0.17447009469032357,-0.06823556668691162,0.7349644533948049,-0.3244708176577141,0.023321136076810748,0.3333672703252838,0.06753471950780707,-0.45193913704925975,1.0298976942487934,0.47824029006514507,-0.46678798503233704,0.5495914900462092,-0.2044296450458504,1.245441033926854,-0.4554579185149136,0.29506715720289517,-0.9536221856045715,-1.2496590933418437,-0.744016025167814,0.47117498320410006,-1.5405491652890795,0.6512031073081169,0.3270949911471823,-0.12603802966743147,0.3782163184689047,0
0.4368563605527027,-0.2982416677081713,0.6026146577912197,-0.19978264478821445,0.42222536165147706,-0.42165493227183076,-1.5956490483858832,-0.9400914612906915,0.11542258946287555,-0.32000975211912047,0.15710095507502908,-0.5338889337635322,0.8725388292196582,-0.6987925326720853,0.9407051788287688,0.8109962065593039,0.5098017270013128,-0.81011961221717,-0.27557421564272383,-0.7728576611200334,-1.1261879681107243,-1.2320143232924872,-0.010685947397511412,0.7445154738159064,-1.0933656718430687,0.6498841274308202,-0.8510059688017033,0
-0.618456530192063,1.2034282087467791,0.35015613029179354,1.0408508490965929,0.7172416451327058,-0.20939245591714095,0.27713018421887536,0.12387180476444566,0.5166641633227531,-0.5873518255736269,0.5113504341012011,1.1868300470291173,-0.4516737155231956,0.7405560032923455,-0.44789243733629086,-0.3753354212646004,0.07354090905892571,-0.047588007321458695,0.0878883872837294,0.19343592669520276,-1.1254731658332184,0.5377207211103352,-0.6989385176934495,-0.05659152113525278,1.1535261681635245,-1.0051416740598818,1.1802386775590292,0
-1.4565230808815097,-0.6533582608952434,0.879531975924805,0.9318680025149004,-0.315001057383132,0.14521753254841105,-0.015645633598472458,-0.9134186488741791,-0.37482987051028177,-0.21387940879942696,-0.551439086504241,0.11939518948254427,0.01337893234066604,-0.9954219032279283,0.03058764674085856,0.5227504738248674,-0.04909604751853658,-1.09518216110362,0.23051196084808143,-0.1737606025139551,0.6860119804221059,1.4330910602814704,-0.1356486546762156,-0.41813952086829687,0.2992713739982845,0.45506248648273573,-0.6985630418816884,1
-1.3973103699771745,0.11911876400009923,-0.11603524984594676,-0.3599725425092782,0.1845901121807872,-0.24947614772065438,0.29763875209075835,-0.71802265557385,-1.1920124411289648,0.4489122658270917,-0.8213618328708535,1.141225953282273,0.8414355939875625,-0.6340978567277377,-0.03654093215345076,0.25981640571928527,-0.757237643365241,-0.5251653949091455,0.353597969700507,0.8678545514165611,0.21468326933972146,-0.582347325994549,-0.27290540407083996,-1.03790808558874,1.0868098719518668,1.0555705673320332,0.3265027436124595,0
0.40934343586297267,-0.08322051690034753,-1.0963742837497228,-0.24372087213863639,-0.6403948739776165,-1.176228823996462,0.24339669074221526,1.3543552290745067,-0.01859170731767162,-0.928925403795354,-0.694758025564147,-0.6059423492011033,-0.49904492397936856,0.3374182801584923,-0.2764001892074564,0.4971707331063892,-1.1410297387850787,-0.3448561770517913,-0.8436013885879653,0.2007235770519232,-0.027672679351146097,0.4407323923484163,1.3433948753848184,-0.5875018453919414,0.006898987164775264,-0.37714700347646757,-0.7797695124037453,0
-0.020867961000453916,0.7646292167459375,1.9340475439778129,-0.07669263055497146,-1.0026749049251895,-0.2174205574644416,0.2411651605367763,-0.37628084667557726,-0.07685476068028681,-0.23435522248926965,-1.6944829796949907,-0.03991575940918654,0.02299452057185469,-0.741519052498191,-0.0816859623047815,1.1144586327604138,-0.9446095265079607,0.11169228656317115,0.13142294573957725,0.30197661205140286,0.2850090919677366,-0.015848928147097256,-0.6721521090392608,0.3846781581028069,-1.2648119164556761,1.3246865777139432,-0.42569541692384294,1
0.42042095438317606,0.04822836226037738,-0.2087129760960117,-0.2508945218845994,0.5455525864724612,-0.3439862899178078,-0.8077788606991533,-1.0568068713995589,-0.2634370894446467,-0.3825198594376636,-0.6622267284482072,-1.6323006608867956,1.1261566303484791,-1.3444633153121714,-0.3699845634094859,0.2087341390296445,-0.6313607951066591,0.4515742249046245,-0.3680429531758367,0.30574878813064615,-0.12959966849081403,-0.3536073778917474,-0.04723366721319735,-0.36416473250758574,1.2712709444340642,0.949984208589009,0.498925239704821,0
0.49040370288273905,0.6952971191950177,-0.5773531290870317,-0.9404780070272942,0.5539712765177285,0.2833397069903447,-0.5594848900396029,1.08941435572012,-1.362378997518515,0.226008431826399,-0.558991965597212,-0.9730501655790105,0.12362502173805104,-0.4645295070635701,-0.6928817057852307,-0.1534915048281255,0.7471420422919489,-0.04739421945786705,0.5851507519016818,-0.18062086452368423,-0.41509586747653227,-0.1441828921544978,1.3906739584027528,0.12454409692841889,-0.007031845617874845,0.5820934780927816,-0.10710726790090515,0
-0.9274065012744632,-0.4796520978927375,0.6265790139098448,0.005456602067215866,-0.6245260537911734,-0.2012178116145844,-0.5460421934745882,0.1534161434956118,-0.5741453027718852,0.6892534163343849,-1.4691704409574493,-0.05570893920410207,0.25182459070297464,-1.5065611353700545,0.570692720513361,1.467698174759763,-0.50047821692571,-0.01878255806197817,-0.7921057210034635,-0.4164072032841998,-0.2017448164830011,0.37139235314951075,0.21711872983655697,1.1275203891977184,-0.8868454623220887,0.2858744666522697,-0.07888468326302353,1
-0.4344773812914755,0.6432255424828331,1.4851186255034725,0.858871958658006,-0.060879969675195586,0.004012524720543027,0.5591044870925747,-0.24855050754116104,-0.4510549240814202,-0.5970000819612221,-1.0246101229674056,-1.005619855139956,1.5258044815682112,-1.4732493604179904,0.43112497055263477,0.20459378378765297,0.353801950878345,0.8915351252750949,-0.3280684982679223,0.27820596567551514,0.30299526468195775,-0.4906692932037117,-0.592343682310796,0.8223684147852929,0.5717080806989508,0.9051148818093453,1.1003535476845996,0
-0.36040457755695354,1.384964515767618,-0.31309231521587516,-0.17263303127921303,0.6272213639741627,1.1961695706803448,-0.010966685343377807,-0.9331405200773332,-0.10073927500277202,-0.28670428847444224,1.3159050782376713,-0.011418685854450116,-0.803183871567315,0.1172918755609387,0.7607161440519593,1.1695454786889579,-0.047688886057143776,0.398170361006884,-0.06988775348820107,0.266057863549498,-0.10650178083942932,-0.37124691967312246,-0.8954382300645453,1.266398742747965,1.053873733115148,0.8126218407041664,0.50026974147893,0
0.43005758141647743,1.218510798362788,0.029945544917001108,-0.2362903799477487,2.303355098598585,0.38268163191362836,-1.0413423163765054,0.5462670417416099,-0.678404262007924,0.41802638939520925,0.7394975525768009,-0.7665655914586527,0.17140399650280147,-0.017885984695691547,-1.4084280896931416,1.816789753226938,0.6634941900707121,0.22656206195605144,0.618178123622831,-0.207494231461292,-0.36912027208123377,-0.8884600112509792,0.9592513324326698,-0.33590814523421964,-0.050066898873422756,0.11644715591899257,-0.20021151087700828,1
0.38362223045353994,-0.9117416216324041,-0.26683999019776117,-0.1881912474465335,0.7950831332278835,0.10413017279349761,0.4758561702050979,0.17982691129480396,-0.23729452544756163,-0.5367997788639711,0.20156426082487613,0.4386011314149592,1.7697914042155882,0.4222986701095369,-0.8223478300077195,-1.0371970645486053,1.6091884313927056,-0.8426524027865353,-0.3574913315601964,-0.09860972316253656,-0.3097274544772203,-1.3657925212869,0.9737664715080439,-0.08211682563324356,1.3334313732515186,0.3409038915751147,-0.3323616282079643,0
-0.9407186043787288,-0.7002674872118304,1.5054172408293849,0.31049841998698996,0.08502790974380059,0.47278411075394045,0.44200800902814014,-0.16098742951509867,0.6315927443940629,-0.16867332264370619,0.4892281902371691,-0.09673157864866505,1.0077655238327605,-0.31246357365280436,-0.7671512919762208,0.16053993511556003,0.3447488402804748,-0.4603494697092917,-0.037108017794989366,-0.48722375848104965,-1.369124358290925,0.8828646287163878,0.30669281798135783,-0.03784086715822096,0.010216376574267234,-0.9872505475086141,0.6924172595085982,1
-0.3701947463049859,0.4894993661289335,-0.09974928788582503,-0.9548915948893739,-0.6112146331219486,0.5695850756534808,0.3967301929320224,0.1339070611817162,-0.050184379675074484,-0.042839188845491406,-1.3449059425427277,0.6522964180550495,-0.1726960275272457,0.5678629089518932,0.04945516498397646,-0.06794685558153936,-0.16875475678601412,-0.2948027586084943,0.6330978386073732,0.40873304214532813,-0.13198987375324828,0.5079560908605979,-0.5411935466409092,1.2911522684839754,0.29626993279961983,-0.7733839901415892,-0.1878894225146994,1
-1.2252657867351562,-0.42129011046946757,-0.593462536541418,-0.2458978081505688,-0.9681577481857849,1.4753321705648366,-1.6362679513234644,-0.6939237045166127,1.4022453597373055,1.9048748249938545,-0.919786734402864,1.2933526508351547,-2.040802214181507,-0.6974999790292059,0.4860224612307542,0.031736785827283794,-0.807595985960727,-1.2214923324315372,-1.5437995038958428,1.794856236818066,0.39899569575735394,-0.2272539500289915,1.3281593900690458,-0.3399651042519285,0.02887274356302485,-0.9889912828532091,0.6415386429235171,1
0.9614359500760431,-0.7736369855704255,-0.01740854392406123,0.5128108973672677,-1.2339122894748649,0.3380978526760151,0.32371587954564895,0.44624253703707467,-1.1282385878958596,0.1269186569008397,-0.42228158709317803,0.3031278388323666,-0.053607070326403966,-0.17367753895008103,0.44982208732540957,-0.6826001166023561,-0.08551060549344125,0.660998943780615,-0.29577496037764034,0.12646007270624815,-0.6171171512739642,0.4568185747592707,0.2957219793551077,-0.15597178644959225,-0.4478157137034535,-1.1974122737521014,0.5608362791789985,1
0.20220469200871868,-0.8142650245492092,0.9452715562464882,0.013574104693631676,0.11969478928931993,0.21029025892429085,0.4010016766914311,0.704276172816057,0.2947932599647752,0.25901872139022364,-0.3325197421899997,-1.0138641926627998,-0.560741812663533,-0.5587953271799079,-0.5674729583587895,-0.39186519193099223,0.8282182341521608,1.0965455649034648,-0.792110310007157,-0.7182460513894644,0.9975715293248394,0.9095830396050338,-0.4708708680368399,-1.0344153582029885,0.5510463206362203,0.2740256999936848,0.10661869917452688,0
0.49148203669662743,-0.33936332585291523,0.5013556166070339,0.15335157500208788,-1.016228231355932,-0.9490571895704515,-1.1610003617762843,-1.8244731086188652,-0.8045444168453542,0.5355490020465248,-0.3153017164733293,-0.7275260181070696,-1.0134423291595338,-1.292293223232231,0.710220861443533,-1.6374467345869888,-0.28382981801623086,-0.2785527834064832,-0.9154488951294831,0.15055346668464606,0.16629153588016032,-1.1955065500719169,-0.4478326314303641,-0.6888468260788085,0.12371598156932635,1.013041198352727,0.42677057122849016,0
-0.35538790625903366,-0.8972227521242865,0.8365928871595585,-0.10904492212954707,-0.04672857334958564,0.6043586830569827,0.4597847859859374,0.3811734506663351,1.6872641819894716,0.3614999242748577,0.37167210481194246,-1.2872766869618226,-1.1526924982478401,-0.47218926367823416,-0.7185307362370502,-0.7231710918861313,0.36646990494943493,0.5202727904375213,-1.2482086202479117,-0.5705857178806167,0.7530177293690467,0.13858486530983458,0.5450536435733905,-0.8063071870357658,0.41957617261713687,1.4979334151198496,-0.7115481152970343,0
1.0195663179417944,0.1523858775998057,0.22406151834178728,0.06747712046093514,0.06063472987567894,-0.4119525059126061,-1.4345871877156589,-1.1265032305121698,0.5216159755438311,-0.09837493599873855,0.5592914210533662,0.9366902739349396,-0.20528358109593314,0.4745207971763111,-0.931499457948665,-0.3576959347444029,1.4476261364903806,-0.8423873783628767,0.9330123604202067,-0.10029823567703776,1.1518068360404687,0.17714732298977381,1.0310431813124175,-0.5455448334618171,-0.6899242422603064,0.1475921962140231,-0.049037169596243435,0
0.5112003242633653,-0.10936407007977464,-0.15555991196669794,-0.7478883859320823,0.6769864244991973,0.2815629504599881,-0.7729022576837513,-0.2671728221846098,0.14063470224884927,-0.13960881611467887,-0.5852969419549031,-0.6800787805092031,0.3714649240557251,-0.11271661101893549,-1.3232957416808668,0.7784121338472512,0.17966094830619442,-0.09624647309521024,-0.2957397179860239,-0.5337759924697707,-0.5644229166635729,0.16073272621469956,0.05558412298700107,0.4998080374503385,-0.12533238302144958,-0.2378949700294576,-0.10086829524322567,1
0.14577264465793396,0.087507846470882,0.13024412073170916,0.36712029534707413,-0.21574727169858818,-0.7130671042210388,1.30944484070104,1.270797550215552,-0.09295189280400253,1.1667620270039398,0.7779466655227903,0.15545136094891507,-0.16231028892567137,0.5034739614388488,1.0840228580180378,0.861813060261992,0.5160202411807434,0.7617910284680823,0.9490326007076211,-0.2935167430265973,0.5675671164362852,0.2957392949375456,0.42175667551506824,-0.8293479106956864,-1.7542452163426925,-0.13953044527262923,-0.3505463861126301,0
-0.7511045543657474,-0.6473411897952719,-0.41476318210939345,-0.9758354612753928,-0.27975739765942964,-0.05055820629919206,-0.539679878135092,-0.1825253986795327,-0.5579484387089176,-0.09831294620620605,0.4262103352084773,0.24128486402553898,-0.06627542009889176,-0.372672187528728,-0.5272718930318454,-0.39161597002989007,0.7350049467298977,-0.46476667345498673,-0.9761960299171163,-1.9608041944390044,0.2585567050023644,1.7312955610090137,0.1303751661593353,0.5480000362134877,-0.750005691229646,-0.18963001831860407,-0.1426533576594965,1
-0.2024945442782367,0.09214218894108657,-0.6746397966347562,-0.3349954414367304,-1.5902135195423863,-0.1559157366746496,-0.04365688318096646,-0.6132042481245712,1.3041235024647984,0.002741490429249087,-0.3073702003396096,-0.6940286759402842,-0.9157483727702749,-0.12025494061509406,0.7616827519814484,-1.2411750857870478,-0.40117148013198445,-0.6252459991348489,-0.26280680524378386,-0.12766551502526283,-0.5963153521027702,0.06038410380771275,-0.005728851467667147,1.5327674557646305,-0.9939401476046754,1.432357748560208,0.4185998907926288,0
-1.532509835713702,0.7836646702072627,-0.20448750557401266,-0.15670349590440558,-0.18627919082765004,0.046166763584319766,1.461582536864156,-0.0035680587188498783,-0.8356182594715829,-0.7502944947880059,-0.3638321435829521,0.845347747542916,-0.4615335905099845,0.14042469898872417,-0.12359600548162553,-0.7951227561233859,0.7323330545912276,-0.051485673850048,0.0861326301992335,-0.9781664309441772,0.2540196735004239,1.028657607703437,-0.517082483510791,-0.042370581671143145,-0.038257445059493585,0.9249054315493371,-0.9431569361908833,0
0.7140566014488782,1.127393533854029,-1.2617684718729285,-1.5348573059917223,1.7578324109925185,0.07493938178336608,-0.39054675429226454,-0.23328685844604916,-0.10323343442637797,-0.36982617152988567,1.3879297686271597,-0.03631842671011112,0.9334717382217208,1.5506974373154687,-0.8564761982706914,0.49740735542607223,0.39577129205761197,0.27826977325797186,-0.2728361152784425,-0.8685298436706713,0.01099025987754206,-1.5286027218607607,-0.1690195730111258,1.283722673284148,-0.0929584243696658,-1.18981479037567,-0.9010488695890064,1
0.3522429371272103,-0.020950476093302972,0.4752404022658973,-0.6820296561199372,-0.8392220909890868,-1.3382968156715367,0.19542224834689878,-1.0808065904103292,-1.4214891730607844,1.0043201783778113,-1.6001914455652426,-0.7055930171498669,0.4761610259863463,-1.2009534830080473,-0.09160030805305883,-1.5294546713774484,-0.26255236061018117,-0.30682861863367966,-0.7538288036403691,0.032996745561911706,0.19041243908177483,-0.2895057773830428,-0.6198108812669973,-0.40004137566943376,0.1691420583051992,0.10317684249470402,0.40190199530146264,0
-0.5366595032628899,-0.5588760485421471,-0.2640830294631602,0.4708798291174496,0.16073607759828934,1.7258135239135928,-0.8954818691710278,0.015258380306738914,-0.6620064875081308,0.5498697122390229,0.5143402407209046,-0.032859073251647934,0.7366262084771487,-1.0921236614993997,0.5172617989418613,0.25007143986754865,-0.6254632060029457,-0.4159509498598096,-0.7487061742023486,0.17860261000500666,-0.3249269695068726,0.47204619714181895,0.22680573340416116,0.013044737117344532,-0.10877395875971514,0.06805601900162701,0.6775325385674986,1
-0.5914270160676931,-0.5865980684705902,0.7657540703302291,-0.24360528246645644,-1.3107703105905608,-0.6208455406607306,-0.29807292261264007,-0.38953077017558807,-0.6782311868419383,0.8862927848454616,0.0648649862827184,-0.08542436386503342,-1.36287198567201,-0.475386294520695,1.3869035236078777,-0.45712666217593617,-0.3769418197129981,-0.5169724962873312,-0.6374556075436615,-0.360166431113311,0.4063848782902671,1.3164045637016664,-0.6413974575988299,0.3706575307875283,0.2975897574790115,-1.915785810357566,0.08439960418117161,1
0.3423737000446441,1.19919160737,0.6729091472740044,0.7154742980376997,0.28990117843360735,-1.0072544353934745,0.20920906134308895,0.502712828119544,0.7443019128264073,-0.39481248442169775,-0.21413917309283317,0.8584820240676392,1.082612609156579,-0.07431345139601711,0.5035671760738144,-1.1540467407083863,1.2779027428276923,0.9234907792768432,0.20349684414048833,-1.145955482795448,0.346937833545033,0.664581116075769,-0.08175964224596285,0.5395769454564545,-0.9284877253728526,0.7383915565626921,-0.5523499946419079,1
0.28696657089720423,0.9189782767282653,-0.12536184351242755,0.24501550838260155,0.07689021429070496,0.7299325886060383,0.2844838156632853,0.47579314533426803,-0.4192151426763215,-0.1820772403557045,0.21818671241468054,0.4678315438674318,-1.3003465385468753,-0.232839737095449,1.350477104135207,-0.1814481721179102,0.9832450945058809,0.8261089143190078,-0.36797907278346786,0.15192309538328547,0.08973152762359364,0.3315232308414788,-0.0339722801192797,-0.2805048788235982,0.9193005664396653,0.6635042417776044,-0.3031951821069742,0
0.37245496158598435,0.38340524472246335,-1.1388678740399558,-2.3768327700845235,-0.5015232122880545,0.5403554323931761,0.024821229455330628,-0.4685650562014254,0.6230784802518845,-0.6959680661017842,0.38138023514014696,0.8934513076905064,-0.283024063398076,1.4377989822986965,-1.780231408888418,-0.09933435281892303,-0.07258877588735342,0.8582241793273914,-0.12823707475296195,0.053409370953011015,0.604727764533759,-0.6270155933018766,1.4569694014272199,-0.11193647359509509,-0.502641495694167,-0.9151846557715758,-0.204312440623728,0
0.9872042526417615,0.6385397417242294,-0.18949613670824064,0.1266382509217554,0.38352509389543554,1.307766597513179,-0.9386540929425113,1.1209876649112966,-0.10986703544929877,0.2536091282427192,0.743624028001667,-0.8889061720645479,-0.11269783623615744,0.16035251379084547,-0.14145116663192572,-0.06178929584716815,0.12129295235445131,0.25861463055384054,-0.5602149254533973,-0.04669288282739337,0.2947350271146675,0.27976388988298223,0.6342216973354513,0.5809264514269695,-0.8559049570664524,-1.5037701691638596,0.388995217389836,1
0.3490129513112102,-0.06381531029472368,0.137199899318193,0.8391339086109818,0.30194912529067847,-0.5590521583374597,0.49072093182785115,0.4803801011102168,0.4958922174032907,-0.22175510660038927,-0.8860611135011139,0.41253668998202325,0.5135483311232695,0.674489112936937,-0.5640392100201239,0.004291574877079709,0.4080769321221921,0.06978159666475259,0.6184840751509761,0.3697658698979581,0.8739333664541061,-0.5046422375756267,-0.20434136555474067,-1.6085831519157034,-1.031941139370152,0.007688825825754423,-0.44296206098054286,0
-0.01596601774557603,-1.2544876182175613,-0.40031363330781944,0.05907260547664776,-0.17443054835438426,0.3267880358259064,1.590612044022827,1.0679608957052824,-0.32998424586679836,-0.39417249608859567,0.5139062550126227,0.7866793543969589,-0.321740428419792,1.8231649631278852,-0.4959419023464331,1.0491980304867758,-0.3444154865929132,0.5216691082297492,1.3179404322979718,0.4915553486498933,-0.7404712417468808,-1.174854818033165,0.24860139018956628,-0.9283940531399109,0.017663825609222843,-0.5918968001653555,-0.4216880571644533,0
0.9354044005345482,-0.7906939999606016,0.8223526322339342,-0.46058869875035596,-0.011498972221445029,0.4404254108571931,-0.40728316373206,0.1029646240610193,-0.39000181371008985,-0.06028725168752739,0.6321774474084016,-0.9643826845367154,0.35022935771818664,-0.4045040168051275,-0.697392694325325,-0.3565777101059772,-0.3516794380221722,0.1667759415682837,-0.48231444121810085,-0.716716154992418,0.29471634968476335,0.26014442267449106,0.28568365008502533,-0.6379607918919252,-0.14378397647251112,0.6267959926143518,-0.7978208471193882,0
0.3054059491226352,-0.40101190259574604,-1.1388779012328558,1.0588786830598584,-0.14694797240278692,0.46690456845435835,0.4387535012510952,0.7394187513268113,-0.009299417437221172,0.28804369166822985,0.12836673798457307,0.37646094817430914,0.07203286055522523,0.4145012799216949,1.1691473152492016,0.42657471585000345,0.6626301853286706,-0.022601558197983124,0.9448280631726071,1.2100043507338147,-0.07317924106300772,-0.6626318239603192,0.8435142249371463,-1.4028909343940017,-0.7565662769282924,-0.1493838403402455,0.5531804188798921,0
-1.6009879196866306,-2.6170587740097293,0.8190713505622217,1.6144086224877279,-1.574378679317994,0.6691063361248386,-0.8465340583736759,-0.28329042685308436,0.7519236218565482,-0.5760149872249851,-0.12368457023804622,-0.290930946357751,0.05081217268856785,-0.7586413447539614,-1.4796644376791623,-1.6140210358287104,-0.6272045930527603,0.052574171762032676,-0.04485206480390445,-0.6747146164338886,0.6768878996531996,0.3397771533129709,1.1292737654818485,1.1214099523918708,-0.07933048809952399,0.47702971222142265,0.7176459153076044,1
0.1535548607345299,-0.549548062843235,-0.3642412313045799,1.2706059107316041,0.38035310360479113,-2.2088780220073545,0.11632276066004793,-0.19358427315218643,-0.19043257100286734,-1.152591687162832,-0.7343387899880344,0.8986059673047626,0.45683532637543584,0.5273567589263976,-0.7025623337534549,-0.4188622567488097,-0.19415717531918897,-0.6390892554625581,0.4230339759958057,0.06527998585765511,-0.5175146388868083,-0.12147543538834034,0.2692800877622564,-1.2948485360520858,1.361993483179804,-0.2374204843486313,-0.8144398503465087,0
0.8349441867679881,0.20476590626210645,1.1161654519444197,0.2198179114300027,-1.14716220098086,0.8546763319600021,0.6293877330908219,0.24090937114474795,-1.3542316651952475,-0.31518503185988295,0.3938292878712406,0.24529980395114037,-0.4611242595700498,0.8818943018110528,-1.8938616895219043,-0.8188817258394253,-0.41975685627067505,1.0845692428511018,1.9492528406331777,0.1638796590016289,1.1165030795329332,-0.19544953089774986,0.8107611231675388,0.20769034230140582,-0.8288399702397621,0.2698347182695124,-0.05158035740035496,1
0.25094348724034304,0.0003037748481945087,0.2881889983695281,-0.352174870318719,0.09454911136970104,-0.36010071695932094,1.0799312127068268,-0.22882739483077041,-1.0660225646228532,-0.882546709458598,1.1219074376902194,0.1119087037826825,1.0234986319886699,1.0533578213019916,-1.2219638554371142,-0.05876712253034453,-0.032860127364693965,-1.2157184106491954,0.48002272379420585,-0.580273273969367,-0.14224954489525685,-0.09339519184589475,0.08613906957847428,-0.023678192179782204,-0.2102033487124866,0.06641190880467922,-0.6764546269179144,0
1.1748336071108159,0.8436740120967526,0.5583636352177755,-0.08739022877287152,0.28760764226790203,-0.8537896627013918,-1.0572093542393233,1.4575865042008187,2.0680637072954675,-1.5628307907984955,1.423594650531513,0.17583285130409965,-1.9133197463552525,1.215798342082339,-0.5746352483395504,-0.4023476911990417,1.549976639184401,1.2089545467980047,-0.14518413212082754,-1.080038081170434,0.1559471178892934,0.3487305649581858,-0.17947311824397857,0.03866805557841352,0.1114835255142116,1.0960891074287669,1.604119783013895,0
0.2551270311239387,-0.8361211535094302,-1.033351812280649,0.11405318361833967,-0.4778184804003793,0.3129581745776979,-0.11032768205352093,-0.37952585348604245,0.8478504813575253,-0.7729749426461733,-0.1135936495464254,0.8224477165802629,-0.442276984120513,1.1132885289801608,-0.24674405624944157,0.43928335499660215,0.6215080679291847,-0.005415252224614168,0.7547555460456771,0.3783178801131628,0.3439446951917485,-0.045452800521315846,0.1710672462527255,-0.6144754256765785,-0.5610608155570694,-0.49794835183802827,0.2726597883849979,0
-0.9982289521152472,0.12349806038786865,-0.26454765940139696,0.22185456164052061,0.28448169354272035,-0.0905978453836542,0.35346517978288067,1.065171682155453,-1.48707667930124,-0.633682755210296,-0.06545570935123858,-0.1525101177640778,0.6926608300552707,-0.5924717058465554,-1.234035027556606,0.8481206057823776,-1.2946448343784531,0.5022401193907013,-0.6594891798725736,-0.20942475270486183,0.23771305024514888,0.23376722249681026,1.1703141529431902,-0.5782948422423397,0.3274150201591802,0.29445803069757864,-0.07058695037656203,0
-0.3788796837590818,0.44556657901230756,-0.2027743440574303,0.43917516156089853,0.5914047785757142,-0.16656181845970372,-0.22136568440945728,-0.7118289575996061,-0.33261950770079846,1.2450713085520453,-0.26060346977157256,0.0008820364913315275,0.33181952389003116,-0.9919289078430555,-0.04175139878665612,0.36953961342584,-0.04534780466775166,0.022692441051644554,-0.1851447450325259,0.5412697170229313,0.6043255421351086,-0.40798626041600455,-0.21363012529492972,-0.6800805524084523,0.20615229951340433,1.2590671766412185,1.022465280052603,0
0.45477832608208457,-0.14880418239659005,-0.9754776862842934,0.17869014019843588,0.3015568587809677,-0.44087990968982976,-1.2016241229544373,-0.2667706828206229,0.12037109485822184,-0.7081144760307886,0.26157767665154985,-0.6136795652891542,-0.0998107986071504,-0.08926782644062034,0.6921620984288664,-1.240092811015478,0.24767409940517054,-0.11747779972713585,-0.4533239077430161,-0.7849346516209575,-0.25258097461373835,-0.7927900833455312,-0.3728960748425805,0.020358750776067483,-0.27949824537220425,0.9512459298551256,-0.6196435279317563,0
0.9136528296641917,-0.21584459616210883,0.3195836798189476,-0.6095353849029587,0.20218057686346635,0.43208747113063806,-0.9602329099168793,-0.007429126249997801,1.400537152345672,-1.0044477431978354,0.6711093587542091,-0.05811853460060791,0.4250793344274292,0.9155108850432296,-1.1106857378698667,0.5687892795185518,0.26751265567828975,-0.09307527597860522,0.5718310006952448,-0.7095058083114762,-0.5894360913758554,0.38174240741364557,1.0505296994106526,1.0125759978304214,-0.6622111167685816,-0.6849148633092197,-0.861191927622119,1
0.10305174764861134,1.0771915970505155,0.01565225014246498,0.7742159452814142,1.089299699311646,-1.0033352426516995,-0.37720354479225765,0.31256172236834723,-1.2612373686535965,-0.5040740043379863,-0.22181760609914214,-0.1088526134469544,0.12548698086422247,0.4963681313358744,-1.0953062999208167,0.29883325974180586,0.47978243533516185,-1.0617175935758363,0.3744623468137041,-0.6517832737157185,-0.3458214361230181,-0.38301919631415443,0.07964823792614967,0.00841019144069467,-0.9157140367200813,-0.7533249038200786,-0.7869713999967626,1
0.040944217921439034,1.4148511337371823,0.7997818944059032,-0.5187225324525341,0.8066767585449638,-0.5193640012472575,1.1046953571861347,-0.22083221842295306,-0.3881025070988541,1.3423111782515624,-0.048514199954043054,0.9332550021547212,0.971005801519975,0.06039229608560743,0.3341081077311046,-0.06207824059532461,0.6419113000166295,0.24505276446358096,0.6596811843302585,0.14442935110609248,0.17110907555605737,0.2728648756614109,-0.4191674639260296,0.5248160716419066,1.1002912265125053,-0.2594427086584257,-0.2745026000654692,1
-0.30493870149394486,-0.04041310167899847,0.5179962835738545,-0.6789193614861596,0.48771463884729316,-0.19986322258997283,-0.5688530022365289,-0.3325299874690084,-0.046099271798335895,0.8166501371739522,-0.07827506020636303,-0.10658256523160967,0.12516163880492323,-0.4942652216391351,-0.2896892395156003,-0.175404031056816,-0.017435956505943435,0.2062441057046553,-0.17067701731950835,-0.8177073092917575,-0.5602176095292708,-0.29963764469645465,-0.7023385629375742,0.15460307722418487,-0.2608389451667181,0.7768538554296863,0.11899960512661807,1
0.3475718006516998,0.09142664260591149,0.26502642069379506,1.4407843527048982,1.4471164818240874,0.11079534974816853,-0.5124873797025093,0.256824255845224,0.6604403370684347,0.12353452095750539,0.15606768181589492,0.6459023422705769,0.5063528540337687,0.42938174441643767,0.22422304010532398,0.6812546007498016,0.7301595372664648,-1.3534731644819107,-0.4778131282541149,0.052397273683552646,-0.7581830309763746,-1.204853159806574,-0.9888780502244765,0.5995915070925504,0.007365846645496111,0.7138458641574459,-0.04879016419411985,0
-0.5701912055013231,-0.22532641683420232,0.019158458855911036,-0.5899882920710805,0.055725202873768205,0.30845445453401527,1.209395149318094,0.8400674944248654,0.011421977423605584,-0.5716773237740259,1.0884801041492462,0.16428887064160805,-1.0418809294444618,0.75068165366353,0.9156933701997801,0.594739719169378,1.0966525370274214,0.16865896740354672,0.6616012553977808,-0.9776801588482684,-0.38650311861296355,0.6726561157539679,-0.43324546230546096,0.19261344606883488,0.4903403009983472,1.1241882879177323,-0.8601261237283054,0
0.9797455744342217,0.23814531311293446,1.2626336425008162,0.1797076378214101,-1.3959495967455577,-0.884617638901039,0.5180528673917231,-0.028586444409396262,-0.41441268139450954,0.19720779618198342,0.6393481208839732,-0.4884259398668416,-0.9535603990653643,0.9694491785730237,0.6315670603183314,-0.43431252942654525,-1.2262943843863634,-0.9436534456696387,1.0278014862874116,1.0548741128239152,0.10801507663497815,0.01778190058387852,-0.08176005564201923,-0.45639176153682565,-0.12189900436114692,-1.7457148036363066,-0.14270066271951548,1
-1.1387297325334462,-0.976640928738276,1.0492170570580974,0.3661954895804797,-2.023081973581041,0.14373772794691111,-0.018321519117317015,-0.7480983482497541,0.49260891451598593,-0.7998960636099279,-0.6331950695424186,-0.2178002179266126,0.3114910556183597,-1.1583324672756703,0.7961782494694751,-0.6987103025686142,0.41899100261430616,-0.7465946454090147,-0.3479462274380905,0.3868126218075378,0.31719716021544425,0.514861761471217,1.3995878245617024,0.09104153363001669,-0.3710860301717991,-0.1969717375795213,0.4447846561676622,1
-1.0080249228315237,-0.4305552021096572,0.2120886074070013,0.03808119666515985,-0.5374064100446814,0.9924488110366029,0.052543364406519966,-0.025943236237259686,-1.473013400138531,0.07430119732388267,0.1301204333716032,0.5576251862909324,-0.2966862176306918,-0.1652650626688611,0.24479692919738819,-0.5375905668582904,-0.319398675083598,0.21151059328456961,0.24741156710825177,0.08334241047453096,-0.3992577297994367,-0.21043877764213464,0.011609820670630648,-0.032849939800235546,0.2271694870882636,-0.914456293842229,0.226729038342922,0
1.2218363348241463,0.5957512125171238,0.39949832820424586,-0.1497229447945797,-0.4758296556163187,-0.2570873196577359,-0.5691861779209453,0.13755115381774805,0.7808286173859701,-0.24220403524687714,-0.6628076867774712,0.17877174582270577,-0.2289113013465444,0.28841943122308866,1.1129185095332603,-0.9236774058404702,-0.4381739855023653,-1.3823520404206167,-0.8459075253400477,0.5824393747359694,-1.1686762223372977,-0.780460974630531,-0.3151594957416813,0.20655997846500088,-0.4270593396773717,0.12298851624950952,-0.8633075598804841,0
-0.2116434038890939,0.6785772501724593,-0.6248177651489836,-0.967268019038246,-1.7639136660145096,-1.4104050014683978,0.2115037875777798,0.9097807148543102,1.7807847929758462,0.42934362787604935,0.35203538334383266,0.44386043071586123,-0.6645053309302664,0.2882374636947329,1.379169319667042,-1.6387262905947457,-1.1572352357366553,-0.1198388033109403,-1.7401718430267095,0.25173071922991025,1.0973712635675965,0.8319646348157405,-0.07586980793109474,-0.6423293719120935,-1.0889300775861392,0.018109189779688263,1.5062768726899294,0
-0.7038113350373701,0.9782980908093107,-0.9816278438437155,-0.137189351835306,0.052005808301624046,-1.1783055120069192,1.1407105366819021,0.6798516374354467,0.9565587976420643,1.469097826701404,-1.388891709823233,-0.5928837073108097,0.39929212083415067,-0.07385820565556007,0.5821809265737442,-0.49847277825528846,0.973182646024763,1.368812623482971,-0.02663685335264028,0.26342325690243995,2.00213657192155,-0.0709018713173075,-0.6885145061013841,0.17706602869888674,-0.6479173371947815,-0.45069847582418476,1.5184359881684089,0
-0.8997980640617487,-0.4777639489484316,0.4590035750702311,0.4273545616137931,-1.3149116517645272,0.23576236162824477,1.239889552231601,-0.12444978684605948,0.20425565811114343,-0.6384345007594859,-0.38368714923823316,0.31843460024364123,-0.004234671600584557,-0.5932035422248113,-0.22616462922103114,0.6091757470275184,-1.2085929946948135,-0.48926682691933215,-1.327605032956383,0.30363995372738134,-0.03326456100407801,0.8385154619369749,0.4720833667411866,-0.28053328759344004,-0.07757696576415067,1.0494350333481375,0.015643099481268127,0
0.2534848053143417,1.4743407271331352,-0.6094903841024261,-1.7492430553448417,-0.04205168334951823,0.020287911243923873,1.1310591414081623,0.9931627654862827,-0.5320250566645476,-0.6193327498035084,0.8649679248078695,-0.7443494946417283,-0.8844441248837397,1.696034076783277,-0.4807646045949927,-0.21309539372781633,-0.5556651273018636,-0.059533377575242206,1.2171688657853448,0.7130099458662488,-1.1835795228444295,-0.8186157217464042,0.5836080165620937,0.19594572364982374,0.8621786812473287,-0.8772110434106405,0.1725653806057597,0
-0.22069332950961343,0.8032315189237725,0.44326713235798704,0.523255933234552,0.44631510718008977,0.507355901526692,0.3989153775919048,-0.18133419835264383,-0.49880068202872946,0.91192692601476,-0.4952033233533418,-0.044597676426016405,-0.13721386150990664,-0.8962370746310342,0.18155756885735144,-0.4941305119851103,0.5771084045382691,-0.7422608163119834,-0.37948592785784535,0.9810833141052475,-0.8065830683423547,-0.3156710950690019,0.5087925030299258,-0.41064670244604273,1.2479844688285175,0.44939371677208917,0.43041386149389615,0
1.032916368378517,0.8141959252306312,-0.5654000971231943,-1.9384916473206675,1.2559508377730333,-0.7122215625539885,-0.06890710997409132,0.8151605890356323,-0.1571660692789501,-0.09526533033925066,-0.1640790081139484,0.9462137124784794,1.1212845180286068,1.8033561366920616,-2.0091415146766436,-0.5143354122307059,0.12479700998776333,-0.2742095153351602,-0.013324047021543821,-0.2326697889569841,1.2394131435161446,-0.826456593641988,-1.1751544493704211,0.13168580163927718,0.7096635519877939,-0.04744638863681972,0.41363563422672045,0
-0.48252987945610315,0.0024935635837353524,0.09657127567865227,-0.1770731763381953,1.413820224901452,0.7716527361380585,1.2144539659715903,-0.02021998163582215,-1.2197598136655952,-0.18386702187074194,2.49917995650875,-0.6716724768798539,0.5064343846629724,0.7431430509972166,-0.5410401086140326,-0.5362747099216144,0.7786340786380518,-0.7248460905434096,-0.49027625389983265,-0.6196100118503282,0.48424855016606755,-1.2524732187165661,-1.1584020519063585,-1.6012494492832567,0.2543254275554032,0.7673952223119231,0.17392920609757892,0
0.631641174938068,0.22826229935887637,1.1031564283501065,-0.3987275595981934,-0.6593051721479251,0.13373580887959574,0.03039641452470505,-0.28249994292143515,0.35068690771208266,0.44656353577491464,-0.5464715628560612,0.5968711861345275,-0.08003747253610433,0.1101251081556123,0.26187164270476554,-0.21347835298066228,-0.1797830299548065,-0.7167704364415032,-0.11103440107901488,1.077358331590939,-0.41552491246771445,-0.8198147283680405,0.7499727902270992,0.25955892988339957,0.41787011114306405,-0.45841688452808144,-0.5148014589100214,0
0.3661548779547356,-0.7196990813007655,-0.0019257150254585783,-0.522270891304472,-0.044962542938637294,0.36746686708080406,0.3663443830145111,1.5607973588536206,1.0014268581330215,-0.6934652785608123,-0.281151123034283,0.231980197465963,-0.6883253383490124,0.916551465339784,-0.6092883399494055,0.5296824686967844,0.15936872267161292,1.0355509807312495,-0.4068028534862993,-0.13714789274278089,0.613849308918236,-1.1344876144031675,-0.0732033094110109,-0.33715615141194893,-0.1208782392521718,1.5403979084427897,-0.2793109879346472,0
0.7703079932950742,-0.7991373986273844,1.2914928879560414,0.5859514729760044,-0.08679967209323339,-0.5001759850883754,-1.1084098990262807,0.42278583133901887,-0.7947551587813462,-0.029600247632319956,-0.04870218835481426,-0.29640420688656965,-0.09795997596218896,-0.6116609584708751,-1.0282546745489676,-0.16667358918370223,0.19219780447699233,1.0660708618769972,0.31104323141429085,-1.2517649584762933,-1.1693110924865553,1.2473043437204825,0.049390121052225816,0.7950480210769592,0.42858714223422,-0.9603733531122493,1.042236310837558,1
0.09746511073027264,-0.6127466041626252,1.2634009620718631,0.2705325023268233,-0.3185519601669162,0.6948549370486319,1.0466431817692936,-0.06323152597552391,-0.4677808963422262,-0.31144143285899933,-0.7774481404494159,-1.2586118163599116,0.4637526749902428,-1.109442451436432,0.7011322126405077,0.3709390332230155,0.5572748190915675,0.6380709893350418,0.24283982745826516,-0.21782498176391135,0.1550938544300234,1.5161809888102007,-1.2260975483922654,-1.2842922450641938,0.07786192733862606,0.6246257630344285,-0.057500381348386045,0
0.12206021456562473,-0.12352633076242522,-0.6494468821896502,-0.9944811307151843,0.15976565608194218,1.2122160254930012,0.11427111911111992,-0.9735914165851791,1.0873663708785797,-1.6310340566688937,-0.6541670618798834,1.0340383915147393,0.6937812328497104,1.3685519195557534,-1.6284736477778459,-0.00997840077975507,-0.7919927349823075,-0.0022898717614777482,0.1519436272799971,-0.41483697952613924,-0.48948943365491354,0.5806914233289683,-0.7096365231473476,-0.07817018245428783,-0.5856725855520052,-0.6576406474990759,-1.712777808983772,0
0.09952617947254708,-0.42143261370693874,0.2208766519887139,0.24792395353379465,-1.3210854460079475,0.11847535675046192,-0.44825442031089113,-1.4668209875135385,0.20187848615236506,-1.2567270857787995,-0.18655759137928316,-0.11265586391933513,0.7880986605831471,-0.7228552240515389,0.950281445462403,-0.3755342811517508,-1.2690406666453182,-0.30537408851385306,-0.22699921823199481,0.03512459674422463,-0.5407775801784837,1.114046093661516,0.03405084063967892,-0.38504871197054885,-0.6155634212378894,-0.2927528641759661,-0.7350124093489091,1
0.37831621473347626,0.6947524435281842,0.164040591119704,0.8367261572853988,-0.7651941733802748,-0.5442921572070168,-0.6612595662877153,0.059356878813006914,0.48676946318755804,-0.4517926508711417,-1.1579190953964618,0.13829501518888007,-0.5523447882598702,-0.2685068711743644,-0.2543255294651828,1.4877040088515758,-1.263439770161723,-1.0097480019582543,0.008870752239436246,0.7325712960114409,-0.5874307133189666,0.9127510109124207,0.7835834341129889,0.844319501021477,-0.5965620775343461,0.24526359498637948,0.007453154595861519,1
-0.7499475615905313,-0.4192737092169938,0.3493999659306861,1.1530174154416506,0.16470704273662576,0.2297461463000174,0.5336658080710077,-0.7160138880609886,0.2018636260436555,0.0012761138877557794,0.9222956616624046,-0.3842773597736277,0.6932131735750144,-1.1263699337839288,-0.41793646144311747,-0.15774163274215905,0.39140565612267786,0.8691596261892643,-0.40803209528735107,0.5265396718547235,1.0477049925503334,-0.421637216498212,1.5207093634374338,-0.8785987137318715,1.5138401039643667,1.1953232984062214,0.8277506151126558,1
0.7047779632991553,-0.6784483546622684,-0.11129143988260282,-0.9758073132985583,-2.495004519964034,-0.7822678783498388,1.1312323909033104,0.18056269523182453,-0.04020551973568549,-1.0759679038948498,-1.5500160319487188,0.6337253716505745,-0.7071963381006534,0.9360224642741796,-0.04429199085303622,-0.7278532824404444,-0.11510008366651167,-0.7269996213258751,0.32732879925636016,1.1534616247231606,0.4279227774558426,0.0037728488947532195,1.035643529803069,0.1865109418072673,0.6656532737682772,-0.39668359494241145,-0.19135916760962082,0
0.05902218518245627,0.08758025446421903,-1.0770030641534702,-0.4851299925193424,0.005213945717371017,0.40916107003630053,-0.7336342163646701,-0.3556614652813223,0.47050145151010847,0.3032273439163303,-0.46524409348909573,1.6590991208792711,0.5284188011997825,0.3872005811299752,0.4521564765106787,1.0758351899702432,-0.6348694059547672,0.06871141814314882,-0.9902852576944692,0.18039654313123743,0.40122741649820937,0.7245320332732798,-0.8353714018711429,0.4530065710449121,-0.5798557472970328,-1.5589277440057048,0.48776306103449796,1
-1.2656626892276799,0.2952787308346308,-0.03231489340517254,-1.9909700313884957,-0.8495174449564824,-0.00010025220671305057,1.2714094126309308,0.428957133936153,0.516674410765214,-1.101264057286118,0.744328676808235,-0.16574376640922595,-0.537564559253593,0.5377788100462749,1.1767076077199046,0.7373198705399766,-0.5252614194929063,-0.2909614499833612,-0.3338338735736851,0.2736937229611393,-0.6073362037160048,0.12571947315790838,0.255279020841632,-0.4737043828600207,0.6596628949269423,-0.024250921236118786,-0.19185890374315856,0
-0.539654671893006,0.43966495854670407,0.34216563456363425,0.10596845065051069,0.07707499827107124,-0.24262812381337343,-0.8155402931302551,-0.15785981786370312,-0.5374258549255079,-1.1967827503512545,0.12892137451679225,0.21545006970030386,0.5407675175397919,-0.5102851507359335,-0.026896631432144772,0.9541442900900378,0.3027050708657147,-0.36971608485671836,-0.2418676267830953,-0.3844009408033837,0.5903463323190241,0.618175820322332,0.7304201689714077,-0.18915462414947184,-0.38637308720267655,-0.257026118980267,-0.1531170830069353,1
0.4645221371923311,-0.38940673804373777,-0.006991730722364611,0.42820095990974844,-0.038662700978263846,0.5287345546853343,0.8070881060726637,-0.3946106607509233,-0.2062152435079249,-0.1757016844963487,0.9741581957245451,0.1264100228833805,0.3577690964878025,0.4761305829991891,0.1696371360629767,0.31239270152401916,-0.6014982803190821,-0.6972335683921208,-0.07302778185963871,0.20142293120669,-0.03863903952859045,0.4039290740704657,-0.6082297620168431,-0.520923200052109,0.21233700299982877,0.2865695773850403,-0.4052340383128953,0
0.24646437921095019,-0.276166857845834,0.35114529094126834,0.12064984974103786,0.5980901751862704,0.2754822211996054,-0.290583965616728,0.8174188879037917,1.0092473527705799,-0.23884769125369737,0.6349908290059021,-0.3726954273722003,-1.2387767054278673,0.7243952931881585,0.040156151138071784,0.5555241850102441,-0.14705445335412842,1.2564113260946799,-0.3229720661257803,0.09914305509056665,-0.34306350770752814,-1.416404679675922,0.12115741425971939,0.04323812374466976,0.9492389782322118,-0.51530144100311,-0.4700948532975752,0
-0.863108335795266,-0.35663062719319144,-0.4854431844878665,1.0221165026881402,-0.2586368190737109,0.18341649910817143,-0.662583033823495,-1.3544231627355472,1.800095656151766,0.3543370061053292,-0.8697069433067949,0.38455883082866793,-0.19545198157402296,-0.06599965831951574,0.19588158890720858,-0.7595177445720184,-0.15043069340009868,-0.254677711177614,0.5364106858649595,0.6598104582527132,-0.6000055060824432,-0.5142287636728233,-0.4829196320176484,-0.3255884485186626,-0.7912081969237842,-0.030411366660472103,0.7029448550845036,0
0.7625794689723163,-2.0373027579174385,0.366275677544772,-1.0317716826086174,-1.2307142493745324,0.4194971996773982,-0.7270167017927027,-0.7463399634043159,-1.301487092863587,0.3863766369201921,0.3600187532111018,-0.44709110756836934,0.30123942074611537,-0.5000727391611253,-0.2839621121987873,-0.05217631260145278,-0.14767138323014034,1.0922859166971537,0.6247078407954905,-0.34681224039365116,-0.21892275842204095,0.3672666813697734,0.0546115686838298,0.4167354038944268,0.564324237522452,-0.8912159514714415,1.5707408121592312,1
0.3348120594493793,-0.2677512159654539,-0.6705397858700222,0.9600593681955494,-0.30407429750792375,-0.7139386436951946,0.18598974763810242,-1.0878000414671098,0.4846314057206569,0.4826781602661117,-0.3009528295452217,0.11345929915105984,0.37552098348065827,0.289774949141067,-0.0855973416623453,-0.4589980554017649,-1.5829386462108674,-0.629270685931941,0.1138152287673042,0.06287376398273634,-0.5796059336211775,0.66326599475299,-0.30917285891245005,0.0941124109035121,-0.49536235899156983,-0.832062566710173,-1.092216051696982,1
-0.09549962198268498,-0.8162971711091652,-0.12135057789352777,-0.35892862579044066,1.2416994994150443,-0.1725961853754934,-0.8239694521547629,0.38072037161911004,-0.5712332629445123,0.35609045808422274,1.1642158938611393,0.08646725974102994,0.8766892828038251,0.5077437524027599,-1.1417175439559817,-0.7696970884315901,0.38617609194527,0.2645790682432212,0.5938202544446372,-2.125633051701476,-0.40743751114922205,-0.09477300604500041,-0.6674251776958526,1.550238367589178,0.20364291499352113,0.45723961157497306,-0.34623328473999077,1
-0.6935159635470608,0.41078057642300364,-0.24220923061095398,-0.0026304735565352293,0.041049084878017006,-0.8108514453747477,-0.8915494263242276,0.5021453682911852,0.7172838099100404,-0.5054738416544099,0.8882657308087237,-0.3900752178839895,0.5510735242975559,-0.5757427485889123,0.9541288046256627,-0.7553185026758712,-0.14713026802678839,-0.18987599366097882,-1.8307531554470016,-1.037871638251843,-0.06184821828049053,-0.10516867534181962,0.4029998820624585,0.008729277574655048,-1.1566064709718404,0.02162742745210917,0.20895152383883278,0
-0.21034402262295046,-0.07245063533857364,-0.15795102800737287,0.9394374008289667,-0.8978473842507302,-0.42923339191248083,-0.34771647725312815,-0.553665726568388,-0.3634463090649702,1.0129567651090474,-0.4896905761791103,-0.5352030162049042,0.07170343633769728,-0.7433040635436222,0.4029595397337293,-0.7013871109816967,-1.21179861275889,0.34335746582467935,0.7298212121190939,0.49589484454014165,0.6435584399396292,0.5172789382730194,0.9232881363105012,0.6675891794669937,-0.030187907314888587,-0.8770615900919619,-0.25621873853395105,1
-0.6306369943037964,2.781695553689036,-0.314103957529924,0.6075096327165832,0.9379645095803131,0.758950171651632,0.2571421848751451,-0.9778839820723384,-0.5958666155983602,-0.4845260003872056,0.35007052861422705,0.15007562875062255,-0.09233792291309824,-0.29404329042952404,0.4572569836050126,-0.1367069896342359,0.6691144931728353,-0.3115034627999366,1.0039520464360334,1.037669178555773,-0.11440747169570507,-0.11204805485517302,0.4380470501314049,0.5115692464799074,1.3646037852149209,0.717151446332585,0.0457412598229366,0
0.0262553112647749,-0.14443227885111518,-0.9353312563333247,0.31229207121655017,0.629219971901884,-0.6356014052815099,-0.684119333078679,-0.5848678066888441,-1.2191300016967865,1.4453442093079067,-0.7899807701779171,-0.2514675948640789,0.32382759640259345,-0.02169619571182823,0.08077635137771329,0.8877312128674465,-0.5958873683954051,0.22932024997116546,1.1938034688457664,-0.16781876003619492,-1.0924014544487999,-1.072824917383031,-1.042897476472008,1.3667027452806724,-0.6108330838661427,-0.6317969879203249,0.4030853728473681,1
0.16433723869161942,-0.5129971184242064,0.11329581123443956,0.3924417067778363,-0.8163467148833871,0.2911334907111812,-0.8768765349364595,-0.4944245430927072,-1.0622132333318466,0.35666602770237726,-0.5856700420260239,0.775151878737468,-0.2783610219584769,-0.3559821333960334,1.0475233701212916,-1.0681497533093476,-0.1034048065950095,-1.2128517217100883,-0.35812769779035214,0.806554918535483,-0.6135284537147188,-1.3336242852288809,0.14067370330499473,-0.0862413649292295,-0.06933548803488497,-0.2770031894212798,-0.037854071936325624,0
-0.20850292869257403,0.23785827301448798,1.8022088514896863,-0.004039046233560206,-1.4674084855588247,-0.113231467445391,0.7125125050247443,-0.5977886453110968,-0.45664146316594395,0.135284700261487,-1.010483983071014,0.7443128121373369,1.2011206729952815,-0.6502284401501016,1.2290391844846793,0.2529474253012749,0.7658540350244107,-0.3071732058506005,0.20261588857640575,0.9333502356207638,0.9144705046487034,-0.6657960865453243,-0.22394206763721897,0.9295878324854864,-0.47152068255700436,0.1252337197098425,1.0927729185183217,0
-1.6928944917055337,0.3685483573053406,-0.8512963176111727,1.4411863283046384,-0.09737051377907689,1.001381746330825,-0.48825908769986287,-0.4855622091278136,-0.4454602993991283,0.595125677671669,0.631330829794343,0.9065926751891132,-0.7846313768349487,-0.3000031408541384,1.964355091173548,0.3103271219223188,-1.0619110081482115,0.17590197361521062,0.5198051002772601,1.1679892194425874,0.4336888575240229,-1.0456945549600238,-0.05365701398130463,0.576544551727181,0.551817328166381,0.16645772521950944,0.10906846085163571,0
1.2292727066644176,0.8414665788002507,0.8025098489989919,-0.19451184909225966,1.1981603110651127,-1.102591557691962,-0.3190374353349651,0.8739399880285671,0.47756385743919016,-0.5573315287496732,1.80826480792835,-1.0469852297959772,-0.0722551584592361,0.5347743324343067,-0.2914572478850825,1.3525109177651007,0.9551733298862611,0.5765062251771853,-0.5281015697767255,-0.9755987206985568,0.2852161647558762,0.9314021610674459,-0.976355650789158,0.4484663283597385,0.8891114409028669,-0.5816008435682297,1.7859915876409214,0
-1.4540476418247474,0.4851381490137736,1.0092727609576095,-0.28641817389485075,-1.5360019603414536,0.5326101437407496,1.111955065602065,-0.013004211052024026,-1.1469532282034947,-0.30381935028294454,-1.2086923972218397,0.5613141511790236,-0.4090111708103882,-0.6969152596086359,0.3801542577544626,-1.801356025454886,-1.2370831465036367,0.23758863232968422,-0.3861022019975521,1.0703678183486294,0.27148400297712516,0.16315623310660482,0.3602953985724485,-0.06028577845089357,1.8261379788978285,-0.4544124257994943,-0.2957407510619869,0
-0.7375023049336517,0.9310784858142256,0.1974102246246211,-1.4416272715307699,0.7394551917461817,-1.3593666355802123,0.3215314406682845,0.7310849087954268,0.7277601007851979,1.104650816410347,-0.42315020098254713,0.04687653919138208,0.41472316547746163,0.5059711351563304,-0.8603673677363118,-0.5597885679644974,-0.012752798602191709,-0.3662192259695286,-0.1479524284226297,-0.5636178086053656,-0.04013282008260126,-0.11758145644192457,-0.6401905787731041,1.3278722856620686,0.7617455466408993,-0.04347325484861814,0.6396393601369775,0
1.2570559633511258,0.4984261834650963,1.6756966907009205,-0.41875778039142075,-0.2872859400864307,-1.389178450036304,-0.3103454687822927,-0.4262322685083288,0.1356945888621757,1.3636701977437415,-0.8184704863199553,0.9547405239921065,-1.047668625238581,0.6517975497664813,0.02829489378373863,-0.7541521229370083,0.0016212427231606685,-2.2791201493214595,-0.6954265357422719,-0.07072469218462323,-0.6403608439063058,-1.160956117409777,-0.8806263841305335,0.8019580996552303,-0.5819044284069731,0.20512198083279765,-1.5802629510900166,0
-0.25044719980435975,1.3946422377191177,-0.32844925208998216,0.08128304240048201,-0.1351053225108509,-1.0362660908161132,-0.8957007574427662,0.4531895983075407,-1.0152353352340941,-1.4252621700890244,-0.5974293620833638,-0.5868538408657422,-0.16263899232455536,-0.4608434195769464,0.2613666789256782,0.7913612864707907,-0.650424089507221,-0.3834119504445107,-1.044806977987095,-0.049400594207972784,0.8897308187123204,0.5302292779344436,0.058635558921216926,0.47833897353627064,0.03919407679930442,-0.6625580862920819,0.28197051835381787,1
-0.24412433022557206,0.0478467029453891,-0.8015652225377485,-0.03071991055783064,-0.13800349542064286,-0.7749345873433247,0.4335782107646368,0.1313321334977534,-0.32581617969431675,0.7427922507777937,0.03555364493717605,0.021533466198172767,0.20526055533628226,-0.3802046393721997,1.0273677704643451,-1.223130884663114,0.2665030935441164,0.28485676251384207,-1.2158753522876706,-0.07779115248789903,0.1704529247839761,-1.663786542840428,0.1128288575950305,0.18102297591646135,0.1243541455420981,0.996628725758042,0.21283397471207777,0
0.8202410008298964,0.26154141919350277,0.2240804126333423,0.030033866907009005,-0.18930882357548748,0.06247174760448785,-0.9654563681473811,-0.6086728039622149,1.0172665496140327,-0.37792521340433094,0.00961874184391459,0.047732472102053204,0.8533994210723543,-0.038220207749769926,-0.6349835660175575,0.19122852907731971,-0.26893585856220825,-0.688043383747515,0.7106962009660052,0.2417695979089481,-0.8669836074909103,1.005692722840863,1.327414098944291,0.5031250663640902,-0.3455482985478116,-0.508001175566188,-0.04208076611134375,1
-1.0431780218913553,0.016410548099579005,0.7572393113696457,0.8438088508265388,-0.7684113225920719,1.4270942340728425,-0.6079457764918027,-0.5248852450764542,-0.16462132981562874,0.22644348121366903,-1.1535514915001843,0.22603715772166766,0.9255599804172143,-1.4962786336025131,0.3631873836726397,-0.8342401292422251,-0.7311622911895432,0.20036296813982837,-0.3677391438629872,1.744389103400908,1.210946487279188,0.01455705682557964,0.2544697506364179,-0.8948487559491402,0.5050595568214207,-0.45223862055833763,1.611070983425172,0
-0.5869414171397621,-0.22669254585301987,-0.7376876317581115,1.022866318646932,1.093311714760936,-0.8334631779172464,1.0100381598375672,0.815142996255761,0.5144918258808958,0.8393361654852579,0.1502564881717523,0.004743053210872917,0.6619873970310225,0.4555154429412854,0.49934760891101976,0.12358009565216556,0.5032730367924707,0.19663792706180025,0.8181202681859355,-0.03869407750434733,-0.043598457905823375,-0.8532808554652341,-0.2272044704458231,-0.14505233655949545,0.35324582036316426,0.7796046143390143,-0.23613074881673002,0
0.24518920359292634,0.9169286604826117,-1.189288243243768,-0.6064879394571133,-1.1392059960484358,-0.789242971088129,0.4642343830454675,1.1953085033581266,0.7231043914250855,-1.850081100236402,-0.30161565773798094,-0.7395940833756498,-1.4412874292390774,1.3202416935459123,-0.12105685867310889,0.49657868669827204,-1.3631603043450837,-1.1660439277569676,-0.10366663721351387,0.5906506147618102,-0.7819460191738721,0.3101254794059007,1.0697327180444667,0.3165073422999175,-0.3946894711431958,-0.18297275196345145,-0.6220158182006411,0
-0.46792631689838043,-0.7118012590817736,0.12334455270431241,1.8538091566386512,-1.8809042276196428,2.0150370177563204,0.6289281641481761,-0.24473944262368147,0.5237176665581783,0.5563669804304475,-0.8138312115858678,0.2650196650665517,-0.8367499558779361,-0.5621789965697593,1.3849580816334945,-0.7628746379053528,-0.8295625955247313,1.447617836836755,1.1787410154626055,2.281162366182314,0.3917904314213669,0.39956442951501653,1.15476911135712,-0.314968189824658,0.678437131979594,-1.2475804190585111,0.5599421144941062,0
0.735204417938865,-0.5763033440688661,-0.7861613800149306,0.43428532846324713,-0.7801836126515693,0.09546817105557025,-0.10438867646500707,-0.21513435592505484,-0.23425738835324653,0.0871992683708964,0.37036244635248866,0.07775962520548367,0.04233510300406965,-0.3723091562707129,-0.32541198946676986,-0.922360886387018,0.49876877147954185,0.5463256301672605,0.5968852774082785,0.5809738360163665,1.0998414312179625,0.729823076156271,1.6547618283399117,-1.2123241361165,0.45368422956643595,0.62806315138173,0.9427844266946874,1
0.842800213773312,-0.7206064029407716,-0.19115162532654695,0.6808190657464831,-0.28934483467346356,-1.2637526461403867,0.7288546843153069,0.49730641713402046,0.9118631001994042,0.4398602183645894,1.2154777489117645,0.3638868936575218,-1.1790017449137848,1.746337693379823,-0.700852893453402,0.35010816632403857,0.6546125806715094,-0.043561431951725335,1.1754417141729745,0.29035795076585463,0.6905492671056763,-1.012417548781411,1.150156511812658,-0.5575650977816046,-0.34088658950296674,-0.08789908878398678,0.031549937312015705,0
0.614724660935307,0.6120046643682325,-0.7866530711362177,0.5845107290702752,0.5986895192959356,-0.8738414566540447,0.35761795697942467,0.5123948625233012,0.2375239235648535,0.7356781699990725,0.0015543359811027995,-1.1780807672486266,0.521547443603662,-0.3758718060644387,-0.7657273779282822,0.21551403362266008,0.6297890707639224,0.008923661210226717,-1.0695652916591445,-0.7665296545140374,0.2742521290039942,0.7253041207547123,0.9635627310261249,0.13957989977466242,-1.2400822709100483,-0.349179414345585,0.1272541130615847,1
-1.2878159193679304,0.6911064621608254,-0.45543121882342225,1.0579323645895269,0.4845096716469856,0.7745286692062927,-0.29216763330897794,-1.0483107417330413,-0.9479341982777587,0.7252998724564448,-0.014463235406039374,-0.4806320049770101,-0.12995224348591744,-0.6939709365629647,0.3790938468983392,0.4404135220901146,-1.1358678094445562,-0.05615990436486455,-0.5869132532632015,0.24361910252716684,1.099394069582705,-0.09327480025604183,-1.012802077736341,0.5713914378012314,-0.10717364268289757,-0.7602422200748312,-0.19141358357109917,0
0.6787249538414071,-0.13645798307067353,0.25871690333772307,-1.5377298205791383,-0.07688728443982305,1.6967655089090656,0.3806265862959858,0.6457221751185916,-1.7338370233809144,-0.08165580521532258,0.4170035968025709,0.8298091652175679,0.1110310952281205,0.21515414501930433,0.22898355357541703,0.23723127004783573,1.1852474157118564,1.280108043980263,1.0010782317844278,-0.15101627521978278,-1.0848463448210077,-0.48283619123417665,0.6854950759141036,0.25744773133258053,0.5693722602099353,0.13942928420676798,-0.09876039883905519,0
0.7492461773842851,0.486855021507224,0.6875446057346153,-0.6774745424796765,0.046754353768311094,0.15115267759538975,-1.0770739369506328,-0.043037238362398686,0.22493657363887715,-0.44442892070867795,0.30080660280230825,-0.2751815630388887,-0.7197149746989177,0.19971146352336974,-1.3090496018500106,0.46024946690961926,-0.00442486551108203,0.9725500756966902,0.5380343920093915,-0.9605397718364004,0.49746123025594724,0.6836882176965685,-0.019006764145831554,0.5748529231015473,-0.6856716792899288,0.5483109937846047,-0.020544990141458563,1
0.3771736971068473,-0.37359264153008864,-0.024454249007057685,-0.20987952598892384,-0.5751397334222808,1.5239345751980686,1.113855423176965,-0.21025811918206735,-2.1058156420336354,0.7960461467388442,-0.547110634618719,-1.1778993508691809,0.9244962840639164,-1.4933476968325454,1.8772656775271448,0.5801092529935884,0.4954389530846054,0.4960479468383316,0.28569928553675256,0.6802974683213351,1.3406870434505174,0.9557457136908409,-0.4267473115267929,-0.8275692307549084,0.21805306457417847,0.4847750568097149,-0.2085614498712145,0
0.37587017822885743,-0.30314517007315167,0.29196773415504246,0.9426134815741941,-0.7838381061213927,-0.0919445897956943,0.6795094601675706,-0.48144871141259293,0.8989009802807579,-0.32143795765701827,-0.5634213955541796,-0.018883153431133125,-0.5217823815788394,0.9910743788796283,0.6194838661426346,0.25874723568106467,-1.0210369966468844,-0.48046855670343414,0.9903792617327083,0.6913978200800006,-0.13871568058056885,-0.6630067355549324,-0.22420291424764355,0.5269858141771799,-0.5498442624995794,-0.30028598374906196,-2.104256574220456,1
-0.05497901352545426,0.8041419014838718,-1.3849689414211037,-1.172248875959598,0.29315819695653744,0.918367758716562,-0.8761478502480567,-0.5859707808550132,-2.5808080206020727,1.085196626380815,-0.36944301918951794,-1.4116767369670382,-0.7729009294630168,-1.1374928234174013,-0.9056641531940692,-0.9056638866100282,2.013236762764149,0.17454750972711738,-0.7416820349770818,-0.7138506429719104,0.12063153454494858,0.1120047875470956,1.528205153055402,-0.7555531841378355,-1.5236585015920463,-2.081667697114023,0.6225087799856636,1
0.9179379088032499,-0.4594638629882193,0.9248742029379337,-0.0171163743220483,-0.7528463297856425,0.16120121253710976,1.0494404956148629,0.33668910119317946,0.47351481774976034,0.41237016171472635,1.2811953891906394,0.009843271199867899,-0.4153133286120283,1.0031189229723478,-0.45932649965692257,0.03564868070994182,0.3588074593136851,-0.31871342165563904,0.6285800142608583,-0.2968750565876316,-0.08699625765556258,0.03400428658578766,1.1924673247773738,0.5816564626299009,-0.8131520419900445,-0.0038355833298009297,-0.9246799888296545,0
-0.1835750086764575,0.9251968487011816,1.2108704675517357,-0.9276720652183588,0.33007207523888565,-0.8091324503210365,0.39635054157454,-0.16913423678233053,-0.8215361278217225,0.6669452648798576,0.12849715494035097,0.41516984738808316,0.30774650074073967,0.23612110706106385,0.5441625758696172,0.4066847414838176,0.17800225230210537,-0.6956257069570442,0.7330217800632658,0.4422674515261565,0.01913391363357379,0.06203400184736667,-0.7679239395661166,-1.0885535266709705,0.3104518348851819,-1.1820936003283142,0.20553976978055963,1
-0.8378503853713263,-1.0000193399495225,-0.06655613667910862,-0.2899385098893779,-1.7693828841434127,-0.0805338514460213,-0.255817192351547,-1.835719927569619,-0.41876574022118346,0.5924319768970032,-0.31341885548180404,0.9130210850264807,-0.13891445306216366,-0.4563501969705512,0.4430766332897567,-0.5565646175738578,-0.4173107197278443,-1.0076534229211993,1.2161282987854056,1.5610781991890617,0.2942576147713141,-0.34951564571824206,1.6525728703801321,-0.4726198145718821,0.7898603975039596,-0.38596309983698535,0.47899008012576955,0
-0.49196364265910614,0.9880810383791618,1.2093942991425815,-0.11725862405843546,-0.3458873377035238,-0.554462554923411,-0.8148609248998522,-1.3196557410413974,-0.4703366506996467,0.7294625079114758,-1.27527673961697,0.8861665427764885,0.03539423882181118,-0.5855631329761878,0.5650918963430622,0.18867738987665192,-0.5677546760331552,-0.17879007162215535,1.0483278434082848,0.9049840618237096,-0.1937273546245965,-1.828075152792847,-0.20679006938951627,0.39670219618447183,-0.5371065682510866,0.6933179022265941,-0.3347540589802044,0
-0.28760537186333635,-0.1933144390757015,0.06428253639254945,-1.265539779271894,1.9843554665302565,-1.6026696862116057,0.9500827113356602,1.1357976720756473,-0.5107785545087605,0.3158778369146603,-0.6831478796310609,0.8155132528300333,1.8948420463771931,1.1180051366060895,-1.6915041425598394,0.5543571848999429,0.510380821861139,-0.16702609379340772,-1.1911717338473737,-2.3572949567482135,0.2632978815984702,-1.086662428257756,-2.9566823326651392,0.9024149974841754,-0.6094435533493079,1.2057657313755612,-0.4858434459607908,0
-0.8103013004575974,-0.23079827259183244,-1.2961811901430176,0.3760892114128577,0.0640750127289742,0.009161803111686639,-0.7576164245969329,-1.7128452100100686,-0.23855775667781165,0.5592877242512255,-0.4568881716906132,0.2822363989700505,0.5100134259041721,-0.8011794896212916,1.3549195385094235,0.8909648802385661,-1.0545129808468314,-0.51129944656113,-1.0046124336604445,0.020716878840910564,-0.4195150044412601,0.2668300638311971,-1.1003142894597484,1.0002454173423208,0.020888930551347176,-0.8433998474059374,-0.04550293928519605,1
0.053869150982649674,0.414023823275915,0.9091053769467102,0.6417212302928238,0.4153036598927638,0.8249834322529019,1.0477953164996885,-0.11629915898442064,-0.2835944624270031,1.2362291418149527,0.8486993044765442,0.5538936816556739,-0.45363261849075875,0.2395345961338991,1.2175274788513306,1.330383842320455,-1.7542966674641063,1.3121290523584073,-0.7197328469635665,0.6405248440882666,0.0032504725222619237,-0.23154922194587196,-2.0433288291952767,0.029734002194698173,0.8630497217271335,-1.0419579586987486,-0.14522341554303286,0
0.5560550831533768,0.3999002086824157,-0.4887156308380266,-0.025406499535832953,0.22843885804910014,0.9185896157860682,-0.06809951694273286,-0.8557638795201468,1.7891987933737514,-0.122111012474929,-1.9291667679749758,1.843130268456747,0.32243170739910004,1.015873822776388,0.09045857346629375,1.7140512889918251,-0.03829669765325165,-1.014036511405022,0.14634046168828224,0.7096216759221387,-0.23994575652332548,1.0809917645511358,-1.6145713963933903,1.4318977908613002,-0.24644019100234626,-0.6420545985373854,-0.8138942233929864,1
0.19247451262405407,0.07020320808581454,0.7236404419516496,-0.553376808880359,-1.3977282406547558,-0.5557704990275839,0.2320280429189354,0.238301041936726,-0.11092803004179211,-1.0975658739348793,-0.9773499753401255,0.2967405034062165,-0.5795171828339413,0.10209526709851553,0.22159747728925597,0.8358170421086651,-0.6806377082318219,-0.5163515724930231,0.4703154230048285,0.7282814972432102,-0.32330357756875394,0.49350969534131095,1.0202659492312425,-0.11436523465094438,0.28867582294323285,-0.05109843140081365,-0.7018227510069123,0
-0.1210074299089207,0.34248285928914574,-0.5382739412560156,0.09929071308750537,0.08446522487334322,-0.30940131615410965,-0.11790222853799141,-1.001176037288533,-0.7314440706438792,0.41333963844707,-0.15825931837599005,-0.9535613338511135,0.6690281406329716,-1.276777125425118,-0.11201141373537721,-0.9926148575767311,-0.9830924403210707,0.28925668074664457,-0.38514568683894856,0.37549645113498825,-0.6397757251372769,0.45274412544977477,0.4203930754073185,-1.044338346167474,0.9568999871213395,-0.05900057218182263,0.5731911203911719,0
0.5763556160335329,1.6503500358253014,-0.7925716249450402,1.4123727962067438,0.5689614184497437,0.5441528541872576,0.19310283283071897,-0.11968988515821673,-2.677472500613364,0.011887706541398977,0.8768115377218598,0.12915326448475978,0.6324150189179777,-0.003056163520860455,2.377981174316881,1.9691810697777887,0.46343570033352405,0.3871335853519233,1.4258596084847837,0.5289781770065984,1.323690218445293,0.5820229882628052,-1.7434662075209855,0.9906746526231734,-0.27204660254994684,-0.5463898824302551,0.9601117819144457,0
-0.3085530285396844,-0.5804743564610542,0.4357629239456243,0.741268761501426,0.1340094505601771,-0.6879572299721777,0.37122434803976584,0.15760414137291018,-0.018318774052035913,1.5592952051286637,0.715640788736428,0.3704420161940829,0.9290429322018282,-0.1508035882246378,-0.5032412074139451,0.5734339222727237,-0.521489183877026,0.17893722230825368,-0.30920703002923405,-0.2926229775330282,1.0114396253587785,0.00042603896815001676,-0.8118568204007691,-0.047881063562281896,-0.8392935758550433,0.5330712683642159,1.7648575258390593,0
-0.8012872844786022,-0.7063973215834298,0.36365152875252277,-0.8230626236660595,-0.9026825916714133,-0.7041303876915534,0.06924323700162636,0.4229198596761457,-0.6009185075579835,0.7718202720877443,0.22232618532886414,-0.11120086111379157,-0.3846997296079942,0.25131990854880687,-0.4354823828148374,-0.8117822659718844,-0.22438219200180437,-0.2545222031111964,0.3063420363028716,-1.1314374521861899,0.943837551160694,1.0428901887149216,-0.5356334078234801,0.31834124359279314,-0.9253616160094004,-0.6371738632939978,0.49221967923240556,1
-0.12979353049867826,-0.3385375594013492,-0.1895366470706429,0.09989282343383701,-0.6888183477834621,-0.3943399417512948,-0.5136413394617217,-1.2034056583235677,0.9617972836885563,-1.0885127924134737,-0.35774585122166597,0.5775943877322195,0.5875401011050624,-0.25806997109300084,0.6965347975387007,0.2235406532990067,0.08208648857200417,-0.16137457862774823,0.5612296211988657,0.2720375449118314,-0.05891455708675953,0.21271168117829048,1.089198423159412,-0.07693701916693753,0.07083233492462174,0.3370721484135615,-0.9159924891220736,1
0.48435847051752956,-0.03852995870701409,-1.3276233982319923,0.5542318120809137,0.4211311862170887,-1.2799314492188127,-1.9436280012394602,-0.18946415462029426,-0.3614221129109082,-0.2781022658113597,-1.7261995969338824,0.4012790081159909,0.4000721787820314,-0.8727433568681259,0.09800406978803115,-0.739283549383505,0.632573153274669,0.7710155642718625,0.5896132647611639,-0.35092679464095977,0.6980319763391245,-0.2338529885603567,1.2074030164588245,-0.07244540109673482,0.27668560266930287,0.785976926725178,-1.1206728071417333,0
0.9047072933702367,0.09573227678772706,-0.1839700762092621,-0.007378503121579586,-0.3509546981203381,0.19534591048999606,0.4846473078833488,0.4990579297707081,-1.2776591995435533,0.4082689839949532,1.00010754119003,-0.03369049443669785,0.33968702995730937,-0.5588710586411574,0.12429814986356688,0.1290427081876098,1.070637028230139,0.662261681109683,-0.6157495200083068,-0.15463061891738655,1.2506353800277956,1.2848862884068692,0.40631277551298656,-0.10871406193698906,0.5228091170360707,0.32160912546627796,1.9986635607676198,0
-0.31431223302462363,0.10904909640978697,-1.093711189491043,0.3501841549924668,0.25003716819473903,-0.01866620263788055,0.12425686618580375,0.08018520084948397,0.645372278319041,-0.21835604976129339,-0.5125277870143029,1.0205272237432497,0.958380651582719,0.23178274040841268,0.512253576043816,-0.6419450119613157,0.17852860601489506,0.7090695974385465,0.39055503901461985,0.7700292050508493,-0.08584529006318135,-0.3944900119966496,0.4159200415658368,-0.9585523339500386,0.4078239804032219,-0.4858791320066098,0.3481914990241684,0
-0.9530338290153881,0.187125330378596,0.16357227341854585,0.3881373133918007,-0.1571912868364078,0.4823244733754649,-1.263459996030211,0.553676721253077,-0.38134130086098955,-0.29830929954683005,0.5336494423751882,0.5050505361614404,-0.048716767174544755,-0.3725645204056315,0.42848154417228373,0.19014480197834555,-0.18342670241419493,-0.5592474627596052,-0.8528759160727362,-0.5919589180054242,-0.11401547352799377,-0.14095577195247103,0.6721025015984206,0.7646825560856612,-1.331186473265699,-0.4533791968768402,0.07410598911998158,1
0.4567604521439771,1.1249010275591,0.31711660053779245,-0.07996707490010968,1.481930764617986,-0.0638367209628886,-0.9530476567058195,-0.3032991912462857,-0.8625587023275391,1.3521869993980158,-0.04959425073835069,-0.5968798329200518,-0.22088153532931712,-1.1546058720311663,-0.24839591405075134,0.26704496536615535,0.6469782432528445,-0.6688067516286215,-0.4299496279170133,-0.23025573343215028,-1.4352569296016273,-0.4020556326277289,0.4247639413377751,-0.5833589547355424,-0.033292625707521006,0.7670529339895534,-0.21011567017634572,0
-0.08299863181905977,-0.9810014483622898,0.511548065321519,-0.2978406765864093,-1.1101731279589078,0.7040310550622014,-0.013072967399713491,-0.5073654998630772,0.4257258348078232,0.4852397370711275,-0.11307824447065361,0.07564755002593813,-0.7070079358165291,-0.023903779328262098,-0.42392418242646557,-0.6427816184406567,0.7005841541090461,0.5321127975590446,-0.13062958774910985,0.12364838031139767,0.807435865614499,-0.41332274016474396,0.9392448892832082,0.5511754442842512,-0.017622497231571915,-0.5839621676411134,0.2652553665643274,0
-0.33839225329372025,-1.4810902369644747,0.3310554561901837,0.916808268735005,-1.8433258125332919,-0.0008203571113631431,-0.020711345956496027,-0.6560151885178732,1.248284213766141,0.3359497899063109,0.16983320613307248,1.1749684948462016,-1.2450756992856042,0.6557063595219346,-0.1140435007396737,-0.29800749826172107,-0.4020413270376067,0.42791155312189877,0.7834444292254272,0.20801237991203908,0.47335974332356867,-0.5865941944762891,0.2186824366923061,-0.5919498606643684,-2.136918735584684,0.5051175504707863,0.5824993946311338,0
0.3552413392523718,0.5472436044093969,-0.8756127846260345,0.385507416084428,1.16351936612498,-0.6974983240774044,-1.0518694045034958,-0.5799830153802142,-1.3138088931081422,-0.08866934567474048,1.108949629007292,-1.3443113738417927,-0.6333583712587957,-0.19857409141216203,-0.4554516259692688,-1.5967937421335139,-0.3400066960568955,-0.6256210618806298,-1.6040075189807717,-0.560232093151689,0.36672373678926634,-2.080736375035172,-0.6735095768198661,-1.3026309650268053,-0.012245774720852831,0.9103979501887515,-0.26968900129511053,0
-0.08277787982573513,-0.12063458377162563,-0.6939760892069436,-0.7301289330416995,-0.1306682820774078,-1.2033403402863052,0.16205265646647168,1.1197229182971535,-0.44672035335052956,-0.49814874777617174,0.48835934418307003,-1.140034435019784,0.3589647102709089,0.06499254646678802,0.12180033621101204,-0.1868454929223271,-0.08409202522385166,-0.36937974910926985,-0.6526184118175158,-1.0272103326230912,0.5386453544182939,-0.2340509432529406,0.4647110943686718,-0.0481546132466838,-0.8043160580682016,0.9432396506942753,-0.3906335065799739,0
0.6699350848218162,-0.4469017117332506,-0.6355129117792521,0.8745296252858539,-0.3569404475328983,-0.6675198872096278,-0.13353866787357752,-0.4980567381384677,-0.18406727927113065,-0.5693557820011048,0.182803343332879,0.4016464614344284,-0.5238248807268469,0.5227724761849398,0.22838770774045417,-1.4512713130848363,-0.028613522730081414,-0.27526536287049935,-0.46996532506972977,-0.1777396491124755,-0.4340294391575632,-1.2459661037304388,-0.47485423528101756,-0.22566094139921053,-0.03738876509765756,0.7177406394529442,-0.3030890207101172,0
-1.688326939926586,-0.8769718477681188,-1.2754386624513525,0.43819325880749793,0.29190702317762585,0.10788707218386194,-1.0895111287184454,-1.3374218440067642,-0.15304752145633957,0.14862011686242615,0.3845732117686897,-0.019742078154179846,1.6475827534811338,-1.475073605101868,-0.09706109409257588,1.7258615387201777,-2.3716245403474026,0.19309133800781095,-1.2589864992857842,0.8364044112576519,0.6040873293021674,0.4759135501614092,0.9098515495191657,-0.8659194517253191,1.049213554635438,-1.1089033807236617,1.1910671427355353,1
0.35176653705426214,0.017905177399906932,-0.9355283140805476,0.57074839749953,-0.25971773364278067,0.9875055769215901,-1.1336186846821257,-1.0522871184471556,1.033830123668631,-0.30910088096188776,-0.4714751739481646,0.6620100900575736,0.1571829716639391,-0.13068580874345892,0.1501696055142104,-1.2907304208782704,0.09563574240238527,0.8381649512451975,0.22097411590358365,0.7523389425493298,0.47668039075717694,0.15843489554045778,0.6626256570481364,-0.48869446567143016,0.11076973717406301,-0.8054511284764834,0.08289950600566913,0
-0.22833912045496657,0.26026034258766745,0.7519273025427117,0.9409245497304787,0.25712233778361365,-0.7760220097352427,0.7233506568953929,-0.26975773418720167,0.25207019451002594,0.4397528777757537,-0.305919358076244,0.6332024278871842,0.10977746174478951,0.4522976547892323,-0.00770338368132506,0.21849442102451752,-0.6040948208045662,0.0720827399396717,-0.18065572314445477,0.21752682347240934,-0.37308915705010226,-0.8782468657460789,-1.243289591733198,-0.0715519425065914,-0.1568124321442206,-0.43436132227646745,0.032850723831656936,1
-0.5712312078759503,-1.931177509319998,-0.48754422832357974,0.20557290114731874,-0.4091191745252574,0.24322683373292522,-0.3686103522469614,-0.07051908928408916,-1.3690532839458132,0.5943242260241273,-1.0396753729413402,-0.47488402813787767,0.8380716500828916,-0.5017824265020152,-0.5432020240454525,0.8731081441098154,-0.5443909543034158,-0.04313165792901509,0.503462474240618,-0.23328023225947325,-0.1269765935779288,-0.879821066599213,-0.11907519866106879,1.6833607669397412,-0.0515740387932577,0.22064495436395024,0.5177031413060171,1
1.1092829909059674,-1.0588772957374175,-0.54149525709899,-0.5521025784186896,-0.10330947333223547,1.2010676451315516,-0.6854670045601652,0.06251193165901127,-0.07946983757853454,-0.255209681776167,0.9237262758588136,-0.8197820591423332,-0.05827296695972734,-0.28534733681740754,0.17671647107744598,0.7197900973094434,0.027133452545617723,-0.09627743903298722,-0.13451036412101902,0.5604281380540737,-0.6170327304072959,0.003179878953872979,0.767189674672425,-1.0098829286859423,0.5891816614159601,0.663827410290301,0.8610431077444555,0
0.22356385255671363,-0.611899304491193,-0.4494032303886362,-0.41845682522373506,-0.6924091868389485,0.1553857062473904,-0.13657439390561046,-1.2016514303427748,-1.4060903814084695,-0.08896403522823267,-0.10539006274292995,-1.6821408723775055,0.07337894407326466,-1.0174081248747187,-0.5195459295704797,-1.4125046564364652,-0.8321540665357104,0.566482373793721,-0.030498788209209877,-0.07918384209941043,-0.3442301333500012,0.1488595885518074,0.07461031345046802,-1.0735690764006687,0.3844963818899653,0.07294025050971292,0.46747748048183074,0
-0.818081558434076,0.30148062955583366,-0.11978329985144451,-0.3077990809046665,1.0085265014808689,0.6972228908467145,-0.8648603774241287,0.16922250114393617,1.347185952975286,-0.6220053164249558,0.5707536212822715,0.21494896022938625,-0.6616148114610605,0.5410451710595395,-0.9314532854974152,-0.672275109116391,0.32739253725529976,0.028094113115500155,-0.2545562519635905,-0.5526520580935588,-0.8239693096303253,-0.07024126486752469,-0.3690322208631821,-0.12839505733291073,0.5414737879250803,0.0697615362361839,0.4171168767129372,0
-0.9898562997568028,0.9553271658543512,-0.23804643436787037,0.38404616293316074,0.5648887329555544,0.6162787501673539,-1.0012099518744477,-0.05122138507360225,0.6679440336309121,-1.190800152045135,-0.36872234676112486,0.30978826855858976,-0.4536464590067647,-0.2055079402292172,-0.028323091375413625,0.30102797766040607,0.14104962096033688,-0.27964689156632694,-0.4408488940838159,0.6157124906021556,-0.6215337580202797,0.04966248383711606,-0.2856059782539842,0.14647967278535615,1.1292965928451422,-0.123505060867489,1.3883920995527108,0
-1.1766490233645797,0.4895704475170188,0.752089790539533,-0.33582372738894056,0.5698521776981689,-1.1500618993913025,1.8325074013484959,-0.21287406741517695,-0.0715248016816483,0.6602467078896868,-0.12734130127602333,0.5018302908042463,1.101880442828399,0.29073629920126426,-1.2856434736017974,-0.03489866997568012,1.1069292849006085,0.9176373225503182,0.714992533463558,-1.167239294528798,0.39261041983622547,-0.5573043403575804,0.40556588182174597,0.32073292657194,-0.7193383790226563,0.3025564715774914,-0.7895549084774395,1
-0.9086680269489955,0.007965389748179832,0.20939951949068888,-1.2786634261696024,-0.10895110277249388,-0.08473532447476287,-0.32574757472447063,-0.677055337777507,-1.2101345695797732,1.2454805431521028,-0.8433687553650856,0.6491036964827783,-0.5676765166520286,-0.7769818769001727,-0.37108987910507113,-1.1259017717553423,-0.8556478507178233,-0.5716604537348247,0.4292813080567451,0.2584529707217462,-1.086966717545164,0.3219493133791855,1.0109698307318622,-0.843750854802459,1.4852384904890663,-0.2967849996869029,-1.3206052535022472,0
-0.8246982384087275,-0.4612337007139052,0.4242262546228758,-0.15125786709022135,-0.9383106716705728,-0.3183991440749713,-0.24262472884531502,0.2039604607677406,-0.7990434659266457,0.2863166121139806,0.9336988346205091,0.8690722159179587,-0.8291132395564185,-0.005882884997773618,-0.6896170070316107,-1.606104728826537,0.18516915238981496,0.8704105339090926,0.011380922207760673,-1.7980393466264821,1.4543987016321342,1.4705958816663203,-0.30171277113216133,0.5275748547758357,-0.5865213159498373,0.3645506701145971,0.5937796094716661,1
0.37267616193916814,0.18774349970729529,0.3501444955049338,0.23924272574878044,0.4935539072737658,0.04217601962022306,-1.1851043768469482,-0.35581780615405645,-0.7112173670545855,-0.42346438319161384,-0.7017076274165999,-0.282330954447285,-0.09449632215705718,-0.6751252342230615,0.3993870738682532,-0.17060073738246712,-0.20771183776175378,-0.8837654350254306,-0.9985376626516055,0.22373921159914886,-1.0146891765406336,-1.6826098694505844,-0.4278213886859877,0.10390455130666222,0.5206882268522223,0.9621631593634156,-0.5880568983307499,0
0.34894596952633017,0.08982318008379034,-0.15303317351533172,-1.016488160426583,-0.281505617505415,-1.7970811736427514,-0.9860688780717226,-0.027565016133755914,0.29224573053396863,0.06375222109268998,-0.6766189395714405,0.5244980271819348,-0.796770838665622,0.30058862422919835,0.7727799652474927,-0.7460956084083851,0.42516080611700524,-0.26359323324331624,-0.11045252875172207,-0.7019662441990507,-0.4916566847082721,-0.9697675613691521,0.3772631084865456,0.6355897479927005,-0.06464462114043003,0.04669821174452989,-1.4317410664688441,0
-0.9457092813615013,-0.8531516944641512,-0.4146029664677953,0.3732506357186069,-1.131680574140049,0.8449127260478567,0.03804729623936537,-0.9291293929170005,1.8588039713462425,0.7501616873160891,-0.22787683827411698,0.3049109531427748,-1.1107861051529642,-0.0033804714508286226,0.01808398071157844,-0.8622114564193564,0.26943485242363724,0.8003712057425116,-0.12011642369447761,0.43817303390373125,0.03858368195765338,-1.2078472377219407,1.166076864103394,0.2740192633553648,-1.0319764339183914,0.1126317117418732,0.2048669590851566,0
-0.20392433971077184,-0.16297761085333992,-0.9605422410857939,0.8710602273852706,0.6024077781707358,0.8538614092630498,-0.5573628519398414,-0.7452459325892723,0.16277303414150862,0.32776667537810644,-0.31750557420459197,1.0728484012072106,0.03607379589681899,-0.1143509221025347,0.4689158229110999,-0.026034102177855515,0.8153529146926023,-0.5177683998942573,-0.06659652396429672,-0.0981667316184725,0.5447778225744957,0.03689818715667663,-0.28031984067845517,0.5277903263734254,0.09315813321182691,0.8410247817256619,-0.9127922933139266,1
0.6524672967069595,0.6568726227410219,-0.38539534326193214,-0.033486155036400685,-0.9942488852978836,0.5186030397289183,1.388732366035842,-0.20051143783885433,-0.35944071769000546,-1.0778676470900077,0.15244329029169462,0.4931338897189375,-0.6524186238076248,0.8600024418904587,-0.26042774935489643,-0.031243926711592287,-0.6044151335904172,-0.057074804640278434,-0.16735449043824172,0.7560805286172763,0.11220923533065533,0.1131172624448796,-0.041299674052292706,0.08689082637466496,0.44247273885350097,0.6281732023169293,-0.042244139449269844,0
-0.7096007690602938,0.04146010267738689,0.3532680888036851,-0.4871175981491054,-0.4179592498936053,-1.3775545861004266,0.11213376119816394,-0.11549050121382895,-0.3810231570252251,0.4115395315745101,-1.683526693829198,-0.14342463228454455,0.7402083401424744,-0.9465871775729683,0.2514772761035994,-0.3189887432542465,-0.5248257039102642,-0.659917324749137,-0.8344128696242576,0.6125617892940362,-0.40296767726940197,-0.8614970725119604,-0.4911210719308821,0.046956638712700983,0.8456039980361155,0.5623248682429374,1.212440291719935,0
0.08077241684065156,-1.617200904201817,-0.432189638659601,0.10610903492198562,-1.2970959677537048,0.4745376070565618,0.3675645562648299,1.05306422180702,1.192599098452832,-0.5984735799929449,0.5813190527179991,1.7134041290877793,0.21959835551491153,1.183566915443655,-0.26913371827599125,0.3327212222406458,-0.29119132240870416,-0.9506889234876544,-1.4098467386380888,0.9507599074330879,0.8728243324775733,-0.34321969180231443,1.2698641093284961,-0.25182470840320176,-0.01304921991682098,-0.6841749079662113,1.0428240119031653,1
-0.8828837970757479,-0.01876574084596068,-1.4959519143060303,-0.41379317866447834,0.7387339843584396,-1.4072424649619677,0.37101874462986517,0.3839422355048435,1.0922134996753046,0.6331702356878367,0.878029954958459,0.5804067785762614,0.13630871234722333,1.2799097031512123,-0.24819416754218987,-0.12113624733055381,1.1269927696035436,-0.5011502883401335,0.8555772278350869,-0.31694659461910485,0.2333501492754354,-1.7695168576981357,0.8960651207664939,-0.437924303782653,-0.999531026491383,0.8646774925606756,0.14847110642619213,0
0.15260459164519047,0.4380213705888013,-0.4211240221394077,-0.8666973901349349,0.08769617943187814,-0.051332374654343475,0.37119302345918476,-0.13914574382908249,0.29404674629420124,0.052559545900529546,-0.18958759273925557,-0.9523231733884591,1.3037818969297728,-0.8797112050053345,0.19025226593408134,1.0478214555468024,-0.09704286887976725,0.23018380658910267,-0.17272359942706864,0.8527004530419163,-0.39481152102472916,1.0149754365663792,0.752578091533373,-0.7113666505889733,0.9006869848018527,-0.24498460514617623,1.5927630205871899,0
-0.629153468870723,-0.5553633054271843,0.12036244154030441,0.5001280357900153,-1.0609034179790724,-0.301818260426634,0.9324553559397012,-0.4182339204561434,0.2132298295347895,-0.49429826120139914,-0.18035096618565666,1.2856309302618243,-0.18133613521166836,0.9791588318391157,-0.15831644343902826,0.5745166493338658,-0.9222271283931088,-0.5518494860938211,-0.1076229750588264,0.08710867134829972,0.32627579324038003,-0.10646297758487398,0.12493778481176865,0.6093699532720288,-0.6548697414369773,-0.868856914694155,-1.1883417044554265,1
1.3910199605095768,0.2852380426774548,-0.8838879057056364,-0.24421552393614748,1.4597690200380782,-0.14556680159051813,0.42897481601503845,0.16754634873716398,0.9108716174295003,-0.38386829010751283,0.5242399418185556,0.3730441213564692,1.0111183409281022,1.8664949760101022,-1.1060015625588102,-0.7400442474930432,1.1104240956762281,0.39912113429490603,0.045919671962148266,-0.586897896047313,0.7310246622032301,-1.3330595938841676,-0.6092667166819401,0.14615272604192261,-0.12967726323164538,-0.23205481775260184,-1.0887973643179976,0
0.714807089261024,-1.0621626878017214,-0.8904273455259957,0.4694804686398329,0.507774256805992,-0.6813528122911859,-0.8311381027155831,0.03533662553400173,-1.33650846990585,-0.16028992955440377,1.215279450972704,-0.04950716079330965,-0.2797059085433827,0.19687905879980683,-0.0376285883177531,0.05283648816208488,-0.5036978840996288,-0.5384743068224638,-2.0297756685309696,-1.0668847225792077,-0.29665205861193783,-1.018351197507683,-0.2532567339981275,-0.7537742650638404,-0.4685636543767932,-0.5168600114830211,-0.685169188566794,0
-0.15210991307456354,-0.12932523453235137,-0.9625812022801103,-0.5162760697221451,-0.027575527715907308,-0.11735799411625734,-0.13492442748614905,-0.7723235509124545,0.9018606633829402,0.07600222664045962,-0.4496457398982837,0.26995937813528675,1.174804477621817,-0.07883294280544668,-1.2617528674274012,-1.3652133671658873,0.23895967411239474,-1.1670374249040407,-0.5846405230739365,0.3678486640188903,-0.9017664166533025,-0.6569105515009853,1.1415099158031956,0.616983617326712,0.6310109537237857,0.7351755712467971,0.9631574605005266,0
-1.36680386842093,-0.4043803849976127,1.7535230303879004,0.189158608828194,-0.07387612621731224,-0.9830334568711729,1.3439341756271164,0.6129209207014815,0.5344930924968299,1.589168398434644,-0.731344244928366,0.608188397874113,0.9021886797977711,-0.08996217842472141,0.08390401235386627,-0.0755398537312575,-0.368875045545931,1.625037440950007,1.4418391702216207,-0.1303674187916712,0.7319060159790157,-0.5935778083502056,-0.7080949690901213,0.22679578853319488,0.0826434037443255,0.483851331983681,0.048554025029726416,1
-0.7075934789363059,0.13168395438706476,-0.18075704375449994,-1.232234645780703,0.31960955987370465,0.0016029356522640236,-0.6047410290412423,0.93736315601266,-0.9636020865993324,-0.14874276758566796,0.39294490348221617,-0.5794294180704801,-0.06789866765496308,-0.15496773214584056,0.06948654360428856,-0.2266696241444765,-0.332566458728672,0.043608027675558915,-0.4476283719359175,-0.3532722458865455,0.006164191313996958,-1.1217892464851813,0.7177646217860464,-0.31577781282427925,0.1220623081990091,0.0064136369647897025,-0.44614579620664113,0
-1.4480766904968303,0.09630507346062421,-1.1038064212444683,0.32605960347065915,-0.5059406156903727,0.5733025676721998,-0.327105652064292,0.8793106853296326,0.5723301572016077,-0.8596623091804187,-1.4288698926342456,0.04097204501091019,-1.266123052417033,-0.421078706004062,0.6589885387501747,0.01981271731216377,0.23032648149638732,-0.014453257202759237,-0.05430836470284214,1.2882951025304235,0.6531697884246707,-0.8169068047303761,1.3295132756141228,-0.44505048704568273,0.8685407932564417,1.2431084864511917,0.08762799541272505,0
0.6309138299632759,-0.18243203363157584,0.5632781955819905,0.8443587432838536,-0.07431341851854016,0.00010025220671305057,0.5201439545683288,0.16468537484436666,1.1937912267127764,-0.36103167408716647,0.285338335260563,1.609234587576915,0.78768848487955,-0.03798111416011654,0.3906979473191708,-0.34660957857070396,1.1743899351708955,0.5104434706911035,-0.8638077529766939,-0.01041101169046622,0.2970369030991388,-0.15080504360774796,0.6110769331607484,0.26610100845578505,0.7042405647966085,1.4465052354248205,0.0532424692373363,1
0.4384886192708289,-0.32025822343491056,0.748345656327476,0.3048025856582463,0.2950253290743579,0.0007530125520123877,0.5854710516817664,-0.672749607242312,-0.04841712681191193,0.19452837335053252,1.0624011666886235,0.4354912108220177,0.24967657400831889,0.04841641384522231,-0.23005727438315784,-0.1969948218311981,1.3324901787516032,0.9880243467088734,0.41642746682291953,-0.702854102181151,0.3203243651446806,-0.24147829268992432,1.5685692604773172,0.629462551671835,0.9682340132021859,-0.10472271452988634,-1.7052284094496968,0
-0.36920975495091907,0.06116799046967155,0.308330600941991,0.1736445728362823,-0.023503205509616175,0.831050339890253,0.16096346449421045,-0.2746948049140431,-0.6931496085781109,-0.5845801454807908,0.16188669259313818,-0.3090886989096721,-0.2875521718940468,-0.014578809824150302,0.5165664779268019,0.9725865580784487,0.30185136543499835,0.4596714444648609,-0.046933846276554204,-0.18835689171572415,0.7624124852785783,-0.13901203264957665,-0.9676670293388577,0.6506743444179371,0.01483792500449482,-0.14194807931524434,-0.05648745312518601,0
0.1970529848133545,-0.7045345805849672,0.6390579017578307,-1.5190495933151538,0.07247456688660464,-0.8676976392530747,1.2023120080016358,2.1310729368079016,0.5312438649966521,-1.009691493580409,0.28466845347003816,0.9318292766734709,-1.6802099867262925,1.6692407205369528,-1.753378420533194,-0.13788997992760393,0.6219125189404348,1.7207736621650092,-1.5061735051450926,-1.5185230018003,-0.5547304518679768,-0.535364966323626,0.21536276456145806,-0.13292792086928845,1.2517355465494056,-0.5002457891506465,-0.6228304793681437,0
-0.6498357579159585,0.2742373727683211,0.5414256249555757,1.0408961095434905,-0.04725836308623246,-0.5583999650167182,0.4929213549833344,-0.06504526421438962,-0.9461631901119002,-0.148520257733628,0.9394615180411954,-0.08731088602798984,-0.22638058143752834,0.047300228172476144,1.0880450273370976,0.7713601010302873,0.10523589688923272,0.2829807795815971,0.07948101353017238,-0.7295228952127367,1.489909892867809,-0.33560025703828794,-1.097769393378434,1.1068953564491495,-0.31907851139689125,0.6289321647895685,-0.381059330832992,0
0.11428227921912128,0.21292409933212655,-0.009926621212722737,-2.4747707973955797,-0.3469279559552449,0.2286027763085454,-0.3536623857298846,-0.43017356765713666,0.2919950588434279,-0.13709712866110055,-0.8138829772659345,0.8504683628451217,0.8614321240254427,0.5929931554495705,-1.6039569638992306,-1.1064689962007672,-0.4684284456672698,-0.5188151986029871,-0.46657022437015705,0.11767074008995144,-0.5408084392672043,-0.11513250247985823,-0.46060948585370826,0.4121038373398786,0.4718021284409361,-0.5243048267441387,1.165128009806227,0
0.714162979664557,-0.5424206469698418,-0.25390137582925837,-0.48282314182490804,0.28262547911290686,-1.184423786852291,0.37234591488813623,1.7332311242869214,-0.8006712324229156,-1.8678601212822785,0.9934782349996488,-0.5075025443780904,-0.94404468793716,1.8598050364885717,-0.19683283373312438,0.6754541488546257,1.6208741205476374,0.24252555044603688,-0.05255433214304408,-1.451190636602016,0.34813209457407324,-1.400731970697928,0.41518384060546054,0.8424779732830355,0.05240440052693867,-0.8763313245730125,-1.3199452795199231,0
0.8959648480713182,-0.8706418243432422,0.32342549852365365,-0.13332508040513935,-0.9149680241861006,-1.7596895265608687,-0.021278287129477918,-0.12250808637961465,-0.32789305680102687,-0.17017092572636547,-0.24106014397340736,1.1573711137573963,-1.3563993006005335,1.258743235649939,-0.45931348840143127,-2.1572491798882196,-0.056671768407875495,-0.6861655929766217,-0.5240525079779259,-0.6417249962751723,-1.2997380014480284,-1.4279937143348596,-0.6667745484642649,0.39771008095647475,0.4940495254493199,-0.22822719770894562,-0.44917886379511335,0
0.11277955181057951,0.43319168907680194,-1.7321620780059745,-0.25949490923210006,0.8611735736834581,-0.6645413754601754,0.011206490750805907,-0.8022565793594514,-0.9828786388145047,0.25300685178974974,-0.032953894143165845,0.6956367576557432,0.933390407805322,0.4708966721914967,-0.23247730156303656,0.7665199410448003,-0.10368816854623572,0.38823413026524556,0.42692558653806384,0.02327391793585548,1.0133834255580703,-0.18733395202504888,-0.5741794363303474,-0.6579292932153422,-0.12687226937696827,-0.5258464393312021,0.01916311354670719,1
-0.7332575911600505,-0.19146293511148943,-1.3203099569528374,0.22720641664893015,0.6621821446517624,-0.8033721662762651,-1.5583354125636255,-1.1146201019385715,2.4321070661519926,0.17833214757167598,-0.01570294352194522,2.008847708581062,0.6406168859160161,0.4469115634418892,-0.8454689479967342,0.7525903793798683,-0.6659342289443367,-1.9733666839529806,-0.41400939224333544,0.7438480397652594,1.306272113108105,0.2017248949900036,1.624090933123139,-0.39382339278956896,0.41070129610813455,0.41529999389607164,-0.918391896708319,1
0.2360456164721229,0.3186155325788283,-0.6700120192623757,-0.06874456344687903,0.44078446619524425,-1.0226138670811697,-0.11494856363129831,0.5414123548264829,0.6271610039018548,0.07081110272812846,0.6238804651554786,0.34432779239259154,-0.5637394055392773,1.1882731685366577,-0.7890202975194828,0.8574577399659574,0.16783476525245652,0.5268546825766612,0.4325358393294803,-0.27937381421730995,0.8867130027012843,-0.6637077510207948,0.6101965841955321,-0.856433020101356,-1.3584689665588665,-0.35112937894737123,-0.17995900692640926,0
-0.3774497662681557,-0.7131108892589575,0.17414060545948146,1.87531151200292,-0.018473575061106105,-0.5968688094971195,-0.30724545934545033,-1.0368222039062815,1.5648436100784757,-0.09168830898063562,-0.10854784259226749,0.709197121122951,-0.039105677443386486,0.5773235861800294,0.32407356651287816,-0.6416034687915135,0.9029749231354338,0.17734877141279207,0.8461360962677322,-0.2926103675826127,0.37259227671419487,-1.0832858838950161,-0.8677910831702151,-0.3955138853555863,-1.6551186535375044,0.20658854584871428,-0.09341906310353805,0
0.7354386654028395,-1.0256326288652022,-0.4853459526947914,0.9520636899006998,-0.41251347564827984,1.2966947018726358,-0.04787658082217347,1.1152210393358704,0.09378498385192911,0.4082474686301772,0.9152671042794781,-0.3852190509656342,1.2607517722332469,-0.13381087650970502,0.6525116368412033,-0.12509031925707384,-0.8312636325829883,0.6331625152816167,0.03874209266436961,0.08022250433697234,0.30083475583687475,0.9754795689641922,0.5324214670218654,1.7654132600619221,0.5025371834101716,-0.2631267611544209,0.6020642469549566,1
-0.2110374395843671,-0.0042135854101667146,0.3505903470143317,-0.5378186946655281,0.20578086634294032,0.29786943880008343,0.23219231286290626,-0.1951872856085724,0.2137594775305287,-0.33969746990885746,1.5320712732581543,0.42419425685438034,-0.5833164267649725,0.6872664562801405,0.21342169698672714,0.9744025163216306,-0.2523037831110455,0.34849609304471174,-0.4202043412354803,-0.87623205509063,-0.5936804941420266,0.24097587935250886,-1.4490584738371903,0.8948558149103786,0.3463225202994829,0.2652861235289097,0.545903392205527,0
-1.5419523814076261,-1.6834955052070963,1.2169937316478003,0.5392794505465762,0.09212288423572916,-0.15978466727409305,0.7104374255908981,0.3120678275107393,0.18538552842607994,-0.6842717481293682,1.0078995113136497,-0.3942582979733992,1.5749155295467705,-0.416367114429415,0.2318702340079496,1.614324162668474,0.36875553892507196,0.8032927035938312,0.5101350711819422,-0.5462061231013698,-0.06759388291510197,0.23540344095415575,0.551316885062828,0.6378851186915616,1.2506632640436082,-0.6946847341805062,0.7192622402795422,1
-1.3244464590972604,0.2559857446321275,1.492450580251904,-0.5872489801171881,0.2868910148299937,-1.5045642809227382,0.9832121637836002,-0.2116111744822663,-0.39447961256775044,0.8505494854459948,-0.4401556680268539,0.13615718411862882,-0.4627149719003458,-0.13236528294480945,0.15844275711563502,0.5589442318479803,1.143415654499195,-0.17734540530496545,0.5838740171604273,-0.43405190127692644,0.11538540382527818,0.41879214379072444,-0.7291810030678461,-0.6512624859240324,0.6672357689289052,-0.9793404087919252,0.11793024797750014,1
-0.4424792696882935,0.03983863813169561,0.1415257054584319,0.7308120928433771,0.27061892418181466,-0.42454820377576535,-0.9455326355480926,-0.37868377088708916,1.2617027172031308,-0.3428443381361944,0.37475386878155525,0.48964304208151843,-0.11576274964885673,0.0726372905414605,0.09973332979998357,0.9198919208080414,-0.17006826477608014,-0.6910029842923805,0.921230149105847,0.060216097769344064,-0.4034719213129962,0.24939233154967455,0.6245069630960982,0.19970995198355446,-0.1123249986197341,0.8544316603243473,-0.28001555643993853,1
-1.373970579935702,0.7205133719241236,-1.3196008089404048,-0.036474024879845156,0.37528126580755655,1.0327579300499379,-0.6224974034701799,-0.7254369222298792,0.014065413732171113,-0.09268133856619565,0.7292863963358328,-0.14528555678087074,-0.7957560918375018,-0.23680622321987269,0.07937508229880587,0.9111058340779292,-0.2391206188975027,-0.8259063029190019,-0.9943128190025938,0.29823835741572763,-0.12311568359284084,0.123467392700926,0.4059712687318404,1.2451294934417036,0.7497588144134953,-0.4401520928377455,0.8094393837594163,0
0.46194822704199784,0.15477435918130428,-0.6383710629215394,0.32813815239388,-0.5894403741058427,0.4157734491578979,-1.0419214125418716,-0.6489226190522637,0.2567588888522093,-1.5439632281077997,0.20392062405248387,-0.6579372712568466,0.5209532454304815,-0.2933872256620502,0.7448353742286737,-0.18684453669701107,-0.649140098133089,-0.2835724942160671,-0.47811212740042897,0.9444740517784072,0.18888114303251827,-0.8049473244401032,0.2996959333053345,-0.5297673988601608,-0.25622052869697876,0.2916602110876487,0.7694153804267457,0
0.03575577044643057,1.0969072098240382,-0.4610092830180972,0.28669963904118406,1.0459440650151246,0.09841513591353969,-0.05510580402469638,-1.675581215277159,0.8030552067369326,1.2733176243709163,-2.0185784243713862,0.5069117240822818,-0.12538089285909682,-0.550999145641938,-0.9425516825112654,0.6530172494328279,0.8789740739594207,-0.4553261706582658,-0.3345729492383646,-0.2963469236137309,-0.8440392330956615,0.8716324320649197,-0.7881233462327968,0.9476478025066486,-0.4556304510881627,0.15582978098281464,-0.6584331144407964,1
-0.9837302285884856,1.4851741637305504,-0.46282720926550086,-1.2957017568971831,-0.23471010559195318,-1.5424990759558788,-0.7555006975573318,-0.5625862921021311,0.8592309173265047,0.776791092112528,-0.505036690742368,0.6180583984901307,0.037984299949840906,-0.6744584129250631,0.3641859202641666,0.018150601263095124,-1.1596752270897028,-0.9059834167024697,-0.518927326503914,0.9062282044655413,-0.1484474566677167,-0.12758221646612505,1.3518038213934005,-0.9406358539936501,-0.0919646230341416,0.3651213692311094,0.35104190547104,0
0.07409753312670506,-0.7560865299039088,0.8240274146431095,-0.2075107409127344,-0.08393943671896754,-0.9281118921228361,1.5954595269606104,1.1458895120289607,-0.3093500415607981,-0.5617078142810834,1.3270504552575741,-0.1528479435981142,0.6171743145516969,0.9987216517018089,-0.6344252715215379,-0.17867187794702666,-0.41106821009944017,-0.41957749775968056,0.22355574242377976,-0.8929967081577534,0.8717770813389896,0.9790981958831082,-0.19627706541467083,-0.5762936773499786,0.7023574300983344,0.33889451673996807,-0.9302922170598158,1
-1.2433155140731313,-0.8578864262566157,-0.5213522232304558,1.9429516025746765,1.0774384717899317,0.036508116680496486,-0.59664050547469,0.5594546717812363,0.32163646472540897,-0.0694043760624194,-0.020370279442152493,-0.029919355327996337,0.09958017114514736,-0.3368252322572124,-0.3838203720542329,-0.303445463893424,0.9352759330032604,-0.2739408485284817,-1.1433609440632782,-1.1891181031095692,-1.1692034846292068,-0.7468880761065285,-0.34268152211582353,0.9986441118382116,-0.28539143238909515,0.15370887382795045,0.6931260062889404,1
0.7640752449871585,0.5697025112250034,0.6600922538148046,-0.1603098710039325,-0.17303320987099804,-1.592373729682611,-1.2363661725130106,0.10342676753862777,0.10574100013133575,1.0403741942764424,-0.45183423921715693,0.43802591792680456,-0.3897756673286726,0.0029000981063111537,0.0009010676038383149,-0.830533525388187,-0.06101862211941224,-0.947614836127706,-1.0668585863611655,0.05176386593218603,0.26531892545637203,-1.3342238737174559,-0.14259588232834608,0.020394055577031694,-0.9989515660809398,-0.16835654306083206,0.532961858301499,0
-1.128781459532914,1.0720631303999248,-1.1788573344479418,-0.13073638724923806,-0.4723573996780349,0.783188662463162,1.33745249398432,-0.15515515001370125,-1.4181626405257652,0.06425946383372126,0.45926058306616263,0.736125949865273,-0.47353059119559243,0.22650268831641268,0.5362342880595209,-0.8868595286009523,0.3519222670299141,-0.5212597598961856,0.34280841092998765,0.08893824158813268,0.08025734452631275,0.5896245746209656,0.7101119504910298,0.5920823777975371,0.2814977051150971,0.05424467041510968,-0.5491366432654459,0
-0.016133264960145537,-0.38076992949350064,0.3911568242783386,0.8090068861204167,0.4290599169659001,0.25471421291967833,-0.7330169850498762,-0.03418910484816495,1.0528358920412608,0.1453464916257939,0.27860172949626344,-1.5597084632074716,0.235173176439903,-0.42642149620815,0.10427229919673156,-0.35307072321571825,0.16609211089913747,-0.622387392496926,0.3417467739633124,-0.4003879820530213,-1.7249679598667484,0.13018047518703035,0.47170850452105606,0.32296640123185033,-0.6198115158686882,-0.46035802078218874,-0.19094529601094312,1
-0.014751582299479263,-1.7629273784300887,0.17009478041154005,0.1281640107866672,-1.6581225675203624,0.5536917391263255,-0.7635520383223916,-0.20957270624806812,1.4562934359528548,-0.0929302911452952,0.20702618114917723,1.6780374401672444,-0.28619052713729365,-0.028424697391761115,-0.27281847210994403,-1.0944135383057694,0.2658946341499418,-0.5836501876525498,-1.2070131089423228,0.020967602510272864,0.6396378182798786,0.2918233263774311,1.1861038476647114,0.2967899336669786,-0.2241036083687238,0.7847434371088025,0.844346423165506,1
0.0550644538787268,-0.08493327171052818,-0.7006614773061367,0.7075501195892446,0.35625791193468853,0.4355966124805901,0.27538081792316876,-0.7321088230333257,0.7282863805563939,0.7500534425662492,0.0457555965143727,0.19692470185532077,0.7758076831026872,-0.2668855621292488,0.975899265747294,-0.32299826835330064,-0.24093882020035748,-0.3977845536122084,-0.34210459199645815,0.6467161333456259,0.2222633393542087,0.08320472629608688,-0.3002348078579731,-0.1717753306970843,0.5994475880173327,0.3054151447330544,-0.4221741861303837,0
0.6865725482547461,1.6103846706794367,-1.2818694273845066,-0.8446587565648451,0.36888590979502395,0.7530458653913913,0.9414146231452254,0.7473155727599107,-0.055539998101309836,0.8096124225208896,-1.4256392790842833,-0.23470621833412933,0.9940466825003283,0.13108522247548254,-0.808273777082067,-0.431620082021966,-0.45552903700776187,0.06144274853677333,-0.02666299434558256,1.9552849668645271,-0.6832178065241155,-0.6476764031776565,1.1036869293640512,-0.6935896490078871,0.34645055548247866,-0.5265022830960939,0.9880076483342174,0
-0.8490891820009661,-0.6965812638168327,-1.070046602685956,0.35000510274866675,-0.5480877344097365,0.18360544517868427,-0.17607717801489706,-0.691207092994229,1.2669239673096644,0.10587953448615449,0.36047132642057744,0.9133158592481174,-0.72455787193294,0.4739670650304809,0.18002698256263402,-0.059641859127179286,0.2716373315701109,0.36817066726225145,0.9180994554341217,0.613336657175422,0.13285571700479054,-0.16574881281569184,1.1639969376418235,-0.38829601697449306,0.14339653495224897,-0.2720879756525963,0.4663292205812853,0
-0.3997720564844457,-1.3083804878074683,0.8238629513306817,0.7615580360794306,-0.39970481079414216,-0.347895929400304,-0.5962936514706706,0.5834841030914814,0.2424629859978998,-0.04668211771097037,0.06532856007549373,0.9230505289605422,0.6508591082544372,-0.020445992179521796,0.9245893376644186,-0.2060219019328675,0.03641299040464613,-0.3538651154379244,-0.8137629744139129,-0.30477574617617986,0.2308581906338523,-1.5581298734962385,-0.5097263854134038,0.9681600010386544,-0.25376749731737946,0.6374134173462732,0.28825262851296984,0
0.3046634594357979,0.18138813432160691,0.3166032514772074,-0.517680744570535,-0.27336699765947675,0.4440938469569875,1.110130417721314,0.8033552161960721,-0.4298529916668675,-0.022873279170019845,1.3665419996858554,-0.825759032906092,-0.8687047463550107,0.3630770393179786,0.28036503197220164,-0.10977021139651662,1.0755935785729738,0.6700179858729124,-0.047321578654532605,-1.1195677475629007,0.9795553009114262,1.2151091034473904,-0.41369252228843795,0.43282205378155075,-0.07955979910696902,0.4684060601745249,0.05473210426396432,0
0.28445247151226954,0.5593206343209227,0.734391341555606,-0.4624394205099861,0.20544996288386308,0.43541613388696276,-1.2654521121858708,-0.9901091774707435,-0.1326178492608433,-0.30989089968050587,-0.3849665217435295,-0.8926988131114173,0.20620267408000184,-0.9705482749719095,0.021856520638682594,0.28184402978075507,0.38685506787615087,0.7689436153863206,1.6228016937734695,0.7001818568734263,0.9038566170886442,0.07664713853386113,0.8766057419162518,-1.3282373848205942,0.33212224380198196,0.41472589243898583,-0.2759240141274592,1
1.2125036197090902,0.6560639699985876,0.3843429311802458,-0.85763565950734,-0.8558337470624695,0.33824839806125573,0.5617553330794943,-0.9535917200743568,-0.9691972225263241,-0.22861532364456136,0.5731482655586468,0.7863486662392687,-0.7227111861367204,1.0090932410036253,0.16005462182468178,-0.16237527207459654,-0.8561009792622545,-0.09107606663402805,0.29852874303769383,0.7783265519257664,-0.9453671026573386,-0.7989696022691398,-0.2832543772060539,0.6891479814557568,0.8262683813070458,-0.7458331182162978,-0.34455312223600076,0
-0.510696591845912,-0.1390353954540627,-0.5107122039959501,0.8574611842022105,1.0251616468786078,-0.6829662542429294,0.05745396133982981,-0.561647280967733,0.20918244739686667,-0.9036087546547753,0.9637301682139805,0.15675468380236526,1.1291227905536447,0.3003152037814993,0.2973980912985236,-0.5443032527113995,0.02055069241314765,-0.7027025420742712,-0.005724103773247291,-0.6478941746584087,-0.08750209264553609,-0.3828488794179362,-0.7256219168352727,-0.7463279877498824,0.290307482616424,0.8779328711037945,-0.8502813703287729,0
-0.5189851838911143,0.4277228358952388,-0.8876391514968188,0.7046765679658985,-0.34083999828571193,0.9127010544712305,-0.0528029455310119,-0.13111949801755404,0.16282323084088363,0.07311156188647497,-0.5797667313487804,0.2771632498580819,0.9275685651157148,-0.8540858279519069,1.387406858677004,-0.6706342404975386,0.8974724272312786,0.21621084232837873,0.32531309715050166,1.2513050700357464,0.32084987591364206,0.4469662521876566,1.5048589769605552,-0.5826453484848783,0.19742363168737492,-0.9531117776593027,0.652024905674641,0
0.5863558661715067,0.694165311646023,0.1762577852039274,-1.4259803363814394,-0.40905640426115636,-0.4348012109952202,0.7352231270208299,0.40902290183506024,-0.2028586384414486,0.3865870522777447,0.6485140082983505,-0.592911959764522,-0.7692085997661678,1.3844029494418248,0.10310544933574334,0.8677043988616825,0.29558872532651814,-1.2715114989005727,0.9929494824683831,0.5119402599518633,0.4124202370556071,1.3172424645698857,-0.9993196041180255,-0.7447903962453818,-0.5055454645334361,-2.048297359835986,1.3453114555296855,1
0.3724941612757064,0.531315175384891,1.2574518560669263,1.2360370166979215,0.13606928871602025,-0.034201061936479434,-0.17083242728318612,0.33537244747100164,-0.28568343835776366,0.4010872946724169,0.0873784000572393,-0.36862163555729915,-0.0634327414292311,-0.11874260701485743,-1.7743843707280913,-0.7448175270178545,0.6215398464780367,0.44533488877420896,0.6543780696423329,-0.16496498293463938,0.5928887960366687,-0.40077582820684005,1.4619179654434415,1.0685568966697172,-0.08224300419998298,-0.04097042227867474,0.1970275192210586,1
0.11372723579567981,0.19015775876529184,0.4570272016666627,-1.0219644628543125,1.587136333717237,0.4891108690209364,-0.7982247123984584,0.8011063416409567,0.1985673127989786,-0.9444399452119706,1.3406802085710678,-0.3785191740595242,1.3558604706576025,0.528611925983458,-0.9252086854317635,0.2549028687978987,0.45862114693511197,0.8565642638102254,0.142541881646778,-1.5813968051803662,-1.0648592161217725,-0.8016238792952204,0.093915985408875,0.6420014331054025,-0.3210712255304725,0.005581951857543143,-0.5366909355970462,1
-0.08871794455976668,0.07122179879850798,0.15175250850098979,-0.2766809225134422,0.7958089501302087,-0.7145840988310402,-1.086407355032749,-0.9926622426359288,-0.37767914096756366,-0.9286656155450165,1.0864141077511484,1.1694846344547347,1.0260693347093968,0.601226221301799,-2.0593950788369115,0.37641946811528,0.46971874529715163,-1.0107156256367325,0.10180155686781306,-1.1770448339321111,0.48619237777165175,0.098386902952651,0.9050003686320308,0.5315971149715915,-0.13721172510452956,-0.2006385935496834,-0.514069392230698,1
1.1415008119608172,0.5165000432885873,0.3493957006241175,-0.9637221754993418,0.11892768317999426,0.43747418188338144,-0.048205199313546554,-0.5096030593925078,0.2869385351155657,-0.06629353847657425,0.16852141018246272,1.0418569526452157,-0.3738971075983624,1.356609916434542,-1.5142785321849095,0.4065042872538158,-0.1789324188047155,0.3271908410531344,0.9726116036358747,-0.3023310860471258,0.056086538404722996,0.006140211350946645,-0.13458233398817743,-0.5720024768783256,-1.4574826886541867,-0.1604239162682637,-1.1982970980595984,0
0.7468300281692913,-0.844101588675239,-0.472008507130431,0.42142374947441863,0.7346601776606613,0.439907228232119,-1.0671156385610954,-0.20567389564476085,-0.41699588966728335,0.09990913202984411,1.2166349796756943,-0.26625593396397207,0.024587736690888238,-0.23685892521519503,0.16879336830947161,0.2862515608126519,-0.02278672290973126,-0.34701916745230427,0.027860498507310056,-0.12074322750945074,-1.6233479555124046,0.06997208250260151,0.4080584315546729,-0.3654594419768829,1.0303282972760508,-0.10651158567427572,0.35450305938786963,0
-0.30616272974248954,0.002434460685539086,0.1323488488891668,-0.14053790801964727,-0.9948025113404275,0.13949063685687205,-0.08470371362702196,0.5440962872613863,1.3276715639809058,0.7204948174599255,-0.43966043920208076,1.840645729686386,-0.6063395400984692,0.190973832663949,0.3232192186256286,-1.0944136899465735,0.559907641154983,-0.41731130656242776,-0.8159291975785211,0.6384667326616643,0.6186476762250889,-0.14614431574177497,1.6642046054394632,0.3671978909708441,0.05849039373450866,-0.0628908174174072,-0.07522427412270775,1
0.6219881649216992,-0.9340468352313755,-0.11622413077459631,0.636075130884854,-1.1621283811620546,0.5745655647906814,-0.09012823074004961,0.9956916253051352,0.17031693432166395,-0.010951259025011892,0.2356564527912036,-0.8715396430544652,0.2235502708064823,0.027391910794476854,-0.4893127276808785,-0.26723713990358294,-0.5738121058712065,0.43339850184316225,0.15873072910311517,0.30915075104686557,1.156367551617395,0.33368564662843425,0.6793652349797287,0.9261576453745562,-0.4060947919621486,0.3611229067328287,1.4564806831501262,1
0.0781872832508305,0.8612975197435017,-1.5418304801539675,-0.8594607604326466,-0.638898907966856,1.671091594509265,0.6190442641460795,-0.9271111901687912,-1.942170290419212,-0.06603034930064884,0.2720635249063177,1.0108330568638575,0.3957112406113039,-0.9374987999391767,0.37492297705541844,0.10425459389089338,0.6313631268664992,-0.6531852282640901,-1.6925620125455756,0.04917921977088826,0.5768462583682007,2.5119509195724867,-0.7229522391494747,-0.2713040247234537,0.103521209523566,0.6542217709256254,2.1098381031295292,0
-1.5958255175558056,-0.25110865719810876,-0.17283510772856348,0.10490756015688624,0.3414940121549917,0.5577063771870722,-0.25584734177547996,-0.49362753666988807,0.5257096972306362,0.7181356683433409,-0.34164518637394464,0.4324223521386473,0.15384079915094412,-0.31355448018925886,0.6202747846332809,-1.083208994584512,0.6486177540217827,0.9693089876972688,1.2172438622027562,0.29767564178420364,0.2300711883693674,-0.48555101783151144,0.32263965941612555,-0.424863456079754,0.6987258155680907,-0.6799231772584281,-0.1251500446916165,0
-0.09753649241584182,-0.9182531515172584,0.6216899909236535,0.32832946943139657,-1.574692185625365,-0.7532234047495333,1.4224309171093141,0.21174934660633518,0.6454298220062432,-0.06040629497637674,-0.12861612732019004,1.087615309054352,-0.044945527522026935,1.361740456195236,0.6870048551969997,0.07131664366516008,0.1930681163870837,-0.6297416266826562,1.6536796855945097,0.29366054958608634,0.3127499195005644,0.5109184593687436,-1.1462534447517938,0.2205021539109084,-0.8877411854455635,-0.006696534724984456,0.8233105488698563,0
-1.0030566811795458,-0.1426445100181966,-0.5161562249786957,-0.46251609796797394,-0.5099669520411618,0.21362650215280177,-0.2542255788647342,-0.06042359689696831,0.1079408268628496,-0.37328629233632354,-1.0664017902843725,-0.317546336207358,0.5783250818668515,-0.6315946480138485,1.1717710368781538,-0.1493295348126912,0.7984170843122869,-0.8029032810819091,-0.7155147258945421,-0.2655413648447288,0.5909183287473747,-0.13360391141317077,0.20335968400508536,0.49762910213398764,-1.080688627833521,0.02537733125517364,-0.6151708217031927,1
0.5417111315769937,0.039311018408256314,0.40809941465468297,0.05518762609523896,1.0787731046594675,0.07489216040842271,-0.23020610485451068,0.5294024849278195,0.7757586037813313,-0.6748667267959406,1.4760259385009,0.9821006656514186,-0.4281296201575285,1.303808439827449,-0.8887497240192966,0.7830979131268014,0.23066225763694506,0.947546287448415,-0.22917054043659363,-0.8512700923152204,-1.4361532303447397,-0.27554899473251915,-0.9638196368647693,0.6019775939912319,0.7710201406424745,-0.4016531662625561,0.9565225296105252,0
-1.5743626487783406,-0.9109070259994198,-0.07234075247984054,0.19898460881490512,-0.1717714201668545,0.7925467858166753,-1.0591993202577994,-1.134906958858569,0.4778301874688673,0.6810481424337014,-1.2866292201309477,-0.08829537238767272,-0.22527536311693094,-1.0979641498925454,-0.040935090796158806,0.3364156292782905,-0.8153778777465078,-0.10184693174951352,-0.709948006280634,0.3913340665841089,-0.5763829707246088,-0.09245409638828388,-0.3572469529239823,0.8347924886334099,0.7353929819149866,-0.8598842910683863,0.671647603781143,1
0.05118586961966495,0.346478236469575,-0.11775002130224049,0.9198146384694698,-0.41499859781709275,-0.18397731994561167,-0.5614796605318857,-1.134140909951587,-0.4419070700509396,0.9157738269590199,-0.21696768504406502,-1.058617500275851,0.20712941037525065,-0.9284443506771914,-0.6172819929850465,-1.1538676673179553,-0.5029877983929791,-0.7182544866635524,0.8463301288900822,-0.40781747852126804,-0.03252776678125976,1.372606779748934,0.6522062914044029,0.9873551215668378,-0.7456293082524176,0.17567113773252277,-0.23679682364902854,1
-0.3788626434136129,-0.04779677989657415,0.23653332392976906,-0.0495227549476752,-0.20323311023656013,-0.21462700727093825,-0.9793089273550409,0.5211450119125389,0.7024912852062586,0.5775110732613171,-0.37251552858619197,1.080454188948251,-0.9100042825466421,0.2219168311472475,0.41808973545988365,-0.4675245497568202,-0.45438978939917063,-0.91249714802133,-0.36685975153644496,0.6269131817546895,-0.4126309269458253,-1.1888374207673866,0.5063490117569381,-0.0021298781259011107,0.1390589247718458,0.3116482931174149,-0.23651842721407676,0
0.11914453831105194,-0.9206091965581099,-0.8292129308644913,0.05512115511548265,-0.30361356282629204,-0.15227713589884284,-0.5423393308355066,-0.23467617909566468,-0.9730260480400792,0.4896781357339818,0.8127596797991155,-1.1200121836192412,-0.04935035260306208,-0.30864780829005106,-0.4429419180244594,-0.5218495942271183,-0.14761422308320057,0.5315017443345127,0.007661591878736814,-0.119488964257165,0.7795443266568516,0.007879521967650354,0.5727715274889857,-0.5077959741487367,0.14142446896649916,-0.9637381385120752,1.3384579031268753,1
-0.7005657460333042,-1.0866225559031923,0.2644445525049817,0.8231979549594822,-0.7233409175071953,0.0674819317053401,0.9890774758809585,-0.3488797569182918,1.0761365115463197,0.5700967989936078,0.182502799190654,1.0191460076076462,-0.37518979224304305,0.30789868472906506,1.2955897729747174,-0.1775677648466165,0.8154510457194418,0.7939335835630401,1.1600470184234704,-0.18608385592539012,-0.15690960722543643,0.0863968394356775,0.2601937551144967,-0.7380909730570293,-1.0002442283224184,-0.019310457550645043,-0.9898395541826284,0
1.0581059760196057,-0.3372267462924988,0.9976561884400944,-0.4885608785944363,0.24032093609660524,-0.755091646829395,1.1908492697028605,0.4764367845094463,-0.14324041426890646,-0.9894571782910457,-0.22821163875560846,0.8694494078533707,1.884341798956062,1.2909380916320001,-1.182807542817909,0.0697120201508449,0.5411115058226894,-1.2346481493268031,-0.21026417867086297,-1.6307055598771196,-0.4641955996469209,0.1901517664887142,-1.599469759686011,0.5930920593395074,-1.5901902103925702,0.9589326479661355,-1.1818993032401084,0
0.6057277380670878,-0.37635746094998035,-1.3667590599832027,1.339270763638623,0.3285455632011957,-0.5431281443633798,-0.55168622953408,0.8749741598780395,-0.2515135948992538,0.3378942146091458,-0.15643136941248234,-0.021691867973161777,-0.5834131103190873,0.3779520312465715,0.23156293252908253,-0.48981545800803056,0.2742593135109153,0.5129040758053073,-0.08936925231706276,-0.41570490533188353,-0.8629603842737094,-0.7510021907781775,0.46022623039088645,0.3809017552244799,-0.6370965703333622,-0.7055997457326417,-0.14195883552385788,1
-0.4650065874702255,-0.43098766701577707,0.7767429341379245,0.15226495869189913,0.1332384775572471,0.8537410206833433,-0.0940620850620335,-0.38173918731042333,1.052160441427717,-0.17390162340625653,0.4060345552065428,0.10865459783241418,-0.4899664429192063,0.08835698311608307,-0.03062171169005605,0.02138298790471344,-0.30865121701306836,0.9263355959522449,-0.10307311647527499,-0.031248987205950526,-0.1929166362848637,-0.2812719288248246,-0.8896386964765086,-0.4197245308591105,0.3955559040469581,0.2571288170077302,0.2239657940126097,0
0.4053055818021172,0.16586688326055604,-0.19078119522902107,-1.1846778051440967,-0.5731542689579265,0.014265597621427808,-0.3388904081179619,1.0588338765613463,-0.022283346004603227,0.4173326161130417,0.5868578679957487,-0.6751063186983782,-0.42297524440609763,0.5857062408175806,0.4623591833667447,-0.41103828837310263,-0.2741799924145327,0.3149495602462215,-0.2736848235647866,-0.4299863489029904,1.0798839892279688,0.4949746150492124,-0.06359663088136389,0.07697391164043245,-1.1866857638382668,-1.5166130133562055,0.14020644261125403,1
-0.8758192726870552,0.3685573664922285,1.9691589651784205,-0.09356681385389704,0.40192372811461363,0.001451099625580081,0.3051571940138302,0.3370787621949278,1.507860172422342,-1.6788425871591341,-0.4407745313269381,0.3982531567272026,-0.210031534560717,0.7204336328647173,-1.2957012783456066,-0.12682422742950644,0.10439810404106403,0.7703637328420216,0.09799686579080191,-0.9109904196653938,-0.8212371817200482,0.4139519303354748,-1.6475911090156332,-0.07014341682069143,0.20438409115657263,-0.07445632446023699,0.18073136198779552,0
-1.5803952281332971,0.38082304169922876,-0.712750024975466,-1.4489208693309312,0.5648174966368733,-0.394328629285176,0.6691679136671081,0.37797194042082105,0.5548340214094779,1.5832846025850895,-0.6305560756857997,-0.5786423330788886,-0.06382163890748163,-0.08819233764817522,-0.4205440179268262,-0.901027341698791,0.8207236274378634,1.8092184439743217,0.26894680992048936,0.6473010452258195,1.12380182329708,-1.9059765888857891,1.0945154845391758,-0.5850541612673978,1.06879347218655,-0.8045250356555512,0.8815220506327025,0
-0.6386487463223645,0.21764633422468904,0.8988475991812743,0.7028794607133201,-0.1573287150369852,0.5865631060723798,-0.25007308305987236,-0.8196969937731061,-0.6726023505450366,-0.45647749856953324,0.1057469257279646,-0.1517116691004235,0.8827137002386647,-0.7197258076987392,0.03861062986987723,0.2478424820444335,-0.09076939633083916,-0.0156416819456571,0.1793410552288461,0.026627969800769383,-0.842067696388361,-0.5076234814784505,0.4444665624466783,-0.6407287208303677,-1.5382786469549836,-0.6742827870155653,0.1144530678954441,1
0.9095276510629781,0.08118966361042904,1.3585573293674764,0.8663519019180351,0.018647570952411343,0.3342670499715404,1.000320982298575,1.0518111360201283,1.4391620047933524,0.2984169763895289,-0.0589369478135586,0.23651152807598624,1.4666999883748846,1.1946328987256505,-0.4904670815388644,0.689019574726547,-0.8784391333822325,-1.7344354569296423,0.8369633893185161,0.7382399805071407,-2.0219387260051542,0.10206193328717515,0.466967439559923,1.6635027131208548,-0.553851244259312,-0.9345086011304862,-0.6217189196060007,1
-0.2064735740304636,0.16739936298499378,0.031692109932168075,-0.8824766154916107,-0.18288086443326088,-0.3136239455726946,0.1600443870398293,-0.628564388913013,0.20985823067740517,0.9020002932461256,0.2716743853756181,-0.7294544084903731,-0.5341447948802336,0.5124904412926303,0.049760950450047095,0.4195776234785074,0.3402247485272291,0.10026120196780253,0.7635250997645542,0.06929056210300769,0.6524069390939502,0.19489833878932136,-0.9585591286341549,0.5165095591170141,-0.09330601128267352,-1.345645565426397,1.231425252408425,1
-0.18284754152413377,0.6061116189009311,-0.45467239868936093,-1.4238435195194248,-0.5364011619790231,0.2822606786074194,-0.5040403875316911,-1.0754816409392063,1.0181815184825034,-0.8766779655215593,-1.4439679985014846,0.4951247387030223,1.1950802393560422,0.2085013824781354,-1.7901401020390213,-1.8768797956369307,-0.7852104522358265,0.0008606872933354531,-0.31106746280926667,0.5765185972863354,0.2879635170175533,0.758287327712761,0.11441642918737484,0.47281990277730185,1.0643801550500547,-1.2443908240930217,0.9355766347476211,0
-0.06506649192335433,-0.34002730314896,-0.6390475526185821,-0.08438336807332872,-0.2751657056477758,0.2404577071614384,0.07696500886695358,-1.6454497284892846,0.0821244746788911,-0.08632443407483702,0.16621931019207098,0.3721644859224095,0.8442593433679078,0.044576168782737714,-0.07104654062900506,-0.4749225625045415,-1.2634412400564021,0.640436885717165,-0.06232168581592223,-0.2383467102797423,0.8814788945435783,0.6049799015622673,-0.9084881410457744,-0.35459593641969495,-0.20960884914041683,-0.2854553034007728,-0.7656533992730188,1
0.336379539786352,-0.03582683340358097,0.37386168615702836,0.5538923055914555,0.39079343198536187,-0.761408730503574,-0.5241282144500082,-0.44966346589167355,0.3988992181724337,0.3845296059647994,-0.1872460800180453,-0.3992529454478772,0.274610373187794,0.23067291100338697,-0.7171237556021524,-0.2774130053512888,-0.26265835150807265,-1.4123120794528086,0.6377437921268153,-0.48542347409410036,-1.0904548390273299,0.5565900553175928,-0.013223031159150382,0.6032959099373392,-0.41926507499564597,-0.5905347515146101,-0.803843592175268,1
-0.7819294882844686,-0.7178318706665721,1.268025681137414,0.8835098462948721,-1.5685948267334402,-0.2293555049169295,0.705691723210832,0.46153991695571883,1.265912351014812,0.19287403679247234,-0.9832697799918717,-0.31808364310668125,-0.3497338356742269,-0.02406959359001209,1.229912322498249,0.3381330596644809,-0.780750615020595,-2.2520717364052483,-0.1574235245826184,0.7806411897322449,-1.123267626581542,0.9064049148331816,-0.2103743602852405,1.2865998844726045,-0.24920567979256525,-0.8607290094691217,0.0787187802221302,1
0.8573059494961487,-0.6430889101852961,-0.22681426811025343,0.5228536951793435,-0.1266696838580174,0.337719483345559,-0.36479186846824535,1.1962044948365327,0.09548268926053535,0.11197636468083295,0.7698406169065853,-1.0382102464956164,0.18305552673346998,0.049943473510710636,0.10321955110100535,-0.6586575095932617,0.010321569142362534,0.17704210444829444,-0.44638448252903346,-0.07043823634274937,0.406328905034469,0.004962665933154068,0.44444245734175686,0.6005672650426404,0.34141925399624706,-0.1288156769861058,0.8315283085968401,1
0.7085989283588351,-0.16663927637743015,0.09003685289711923,-0.463605764371758,0.08233013789512725,-1.132958394163411,-0.5791182795280159,-1.024710061941405,0.23803185299574028,1.4647194058599644,-0.24023534538252767,-0.4429793902312275,0.4450471863551765,-0.6172230783664586,-0.3592401186353355,0.4142302896677714,-1.0045733597109723,0.010618760765901228,-0.18854513951381152,0.3068464871134798,0.17390804783067038,-0.3360545630161304,-0.11328405435521345,-0.3720414265308876,0.08356412254605168,0.5193094587629189,0.4987641824024742,0
0.14957289491215212,-0.13180066141338107,-0.4028146987116881,-0.35380254965542207,0.5082810650245361,-0.11106869948159102,-1.2054290596026551,0.5896777943981093,-0.6716462525778284,0.18502238029195112,0.1413783450253047,-0.4235062937414509,0.20404885896193042,-0.11828275300147222,-0.7838620006989393,-0.8614129531590067,0.18696109491389215,0.23102463819729593,0.812523624184718,-1.327861513321491,0.16376570226988502,0.13728538539384033,0.3584961667342881,0.47009741634283647,-0.7624847248995107,1.001408860015927,-0.6355625675656357,0
-0.8428011803274569,-0.8857952525779044,-0.18987322918523106,-0.1903329087932661,-0.8488044284309268,-0.675648777459906,1.2218907439613576,-0.19705287705187272,-0.5679870734316812,0.5803823140335348,-0.13604208925784905,0.26383159257128513,0.5399848272602895,-0.06651695940864262,0.030354059385503708,-0.8900359970484024,0.5486015756422838,0.174417191247825,0.3018697731435983,-0.38393526199114486,0.8284510299293042,-0.12898685456352507,0.3112622754278752,-0.2521482332948841,-0.33916336918489376,0.28249651857317715,0.1570366003829291,1
1.0453114640337646,0.26122787524323177,-0.23688196642146161,-0.47986573872639393,0.45339133087978356,0.16554595112147846,-0.390015838348518,-0.33112304460164343,1.1209271548959083,1.0903172651611721,0.1995977400038153,-1.1822915773076343,-0.8410553119137586,-0.22530913880022593,-1.156545296534393,0.022234934874586325,-0.8268618612969106,-0.12125101264341996,-0.11571626559258466,0.32575668195869223,0.1512331838194115,0.5945985956115784,0.36027988076525813,-0.9384173527457569,0.33590359437353884,1.4265916137888837,-0.17130172787899917,0
-0.9241869879660447,-0.10982152762872274,0.10846004246717258,0.06041793190207826,-1.0575469186227793,-1.4103731134928346,-0.8576340224218746,0.3421937228356296,0.0392958036595451,-0.8143116776443565,-0.23514080747307636,0.4491800423307457,-0.5508090985557141,-1.3942523102951685,1.1026025107522575,0.29250525387797954,0.7893108372839434,1.0222538881548267,-0.736241728814189,-1.6649587418956513,-0.455702601663713,1.510553858505828,1.434024638534786,0.7444415734812684,-0.7143253726169383,0.6328991087217075,0.06101674443028809,1
0.30374682139509285,-0.016776837760582454,-0.4810227262171361,0.22571790639008302,0.17085071637342644,0.6646009340784079,0.32409336056090277,0.3980761469339538,-0.1487595768917837,0.47045227825498376,0.9766909657539738,-0.1593770134560084,0.6223894345767146,0.1891962542822623,-0.07626031980067653,-0.5130077439000768,0.03627804708125962,0.9327137137502454,0.25863581211832914,-0.2528808314462407,0.48379286108117453,0.12026007419553206,0.17101877570405633,0.13318199453500235,-0.3377129910038578,0.07502934718936756,0.48967804102084345,1
1.0307619778106532,-0.2327718652681785,-0.09268177990847086,-0.4280190840046272,1.0929250791422904,-1.6703663652796559,0.2760355616525567,0.6271644280651353,0.04861002800953941,0.09309226681905758,0.3305606154242878,0.8500654011726324,1.3500290879699577,0.9573661207892207,-1.0116789679460656,0.2034238946716045,0.2500692509910031,-0.9887460036655948,-0.6660611891270225,-1.725328166443086,-0.21175715461519304,0.18813377246891627,-1.528889205277416,0.619456879184234,-0.4413021978695796,1.5235238904737227,-0.4187830831354572,0
-0.3232222627325741,0.8913662850011267,-0.12644558603232445,0.07586658031863755,0.18996247067810582,0.07443235752382286,-0.2137441316885631,0.012655096321285456,0.09262822120427426,1.3684824187742992,-0.9770403747180445,0.3459952156126418,0.023474390725702777,-0.7517615405595662,-0.30346021443056115,0.17713350816034462,1.0257149266083223,1.1350739587071241,0.316642013779159,-0.3177309388407308,0.026022910024212687,0.8565777757035618,-0.18309277158683449,0.5374216106847701,-1.0598985236154168,-0.04603312519732926,1.7590335111945143,1
0.3277227263709299,0.002455850622669897,-0.2563335342381714,0.11648700101526989,-0.8664828140118064,-0.5373170164317276,1.0846470253470637,-0.3399913781626857,-0.1327661961237715,-0.77700443543847,0.08008445100471089,0.22449157887713891,-0.10611916477844267,0.7894882238297761,-0.26383128439139736,0.6880763221196285,-1.5519749771689118,-0.9285102581790287,-0.2385255395966412,1.2458759532764851,0.31671978730503575,0.35690738227792584,0.3710518434080446,-0.7671430181645021,0.8981134815406662,-0.8835889101901219,-0.2922929684389004,0
-1.829685572431275,-1.3134758900288195,-0.9848707239627318,0.3061279315491102,0.18084684118604746,1.232737744184934,-0.9339720117045769,-1.1936135889927513,1.2443106731317402,0.009023940613506684,0.009116871341557671,0.5354047427663933,-0.07019096758982635,-0.3184482361904002,-0.5345893352468367,0.5892476339486247,-0.07510392122011035,-1.3168674343665456,-1.61117081507797,0.31906345579829104,0.20516547268700766,-0.21277206534780596,0.012224350448197002,-0.033624448644198196,0.23982640811125483,-0.41142651965725313,0.9997915423862447,1
-1.4119670983039923,-0.06639024018076554,0.4542629709987002,0.6564528853261155,-0.8276567904282937,1.33792208738951,0.909860162824293,-0.5187527832037917,0.08321365200296288,0.17628771429795287,-0.9391778894415914,-1.375457483669286,0.35268622833138924,-1.3753098628687594,0.7391754424794726,-0.2359635077958219,0.06909076062180182,-0.3645528258459981,0.708386482411653,0.7524232803166937,2.279627101187243,0.049290702031287825,0.506172009538654,-0.611542482285862,-0.8569439821269118,2.5699761111856314,-1.1930796735188367,0
-0.941561192299586,0.25787698559427996,-0.44478120395952053,1.1757494853151,0.1811839062077652,0.43896345340347204,-0.43740863933395807,0.2295956146859814,-0.7213522328123118,-0.24977652034775438,0.0980931449800911,0.8247970317886305,0.19587186810210838,-0.3715720705116926,0.3865295796155152,0.354733385080266,0.44363270832132173,-0.42935943639988156,0.14746570608305432,-0.2251983587189115,-0.04314059709501082,0.769702503737069,-0.07576127420363168,0.5909334987362461,-0.2379726983472428,0.1483490214678601,0.8804561209077811,0
0.49775908432069077,-0.12007490414343831,-0.44079457230816227,0.930528608486348,-0.011988182955465214,0.11896328339046443,0.7720958107282615,0.3926740190367858,0.22619506973062667,0.5253741709209442,-0.5016163384477499,0.32817194713040343,0.8351918714968576,0.33806721971520776,0.7248299614803776,-0.619714613264396,0.816098093304319,-0.07220363378092494,0.6968396316875204,0.6496214079872562,0.5933155407121377,0.05592936419079216,-0.3176784227517202,-0.10548972991246597,0.002046571204999718,-0.11726104057706395,0.34398941010029543,0
0.9297454957437484,-0.1542188276121763,-0.10155212997587135,-0.7649002896937017,-1.0369896046875355,-0.41591415986581853,0.3686697837105362,0.9377066676808612,0.48710731065459095,-0.4810088251454243,1.4783292373659045,-0.17630504851560802,1.0423426525216746,0.5123538638791816,0.03931352631566204,-0.95669372444034,-0.7930485561170121,-1.118882926556046,0.8898369554189791,1.1299596176078215,0.5905949815342382,1.1369748158932194,2.193295268702074,-1.6607184535828239,0.660922522312758,0.32684471587434955,0.5812119396963356,1
-0.04737313084070704,-0.8605340767008627,-0.7135501351524155,1.7076231979003373,0.39454379635999753,0.1891725700780412,-1.1360675667309972,0.32757037943995226,-1.7467416639709872,1.292496680514651,-1.9480439808647505,-0.25254278958889165,-0.24254105937656212,-0.6640528913213929,-0.6343835435730112,0.5950046641747608,-0.1832509773452412,0.22327595877960896,0.542215978266075,-0.21805518546021024,-1.3761521121277591,-0.8635727947449385,-0.8835731160945163,2.117416389912538,-0.42541103834636146,-0.36561542831148963,1.1904173139956724,1
0.018786416784254193,-0.400635125254072,0.8859989928187708,0.0937954542884381,-0.037453468781074806,0.6891306946440225,-0.40595875674521587,0.710737622578622,-0.2675038242919372,-0.45061139807586603,-0.3413819333161534,0.7217958875390829,0.3552712422650851,0.36494421340309957,-0.44202391692195764,0.4029506473534494,-0.10182991548209591,-0.423595272812283,0.22215964447695644,0.49313388404683417,0.07963154368987133,-1.1897606431069363,0.22804166086234806,0.07627331815641349,-0.08609166142031767,0.29516731138916485,-0.09520293606117372,0
0.16287686417655028,0.5445792292022318,0.6464750053601022,0.671760740498122,0.9016583266186834,0.9927485716366891,1.0503581219449822,2.23203535545732,0.1678208726117991,-0.3549823330145639,-1.180414810409794,-0.21467105834541214,0.21402754761510392,-0.07590734606498976,0.15395817229469672,-0.8239625367559265,0.6484084194276273,0.9316010481631782,-1.602614562296824,0.12011786832923048,0.424792154993887,-0.852439397485779,-1.8338530098992407,-0.13185340395240805,0.93067583527438,1.489539959794469,0.5426098548256365,0
-0.6538824189424155,0.6989160345315564,-0.5248954347950303,-0.22796326551006732,0.4323804622904691,0.5791373824748466,0.15948452940265415,0.32241475016238924,-0.5477856839615466,0.7742933871670781,0.25429281896087297,0.9465599820003017,0.6955854263241716,-0.015427224979662521,0.4883705914782984,0.09126570230209458,0.20333155935867223,0.44888009130510365,1.0647068283704975,0.1991698524662991,-0.245792529185347,0.344292347620598,0.6092953007630315,-0.17209852706791828,-0.2276686145969883,-0.43701151981414443,0.10104405732303402,0
0.2110500909560719,0.637070820675974,-1.386411810760631,-0.18021170202576176,0.9290162915610668,0.7605622133959367,0.7506177397845295,0.466510373168148,-1.2906181612229164,-1.184704677564089,2.024524390355512,-0.941696579093354,0.39788516359029374,0.9422093812891451,-0.5397130166034703,-0.2547786446499687,0.2741092517349741,-0.40008442805850175,-0.13507531129567046,-0.5758955487779066,-0.1106372891880674,-0.5272992043867868,-0.4944464444874457,-0.309601394749885,-0.06376068502507691,0.8537919651241666,0.4950518583786255,0
0.018999189046481478,0.23452611870099155,0.4042231318051257,1.4705119236472808,-0.9092366125837816,-0.9317357842489515,1.8920496516536536,-0.5075678072210527,-0.8063560497654846,0.43759880427060005,0.07323923239406091,0.8018578061403854,0.226852560694361,0.23450190557323264,-0.916971995319874,-1.85931780550975,0.5087336625604527,-0.468733312252867,0.5102511398510299,0.03612511378615475,0.21170033679781305,-0.4123213350876762,1.3787870315234536,-0.06374430278957834,-0.4523356384789751,0.7633888877479843,-0.6327116741065225,1
-0.791970459220412,0.734108945893827,-0.12319281609732048,0.8360465961427235,-0.47156136446902625,-0.7338881689007577,-0.6938593128037389,-1.452233624584561,-0.8510541566919783,-0.33983261793417086,-0.5987385444422179,-0.7955552016236966,0.1291710207071854,-1.252744851502045,0.605298371055826,-0.7188564893434971,-0.4312257062148743,0.031098756464476546,-0.10967230928662114,-0.044961637914716454,-1.2232048409421163,-0.5696972019595223,0.7893259923785529,-0.10804720155810961,-0.9966070616774548,-0.9146108879174906,-0.2049503404305358,1
-0.03042777433513123,0.9762047232038673,0.9739044894981922,-0.5267838387389251,0.8966147592410145,-0.2362770186995461,-0.08593035307419664,0.34993208182415303,-0.2216123812872363,0.10997595793839648,0.1752150787310193,-0.6810162688056661,0.7374899880427882,-0.0866905289628104,-0.9987672027237235,0.21265255958158527,0.39198464868964433,-0.622900141034307,-0.18535020303484845,-0.5305160002170788,-0.6214367762641387,0.9649915802126943,-0.41938761588420065,0.2532400832518742,0.16109854676097635,-1.1513371596471054,0.9253637005943622,1
1.4086066227585368,0.3724569261585605,0.816580774781597,0.540882880063719,0.8384965305957689,0.13805385278654178,0.09467706481841723,0.4258532053311187,1.288903945713076,0.9391426950586599,-0.26752734777248727,0.12374973283564719,0.7944747519129908,1.2523024722255844,-1.6640274599139195,-0.00816800360986772,0.573503031412198,-1.1592479778644473,1.4663778273593522,0.3511833493439693,-0.2669913789334469,-0.24723592035105346,-0.3613558039648598,0.786147765708402,-0.8219110767716704,0.30118903205701353,0.29834136995935207,1
-0.32608458044954536,1.0347988809399387,0.8670287801401759,-1.794153096777806,1.6733964457342516,-0.8165698734312212,-0.4069642961558234,-1.4889431669496418,-0.7115242036894641,-0.1611358225676052,0.4532369470216101,0.43237858716671235,-0.2756552858479101,0.244646500544286,-2.016152497839989,0.3659490647253651,1.3636358364972474,-0.6495987971476113,0.15408869443345816,-2.7180030738925574,-1.9146448201254829,1.1555340271940435,-0.7102720697284688,-0.053269055293796,-0.6514176980109575,-0.35781045227284114,-1.7502968559130123,1
0.12334207765779857,-1.1912749482809826,-0.7124071035828269,0.7488222210313892,0.05089237611407656,-0.3293848966949602,-0.13485259696633173,0.41208469437667256,0.09362534139773425,-0.14336235631486594,-0.5454029294689411,-1.5661334445446322,-1.4439314991048917,0.1542372653616041,0.250596491801313,0.3862105497296244,0.45580394900235693,0.03230719189616225,0.2979342226587803,0.2950568473880565,-0.8107182309115764,-0.21725232344075335,-0.6064694736883119,-0.8161026563968717,0.689033039015899,-0.8243580322597386,0.9326844520557275,1
0.7385160788917173,0.050856731473048145,-0.21960052255683774,0.25158828231266944,1.0568883147823243,-0.231297459169739,-1.1547205499836035,0.6919792982750718,-0.38299561361361506,0.49235120751800604,-1.0240024977293627,-0.5820305900086756,0.19926777767530135,-0.31794527601326733,-0.3975739420870062,-0.5384372714372032,0.9206568157304792,0.33675770152953993,-0.4662369725923325,-1.6691133674439267,-0.948256108102443,-0.28553058927759506,-0.4212236921292039,1.3856866887334665,-1.1139860444579062,-0.1223945530614829,-1.0612266980512917,1
-0.5779282616628134,0.5401552903227705,-0.05845459462979575,1.3876058825601136,0.9484181318682704,0.41914869051467873,1.4019551444727194,0.09446681343144918,1.1409278318214724,-0.8054946827644682,0.8848305569939346,0.5700895668171811,0.04471660070490587,1.0490207439841468,-0.8568216940005875,1.0163867732162837,-1.5117846470026786,-0.7496263846088567,0.028365855332260125,0.49398771171112976,-2.1398326361399977,1.3210381770015907,-0.707630758769055,-0.18818637756140066,1.503353759016979,-0.5960728666449924,0.10108271868697481,0
-0.3664283809485603,1.3441486509503604,-0.906648717238446,-0.5121659948183989,0.6892967313215413,0.3032684136296509,0.4296900352513464,-0.06830238115813897,0.31310438481753256,-1.3399555337645228,1.3843916068774145,-1.2817449053600771,-0.22894892749195755,0.7954538587306024,-0.4017039898462567,-1.0103019560927893,0.7709583187254505,-1.1592786392892567,-0.20720825664709042,-0.8673894698625432,-1.3457996650243529,-0.8838672167942336,-0.4635678875502336,0.8353497326060144,-0.535651953544015,1.623632262159158,0.32678491722003483,0
-0.32510388598900974,-0.15335885387951317,-0.43808375242218695,-0.20553645747833404,-0.4780980006599929,1.0006824852150058,0.38191954370279824,0.49868551136813366,-0.6250596492251219,-0.47496743299838706,0.8019035548476356,0.5296366372133745,-0.8608210579071889,0.506923106451483,1.1062841312740446,0.4984847376395316,0.37940505130748414,0.7145392807083534,0.8946066299497304,-0.01370704434814053,-0.20544346818045822,0.07844227178655165,-0.033872344582805754,0.33972797103436664,0.20931773993242764,0.2696093402203363,0.09733624683329972,0
0.001648628789674188,0.268077192972614,-0.4465979958592377,-0.8733406154088955,-0.29587602966075716,0.2169522494817687,0.7311291691313536,0.7161953479600534,0.6068934769567899,0.590503254154052,0.8741637122082514,0.8605163980036973,-1.0889991752033892,1.3118790500327029,0.5140063096442034,0.39729551416879555,0.5868126639991901,1.1984813354099806,0.849880199681031,1.0085963153277706,0.39841195898086124,-1.3084409208719148,1.5276258814909047,-0.9866063823486395,-0.07355342702033425,-1.346611813549025,0.022452720669242116,0
0.7255806644556241,-0.48786490968830465,-0.34722874005678905,0.26937937471205925,-1.0595118766154388,-1.5976013123653234,-1.1721572344879807,-1.121015433326742,-1.1450356674785236,-0.18869357958364621,-0.9669905888109122,-0.32499483624024594,-0.019708619952552513,-0.8862498414100062,0.39177822197091283,-0.8319149392992868,-0.7410554518367375,-0.5743051943218686,-0.7300438915166901,0.4381074445067549,1.2051317862693887,-0.8121370941228216,0.7017607943726182,-0.8009452633361772,0.009614143340755641,0.11979225884434472,-0.6040124269497232,0
0.13794457741317062,-0.35126166855978697,1.087140305435937,0.08004042569141442,-0.9704423607422784,-0.6666262753035563,0.26875609553945984,-0.1758151335981025,0.1616126338762151,-0.6806795232646246,-1.0181638466496612,-0.2687483568207552,-1.0280004682948227,-0.006434721921422126,0.39224841600142063,0.6835473783776871,-1.0058028626997009,-1.905547706715517,-0.13650370821658564,1.8487160112615677,-0.04271891869637035,-0.21060196717881635,0.8871682699501987,-2.507632680978914,0.7672417093707014,-0.5820859007893855,-1.2805525906151418,0
-0.4477314547361569,1.596925905221948,-0.277097278101906,0.7203325790526586,2.269417837111503,1.0055466297142133,-0.3192174658561988,-0.5214726124773573,1.1526079231859536,0.9009974879335317,-0.997583222112645,0.91661029488706,0.13156377435717223,-0.06330891152937519,-0.24480566935733614,1.7350475898976667,0.6582139249392233,-0.41419518565409186,-0.6422626123893103,1.0800102401958063,-0.3227906705546182,-1.1547410734556023,-0.6130467558866205,0.260094941305142,0.7006601937352143,0.19738970904297362,-0.2308507302653406,1
0.32040730007910395,0.04872904363588633,-0.11155892885727318,-0.7752608233118715,-0.38660707760104823,-1.6559274150568488,-1.236308474074689,-0.14340975611977744,-0.2512463521640753,0.7846399005217904,-1.1219671804558957,-0.25303131771413667,0.21157427196607945,-0.7894835169969953,0.6958909015204633,-1.2404336015375974,0.05456164189512843,-0.8404199415946016,-1.039127367877723,-0.11669720939947681,-1.3499630551896449,-0.8343783508893267,0.44144846593129133,0.16028567978560856,-0.2546907450163488,-0.8734005003099373,0.4528924128445388,0
-0.7270812071709329,-0.484997600887735,-0.6478329517730937,-0.22233493308199154,0.8127203791384082,1.0157247502404934,-1.2093124449687878,0.8302499972265485,-1.2152270465926385,0.8522803781715427,-1.5794211320334768,-1.077323118530388,-0.9244330010786145,-0.6707022489398102,-0.42030365457822283,0.9653123195537939,0.019910579894610633,0.05847104619610259,-0.23326859691982102,-0.6981354309546771,-0.6979920260326082,-1.5997980979897817,-1.0713530397931588,1.3592053641372848,-0.9478778180728914,1.3946569209072255,-0.02448163788338174,1
-0.346549429367604,-0.3013564160949725,-0.42828846808436943,0.5242488189288765,-0.9348966896362909,-0.4400539495426204,-0.19769902953696436,-0.7029190820616453,1.6736329370267913,-0.5418572533782343,1.1890485941184723,1.4898868574650606,-0.33016425011116685,1.176513604660044,-0.37731983424022225,-0.5242923717481137,-0.7621346529639977,-0.5284148292993743,1.0967441672106009,0.2718148795202945,-1.084251817019591,-0.16204704138297743,1.545992335562317,-0.26979710555518377,-1.017932316390397,-0.04678453313979673,-0.06479097935778962,0
-0.6649677650951016,-0.2504759899315561,0.4233969446154416,-0.17463129739716554,0.1354602086294651,-0.46140900392690026,1.1222006399516622,1.5476968911750029,0.007620477335551,0.35586477705497055,1.226118402649286,0.7645848305956454,-0.6899887385610256,1.3773494902053307,-0.3310524273219666,0.19007780783708428,-0.16376315454042875,0.6257497700835521,-0.11026598753014612,-1.360876436808201,0.8279026102573686,-0.2966508747106703,-0.6428148544723048,1.0516031467506917,-0.36203959980040623,0.34182119151367274,-0.7843216763362639,0
-0.36191550693456476,0.467452496080274,1.0634091777852315,-0.9794826886852586,0.4283984291811318,0.23188223763514418,-0.3306176072519213,-0.6817960136812959,-0.1885770018003125,0.1365496173136757,-0.6364990193277511,-0.3761146186282376,0.809206528252753,-0.5877355001875388,-0.5540560386781185,-0.17094659214375477,1.5246163048537729,0.5330139890640511,1.1086432105599084,-0.009668882634027372,0.8929839314735938,0.5015641766260185,-0.048902060124747224,-0.6451372956828084,0.3789145650699909,-0.6427916965608612,0.7231812453429538,1
-0.7364510314299987,-0.18559405483747068,-0.6922094290815921,-0.06311673030852756,0.26000595518729464,-0.3870354277313197,1.3479560921342577,1.268966051160472,-0.4658775380711151,-0.9230379183139199,0.19630073140125479,-0.38510350732271076,-0.7067160069801869,0.7483696268118935,0.234183155121743,0.8359704247002181,1.0991191867908678,-0.6199998904902053,-0.13877455404227,-0.14662000000075096,0.5506840451314117,0.10093584454789678,0.17194122432975176,-0.12669040978198837,1.1733879948450958,0.13265751964461217,-0.34486710315785796,0
0.2077794358862104,-1.019504121911938,0.5958640233829342,1.3814655798771283,-1.049566675025095,0.8673639792048151,0.8323965221360966,-0.20462111523114926,1.7982988496809988,-0.8104409789814518,-1.6385287915512554,0.9379669608290208,0.6201543664312688,0.3811518413168949,-0.9174445827562956,-0.7404871065514641,0.5580785778806834,-0.625238065331506,0.6135225193705285,0.2483461136238328,-0.18060390576051105,1.0335581741600997,0.03720647356739796,1.1722036469013082,-0.1783710424560467,1.012435842552043,-0.3353517403934286,1
-1.4119624341134143,0.3118654153309423,-1.165794588737666,0.32916953244459113,0.3672456376014133,-0.28503869031159657,-0.385209453207847,-0.7230540195523296,-0.20420007987510824,1.4245793388273102,-1.1688682870861615,0.8939923226607898,0.5942533307107192,-0.11072506104639042,-0.018475574602278236,0.018223501673329427,-1.1634307943095896,-0.05672086470505434,-0.190565031480588,0.11550977404988662,0.7276961626212017,-0.05746108498268604,-0.38647332921599414,0.04637372660404012,-1.1610115877287608,-1.8826052429393663,-0.6737821618382458,1
-0.0030980301574006354,-0.39504658688465344,1.3699228912896806,-0.44435254441241,-0.952442152526029,-0.9189612527607762,-0.38177644550481415,-0.5891316988327983,0.21286827363263175,-0.0446392640481772,0.03303808887749748,0.8881514341409893,0.15153803437140043,-0.16253513252595375,0.17333476406093568,-0.5338175269142675,1.1102560103712595,-0.17882305013916366,0.23364872704385334,-0.8606318904452936,0.8851298010411023,0.9658814562774742,-0.0036262179208418803,0.3645024910684704,-0.4166628193600538,-0.15397131981892279,0.23740775131582534,0
0.3168319225745765,0.41916036221922404,0.3029237118560676,0.35711709383449214,1.7228938560384797,0.43968293159819466,-0.27891286122513126,0.16083967222422188,-1.0751139896500541,0.15339835605649185,0.02154243325476785,-1.5631927500868874,0.4626746479683602,-1.0520395660718325,-1.2074997384042423,-0.11714130270017586,-0.3611390063595483,0.4783856425578511,-1.3853008739196955,-1.14817774124578,-0.4504835097758659,0.06877420127776694,-0.5378891620486222,-0.2195471410552327,0.6325316018914008,0.7302175230486655,-1.047412887829076,0
-0.128921513888433,1.2379067065499771,0.42590732904313716,-0.7690812638381749,-0.504132430747719,0.413322546593344,-0.6185730187837201,1.040960901884328,0.31212530910621283,-0.8378223854547553,-0.008037110910407864,-0.17377539740200643,-0.9767197736279978,-0.08088292165754037,0.8610974035736494,-1.3744850823453763,-0.28758332779051676,-0.4776198485369403,-1.7993897750112788,-0.14144933218597838,-0.3024635491425141,-0.5992597323872895,0.49213434254140587,-0.17509027175365316,-0.8034858755677637,-0.023299977604448196,-0.9216416605806547,0
-0.6948827432880388,1.2149503268893138,-1.9926580313694282,0.3514958258930607,1.7823443157756604,1.4814946617058418,0.07866593362248908,1.8013426258549308,0.4026690283149318,0.4201100376516829,0.9101728041995535,-2.5568473664240785,0.18616599951408988,-0.8696784349625263,0.05967338818412047,-0.1630795415435298,-0.09365558596232208,-0.12630447685141236,-1.757576459459781,-0.6106751373330378,-0.09729461933731903,-0.21040327947423318,0.2513115936767131,-0.20551169308863612,-0.9992105188287039,2.454522845723058,0.22972896004795584,0
-1.2205015624212738,-0.15810904822432714,-0.5194494224480015,-0.4405696555141897,-0.23259062491487373,0.05946727101356372,0.511513381732563,0.171736842008719,-0.5245986849827406,-0.4542253781520075,0.29689483332221844,0.021995514755524786,-0.9277594439914292,0.09424813441249778,0.23761066781207488,0.5920328671975332,0.24757571744280277,0.031255402413674534,-0.38958579943422683,-0.879047263062133,0.7211559559574867,-0.10936694462552372,0.30535861705567474,0.6013652045120907,-0.11411382618244302,0.9247179874480529,-1.2619208822554577,0
0.32897384812297287,1.2423078220348975,0.6629608381857659,0.45593485382655596,0.10004608622672825,1.162980159201706,-0.016206052543907223,0.03946709672511393,0.4582059237224954,-0.44037976359699166,-0.2125121074914823,-0.24738264447352898,-0.3392196831406547,-0.40228001074830444,1.0311283784090288,1.368633974722782,0.06751367121407843,1.0293804269164801,0.9290918957984948,1.2919672467190055,0.011693171689741653,0.3544429039823222,-0.5554773635912966,-0.08004026554977135,0.7077448802072902,0.7239042432958387,1.1348852662761035,0
0.20677101398166284,0.3201999340073111,1.1976505279257748,-1.068322555537113,-0.73328034730921,-1.5017902302193478,0.6133587999123626,0.7865048594533959,-0.5943261514536541,0.10136066802978223,-0.024911310056188296,0.23540411396751626,0.2197124545427258,0.5111302644397779,-0.11740525635794638,-0.6701456945491208,-0.5676533768699973,0.3175096425015047,0.6434052288216737,-0.32999626771754587,0.8801891998371586,-0.23896287184901996,0.11624693666807318,-1.036422028598501,-0.8324927142400826,-0.007468662057856105,-0.7543439181059477,1
0.34495768209446065,-0.43244159982958863,-0.5321600457717925,-0.35095192447810863,-0.9089373690390864,0.9855877176402028,-0.8614336483016914,-0.6211312933661907,-0.001368676960131041,-1.2559521482381741,0.3220469483501929,-0.5601576237299755,0.14801878665202314,-0.4107177087996759,0.991822843724413,0.07612414079229282,-0.9399135322170931,-0.12816048425637885,-0.2465028483543455,0.800560511778961,-0.2118755214848972,-0.17615171745211938,0.5255009835256047,-0.46923880391985257,0.22779785355798082,0.251172325548181,0.09211528286113775,0
0.7846333776853407,0.4586144986624999,0.18768551231635808,0.48717072032394415,-0.2721193631413922,-0.18834432988093736,-0.39573846933552437,-0.261511646895474,0.8978062043513134,0.3886890290428057,-0.7662491679845321,-0.7283157634714906,0.6963736157703575,-0.3760029444471788,0.10638413480859593,-0.44132263693778573,-1.1327691643414695,-0.3459262742958703,0.5749203134410664,0.4861789664501414,-0.18312236411036825,1.4459793725328869,-0.36283309812535686,0.40807266864114855,-0.027830290062973415,-0.13325602222229735,0.1560812356800704,1
0.09549634335429476,0.13938268672569337,1.0932233971861842,0.20539903251605265,0.5417028321224934,-0.7359189678084701,0.9229346207277556,1.608279163512962,0.8600532782550022,-0.5843689955512459,-0.1722423350244648,-0.19277520590169892,-0.5608404105123177,0.9493446776348194,-1.131251380097023,0.7001282522219445,0.6913469300084708,0.9761835215698669,0.28102488899234,-0.4011429795234816,0.8000704549196688,-0.7939487687527886,0.2847971174145751,0.05681314592231536,0.3648806638326773,0.6847427799945297,-0.708605014752609,0
-0.42538658952160263,0.03415823697008925,1.3445846380883557,0.6751337107098982,-0.5414528788143684,-0.017154074214864083,-0.31053466451540435,0.2968056161905609,0.32041433284971976,0.4245812063867522,-0.7398605455280504,1.4672562599887007,0.5034903778167786,-0.6259917107303199,0.7536813891611458,0.7219721353136639,0.4113459776825283,0.8746406505092421,-1.092158935612193,-0.6329049335840161,0.8498248744300055,-0.11076132887330088,-0.3273421639796055,1.6576440828636303,-1.247959130424382,0.006104350943489235,0.11561318366527903,1
0.3595352673788114,1.3878036860271223,-2.351172254759451,-0.5893719363354483,0.6205255278498719,-0.34849054542154095,0.14198592596483867,0.3912110511773174,-0.49528022222143164,-2.1470647719478464,0.7085463463932639,-1.0694109589983694,-0.20492594432996153,0.9742945501020992,-0.02121851197120222,0.22114237336604645,-0.012778830336980126,-0.9374885603544316,-0.10319455273786159,0.19662037848754482,-1.2441318649960806,-0.582086840546609,0.866504654980972,-0.40475668999303704,0.267939780388502,0.07254399061593392,-0.3344171970103443,0
0.7896651970721704,-0.4356306733985251,-0.003192091476555289,-1.0316942051505338,-0.7141183503879737,0.5502747581426438,-0.7519592389496415,1.2035691606047652,0.2772811448734534,-0.6089561839790392,1.382597079300455,0.17023418120545586,-1.5756627165682167,0.9611195530278772,0.21480247752067397,-0.8883328994696511,-1.38458529117389,-0.814262950277326,-1.6148083736940846,-0.7418028546194742,-0.3450537629156338,0.4283038799823594,-0.04516442418246822,-0.5442274986117773,-0.6386169756980852,-0.13664064257619882,-1.267724972528796,0
-0.037200761179622246,1.7038418660520913,1.1226219685934522,1.161828756905397,-0.32992068072492825,-0.08191147923772854,-1.8822653756034897,0.9004459216189542,-0.7416307297978348,-0.8739834264793999,0.007784557451337043,1.3056783408141706,-0.8838902495929072,-0.936026060732084,0.022656437228924974,-1.3389083248156641,1.631750272368704,0.4523350932607256,-0.38353973072661335,-1.3017136567108885,-0.8897596494759082,0.9727469545045246,1.0947609308942867,1.0117633595398192,-1.4414691498480334,0.23063959740138545,1.1918513174056296,1
-0.011223163144152452,-0.9854285824483968,1.0918624391696752,-0.4859455700563579,-1.3459077002667532,-0.33947672427149544,0.20830448715282998,-0.12457636537108414,-0.37303255364835125,-1.4617318939700237,0.5445174344749587,0.6122836430266128,-1.7793407825063108,1.325509839689829,-0.10846455613816323,-0.21176469830475883,-1.5430542214097926,-0.4660680147536553,0.003746579797687145,0.5761590869461483,-1.577698285435389,-0.8435120123737792,-0.31283419724631717,-1.1161169353452938,1.011526446970643,-1.6829388704877035,-0.32771919065591,0
0.9320468055951177,-0.8360665757760486,-0.8273473705968313,-0.9262494449212743,-1.2890609496535645,-0.02699744053824238,-0.1869242921264485,-1.454069116512447,0.16674199088752018,-0.293519525801803,-0.0836180224915763,-1.8177275715473524,0.1603522276693576,-0.486308428114384,-0.35761374577170346,-1.204377550815603,-0.8083400083064338,-0.01710385790227926,-0.19182213645148877,0.3516525969739275,0.7622397109808591,0.5989271234843783,0.24537963307710997,-1.1220298859524036,-0.056215947937507615,0.21332368833153748,0.45634068755659357,0
-0.7927843864397983,-1.1547744549034935,0.7194581607539465,-0.4478555723320297,-1.966182621017764,0.26904523276421877,-0.19957908064047084,0.13936905622354523,1.6720315732564581,-0.6575195790649279,-1.7873339046873107,1.7548182178661629,-0.36916358793638054,0.11003387428242091,0.0038584740059701707,-1.2370146550118002,-0.21515707707384182,0.055655265768157304,-0.06623725813721604,0.23832605175035024,-0.42163744941275483,0.7513260119947347,0.5629205865630962,0.9086878095466148,0.3741983556068387,-0.2175058025307308,-0.0030273909143319374,1
0.17607124328771348,-0.0702261107783562,-0.8863184185708892,-1.4663942412713982,-1.287969369954771,-0.7929466248900867,0.4594259139495148,1.1317219348440775,-0.22299980406658435,-1.5539417314072783,-0.008015926145470342,-0.359208934506579,-0.9710115036040103,0.9613710136474752,0.6016151242127042,0.1824804776446185,-0.21171034081794032,0.21967970562402292,0.07880663198740151,-0.057497371998015225,-0.2226662884575562,-0.48232718831031063,0.9595587144964435,-0.03153071566020205,-0.22416029550058536,-0.09377609060484562,-0.466204321476557,0
-0.6280856570156144,-0.29557401429358604,0.5796265782619054,0.937240199673699,0.29681372043929477,-0.2778845443900999,-0.5491632400050969,0.9982661270480261,1.0593724060912428,0.0003180420389061051,-0.40293704618571674,-1.1795996797418749,-0.3760940580401108,-0.6165764061859969,0.05245441682093963,1.066463226893936,-0.12190210417213458,-1.4271427439589777,-0.5991655095778681,-0.8444395337506574,-2.208800426324634,1.3097421202526096,0.37040918199209577,1.4721173220603703,-0.3964509178103929,-0.2602893987826049,-0.13757513171106112,1
0.4529865562847658,-1.1011997198740584,-1.322838109137161,0.11615107889995697,-0.2108898499199895,-0.1001352761142362,-0.28194827009214746,1.218449342862327,-0.6716634987177924,1.0042339456530565,-1.3820377028751776,-0.5739991818390445,0.8175818661579543,-0.6587554937084995,0.981771345446218,0.38847891104006693,-0.035404418977629,-0.15401629097380556,-0.7281515372475988,-0.011514359361361613,0.09756458707091048,0.5801120180970841,0.7308007644386815,0.6231765308133274,-0.2464279921682354,-1.277812185110728,-0.48518647073548365,1
-0.16491953931766343,0.31117759241442017,-0.16743439212832528,1.2355360920936242,-0.6673551805907156,-1.1685658156388923,0.5118074354664996,0.24115855582373621,1.9615519107439356,-0.8212357151336627,-1.2198240602224417,0.9589440376573289,0.10069239831319521,1.2224474282417515,-0.10994287886780156,-0.6067748791668153,-1.1015741260483785,-1.6372122531596454,1.25250474464454,0.6659283836144106,-0.22810203998099485,0.64736902657802,0.13917782126767642,0.8050048336855543,-0.06392939268853046,0.5967809168026399,-1.469926847958579,0
0.2705977297589212,0.962172572570948,-0.07305463900913484,1.2511436914037977,2.0509023530250374,0.49226331695393005,-0.38160738490676566,0.735951755697117,-0.01130364431757883,0.09381317504322542,0.9663938156630183,-0.04504994814447975,0.2396432830777004,-0.17603680142928876,0.34197996698213373,0.04424346638120882,0.7327596992529686,-0.6265772741746731,-1.5403164256559816,-0.5513329280452954,-1.266471804564896,-0.7847181183122657,-0.5792842938336806,-0.201593966355275,0.0684728551795102,0.6790368086584158,-0.2634931740344895,0
-0.561504868308831,-0.46629984666885504,0.031349678152906436,-0.8467229660386655,-1.2348822710563843,-0.19572528948354953,-0.4507403022508296,0.0855473860349189,-0.04832558057960086,0.3837176519251038,1.0401447322876898,-0.0008820364913315275,-0.33851974211167074,0.38966654024363573,0.26244724765082816,-1.1700510095397,-0.9108820710834261,-0.012760004682504772,-0.3498942961552955,0.2725237969248724,1.2957834906304633,-0.6260440589217116,0.6693987862501398,0.666830156463014,0.3165542869606399,-1.1747540300816874,0.8264027075503357,1
-0.3340071945761601,0.8161708779449154,-0.9323689500885984,0.41541685708129616,1.640617924802669,1.1868849724278487,0.6580031121192904,0.18633299521902222,0.2686595400623968,0.398341226920405,-0.141692732207286,1.1846951369931749,0.4721633718620421,0.6208661480520161,1.327902570228909,1.3979959819255163,0.6935191859696992,-0.7649862050096703,-0.675320180172384,0.8003163993787411,0.2382606942511087,-0.9389357848984771,-1.2684091264840083,0.23748569869168187,0.7397081183184722,0.16869558570912696,-0.9160068965080923,1
-0.6688156652837961,-0.7514475763454022,2.961908084220517,0.36824853707217675,-0.026175905786123773,-0.16838151168881918,0.7605804843553299,1.1005875570545869,1.1369132939037574,0.4759669816671819,-0.6869453790024224,-0.418668516782963,0.04993859403311884,-0.03640314788430967,-1.1093604956149865,-1.5464350442424077,-0.4662469486939251,1.2384981543665876,-0.19889592896038866,-0.9383186193266257,0.5451168215166647,0.626108670704867,-1.1404073640372343,-0.9496706182348496,-0.08049489416241076,-0.8433815477180641,-0.7952116659999889,0
0.3894209870673959,-0.4527219176295149,0.8393575350154502,1.181515450268196,0.2726102493755315,1.233458274137498,-0.5717131384479229,0.19359230151069265,-0.5226648533764119,0.07566533718194537,-0.6001873753170844,-0.7988710734115512,1.3775656552844824,-1.213082658349082,0.612386343767234,0.4888213964062895,-0.10141156942052208,0.02210600449088718,-0.45164291059102657,0.42505221026057594,0.11849695177695553,0.6068715250152728,-0.9586071124515676,-0.31670767617260215,-0.14902270404145582,-0.38628837083345086,0.9996495654921722,0
0.22911789693077467,0.046531879170855536,-0.4559413061288522,-0.5395101720216832,0.6363492245727458,0.782904958489821,-1.5871617732504784,0.16627241623028535,-0.49142601976183775,0.33072266965372255,0.073184952266495,-0.8889242899849236,-0.7854373323295237,-0.4505899579409388,-0.1875668005302179,-1.0259418991093643,1.4003340812531206,0.20421411515400842,0.6062691633786664,-0.9418470947306211,-0.9710318954885633,-0.6888453605957812,-0.43654683314571435,0.6130586081085271,-0.4324975526382296,1.5777244647460529,1.009200297372141,1
0.26029514470979104,0.24351546181091216,0.10954956009918473,1.3727564413662112,-0.09387771498409041,-0.8317149262934462,0.2749108039588982,-1.041097469526903,0.4272483689212425,-0.15566726643658138,-1.033349803981246,1.0120166626359408,0.7596336660813915,-0.0018979699278804621,0.3878789198312449,0.1220810507864786,-0.5667570194742154,-0.2615185420911855,1.0960522011240388,1.485558621496951,-0.5373302751392124,0.33472316997191653,0.14571922611781205,-0.0029364106386860593,1.8733832205793737,-0.7289437292930568,0.0159141708885345,0
-0.8512207130500198,-0.20540897650407797,-0.07961346654692689,-1.1484884445522863,0.17196977209629025,0.31106545143494996,-0.634410278981099,-0.03843994931899139,-1.7069513408257693,1.9068205520234038,0.04288282048678244,1.0596160224283213,0.11847315120820258,-0.819461637748184,-0.600505247884001,-2.19733671384801,0.40290087977755223,1.103215692700824,0.38534845691073616,-2.335617471074398,-0.3649514367383339,1.4707035184795596,-0.3219159412537929,0.1850696044256814,-1.0972286807680154,0.12958681079783363,-0.45645169101422844,1
-1.3074052886596488,-0.5862329070710429,0.29918384766008743,0.5670379023790812,-1.3155569373565776,-0.24199261434838087,-0.015467459554919747,-0.907208272364143,-0.7280701691248481,0.35971805529124384,-1.095973993432175,1.153916463045378,0.1588048916004285,-0.5502934502998353,-0.09330937814745706,-1.737462039263524,-0.699250871220709,-1.0346320735878034,0.04720496465937482,1.0949625663331597,0.22723069934504986,-0.7498813076772852,1.4035528594882831,0.11844426224949922,1.00910980098565,-0.6347403855335711,-0.3072753587401705,0
-0.29845013017099986,-0.5219637256086079,0.08169557232083798,-0.9807994431286877,-2.0918919416743145,-0.6038648120370012,0.8458256281680242,0.9180178291845364,-0.6396804420251916,-0.1259212181374336,-1.1823864663271502,-0.40214259066456665,-0.7930100425325493,-0.21978687680555078,-0.7670122252556685,0.5776423118447679,-1.477427394418957,-0.3582531532182003,-0.4130209942088398,0.7737114853299987,0.32764520340660197,0.7978517291423989,1.7424106440410365,-0.1810324408540661,0.0304667746483774,-0.34607620437500286,0.32801915149362293,0
1.3616440722538201,1.2104617573682472,0.038162282449094566,0.5479120759195889,1.53451962533052,-0.36170499623926444,-0.8493906279275031,0.4990396345468328,-0.3585181682106924,-1.1597085794228152,0.7198030386669432,-0.9199420014328683,0.9063486964553382,-0.0008303322458456151,-0.03252023121125782,0.8076860826979156,0.9242491315827004,0.3035488366469627,0.4158275148624764,-0.10463589911494182,-0.1992464790913052,-0.08986281524111872,0.3923832020070214,-1.7844478687015333,-0.6390500565096148,-0.37091477476784285,-0.02745884507744085,1
0.9483983238674257,-0.19155257395924155,-0.40027085559664055,-0.21518947493008814,0.6159484490726296,-2.0377759362664007,-0.39878776811852595,-0.2190332904021401,0.29213473370661397,0.1325615670463771,1.6034356762295814,0.6366830728007181,0.8418142915045914,0.37767542953749883,-1.0161053779874196,0.19799392426703982,1.429999520609996,-0.46076306671956496,-0.3122946564606475,-1.7651100142333749,1.094943856680444,-0.019613681215153344,1.2839425944202276,-0.036107976097702256,-1.1230094251654685,1.7733501649524392,-0.5004548221179332,0
0.7651446399060365,-0.6598986107120596,1.1127191953985742,-1.6460263923636198,-1.449389084388305,0.5458919508910612,0.8723395884076269,-0.048717907426508014,0.3314532614170791,-0.89097696945954,0.26853546019988617,1.7752382712465165,0.26663465121495045,1.7310469026949207,-1.2381456764637127,-0.59740581473241,-0.5832811601754903,-0.057252868330741696,0.2693039547749965,-0.2854614644409382,0.4135089858656168,0.32978083186822127,-0.3894597382751871,0.3600487672032038,-0.4451970069291991,-0.3543141431241995,-0.6026219126613399,0
-0.2324572602568246,0.6833388131596203,0.351044123144001,0.5797944132157777,0.23378539824398828,0.825694883690786,-0.965645423345688,0.0986887676343757,-0.402340426060083,-0.352821422024953,0.3442373124852146,-0.9647031384953809,0.4349736659676498,-0.520641805021743,-0.23651332720661183,0.21517798467979582,-0.6668463749753546,0.030260148206456935,0.5541914680809754,-0.15268466682315304,-1.0119768169283885,0.09791280779870518,1.1564984831479315,0.34338596107546937,-1.2535151541602652,-0.9174249282088868,-0.46179681357955715,1
0.06350679341485306,0.07434213524353739,0.8035289344224117,0.7181481973353662,-0.28254155923895496,1.1106031895919464,0.6283421474227191,-0.4418772606265661,-0.24129403551442485,-0.32862394934331624,-0.38632419377341654,-0.4578875519316406,0.6754045834252874,-0.12934072706505448,-0.6933129965535827,0.8260804275414336,0.020421831604491125,0.26873014560776337,0.8735210351794654,1.4718795699479281,0.794615386291976,-0.40774622336341493,-0.24237590913774776,0.08269862025234159,0.721093440687291,0.1608943143144724,1.7676342557089184,0
1.0478293039376985,-0.9441802649625886,0.49667577239986826,0.49449016746914465,0.3755248107739842,-0.28919875359944963,-0.05396212745104962,0.9488690103251631,0.7738845548775475,0.7700928455126871,0.15633008574287133,-0.44268711258877885,-0.42442627388395604,0.06822626045624072,0.3142169582708562,0.17782146758182368,0.4162106796367201,0.6062282477365386,-0.6283563687846134,-0.36537253570400435,0.19234653889927694,0.6011012378450609,-0.23184333738452423,-0.4680804966282163,0.5598381546087798,-0.735094177583558,-0.2908384399937086,1
0.9510193861198598,1.756411915843569,-0.809357288407363,-0.07012200655879385,1.6143226794992234,-0.2969696917525691,-1.5630986815715977,-0.6771792120054247,0.19730894440063684,-0.08360991496332419,0.11251742107531494,-1.3553580016727318,0.30454140343468233,-1.2720273057349079,1.0129561184186848,0.35193768821651783,-0.18262682500813573,-0.4850795750779878,-1.4684052026273011,-0.3790668735888751,-1.8398950619345442,-0.10537788729225628,-0.1350634465956135,-0.3152973435148209,-0.1719894360132165,0.8317777294353459,-0.7252598956233293,0
-0.4214276806510274,0.41650670833499137,0.544956532679859,-0.361259509748313,0.5358846799804804,0.06752678263922551,-0.7290154407024565,-1.0633762207945565,-0.34461099530742667,-0.7115262866148045,-0.20174718416656537,-0.599430803456954,0.6907056303825203,-0.744564542831528,-1.901481835811082,0.18504946133239017,-0.22347216234537606,1.0044776287675885,-0.2564426829384769,-0.8391847736369018,-0.1895639652493047,0.1518400141464962,0.5840803068632018,0.8783950271920012,0.5826864121460943,-0.3021479374093189,0.04073010214599263,1
-0.06846948636305548,-0.8654346767891898,0.118131931913963,-1.0694313617666864,-1.5043001119293828,0.6464318144177017,0.4891330975910386,0.5093392464252425,-0.963395282523488,-0.8549321208856241,0.009715424642208611,-0.3898518619975044,-1.154272877294419,-0.14932425946516764,0.09505895837249694,1.0247798207725862,-0.62646557236497,0.234028853222948,-0.23901200064202,0.4028052984333191,-0.21108578562204539,0.5872898318808378,0.9515974953698746,-1.1836532689264514,0.060073986142315544,-0.14546052619210603,0.1615622308536283,0
-0.2666300577197215,1.1202727761783076,-0.2982850560446295,-0.0413381710849153,0.8887994544488557,0.06878431710909716,0.1648266721797164,-0.3035266435267783,-0.3536353923083182,1.4609119776977206,-0.7223664464847287,0.13067498200935615,1.442123332348643,-0.6852183092944536,-0.8502774686314225,-1.3677519539714467,-0.27229095938327647,0.5699335843846792,0.21960566887718255,0.4468305756582965,-0.8499215526414318,-0.5115843404942536,0.34930315308516424,0.6772179279015267,0.9941578834204658,-0.00824921126853104,0.9277602887726457,0
-0.4687641730338131,-0.0764810854600308,0.0023981422290932112,0.4357989965632566,-0.5246390061223826,0.19018325382617066,-0.3237966701834229,0.20960091165871172,0.9782579400478906,-1.0356472178572291,0.5450481271567004,0.6494935345392246,-0.5316126028998435,0.8734717894934274,-0.28698534917078133,1.5808869788033044,-0.8462617169017935,-0.4239664498187447,-0.24737658033600712,-0.0666417883305957,-0.9155668151452196,-0.5113482977041929,1.2649212798298013,1.2993307650788903,-1.1655542575398603,-0.8028392824251226,-0.7305421076572124,1
-0.028148457826218404,0.3028650687983427,0.13191975948203902,-0.2788494964421714,0.4000220531368005,0.1991467441700224,0.0859368111861115,0.276482723507368,0.36931546594971126,0.4028611134328284,0.014373764205231286,0.5480002389292405,0.38279648789008236,0.21628813289906143,0.25434177039018646,-0.053839036578271424,-0.20852789264598923,0.9809908074888251,0.4157721218628223,-0.44470296841385454,0.01688970492063477,0.45906783487178165,-0.2702544493432269,-0.5659481747389578,-0.6917713823778174,-0.4239119671351575,-0.9307266224528115,0
-0.621718708156137,-0.281487090748295,-0.8285321367665043,-0.17270050204900284,-0.18387120005745786,0.4452250326076418,0.17197625186682103,0.18539490211339693,0.07545462872858102,-0.38531157184369796,-0.5203704880135172,-0.27520656348300565,-0.08419339390658917,-0.4539680112817814,0.08902803152155869,-0.4710278051970034,0.2787800841125895,-0.2408594468960841,-0.7846287842783206,0.10748350444505078,-0.08280840294729944,-0.15429152259357493,0.5813010963259889,-0.42217246588660845,0.30670444584986445,0.8387597062722627,-0.02779534581542253,0
-1.2971714902826774,-0.35589208308542825,-0.040724238742293715,-0.9515502337307701,-1.9262209524096336,-0.5386078503719409,0.8310175931262774,-0.46710712046199987,-0.11700243058199208,0.2748979247397752,-0.3902929657389845,0.7879886416039241,0.5264406022525087,-0.5669080560740709,0.8972503372602975,-0.6024061375143879,-1.520448718749988,0.17225735633259695,0.050273542402101266,0.9031990580086817,0.9131529760006777,0.7983622263976288,0.21179719930697632,-0.5644307102306477,0.592023781052132,0.29863641031086197,1.1462918075219328,0
0.6842269506855332,-0.7366254639419083,0.6168358238918477,1.1786420897320127,-0.2780395747604314,0.9066612719453825,-0.2725768610770532,1.1018438554384378,0.07223893512070301,0.2661406624101412,0.1588790606614702,0.37904057213952946,-0.5809953027242905,0.39583240124101454,-0.6028463773449115,-0.9278004125929302,-0.5887015109241012,0.544189401130932,0.1204968310334489,0.5416530595328116,0.1284745181286803,-0.6684307526389354,0.15345056326510717,-0.0794292416402626,0.42952373345359224,0.32633922562964013,0.45953102791819883,0
-0.24513578753764467,0.6033681138412402,-0.5436516427681991,0.13460399079036758,-0.35897473618065145,-1.18364931113471,-0.8522801103877227,-0.9415489114736758,1.6417314575462914,-0.28246323661715117,0.42773880347996907,0.05650541907149627,0.36999870604196305,0.6886265499928728,-0.21564614936866897,-0.7698219789047482,0.17563880582902663,-0.8844818681699234,1.0990948227655515,-0.26520985247034184,0.9803718407691981,0.4251437679214287,-0.12041239678380557,-0.06544641918409792,-1.9404523012513788,0.17433044659714078,0.7515687905010938,0
-0.7305382674450739,-0.30760640476625684,0.010497140394546188,-0.20226642189097618,-0.12111648322726132,-0.5449775860752342,-0.4816071447443977,-0.7259245852079333,-0.37003634609686364,-0.06084850386638198,-0.4385647749695476,-0.6297547435654868,0.9480655981321072,-1.1661831310047543,0.2235714181769858,-0.5685444347883211,-0.6110623751100255,0.07703544827881047,-0.511966303518827,-0.21832196525642336,-0.49162614813805233,-0.07092176971251134,0.47524615733199516,0.09062842208642989,0.7018190015024651,-0.1409228919676401,-0.10406492362328541,0
1.539505697098578,1.2622789702268276,-0.5241539600594448,-0.4411181208196819,1.6135796111259852,-0.6513662800836021,-1.6816082124393885,-0.9863103097433988,-0.13463754051747648,1.4932245749219637,-0.18045592520854253,-1.2846451366575304,-0.558670371063332,-1.1576205176747967,-0.1868686885508409,-0.14570096797891235,0.4221241383407319,-1.1579840698438564,-1.107608233168574,-0.2569187366920484,-1.6845881371934297,-0.5780394738678274,0.5539895660524198,-0.9027499652062655,-0.32985600165027257,0.8887439047047908,-0.8942680193002259,0
1.7882290089550432,1.3094904100677434,-0.23782813988019805,1.0211033150962614,2.5694834300474474,0.7016288012845923,-0.7647438758853339,-0.653874952716098,0.2997584560684065,-0.6000746958643278,-0.607071446877998,-1.3981360423568898,0.7131755806746951,-0.4328239476462497,-0.0001919888662270552,1.2853165229677523,0.3860569578562954,0.13287803061118297,0.03386843946429673,0.475379939898131,-1.9605126058212792,-1.2601376151379189,-1.3249876557705123,-0.05510061865532831,1.0793106472619705,1.4921485784760895,-0.6621724362751762,0
-0.42269376229598016,-0.7467315518407177,0.805159938423295,0.11030319463550388,-0.6870247540207579,0.5600629145001808,0.21268526567100987,-0.4831505056200752,0.36064067784246073,0.5943545693614818,-1.3931367620782187,0.026394958570559,-0.5276336625385377,0.161561444114306,-1.055988731604179,-0.2157530287046465,-0.2824730324847596,0.7494606737588265,-0.07565212006385669,-0.4762494768633157,1.0236107564461765,-0.15891616914630935,-1.6452740644616382,0.5664869730659304,-1.3993256659818736,-0.1170771469632703,0.09250851049222239,0
0.6350168428779654,-0.8910241794093728,0.5695444616798216,-0.8836209024025681,-1.0155170314198976,0.08279948836906063,-1.0661824672042,-0.2887760483689951,-0.36770194890798164,2.0915897028406696,-0.7905384883479268,-0.20745332121741217,-0.730581291453529,-1.2208660060115741,0.8380587335517108,0.1147324893077972,-0.6158574357345783,1.7635982313382104,0.5399286960280975,-0.2433075446595826,-0.35125505037859495,0.5072374925709072,0.039357422266008156,0.7683180099323779,-0.17391813933680306,-0.055888870681221635,0.3885597933497754,1
-1.3537830153897246,-1.4268223230005375,-0.3853530877780581,0.9543958481496336,-1.0829871336129264,1.3156355662545007,0.0017914003640050412,1.095546672808233,0.6511368632596296,0.23193110567876032,0.2028783637069409,0.5261960861022941,-0.28506758472076366,-0.10811922207341783,-0.8197722496556745,-0.8930353051071105,-0.5454937058125627,-0.23241212909932946,-0.7294068062272498,1.3309299522943996,1.403630969635116,-0.2911184217930618,2.3390701495074384,-1.000000871194247,0.3432581547459951,-0.5077068400050302,1.2545819668006142,1
-0.3247673679247835,0.21784948719192002,0.8135554789270547,1.316964214784529,0.36428289115471174,-0.11733773083736797,-0.6691360314619759,0.864445516387221,1.1244857051946668,-0.5828913886914772,0.1435330978508411,0.7417154692416704,-0.09298324404587462,0.5596315438535082,-0.6959611048466562,0.21879981243015845,-0.6580577349708098,0.5634835374642685,0.017665463201230382,0.17566136533149895,-0.6239907688871181,-0.6580338749007204,-0.3283360081591865,0.5940356149356293,0.1068913084402732,-0.26181993707756873,1.263138513924453,0
0.3024676252456641,0.06602221008922514,-0.325175999381017,1.0312914367582495,0.9675985250122541,0.3869925627791169,0.4384532442327684,0.18591946662599068,-0.7883350969899164,0.5479562213919368,0.8313939647036268,-0.1802490042729141,0.17326554446821843,-0.11705732457212364,-0.13309002317565186,-0.07222505790128937,-0.5186368745076372,0.2548183537275738,-0.6617313602505578,0.3992348507902247,-0.009698967170113607,-0.4668318688947539,-0.3960876904766046,-1.1800645124477955,0.9149641927044216,0.1808258471646652,0.2913738135718036,0
-0.28205479435392966,-0.8372606528698031,1.4788034327022546,-0.42589321908524025,-0.16498734869122503,0.6008548353092305,-0.4625463118428456,0.7112478828521087,0.12460635043619737,-0.8060215250974434,0.9095896175288112,0.4982268615301675,0.743119073725805,0.05899948914399853,0.3973196909865545,0.848018555273748,-0.14402772063169175,1.1175943345616426,0.9508378304932728,-0.3410119976668291,-0.07557241297706215,0.42238564580953175,-0.4194039227656415,0.8935511347251914,1.2444413817194477,0.2016065819516967,0.9623992890541879,1
-0.6091233228859443,0.352709125714763,0.759915816184614,-1.7407429679894804,-1.103001535715223,-0.4560443178263281,0.26621607405283193,-0.8349821035997891,-1.0816639321908021,0.7421568701766776,-1.1001031285023593,1.1112575451240922,0.5460325823367161,-0.6519484217812115,0.3089695515132755,0.035898113260544526,-2.117178934457033,0.880247411541327,0.44558113774599123,1.1084381943273571,0.7387438524711741,-0.7112912154802937,-0.040150116044541675,-1.0663263248416006,0.5014820807341572,0.6148929709022974,-0.3082307916404768,0
-0.3579046494113869,-1.098872086281856,0.4350375971890499,-0.945122997502466,-1.9874200555840376,-0.11733420803649075,0.12617622944898552,-1.049789294156082,-0.8370137856264703,0.4922083037889203,0.20248193507992868,0.4222565759355512,-0.18957430028619282,0.11469830502079546,-0.3568570440244606,-0.7328030128050826,-1.4435801966962645,-0.5154507336196683,0.9997730602879634,0.778003797001491,0.5756250177654147,0.2501074739036108,0.5721291984765908,-0.7334522678193566,-0.04886485926957891,-0.6091362607941396,0.6259865280073496,0
0.7286603389501835,-0.31116290014523496,0.8467556646774856,0.8509308601607132,-0.6694728371633766,0.0733228026127351,0.13207413483271527,0.3702565435504449,2.1108870700657385,-0.3884590330347775,-0.0802519961261865,1.0724220402326363,0.7496728614788701,0.7057711251550747,0.08673898008743847,-0.4082792589994156,0.3182942125814576,-0.7392368408858039,-0.12419073339384637,-0.12539970913175336,0.16696142756923532,1.0460724061853053,0.2910215587740852,1.3302705147941514,-0.5635410966141753,-0.09871949152068783,-0.4652946986175044,1
-0.10170426784659874,-0.5352909589775803,0.02331191624905799,-0.14272945676041923,-0.3974901760640399,-0.05629174445023855,-1.1598360844575741,-0.5686383745958417,0.5006922322343204,-0.4031298465516896,-0.19306580894613531,-0.6549140236606174,-0.6994102828997327,-0.06770725022303062,-1.4931412053882656,0.621877657043796,0.030855269849074926,0.17490103950048264,-0.02780490471154473,-1.4862345102240602,0.15064937918329216,1.1130494494793512,0.04527389528228528,1.0577583044329404,-1.6833592429814186,-0.19842795945810263,0.07356064933103773,1
-0.7305335128312802,0.14431338114682177,-0.6726793436404718,-1.3960205434763633,-0.11496765237624021,0.16504803096646953,0.3890584237251674,0.0035680587188498783,1.0824895156056333,-1.5485636467522474,-1.3362284131910973,1.1089837699247589,1.0963199423811143,1.6533381663084272,-1.135541550964813,-0.49785870824207007,-1.339830889600698,-0.3591980152802233,0.43795045005105954,0.5153696426041106,-0.9538507126312407,-0.050184756865984226,-1.6247794897311998,-0.753147605450043,-0.24553826462528242,-1.3930805288878525,0.5325529857987139,0
0.603476949188734,1.2608263591390818,-0.45501621720187985,-2.2732874975378534,1.0249859608030751,0.9732774973374229,-0.7553860509162028,-0.2652725876878613,-0.9585879076001668,-0.26602352584560035,-0.2963445606444447,-0.6056132027531151,0.001718911668178774,0.6260940234567758,-1.84808193013122,1.1049173392942981,-0.1355847447192267,0.5001401541920889,-0.38355779280075314,-0.5372699564093527,1.2928324547636985,0.03849123318546632,-1.0262813160230706,1.1110658296678981,0.11876387771994978,-0.8365470496849504,-0.09346799935118642,1
-0.5212493877334147,-0.34613703796112816,0.6710535513574178,0.7477588729738318,0.8087146522651666,-0.37138182884161974,0.6246668186173702,0.6420465684467603,1.1011207682620328,0.33272436145958867,0.46759424267349897,0.3231617107936559,-0.2993501731509988,0.6820521674214923,-0.6224950265477704,0.6920555443416451,-0.11076417439139945,0.7456708843808384,0.30131898139402563,-0.5491265360910957,0.4659296185845749,-0.4832500345343564,-0.5662505312303446,-0.16678223853958654,-0.0003810992551718912,0.9020164034499721,-0.6359702079490109,0
0.4264362016505048,0.8421772759867043,0.45050772034080505,2.117773510364192,1.7581670852162241,-0.8270883756792412,0.36656005509118744,1.2148717819485884,0.14737596199810943,-0.2324791902875049,-0.635363888833487,-0.5120774016154345,1.240627277584374,0.6992603481615626,-0.34338075386561684,0.20411128097044642,1.0325336633770803,-1.0055752344787188,1.046400134553426,0.20679419459350898,0.5888111160715529,-0.21014142179124293,-0.8276930853690891,0.8182631844112954,0.7638293292543032,-0.31047641305644746,-0.33064537689219725,1
0.28520294991784745,-0.10037733358443188,0.7618523593063481,-0.13819136866296844,-0.9098086712755697,-0.9827836056413187,0.05765746599562102,-0.9098171279725459,-0.44569389700861806,0.8701338187802363,-0.4822143911878812,-0.7788185221756789,0.7750026266308374,-0.9319822961022496,0.12483147797503637,-0.6689267437127164,0.33036310129584384,0.016081252598024204,-0.22973226789124743,0.36138416878187984,0.14222566346302457,-0.5019347532797082,0.30250267753304777,0.0749221413416519,-0.3328842262507593,-0.593561092218253,1.6170148557658446,0
0.23892627515286785,0.30013948252612227,0.42715339489005305,0.10813934116314104,0.22491178162786046,0.0915654370407414,0.9197051374369966,0.41429337188739995,-0.5532928120592023,-0.06942853810256586,1.0007461637512316,0.6519404952495721,-0.2891875541470154,0.7715238079300581,-0.35053933935356363,0.5706669450033216,0.3067455488873821,0.9016305950756487,-0.06352147138626386,-1.3870270556210116,0.24439463987936635,0.6617305328367595,-1.247383334972982,0.7531464464251848,-0.737668885384252,0.34914300689715166,-0.15794293654719951,0
0.4596822599210803,-0.9215228681695846,-0.047114826650325035,-0.2853552802805233,0.08447298033400528,0.539975263304759,-0.7687831582357755,-1.0921463612038977,-0.8788224201524136,0.08381431830370094,-0.07154938696159069,-0.9008220369072967,-0.3304179151675787,-0.5728536437422781,-0.1873386971731011,-0.00806269622678752,0.6429912617468873,-0.7488431800733796,0.23353652739438588,0.32863737681563976,-1.1412242082728883,-0.632589912823778,0.4440758043012837,-0.400062202102131,0.9967988750284826,-0.1508499914705659,0.21018820426811158,0
-0.40264012984755326,0.0691173273755427,-0.5486794290844607,0.5576877746305288,0.12210026979817569,0.3788179637016538,-0.744480395385086,0.7315516600211885,-1.3766978671099863,0.6230292137068323,0.2570177555186376,0.23417282493539845,-0.9348312382562776,0.0008303322458455871,0.21932898153990318,0.12915939322920347,-0.27928399301134255,0.11945666621905468,0.9264766270617509,-0.06534140798250976,-0.5493867402048094,-0.35718439301339927,-0.15965396057323447,-0.08952848166299499,-0.7228150680135382,0.29234076422630895,0.7623667653395965,1
1.5165703304877711,0.39398754324902674,-0.41383081503296765,-0.3519267160452661,0.5693301350298925,0.14378662903502676,0.667874057779136,0.8458079132274477,-0.21717437447856824,0.09975458939993563,0.7395835767257264,-0.6414707314349198,-0.8383006600338234,1.4735680613126017,0.39228805346500706,-0.08613280603601996,-0.007921836070345415,-0.28634870339448676,0.8031969802724671,0.8064939902580943,0.31269609302880796,-0.7330605118156805,-1.3378857582069665,-1.4576036186043992,0.4877151928981354,0.28807583282410615,-0.02980000852758615,1
1.110258377798186,-0.13368930683529293,0.20510120281621286,-0.8384428550741082,-0.22267559906721987,0.29473654914771863,0.5767573326088299,0.7146078275163341,0.41149625013699753,-1.2643206694566325,-0.36484558154803165,-1.682071611376048,0.9682113814302297,0.047987483293799406,-0.884834656237235,-1.1179823103673825,-0.7082534769311831,0.8041596687881691,-0.7684755137833919,-0.5915421084793564,0.4563653164744494,1.1082151848111876,-0.45642096898619877,-0.5605004602729146,0.21556263738902554,0.08399246329396261,-0.5864197655563561,0
0.31129175580242385,-0.9969174297665238,0.5248406568597553,-0.350650052993449,-1.5456021425263937,0.5237081815480401,-0.07332206846145227,0.1157340005626866,-0.8113760391325362,-1.3710633757598334,-0.4321083330705393,-0.4038042431447512,-0.5261535036506747,-0.061988531883988424,-0.03601272542929288,-0.577645874047045,-0.12748411572133533,-0.4386723893992,-0.11635428568863972,0.21279583878653124,-0.5440158733504213,-0.4936668112529754,0.5662628283574331,-0.32509753158992466,-0.20675991999185017,0.295857821686494,-0.04268407097617961,0
0.2710948423802199,0.8603161044139827,-0.4109565272995073,0.11485414322388783,-0.22801254309878177,-0.03496331047852321,-0.9271657376073256,0.015301458029205243,0.47054615236570635,0.10419205722565791,0.6708422989083407,0.022315092886553548,-0.8372195890694001,0.09346945906577038,0.9764455832591905,-1.1218870962465843,-0.22740727148133272,-1.08605823745279,-1.3645768511952023,0.22571104744412468,-0.7908262475884009,-0.7474555512116635,0.33113688641555394,-0.2390943851396332,-0.9589111111936606,-0.4712975022860652,0.12704461393626823,0
-0.042473077007775695,0.8524528270617233,-0.6030960998443198,-1.402500129158749,-0.2229189250820795,0.2878072495299554,-1.0185510942274787,-0.5427136320840621,-0.23873364151158155,-0.5879951841660175,0.14966183250561535,-0.9950200962391008,-0.14395894524934247,-0.9061752745407401,0.4698582922405339,0.09929852167257974,-1.6237308668038717,0.3218592256688865,-0.9599107579592122,0.09657762066109801,-0.356783646946909,0.053455112361821794,0.4682762337743728,-1.042218347188436,-0.38846700525407096,0.525569274267785,-0.5189744333446679,0
-0.2537344592686644,2.5309744518119675,-0.2115236924869014,-0.7548991237218541,1.491464990685807,0.08437354787497912,-0.021974604760443696,-0.5589716079669482,0.6002671969557039,0.09140885965705137,-0.7021399559697064,-0.5029657861191451,0.8656237953358652,-1.182596310633655,0.724029223417009,1.435202898020468,0.04281046667739514,0.1366916860940114,-0.7164629426286843,1.2336132485337372,-0.5197365567506542,-0.6912087619151581,0.2725823746946405,-0.8925630261898764,0.8161400490689863,1.2927146987446532,0.1832752735944463,0
-0.5534086701128603,-0.4660867055542732,0.19047782669862526,0.439817119353203,-0.27050872924803687,-0.3286744436683429,1.1606556083495203,-0.17037023304292173,0.04472215657660873,-0.5222865082844729,0.8750267371722346,-0.029966096360299337,-0.04632789596828459,0.5336226927227552,-0.5815149991440417,-0.5691456143911582,-1.0583211760598457,-0.3703316505953664,-0.6227199126994479,-0.03130517364380052,-0.2314354800814292,-0.1349662758780005,-0.6340470937476453,-0.7586399370788081,0.636176203924204,0.2653183691576006,0.28336206879687326,0
-1.7444392803343687,0.5649937723210188,-0.36720333040727615,0.18597691885302692,0.19302075231124352,1.6719948054927054,0.038082065521461636,-0.42285275240107334,0.9356989559677379,-0.7023694542210668,-0.12701082076988301,1.2755310740747758,-0.17917802940420413,0.24869177107605828,-0.45643866078754036,-0.08969389801536368,-0.08045913185546946,-1.1438891088432726,-0.016316831857909084,0.6239190666377278,-1.4162687021857885,0.2964152620637374,0.05973777691894732,0.4560621295926046,0.5617665155195399,0.30227033195802105,0.6920416059391182,0
-0.20190690854811721,-0.3648365516402502,0.1416754392196695,-0.2846061865478016,0.06423918272251947,-1.8561251309118558,1.1756183317918192,0.827205820326135,0.1357275988855431,0.9239004444532831,0.5484788178721904,-0.3012492269368837,-0.3011561578836614,0.5427485286418907,0.55464129225147,1.3932460879663058,1.5711341584179241,0.3206986080263488,-0.028689063927957986,-0.8576991810589324,1.2854946099447044,-1.2326267042153674,-0.071352782110497,-0.2906446832546116,-1.5932449165596543,0.7870795807038361,0.17869969382762596,0
0.2125455651262284,-0.9988127722206099,-0.5339709412953254,3.091948723207253,-0.732621916185865,-0.36950577631732473,0.654311232631127,-1.6730161927963672,0.8285446724604066,-0.007111456156012087,-0.628870742797929,0.307534345991527,1.6684250912070917,-0.9503872590274607,-0.20241448397420927,-0.2368093769877568,-0.7877603342778825,-0.3913340314790832,-0.291601375876685,0.12288171781426814,0.43870168372239243,1.2089167776090985,0.2725237632432563,0.8003353529647076,-0.3957298748204584,1.3646403018936994,-0.22672651054855544,1
-0.11897553920901505,0.1165305961939808,0.0979652715079269,0.046446855835458115,-0.772766460445148,0.5705018066129711,-0.04963312418245071,-0.7208878748444321,0.3068719353719891,-0.9216966211339066,-0.20331449292101206,-1.0593152071688003,-0.3918614284167128,-0.33124559732089265,0.05609496262155795,-0.3574927934325642,-0.5322481488582089,-0.06895886019421463,-0.5231143559607883,0.43712667745897266,0.7532860498508357,-0.17156775558623874,-0.2879834561088016,0.043590692671721706,0.11447899390679908,0.6643112974815032,0.19111200318710955,0
0.11407447064090034,-0.3411101354286857,-0.4610425187283606,-0.3884732827598175,-1.2850480412227945,0.4593441114222777,-0.16484876194970796,0.9764961849833009,-0.23888407050692043,0.28866301369394437,0.3827047739471669,0.42547935229558237,-0.9108114900775843,0.8283528573688025,0.9842538328005909,-0.7438982053222217,-0.576933641012659,-1.2806121848639171,0.07927061561642959,0.7048471943931479,0.5055361590428761,-0.09486405530168426,0.5000203671537233,0.7314674039137606,-0.07009148909933455,-0.5323563847835119,-0.023205578010051985,1
1.1138975373709785,1.2380184224944462,0.4595135800574555,0.264511111957093,0.6454465535408236,0.5395374816801239,-0.013105704558214856,-0.2564394001417197,0.23615816817510443,-1.0918678045929484,-0.6712343990279136,0.4553366116588651,0.6098329869020288,0.22273225463262553,-1.9245470495051495,0.5502678008581318,0.8332616197170154,0.8142240643042468,-0.3237200533411206,0.2785907225018664,0.3183387061316326,0.26529067153548874,-0.7432484133453273,-0.1283959556419626,0.11549187762913153,0.38892646247750196,1.8678862766702196,0
0.8623542881007816,1.9470881208163695,-0.08856828755711772,0.0026304735565352293,1.9334222748097183,-0.5008095403803617,0.11353629880147187,0.5669320150840927,-1.1634135618128933,-0.844423195792341,1.099715365583143,-0.5749711469218212,0.688663657942216,1.0848399596732385,-0.9424776907159064,0.8720246937080285,0.022444060178800056,0.48706657024608585,-0.3402441914031943,-0.9497743386219352,-0.7279358059238065,-0.33955154614276,-0.811783229079404,-0.2556406854763925,-0.822406087631565,-2.2245533027775117,-0.42604756641625374,1
0.743584917778548,0.2175312361703893,-0.6113165577701074,-0.8948861022079614,0.386739599375832,0.19224510757028607,-1.1950040535693285,-1.327524589888526,-0.15268192051942323,-0.08802765026118527,-0.7957415544903542,-0.1256430324977579,-0.14688489392103268,-0.2658118141711182,-0.5147786309085894,0.9563057650488704,0.37126537825377104,0.9564607502945368,0.9558484571926784,0.35784221426239293,1.1921913603232464,-0.733157607405398,0.47946830622274694,-0.9987000121576823,-0.314769460285423,0.7485173380214117,-0.85191903083022,1
0.3102576433375477,-0.3437489223156824,-0.03311492413965227,1.4087489252553658,-0.8417438763006451,-0.6861029813042433,0.6349078419514668,0.25847291767046005,0.34355428700554025,-0.1552081300352086,-0.7292474539487891,0.0237788629393067,0.46827472009596544,-0.3574086887220743,0.734633644491734,0.7952083580581473,-0.7119325160294799,-0.09178326831208015,0.1410025771781972,-0.07090145171313425,-0.19410722828317248,1.940494431991715,-0.444935922838425,-0.32404071799674555,-1.1761024391054933,0.08196101210114265,0.12466478683591944,0
0.7953938909795321,1.5703019359210506,0.04044980567700648,-0.42803648405008365,0.4576580755356288,-0.2973825216688467,-1.0477251548317983,0.5047695418269813,-0.8051884447846157,0.8668570823633113,0.25027935049497857,1.2424548398740016,-0.23090553492459542,0.3698238031192245,0.549107621966936,-0.69717060934456,0.38045642497607807,0.08591311648934674,0.6723842903714594,-0.8142411994498767,0.22866349046995588,0.516556358475284,-0.6517336959561033,0.4975104259321897,-1.3071735461646272,0.08044470502943853,-0.41899773111276545,1
0.10499459202754531,-0.8988855935296816,-0.3685044513996842,1.2305175807067978,-0.9014100192465111,-1.1407572482931827,0.6173623486637557,-0.3291938983624393,0.947486143518256,-0.0601714423447575,-0.5012490472434618,0.26123825291366526,-0.0030100787324404727,0.710815040253361,0.9212703494433041,-0.8550562289309872,-0.6250077387864577,-0.950224988762481,-0.04288407685760463,-0.07222295835264775,0.6844525421771214,0.9649513094732117,-1.2077440891723956,-0.4669321834884651,-0.7686841451792286,-0.8447980285368321,-0.8833984919425285,1
0.7264535540816259,1.0613537231971535,0.4008679826799135,-0.3112211088909341,0.9143590933793929,-0.7920756945820862,0.08711289174416956,0.575273754082257,0.2198008165248783,1.3533877036631958,0.22488015130903227,-0.1824106217931793,0.28232285916114686,0.7735890089948387,-0.6850599294325221,-0.166339164613908,0.23586866193428624,0.34689587265219607,1.2947556133644893,0.0017881095864531816,1.0048722187010606,-0.17034665852938474,-0.43077567803923444,-0.9196334644787542,-1.0373564894102425,-0.3305708865243758,0.1147570148903893,0
0.38751680272984135,-1.1924964395945954,-2.701673162240469,0.33782770473716256,-0.3012376015878196,0.2375971712346553,-1.0726994602456708,-0.8674176369589786,-1.029711475758875,-0.2569037007926572,-0.057004773837163236,-0.17318474097469913,0.3049374146439417,-0.3856964942858973,1.0774222314234974,0.8649479010825945,-0.7122308415964316,-1.3651619905185344,-0.22344621833274747,0.3331188098173082,-0.6785489086794018,1.2263852529873231,-0.2807070192169235,-0.5601556507170183,-0.07217417020137068,-0.4636638213928873,0.6719305368692418,1
0.12999964261458805,-0.29547640387027585,-0.16127838493857305,-0.9113648699490172,0.14551490860811112,-0.2808273097593372,-0.8145288030163614,-0.1919848993371759,-0.18174359196288437,0.9553499958693575,0.4540794131910342,0.6745972526867696,-0.037104235709970186,-0.1280076962587708,0.21681248218653992,0.9713116445018368,-1.0717059737489416,-0.6748174410023555,0.6542439441319838,0.5073448468965952,-1.382854956544085,-0.020770313083640288,0.6369153819035289,-0.9337906498321104,0.27516090944044114,0.38692729129984754,0.13629116257618257,0
0.5822249295529971,0.49267001983622644,-0.8096072278164339,-0.36046194695419326,1.279085699637483,-0.8793600496347831,-0.2535970639318986,-0.12101165963449276,0.3495366198101134,0.23463100686325433,-0.1003921889663566,0.40181853293831227,1.5123685838048992,-0.2470459705585751,-0.6334130253385677,-0.2596238910882643,0.37293224126220886,0.3788546452079179,-0.9221500384553022,-0.6625434613794106,0.4658541444590547,0.24221240040621098,0.06304226648940117,-0.19790405014541043,0.633664616246384,0.690107576316674,-0.23970634777158703,0
-1.2961466200964817,0.3049334833549818,1.0647678782449554,1.0592591909420142,0.3806335303265503,-0.2087218539855303,0.5888658780550524,0.9395549159805997,0.3200877875366259,0.07573118783299927,0.5712452909551393,-0.09243689705561192,-0.5541240648058847,0.16509327830642406,0.8036027912069684,0.23987769184913638,-0.5061225217787063,0.25285024517835475,0.2769936642181639,0.010017466177595224,-0.44529382836042014,-0.1418250427698725,-0.3398014300640864,0.498823398605681,1.0089329381977998,-0.5337825739634711,-0.3215961299099177,0
-1.379664289150942,-0.7205021221752743,0.002061149641622353,-1.0192953193247472,-0.5854712744228324,0.7481763978281513,0.34441862438841975,-0.036323047852429055,0.3219093477215767,0.14334675095729574,-0.2562879573901081,0.9525454624812097,0.34346780082432365,0.12441986603246542,0.6872323170335926,-0.9373330984074312,0.568015573138631,0.6838526677419527,0.9403335709770022,-0.07587834876073062,0.04526080724949778,0.516212813681214,0.3171835926074488,0.11285799355256437,0.7068448691155618,-1.0062537909640354,-0.18202358171247526,0
-0.20122052430464407,0.4353414915560969,0.7749788672193384,0.40759764468888987,0.3286190396571373,-0.5250869239555485,-0.1528632929402826,0.23540846973704435,0.41608813694727304,-0.592084167904071,-0.031455026974935275,-0.2221096018991204,0.15067932546039703,-0.36499647496455107,-0.25322096696775515,-1.4151573330002967,0.794598316242902,-0.32029928023921633,-0.49167679796741015,-0.7812881477603925,-0.9704394263407854,0.5553842798552896,-0.27182722827402744,-0.2841384318456788,0.26141161502671284,0.33274875586598923,0.4377726215023376,1
1.1060041859858103,-0.3027005902037231,-0.3367005116273945,-0.6107157072982918,-0.41296901773264505,-0.2110117829103112,-0.36780687230130094,0.3304947700765602,0.8833073064264575,0.8371356000816925,0.7032422851626136,-0.1707221418682788,-1.3066243202079244,0.5405340151817268,0.7126517605727885,-0.1346209220686883,-0.06744079192636597,-0.5588404890174018,-0.9167909131054646,0.10985856395887542,-0.6213363455223165,-0.17647304054838758,-0.4745878087510227,-0.39949683412681536,-0.47533979015313854,0.016828269311726048,0.7806112999415767,0
1.5527597254426784,0.31341873945651044,0.03988357114184391,0.2212757097054737,-0.680312157451001,-1.0600500265562776,1.2134836136701903,-0.10029795605170128,-0.2187153307281848,0.44841016175522436,-0.46515191445261445,-0.48315033349518927,-0.16668554447637485,0.8913945490785843,-1.1635071269015969,-1.1608442756127835,-0.6158035544111398,-0.6735867721626101,0.4870319388733303,-0.1958121679389608,-0.7048253417451015,-0.163202547884668,0.25084649662028513,-0.01760388743340798,-1.375696785179743,0.26035673781990126,-1.278316528940917,1
0.7371539922297707,0.9803940043344835,1.4318528454202766,-0.16327955235919495,0.9987995972667281,0.18332368255043016,0.9337201110014837,0.5688746599815242,-1.4398771737801177,0.11686066463286024,0.6631877422903462,0.5338552713258972,1.270846300829636,-0.08296023943080633,-0.29540413173403074,-0.1034353056453575,0.06727469030583735,0.9640407950211209,0.7745198600471529,-0.001147615588480899,-0.4835664171671351,-0.1846378855101303,0.4276450764481937,-0.7104150361482549,1.254687649764064,0.3104072984443216,-0.9956970023291452,1
-0.5983591840702148,-1.3581702611014992,0.8684092623306412,-0.24420196420126444,-1.1027279923732054,0.9646514193732397,0.09571288992004034,0.17455177261241425,-0.23311322073262256,-0.5167088812866388,0.011641490869940164,-0.01685172121468248,-0.04144598268970441,-0.7385166950035914,0.5788723800345029,-0.9498892759464949,0.6624530636633352,1.9865095212272175,-0.32979908995445933,-0.8528893267093502,-0.056533634214968556,0.7576078391979009,-0.12339212380736803,0.30920685632317746,0.5389110767654274,-0.7073709206374036,0.7940388763653483,1
-1.3300122892916195,1.149708913260989,0.47207271611734625,-0.08565568447179427,0.15140259519648297,-0.44055537399664724,-0.1762509355781783,-1.6439844582889585,-0.7674430330272997,0.16969759390206537,-1.9874288595791856,0.4033139918181292,0.3000201094118311,-0.9433962737379075,-0.8639173637688384,-1.0169388150901784,-1.1699189724765424,-0.41694877229159893,1.220795169318921,1.0449807992546072,-0.03441676472560276,-0.5433691434202592,0.43286898741998725,-0.5651629486317299,1.427109554501331,0.8395005989309773,-1.3534763428139602,0
0.8859699136629433,0.15494298561871497,-0.9362850147326697,-0.00690181365615238,1.8843870472296447,0.39323660542690986,0.41303021981724936,0.03936541438552754,0.9399958683525426,0.9637138590008558,1.4441745994696191,-0.8371494264896915,-0.3980144955084242,1.7400257303306608,-1.1760273970927326,1.1538567886914728,-1.1047725574135252,0.02307387867568837,0.3141481776452604,-0.11116118601963756,-2.102280150169402,-1.6453896988009071,0.13125712041363924,0.5302065001381036,-0.01587296512987625,-1.1813829895845331,-1.7156394636122854,1
1.1303982484037183,-0.24911230863796185,-0.19185575577506953,-1.5213350042953586,-2.6660153914087372,0.14638063436384854,1.3788771014595773,1.3597146295630913,-0.5163098405449104,-0.12660979514441575,-1.7137372392738168,0.013873999299707864,-1.6963381719654689,0.7049307022583049,-0.38562728323595863,0.000283703630390072,-0.2871564333245602,-0.22390938649232187,-0.1876694984882763,1.45125903568045,-0.2128730402259518,-0.21719099931593885,2.070247390163976,0.45773345703644147,-0.014732692384549457,-0.5130718999163242,0.11230835139533939,0
0.9859362811887961,1.67415053356662,-0.835830538706468,0.08846255660193951,2.1409247646320604,0.17175098364669478,-0.5868536421378793,0.7693410195531895,-0.6759211459059773,1.2945757808517508,-0.11997989509331702,-0.11643074426607977,0.9966706719864646,0.6569942106208907,-1.182551940264596,0.024185182499732016,-0.14531693929630032,-0.4038640420031213,0.5585569920883412,0.1660911995301465,-0.09746618612966396,-0.8368875279473355,-0.8476181930799468,0.1268492950494532,-0.6501148007338442,-0.012817034103172718,0.34874005767668,0
-1.5779974079998698,0.10860367069756198,0.9656222948567585,0.8443717102281448,-0.3346407410441267,1.4222648837533478,-0.02130124019440318,-0.2448623179064104,0.302705418981048,-0.40814698412866607,-0.2763904422597779,0.2654608027612059,-0.3245288001682636,-0.2464126633894781,0.8785226316057678,-0.31604411245399805,-0.8016629908577683,0.23151446302125486,1.0072374944583815,0.13271691117638162,-0.8543969425117645,-0.21964749106711065,-0.7424380045599057,0.5827062615937884,-0.3610100937158864,0.48058196897482636,-0.7864115453877468,0
-0.3385708675760205,0.7658807061468801,-1.5450884615992186,-1.3802028177195966,-0.06263036718395439,1.0048827931983648,-0.5398993435334821,0.3530286068853345,0.995866450931679,1.084912836733897,-0.6884007052033614,0.5762728824963482,-1.508617268400535,1.096139098507826,-1.1490728959815748,0.13255028204262598,-1.2825064139000808,0.7398448336006624,0.38153417668504674,1.1093299578628333,0.49702237635166463,-0.6893481706513908,0.21829759651775382,-0.5563927652176861,-0.8694446943512942,-0.6655114422921318,0.6337064316230625,0
0.24735920353443663,0.3662633279077753,0.3446342483863546,0.0835334932103395,0.1529345386555807,0.08755506142657807,-0.3931539151834059,-0.1468806685277604,1.3913137946952046,-0.4062960041261079,0.38845675201341456,0.35408789076851804,0.20779372115561992,0.5929058743183585,-1.106780540132093,0.7785897264262845,-0.25946263372414996,-0.055616294681830616,0.6701624881352183,0.3367940191022934,0.0423520187492124,0.19111277745975147,0.9845346471434253,0.823060625306369,0.30877746253395766,0.09194421625812352,0.1801766397103314,1
0.5109675766152157,1.177785233078058,1.1785548947282798,-0.017145526704636822,0.07112696804529241,-0.5512704926403519,1.890575537737628,0.8183347918253479,0.2385066704953931,-0.11565900704227192,0.5520961420704956,-0.1200405067786465,0.8241399173130842,0.9501623034563033,-0.06810215099918175,0.8436736360712946,0.07876670562933245,0.2616904092540688,0.8067377894933989,0.9154309448805162,0.7830826070279774,-0.6316036178059872,0.6714340042724256,-0.0673288835883833,0.31611627223846744,-0.37204961520699426,-0.3075743344804959,1
0.5213919448515454,0.5735833952484837,-0.04162955305046838,-0.5348593245776418,-0.1313803487054368,0.2731584389987512,1.1841450892239713,0.8975225156231922,-0.9195807828715707,-1.3671313768485152,-0.06071804122314477,0.6844943881764366,-0.8140076882668819,0.6786023102184798,-0.29021702001924543,0.7767842579866796,1.679121942179679,1.1452237976245994,0.5027076214042178,0.02236270646523555,-0.6072946254765472,0.16187495599445972,0.6710024542987819,0.31344064085106615,1.4637259739122044,0.10406185990810772,0.5152477416136153,0
-0.290365330795824,0.0013059629282260777,-0.36596926635588983,0.06544759337673678,-0.5938544988936466,1.1638122467618148,-0.2918491825908259,-0.9798113522362919,0.39549728956121805,-0.5281270396726623,-1.270409628318897,0.7815709044544423,0.9305382074615726,-0.22799483899487563,-0.6940575238112224,-0.9066011899728137,-0.5804434807176128,-0.08490100132100555,0.23477057477472996,0.6874421110744707,-0.5734542309997973,-0.15327197053194544,0.3172446328259803,-0.7568915204979105,-1.1412579022351328,0.08673925579081193,0.04343361755344348,0
0.6649231116998965,0.7190691067891658,-0.2914460477648032,0.22672982858506327,-0.004094440683526471,-0.02785638777792663,0.8633404840170573,-0.46723379713047447,-1.5656358289498042,-0.5194266369100649,0.5062848105944922,-0.4199514059778939,-0.6255835314050817,0.025522424126790816,-0.8040345385926065,0.39985118489827076,-0.6924105413906545,-0.9294252745999058,-1.5250607581513287,0.9296810259979412,0.5047464898180406,-0.5651960921254882,0.2154823136524303,-1.6017492231510526,0.7626002857860726,0.28549421349250076,0.1390676624330528,0
0.801832853397311,-1.16060926752047,0.5804739606401185,0.10943903182853976,-1.6359823299462501,0.1897629848807456,0.355351783749786,0.5496788531761814,1.2198661756276727,-0.6784034767826903,0.43639850207925646,0.6242951411701065,0.3113113785662437,0.727526886630388,-0.5410189054664839,-1.791431016642666,0.3646886355122359,-1.1013217753131208,0.14589210986821996,-0.4953348989576126,0.2934656073130904,1.4119809397703116,0.7521522930761384,0.6090642905072813,-0.5916759699819549,0.8623381972241836,0.03597330930402849,1
-0.3499576103034955,-0.18222049577254362,-0.8874790874011402,-0.01492584047907938,-0.2809420661746611,0.578765719579016,0.025728487720579743,-0.31861625885051853,-1.5668687152127938,-0.4515523731015913,0.3682154266744462,0.31304717129231663,-0.1645316634057315,0.05994050039746662,0.7057690285700227,1.8330765491022165,0.09973716951849362,-0.08374137920462038,-0.5477772004962883,-0.88484177287872,1.3068607994774757,0.1139411585779074,-1.3759064796640403,1.4877021893484508,-1.0935937699109881,0.9296278032866523,0.018467287483579016,0
-0.4936791959343924,-0.49099611226454504,0.6753893559167122,0.17338937437611252,0.16909596248747089,0.06229480418160294,-0.011239975933348998,0.46540753590259387,0.7552182106286786,-0.8159033875013478,-0.23422587118518295,-0.9022741099077416,0.9951629595546058,-0.6281179840523394,0.12602397199189655,0.3745772748481381,1.0936559334018234,-0.4928877973112051,-0.5662081265621022,-0.5112780940421732,0.926558860382697,0.5217471917246793,0.5416411471722066,0.12581467711140143,0.014704746571728938,0.5021243610268369,-0.41427082429574363,1
1.7988619567260207,1.0206097796575366,0.39649570960402303,-1.1868617168780322,0.6096844276370705,-1.3571803850482795,0.6093685354937322,1.119660308646622,-0.03812172713360254,0.6186645804122405,-0.14228063757076556,1.5387945774528942,0.4356315749592181,2.3661820154531195,-1.8513968069146367,0.08614268647252347,-0.2665293001834232,-0.9037273642540398,1.1096789378785572,0.4855484675914866,0.48133375502092085,-0.7939258183451675,-1.5136040060476388,-0.559669351110075,-0.42217431817164225,0.4554368412182674,0.9970500820571417,0
0.2724407418916195,1.0036311439502867,1.7394528098502797,0.18864519637258703,0.36589524283939573,-0.7996048938991548,0.21489267462036243,0.01012272694386197,0.24371635792147703,-0.05894484209368677,-0.3063719371267259,1.0302405565612816,0.3911007596937288,0.16553564612475682,-0.7860985180779657,0.2762813685261714,0.1627774695558206,0.5001304569845876,1.1026815425601395,-0.14825057794839724,-0.811548785218935,0.07104653224228874,-0.5650773510584365,-0.1479933489006985,-0.06441411221652919,0.91047218292303,0.5265696775361074,1
0.4058885068400562,0.4497640641297365,0.7635660007909639,-0.8191367574636872,0.47729943269373876,0.1807826478945659,-0.6930361415812023,-0.6548341756363796,-0.9093401121583742,0.4982414393521497,-0.555281346989505,-0.5994627413442432,-1.2126928908478347,-0.5219061621025091,-0.43031574759955254,0.08828706441761304,-0.07361468043603418,-0.7134332243728598,-0.09392054743405895,-0.06344265539410922,-0.7149808581500523,-0.4136926704655716,-0.7193998126892995,-0.23136976603639994,0.7802328767874565,1.1169760226162981,-0.6998958540191088,0
-0.21780230569876058,-0.1559865640813662,1.1201651492803262,-0.04110424503993274,0.23762937034064355,0.7410478036208046,0.4578097601061531,-0.7443104852135869,-0.5960540523521957,0.4477403129595393,0.846846803740998,-0.031909803624021904,-0.15246089491161727,-0.46336851505551946,0.6969943998799564,0.43290477494002966,-0.23268168762775437,1.066966332244754,-0.6934823322527548,-0.5908748863472095,0.5349081103697184,0.1680219590852344,-1.8249894456549451,-0.06553538795740026,0.5330522132226766,0.2972193330632867,-0.10430052377444518,0
-1.4023709193686689,-1.3393133323662532,1.3342761337384295,-0.8704173213541473,0.21309846331181084,-1.0067020441669798,0.13631811866539748,0.2061491205582401,-0.3870738256062257,0.24146787237060788,0.22008696298544142,-0.7906100065013902,0.8849750564639384,-0.26380699878693337,-0.2023941779926248,0.08763537107793558,-0.3638799035408614,0.5716648757245137,0.28620816701400187,-1.5147533032955816,-0.3934553501152048,-0.2528314341035613,-0.6353216904446379,1.0107321338242607,0.7890300414875986,-0.7252107748229302,-0.4682520957722732,1
-0.4697518144694141,0.5537453482693155,-0.9683560272392041,-0.3642874855991118,0.19662087485767996,-0.4120274450811051,1.5450075462598556,-0.2996196844042684,-0.16645232161270487,0.5934860536495022,0.2843500063178486,0.11058269835460906,0.5784734088910983,0.7908126033189972,-1.4006855887300464,-0.29953791278382885,1.1279048956533921,-0.14801595840507092,-0.010650887918322005,-0.8127128297553912,1.7957232605367242,0.21889836907818905,0.31808350448250633,0.20971524675638636,-1.4083123457103612,-0.003126569276075509,-0.22002930010623709,1
-1.57295552489254,0.1384351811076424,0.169027136048187,-0.7988867730971065,0.1877229907423219,0.06446862450250096,0.35073656608430004,0.10351496346843461,-0.06288198815120034,-0.584033380445892,1.0942959250907471,0.7724129924250959,-1.3958420692772378,0.3842675142471209,0.6357994225074779,0.2774024445770406,-0.23018826467522133,0.36648750162271115,-1.195881588026338,-1.383022074818388,-1.007086037836179,0.6414402080874926,-1.4875556309000901,0.76571533719741,1.0521288101404302,-0.2666490739707242,-0.09818488615290993,0
-0.38857322603965094,-0.43276624817246195,-0.5686353856672165,0.24452447799130658,-0.03382702109715341,0.3238475045499301,-0.09842735663054444,0.9979836223861881,-0.5335269490650887,-1.2719549114234139,0.19711323524061425,0.8013158362088841,-1.1721766876445565,0.6363568163408152,0.14011242117931993,0.6944017220243155,0.4877141002169843,0.0497807286971133,-1.030736177197457,-0.04949685699075211,-0.8771235501840768,-1.0392185575540798,0.6563664354489263,0.8232305644552953,1.1820343633540842,-0.5654088607459434,0.03202640033184735,0
-0.42837264661549834,0.503314908175649,-2.1074480072515374,-1.4470605431340213,0.365691562807047,0.8205930676686246,-0.031857677561024235,-0.21068976761531802,-0.4784398354169511,-0.621787620782573,1.2978843676745202,0.13748884678694556,-1.2584172197838455,0.4419146582015419,0.5571188427600284,0.6610647585879517,0.8772658580854966,-0.5584246254427517,-0.9117522411846785,-0.5010365798884906,-0.040551115073517226,0.25954912859422774,-0.031827111439958033,0.4821490037408939,0.8422843922314055,1.024874799648099,0.22929982387279382,0
-0.0022666493877977747,0.2823585353795967,-1.7938253175324934,0.5123430226856392,0.9350901408886619,-0.07274060950063536,0.5032236429024516,1.2028904469677677,0.1518043484184571,0.957252424557095,-0.16227056092485026,-0.4964780601816082,0.2760993791864574,0.7444818939329896,0.25319061574309487,0.5186634963054075,0.031677256735242056,0.278191450499054,1.0052012356484847,1.0112299197509085,0.20793051118592532,-0.6085140887715266,-0.1106243407855843,-1.149817174934216,-0.3798587840050213,-0.6245663728097396,1.066740977327467,0
0.3265340019131264,0.8218131437053053,-0.8894222338511792,-0.8516283859095638,-0.36448462359755934,1.152071977609401,-0.5404524629543637,-1.0242731867020942,-1.4730680014464674,0.7742517887285179,-0.4793352771295516,0.06653875487663752,-0.4701835482554927,-0.40772917506691947,-0.8370592707859624,-0.9030017263723854,0.8808602839620722,-0.22630136698091927,0.15876562462000168,-0.3154711682359558,-0.275814385488103,1.1483714240080505,0.15846038812491942,0.6668232365928752,-0.8202865485396398,-0.8531663838906264,0.9801842199043059,1
0.9208676481011058,-0.45355879665255744,-1.3484151892869758,0.31996268913389747,-0.6899003214008765,0.7003826321676381,1.2357522093352957,0.9039956581426885,0.38755612956400937,0.049118176200769345,-0.4221271512408224,0.6186139826133668,-0.32724030445442687,0.9373751953519247,0.11674567900800345,1.15803154487522,-0.4185348465178381,0.19130573467630008,0.12385734039233152,1.553130578620989,-0.4834994857708222,-0.3305530579141741,0.7618366816568903,-1.3564030852696152,-0.6722998117568131,-0.13279575091183937,0.6157226026311247,0
0.6920850850802882,-1.372108340428831,-0.773931554556901,0.15906912317962346,-0.06008631620036911,0.23414954113603098,-0.2642690327954585,1.1658757490602742,-0.4820757426653943,-0.8827410699299437,0.528191151444882,-0.7813987463057045,-0.29663201546485274,0.558100784023914,-0.11570491616621503,-0.8838235521670574,0.43591318524268213,0.48632552536841694,-0.09726121156092286,-0.9266411074802651,0.3460675043465195,0.31337074843548995,0.3508105904979473,-0.07677727019866129,0.4717725272141923,-0.5754116686949873,-0.7772220825617078,1
0.42952575322413367,1.411648914819975,0.19122016430743607,-0.266201614347419,-0.18547002029963908,-0.3597473432779785,-0.36218552610506766,-0.16542662472236278,0.4598115534840103,-0.05342803678001061,0.4092978443150653,-0.33418933939200757,-1.263611819423308,0.14924331210141545,1.117668825112856,0.2507218971728489,-0.009252437375531653,0.1642863780837106,1.1404405050814845,0.9850655688445267,-0.07244453862638796,0.05407681472246061,-0.9010735257930732,-1.2425875640518875,-0.028920012068348204,0.9664747485445343,1.5646843283903615,1
0.01964909472943111,-0.662720686260215,-0.6230502636768039,-0.3000114515279554,-0.5165277110022061,-0.8342979403495081,-0.42093279391200883,0.4195840514422802,0.8896853109611012,1.778568619541568,-1.3352732520552417,0.38335376498219814,-0.25631506091727063,-1.3130500854619473,1.570896823447421,0.5164723840432206,0.7600707718630276,1.6414716257900313,-0.04573415389012317,-0.558776247072214,0.3380106658047444,0.7073336778204318,0.05065486196365217,0.35256263705633184,-0.6725723522928978,1.791353278567051,0.5713955549168032,1
-0.9115922796262903,-1.4191797803220636,0.601128424555991,0.8035170877422861,-0.4241392154177356,0.3354953882095417,-1.0988526430301317,1.0912750548637424,-0.1157598594669424,-0.5863902453788129,-0.5055384985059787,-0.7718438258403086,-0.05717419601289622,-1.327964490997197,-0.47980920521549575,-0.6773058021569711,0.9351965508874732,0.20978259908337593,-0.5020397454176879,-1.1788381011137132,-0.7630720295374346,1.1149951967842804,1.180695108375189,0.26079576130986604,-0.18329967134100633,-0.07528878526386637,0.9052823952397839,1
-0.33098712350449544,-0.7501436488249951,0.2716297341669389,-0.12069117838428564,-0.7713298476604168,-0.00946555579987523,0.08020621781212275,0.7716785622758348,0.3187919515273069,-0.19500071967225224,0.14888326802704477,0.5279682190089987,0.7137908616771098,0.09795388830819067,-0.4151328677155301,0.1767844791198372,-0.9648789358309308,0.021008370091173685,-0.00867412924550449,0.751371751543945,0.8276774782055636,0.011471456430963667,0.5722963828588822,-0.5315992745364702,0.36680867881639195,0.4373587107977583,1.3728981863012022,0
-1.088012372072254,0.19950988657693597,-0.3139857673669583,0.014166535911178583,0.3434133402921804,-0.1873287488504206,0.4427840745454571,1.0809995164534758,-0.006782588165544951,1.988875129181446,0.5088151324390765,0.6300385446323158,-0.8718339438215904,0.8018576867141609,0.33316311270741084,-0.13042012501727368,-0.2801088147003354,0.9883819685161702,1.8591810738364762,0.629778599433818,-0.1932017183460897,-1.1521586109696629,0.2418922119887445,0.13532261763783887,0.36655313085814806,-0.46849434937510537,0.8669016059143794,0
-0.25842612629919726,0.42245966039652383,-0.012965694184711182,-0.4348004171872672,0.19755815472256794,1.308992222498809,-0.2766548276805254,0.32599281019526055,-1.1366859050639815,-0.9022847735176435,0.7444848606862176,-0.8768335145155923,-0.8204444520077493,-0.28255101729157334,-0.6604734290951889,-0.7038264564906093,0.5499194494801445,0.34711879705154514,-0.12731082433399313,-0.5072790071335768,-0.6080626464998067,-0.833066851681129,0.20860869157696174,-0.5381932789199285,-0.29259418433279993,1.587293169175932,0.48668153702386674,0
0.040004949062219394,0.5663953586165364,-0.5676197325843668,-0.5955400284387206,0.953622434747757,-0.10030827363821485,0.03729822961641753,1.1511151110492344,-0.7766918918080916,-0.3047320447934446,1.3817633855601434,-0.9605725198295133,0.14614005159959956,0.6318267765821485,0.18185016926966568,-0.4892903239366182,-0.10996979687177473,-0.7027359585420332,-0.7815645877383265,-0.7026577778124511,-0.9806179293197953,-1.2816326105437468,-0.1781665756039765,0.13128602359826114,-0.17922675150109466,0.04209254740364383,-0.2858282543094996,0
-0.4806196831750927,-0.8335489642901195,0.9351694601966817,-0.3506606992036221,-1.3070887656668584,0.609793628224031,-0.6892438645052903,-0.9434957603523525,-1.3079286475837997,0.3506691729544771,-0.10940493350848092,-0.3048980893371417,-0.5039417383366527,-1.233042296465626,0.28247724262023144,0.3339661011357962,-0.6384987406247334,-0.1381057109355525,0.568023039347111,0.5232119359982678,0.28961476782780693,0.24055559219933242,0.5307018934895216,-0.8434803991490316,-0.14940227856827912,0.4787605607873799,0.6025646642827659,0
0.6742395444110444,1.5144862869165843,-0.34788458902565134,0.3177003755002988,0.7162807756452725,-0.2436129540699682,1.1371170917752969,0.047759510995036544,0.12696331050868417,-0.8129148196036633,0.7504642045443597,-0.1948918780699124,-0.794282412515141,1.741578337281077,-1.2091009798625743,-0.41187443297506454,-0.9847339300345798,-0.928251323002732,0.10540891617143865,1.0877938297998144,-0.2808602985464397,-0.6209935992445541,-0.5530477916528598,-0.6008495285107961,1.5189700916808277,-0.44653742171059346,-0.19183345511665226,0
-0.4347101433307943,0.36806958624209973,1.8473729389557856,-1.2151142646383637,0.47986241155415094,-1.1012405401030474,1.0931078726769534,-0.20628858170481734,-0.015174914098573827,-0.1252180016527813,0.2518346675266805,0.774953651557217,0.972302285607993,0.7694835531568669,-1.1198814113280615,0.3554317845139355,0.03743205496800558,1.2601676643070614,1.936610944528156,-0.808448540196538,-0.01588726423916343,-1.0346742643950517,-0.2724597626611309,-0.6295347698794022,-0.3312939089938874,1.0754773430368165,-1.2279211914574206,1
0.09476488141920732,-0.22673871574129137,-0.46652206006621777,-1.03699865910812,-0.6458075012022102,-1.7025183370762815,-0.3000590364646311,-0.6777347439017418,-0.5535683464388292,-0.2937587117187622,0.07264719443603947,0.5989377231099108,-0.6120242913260163,-0.0014373609008705831,0.7713240648712141,0.1328753057348262,0.2805716831987729,0.044081385084625606,-0.23982464092256792,-0.5881615157050241,-0.2577694375242391,-0.4259074358873463,0.5396251111137126,-0.3496719939104863,0.042439899088371126,0.1840629850353557,-0.6727251746903156,0
-0.4143482522713347,0.6020418541877107,-0.8480397424114695,-0.9178617210870003,-0.669590154528003,-0.02287205810329744,1.8275289311731675,-0.4535895923364674,-0.26424007365887153,-1.2174241537767647,0.7774166655226594,0.2174131917785809,0.7441848412538254,0.5634574580027432,0.42614852834198236,1.0318664394362544,-0.5661285723822393,-0.08178039358509304,-0.2409534736009752,0.4739842961320523,0.42702385674111526,0.43364126082681387,0.3456438474764972,0.03921207000732199,0.6181562254406581,0.19767498898150365,-0.04737884003433219,0
0.042734829590435224,-0.20988305947502578,-0.6756159027702875,-0.4307850148065618,0.4578380739399007,-0.42567419174389465,0.509577441016832,1.196420681836538,0.4002104106412608,2.458800762814655,1.0552825188368629,-0.009539382654918147,-1.3101876051633505,1.2197437570031635,-0.33716992087818387,0.09667986257971778,0.4724810025691924,1.1043566418965207,0.8343899807627884,-0.0621957725682283,1.3356463726591927,-1.715069629665196,0.15429076189496013,0.12374096735195853,-0.6863413997347056,0.4236460930547095,0.6382963531322726,0
-0.2424606519665825,1.1470238677509348,1.1294523218247443,-0.6207030326514037,1.2175593164171952,-0.7933614309422482,0.4621972278318346,0.8088898242762017,-1.2007645971396763,1.0543666077337412,-0.423641579747355,-0.5658930038996446,0.1517692021276424,-0.5897017472288144,-0.19354307891900155,0.5482456367705071,0.970952522187035,0.6527434127322433,-0.3566925689449123,-0.36249729940608677,0.28421899711131354,-0.171119401494077,-0.3204028117109273,-0.7362069421911704,0.48332953268706896,-0.8673283103439393,0.2045275821358548,1
0.6187314084221311,0.5390627993183503,1.0021353359729828,-0.04210553464500747,1.450157939186714,-1.4094808857775152,0.4130110196822533,-0.010562722910539245,-0.5251868649106386,0.1836548860642224,-0.7270408020567262,0.2667362848141982,2.5814922265986495,-0.780202445763663,-1.0084181294732963,-0.44170270354185637,0.1506473194044854,0.2086340260593581,-0.7962726811627172,-1.009821096221892,-0.02733898332409782,0.69852668137144,-0.9821746775123825,0.38303064369639994,1.623886736585168,0.9244061528073664,-0.2550536091085682,0
-0.5034721002678624,0.5965694921435695,-0.4684736951790913,-0.7034367890029484,0.32147358784648294,-0.05255840976627988,0.47947513522387314,-0.2502347693258477,-0.6699345187625163,-1.0203561870033855,0.07272646424613935,-0.15304795477070277,-0.32790359896063176,0.37993861747603674,0.12768480723713654,1.2451922101874142,0.5461479441497548,-0.21621791246017993,-0.13093335885825289,0.0729413648413584,0.6446769432060012,-0.09208418806676907,-0.4719813554754633,0.034350850324664936,0.8670052327487754,-0.10984054419837491,-0.018388638548898408,0
0.32554426246750423,0.6596466049190328,-1.1479260050417008,-0.2855112193617058,0.33042374773733857,-0.3958875863952025,0.44894224072184225,-0.35720535011885773,-0.4512670051109855,-1.400436708419223,1.0794547264543586,0.04196055417291107,0.08063592417899436,1.3701474788825636,-0.6678454406544466,0.049937284088115055,-0.3427043396950066,-0.977548568030671,0.6279277980319419,-0.16100734183340923,0.03998552838646746,-0.12811048979553394,0.06528992444569089,-0.3938071106804332,-0.04600059920913174,0.31204380809554483,-0.9125197597910515,0
0.977202247414,0.7531674569331434,0.45564424549813903,-0.6183361700339775,0.10588587107918464,1.0824932979338746,0.5671481459691419,0.6681818108802597,-0.4336713709191889,0.1076504113251052,0.11775550138987109,-0.05601287506635042,0.6244808973081459,0.7953590508439553,0.03993900636175787,0.36912570801294214,0.06677834365390448,-0.18918461462242042,0.5293613045775737,1.0350934509814396,1.0374615114616286,-0.6907124005141592,0.7030013314702167,0.10924210332291548,0.024650262741863018,-0.9253399794386532,-1.050759751323092,1
-0.9857560573636096,-0.6194824940878958,1.095113948444995,0.15620587143310355,-0.8081850409713164,0.2623795528117012,-1.1501775883398393,-0.022836211970551717,-0.6044135366158527,-0.5074372273631962,-0.5444768742316977,-0.5172075697757176,-0.5146719555435189,-1.1747476310371692,-0.0739919890174209,0.09846749811877836,0.019045899791942208,1.1604695721119362,0.27295649732244825,-1.3577694401955056,-0.8627824353286769,-0.12790405090596121,0.1392682838173161,2.1182633404266293,-0.5632205499093449,0.9257289941404643,0.343727584355986,1
0.039936207439132246,0.2502425603128659,-0.4531195588678817,0.04360988013448652,0.12126971087709708,-0.03546386650755228,0.45989873330159037,-0.07762151420340563,0.14707621446667618,0.5730429883461999,-0.32519224291717985,-0.05276718203024497,0.44775493435912755,0.23279235738955634,0.6299229967631207,0.6505472628468905,-1.3093700665247672,0.014934167714287955,0.23608736139763986,0.8501284573073644,0.5401963890892753,-0.18198811119407188,-0.44123603061834704,-0.12502371219697916,0.3147478274382435,-0.2444131575073064,-0.7176064087209137,1
0.7144194051978328,0.7241657464551656,0.7293787259854458,-0.8346805069607549,0.03532202309865949,0.49751295057020334,-0.510384910525936,0.47281847015866724,-0.4741498098970609,-0.14472935611089216,-0.9153651223787913,-0.9353567390572876,0.5942522350679523,-0.1519947495776636,0.18441553964136043,0.6108330571315855,0.03625097187909925,-0.2508994694942188,0.5514962366098737,0.39405367780671846,0.3263966352933534,0.2677108372243875,-0.32564978213818385,0.1100847663226946,-0.5995270585823174,-0.8103924944033936,-0.10355455789757631,1
-0.6739636269108202,0.725089783805536,1.6063867379025916,0.49507494557115866,0.13191137446747092,0.16161038707005332,0.9281802297187457,-1.0310158123259423,0.191351609551182,-0.20656144201267018,-0.11381114510752594,-1.247369311020546,0.45668563413510205,-0.9822063487666003,-0.3149828529483456,-0.20792527791399357,0.7413047062319156,0.3035243213656065,0.8303333767014449,0.09706808002326307,1.0075254672219285,-0.10980031454437073,0.38136395951259444,-0.10083246706607266,0.5553811403239116,1.722931427116326,-0.7249003330797951,0
-0.18340355293634722,-0.46112830741880084,-0.01912948511302568,-1.1297926055572585,0.06678654647482657,0.7427633715988988,-0.19110732675831218,0.1555369611058339,-0.7659509719897071,0.5848275117975648,-0.3846583678379245,-0.6825327586304435,0.9407211554106242,-0.5173667267275677,-0.2966928456519037,0.7105039102829231,-0.11691747852723872,0.7046780871981734,0.38689078531076776,-0.44749429829542087,-0.37006774202363,0.43550265107340985,-0.26858865984597874,0.7980869417399575,-0.19044319197517676,-0.4656915934140427,0.7494063028795486,1
0.06590808479201364,-0.482973277780332,-0.6435110768732084,-1.5987363878290572,-0.3680470308568585,0.42913116898250886,1.4940873494900702,2.0601995612210042,-0.9812358173174754,-0.3452993408631913,1.1894958957425221,-1.0376565157447597,-0.14108016065224632,1.0902812510180708,-0.5873608696150944,-0.2516976500609073,-0.03198324410239387,0.1691521084958619,-1.154950643828828,-0.8643093891868334,0.15116093612926712,-0.883354622297043,0.41417178457883413,0.2558317540968672,-0.6057632196156845,-0.019157331985224176,-0.0035794102747830855,0
-0.23048800066181377,-0.022377891507521258,-0.34760217614054845,1.0380414302368959,0.5657513660903727,0.5077216392124669,-0.7788883174170238,0.09591941598256241,0.10992957905465034,0.6528948871375576,0.7848689781938083,-1.0790716404964757,-0.3227567571029537,-0.5493254371167943,0.2848287082876619,1.0162098872448748,-0.44284850171456297,0.06903292316806485,-0.8537677724100404,0.8473631279120658,1.3616569355293886,-1.0160941931041598,0.7216633982954956,0.4326144191099491,0.8151871198769247,-0.1420270180833688,0.6194380670561436,0
-0.09629584006085364,-0.9275854684315877,0.4506093820431443,0.8240397099370148,-0.6253655497612205,0.34569536757498365,-0.8070766484069881,0.20016809578846784,0.9203099633536088,0.15233074796015256,0.2508689126034631,0.07443413473786992,-0.14054428594060317,-0.12922594924434974,0.13766787882307321,-0.5560767714449767,-0.29998002835825077,-0.6247023464217002,-0.6425919258390606,0.019478472500770526,-0.08514261664269596,0.1023085022445545,0.5191626936930499,0.9560140742127446,0.006365772096044368,-0.421566713512269,0.359398390704832,1
-0.09798273610883125,-0.737100132345266,0.9892923072638196,-0.038954689673504794,0.032218211313467665,-0.027162685694161786,-0.3169596928869569,-0.5018609772844721,-0.0011887177320708288,1.567630885242948,-1.3275680200757218,-0.384111287747078,0.7198047875810437,-0.9030152320424767,-0.32655520758271356,0.17243536585642227,-0.3427337804231411,1.0665408761876247,0.8824284732252153,-0.4260264608837812,-0.012704784871365686,-0.5185306902726023,-0.7947111338755496,1.343222544836549,-0.22334775302241186,1.0624287624962208,-0.10306163516274261,1
-0.7904716094395605,-0.2006113646407866,0.7588897548547863,0.051035461670126424,-0.16663670035907982,-0.6220591254820425,-0.7653253350375092,-0.7810879370828115,-0.15347810386837318,1.0334427541096427,0.7573648854032385,0.02045311230704424,0.5118247150993787,-0.9670498486459003,-0.08738058589046659,-0.6694666437505651,0.2387355077225551,0.2717818877810311,0.061343118016116666,-1.1552496534852452,-0.010340364930489697,0.3149809040532322,0.7612902823988733,0.7450591425920393,-0.7136963334347417,-0.02531156255172304,0.2785763764607556,0
0.5911931540766249,-0.11960789201444735,0.21270550667417634,-0.04031009691634319,0.3111077764603452,-0.11253687964002862,-0.33664779552001545,-0.4299594164939877,0.49478525128367823,0.9134868959797942,-0.2153978248476479,0.23133100358360137,-0.41983200926194264,0.4407612143547146,-1.1001039488998623,-0.34218580879993893,0.027561603652100204,1.130752330770266,0.5073591269815968,-0.1746372274369346,1.243803599210488,-0.7343777689250148,-0.5569405918864662,-0.48426402348174696,-0.5940676351360098,0.48061061167359787,-0.1267538566014599,0
-0.06997670520936328,0.5030714505569203,-1.0593713492912913,0.7597588389554673,1.417209256913061,-1.8373730172277163,-0.3641131441119686,0.3848720770475094,1.2998922540439592,1.4378876263008606,-0.22100451804895102,-0.5434717036857897,0.44514382291437915,-0.2662575471196234,0.1163824596130975,-0.3892659164182805,1.697914769658466,-0.029991370082479273,-0.6350548789158115,-0.32201719068978074,1.0494272347122025,-1.3845516392578319,0.3252477967067983,-0.6818077653490401,-0.9345367992532725,0.9832168952026009,0.7122261393623801,0
0.48907783805156235,-0.3400552102011255,0.2820546746208057,-0.10873648300931892,-0.2757904962131232,0.017957557928741524,0.23505092990507975,0.9973955918593722,0.2797456370347474,-1.0299076716384612,0.24871299061630853,0.25594227982406675,-1.110466337913801,0.412969655549079,0.34959594313671755,1.0138820737833825,0.5241335619995616,0.9206974726869661,-1.0862016126157918,-0.14769093096662797,0.1628380382613055,-0.03643134168077752,-0.6367913965873466,-0.1307515397723177,0.7603886417222767,0.3182818938175386,0.9491898723352995,0
-1.3268447251406865,-0.4043583730192983,-0.018572928583102978,-0.4015962373237676,-0.03781073822217852,-0.23185843881651041,0.3838097154477776,-0.07891521648081364,0.006909089195552201,1.3172037553362297,-0.22627264589177615,-0.06505502621771739,0.9247232334546408,-0.42712005379711576,-0.566867102573516,0.2624373214133937,0.014792813165079731,2.2440502861409946,0.7759117212377226,-1.2895024809077562,0.627038118280141,0.2908523574597304,-0.6546454827982394,1.3079491234964187,-1.1487435605023966,-0.04204095487230528,1.256947187005036,1
0.7164439403776952,-0.2755918315002541,1.1636451489860344,0.4824021172122741,0.09627009772430949,-0.039659022510662764,-0.10160407406735061,0.3953450900366971,0.2687128345015683,0.9024169456949115,0.6261705901894742,-1.5906483146927861,0.5249511707966645,-1.2405093183715776,-1.0639878235885076,-0.47328226967689335,1.0346775011379974,0.6151074354957096,-0.9007285555831628,-1.102765632908902,1.2897096157861998,1.87935992183305,0.4001629465669777,-0.0552784659877745,-0.3544399946658482,0.38508240296968,1.4186755006740137,0
-1.3300449455483965,-1.0889289009064809,-0.06599392964662165,0.20619692946796356,-0.153745076078321,1.1387147472133206,0.7823115544786631,-0.42502631471838453,-0.31646169818333625,0.23110507494807886,0.5753608113382471,-1.2169956119928371,-0.044918173228646475,-0.13249737852298488,0.5851123737188574,1.0535977142614295,-0.7573704665437123,-0.9726519160079982,-0.49189693503499404,0.1480160955657359,0.1279491869471843,-0.27284771973074956,-0.24257804835275568,0.5211909998798324,0.20404368676379012,-0.7010828734978019,-0.8849581792408787,0
-0.8129619544601444,-0.10214293633226833,0.31981247395296536,0.45054203831085654,-0.7305036278210159,-0.8358867783069346,0.3541377750805799,0.1766887974051916,0.1985713185782076,0.11658052143525882,-0.07056183651534394,0.38429396768723917,0.5051900862803818,0.3438771771437511,-0.1592411992407021,-1.7294694726875517,0.23584721985315554,0.6977169647957803,1.1987009246255802,-0.7009066631182088,1.3647098545934506,0.566999235746236,0.7535536502801153,0.11867968062318118,-0.966051957857779,-1.002473173879345,-0.7904695909312399,1
-0.2322632659347475,-0.6166356437782401,-0.4930263500837664,-1.038203203464762,-0.7349641242998248,-0.6008003645163777,-0.5782624489817911,-0.6288088660091972,-1.1556956684207815,0.14968025939056104,-0.0007152389819876988,-0.5978326632860108,0.23247768677077243,-1.032414720144486,0.7858182025891571,-1.1963649170688293,0.7258470772968106,1.074482626412963,-0.19766048879856044,-0.7399277649336655,0.8515747801613296,-0.9346657788566372,0.38139546698260524,-0.16398982164429662,-0.18215993871773797,1.0221441292802584,0.38516872781498335,0
-0.8518496435199886,-0.0916455090052295,-0.12636389125017766,1.8450091945425569,0.10043524466932764,0.382423498884545,-0.7430928728390878,0.7620573610032301,0.5691678438654032,0.7757514132527983,0.038821888904180896,0.5012937006877347,1.0911286429053364,0.027512710985434105,1.1825913266434556,-0.011742664242397817,-2.0853024454121707,-0.7426679050717531,0.33087341164892786,1.2986966835628595,1.100491866800265,-0.42232584833104875,0.30963871479145333,0.7811464396583124,0.12937165768387313,-0.9209833449743025,-0.5706325713085605,1
-0.8609942426249915,-1.244613914681868,0.3465188439648987,-0.6711468527921618,-1.0894672599951476,0.693032709936629,-0.382309301019593,0.4849442041949582,-0.222307682415934,-0.11369103127261361,0.8963073410301672,0.4605563438851292,0.1683176378969895,0.041636510191478265,0.6523428446105446,-0.38598596836895355,-0.6965372300208615,0.30879808384305907,0.11034700315893205,0.3763841176880787,1.3057708299777724,-0.02821182166339672,0.474295354993532,-0.18985689914192763,0.7032835457483056,-0.49045863040942883,0.740289495042198,1
1.886185793915964,0.17359210145024156,0.9630166507188843,-0.7994946640264017,1.4542862771649891,0.014739738647546937,0.534537687157219,0.31636758841786,-1.0310764460860256,-0.3431275439827839,-0.47066071693362405,0.2192257587042525,1.9586272329901275,0.7420076594311811,-2.259556603762967,-0.000283703630390072,0.16528302913394113,-0.8659578402259963,-0.862156623126197,-1.3028978810460772,-0.3606461514291355,0.15778885884804816,-1.6091037637317598,1.0367744548187317,0.5282138066285686,0.570720492732595,-1.309938276897396,0
0.9040413814968675,1.7115102156699256,0.3221092052713712,-1.1089939764322823,1.9873650897881001,0.8465503329360183,-0.43805613641468183,-0.6618223878325796,-1.0410035398080386,0.91086796856501,0.5525101339046593,-1.560678163374414,-0.4916739712905616,-0.8710947153065028,-1.2574992810837424,0.7097059130148735,0.160420389496523,-0.32327295290750085,-0.1208231659262121,-0.36843141762836434,-1.5703742034192631,0.9272734675388218,0.4292023294276101,-1.0497381458464272,0.8289299612990252,0.17554219536432036,-1.0673994716114403,0
-0.4259347767371725,-0.41725842605196994,-0.17910082880514985,0.3631872118400224,0.605579452151158,-0.19706989233112135,-0.9827898442380744,0.17316139237050643,-0.16144581029972316,-1.5195416548427827,1.2143690632676614,0.08385216932759788,-0.3352927962126466,0.6414528729980684,0.5639172152997999,-0.14647973919721846,-0.331710445812251,-0.5098553003396225,-0.08142648829713554,-0.541029517581531,-0.8136066865714189,-1.0378768379008336,-0.41170155217860455,-1.009209741708022,0.020351556926254746,-0.11109994033861317,-0.8351154652515596,0
-1.047617738817883,-0.5602111574608802,-0.15178863032828277,-0.3240855939073812,-1.3117436450357025,-0.28329298948105724,-0.7304007895213457,-0.8413838037125934,-0.11656212673313145,0.03842883391365776,-0.566105919873045,-0.3707935474242871,-0.062478046427418533,-0.9694305856081069,0.4162608119325511,-0.47174680422907833,-1.084145481584647,0.4064815785030059,0.43641131756040774,0.7739029635134387,0.20519920410932665,-0.3110055640431652,0.6954846506441127,-0.2132565234555472,0.38146900821021246,0.14216653544994418,1.2046072115387878,0
0.001374832801482031,-1.1169455846239804,-0.7815561597006941,0.4229534323275045,0.2899284664164163,0.76799978169915,-0.25938592449992365,-1.465566851201372,0.08055860408587631,-0.45263872632614677,0.46864394994729514,0.17947334862531072,1.0855328564356934,0.14855487113131194,-1.3346557296184887,0.4278676094450701,0.3977251322515918,-0.2208038854856323,0.272364472837487,-0.06855233270861553,1.2698275991857217,0.0654949432496396,-0.23455070533022968,-0.09606275638197743,0.16731824630825712,0.6985720243142265,0.7232133071145309,1
0.0871275617114749,-1.1599849312651371,1.2890249497855943,0.4123823593103858,-1.5343337324890947,-0.5418626618714107,0.8456952063469532,0.041287246810369535,1.0380242430982616,-0.3903604544477405,-1.0057062503974141,0.633370103828267,-0.04665836789486769,0.8558159840816079,0.32104350530046016,0.5593594292514664,-1.1364265188969627,-1.4590103763983984,0.18665325836920402,0.21492514577704105,-0.8116060849614103,0.9636951089498502,-0.7942759967692892,0.5696383340450896,-0.7257455510070405,-1.1602468142730982,-0.9393684964572486,1
0.034662163143153485,0.6238162261369459,0.23226537986216347,-0.061695474327970706,0.6510376630090708,0.18263371191267255,-0.08842628676435019,0.32315513497514164,0.48441495910095556,-0.12306368420099123,-0.06365502595671152,0.23794891784165,1.2453333254036394,-0.15478326976660475,0.80636825002888,0.7933434488896394,0.7182539005552163,0.6045061858658093,0.1984782400264286,0.4470155631498906,-0.061640588190008186,-0.398660660003355,0.3924148666991057,0.036948628849136585,0.19678445436893027,-0.6127154539336698,0.3075301238372102,1
-0.9733528888809734,-0.1622054498038246,0.8645449387013818,0.3894765235804816,-0.3601815159061706,0.5258516448218051,1.1416859739029965,-0.9062886061488243,-1.320885203425157,-0.21718042309385951,0.39900833185889645,0.11302223947682084,0.151531285298911,-0.4990478017994243,0.4903396674485511,0.4108098927261729,0.31291671088973516,0.10640319755884017,-0.06037251859591452,-0.7694509887941763,-0.40471138775851123,1.1605704148307028,-1.0873596935843797,0.7203793369949599,0.3947957142836708,-0.488380452665476,0.046508916452007595,0
0.2011543495679288,0.3212915032217447,1.2357296374554274,-0.4372836469926007,0.8311415014309607,0.16249654382672285,-0.013544872992332655,1.2837109008821628,0.06636206958518207,0.49340277983072395,1.2266464001345911,0.34619987405661823,0.9825094524813389,0.18317026010263304,0.2673103285882359,-0.2142631203842596,0.0373014795718206,0.7717653870723166,0.36615554700415137,-0.4308525690040861,0.5220906684155278,0.3937632282066156,0.13539078615846264,0.20351663955959473,1.041089095123589,-0.2141792016719696,-0.3157385010480386,1
-0.36155955960277536,0.8189438878287676,0.015103345890978582,0.969206613938234,1.3277835847737096,-0.08094907293059356,0.44577769988169774,0.8866366193371296,-0.8695750339928208,1.6500165429641689,-0.6830454346831515,-0.6222667172431376,1.692833572422836,-0.9679065997898816,0.8659526934456306,-0.3619515590346401,0.6396242240466808,0.28792685477934804,0.6228006938401214,-0.09482282494207746,-0.3792332677731817,0.1614213968199799,-0.590786238463476,-0.3438583234908943,-0.6176315888658979,-0.20188869545511676,0.3611318639643362,0
0.29480955355597294,-0.10484674685941466,-0.6965564698405582,0.5769247842659326,0.8568123845053404,0.3328933024505457,-1.0032064878247389,0.519323670476483,0.2586189128979573,0.9769452257860859,0.9088722021148292,0.08380213014369106,-1.2122809934611605,0.8695057007991974,-0.1574325770830076,-0.8405968750077843,0.16232767854704208,0.6025863745570511,1.0743074536177053,-0.7468172267858758,-0.39599354000536946,-1.219437304000419,-0.5906414395959634,0.5437537471549552,-0.7969209702542654,0.9379987865642414,-0.2474380004954705,1
0.27723380973996303,1.5012997620348976,0.11293731173557446,-0.5589105864120939,-0.8524266663789773,-0.34935355145224106,1.691533897833997,-0.08730676550986591,-0.20896648733181727,-0.2380567137647859,0.17626499166834333,-0.00471596664886591,-0.16908286238344492,0.9743929687476484,-0.11064755022693887,0.0771463219561998,-0.9775591739980503,-0.923126197505943,0.3387244396782918,1.28680556899191,0.9370029836249142,-0.36789380727821447,0.2876590863339612,0.2362630443334666,0.2857141286489586,0.39651793799076684,-0.35289770921282076,0
-0.28626463466586216,0.712911476821853,-0.6242891254157267,-0.1280520105503491,-0.5286444451777977,-0.741368649858777,0.7170514137020833,-0.08986048861963328,-1.5141504112031319,-1.2975723155561143,-1.6702653501211582,-0.8453429038093334,-0.20109861840468235,-0.38027221690618707,0.23786023202440246,0.8254417005685571,-0.009071946388457892,0.3679448501800333,0.5144643042594019,0.43879635753161267,-0.3420068438182636,-1.0033579335732477,-0.3130737222472447,-0.6389081991373886,-0.5703935957690741,1.1223336439223497,0.20012614229882378,1
-0.5074150995236473,-0.31336701062321637,0.27050623644534866,-0.18290403873060235,-0.5146471158264982,-0.19510086411924094,0.4771209399606195,-0.791084022640341,0.35251936473297757,1.1182700731501505,0.7990428747836013,1.003739795105739,0.41961762535335073,-0.02359109445449748,0.9579214547353787,-0.33938643345165853,-0.6108204882172656,0.11171946924783636,0.15776654601050286,0.1914110042920347,0.30612480206301945,0.05368901752525366,-0.3676381897416598,-0.5856760899838301,-0.24055699373570838,0.14474285738024711,0.17557975654801855,1
1.020766204320286,1.100924307397044,0.11217019568407648,0.904819221685484,0.26479061683677685,0.9887264953128149,0.1546944164215384,0.6364840765970661,0.08655147408416,0.3250192323677379,0.08970422794116235,-0.16868312529136784,0.16279443594467083,0.15110770522080258,-0.7935579691865756,-0.12161273561526643,0.1843755888952282,1.0502049235622877,-0.17029746065757315,0.23710889268707996,0.3802357575511787,-0.3916357505753536,0.7639259541501622,0.5756698973273656,-1.1004096227071791,-0.1441833647406093,0.20930957662255323,1
1.3354116482699054,0.5911802530017969,-0.2974398372806071,0.17551378571458556,-0.043933049030559314,-0.7642616188868434,-0.04982963778792533,-0.07125737283300398,-0.4299150726622169,0.6220920642269254,-1.0248854903302629,0.7766689792615059,-0.8287388280562566,-0.03411875931702446,0.7896753983476399,-0.9880653601467144,0.5033478856171331,0.37028338188968496,-0.6529886617818632,0.8847362603111134,-0.15588385851277603,-1.6537438637236177,0.4273463510284494,-0.46411581295572407,0.9963913670085444,0.31030229294515266,-0.7641388682893211,0
1.6261534525707484,0.19051575148924907,-0.011018808630971705,-1.3021011247080378,-0.5859354621447855,-0.33773961170602024,0.2947209428220717,0.631861125930911,-0.818575983092698,2.3678850361311645,-0.6923833406689438,0.4030687908190235,-0.3236733177190581,0.1882162218984958,-0.0031179726924488644,0.1196211892838197,0.0016452857520866107,0.5665828622911149,0.28371110701639773,0.2835479394678697,-0.35579718270570254,-0.46051045512588673,1.3064774894858258,1.4397281733271337,-0.14257178919157873,-0.834178827596588,-0.5650512376133108,0
0.4117313663883234,0.5338513281939092,-0.008418715818425453,-0.8883766927384313,0.5925590366257445,0.8330335363475029,-0.21795014119266565,-0.38385390163556227,0.43947017717204556,-0.29206401856139025,-1.0294397613252062,0.18279303059448834,0.07039192024253632,0.4106550869127735,-1.2084105941673993,-0.17108360210001058,0.6115232013030188,0.7185311151032295,-0.7351868061149096,-0.04544622088299272,0.9753522681056735,-0.4447923361653751,-0.10277747630213668,0.2873745839486561,0.30277625736757474,-1.0332656837436738,-0.9571884369893134,0
0.6437293602350269,0.3199797003892834,-0.7380126697366174,-0.21948388884198405,-0.545742085634857,0.4673620215543957,0.27144188070307435,0.3474274242152012,-1.227487510371469,-0.8424750214849749,-0.9715641345184726,0.11236849015533944,-0.1499297824872186,-0.2275106539704876,1.6199641045326605,2.350799085077012,-0.384125579333213,1.149054389106129,-0.3455335587356833,1.5695372577274302,1.1450456544761218,-0.5925393760449202,-0.6191590866651926,-0.6262703923992916,0.6323601658408505,-0.06756853482879663,0.8387276357230474,0
1.481493193011266,1.585523448954134,0.41978249828501757,-0.8083488648086213,1.2238763776048238,-1.242591325533986,0.2932262569432467,0.5898649029040692,0.23810885420575395,0.46423123216640644,-0.7853746911674041,-0.32911615652741355,1.4512095720975322,0.6512371309994539,-1.369362511192329,-0.47254601425117654,0.5310193912566985,-0.5461478689971636,-0.42370458232864217,-0.5767713920639788,1.0063653124256189,-0.14455028634034317,-1.0451669727427209,-0.06209611802742533,-1.0138296752389722,0.337987682229209,-0.3899819574076736,0
-0.22393815577032528,-0.06682299116005361,-0.061885319976001996,-0.0027519232488056877,-0.0012124018130430935,-0.16570286596495232,0.38132540499996687,0.6983221763362748,-0.46734209039650326,0.0784974296726978,-0.4793984833467006,-0.20674147936877268,0.38949626978748036,-0.681378360998485,0.4808315648929838,0.7909305242837319,-0.6035008681088903,-0.2097847719034207,-0.468887403350643,0.5739015694057151,-0.8752072788115282,0.31556963108846847,0.8652042018090521,-0.6394907050312353,0.8353280709465218,-0.08969306324037435,-0.07884972801965344,0
0.8747340796774624,1.0924786568931464,-1.0668233957615492,1.3198446593959658,1.2642635873922892,-0.17394160276152254,-0.17913715479164838,-0.0482110740541011,-0.6881391845142648,0.002603077293586098,1.0876159123867415,-1.3875058535972453,0.6991048320391317,0.07239834063675853,-0.4839812627427437,0.48240683531431255,-0.6793977447310039,-0.7426313072407827,0.012687482660775282,0.1342663435369291,0.8307273199800453,-0.12761324114481776,-0.11552160792227767,-0.31359524113001036,-0.48133768069752636,0.8404075743547186,-0.13292929377388654,0
0.10647905622562023,-0.3755063400068401,-1.5464998669855434,0.9116752375294089,-0.012889101576069392,-0.7995408861980694,1.1003473803865458,1.7952822036708953,0.4864175052899475,0.43137977435889713,-0.6977470665417116,-0.003989422072710329,-0.09384723644090846,1.2053253876541423,0.8126456294256327,1.0112880854558228,-0.22828891534343704,0.6566361141355841,0.6149058531806643,0.8122814186731725,0.630345560701254,-0.5170525825861466,-1.2240031044200133,-1.3874920826828578,-1.405932365254641,-0.49246182760374824,1.4283782023743392,0
-0.6241476231256844,0.8508092510266003,0.6274112202638951,-1.0708575081658134,0.08668945326151721,-1.1623037753378285,0.20360271136059535,0.6134704054971479,0.16789995345893272,0.5047141720404457,-1.1545128488931904,0.9283549837666447,0.7243353188477477,-0.439922010406931,0.21184435931751755,-0.31394997471735797,-1.2646730198506202,-0.2101412041476807,-0.5339517315503688,0.058408395109513074,-0.7639955929309455,0.0015264342439174087,0.18383044692939687,-0.26656528676922636,0.5018551635265649,0.6132705083462854,-0.984603431374831,0
-0.27546948872949517,-1.9781633338544073,0.3581046620355563,-0.21820343142231524,-0.6658232023244314,1.109868671983223,-0.5057841889150686,-0.3264345512261949,-0.8581938931929927,-1.3918087956607832,0.3141809984416278,-1.4082354559155814,0.9489971122811818,-0.6698797051915415,-0.27015898537992356,-0.8218876098425224,0.24968865433226115,0.4848811975405944,1.3227271727002923,-1.0462099501852595,-0.1437652802197462,1.5100959951557937,-0.716023639414989,0.7537625839389405,1.1988632229659166,0.6633494068138666,0.8923768072990089,1
-0.786791578892645,-0.685863925531121,-0.7231525969055538,-1.0736371669241342,-0.16956196757769687,0.07777735417856652,0.8162819422284635,0.34140309147828,-0.929843781205738,-0.06804934021175205,1.7252901883320064,0.5441732753707624,-1.3127824927781757,0.49133400869767296,0.2341411327890575,1.1418700631317915,0.47932241596319497,0.36174965050828733,-1.0259479481607225,-1.9166325021821728,-0.3254700256501257,0.7096805077268177,-0.05898522863721815,1.3184789346912051,0.2586805606314115,0.46082914519623885,-0.5776575553747388,0
-0.26818106312371803,-0.04506167459573181,0.17314795044304623,1.0457276382658771,0.713623150154255,0.6588526793890273,0.282183202471028,0.5239389710365402,0.7186463041583865,0.9236674466404898,-0.6310773616390736,-0.3832522735291584,0.3623510422271814,-0.17827485321489037,-0.7963663643882586,1.5992871479743378,-1.3666801592091544,-0.7104488632889887,0.3647834685864466,0.6603501995828162,-1.4851402789540586,0.12188486623399615,0.5941799825636724,0.9350093414819367,0.18445758114896707,0.36304215286116975,-0.5764127669785257,1
0.7842029336085852,-0.06573807739551024,0.8804693442924708,-0.04635792770585303,0.011944861775706448,-0.007867171458862511,0.7469593688752636,1.3070330433235544,-0.5039077969165537,-1.2460570556410062,-0.37933554357356053,0.2678663580597214,-0.244887878228679,0.6967225351481875,0.09978519040421041,0.4899081372706555,1.2378433714002568,1.2758067672008964,0.7938336634564354,-1.0707951203004007,0.08766786780236248,0.524179016083922,-1.2634631117865485,-0.22971515089393044,-0.5445883784384328,0.6964647264121231,-0.41956008980803705,0
-1.12678793468253,-0.531096548370411,-0.3268980843984604,-0.9366897447288484,1.0117210082126697,-0.7038728950177514,-0.37519915801387616,-0.23722358956602999,-1.2908335406356923,0.5744478986631278,0.01852373918320157,-0.5254400360914896,0.7931121799780072,-0.709176556810703,-0.46243483981141614,0.029690090866081348,1.1015799153173167,-0.07136722221596555,-0.12239376533569242,-1.7951535207823734,-0.7309445484810357,0.7044857569912347,-0.46806636731235507,-0.1793938163610833,-0.16549185431231855,-0.8389318800638448,0.3249603327369967,1
0.434423805015811,0.07672147461245153,0.8273862400072775,-0.6948826705275308,0.22522760368982794,0.9858056803552745,-1.1669055967109296,-0.3979516950088029,0.8710009027521822,-0.6216506433384603,-0.6240867493495613,-0.6966195966944585,1.6271488872355764,-1.0275954345951495,-0.578629819450018,0.2538702942816307,0.7397226014440919,0.4982852620164983,1.0997283301363734,0.012870729229662467,-0.9688298823516934,1.072420925379457,1.505317653415859,0.13126109357901636,0.03393512475900607,-0.1734368739699023,0.18667015318458952,1
0.38930183690601,-0.048696472392374464,1.8752845194073215,0.05191439319332065,-0.9581326376830505,-0.001678497632799996,0.2473151646486721,0.25106423359185404,1.2723751511167243,-0.09188609470727943,-1.032981108292494,-0.4577487771282191,-1.0013183788067463,0.6102646537572762,-0.31980146041556046,1.0007262388583826,-0.19664128505031198,-0.5006505511397917,0.9423944831098628,0.7221500386551003,-1.0340326460194886,-0.5095626782950025,0.23808157955653314,1.1872664453229484,-0.490170424998827,-0.5953391264478061,-0.2663957740724705,1
-0.1418205752156944,-0.20996653339955829,0.30152575573708196,-1.0243422531060649,0.2142660057310973,0.34751394961233734,-0.7642344201844264,-0.40833838922957755,-1.072620966898474,0.18364691648829243,-0.4966296385156314,0.46325465975260716,-0.9449710434000422,-0.22553520761179804,-0.1209943687717056,-0.0722798313561339,-1.0255084176198148,-0.76640817558281,-0.13082591317355122,0.571246471188258,-1.240521061260617,-1.434419873451352,0.10824159946763756,-0.8340134701054602,1.3341089096160028,0.8838261353429043,-1.2919295084786024,0
-0.019944907668332762,-0.0682447397552078,-0.19883147376033616,0.17821172128527552,-0.23104648481332993,-0.7922192311048327,-0.9089605150172828,-1.1037717389494939,0.40652375268845103,-0.18663041701687827,-0.5875161095691595,0.7726605706352231,-0.747811924758905,-0.6286120598015301,1.3290597611661055,-0.6681008841585679,0.26936208720015203,0.5840848774926003,-0.42202041598653517,0.04847217395052621,-0.23708897045703023,-0.8794438892398561,-0.03944911461203955,-0.6130858023621837,0.6018098722167899,0.8888540397201365,-0.7739137051896421,0
-1.9082456272978903,-0.2950026357908284,-0.7559264020992091,0.32521787690925846,0.2711460729154745,0.4079483772076506,-0.18769495598807767,-0.6088970756685708,0.036346647961074924,0.2659833060281076,-0.3004616331644062,0.4448887521484498,0.7132097392759813,-0.8281566434004811,0.09192654555689422,0.9667195671788519,-1.3674336385951573,0.5727895756015486,-0.45468457463610096,1.218223707792982,0.8487033073801841,-0.39440757036107993,0.7831183005429994,-0.9982410525801142,1.233726610870853,-0.6971940579290388,0.5032108486666897,1
0.6583773279081211,0.13647646788385615,0.5673924091353526,1.3878740158839349,-1.5917228192611945,-1.6486330017826198,0.7992623589899065,-0.4686775715844296,0.3698216145050292,-0.9237301975782058,-1.1309243983668331,1.3438168652241966,-0.19025733068366593,1.1584316213638302,0.34099573881049655,0.13164823052457247,-1.2718226467384173,-1.1918950414311371,0.7460648192533519,0.7041736674468113,0.6154897787952187,0.9671153043422863,-0.5416331120550613,-0.34755722124918337,-1.089223109874907,-1.0787199898252808,-1.3043964482080987,1
-0.9187030211585755,-1.1648004492712343,-0.6751240191899097,0.21013278124262638,0.12649207551683075,0.4234722967550009,-0.9339273306170522,-2.0493635327964004,0.0797433709274707,0.21193921324112636,-0.9707539844270597,-0.3587183703036095,-0.34349261974295053,-0.8158664840998916,-1.4983133489214058,0.276844436064084,0.31207473716558887,0.34933895083882816,-0.4256605664791933,-0.16286830018233514,0.01613654415718055,-0.633935501036215,-0.2124597439754604,0.7285002769246779,0.7809909140119531,0.17164792551588376,1.0699665211944653,1
-0.303692572977868,0.8857180532423731,-0.521788880201879,-0.7618641965402503,1.6826251477668837,-0.42242506276019925,-1.693975463911061,-1.268166721439624,-0.8592640414483035,1.673356227240663,-0.10355287645557576,0.32994301777153767,-0.10291065605860221,-1.1830280103673185,-0.41737278287877005,0.605123104768428,-1.063609216881724,-0.1050650376806023,0.8012435505586295,0.1890169130752918,-2.437888073376977,-0.4395117943915086,1.5739241203848564,-0.873952507680929,1.1613990034218706,0.13252487887238895,-1.4132336680629365,0
0.04640655012324848,0.01603599950573364,-0.799132403218081,-1.2512931211964327,-0.6224201288871067,0.47961916854958364,0.9327658302423191,-0.6291903512058559,-0.25729750804703605,-0.9725956920202474,0.04491045726115742,-0.1820434525671849,0.6602734106172221,0.12763422624300733,0.7231815618069057,-0.46153920121673087,0.9565998398077995,-0.1725044870465181,0.2721817584438149,0.3848072407598845,0.4233066349315677,-0.17136811239922348,0.48806789452185245,-0.4583144791194629,0.5079849097123114,0.6680489261590975,-0.27876572299530317,0
0.05847449816916121,-0.6919852276290925,0.4714616667269115,0.891822333459524,-0.9949481465658901,-0.5715122523439853,0.6749479997812934,-0.6614906063059518,1.7557021452277175,0.1185291956548918,-0.28525169645692317,0.37497019985168756,-0.07914839050763606,0.5218102446128757,0.4807174022800044,0.1745367280077165,-1.4015049007384444,0.0865414907022491,0.5935390663417003,0.46041631428220736,-0.07767944102400905,0.8435631382902117,-0.287581598530761,0.43458120220526886,0.17515178447675914,-0.5611788385612784,-0.8611115874341604,1
-0.9563406342525556,-0.5504424038151097,1.283723585860289,1.2516593752816614,-0.03848393573519427,0.7299660397250071,1.4576024712391036,-0.3405508182453781,-0.5523616229932121,0.4343262762054866,0.44566605740326487,-0.07019076383296226,0.733403449037016,-0.24362861710617306,-0.821173809153789,0.009041674525357972,-0.2142123903365907,-0.090196880986997,-0.14443041826770764,-0.9352315379030016,0.3481255314145016,0.7488558886681272,-0.6717410098758622,0.5538394319885162,-0.7436379421361138,0.16635151350497213,-0.6581409920972028,0
-0.3556263071808211,0.07146932608563024,0.8872752088592774,-0.5230241854633962,-0.5234204328688261,0.9956944148633285,0.3857619695869501,-0.7368421120900978,0.18765822360844325,-0.48210426784913823,-1.2828296021077277,-0.2827641987051944,-0.02377389873074252,-0.3359435481727509,-0.5518235600036754,1.0877085356150127,-0.5067453406545313,0.8657328686451246,0.014198143079446482,0.3097310480648337,-0.682061806468427,-0.0023166391336671126,-0.5801476458068918,0.5681063559377244,-0.13362458072387645,-0.37961573717896574,0.18317536807713042,1
-0.21383084617569048,0.33346049090659957,1.731223145993958,0.062609491209869,0.2908745421104661,-1.1330543982790893,0.23879828636172476,-0.15199290531732637,0.8712892006141334,-0.19358746193188428,0.6875929689502003,0.30280839392717485,0.20667745014286107,0.7017313049535536,-0.7895431997061442,0.4361958861677726,-0.24136414763893957,-0.22692288528544052,0.6972652651729032,-0.9317527417789654,-0.459605556680991,0.0466286274889334,-0.13045677041966408,0.7592645757223327,-0.3618979322922671,-0.05002311458087391,-0.9790904009466708,1
-1.439516012998682,0.6640904368251176,0.0595016757612794,0.79704094557482,0.45910548705797977,1.740620997563549,-1.3424725162359683,-0.6228862852901229,0.5817745838307075,1.038633254238248,-0.5639630330231996,-0.3824562309248632,-0.01097275076288711,-1.6629416395449161,0.48352638463037534,-0.213553316945355,-1.70985380192452,0.7911029963359434,-0.7512678171888912,1.5878396833039277,0.15057559518840719,-0.4518314508583861,0.2610133571946273,-0.24310384954998085,1.1807492186818915,-0.36450498636607304,0.947434672286301,0
0.8268266365138742,0.38386564318372934,-0.040318978033852676,-0.5611834644806587,0.21885352008534056,-0.4339945679808125,0.30070364655175924,1.1747061407498058,0.3063685091228698,-1.6044456998752707,-0.32935974520757494,-0.8892711120365243,-0.5377640764754931,0.5128392343692809,-0.20792914330911214,1.4946722175553326,1.329726287941912,0.6891614809149572,0.17332204526600073,0.3103108043643224,0.6618478111605263,-0.7183891566626385,0.6353556532546432,-0.11537886069091033,0.8777550126882389,0.9005374673244166,0.3201647317502701,0
0.7418840484240498,-1.2685871410813765,-0.1304918039127945,-0.5058160720636522,-0.08089028473122399,1.3248042388926773,0.6407958031892943,1.0854280514670118,-1.201407828312755,0.03171539976171475,0.27946203490593896,-0.48594570125921666,-0.36433298046355067,0.10892355099143451,-0.6845051529983981,-0.7085132957796562,-0.24666185607014096,0.5212603394062127,-0.8031115441581914,-0.4066726234258971,0.3619811240893608,0.6270805693840557,-0.8781876141179189,-1.3470744524130815,0.6681717575329345,0.5731309055825734,0.12321621422379293,0
-0.04778991423210804,-0.8455659231066087,0.6090108433053965,-0.11715578965384066,-0.2903398048534961,-0.11977842232954018,-0.06151617371320411,1.2303893434106326,0.9673544730185375,-0.8931632610088531,0.39478641319633573,-0.48973925973761606,0.8113086472967387,0.16078370178211265,0.34454783071293715,1.2513330753847594,-0.7556712292118862,0.2414542415601492,-0.91592244565204,-0.7589915250221783,0.5896709264401585,0.8232891560713724,0.19296388422086552,0.8157362788556228,-0.35650327489507794,-0.6004501032105453,-0.7193986991000244,1
-0.6545150586544556,-0.826308854975165,0.6304556638574726,-0.7510297242766462,-0.3629699641317743,-0.20870745762120982,-0.03914984562480637,0.5839785344551468,-0.5740692099660105,1.623476825706494,0.9728865644604948,0.41837287282237784,-1.1316349832505255,0.14049505187542324,-0.5443228144525116,0.34666581177974654,0.4856684684613433,0.48952244033911624,0.5940296870388716,-0.892809911279672,0.6362700900432096,-0.2324595697277069,1.0387886631216452,0.6490896249470197,-0.3584910766671323,0.2567989286666593,0.03457049915743369,0
0.004487890508891094,-1.0885201230306853,0.4316662436931751,0.39965007811700864,-1.315554500696649,0.27534411693436595,0.3966574622332407,0.9463663383719788,1.2857522513838082,-0.053255100382037575,-0.33437567907322596,1.2757610976325133,-0.008748654932400778,1.1614030259198507,0.032393809504218496,-1.4530439128662196,-0.02737299220649393,-0.835864627198924,-0.5190722639037719,-0.13505932657860828,0.559717989655839,-0.12779135122493665,-0.15614725178803707,1.603160066759804,-0.5389153887301744,-0.27026483577724236,-0.2586379056142588,1
0.581361035416987,-2.119598906900644,0.7504743579384802,0.730436239910038,-1.0003311304739766,0.6922095599707351,-0.46098391166814207,0.8911492183988349,0.31208614184227373,-0.17553175701292445,-0.9359751214771141,-1.6539064269535577,0.22592940877507092,-1.1507127636742316,0.3251998630409228,-0.24069441809221506,1.1278706071268918,0.7959673947060902,-0.16538568495069378,-0.5628989168888064,-0.0028147326783751797,1.0497342107746155,1.0829838493577402,0.8953320811743584,0.12122668113194321,-0.6809704328856885,0.17525880300105412,1
1.0204582817348218,0.49031843544459397,-0.4045491521293275,-0.06578599347234781,1.024723361364588,0.0067778578073164,0.059177300119190805,0.7276367413544889,-1.0781910252241407,-0.4852076593613472,1.749436153024872,-0.12333255878969315,-0.8814649312031584,1.7230721003077454,-0.12330407891227105,0.5861569988267201,-0.7908007304768244,-0.7689336504707102,0.6269936927301772,0.42779038666627334,0.3095545226036086,-0.6003921530252789,-0.496951977629062,-1.836684516814933,0.41244539631228494,-0.8999950073435987,-1.1651304383794672,0
0.6635534804834116,-0.06841545356302822,0.19554570762313675,0.34586680066536973,-1.6162713356841,-0.44909480300976096,0.8640728856288008,-1.3896083572864553,-1.0247271472062474,-0.18257964654019818,-0.1306937888059711,0.08434126186188447,-0.3801683921764908,-0.373423146833905,-0.024401384042037098,1.835056116465,-1.4604190977172675,-0.5047190739347852,0.0985895277434517,1.2356695373541373,-0.08711791480135873,0.9805868329828055,0.6976716893369864,-0.3488574012270258,0.2378660471321905,-0.23639166479979237,0.47431193363513574,0
0.12877247610641213,0.26188567534689333,1.3652858453956496,-0.7210756287179747,-0.7873218738332867,-0.479337773634937,-0.8403302150776925,0.2790311906248903,1.0258698402938462,-0.04068133331177308,0.16781481010825347,1.4218737987920418,0.6171304119956283,-0.07339314123765533,1.284933814087472,0.7630393357902545,-0.23537742349608137,-1.0420543221673535,-0.4433308402308352,0.3545699345034033,0.17605927839267466,-0.8561000756817707,1.1018107213345687,0.5811469929292078,-0.9881989391888254,0.8970760366100128,-0.7888509383956762,0
1.3154883319485475,-0.28451329884470733,0.45302731898835363,-0.014106834651416145,-0.022762856038567803,-0.33646337517574487,0.19969053631562664,0.1807777157061076,-0.6679659157398569,-0.8913297503806326,0.46078680519345167,-1.0649539886087571,0.20039779984460984,-0.08538156768622732,0.38430157805690074,1.3091667267566214,1.2054206852126503,0.7500605181406029,-0.08230841905292216,-0.09080889312975202,0.9621820920485091,-0.2931158807169338,-0.029955388487862104,-0.20976072951614905,0.39658921367698374,0.2092140071525846,0.5287664584745158,0
0.2878156871008886,0.08138986918244807,0.5164675779649825,1.2805248400799982,-0.279732428476873,0.5465715704372541,0.7626912721122019,-0.26433525677284564,0.6639371881750047,0.9218301690400362,-0.37124305057963686,-0.25813106191961277,-0.3022694812874645,0.11198659955292935,0.3861852272167956,-0.661017565913624,0.7269535344222663,0.891316589889093,1.4523540249148994,0.9871954516947314,0.7097836735579856,-0.03428689908087721,0.5916522216780763,-0.7238214997486548,-0.24370460234423988,-0.993378302659196,-0.3483211861213806,0
0.4284297177227209,-1.2509065944434836,1.3439873453739941,1.12744073376326,0.03650202932665295,1.1002031166556976,0.01554016628133434,0.37896365429820844,0.22803441645558856,1.2307876442309615,-2.402221831489667,-0.9691392662240964,-1.0540286998881412,-0.4373694313855569,-0.23563999238718028,0.8927123229236811,0.0004051004079460358,0.08778032136439569,-0.7227188443799669,0.40782142980770886,0.7133429263403489,-0.8684975011337591,-1.6239510905860532,1.2679695771752317,0.26719211056587877,-0.012384401454391162,-0.9267062666795834,1
-0.6281538257664553,-1.0022275960309952,-0.8003459919568354,0.9707095536500006,-0.010852948157636414,1.4083348634790482,-1.0511138232592023,-0.47983388935202137,1.442964045936919,0.21894021945036377,-0.6416924273648559,1.3024397935460759,0.29407810457333966,-0.1949154245148941,0.3600586982810614,0.5104839265242396,-0.4288236053604336,-1.168171732323981,0.1697810731002138,1.6256783532402472,0.777986827046858,0.09631875501737143,0.6747105315393578,-0.5807352464293564,0.7372658902990434,0.6050093291785156,0.02404420769365078,1
0.38545663447414796,0.48027032785230295,-0.5445889937616295,0.7555177528794905,0.19683933555085292,0.1865970447973066,0.31793110342047126,-0.6405613000420625,0.3548723973722854,0.32824897362201094,-0.6809249902781432,0.48004384517380355,0.6299194424764879,-0.23640314172479562,0.6160755472452104,0.49758971369823257,-0.07384138384202645,-0.030947469592278298,0.03787695604692527,0.6280572523360316,0.24327304387137005,0.3551668797030715,-0.08801315981050263,1.0252457314397905,0.8203285309696866,0.40386148047262244,-0.4938500639115279,1
0.3204096523285882,1.1058239095388966,-1.242049330206278,-0.12367169626041853,1.9952323733651511,0.3895197654894361,0.7409703424808465,1.2324138454953664,-0.214483356420102,0.5451181199943623,-1.1445453146684386,-0.41504122320835585,1.7560951353706196,0.49323008472162816,-0.11112121068140651,-0.37168476839862186,1.190226247957005,0.29078019752394285,-0.3189314170851287,0.33584596445799453,1.1474146333299189,-1.1469033358507676,-0.9336359623760712,-0.2209173280794179,0.20081401715316868,-0.41366276710300953,-0.28361125461767805,0
-0.6280144330073619,-0.42989421692846774,0.07053712050776417,-0.42142548277515957,-0.17878471415038166,-0.02121544753512502,1.3381062198807185,1.0546134500973419,-0.26849624672203387,-0.2572064136606804,0.37753378117716924,0.5554752666249064,0.13745261856939947,1.3084417313503325,-0.5928253970946721,0.7479750273664895,-0.4280262299981183,0.2698615089153719,0.20065057305327336,-0.6764170381232648,1.432151021855593,-1.0121829982207928,-0.4519560071053813,0.5867618083406012,-1.024981661415153,1.0097648470898934,-1.198412616156834,0
-1.3223310284297314,1.462643891971729,1.386397845724094,0.006320018878861551,-0.09137029131387728,-0.5426648239455032,0.7787646827322049,-0.42891366303275025,-0.11628820401127445,1.337446548085038,-0.3318327251890708,0.28520471068411335,0.6102064190469586,-1.3062598972292687,0.49368437913216506,-0.21144472439056045,0.19129107424085287,0.3992556452952679,-0.13971345522014547,0.4253986244743629,0.4972517012020307,0.09093020940979735,0.4300353682953932,0.050219138329273036,0.2458312558150702,0.40600768878603016,0.8185828117102614,0
0.5256313892112381,1.2558163358274574,-0.5601762804845665,1.0050668876281856,0.008014041477139123,-0.9395242067835412,-0.6897848095725856,0.4217675487400662,-1.1316590109806675,-1.4928425492544704,-0.7472226578502326,-0.9048328283701769,-1.032093718916701,0.17154543609601916,1.373866410494485,1.2472587873568264,-0.8096122565997762,0.07357687189577801,0.03726709304126689,0.070040954045726,-0.1412473487369079,-0.6331491907793249,-0.12257575127180258,-0.5161917423849732,-1.5468916919905382,-1.0864727032903516,-1.984839556372936,1
0.2981609566272559,-0.2171303012554306,0.17895302404647817,0.5146941270284213,0.13736425807533373,-0.6120489022652102,0.2215712005441731,0.5194226328683167,0.03191586242756825,1.0033255425064866,-0.09361611210847695,0.015380117631712662,0.22497512317302346,-0.17174821741188692,0.37431479371267873,0.08339538203499688,0.5177492502155515,0.5104251407378597,-0.2862869332706552,-0.3241570779431434,0.2531346288164059,-0.1824115807422333,-0.21627018637982412,-0.03858657079520722,-0.617576905265873,-0.08818724387073282,0.45083073248890343,0
-0.2340804427991866,1.2695396391209006,0.2456130960681969,-0.47423861577766585,-0.1616586229117591,0.9561551455541284,0.30740691022122274,-0.2773118903506797,0.3796575328433396,-1.199250291890119,0.43787952014359427,-0.5075100261597772,0.2791591611087919,-0.21910707240318217,0.8152292474284885,0.9500395476288821,-0.764274951880646,-0.040986720592448574,-0.807709039874232,0.7180874278188359,0.20206639812252872,0.050825318429356094,-0.34445793742195346,-0.16542390620405556,0.036668820880590584,0.4630241341720137,0.19086856505773897,0
-0.14533898200276457,0.3800510613817895,-0.4085508355992865,-0.39433353409164473,-1.0897235039019013,0.7495808516932829,1.3859493309247874,-0.7139494243957496,0.5125890543022499,-0.11554383562562869,-0.17828026279731357,-0.1253776483268662,0.2431636642489575,0.027602576684752994,0.47094615522233046,-0.8493835445887885,-0.04841099454487776,0.3853992745928956,0.6564709089210022,1.1338437700148427,0.31947638422308544,1.0430455660312041,0.37151907401130574,-0.8020190946749867,0.48560439466332894,-0.41010618085484585,0.6365932105293026,0
-1.206832664481919,-0.422444835332496,0.3199798461161449,-0.17787697092702262,0.39093331461731406,-0.48568556969210996,-0.08911082862910708,0.1526915610759202,-0.3686437039109121,-0.6951650057413273,-0.04404705715601039,0.41866800896964584,-0.5904926623157682,-0.07203022241079042,-0.7737018605579671,-0.10803255315437703,-0.22643512480978323,0.04699868870159772,-2.288906611431252,-1.4627273777409806,-0.5680774264858257,0.12059317990209821,-0.8036392849816443,0.32412957333998277,0.7129364052674453,-0.9680493997251425,-0.3444120668314198,0
-1.1212309357056567,-0.07879163533746404,1.2009057024225873,-0.8414128529557795,-1.5229040596376284,0.6422556321397227,1.6440110463252335,-0.7285986315968369,-1.553052307770987,-1.3706194313979942,0.13913147896729075,-0.5698972716428374,1.2733268586391668,-0.8123434012334958,0.12817547646796168,-0.26677918066416956,-0.7773756578813109,0.250513563215041,-0.08794405236400948,0.17940948932771908,0.5101797599726322,1.3620951135044763,0.1110555383713472,-0.05028848891869635,1.142364555422026,-0.6149622646964699,0.3600576432222178,0
-0.2972021598632543,-0.38625340964000554,-0.27900509757344705,-0.5333908723050721,-1.329548469784755,-0.49618186047512813,0.9837663648137197,0.6401160256506448,1.0506443289555425,0.5117755331950673,-0.36305823832022005,0.5252096091767532,-1.3772284395757286,1.2388116155136182,-0.4920064930108115,0.36169550877197465,-0.5498995468249404,0.7256582929993126,0.46482012692307084,1.031243953026575,0.6498406666800649,-0.9554752930924295,0.5158108924327091,-0.29119353178008633,-0.46319296522611586,-0.45395815671753664,1.1524294630339689,0
0.1580732759050711,0.5076778788958256,1.4195131153979725,-0.6070504256755263,-1.5339552650503085,-0.7790675256340668,0.4926016965892119,-0.05268274926779446,-0.43043236731919643,-0.2298127381449137,-1.2217169248343231,0.21022741928415034,-0.46903655069894395,-0.4569826169089509,-0.0667452283467954,0.678121737153969,-1.2196703533468847,-1.0197699779995528,-0.23887246953169344,1.0463301367550601,0.9297158203673318,0.5336306483766271,1.0527942915907007,-0.5404368526829959,0.15532150490141855,0.48240322657200513,-1.0682486635422432,0
0.21234047846134066,-0.6379793103006322,0.41931569778242084,-0.6739756261323541,-1.8198855795817326,-0.9347455610458316,0.6945515549455515,-0.47613013949635646,0.13746611084092802,-1.4760304573091911,-0.3819093661073633,0.6030931694741166,-1.0980788098775833,0.8041869972354536,0.7681097243833461,-1.2785387590285866,0.3341779563558493,-0.8987967515793218,-0.36422560131009835,0.3492341561131148,-0.3507107848236287,-0.9654472975600158,-0.22704450169256005,-0.4481983437806302,0.5042416887241298,0.3763429541277619,-0.28344887324741685,0
-0.0614826495473265,0.4701419468709664,0.8578484750475278,0.4200213783197988,-0.23342396523514758,0.44130429707536206,-1.0801581706324082,0.9154509033295866,0.01663708910320355,0.3236285982000473,0.6612355271228926,0.2161439616448987,-0.28679077561597205,-0.6136326611153118,0.3939181310273591,-0.2572796043069889,0.34305804159856557,1.7060012606284585,0.5947936131406892,0.032183609294014454,0.9635416678266329,0.6080118704284225,0.3972926676018192,0.598511556062647,0.4537379785496541,0.10842254127348151,2.023886000102316,1
-0.47692485120363076,-1.9748390316624227,1.0171300823744562,-0.6867921766706121,-1.2631945490653131,0.496096998632829,2.3434454689007533,0.34102516302458274,-1.2669279413287104,-0.2634641848870007,0.6646979390107968,-0.7765014372717227,-0.18121071289576052,-0.13258223390512042,1.739511916207681,0.764895626050314,0.11562634532449012,0.47920398711753304,-0.23055683226732257,-0.949812900169384,0.38611864685570935,0.49992134594031046,-1.362007034462118,-0.3150227567745032,0.21901794934164806,0.9048214981972725,-1.2917314710971581,0
1.8782606727506992,-0.4269462579542478,0.9189002898522555,-1.072830290711643,-1.318757332720117,0.17703444548808311,1.0869242449111531,0.5367686694175514,-0.035940902722591796,-0.12657460440598123,0.39654407872523056,0.15928524600613467,-0.7755960416544709,1.4818003414221361,-0.6989990226587824,0.4291283198034521,-0.0335438749686568,0.5029649110406299,0.0501423941277147,-0.04043211260043342,0.7394477079646644,0.37881211563763983,-0.2120160643545793,0.36315189483602395,-0.5701101251131846,-1.018470881872491,-0.10844622816786653,0
0.605728033850641,-0.15904503114509258,0.7283745561565237,0.31289483244363925,-0.4151931691900064,-1.1968885276156387,0.9613035485458142,0.3275058971099358,-0.19854605612027088,0.1758492541862641,0.6318000792049708,-1.1636422358032341,-0.5986449170647982,1.0270430537669575,-0.9268013965992462,-1.0483844205264923,-0.38072245361140566,-0.4247600610129202,0.6132892421247038,-0.01847512405459364,0.5410053042922437,-1.3209884796058726,0.6708424409784682,-1.1985882796648266,-1.0398951428043057,-0.3338160253038308,-1.2200992926788703,1
0.30043245714993005,0.15753335407774668,0.7307949400130721,1.5286372494462097,-0.23014945244730425,-1.8626454394708687,0.45654636016190625,-0.09190242812080829,0.7852057413025548,0.30167420294586195,0.0015929042650805177,-0.10310766349912051,0.36115018953011996,0.015420875667305881,-0.27822844318388507,-0.49343017104046116,-0.33756183005282436,0.6198655936818319,0.5243171433212017,-0.3383504502192874,-0.6859292383735411,-0.3885030953531818,-0.1526763901853932,0.6326591264300947,-0.4143772363846987,0.7244723364383051,0.7783797806359647,1
0.10212467761049969,-0.4786276417932684,0.7623591560759083,-0.14816307919533722,-1.6137517085076343,-0.029311934186685467,-0.5039650859817799,0.13170363006442656,-0.15833242184780238,0.3976468464697533,0.02486685562763662,-0.050864206879853054,-0.19978585905027815,-0.568649164047436,0.49592365898303026,-0.6004906304403607,-0.15964104988527003,-0.09385973238136668,-0.19244435491418735,0.413038331675565,0.734531467528999,0.18166580576539756,0.8551296328920516,0.060217838660113376,-0.6691637861841052,-0.2655007264521399,1.2326128454532226,0
-0.0722191545453344,-0.2565474879666616,-0.009731671246369845,0.34629445725466546,-0.5218063538348188,-0.013120569687207671,0.2764245680946075,0.469031817651444,1.4448483689443463,-0.5661374452327402,0.4507557187098694,1.6484119108587427,1.3101221276593003,0.5517755669492952,0.7153693585547365,0.09433534189034407,-0.9553149876439758,-0.8250809657511078,-0.30897736437415096,0.7527135195908551,0.6015943755029948,0.6070002351575571,0.723883096494052,-0.381921923969961,0.1436845262813339,0.27346945143626666,-0.4921687118804701,1
-0.42360305383800845,0.7345022594025268,0.8428103347878166,-1.1373013723528513,-0.47893706496073274,0.3252648410447723,0.2783247488780913,0.12768845125698036,-0.7817166479326555,-0.03931051373807336,-0.36755853444965214,-0.91826520357733,1.000942710081756,-1.5305481985147464,0.9805489908425832,0.1956189923962652,-0.4647796368624258,1.6200965572012376,-0.6237377385563628,0.27567824225537896,-0.2351174073427318,0.02647005686306757,0.28023212027044836,-0.32684765916618164,0.3332165951291409,-0.11666198899326774,0.9652404545076531,0
0.005794608175466319,0.7168483029063586,0.15996336646032486,1.4674314699697535,2.417861238830217,1.8143717154479835,-0.7508131582376051,0.20221737446367455,-0.7830282248684862,-0.3036819751925143,0.36589919475108273,-1.1416875851903747,0.3090776155911113,-1.4328847828981697,0.42586603141630053,0.9959273824502767,1.0271163891293438,0.46640173662395185,-1.0701446442604496,-0.10762593012323145,-1.6170154354047837,-1.2127601669031112,-0.18334950588289764,0.12568374107986335,1.3581377959959304,1.3236082630001906,-0.225703427596567,0
-0.659937781547486,0.649817089659032,-0.3145326949527957,0.08611096454623232,0.18535830312123625,-0.3676084088331298,-1.092920306619825,-1.3433953393882474,0.3958176336423959,1.8740726168173971,-0.9237447621402567,0.16081173179278063,-0.894947550498969,-0.5814847437039457,0.44812480203196414,-0.7565195924452842,-0.5005415532462749,-0.479007717932631,-0.44670726527746385,-0.2652623281203336,-0.2299282907624114,-0.04858049083855238,-0.5375011718787344,0.845202174941313,-0.7499696719792944,-0.879394331975322,-0.9037185076961468,1
-0.46294237868006655,0.2621100882285837,-0.13197040932495877,0.4633901106573639,0.1840507657394175,-0.022101856845691173,0.15738238127922752,1.1111354391395618,-0.8455550445801253,-1.4365001815015785,0.020174767545519157,-0.13715165155470269,-0.5136762095649707,0.8178781150161913,0.1943047667732729,0.6432104330911438,1.1927742861558528,-0.6003953897922897,0.5119758865923377,-0.9889496962913589,-0.3233943229806835,0.26098491769252685,-0.1404888901656735,1.4160464468363592,-0.412103196610226,-0.7083525254967389,-0.6883752508161425,0
0.6038578836034889,0.381883989252485,-0.8739385586320076,0.38562967504400464,0.0719463454783393,0.2866366832679574,-0.070662088948362,0.246780835828882,-0.020178408600276466,-0.24754446832699237,0.5028643524024619,-0.37349538123215587,-0.6455880482339149,0.28975037152531247,0.2052534301068661,-0.16392386980261986,-0.5967618511242411,-0.22382404165715042,-0.408534121764229,-0.010835683385809432,-0.502415255347762,0.14549823973381626,-0.33318834871783287,0.13782774740486725,-0.014735761716825255,0.7050921950254362,-0.00038755032576320825,0
-1.153823620030808,-2.1583605870509746,-0.04932972095469649,-0.5636259512871603,-1.629121613310442,1.064071199696347,-0.6280378917497262,0.15690095095209355,0.30956643055561495,-0.6057423188715416,0.8221262506184056,0.31822825265727717,-0.1352740583636172,-0.15979845380124127,1.09022993104374,-0.4242213827114378,-0.544398132320347,-0.18657325288465945,-1.4728375962560283,0.36988913582636146,0.051354874578150786,-0.4938639671806301,0.3744527487746348,0.30256919140476807,0.7200884372061481,-1.2322067240110568,1.6374437238101036,1
0.19574278431229736,0.041452665020209334,-0.38876151589598507,-0.49777199439403974,0.6809404112517091,-1.1398450574223087,0.2018922920036893,0.30029975008323306,1.0684855945556082,0.09290962236983825,-0.52293205058556,0.7799988397851708,0.363793738955929,1.2207538106532743,-0.547543938422144,0.18983606543565282,0.6413562142982544,0.030200878851835502,0.16944120694284204,-0.4677495140683124,0.3860939108483767,-1.0120267567293855,-1.1864623376858985,-1.068561388064081,-1.5486230523401912,0.35587165649993285,-0.024069210946188465,0
0.8301827118170613,-0.7288676473868105,-0.314191044781337,0.7615596046914068,-1.2097775756859555,1.8390673227290308,0.5178471985749482,-0.10066524163888795,-0.13517167334493566,0.09553239137444414,0.4214821031023158,0.4900764824928774,-0.5225786696221169,0.6255000887440709,0.3286779677046993,-0.10942442886801204,-0.008759210451502401,0.22297459920347878,1.1226648377013093,0.839204071655121,0.39710106503643605,0.4526505188974359,1.075930420546804,0.24200248683687442,-0.5101765087801123,-0.5260970527695693,-0.6363542988054774,0
0.784353109100406,0.7237717968164207,0.9289751479892633,0.7500051765993064,0.5050188146868385,-0.16794059076413026,-0.24946636148099247,0.19274869738111186,0.32290726105418904,0.018951066386437405,-0.20163516361232894,-1.3737244625003995,-0.30314002221944214,-0.9990274772429711,0.44690089237857755,1.1899930433339574,0.29280786616188725,1.4338937129494131,-0.7246484267435855,0.03659936669862242,1.620533684599927,0.41594369426778677,-0.9840631855162154,-0.3788075454538044,0.2987414762645913,0.9640266311658153,0.7262595352263539,0
0.23153818490828793,0.8536273810061004,-0.22656798307537193,0.6001951246143346,0.05540901768767407,0.5005501713314933,-0.8920134914163158,-0.17042130828123372,-0.41059091104492046,0.8522739458270553,-0.17481583129062286,-0.09480812314561839,-0.6131146404935315,-0.37373763057316833,-1.447589625619666,-1.1391933748350376,0.8918049016173111,0.30572042627908036,0.16928839929650963,-0.8675958124050999,-0.5878680535217496,0.5570872981578752,0.569098915783961,1.2096900604832612,-1.5120182993466746,-0.14414110536574096,1.2207414548270703,1
-0.648300352846814,0.6635211546265863,-0.14920492724033085,1.0929335954618262,0.5840320475550816,1.277226647926171,-0.45037756398445794,-0.182567489151347,0.20663956170793568,0.7013815462369057,0.45583971881772106,-0.04877478217922834,-0.558734532684368,-0.17124299377541624,0.24852390091729232,-0.29118418491797515,-0.20663827239388205,0.20638859058301406,-0.004088500060708074,-0.4067655549160078,0.5566056797940107,0.8013593068296562,-1.2119008429098324,0.3975756317513113,-0.8594209189524658,0.07254549959220435,0.0787396060790916,0
-0.667906980267773,-0.19968561728596315,-0.0209453295096705,-1.4437403771823583,-0.3707814721308899,-0.015187041184997242,-0.3390150160701413,-0.33504910103438296,-1.5140474114012397,-1.1041135030240576,1.2080111698253317,-0.7888358862120002,-0.10990351399831044,-0.6383022531738073,1.2067828111506493,1.6621001227730527,-0.6806362823312235,0.642131536019459,-0.16996732908623713,0.10248339433071896,0.5398322749192087,-0.09911986757362946,0.6595660830320376,-1.8814864578144175,0.32499778496626097,-0.5126338203449906,-0.2282876779965326,0
0.1944738447508224,-1.8551457834671252,0.21028770640958014,0.5134505215511332,-0.8406962434281399,1.164162386932759,0.0817517163076794,0.42673858677453624,-0.27893539206527324,0.6135196508591589,0.9397364127499767,0.3775519186149683,-0.9338796052677706,0.38922280752176597,0.1543761743372649,-1.2761605582335924,0.05609182430271506,-0.6137377721726283,-0.43253490428530106,-0.2839582295448945,-0.1789074043145503,0.3016676681464166,0.3283972646798223,0.09004739847881833,0.3237601854111406,-0.5907294569131051,-0.4349532575116604,0
1.567967399485593,0.4167354511068112,0.2212425279347976,0.2099937514673322,-0.45975028845595506,0.3621391353564412,-1.1481974493720906,-0.11376600971454166,0.7647234071593696,-0.2921442032481819,0.083013796962014,-1.1444130998146067,-1.1485258783302212,0.8393752708204657,-0.658413504582605,1.2114001974424629,-0.7552318530437894,-0.6498656228278479,0.5631614944061011,0.4024280963318373,-0.21382634914200205,0.8657261761892472,-0.9182346631998487,1.32183489846599,-0.8636493844216161,-1.0705561952607934,1.3139651478286494,1
0.2870833837436417,0.32831000845365677,0.19906592973103246,-1.0166752649393198,-1.3676161432549656,0.39906416083132507,-0.7111931216531827,-0.863339450507425,0.055936716161234364,0.24893499017127937,0.38657161241165056,0.10839505112519894,-0.7853550884025051,-0.3509018947628758,0.16965559459858778,-0.8058857747981043,-0.6643482468474278,-0.24480234847654012,0.14973198971855672,0.9766539290848371,0.6579873921914351,-0.07722666083986181,1.941036554966372,-1.0760152559508487,-0.3751432643005437,-0.05274248844647537,-0.34979348900465074,0
-0.2104229117126746,1.4541488707204469,-0.20562830096884405,-2.089049042741478,0.8648155147282689,-0.011647153309447954,0.5348072298292105,0.7040061957672747,-0.6842996849991605,0.7813530853247678,-0.6464169337862948,0.03905629731415105,0.8702101178434962,0.3414988992174797,-1.2053055246917137,-0.2931524533902873,0.6703851145850052,0.3589658958959567,0.14877094855113734,0.733286344060029,0.5730923125448163,-1.1599758607914565,0.7568703756589653,-0.1591862845446945,0.9706875338731146,-0.7682904178385699,0.8515512462857041,0
0.1649571069060112,-0.016709225979387544,0.16416839728564875,-0.07575981325649221,-0.4216545049774278,0.0175894858149249,-0.05901003758227155,-0.9835902951486347,0.8097929383395452,-0.5172137791920968,0.23091439555144264,-0.025041382897079096,0.9856001084565994,0.15641675154322096,-0.8136329713082262,-1.1221446731117222,0.4597439406271722,-0.5401619302467513,-0.12726829628419165,-0.10469987016789904,-0.05407381346706418,0.36686973585839244,0.49341560584065314,0.6392553523806641,0.005921672132188151,-0.6258984085775314,0.6856818038551385,1
-0.17255641857528276,-0.8557004900221401,-1.5547891398380087,-0.1435478809403924,0.1682934882411448,-0.8037073340399543,-0.09082284565231483,0.1920699229677008,0.6132473528284448,-0.6832280708662171,1.1947852761644786,-0.08218816527461194,-0.0017189116681787747,0.8141893623311381,1.0806424077469303,-1.5262997005588699,0.22157594497949684,-0.23854413369767957,-1.3490313834436036,-1.292745903100915,-0.10401828734228764,-0.8767333120673668,-1.1085082033058953,0.07515661267616246,-0.14477129073310802,0.4888256635437373,-0.3448911403887403,0
-0.9087107532033173,0.2649325328661854,-1.003520180691092,-0.13267535318751306,-0.32237535381849697,1.3017324510454291,0.35433829142526785,0.7234254729141103,-0.3732940257503682,0.0864982132855144,0.6193171656362437,0.5820855737437536,-1.1723367139544758,0.6273282787147728,0.43840857349998996,0.07754723258099983,-0.6642376395032594,0.46005412448737043,0.044819675142126016,0.09740701754733078,-0.31660990953285345,-0.11284197901449469,0.2876030111116023,0.9334106059650943,0.07813588023049493,-0.273899342553051,-0.19914956925821084,0
-0.14749885306810065,0.3009695107212073,-0.07496651953772278,1.3587956689962495,0.025746658667950735,-0.015528079218078096,0.7297995539726057,1.5043635107393536,-0.030592650159882766,1.3472120932042277,-0.5871607910016203,0.4944246195747767,-0.09316788773063536,0.2622939646230013,1.5609914970682097,0.3567228076649023,0.5826919893614211,0.12556759719700064,1.774803649637127,1.1416603341610119,1.1294869480071303,0.276155651666719,-0.1809702418698147,-1.618651143552611,-1.2068552039500287,-0.14056435151220928,0.27638904373476925,0
0.48181216752691475,-0.15404120080142245,-0.38435649523418536,0.695693065634874,-0.09924912078235013,0.7175668221275199,0.23626071037612287,-0.08813649071508708,0.7502241853296233,0.10707990188945835,-0.6007454954923719,0.27075818685505776,-0.21599833666619833,0.48814561473553775,0.011630206573805608,-1.0361016680207846,0.9890842942670252,-1.4350263047214953,0.2023682047354586,-0.3112385008909948,-0.37494809731591666,0.7708811640064122,-0.6150051814512832,1.070059961568042,-0.4408572797879157,0.8042581748041584,-0.6933809557786343,1
-0.3067198370195856,-0.9191281033625359,0.2008566462317977,-0.39774857393900387,-0.6160903821676287,0.569428831448073,0.9892695142341292,0.22027397905017598,-0.9786853384136966,-0.09685405423790105,0.6983214791051293,0.31261284558601055,-0.4625610205373482,-0.19112684715692133,0.4559596357190775,0.973558984211587,0.5416202259692585,0.48098244637944326,-0.6640379741080494,-0.832296225183834,-0.4146311988538812,1.3246052838502156,-0.3298804217969428,0.3189272994168642,0.48477250341792644,-0.2719360177060076,0.525227917254085,0
0.9992222505167835,0.8756267427446037,0.5201281324350878,0.6551723976867533,1.350424922383975,0.21817600747025526,-0.21029934404447667,0.6248585819927517,0.4489314130422467,0.3622123073622766,-0.16285744415923695,-0.08318226695021562,0.15227387945142346,-0.07565667769430154,0.1650109406117761,0.22442680032609716,0.5944715663561175,-0.3759872563384642,-0.9875034740292372,0.22830897181324775,-0.9880063846682163,-0.864265000549022,-0.5867285624882602,0.19015900620263998,0.5590712920427664,0.6005158159792807,-0.0013497507803117966,0
-0.20958168566199545,1.1108088738478377,-1.247454241175187,-0.0990805729990602,1.488417299830475,0.05778542049181359,-0.46749604276121953,-0.3461597628430336,0.8824523799739402,0.31919695349218236,-1.2725329486297192,-0.518969283934013,1.821309306296028,-0.6848366084512598,-0.4999020891832769,-1.5440344069881724,0.821796258917194,0.5304852716624096,-0.3083753187331542,0.5240001343964827,0.8810303106736485,-0.4004934551038743,0.486390328390344,-0.802766715436306,0.7515731202213073,-0.18390123088822638,0.1141754091949788,0
-0.49753223492870297,0.3646880662831654,0.7638808016330306,0.2983262719222951,-0.9555798463503828,0.8637845258702535,-0.39645330947557567,0.14251617338945638,-0.09211573130561918,-0.13353506893075268,-0.11996334545599006,0.6857634088267043,-1.1473244971479035,-0.342219038647924,1.0463975192548904,-0.8322041473922079,0.8712349499578576,0.009376716454230343,-0.01064032286106151,-0.4746362834082624,0.27808593329605363,-0.14203144941294435,-0.0790646187282391,0.8202843660656004,-1.2550167919904245,1.3041589473188286,-0.3233697012661007,1
-0.9124598407983249,-0.8039295436967037,0.5473506500758868,-0.13544567525572013,0.09062174742974295,0.9309919095868597,-0.5681009832202354,0.4748265288767758,1.354849032681279,-0.027391727542989693,-0.5012726504361595,-1.3505707905581734,-0.7988033796462835,-1.313627595664805,0.34233547894477834,0.05091915841586191,0.0865008896236166,0.46769184647134954,-0.9276663365371002,-0.25750013975945746,0.23130165212109782,0.7254331823663495,-0.25085412089592724,-0.7646888664770995,0.6888190622556412,1.66282546125022,0.16290897982030003,0
-0.2926561319243366,-0.9619998214174821,0.46876947886761144,-0.06375380739342155,-0.6302016324783387,0.21694773805243378,-0.3117035652602409,-0.11897425597722654,-1.040054204130408,1.0705601399670204,-0.4707973408772159,0.4801371949909915,-0.08104136701945153,-0.5502179405895333,-0.35061901864135014,0.08839548100032579,-0.4254879100746394,0.10886405337358677,0.13892467880471288,-0.234803508567434,-0.26824093758948353,-0.30593212980900175,0.17171490749008333,0.1496357906920204,-0.7297908679801062,0.2710074870027014,0.23410334824895287,1
-0.49717221063823364,0.9213425140666107,0.9475401152858529,0.746096055266689,-0.029075927503361812,1.0593956737492698,0.5944504723202981,-0.9205497742235724,-1.0412268314117463,0.273061399897918,0.02012588257406805,-0.26314693863586364,0.6155316493400506,-1.1768620158003593,0.6549641379179246,-0.07879875929322766,-0.02999720308052089,0.1266246379124812,-0.2690486544214285,0.3459167179580379,0.3402202181271015,0.9017447796690348,-0.8414359267287219,0.29052106282339396,0.5931356568821887,0.03076203957122832,0.5904011491375303,0
0.5373391137662702,1.547553156611879,-2.0774470935848193,1.2250050338233582,0.6021799436162525,-0.3954319459097854,0.9536759297115305,0.5846195644177684,0.3633497301709513,-0.26669521147869607,-0.07842939054061021,-0.9243150904869409,0.3621902351366009,0.6381878014755576,-1.3495710326646484,-0.2582403704444861,-1.5989667456479428,-0.8445923579589949,-0.7162490800801345,0.5272447908965646,-0.5971441682017817,0.3187276496382853,0.41487978592693436,1.0212461719650237,0.20031935962696049,0.6124610210028733,0.24562084733305622,0
-0.03453773904246865,-0.8642459250089449,0.3212965942571665,-0.3652110097273565,-0.17318250518469983,-1.1070961245094098,-0.006897713634986182,-0.11181001101888965,0.2887073905296206,-0.6346735470050862,0.04816577389472231,-0.40480422128464977,0.1947107982531416,0.37238684746123707,0.30469206180340874,0.04656132925019003,0.010429472395709362,-1.1696092673348675,-0.3281893450858447,-0.652714270727173,-0.648663376834825,0.1002063387012794,-0.5911759395561259,0.22602790479188778,0.34485522407581315,-0.4208632054588681,-0.5587511498311433,1
0.2226743546736271,-0.26740139520628725,0.7140306281567386,0.19580066403258178,-0.8101206965233207,-0.35339856144003096,-0.5888338491855719,-0.09774663896138713,2.4086006623468363,-0.39327737260924506,0.0007152389819876988,0.4186405717421873,-0.22595650458701183,0.7330587671825336,-0.5480834745267464,0.29954090946182205,-0.10495126569195759,-1.1231064501013999,1.067438410307962,0.08794756821353367,-1.369706642066603,0.8299656963244968,1.6826782648329053,1.9403360025772138,-0.13013770470901895,-0.45376491314640294,-0.40998598935266717,1
-1.2908716641299351,-0.5158399379483141,-0.0004503711246121793,-0.10467822793292385,0.22281497890777938,-0.1039641453824664,-0.07488457414142265,-0.44623262257233426,0.5875846300147631,0.33816990260456786,-1.5476228437797293,0.3531330722891481,0.5640423677947418,-0.23962270640386357,-0.6810154459001172,-1.086712040481625,0.863755605452214,0.5744747250087389,-0.12410640813313176,-0.5196447735998347,0.5442675229300908,-0.5795188952640515,-0.8243955141611803,0.3752795716371756,-0.05367635328494284,-0.16338717371664008,0.36892576088144075,0
0.2245232896555358,0.7167036893525054,-0.28429774715670136,1.8586511450975136,0.7017905268762828,2.6383900576665806,0.3935603133246235,0.397146609244842,0.633764243983229,-0.5457776054426909,0.10434055789717019,-0.20780551444428041,-0.6651009414297303,0.07507505740389102,0.8750465909943415,0.18278521113434104,1.5497816720076856,-0.6886603948920574,-0.44252715221918976,2.07200388173652,0.14776019668415824,-1.3641254842339197,-0.49693567870978983,-0.49091602812109075,0.9758808304104789,1.2602453052850082,1.6117580119470438,0
-0.17616626345791644,-0.15489614898789805,-0.5071838505331986,-0.0816020427365373,-0.5772814592107035,-1.083609173674055,-1.2370440007209758,-1.7561875902123874,-0.8355887311947211,1.4325998331558216,-0.5517908943927515,0.3203643128633328,-0.08617153824469286,-0.7426002529897865,-0.231084088988109,-0.5634505600420989,-0.29146646351719935,-0.8549489736490267,0.46711218694027856,1.0382101116967308,0.1425568094581944,-1.126258389569289,1.041384029127509,-0.8381683309593703,-0.24822478768596187,-0.5001341541544528,1.1532310170395128,0
-0.09742734593993913,0.29194224511356676,-0.10848194260807492,1.171803325403131,0.8294408808118038,-0.860781963151645,-0.18587875068892823,0.25577279736791964,-0.7826007573801046,-0.5314514441548475,-0.10892504112232493,-0.5698227435301547,-0.1019254615842665,-0.010518976526671945,-1.5711438023904758,-0.26332123738307067,-0.9241355042093192,-0.7262739835152863,0.4398196940795585,0.1319287240204918,-0.9640406742553416,0.3047804561312483,0.2594175792005141,-1.2026819219839802,0.921024620671231,0.06714126744919938,0.15610673960352214,0
0.005903016760120334,-0.9696950591962761,-1.1068801409232192,0.5760725982805133,0.24140103230115725,0.9388292229798664,-0.5133626943713704,-0.6698881807864018,-0.2679527357894895,0.5101724750304146,0.45431382710317686,-0.30270715646429364,-0.08656443096394871,-0.15611452888927166,-0.7443250630339393,0.6202169789190051,-1.0476862754846057,0.4290689495682805,1.186155997927483,1.1749438558573824,0.0020720415541436517,-0.09728141471088869,0.1403636758851731,-1.2667160119442462,0.9981350183468417,0.6162348758244628,1.545418737162031,0
0.1542334258301733,0.634875368446213,0.6167455837272029,-0.44249046461033203,-0.7162614728065111,1.0926374830720402,0.24564610765281547,0.41948052047723,-0.09910550080619016,-0.20721497635251487,0.7621748192892012,0.5779781250141802,-1.3746606172362539,0.4297536796182497,1.3008594265484044,-0.5590009142732446,0.06274187029060647,1.1074035932232247,-0.1556830182597127,-0.2741326572975941,1.1897565133037715,-0.6056101894040646,-0.4135357754669578,-0.2301494564969181,-1.062372584608083,1.00756079601893,-1.396293125638156,1
0.6124165329426325,-0.5118571363811018,-0.1679497786002686,-0.9451501309113826,-1.018481567898892,-0.2541884872783083,0.6060569433725401,-0.02506161021261262,-0.38910021532451067,0.36033709775646505,0.9455079684309562,-0.21240799134953842,-0.3060137019427924,1.305626180089286,-0.37505909303845125,-1.10842088016135,-0.4532000850223313,-0.7713920790058931,0.8874000539897021,-0.2868156582246017,0.4073484652144231,-0.07033575005638937,-0.14453662706612713,-0.14592889545110663,-1.1262659480450181,-0.34874444603890536,-0.3357934972307703,1
-0.09084939069619768,0.440073563167205,0.12004453886257307,1.052491797941253,0.9927717182905962,-0.9710011780626379,-0.7318584498713173,0.8250740569782408,1.078387276111844,0.20129411570412029,0.1954076276226048,0.016744460468418074,0.424383996773686,0.04039173385757644,-0.3990174739856811,1.3177204222374297,-0.325557177763659,-0.7468470014509863,0.7533088114296097,0.1612480566827181,-0.7019612920662762,0.3673889167789405,1.3799139255289101,0.5263984193592556,0.3171485370171723,0.19098334636038763,-0.25165739836105183,1
0.318875753842197,0.17576160827652967,-0.46276086987790377,1.3620967860100168,1.0286398777640124,-0.08124586642679558,-1.2915071557653572,-0.8851541868298243,0.3473531503607171,0.7403506085209277,0.39321099808613236,0.77624739248902,-0.20427717871555848,-0.023004062755667878,-0.15633386769844188,0.223379615162395,-0.06810178002122057,-1.2231284263053683,0.2687261108623973,1.0003283362322275,-0.7938622252019357,-1.0575430551324334,0.6718725270594487,-0.12392112882122985,0.9754941881759549,0.3149901047031136,0.20082434402317312,0
0.9556223788257824,-0.4747877006372346,0.375752268483208,0.8589204920016202,0.8254291249332868,0.052948206915957925,-0.906367913994767,0.14461565398583315,-0.8485283903834105,0.4580332919623002,0.9378244833855534,0.19340041957933188,-0.27111993447492155,0.4553271855289213,-0.1348338003230813,-0.8167329215502374,-0.4320878750934057,0.4197240836897031,0.3977927953657977,-0.6235282190699574,-0.3418476066582885,-0.8771099133448245,-1.0234403392255402,-0.24338543005680643,0.1428715232492506,0.05839861826732757,-0.6184803327905979,0
0.03669094273369455,-0.8670118436682904,0.4423064207904754,1.6186239455559963,-0.5730605389402434,-0.12453290995209594,0.10158700987108812,-0.6793673139650169,0.630426507891093,-0.2714600070529473,-0.3483821372370623,0.9228461783970757,0.4711905707629665,0.6648199802040657,0.4492141899686346,0.4656896172206567,-1.1584741170997237,-0.7044503150854615,1.0793026143567128,0.37301038489958477,-0.5180095515550034,-1.0867823303867918,-0.23259877899517556,0.06204379067951107,-1.6236510947806182,0.4638114735465603,-1.7409723357421165,1
0.4860496234643399,-0.20313433401993844,-0.68300193800807,0.0657407527777388,0.3822599813256364,-0.20175349583576907,-0.11208063333616974,-0.06629778503393806,-0.12660745145960509,-0.7084400173322374,0.928065679931111,0.04490233821265992,1.578965109947642,0.5541444994637349,-0.9855540150174977,0.539587636456026,-0.13877126491682903,-0.42251298141268934,0.8645925606643898,0.05111784898670614,0.8993067492215807,0.6349309812354831,0.34868945261935047,-0.6948254820487739,-0.15500119188076789,0.2741028692140064,0.7852604433764412,1
-0.3618405974067061,-0.1676277718878833,0.27854468701954804,0.9030569444133015,-0.2037929937312538,0.4052527268664503,-0.02755269947676613,-0.3577453313647937,0.4319481536773924,-0.05298995643198728,-0.2893799130306701,0.10702145001163552,0.588287141836596,-0.49504675813749843,1.3774587634891131,0.4387537106602136,-0.37480154679187305,-0.43991187552757366,1.1333571480162803,0.5057234437429329,0.13186886653232344,0.966509458296525,-0.1768935611036025,-0.6828466781127979,-0.32521901153225286,0.5913430432193352,-0.8877561338179581,1
-1.0575196500822925,-1.6044826055801211,-0.8880198185396194,0.3313343482591278,-1.6493982246565928,2.251628832784157,-0.5697974588646278,0.6759734569777073,-2.1276059390322892,-0.7684392995262094,-0.3898515482418374,-0.624666255355779,-0.8365087855082006,-1.093270598872293,0.3443680246700423,-1.5691841804553737,0.5723819452357094,0.15310238668105852,-0.07036525440063497,-0.23151035392615885,0.11496464365883556,-0.08752190360258155,1.8470299121894183,-0.22888696172025058,-0.8598268513756323,0.28513215621288396,-0.10990432357063205,1
-0.4279303150434014,1.5411024493883947,0.9769679394105296,-1.5780466497684804,-0.6535820587869973,0.010134311130286275,-0.7072903999058876,0.044773645016058544,0.05317976234477671,-1.1166371220265547,-0.10474141415411828,1.0885633771969707,-0.05395223837674631,0.18496340963191704,1.888079546775875,1.0321776740764244,-0.2783782599183616,-1.236794250797533,-0.5378168766792214,0.49296611123831413,-1.1808470564544722,-1.2090045543264527,0.10081901187272842,0.39705561435538783,-1.2244128005667747,-0.14829269506884082,-0.6369071840932415,0
-0.9213408203270458,1.0497590502847498,-0.312783718618127,-0.14253262554451654,-0.6310298019223347,-0.8673644400351155,-0.5217512625295234,-0.7383643129893842,0.34510580146672654,0.604914530600137,-0.4131843294989058,-0.1308857087364353,-0.19074798181629873,-0.9887093607227844,1.242701150697673,-1.603032308978907,0.32240014186498706,-0.6434038886559482,-0.5698004843213778,0.25488976955525283,-0.18519425846064846,0.048109800547555925,0.6091875346569129,-0.1806537607986962,-0.4343615621270463,-0.22012880674289476,0.686933106115945,0
-1.4931554015933532,-0.583890599216535,-1.1777364285268719,0.17531315648212697,0.35297833443145676,-0.7017646997234686,0.007839007316780429,-1.212344773869502,0.910181987135632,-0.720273393847872,0.5435737891773498,1.0794188572913879,1.50055261711045,-0.29892579405476716,0.4578374282469607,-0.2170436846353445,0.8130462891999937,-0.4278076204164416,-0.13249629899262189,-1.1092847266027646,-1.4418151397217274,0.02737856364285131,0.9120568783324405,0.588264901594853,0.0003810992551718829,0.7712932673793678,-0.471935386813147,0
-0.2622395198540502,1.0417986878086214,0.15479391768527148,-1.3057812394479789,0.4320424503027588,1.0798441651047643,1.2314655245384833,1.3281091378797518,0.2690967828988559,-1.3260120480861615,1.5674583747076152,-1.3881545277468716,-0.044255880596991606,1.3107254119664569,-0.013659579934041138,0.739725691451118,-0.14428057312287973,-1.9453308567214083,0.7633202215613688,-0.012348425862417066,-0.44547492252027443,0.4276701416349216,0.06923558929396587,-0.6962962666192484,-0.7299481415170094,0.9364912981669888,-1.182588094742187,0
-0.5887893412614517,-0.8930968408690529,1.280984464779498,0.19512545139502624,-0.6791898522822158,0.5353339751792908,0.17144120397972532,0.8394424280672061,0.30777160411085047,-0.5288455358148344,-0.837226284706165,-0.6413072614424654,0.6763333171596563,-0.6217738300955585,-0.9448402923368215,-0.3319537409347287,0.3485618754192347,-0.20752861660572475,-0.9647582697509595,-0.4964651323831686,1.2608683031914552,0.879857991424191,0.05559339394274788,-0.24823783358720541,-0.8216196580429177,0.04822425482368956,0.48917892147891057,0
-1.131609065446034,-0.43546763497337115,-0.9816895696720912,1.7624844016387786,-0.20641225524220405,-0.24355791285852185,-0.2382121112177234,-1.0823831792358594,0.10390100197393966,1.5095120687118442,-1.3660135535043956,-0.5021853040284149,-0.18381796788024146,-0.5944930597846805,-1.0991127853747742,-1.1405612742398328,-0.8858312861692965,-0.6408025912541716,-0.44748487612446275,0.2777065292630351,0.4578426335811571,-0.8923512641769544,0.5563978524658818,1.676533631721311,-0.2256515314587155,-0.3470176480622249,-0.2311290925801672,1
-0.6981290863247268,-0.3856110372591071,-0.7613182407151287,0.555926091962838,0.03404764007949377,0.8253654907829739,-0.3937926007865463,-0.37414337337353554,0.38545320462490934,-0.08854908667682315,-0.28570455864074135,0.02634648160839657,0.37992417813564117,-0.2881644914777143,-0.7152458055425395,0.41518590282475143,-0.2395782693149545,-0.6230014576980714,-0.0708760283641408,0.8502588877377821,0.2809733797302068,0.14327157749499006,0.8214265068927818,0.10448125676346616,0.6020731862360252,-0.02309381864400851,0.9558201478683193,1
-0.9886872723778016,0.5523037603360629,-0.1831478017847479,1.5887099487583436,1.406386965412178,0.9779534961032854,-1.085441475412066,-0.7148445809678673,0.8225785415883601,0.21162435836647137,0.606457732242392,-0.8243988691108372,0.2703207463270899,-0.5474058401533217,0.26847037803234,0.9630297588140913,-0.1066943331191063,-0.6952833068869771,0.44767802431183856,0.1354001228042581,0.07363916095072756,-0.17712624368730503,-0.7388321206395603,0.7741188192577686,-0.11711783108897154,0.9813029777217134,0.3505315113255232,0
1.4255165844206767,-0.031042424878351106,0.43669023944687596,0.0795368678279557,-0.09372986485693897,-0.6109316747276347,0.5920382245919636,0.4872694323936339,0.3951843407127315,0.8752392724578031,0.5584230909875173,-0.5258992965648475,0.2819893522465353,0.8305984772436547,0.3348828617837517,-0.5216180271484449,-0.6869463667039711,-1.1425045825501803,0.2227128194092808,0.83304365010895,0.18252954804029684,-0.09735064058182423,-0.5732646551523688,-0.3575386289822629,0.5064124588712917,-0.2958274768593027,0.12181554771520624,0
0.9725960723259424,0.9184646506041921,0.06427134542264058,-0.025104432705098486,2.991394643265803,0.09326077232378423,-0.8729683168803734,-0.24281505801726969,-0.38609010763570756,-0.1826261508552311,-0.7182028184574729,-0.5245214291863773,1.1048040549180917,-0.330252739700337,-0.8078383486011974,0.6116285578619325,0.392236663530431,-0.561021323408781,-0.21483823982203226,-0.23902876410045024,-1.7981724811479536,-1.5296950105763087,-0.9138281268248396,-0.7855926531529187,1.204944064030597,1.4882479133880389,-1.7465589772438053,0
0.03159500559736746,0.10645165181673416,0.7979908008169796,-1.001054334247422,-0.18897585398435182,-0.6165927054452327,-0.008076733268362675,0.4742461209012132,-0.08807234634778044,1.289957512255971,0.24075159282855485,0.6509108547724268,-0.5131691851839364,0.8350780732637377,-0.521676860097981,0.28416435885177893,0.020781711721299834,-0.14397421375605793,0.4472397933398236,-0.5948642929229991,0.7574568061352321,-0.06996138643940382,-1.1975959573589765,0.7467559406883312,-0.9523173598732404,0.019369375654309594,0.8549590563771378,0
-1.5917135859132188,0.22992342935811522,0.4609792427027233,0.07367303307870973,0.37316034193421027,0.7270077666563493,-0.5379628533091046,-0.10581585812457334,0.35880318597798844,0.8809531140831302,-0.2691625298404027,0.5880011431413062,0.13037362264985278,-0.7255306696160895,0.720753213553319,-0.23522830759218974,-0.4366726411478923,0.633174519230062,-0.4063201506989557,0.23473448956664286,0.47775889717585657,-0.04422497300314179,-0.2581188262407006,-0.4245566198612967,0.19005984501874046,-0.866786720090417,-0.02226005649542744,1
0.26997470856768446,-0.12527042293126106,0.023455984362515635,-0.08268831814402838,-0.16749755659669552,0.20577539294343394,-0.5349621476325974,-0.38770578376447173,-0.0151950497239789,-0.5686594794220694,0.09975808765391245,0.9302293982203573,0.21300987188779807,0.23589185276497307,-0.3698154349069245,0.08269148023043855,0.12508264629171384,0.10963260839121546,0.44623317460846124,-0.2054877252141669,0.08305507135684366,0.6341859332724084,0.6067387862414971,-0.18702555688356434,-0.12980530562440565,-0.4045920261103417,-0.525605566551883,0
-0.4286497463172269,-0.5833243139620319,-0.12289918632819462,0.436142604962379,-1.7041163509941983,-1.67622856003962,1.0326205040227048,-1.193672842126977,0.46432503025448973,-0.8219232158193904,0.24565253230345577,-0.30452941935214584,-0.5281236504823448,0.7093300988961576,-0.8361588442778339,0.40359136671013796,0.266944053782515,-0.7724867342180357,0.9075285678484927,-0.20488257958469316,0.8314046952984957,0.7887453627268626,0.49346398023535787,-0.04540766968327398,-1.2685106548987946,-0.18755581842780922,0.9060751732315636,1
0.2957390198678308,0.34615517145969144,0.017121714329379364,-1.1659138427564484,0.6088680977152723,-0.776273920775217,0.14074947237823904,0.46771384582513276,-0.07160756107226764,-0.2271124779312994,0.09368615635772913,-0.3125646734827066,0.6558849782866936,0.6282147241775009,-0.631728441050514,0.49823719550432255,0.7855522756237995,0.09944339355373671,-0.15528771675092465,-1.0342103525319455,0.5189489511654357,-0.05853357832808744,-0.3084348625956058,-0.23184848872237157,-1.0872011864334468,-0.5818674128254352,-0.3489470925425065,0
-0.097034061719703,0.4289870925405879,-0.04413071027161818,-0.39156636683866175,-0.17088353848440865,-0.019805969284186216,0.9557981102722568,-0.2578897344713246,-0.20005681870885114,0.974833471411639,0.39338462980493133,0.29422749495732864,0.7171486205386018,-0.044862945281221145,-0.04666729182118743,-0.22236839835433253,0.37121218193352756,1.1607793248989626,0.5921651512735701,-0.1609174345341503,1.060386286804489,0.346155785465265,0.551586426568362,0.3993338653282647,-0.1152556822370348,-0.04762202673213907,0.08011058032371625,1
-1.1657898933893955,0.19480758251337532,0.671770716969759,0.36232954929083533,-0.04838577035453396,0.27880403663947306,1.1811905123557926,0.4490077075905786,-0.03583327637082411,1.0325697809730259,-0.19766938658426678,0.8341390855511557,0.3599611594321811,-0.3687768198774165,-0.753022277578799,-0.31192423391758023,-0.7100094693510394,0.4067261676558005,-0.6726141996788271,0.15722916538620818,0.9529105731936183,0.9491586991596356,-0.2783342181725276,-0.5935082306215835,0.38964416547150665,0.14339284105888925,0.679272432672685,0
-0.7919193847340846,-2.4178593843209826,-0.9626831720776217,1.4591680098604505,-1.9056798320581865,0.06569579483911736,-0.009527856558587252,0.24351121346734747,0.29372977288155816,-0.4242464136217075,0.2638278033737009,-0.04326318760190899,0.3363166929041634,-0.31445137903948034,1.808021055966976,-0.5191144985574658,-1.8095719721484125,-0.8642704238482358,-0.13634779488370455,1.2924292056375775,0.761553867945115,0.37265975155734093,0.9077018678640861,-0.3840907244469579,1.0138686215530786,-0.2769860581116426,0.2915534078115037,1
-0.9393820384863479,-0.6621498210939363,-0.04245640041313178,0.3547714310557816,-0.3609417411499308,-0.5990404309227525,0.24325259817682865,-0.061967366797459664,1.0813915421169304,1.6699363108436276,0.02646720498925053,0.22400582691705934,-0.9792049354269148,-0.12055969304646257,-0.014604468903120357,-0.11111562653439329,0.04963384754582416,0.4746674346079124,0.6190626206808092,1.119106270438608,0.5615854187940713,-1.189348577182755,1.0390393519987875,-0.5974536813591385,0.855935119838786,0.6243571983865693,1.3043203133265922,0
-0.10336045938791125,-0.6221576173423995,-0.7257030905574153,-0.29224317457012694,-1.2309056046572104,0.7153630390552994,-0.2951893306431875,-0.8437074755712409,0.2495669100723307,0.2913961027118,-1.3313510779087512,0.34121037167522805,-0.2914215662166185,0.59321968187456,-1.0418286962876262,-0.08110345351861813,-0.9669782243873214,-1.3648275033250699,0.021280772252249384,0.6360412464456886,-0.049816053472815904,0.14301286008940506,-0.6110791686545822,1.8647421645833249,-0.49170000715306267,-0.6434101814614619,0.9151052982662274,1
-1.7049789392477404,-0.1555338438599488,-0.16075745300588623,0.7014848426773386,-0.4382984531603223,0.882671525949616,0.3822252749474836,-0.029314429909049478,0.5116043616642761,0.40681593309144015,0.08870996133403321,0.49559184174375864,-0.23209555046710129,-0.22746438374349448,-0.08112948981670938,0.16086088710040974,-1.0980919291992755,-0.029530724232660566,-0.1603256217023328,0.7570851957514193,0.5469885155452254,-0.5661817758472173,0.7423341039549076,0.2727919251955127,0.0573262536446577,0.7411542607144047,0.12176900579446523,0
0.44505920323263043,0.16421440573328822,-0.6774809163434424,-0.41333499043269745,1.093971197978463,0.5539919044079438,0.7799680723150788,0.9742947784283079,-0.9678679057367389,0.11311897912977041,0.5334969509981282,0.3220887102664556,1.4715248829990046,0.823442229808551,-0.38193201884041506,0.9670414117021893,0.06276877238577791,-0.6165625974175826,0.06980552612634551,-1.2787650470679974,-1.1557536370827834,0.21756485723942634,-0.752638409906566,0.6877437952041691,-1.6055535143790145,0.36544718717370794,-1.0472630693403686,0
-0.41754727479937737,-0.16120936939881408,-0.7952089541917577,-0.8441771879971319,0.10110469932418945,0.40838385153676676,-0.38051943940092975,-0.9319013207042202,-0.8831655641529192,-0.4700914019487383,0.20365243327500848,-0.6090151286268778,0.8355843182431916,-0.31324225521915233,-0.014091283489935819,1.0683291167240963,-0.9069235466867638,0.21374672248928128,0.6838083328218472,0.6201598486944953,-0.023684579488905014,0.3839110986355025,-0.12689785940491816,-0.7369294260497443,0.8014398359607563,-0.8496119257435738,0.9152211320930175,1
0.48204142046033194,0.3769232694763787,0.8735156291012802,-1.349048596477588,-1.850744443072652,-0.7861658462242309,0.7424235294760477,0.05503094031857254,-1.1694120618688877,-0.6510571194123633,-0.6764071187891082,0.8665678207790637,-1.6798796144994335,1.135666158681053,-0.4107556560479593,-0.22514258883474808,-1.3674994363586728,-0.3208697402295205,0.596682465557734,1.5577442093093579,-0.8154104330518104,-1.1930344038734095,1.0575939960623144,-0.4244810116103807,1.1877593629591545,-1.430414455061199,-0.36252559684802216,0
-0.3267336237281339,0.4620804618022823,0.016199029979956335,0.844390115543798,0.885795231842502,0.5377275338011498,0.15400931965750547,-0.3213934824155078,-0.020227487946901795,0.17803486807170144,-0.39144465331508504,0.22757605621091515,0.6480555516353614,0.12093219048681303,0.2699565401069222,0.48642014910654763,0.5401857876846408,0.8053176081996931,0.819623345220622,0.003467663969960844,0.7880338833508608,-0.20627346147155895,-0.8329202942688089,0.7324074011161982,0.17334136201733125,-0.41275618333583347,-0.5161665158069624,1
0.8349352956440906,-0.28194128012625536,1.0145286357302,-0.8743575559100142,-0.5053963844972966,-0.9930779889383292,-1.1344706606832449,0.08584574058249321,-0.35821980451288443,0.2045337066933708,-0.021468497710905875,0.4508562560204491,-1.356788732155933,0.21413432507327784,0.9082922032013739,-0.6487343307241416,-0.32702879813247115,-0.5847490435681372,-0.24032621320185119,-0.5267550736671403,-0.895969193771233,-1.0209248948233762,-0.21266365484526822,-0.21907043589531713,-0.24428672860392497,0.30442248591356014,-1.6130725093481721,0
0.43569455536564833,0.254023502720169,-0.009819716394462328,-0.9520890825049735,-0.34236066408508026,-0.7417358127903644,-0.3686915571254079,0.3527804660380469,1.0895814106269062,0.47968493049768685,0.6457513987979525,1.426777846696755,-0.003846790738010435,0.505564237637445,0.5143951431964789,-0.8481948272042648,0.4199134411959945,-0.718670640808565,-0.4627125393377524,-0.01889014778202317,0.2849994453751485,0.3042667961770464,1.3204801237717256,-0.5675395495538098,-0.1837098484209998,-0.15652487394729755,-0.5949398657786998,1
0.4666266139293737,0.5953307613493121,-1.6569467694980817,0.8811173220749936,1.423704462604182,0.9191349923014156,1.9582003387654547,0.23077288814498623,0.141586116308314,-0.6911188424460345,2.112027515258,-0.6561481213377495,1.3476295801010887,1.332915548810606,0.30776940170383854,1.8567308468861696,-0.42304254293501165,-1.3947383053514737,0.46621465775398774,0.9196362548273237,-0.0226123207598714,1.210028415151401,-0.4635440413233424,-1.2792880038343717,0.6322417034280224,-0.3720843599449824,-0.10575862004173192,0
-0.5286928820221386,-0.9596350459148745,0.9651478171897694,0.34407847027765986,0.40832363283628764,-1.165710604605585,0.6702422963844533,0.6142426866570867,-0.36023827300514233,1.3953191660258488,-0.26488721628239636,-0.41449758219036936,0.8622122993475332,-0.37710059155129505,-0.8195704524840031,-1.3730354338427617,-0.44308339089725685,0.822209414357047,0.016723023552317227,-1.5116371647497373,-0.6913333745424458,-0.8743354910763265,0.065757042759777,-0.2249816664918073,-0.8857588635689323,0.43050365379495936,-1.401726791175782,1
0.26933928199076285,0.5340866202359281,-0.3090409132457918,0.5061742697485421,1.0876022741950448,0.01842641162035122,-0.8332058179611394,1.0929601573684637,-0.24329141095681622,-0.471659549009755,-0.18533662106263846,-0.6035724009683339,-0.49183690822833515,0.5191801134499416,0.06013318999316293,-0.0021308240380966915,0.8627286217573479,-0.24356790149437613,0.06420540094637542,-0.5773628315668311,-0.11774260439987758,-0.5948212266183375,-0.9129172902064341,0.49260806556992015,-0.3490624104297531,-0.16973452499954683,-0.08553558050126649,1
-0.25264053214680854,0.8412232927429141,-1.6626902633414842,0.8072838171877537,0.9566033636510186,-0.9086264598647766,-0.25009734808884815,1.0104665322579316,0.4898399798157698,-0.9955167562487849,0.6247158580671375,-0.3046128828665173,-0.12403183759749428,1.5651792870101253,-0.8971551399408982,-0.30499357799932897,-1.6067439955779903,-0.6574885154562178,0.9074795509291451,0.10339586131776238,-0.9369986876142056,-0.39284347034008377,0.32392554784835054,0.12538427763163282,0.20121521202823525,-0.5149072401276807,-0.5466616825541506,0
-0.14544228376418863,-0.06420223117157171,1.7227576946782839,-0.35799765899824043,-0.503933143881794,0.27682122874025167,-0.09163325784472731,1.6928127051990212,-0.6560591632107833,0.29758799301855654,-0.9138233047808475,2.0667014077215344,-0.6850707746619078,0.3600463153995948,0.8883715934386789,-1.1152824654217395,0.7925610143985651,-1.3340929280888076,-0.5358865121164385,0.6007800389458405,-0.6448304851889591,-1.2277323810549141,0.11149962807123243,0.15945126408619437,0.8475465879503815,-0.002130522254044809,-0.46326416056552394,0
0.20077214961479867,0.21023104382645777,1.5320227021858135,0.2928513012952652,0.1606476428549121,1.0281257323085562,-0.7470310974091612,0.5483414327599273,0.6679629232536635,0.7569298839346849,-0.6193311003516776,-1.1605036736216674,-0.6206206261140716,-0.4239507514824791,0.17158216615051833,-0.6687273176780407,-0.2361181456118266,-0.24870634005660758,0.23990122713555825,0.6674598253942556,0.04107600974941354,0.16651192820580726,-0.6494918472510954,0.04508877858882773,0.5093811909064333,-0.5268178783467248,0.1874274410941814,1
-0.5707359392925077,0.24812294655083955,-0.1324752393290596,-0.3991651789191521,-0.24515448373505502,-0.8518637171854629,0.30965042113529,-0.24278805035286655,0.5604616437511009,-0.2764042551796778,-0.42708134616574506,1.785845428887711,0.7177001393046333,0.14071783877309327,1.0060814616270959,0.3887710368380464,-0.05277127234366768,0.324063581454666,-1.4049984259959454,-0.8561085788596353,-0.44757860186583376,0.4497338923866143,-0.5911358750160484,1.1122029804591436,-0.28374180949385575,-0.8832352931049445,-0.5909394203301391,1
0.04443372822714483,1.3695012430987805,0.01469178573439894,-0.4665166185579229,-0.09565041472826208,-0.3882383331347729,1.1073547950247988,0.2926195132504457,-0.45133332726307535,0.34705937583093865,-0.5129493822536993,0.5787467952548773,0.2988652667930257,-0.08681295360481686,0.49834946651386114,-0.9047958646524735,0.8637779644425788,0.9053818678213449,0.6499918578500171,-0.32286269374517296,-0.0004939065069135985,1.0739655503205991,0.5572119623078157,-0.3493738054359672,-0.25702069280712986,-0.40890126272579574,-0.8551603375429219,1
-0.6823074081127947,-0.1899720216758022,-0.36146575895407296,-0.32740393871270834,-0.6472450195500586,-0.1866435852680958,1.2213761368378633,1.0594970753969817,0.7768469681136008,-0.5507492609801877,0.9571286825458654,-1.249971715947802,-1.0132290078983492,0.697333322769333,0.5751136686173416,-0.16049316183500892,-1.1288899588738397,-0.8040083477133724,-1.366371813454048,0.12099160072305354,-0.998100995609483,-0.35905134052058374,-0.5809528516964482,-0.10452940646120522,0.18293528996456468,0.10605568147605172,0.7579741420492271,0
0.0013833498930104719,-0.8209671446314807,-0.9480479029354136,-0.9695901548418033,-1.6637220281568157,-1.1513967928836555,-0.6239285886389468,0.5833399929696463,-0.5457763986826176,-0.6640585831174811,-0.39320907473932354,-0.2862128372260195,-0.7987028626870708,0.4671923586220821,0.2663639326397576,-1.378858117081522,-0.41768832836467235,-0.8249827080948581,-0.1523091657420824,-0.6473612322878435,-0.49646150764765395,-0.99788321976415,0.949045927069302,0.6937186243401593,-1.2781561642239763,0.3197359662895507,-0.4746285864608141,0
-0.216134932368257,0.24492643997131658,0.06966191097581168,0.33333242157707327,0.02304140125578113,-0.2379886252524214,-0.19889356912495096,0.3535022211385295,-0.1792861323459119,0.3676524557596989,0.6847673643214258,-0.46468339132156194,-0.21069131671893182,-0.1509508715913561,0.04326107115481838,-0.09035212693529189,0.7916500168442956,0.46675115671785516,-0.23440089434399333,-0.4675447771507032,0.45553599157175545,0.027715309093303213,0.6812697484586956,0.07296907505033404,-0.7770259338002999,-0.9927071088740211,0.7437971122587641,1
0.15758020959735083,-1.223398537673142,-0.6165314078100794,-0.03886874918754941,-1.5767697377178054,-0.34951021197369114,1.1061127304580471,1.125655632211012,-0.027204187688043006,-0.6010025777841348,-1.3367474771499144,-1.0087856891104348,-0.018977127406265965,-0.3264353285528392,-0.5497426747860017,-0.7035271478672699,0.35001288067454867,-0.13048142632755977,-0.26630023219026977,-0.0866965623446069,-0.6815222234294773,0.5720074895048376,1.2900482678013185,0.08478365110473264,-0.33944561868021966,0.8548640346170874,0.6954408078255528,0
0.5156694105209407,-0.0003037748481945087,-0.163831379519163,1.4829735232574672,-0.33293813987733867,1.2453511709425387,-0.9231571107385619,-0.8662080863221379,0.014203692633802225,0.5539655936830996,0.6883149855477058,0.6080539231891446,-0.2129950403823712,-0.5699869194307141,0.4158514547427768,-0.531289145244942,-0.12019820242394716,0.2606358683874976,0.9238802702578236,0.9524268914560696,-0.5257605566919321,0.2293666994758517,1.9154825381827787,-0.23424844641943765,0.07243722317225129,-0.3146772362511065,-0.13796662351823374,0
0.6737721120590436,-0.33557774431214465,-0.09322389078866125,-0.9432433950148578,-1.1097426302901903,0.15766893575739963,0.1358266986533111,-0.21160517969285603,0.9895778865048571,-0.7366638856107911,0.21162418217606452,1.211458573151051,-0.6913483864931064,1.8672042541226248,-1.0389090688214735,0.09333567374476473,-0.730453099927681,-0.3903709215409737,0.6161681894999405,0.5488255391048925,-0.19494987253780535,-0.40013258755747133,0.005410361586138382,-0.12271972497358338,-0.7667132771495759,-0.5673240396139015,0.2873696001761687,0
0.24162680254964033,1.1626561055614542,-0.4683619804252875,-0.21623460856814064,0.9515108372651142,-0.21909538288344363,-1.367957285279901,0.1060718834952692,0.0928702699377889,-0.7739712969046215,-0.02142755061783798,-1.0481428476530148,0.618810767930895,-0.8353207082156963,0.5884356027938973,0.8789336638021197,0.15983664626081037,0.690778135078463,-0.06183428322164494,-0.13741958930240933,-0.29236184232861673,-0.10864642670785528,0.3573340142192443,0.00340100620180201,0.0036074884721799994,0.4228148599081562,0.3278157494291076,1
-0.3464211443354124,-0.6781491141196618,0.3788840794954826,-0.41338746068464366,-0.25948447982874406,0.08945777822694108,-0.026222888577806518,0.01180168101107812,1.2613022231584199,-1.247689031066744,0.7788935732910666,-0.19830776155870852,-1.2263899225294035,0.48719416689170564,-0.39566433008851454,0.8078806970181168,0.22752341897842066,0.5671755637382291,-0.8585366797501722,-0.55883007846109,-0.06643509773148751,0.1963987403161327,-0.7439478154384209,0.04065011392292764,0.7237525067170012,0.4711752375758251,1.0568320772109905,0
0.1401383690967645,-0.30395316709672304,-1.586487323236472,-0.07787334042246613,0.11373134450849194,0.4323638061823189,-0.5920913659630836,-1.1139746158350918,0.05679757064685104,0.1800372846838628,-0.4468777723569888,0.12279771300976573,-0.03966590877060332,-0.29676867384338806,0.3790661797022903,0.8065854318934181,0.22635515435443154,-0.4383601172539442,-0.28885819280599134,0.4173536064138587,-0.17647179444700048,1.0160552227760637,-0.2791097644009422,-0.5554488924372082,0.15280592649704686,-0.8007215712055931,0.694421749786632,1
-0.7759017199965217,-0.2797247544968282,0.934274360930278,0.07768692986984692,-0.5035921613404881,-0.5557887551594535,-0.9961441812277345,-0.44972547426007164,-0.3507297498426663,-0.13938726940514043,-0.9176932227765113,-0.26972931683637597,0.0738802629392196,-1.6782951491396425,1.1414688943217182,0.9397350456162293,-0.4332776571848019,-0.06176657713968754,0.5550202249686359,0.02003630018689612,-0.4982507063361751,0.438538919479762,0.7718023427875917,-0.7178504123846035,-0.20315936850259747,1.0999892401165203,-0.7685183647213546,0
1.6385627931585967,0.9681919376101092,0.10426784314473203,1.6727210224147495,-0.00615409320561056,-0.16770433547196592,-0.3188116670047517,0.9221793071967772,-1.2007325933498352,-0.9765885187525145,-0.39046163271455264,-0.5792822290716848,-0.8074373415255928,0.22079377508990938,0.272270592164066,-0.2229784971611894,1.0343595317903564,0.6619207240634748,0.8749129660535673,0.3841354679729753,-0.6267904189902702,0.26823742058488276,0.01387416154590241,0.3560621573148534,0.3722830565150573,-1.0755128049573708,1.0133839659129646,1
0.17583764070254973,-0.7796842868087361,-0.0885340443676742,-0.24106118447996894,0.4119582969900071,-0.5554255618184735,-0.1593811766286375,0.5097506428774502,-0.0032299284305273555,0.383252773634303,-0.009918027211628993,-0.8273489667984589,0.1286464934150035,0.21953605650850522,-2.1424490413946615,-0.6515926355744275,0.5091430382307736,-0.8740076618745799,-0.1981543903253139,-1.6825570822641889,-0.25030757034849876,0.6701779969273691,-0.03742227864385373,0.505063704371671,-0.9353215359717066,0.8282720922287791,0.040739595955000596,1
1.2271049915030248,0.0031465995556700585,1.5466445351116331,-0.40940183741471786,0.0012124018130430935,-0.6574854453393536,-0.5771407740438675,0.18667826619820807,0.006577638715329857,0.9748320041232967,-1.0368748219667943,0.39955649585534847,-0.6522474277924072,-0.02279125710207857,0.3119229788006938,0.22973390003577965,-0.2901720013932612,-0.31047173547822643,1.2924694045974214,0.737043997041444,-0.27313943117694167,0.5653702228771044,0.22200978226210943,-0.8850036781419447,1.1210789655795026,-0.5304199785724034,-1.493236247503057,0
0.2380105448996335,0.2044325755205576,-0.2735813003813027,-0.3398446771550609,0.34734977512507853,-0.07694518308199605,0.693898045507755,0.740289545181044,-0.17477144338318826,-0.49449304942023714,0.559643616867097,0.18295922142556312,-0.3716389123456936,0.8080293548975219,-1.2193250871401549,0.42407655914535897,0.483252886594577,0.6791564052277939,-0.5567062146086654,-1.064397094329597,0.18176226242771507,0.42034886081778444,-0.2596104918887426,0.33604392525446974,-0.21439273158246494,0.11003696590686451,0.23282091948641512,0
0.45590295551212917,0.9262079922897392,-1.0116013995735555,0.23025282189749935,1.0967371079197428,-1.0430895629136203,0.08760644966201175,0.17421346042052802,-0.08223802611597232,-0.13207737897951152,0.012466361020730322,-0.13178637102548904,2.206161795120286,-0.5129120048202976,-0.09219415662426723,-0.4095429101060617,1.1481866781957615,-0.26418085980142053,-0.7191821854051159,-0.17814002595535186,-0.2516322820920932,-0.05720919761678387,1.233700524258934,-0.13656192925893632,0.25583740663363014,-0.04025407162026584,0.4783984298000857,0
-2.1406966075599927,-0.2695203951981886,0.4167781088780324,1.2816650096410327,0.47766436172001814,0.5678225998355001,0.4320219077891198,0.05114056714496211,1.5208088911374367,0.14078399323141913,0.9975698311913898,0.5573330883527764,-0.6365784276192514,0.7073620534636359,-1.1815712282291553,0.13505207947675768,-0.7578689949070789,-0.5664118895025669,0.1519836270674146,-1.300460499139882,-0.4409726933949344,0.08726204680743203,-0.44363451195072195,1.4413792982345226,-1.102783776481409,1.293007604859376,-0.9503103825793123,0
-0.3927435828743155,0.5573252841449303,0.20319963991390627,-1.1309871702269643,-0.5453414749446519,0.3063384682083068,-0.4672364446452027,0.24691986415161343,-0.7043018204205105,0.6721226126807271,-0.16341066496072085,-0.11648330838863255,-0.16280459880424153,-0.8977264608573896,1.161885188853693,0.7584228683052222,-0.7769668447997331,1.3541325347086182,0.47411719311948297,0.38639580279666397,0.5811452101279152,-0.33006449067623267,1.1067550425823276,0.051949824138203225,-0.1704362842146382,0.3354271766109885,-0.5571661597200394,0
-0.2756697410323627,-0.5475540187475192,-0.008601060836794324,0.0645038156940912,-0.225060151376384,-0.7778607163965866,0.7232441819390936,0.13033368760843542,-0.15928652226208115,0.2819088064167611,-0.4405477806803357,0.8780769119327093,-0.222230528964016,0.7397353219915698,-0.05225500977365701,0.9939357141189868,-1.033802289188554,0.4911623792458944,-0.30499790655423364,-0.3208495807771885,0.27567764657913174,-0.8367872707983909,-1.2928020340649014,0.02387984292416076,-0.7852001755357777,0.15386664081142837,-0.5440832611169336,1
-0.378608063420568,-1.0213610648722689,0.4261329956579229,-0.309620325507628,-0.6679714726881011,-0.8835332664028646,-0.4348527287427601,0.8108172357078895,-0.13602727179308668,0.5781460398948869,-0.18281762138959257,-0.05584756574983225,-0.21622117393518644,-0.33588629416541765,0.013007650876014744,-1.1018253721429923,-0.17506530722512345,0.057655464646122034,-0.12034484366526162,-1.3661709975887277,-0.50396888440314,1.1353384327298381,-0.6217005920651089,0.38316286732856125,-0.43650477067075816,0.17651427877644876,0.7068021313487339,1
-0.347759030660557,-1.4167608619849754,0.3865990490206254,-0.4463024994049408,0.8496319470380008,-0.20487652354633143,-1.479739523454899,-0.40786394080166083,-0.41131999480140563,0.36001291918047434,0.6656325552596126,0.23620452337981915,0.10126971663661846,-0.8809407031755614,1.3028773469529322,-0.30124671488599386,1.4654654383484236,0.1015295370261098,0.07577065504759785,-1.7077987474829501,-0.44164180117236934,-0.19783032307068565,-0.6014133573120519,-1.2431494269547976,-0.31294324168475635,1.1430748668115214,-1.1309813088488256,0
0.2028204515913982,-0.18763531724777557,0.45686998217266567,0.509964924640205,0.8202385161963917,0.9174254113602954,0.25949551356039186,0.8365008064566769,-0.4668395684467767,-0.19057818074665495,-0.4554565422440755,-0.47279856946978727,0.4841774650712656,-0.39276344690565285,-0.3992281344197371,-0.028057458235552897,0.3778816203065929,0.6089639380926775,-0.19524494265621986,0.1816044449207502,-0.6211335996854762,-0.5263459985334619,-0.2466339636924639,-0.32291051635181645,1.0630401504001896,0.5479991415198256,0.27769306183792797,0
0.4030746122421512,0.8567837696347935,-1.3281048361349552,-1.1780939013650429,-0.21777175447575214,-1.05137971414965,1.0053989968645192,1.2999085908554922,-0.883756854216993,-1.135932772026965,0.6259046268552297,-1.5596186062924904,0.10381656313584689,1.1294210051794622,-1.2109219770156103,-0.11793494366097157,-0.8725940270406654,-1.6855847297607627,-0.6561981789320741,-0.22645295061999435,0.13030656139639674,-0.004797724760639068,0.9683436422417121,-0.00450458090468057,-0.47268623088601747,0.006644921402027345,-0.3559634289999997,0
0.0889790592606064,0.47067979859945713,-0.421169814164103,-0.20250881956637865,0.04275912347992069,-0.1457364849097549,0.17469723158978884,-0.029250042936171682,-0.2992312370063594,-0.6150517008877117,0.02958019414125823,-0.01788511557034826,-0.8627534226480704,0.4053664964924608,-0.30972949888711954,-0.54041700947087,-0.6595624984071696,-0.14314020368201275,-0.4910159882269405,0.6774712615556805,-0.2225334732165787,-0.7973750711724795,0.2899755222853754,-1.1915381617628116,1.0010436022679372,-0.05022855347782385,-0.4182065449390108,0
1.0571834905235447,-0.2775008141788823,-0.6652937656965203,0.0700077557918896,1.0719011935742053,0.1422779287314255,-0.7031660517432182,-0.5573816760209175,-0.35274872949437586,-0.5890371102816214,1.3620675431019362,-1.7057539493149523,0.8350591713381019,-0.3672487290447441,0.23908002798158545,0.3139032423367739,0.9003522159335727,-0.33823357724501846,-0.48033616169941934,-1.1156338568240887,-1.694671087206064,0.5089887382974653,-0.44338066411235544,-0.239268381559331,-0.26386294231539126,-0.4257524234806271,0.5956537944983002,0
-0.690181410832481,-0.21328061718287938,-0.11131319183771676,-0.731850926415089,-1.5359261528269923,-0.24122197807071408,0.7288232818482369,-0.06361660261140413,-0.892289807448405,-1.7868937964247171,0.16234019464320265,0.04457469481550671,-0.9472377510612778,0.36591709253643667,-0.5338979115952746,0.8553663888371426,-1.4415622687582108,-0.06576503178274211,-0.05680715426890459,0.3227658876764725,-1.5358835928827326,0.17470469302585942,0.8714507865318437,-0.1494712716813392,0.47692382093437985,-0.4243218592180005,0.5680307691881034,0
-0.03192843104391947,0.55492704955054,0.3219376231184468,-0.3281289428013986,0.4519826271429073,-0.745628504346393,-0.503849020954992,-0.06797561773149964,-0.09663517988319306,0.27028545247030894,-0.3434433617304744,-0.509293438609683,0.6256926159000268,-1.1620531163334433,0.8744984438041066,0.1606132697599035,0.1840067009973904,-0.11455258995083617,-0.8660426201212146,-0.06520825025501778,-0.91069350425296,-0.1956687950361767,-0.01941508730399012,-0.13848753400407524,0.5400438079773712,0.5181031797193244,0.5239704141756133,0
1.1094053276777736,1.0983369106862446,1.7868899352984247,1.204651788735265,0.3538304128185458,-1.754265352730809,-0.4660827777894119,-0.4530025310495769,-0.20568401041374643,0.5260790405719636,-1.7765255590834925,0.4038198929708711,-0.1507127893373536,-0.39676858641862894,-0.6567612412382553,0.71359595849578,0.3012054076407782,1.5762149928105258,0.2211215704572406,-0.7418474613703827,-1.719366722527607,-0.7628423906601483,-1.3419598873759624,1.9899318993029818,-0.6190829161831977,-0.41474739060049765,0.7362821997289595,1
0.1873973495167056,-1.098904951071057,1.2348468412849671,0.44459752478385883,-0.8731411922818431,0.2828514323912613,0.42785304915941397,-0.7360898297390732,1.4696629517049828,-0.20095043000900306,-0.26577353800241327,-0.15942607193460695,-0.8073475455695265,0.6187599772580304,0.04715427428903547,0.2116067132678368,0.1390702335082358,-0.27542912634307576,0.8233139670168629,0.32810511981737744,-0.4784105163734823,0.05610561161567091,-0.6202345752032957,-0.6449162536363523,-0.6701987067120498,-0.48318407021735255,-0.3256112256695272,1
0.4998753569484778,0.3253586429111716,0.6695982014945239,-0.1301283058702266,-0.4837272392766912,-0.0977135768324852,1.1632910256619382,0.7499236169895108,-0.5201444296060251,0.8735085730767933,0.32881645600289755,0.5540554577542204,0.2726254858765772,0.919280256136506,-0.49723330084522194,-1.04185278226356,0.4024371373822217,0.5158027362512154,2.132347660535927,1.0661204121933838,1.5225878367021333,-0.6175546126435754,-0.16636330421516587,-0.6837813979675982,0.35636035887343154,0.9597729717357855,1.5624850746791716,1
-0.23324884267982618,-0.011987698793378899,1.0052113964903329,1.342825404311381,-0.8155982570649816,1.0513836396502005,0.0628884075000658,0.18175704878112967,-0.25329486765216047,0.04487466893647725,-0.9546237452386144,-0.6340372596901159,0.4166054029604492,-1.3158088462325468,0.9433347958977127,-0.4412787810125339,-0.06223110837024899,0.2175865611388392,-0.35950948082460243,1.631095875126983,1.419844392304734,-0.09074546263323997,0.42105264493941214,-0.6158169201112924,0.6403024828983352,-0.10063760841796211,0.9430472515559687,0
-0.5768799208274881,0.8334112828915706,0.19013458295333205,0.6381631986554179,0.16492189177341307,-0.3361517381700111,0.03169994436845629,0.41253845691004465,0.1586672200920042,-1.2426719142124891,0.6964790611206805,-0.14611227301570803,0.03662363548426022,0.13564677560142568,-0.5723085476306092,0.9367410007992113,-0.3020928644685795,-0.46388174961038636,-0.7230940409770846,-0.6406824415127333,-1.4706578699567825,0.6018613103801278,1.3989924749032534,0.9962659114441572,-0.41765515689827193,-1.2523596061270843,-0.35029207603693,1
-0.003509379793090831,-0.49967887383847354,-1.142579439608875,0.38408728633094924,-0.2656699296918974,0.7015996369731794,1.318996954675367,1.2122595261935845,-0.29954698616137737,-1.9414637480242334,0.04300006885659351,0.3600741018412989,0.11061465584453908,1.3582143479993245,-1.1055800268110267,0.1109362828736547,-0.7734255355376672,0.6638235163901303,0.3606181332699204,0.53423247161353,-0.804286930630883,0.31268949068828467,0.5223141647264044,-0.31218573984696013,1.3292072645416497,-0.9193780860869218,0.30163992042205456,0
-0.0940463421353904,-0.4801353552883536,-0.9090206641448063,1.5446221961214328,-0.9011092934160223,-0.27500775781059456,0.33605435440473136,0.10952875677178675,0.5421557536793156,0.5250577170532551,0.11220689556562152,0.37746980104593597,0.2637276763601883,-0.13207949524472007,0.7662014121234516,-0.5247958090152907,-0.7263237644245715,-0.1620598790810826,-0.7383794546412962,0.4082640758174324,0.7950838133863714,0.9059074194523336,0.8934254576206622,-0.1790326919621795,-0.7139985091517157,-1.0552703957514284,0.00038755032576320825,1
-0.6020443989383416,1.0082430287723514,0.0804634948009046,-0.3234958913983902,1.1339189023866327,-0.2727781431764131,-0.8645941828685558,0.44752072899668444,0.9801536971366526,-0.004826686778460169,0.4566632270235291,0.5060490920692415,0.4117202551434456,-0.10800527551128773,0.8824780883762926,0.8444934855832966,0.715276767675296,-0.9601220074085719,-0.7098817109892146,-0.32255669884531085,-1.4948380396023695,-0.4136449327194642,0.7077143209058482,0.5572052642421577,-0.22707089396153438,-0.3242002481865019,-0.3432454771303976,0
-1.4115348294124412,0.27620617735465275,0.33156707259496054,-0.07854258803734156,-0.4300900471790922,-0.39418623201779657,-0.5544149806706341,-1.5090384486647626,-0.09863156477911937,-0.5450338763500518,-0.7459832389025713,-1.0761625975214635,-0.38573584447873815,-1.5252998229943993,0.8656408057257083,-0.6309806359059849,1.058030457395634,-0.050716414076434235,-0.09757947557535765,-0.4244460327193212,-0.1375454876899222,0.9430164970174209,0.26493149262600846,-0.0420553761327835,0.5535400677228235,-0.6473010379288108,0.06701604011710645,1
1.0714063969666816,2.1375619823368592,2.0043159214641504,0.09357204166650923,1.1295248271446476,-1.2954557234470354,-1.2320057057198455,0.9049111964440351,0.8284253569870434,0.46722053735756713,-0.401422834731117,-0.3648052820745998,0.2504701443194882,-0.8718338630925687,0.12235097480516942,0.04361724417117619,0.7801706907454373,1.3342955763367363,0.4641319608227134,-0.8920522363110475,-1.161808439012476,0.8948650749935119,-0.643644943899907,0.8773545264237778,-0.02315783519161916,0.6373971983681369,1.1454805094739482,1
0.28430668883824634,-0.4912428653615971,-0.5032476810060019,0.6154880226091026,-0.08694217192145413,-1.038146490463322,-0.5272850827767642,-0.6265717603912285,0.5207407654755822,1.6194820124138674,-0.012156968698919746,-0.024525693501674096,0.2836256538339743,-0.4825327500282978,-0.12900626617502683,-1.2337579385943973,0.19569530120313067,-0.8454059899495794,-0.08926194752134883,0.24929194398249535,-0.1810817215086431,0.05995694056294625,0.6262163386919088,-0.43632019978389436,-0.039834927040070175,0.03174735406314475,1.0540392606868394,0
-0.7308916646126195,-0.41367080432818576,-0.2436571026002225,-0.7875957623842568,-1.4773270199696211,0.036075160347492356,0.14922790858739549,1.2155146641702945,0.43505732348941584,-0.6857555113289522,-0.27790697431875394,0.9017091849058514,0.01795327698032946,0.8539320845343582,1.5216454117671327,-0.30304994934922436,-1.4862848862940408,-0.8351310140883447,0.208396332206597,0.7205333372769905,0.02128091163361928,1.0069439684322334,-0.015229776621542934,0.37213837173204756,0.40503388935891377,-1.5836897951087605,-0.2137815564885564,1
-0.2050285085020769,0.1327574648356793,-0.4155699641164542,1.0383258526242922,0.7738289258103913,0.7769722182678388,-1.2759653351037243,-0.08224998950432141,-0.22578738233961854,-0.5848359489080397,1.1346444177031259,-1.0107335343999182,-0.4565360029675323,-0.20632928284494828,1.177761121363769,1.5015200624880354,0.2606825634874641,-0.33946213707040906,-0.0006011547218160414,0.15702515741273698,-1.1398926910300486,-0.03340401649402234,-0.10063085858868856,1.3504010745980344,0.896496511298485,-1.4680157095896427,0.9387652187954383,0
-0.6657642225634605,-1.303833725347331,1.7766677020951736,-0.03821717439183626,-0.261040298809626,0.25560094536646344,0.37439804808738314,0.6066302850077335,-1.2079164215270828,0.020333038221556774,-0.6318841012968625,0.5172036708573443,0.9865916434060027,-0.5217358642155938,0.7202880304388731,0.007340082814673321,0.7530622800957543,0.1314437754466689,0.12378248127360214,-1.0208567416205834,-0.746205405614953,-0.14263478623954515,-1.1491950093219108,1.3356563584398753,0.4869891962668643,0.08908974220673249,-0.15638922257447113,0
-1.598802703491101,-0.28912277830673044,0.34934551960045557,0.9167385759232981,-1.067933695029265,-0.8752709070906474,-0.5046907504224808,-1.7692153334294836,0.028267471547142386,0.001191842451903587,-0.6047476968190785,-0.4050511608090184,0.17226089773324854,-1.3500457076292065,1.063682053063378,-1.575002817237333,-0.7062897099884441,-0.7315600201179767,0.45532197441977845,-0.5273108070547894,-0.6218292471172823,1.9150800557652314,-0.08553922618921823,0.1164151222303229,-0.049952800084127294,-1.0643531724016637,-0.5210724307599193,1
1.0388237390606667,0.8274927023076782,1.4658920079082092,0.7633097101818551,-0.3503154377812745,0.7416123319757225,0.275053946561313,-0.1774845852476289,-0.8495751395143951,-0.052368101530257234,-0.7489456948783175,0.24973001089257066,-1.2112010870965806,0.4949321998308609,-0.4508911739148138,-0.6934404121924218,-0.47802404533271026,0.40245195479234297,-0.28268377447728515,0.001147615588480912,-0.7598044764765711,-0.6899425728940535,-1.4050291267842445,0.20174513543240433,-1.0303802399879474,-0.8437095099322608,-0.8526524839206318,1
-0.2542582300026375,0.2641928231325536,0.9400528567611044,0.4094275510797273,0.20813133819431684,1.2362801771526053,0.4672792118201864,0.9013618927512842,-0.07233288969894634,-1.4090038187259688,1.555813912167129,-0.3102251505297305,0.8785032346476839,-0.22995271779761683,1.0279942629003331,-0.1557447418021296,0.22098724615968002,0.7607044589137748,-1.0915968386110984,-0.7733792842427188,-0.5320602923091695,0.3242343574547184,-0.00951609445179476,0.11439780418322801,-0.030397347388081596,-0.27894795193775795,-0.2946683816420142,0
0.8916923986518148,0.6648447480628241,-0.6103899503888554,-2.0517115317177366,-0.8282079539513576,-0.17563519486553564,1.3461519785164326,1.5156735925101161,0.3681639416138518,0.3606041761752503,-1.0010236865635096,0.6303756775495657,-0.5364757965143302,2.02302509650857,-1.0360974700890901,0.18226956548215095,-1.436329341517922,1.109194789485745,0.6533472279226437,1.5029955283633936,0.7952561714353855,0.21397368506751055,-0.9006029920008237,-0.7549466861362372,0.451840451411587,-1.800737873000072,1.635948699112658,0
0.0770942313231823,0.740515228166469,-1.0879894390313238,1.562503171221577,1.2617227701116323,-1.4355375437618245,0.1862183191090482,0.9778553664049049,0.7277351314187096,1.5481975892704027,0.0595489941569542,-0.5269333962507099,0.5654881302481706,0.07854317597152968,1.0105351470674184,-0.44834523251296493,1.475415700592087,-0.17572783464063294,0.5982039632585578,0.4170565304376807,1.1547080905248066,-0.7085536538632756,0.1609945519859437,-0.14614819338967425,-0.06100344607931574,0.28104345953454063,0.8813633252868961,0
0.4815653329211941,0.6967075561103468,0.6012540466345427,-2.0634085574892667,-0.8677422356376108,0.2882155018596404,0.10748049617767035,0.40903651809251085,0.2903817589492513,-0.2412240412441415,-0.4182326763740107,0.8719285347220361,-1.0076495189455574,1.393949365730757,-0.36701447004628435,0.13362029787188517,0.5351744180422667,0.6108489644816023,1.2325862768487748,0.7660314321667029,1.790346579709181,0.5055599526728084,0.10385613051094378,-1.07884618499705,-0.30746593348900614,-1.769006461792499,0.09871029570548855,0
-0.7829705290498062,0.962783226803604,-0.15388153357773116,-0.6806755923013131,0.7793626927546656,-0.04485857032589694,0.916589680763459,1.002031701839313,1.2128549755691962,0.591223982964032,0.796353595318205,1.4361124651260824,-1.4946135761161068,1.116824189683652,-0.35493390633176625,0.1755345500627009,-0.5842510782999147,1.063051841775942,-0.38970554446120803,-0.09838296281765288,-0.235891406178785,-0.4526527963524701,-0.22094009865808953,-0.11251368344739152,1.1758499843888506,1.0028068250687283,-0.46732335692404225,0
0.40924280770578114,1.2242432416947062,0.18244795558202292,-0.041815433155470295,1.0229006030660899,-2.5643145918819097,-1.1956652132932628,-0.5476482505332659,1.0672961621718535,0.765159301529009,0.28611173508084875,-0.4680907989417082,0.47445614480889203,-0.015239361724790394,-1.124347674504809,-0.4688116403556803,0.6352666473766585,-0.7258970802849957,-0.15212367083599027,-0.917208812766919,0.8017832131645922,-0.15711529606184804,-0.24361588254904032,0.4286220322111176,-0.671752584556858,0.7218637943275023,1.053254452022317,0
-0.8513849733628324,0.09150095619955069,1.0801410998038266,0.9677787058847517,-0.4401516446354817,0.444467700124658,-0.19364486183373975,-0.7511254062623972,-0.157074899674513,0.16521778036174356,-1.1741965070233051,-0.48796005792434355,0.40009754438119993,-1.168331596717092,0.05884578919899962,-0.005122093797053433,-0.7247002536923819,-0.3369397244896163,1.0253935125047025,0.09928039292196479,-0.6627006485321895,1.1217559704568052,0.17855528346287144,0.6092861693185859,-0.25559271240870635,0.08036426770498875,-0.765777017375616,1
-1.6488986762725155,-0.8702781053702541,0.6888387628592928,-0.17738571177791937,-0.7041762237119885,0.8988339318499573,-0.2925635207627234,-1.0807084483392042,0.8213164532939332,-1.5067973724126125,-1.4888558923271182,-0.3192178713884363,0.18929785610453173,-1.2564368376209607,-0.6602181663065949,0.22328633792441557,-0.36923034914904274,0.12110260075185653,-1.4799513808970974,0.6403255694704185,0.4843991080220924,0.09189022872091833,-0.7883169540401999,-1.0147365529608505,1.0138051231621903,0.7269987868003905,1.6312525086462384,0
-1.0375713361847463,-1.0288151909707584,0.03227691588218105,0.4573017726790025,-1.6840417777451422,-0.7078696913562443,0.09361657932737161,-0.8967391578332067,-0.4328405260493266,1.4176177529207536,-0.538423271936212,-0.1785761421630638,0.2602076793902102,-1.250297916219209,-0.8458445662607508,-1.684529102676133,-0.8013478325604421,-0.12950890482600155,0.14249325599769103,1.1714048254836102,1.083776415039375,0.21362899158827361,2.0948486152566774,-0.5996195678819464,0.8760981947042592,-0.5048155826735562,1.8259685407543333,0
-0.700232797015866,0.41878448010840075,1.0242461476734177,0.24070507805883307,-0.7442618794393417,0.5501424287227564,-0.1990175779037317,-0.4130770763032884,0.22772508336343722,-0.8565617326734997,-1.2565890419231933,-0.36190528124779153,-0.2065056487952001,-1.4758302857050964,0.03452445948034948,-0.7954560783652931,0.14976147242147664,0.8046703839944827,-0.9887062533951749,0.7704218036531671,0.9306340424859908,0.5958494389286628,-0.10249254045295882,-1.2343853401929985,0.9219817933518789,0.4883035799393665,1.360011430535219,0
0.806458068667186,1.0584550363623595,0.6553671402945612,-1.975532241584476,1.3031576906748008,-0.5967972416633386,0.635949909506561,1.3439124034183059,-0.5877504498243425,2.0800727495032945,0.8105615608683088,0.6962753095956651,-0.2688828192968882,1.4312620639458395,-1.0879663488797577,-0.0671904415382377,1.0915469272406495,0.7801699472880744,0.6161508049193192,-0.3787459779453161,1.037510759873588,-1.564157264861157,0.04495896094487993,0.1834276518631432,0.2832077235462244,-0.34758902117461116,-0.2647283904686824,0
0.10087305081904101,0.04192289644803207,-0.5620585591276612,-0.6547746276285531,0.8472963721844761,-0.9868170595605217,-1.029145992479008,0.9674317183319362,-0.34516112407279287,-0.8581079068557005,0.19340113917743365,-1.39331157751895,-0.6852603050453989,0.18685314988772525,-0.3043754197875078,-1.4724497611326646,0.8348418833830348,-0.75453810710566,-0.16875513713385726,-1.1452152450533177,0.12320214950618955,-0.5566758639976834,-0.19047501201853465,-1.2009929187747552,0.002706398725823613,1.1101555806629053,-0.7076330952400661,0
0.3916602724104733,0.7962900441206936,0.47733896966538136,0.24178926761033237,1.0533268921658447,-1.1437929913526932,-0.5548466534214423,0.6007653365431861,0.7951170110403932,0.47910840348673,-0.8710137920708283,0.030990318262097215,1.1569536357921175,-0.4007367735413966,0.6223558623039909,0.5942714192227005,0.7755559708221738,-0.4453052786039537,-0.957563246716858,-0.12014724608940375,-0.3022515281862819,-1.3641396901588865,-0.9747777719294506,0.36935602838362747,-0.8112220433722395,1.1590230488856912,0.7657374358925585,0
0.6791764208806935,1.0444506318148605,-1.3050614522484631,-0.8924989640165796,0.8175759899073483,0.5299148592663322,0.01070179564814612,0.4707768144681225,0.3644353677453055,0.43421223747003646,-0.22266815721476482,-0.625449304712804,0.26612021662073715,1.413840875428238,-1.4483761698324134,-0.21602923838539845,0.13765175919952571,-1.0495528912068517,0.4908125565306521,0.9084307969879598,0.852940252075919,-0.9236215420926104,-0.009945434697255678,0.21702133640178486,-0.37433794200900156,-0.5940376092022708,0.5631975791472473,0
0.6545782855597019,-0.7450453088212649,1.5388512995239039,-0.5349443380737221,-0.5244467753755152,0.8723628105694562,-0.5915818697412114,-0.027145427872555177,0.34569784962092254,-0.44336113539518845,-0.28122790166049627,-0.9376710098674443,1.1721737498002147,-0.29517991380144604,-1.6444073997501616,-0.30909648472251305,0.43277235069598746,-0.718478063868235,0.09906561122057088,-0.375820687978613,-1.1192053296570164,0.6218019022714295,1.5946869635499463,0.5666550607208449,-0.903309703094671,-1.5054934333532282,0.014441806825583084,1
1.6469751139816762,-0.12750649498025513,0.4534238513349854,0.1183366210422519,-0.14597100699171306,-0.15234253191854022,0.9761792440253887,0.22319892727480453,0.6729710766571079,-0.09588113023601116,-0.53189825506717,0.8235394990912371,0.4506189382806413,1.2024286322876427,-0.48478193088485444,0.271177107685154,-0.35016890483579444,-0.2183815943128003,-0.5124233179997204,-0.3640453041076601,-0.355370380930478,0.18102516595927134,-1.6377307309993816,0.06564628068828889,-1.3017349088596568,0.20031295046050832,-0.7498641392242484,0
0.1034085887751996,-0.6945572854534652,0.2373249234818307,-0.22585500477019194,-0.6392525429665645,0.42116011468982006,0.36315888537922547,0.18134632310881746,0.18748463042075797,0.06394571363269251,0.42479760643145864,-0.7900719958366597,-0.6278619410723987,0.16408681646352571,-0.1979726972408494,-0.21508594724468283,-0.6606015081707257,-1.5515408520865681,-1.0625440355404294,0.04131493306684576,0.048831224247251975,0.2944080109799457,-0.14403216225782622,-0.659961777674797,-0.49137556245201025,0.3421400329725189,-0.31727886800834687,0
-0.14202876780662416,-0.4573810456302761,0.9196027099584992,0.042051266893113906,-1.225085699722959,1.0607424367659029,0.2673862913081345,-0.4740014965220983,-0.5284457810087043,0.4473556082980154,0.4758776106167465,0.10786002768861834,-0.20785628383968546,-0.5349591837648968,0.8661496864772045,-0.7038279405224543,0.0495941895508272,0.38878681143163846,0.5194076417186053,1.2667371661693865,0.5314200318925634,-0.2407798749703261,0.19675283877650152,-0.5824523570331491,0.9010225480448114,0.02300416560190327,1.6416856382836955,1
1.1337175109807784,-0.5939927300747818,-0.6989984617326406,0.5641302640923322,-0.21585815681091036,-0.9205315909664246,0.42567940431060164,-1.2835595948274625,1.5933619913233805,0.03946577399344394,0.4428582282988463,1.29295672651485,0.14270675345717038,2.300444111780474,-0.6363021322920455,-0.22265927970319221,-1.5119584754322315,-0.4882704494883279,0.8677252924485763,-0.01990062395735391,0.24899544788664477,-0.7133797799719986,-0.8327671610179336,1.1788810199399131,-0.3777820680995981,-0.49685367153689164,-2.098516942086609,1
0.060075565443800126,0.5058033250964304,-0.25494594690943057,0.0656443452271721,0.23552496755338442,-0.03317374583593728,-0.29915385160043134,-0.7732672166320425,0.5358842119685183,-0.33827931784121945,0.05649368890329233,-0.2906092242824168,-0.11300594801063084,0.6484358912561488,0.3424529787125347,-0.05283622142642922,0.20983932296283764,0.17994086850623478,0.7859643937582037,-0.1599179276844922,0.09745308813432335,-0.9143187692405278,-0.21610413172277312,0.673304072970942,-0.7318202308991995,-0.5139855458069281,-1.1869648171061382,1
-0.45986540788585023,-0.2173404639058002,-0.17352412076327794,0.09135439731559125,0.37071284223419204,0.1807174945792482,0.3399203891382254,0.045405041680668966,0.8386320133873414,0.3198430076663133,1.4604276968013636,-0.5189244712350101,-1.0377863377821819,0.4458857697771519,0.30361327821328216,0.3909840412697364,0.02271007360197347,0.39331828023050386,0.12524292045824298,-0.25852111493726077,0.26039328555437646,0.25681124136687444,-0.7398174662287724,-0.08142708898041266,0.7586419142298337,0.540508321933884,0.6342172933387715,0
-0.5089563994472939,-0.16642123720094418,-0.6358388554503211,0.6516376196882202,-0.8125540948255615,-0.8751405013738869,-0.3743551437125416,-1.5803826477178768,1.274506014355529,1.4454098933448019,-1.0635459929490654,1.0664410762441927,-0.7972153788546644,-0.24130961288952746,0.44279169545009783,-1.398027110443472,0.6466106397363459,0.007433018844222099,-0.6531251542447697,-0.41440970910752445,0.8898069033802954,0.425194179433121,0.06843729774656541,0.6174890504891113,-1.1490292862203686,-0.9904818187116974,-0.5574178359857829,1
-0.0004434969822760211,-0.7448110889457852,-0.26468560076416936,0.07635834918188883,0.6159599746586386,-0.6178515761584494,-1.0822725538835671,-0.6311008934903751,-0.8151068879232617,-0.67109196991073,0.5690262147479894,-0.011842905262129484,0.9779520465322316,-0.6053996744207821,0.4922356393842448,0.4166920819244908,0.19205960278902803,-0.03423781052967414,-0.13514254957386646,-0.9308299358695723,-0.07257885171537279,0.21477846898625474,0.003209317616422069,-0.6768217666182764,0.2615978876586709,0.04999599268807079,-0.6750716827674024,0
-0.0803007530373679,-1.437772466073292,-0.6686008774299831,-0.08380754906652506,0.5618429254964428,-0.2264915341949541,-0.3671897629994695,0.4696437374951322,-0.913234402915404,0.5707805188017816,0.29980926394013324,0.36690038644847167,0.2689872955873231,0.15910829298813786,-0.6195193129294578,0.29285545892189896,0.6998006038633534,1.1402542849202504,0.8337369881192062,-1.8960221262269246,-0.038451245276522494,-0.4666242671968659,-0.9885833073197214,1.5875456472369076,-0.21780773367813755,2.0705737013307752,0.3437167639881443,1
-0.7533610964982885,1.018130040141892,0.17293064698707306,0.1938558216280805,1.1604507747710684,0.779362929479006,0.28177391650144656,-0.6545235085943225,-1.3985178309021402,0.5415669289877738,-0.2686641109576422,-0.2104183625575933,0.5112433234521119,-1.184101926088654,-0.5657262015708561,-0.17378157527281327,-0.15483916295453717,-0.23042785373825922,0.16038410719512897,0.6083974390992009,-0.8202025450875261,0.21412377489979806,0.507052390870795,-0.9562195960396878,1.7295933051134251,0.4252992987502228,-0.2244867634231586,0
0.8969534515135875,-0.0519073000923323,0.024740778801686288,1.3079953836675393,-0.11215096062759168,-0.6730829639944755,-2.4750165497049728,0.9150268609578112,-0.39609806923376545,-0.021144820199219143,-0.5998652211023204,-1.6024777716448777,-1.343072180043611,-1.3412018048211654,0.14798345354724451,0.5528869058252607,0.6418709900872329,0.9420772533213216,1.0395698840934053,-0.32855052232641835,-1.5491053499769363,1.0584268735787987,1.4492981927121058,0.9625113023731734,0.12952092581847596,-0.5660876650214776,1.7728383412578903,1
0.8606996483472389,1.463548709898812,0.48341570076682633,0.9109099293517865,2.3836890387294174,0.44684278752010004,0.8336001868218537,0.12864000419099259,-0.34791159650763165,-0.39544979365276156,0.3372634903886385,-0.2715328327173665,-0.8571345584792851,2.1958203448196842,-1.4106262252661952,-0.6902493241295624,0.8309415565593619,-0.5972448945543974,0.6692818101328868,-0.13056150409429534,-0.04909487494608652,-2.745684951701721,-3.2368244745754065,-0.08263392731522826,0.2880921431548376,1.0633539504942882,-0.9628295644408641,1
-0.34973287661656827,0.528784456235096,1.722187528169896,-0.4582598217855679,-0.06348031315821362,-1.1972877751477051,0.38941679868514567,-0.7764842349064568,-0.07440008853253144,0.8098303509824742,-0.9941542735025368,0.618024145711714,1.5713129139288236,-0.6185936266185329,0.009425655850210669,0.7234774675670916,-0.020826572509144756,-0.049197574918855465,0.86899939860598,0.14792915861620637,-0.23341241186956302,-0.13457051054497424,0.22055291877440675,0.8599538022532908,0.22563666458717976,-0.11758557937354937,-0.29073017594901784,0
-0.6231741737147567,-0.6037938416882601,0.2809862461410641,0.7338319091437321,-0.6242959812609229,-0.7628222420185056,0.23101716015907214,0.11827535335965857,0.9352755485838403,-0.398739235523094,0.07098194619522258,1.2671443756524015,0.755787125479075,0.34744268102732095,-0.7370874463253847,-0.6152412642150029,0.11935886652553977,0.17934325560405742,-0.5454906815919676,-1.3762516935980473,0.6078380611065995,1.222172590131559,0.5320341741437538,0.30768352161171963,-1.6470836185104158,-0.7460387416891708,-0.5707760389706822,1
-0.2758393573658932,0.3991494692651701,0.503747098733782,-0.8122981460667382,0.7123019915712479,0.2353840396117355,0.05951326776833018,0.7579564462912269,-1.1946408791193772,0.3597056963175711,0.43044566906245174,-0.41741052915463234,0.42155033235419503,-0.010726064315368712,-0.15557561793223654,0.06098083297909118,0.7303954375886712,0.9113878220117921,0.24506927601497305,-0.5606279143433255,0.05301306733808272,-0.30031679800812067,-0.3067680691927515,0.0489600153605742,0.19327686879485867,-1.0877774842514198,0.6878097378788779,1
0.44583090613403803,0.013201379372435396,-0.9007663720008177,-1.3604044780184001,0.5769992525184966,0.22542358144622515,0.33316973016506984,1.1290687045649088,0.29226830400372394,-0.48085235935403736,1.3458493395270872,-0.02378499714094469,-0.42228741091406274,1.9790345995402812,-0.06622344503333001,-0.7031205925467405,0.13992118358487826,-0.6180461894199561,0.17490280836599945,-0.7809791269933394,-0.26689929721260575,-0.46712953240979516,-0.5621797385155555,0.24219197423836197,0.014058751274061023,-0.32803431778482667,-1.1605048162665421,0
-1.1973355196765698,-0.14739984402903744,0.2775792581071747,0.07757980229854143,0.6635020084339243,0.443032006163939,-0.006976895691815831,-0.8219504244783099,-0.13095939318517966,0.8348228329492088,0.6574644817385981,-1.1233785042794506,-0.6538715150702316,-1.6377493957645448,0.5433362894070519,-0.2554018525482294,0.5612516241412979,0.08541428710064451,-1.0083081062567405,-1.147825468920191,-0.0948409481267752,1.754278442910474,-0.4699531757306829,-0.47829964791416635,1.0702582613464986,0.7498545292868207,-0.2902521917786131,0
0.21425824619780473,0.6561020627403742,-0.6173122127450819,-0.347716035200092,1.0161879094679362,0.32687173844321893,-0.8133615121626365,-0.7329947723180225,0.34768804365592065,-0.8323236675645206,-0.0463095828599451,-0.1313227673799421,0.7329983878179519,-0.08557485444132815,-0.16663329220744597,0.6422833874094381,0.049800115697708036,0.6733008568514748,0.31350459053349417,-0.424228722474437,0.5909356129154937,0.25336749368079914,-0.8131828369687754,0.35992155045788843,0.4194919113182047,1.0284244693847617,-0.4056749414934903,1
-1.2086077795273742,0.24514410369436251,-0.5952472632807378,-0.2281793398646872,-0.05995717542054356,0.9944687251072724,0.5131685047957493,-0.47325220066235507,-0.29265312587527753,-0.7928662738863068,0.9551464541947541,0.8063181050830439,-0.5785324062516385,0.6076550310660175,0.48081647113529136,-0.46396318005860787,-0.5768769749749594,0.41303973103500063,0.37369015228122865,0.6526909407884124,0.0998034975642372,-1.1169000926004795,-0.2238073141339035,-1.144799899334139,0.7068405098205842,0.5473796175492616,-0.1859609368553844,0
-0.7101564904096,0.024928482038852458,1.6980799496981467,1.6405022707127832,-0.7101457687968288,-0.04513583256501898,0.7953369347646628,1.4035064500938481,0.9870745035911302,1.4984098371112125,-1.9012257829518693,-0.6219047023918134,-2.372317945840089,-0.07127634378781,0.6898828682644289,2.5431640230152532,-1.490502602492357,-1.618153162759469,1.7142211616731402,1.8624418143214967,-0.7913510699436422,1.0985695981011658,0.34087009515534966,0.1781996087284072,0.10769516050423694,-0.0688040835704959,-1.1664497802694338,1
0.7017024715523538,-0.252482167901029,0.14451136519139998,0.6062630079719897,1.88181239960579,0.9559769381806725,0.6170298062746068,0.8168666626910408,-0.29345133537758294,1.875900977942051,1.1370549126278917,0.07689833521447499,1.11384962783747,0.16489555557246477,0.6272226385809585,0.6039065339337395,0.5884287335299665,0.4691422320306844,0.887590708515445,0.2711055746463121,1.0520624895578852,0.2071856583072167,-0.6221650151038967,-1.4011690065237645,0.7544579150449382,0.17434167332854245,-0.7140582830312288,0
-0.9826526881177277,-0.005695651733771908,-0.3150604655959132,0.22641948178627114,0.30656188428889897,0.012536627375732681,-0.22208811116892668,-0.31289345438214317,0.4858566321518928,-0.10277171280623532,-0.9721403394125689,0.6331939186244141,0.29191859534284476,0.21839295470896572,-0.020882154901519435,-0.6137174073546627,0.14061831503935365,0.7033340885364758,0.7165155639215068,0.6697463680217479,-0.170579105980252,-0.81267647993907,-0.28388283993951813,-0.6304217692862593,0.5725762121455078,-1.1571919619174325,0.5512262315922374,0
0.606265355243988,-0.06246309961295217,-0.03752776283557606,-0.22696562397794334,-0.8781209091026897,0.11603100839201576,0.7647181597647127,0.31233864099717473,0.7685810265934405,-0.0003180420389061051,-0.1202347530275056,1.5495914580185512,-0.2854330793070676,1.0792870532030312,-0.5272232385779885,-0.5767147130865902,1.1949449205407392,-0.64868841498281,-0.5433563203411886,-0.14832489644564134,0.5924117006187384,0.20323355702632867,0.3152291166699165,0.8402853316473609,-0.7408678623695941,0.2277042936024745,0.26247912895253095,1
0.822684279092375,0.6411952973964847,0.3394143761493812,-0.038770709174008,0.03128429737331031,-0.05141585549832064,1.3470390954828435,0.4459963421577924,0.3508750396327014,-0.3062736365856074,1.3336134453588222,-0.09259568099901294,0.2698685976683203,1.4234837925390742,-0.2269044886852569,0.007898173488591745,0.35331007665899583,-0.2848429432310673,0.8669642172691026,0.6358622483001427,0.883148292224462,-0.40894751355414277,0.38359571447195784,-0.26016149911931186,0.26892329143943616,-0.1319070717941137,-0.11355429400526396,1
-0.552200230939731,1.2591749767163936,1.0473933890668603,-0.8980645638099335,0.21921113939397893,-1.071163278491312,0.30067133917679856,0.1967743014859064,0.6969357114504695,-0.34870903930849234,0.1750743872008018,0.7056839522372176,-0.5523504850677086,0.380489914339584,-2.0021022117274785,0.4585182253744248,1.4763713594507961,0.8563896000143444,0.2840827547968507,-1.8003243461507905,1.168528885052159,1.2211573881931947,0.4715200271655184,0.5029186769569985,-1.1897930131996335,0.9720310589758862,0.04007624744160752,1
0.2060182227318733,0.05254630746838561,0.958524029404156,-0.7728869093927639,-0.1862201551389103,-0.1037581830193595,-0.35040439220480557,-0.11436848132342148,-0.38509705034923963,0.18420256487549733,-0.38531951029361616,-0.28106613511185297,0.038280584157282936,-0.389619499511535,-0.9009939033549078,-0.9114562695564352,1.0170889314753997,0.7118978907100122,0.06462844999064486,-1.7968904054184185,-1.1729684128911742,1.2163679165197323,-0.23360787704795902,0.6136364074334405,-1.2607670043838708,-0.8861385769847648,0.1890246104351011,1
-0.14238259876678533,1.8990270630911472,-0.7766859808434629,0.36640883786926437,0.7700997156680296,0.3443123064944101,-1.1431859380497782,0.3658361579778621,-0.22633807616722762,-1.0059957977743612,0.5754934915950878,2.321207223963111,-0.7827054072614652,0.5567353132555167,0.05931764901601563,0.3833699096746627,-0.2482686655878571,0.7572300754387199,-0.6934984039799926,0.32420977009020796,-1.31857161491543,-0.9452267531206466,0.4275305135751608,1.011991942986866,0.961365018663051,-0.09634041945781616,0.8496345077794448,0
0.7269170371526644,-0.22492092839746483,-0.5374805576474542,-0.5897402197808951,0.6970187660301431,0.7932758721532195,0.0058533907100577305,0.23546531167153334,0.7282771306606315,0.04942116894748163,-0.07109605623402289,0.7543465522684419,-0.7074577670397012,1.812014237132015,-1.5461455863363256,0.16689839476201065,0.3298045023478136,-0.08448002777577365,0.534446175449888,0.5422711946880537,0.4841371555285043,-1.9499209588689126,0.14964684364830527,-1.05412434270328,-0.6420115660366783,0.054235497135993335,-1.0187594292847773,0
-1.4871545799353938,-0.3374496782230273,-0.42685907162647546,1.6633086881872177,-0.9074530383939131,-0.44113536789545027,-1.3360537871420102,-1.165259126746587,1.3343368251158934,0.9296159688458563,-0.8096768224636932,0.9215457540464633,0.1087105563912971,-0.9468033299945693,-0.2802950663745081,-0.5934873357020446,-1.7083595621309358,-0.7412708401927934,-0.2722418376807427,0.3514858289948967,1.0927361397456887,0.8786374518010494,1.687940115766365,1.2379748820492336,-0.48362833889408674,-0.2634311608327769,-0.721169621341468,1
-0.9607271526281654,0.12668114161805819,0.2896629084715781,-0.39816733532345366,0.17931134674251611,0.25502717744127584,0.2689313482560808,0.2668924447138723,0.5279813132774773,-1.4714861517707731,0.5980437044194524,1.2735553982922514,-0.5932341496603406,1.5881317169183078,-0.648896842736302,1.1585738052693224,-0.8521876620458267,0.3934070507474312,-0.30631465117719503,-1.1040982972036877,-0.596185261750244,-0.4928726103153289,-1.9214098719307435,1.1415565244897121,-0.7027117346254819,0.10337264267915736,-0.20610588303001579,0
-0.6950392136146682,0.49128283906711545,-0.5416195500348973,0.8901479023806796,1.3710377340238793,-1.0234023499612441,-0.6869124600405827,-1.331322646118964,0.5682797496969081,-0.6499389853478865,0.35217731497126536,0.29218304152087815,0.47703829137675535,-0.38625910614030373,-0.47137600821913056,0.4117992674039941,-0.32553978404953005,1.1242996425158458,1.0636457649118982,-0.7498544359426035,-0.04998780542600707,0.6628216514501966,0.25349000031886676,-0.333357581169035,1.2109425708091992,0.8053531821393678,-1.2293255554248224,1
-0.17538950490921376,-0.24855038062514537,-0.42237024141710794,-1.1209485047331205,-0.8430973199139518,-0.3252651893129556,0.07042346214447366,-0.7182481598634959,-0.49761715097725423,-1.7747665427671537,0.6331455408953967,0.49397938443039136,-0.2869427648670881,0.43227423564988054,0.47153432739361817,0.5274189145809325,0.4067849362185109,-0.25044222705683744,0.37071692107202603,-0.657520766115284,-0.3562392788346458,0.0343248317836261,0.48360135499259665,-0.33989312014983186,-0.4548025703630313,0.7548392617452214,-0.834924832556176,0
0.713220249930418,-1.3579756962746354,-0.9379462843286698,-0.23444746991594867,-1.3194908170046078,0.3501780221386886,0.1539492102181873,-1.1506017282376866,0.08483484372972266,0.026609862601064557,-0.5238595734527707,-1.140613447708632,0.21606587757653264,-0.18417628368651193,-0.9971005753868131,-1.0443605388599337,-0.5562566918250569,-0.11766546904434375,0.2871062942191884,0.9524010733563584,1.5394696634797278,0.60498855090945,0.3506727158622348,-1.128356765428097,0.3933403696900618,0.1223931502666783,1.0454151101227092,0
0.24867229359885,-1.2065740948082337,-0.29780574122089976,-0.5438173109688267,0.5583821089936186,-0.14779534956233767,0.09899997824995603,-0.15682628488795053,0.5440761466381095,1.2377587520977855,0.024947779954127197,-1.0756113532460583,0.3388467784614025,0.012603360642871243,0.49777184732610946,-0.012535800038429919,0.2868060386916503,0.2964319895803157,0.5476317390668909,-0.4294311679492195,-0.19132537744395853,-0.32482687278567157,-1.0167809440643587,0.15717777898412807,0.5070027509648513,0.33946201453834646,-0.20356323155462402,1
0.0004434969822760211,-0.47174583226028155,0.5293912774118817,-0.8244114329673013,-0.37222535712935617,0.5813851636821538,1.2137101213884987,0.3385025371198344,-0.8707293512670079,-1.9131306212012866,-1.032746773836093,0.03135670204991962,0.3439280477889246,0.30183405364446353,-0.558752825652766,1.3959045369878267,0.756206476884306,0.2738873296834662,-0.6342406183107626,-0.4286836451146563,-0.25432759315704523,0.13455186759337823,-0.9866049646385402,0.20302771120178364,0.2871726407951913,0.13638130027102283,0.03929682673753781,0
0.038245648196181266,-0.6099433609492033,-0.3381497394337661,-0.4309360967270429,-0.12161922322570452,-0.026809519440324676,-0.1327041787123845,0.0219245851615463,-0.8786961891888144,1.4914406183333992,-0.2805136975935298,-0.2106888006777886,0.18855279224169175,-0.3300796152146483,0.3706080044068242,-0.03782737221137187,-0.785518948805767,-1.0284425887943571,0.29479825828290346,0.35710877303999977,-0.15698839008659404,0.7314451807893505,-0.009956716006791076,-0.06000799057056711,0.6177355527798453,-0.6205887028236722,-0.19879725908173493,1
-0.9040240801037279,-0.6117628203731298,-0.7860400770204176,-0.8496483425231312,-0.15301946755638346,-0.6446911875217772,0.6865229235538218,-0.2920526892367615,-1.0891671089138193,2.39557555468746,-0.7093953740458783,-0.1342192421368354,0.47421565042985364,-0.6990671142562335,0.9625804545432622,-1.064373650454795,-0.00018007632658225355,0.48894754026416193,-0.12095189929861441,-0.8586953508959345,0.7720607532302771,0.691924816347165,-0.6553064218047602,0.10175363102097301,-0.24729960899473932,-0.989504784102742,-0.752214271231247,1
0.5184155175666286,0.2689464590891548,0.6196488717034168,1.3466941552684226,0.902371133726364,-0.6442136042718737,-0.4505294645490887,0.502337402152969,0.48697176518047913,-0.2648415798910658,2.3387862670500006,-0.14876400074979843,-0.19924412450715878,0.4074803417048702,-0.7216596230542881,1.2181082175059545,0.652929142610944,0.3795838828663968,0.09809586081031184,-1.1965206698316977,-0.8737516927067521,1.2488924251578937,0.09080103241806986,1.121223225984721,0.24938575878404076,-0.5144934354041025,1.8276100398548745,0
-0.11524421298017341,-0.8180868312671569,-0.5205304563535907,0.33149156832936105,0.8665274921410625,-0.6149257617174004,0.03169689629112281,0.12714523215526127,-1.1353610134219905,0.6909372462863683,-1.3919584897740847,-1.106019161605601,0.3212995558526,0.12793649158345324,-0.7788115280835111,1.2428477225448247,-0.6560857369861967,-0.6430160178644051,0.7157802016264504,0.2852529120306647,-0.4524326921880237,-0.7581630731598932,-1.223584527459549,0.3131421994643922,0.6971869578378573,-0.5977348228182348,0.1203136094962908,1
0.3119869759982213,0.6459507169743977,-0.9749514509630359,-0.3600792682070798,-0.35707170615800354,-0.004751525428770816,0.5507266812484154,0.7759186794171766,0.37760450495388487,0.12707620469728736,-0.23941278953156683,-0.039612123605948596,-0.05350126920980039,0.6621405456133318,0.5973962613255963,0.05611639790182195,0.47239840830795193,0.8734205194819207,0.611437608900029,0.8758876328287367,1.1668777629568123,0.653215341926512,0.7912114574550253,-0.5403513085733508,-0.025850127373726522,-1.9579911002347212,0.5048646096262017,0
-0.2859725775686583,0.23509842528659214,0.3721514238054312,1.2494492905681664,0.7738706089420414,0.40284244109931,-1.2252209079606864,-1.6320821513223338,1.5611850851996198,0.9798886134786641,-0.5205376429679985,0.36756462535375845,-0.01772700087677717,-0.8665610225223678,0.03724028688107312,-0.08807806739786406,0.4887486078489812,-0.401166280784874,-0.554713362850118,-0.11984045122818536,0.08809099154666966,-0.12934639672274206,-0.4565088502171882,1.4845317861953489,0.29124651253603107,0.8807461893322571,-0.30896859221694545,1
-1.4384168039195053,-0.6105235139901606,0.35921051595294773,-0.3277984734472304,-0.8586951617301957,1.1379665547841482,1.4925509853200922,-0.4290958565526285,-1.2808931930588594,-0.7103635486390376,0.7822422789498931,0.4008570060970735,0.04609505160073208,0.5171597729000044,0.7704701012772271,0.13599948161406017,0.1356765678890896,-0.6378891998547456,0.9594457799154157,-0.8352689741417025,-0.9258617412117234,0.8374746532357786,-0.7459460453659552,0.9427623652188156,-0.3660850073169169,-0.5066481334985257,-0.9220174641340844,0
-0.6638245249084302,-0.8149268088612125,-0.10197821157244924,0.2039918010063933,-0.36536839112934655,-0.0036441967055661955,-0.9270609027805206,0.45342658541063885,0.2951235334341685,0.27370486454363047,0.6104104136145317,0.31685724104658053,-0.013762404604718568,-0.31928173961795026,1.3992539542315825,-0.9675744483251238,-0.43782588372639286,-0.2962397209975236,-0.3476999523588569,-0.03545849052561723,0.076232976067152,0.06909222003236193,0.3145204825231128,-0.42636779371570455,0.24036100017221143,-0.40332671381999874,-0.052625551980571665,1
1.2379624123408286,-1.0454216003271488,0.3830577497906598,0.5065015422830438,1.2953632735631737,0.08176183446586625,-2.3709126780689567,1.3106136133616781,0.5463260697833382,0.2528099345030533,0.9691087177824801,-1.668476517557154,-0.4350759622868515,-0.27880899331704606,-0.6496467786254528,0.01181560813457497,1.1146818081351284,0.9925179731286684,0.30731263435880674,-1.6884410431615504,-1.091967712591272,1.089014451722959,0.06880378635408632,1.1363217426273773,0.6002513273977022,-1.0733158353694687,1.0952714326245374,1
-0.29018833700010005,-0.18409142461916228,1.0059655585314733,1.2980538332065084,0.18981248158030298,-0.25898919463762343,1.1766537869812517,-0.09575166596550885,0.010994677652875241,-0.006825179053446184,0.31303196812537254,1.08560986687717,0.7235706804880463,1.2328077282455936,-0.042527415162035224,0.014603919644773122,0.1276728008672113,-0.5669503638438396,1.4066146870376572,-0.10337743817551359,-0.02491160600632322,-0.24154112093496138,-0.8608637550955743,-0.4015847998488993,-1.0492351935120658,-0.8758244513453332,-1.0797281720326029,1
0.4596514491596303,-0.111455724565849,-0.728889512054569,-0.46002402275088655,-1.1031406093716976,1.303872604359808,0.20649122402838874,-0.19377568255407748,0.9168210200230095,-0.5774712237039278,0.6101807463807727,0.9720189444891024,-0.4317529738864629,1.7629442409862461,-0.6204728064356799,-0.9756059723982896,-0.9351220223163998,-0.07393580467305866,1.5380362943662245,1.556194941433457,-0.45849296208901896,-0.37053488321357836,1.1075184872275838,-0.05771567027029322,0.3699231643560628,-1.2721365819684247,0.40640770585758,0
-0.896215859893717,0.5382706166285586,0.30074603643335523,-1.7014402631667545,-1.344692029618869,-0.35146827851912704,0.3733094708314308,-0.7371625757143208,-0.08670863519851736,-0.33927315700102373,-1.0849166954642608,0.45620064879313216,1.0279531269459143,-1.1215443779367018,2.1881789261978795,0.2358826419556439,-0.7173098776479829,0.019726648157002886,0.032667558103285387,0.987593043974879,0.09802561788844165,0.04686240468477552,-0.37109655494654437,-0.7048331653211756,0.2028739053285038,1.2887940561253162,0.4704820300383591,0
0.7492302199269542,0.7579120743126483,-0.495950005450847,-0.9410086642206771,0.4389224436210981,0.09623104691277776,-1.1274379444658218,-0.2885157762864273,-0.15105203963220432,-0.5603593848088511,-0.20387570683352382,-1.5051415811188347,0.315541645779393,-0.29882934690484625,-0.14784494249287375,0.04004218118610015,-0.24924346882361043,0.5676309280070062,-0.5490447516405897,-0.42094230317839093,-0.5147689247082562,-0.1121187671430135,-0.2385822923993983,0.4794258537691728,-0.3146782687274182,-0.9739393167589316,0.16765241387432858,1
0.3943785117921449,1.057133982984089,0.9243643714244237,-1.0585087376740314,0.6403094967659942,0.3392468572886629,-0.13906554806589255,0.2363236368150754,-0.595956416911283,-0.30276869578597493,0.5142873239052491,0.1220851694957472,0.702610456199199,-0.1763549497875474,-0.08820806276029507,0.9744715665972373,-0.11892410420344769,-0.19949040416606,-0.6777342968056943,-0.1618032220228776,-0.47570777213938664,-0.2801939432091724,0.46519950031872814,-0.264875091418869,-0.1798612074675868,-0.026319174841408992,-0.7879649325583146,0
-0.6400259169004053,-0.747607053488227,0.6711964306369566,0.07006825888903115,-0.8955625764656908,1.3322007233360345,1.6928518402845196,-1.1637563710209498,-0.7518436595145607,-0.1898607599135269,0.28506589590265036,-1.298633065395909,0.8847570388675369,-0.8753393546345489,0.5766063004250992,0.8311371210478482,0.3889759124436397,-0.1293058280702762,1.3091978463131324,0.21697908080179978,0.3062896974631276,0.3789955076914994,0.37809856814247067,0.22515750348124233,-0.1256089911018785,1.7188705978773122,-0.6188384591698303,0
1.3210422446897103,-0.4272091014430825,-0.32976116829385965,-1.1135592213522905,-1.7119626448439167,-0.6978538577861989,-0.7060089747506437,-0.2080175945810339,-0.1976803139309723,-0.07338247876362201,-1.023874307805113,0.2356107388871195,-1.9099032654112749,0.20741446851678946,0.8623379519026652,-1.2004599138124419,0.16358780604117742,0.025954285875367522,-0.46239952611452817,0.2551597289893398,-0.8867382240996158,-1.303582743110104,0.7910512060715457,0.2105749627739896,-0.21548044236266148,0.0836346591272394,-0.7176721689031621,0
-0.9545763225647134,0.7045362072042892,-0.13034921357996687,0.11970341128020878,0.33178607209877786,0.5913945810168911,0.49230765323834935,-0.5057296234799041,-0.30742956960580076,-0.7773070266185009,0.8135013894250068,-1.1734509073185504,1.5781232483819019,-1.0648053959164954,0.18151852767031118,-0.11714777667082923,0.4273310218189336,1.0985115909214709,-0.4869446716276659,-0.22646870179836967,-0.09589328357096748,0.0044523971910409394,0.9817335967458043,-0.49284962052564096,-0.2529337512401379,-0.4435513567920846,0.7329043416199402,0
0.5798672552529323,0.09216503319745424,-0.9002989081016409,-0.45443927602166534,-0.1779438554840593,-0.6992094062983548,0.04993846933083891,1.1999864479398812,-0.62781266124622,-1.7162421990748586,1.659941672381231,1.2034907170390667,-1.0748537090237658,2.1840595342269453,-0.5172651270335182,0.5352452172786648,1.0247306524384092,0.4458270741228401,-0.018920943530490383,-1.7448055900387724,0.1749994718318356,-0.5481834017643884,-0.10575688136050501,1.5676453492929123,-1.0243708933289506,-0.08123958864859648,-0.02161805461720512,0
-0.6585217977026887,0.0444578623678378,0.8201253226945795,1.4136525664298165,-0.48898028413096045,-0.7808981418877246,0.9544133600414263,-0.5246039152800563,-0.10927255809961915,0.28219726898702174,0.6128129790596217,-1.276790278633608,0.8675866468292653,-0.7062698232322699,-0.43342577507686086,-1.787030269746861,0.10548955777259628,0.5931509020419556,1.0749157990898737,-0.574277779141642,1.130706833949414,0.5434991350906582,1.150377735247189,0.480228190566391,0.03526808761167152,0.47400092911541525,-0.470863078885013,1
0.07511511247898123,-0.5419648337633363,-0.3888791993629418,0.12535840089767167,-1.3820770810395755,-1.2500431970493766,-0.5281076248050891,-0.792472716848144,0.03911637480893702,0.711926161236192,-2.1243834812692644,0.08547581935495409,0.8133880557066339,-1.0268477522728834,0.9304202187660274,-1.3850911643583335,0.0188779775995461,-0.5664033491799374,-0.2885845850533469,1.664288159124227,0.4185932263559043,-1.2377759243553625,0.32420677326868264,-0.33992047249942076,0.4672896743150469,-0.05743657408636721,1.9216638927540313,0
0.6809202017181505,0.2696154440344419,-0.5413402846305263,1.1046663745492618,0.7263925715113744,-0.6112321808622538,-2.1962442598747054,1.181961971401323,-1.4326085703782088,0.03670001270414243,-0.1778834069374339,-0.4667664778027338,-1.0736269948073962,-0.22797337451237165,-0.7425313836980149,0.5846869735526583,0.549117524661763,0.32885749951656135,1.360186246126039,-0.8878849909488041,-1.5269478192490644,0.047927468551121184,0.35458313605664177,1.1918196966149868,-0.583396212296744,0.24244603408310017,1.4646152703644406,1
1.6187196934625154,0.6471806377299192,-0.45292892908895366,0.34512769380780084,0.21719655473954277,1.1120428624944543,-2.172645305697373,0.9800870111260327,0.20863095407669327,-0.6245765847371006,-0.22662535246280788,-1.4830156365295788,-0.8242903310321087,-0.9946510144209069,2.1097555649245456,-0.10446965289149111,0.944983644066307,1.2237362921368637,0.25919478402948054,0.8768179541936436,0.9571474129468401,-0.7651805441683326,0.393581131434109,-0.6721006293334175,0.11017045989819163,1.5280728408731885,0.3713422621180892,0
0.8300833257027576,-0.2910757070971263,0.7819118478423364,0.571487570612005,0.09276601047014486,-0.7322183136350058,-0.04004916425908719,0.17675327964431634,1.4485922699628988,1.393019487023844,-0.3257547721634638,-0.5564712754343096,0.61007235511849,0.46075655498935325,-0.42455188374315916,-1.1600671792227693,0.46160880631474355,-2.0754182188429224,1.4148210663934455,0.284123765347858,-0.5020911085808201,1.1794375757734017,0.19630551702007853,0.46693813117483146,0.015699591590726602,-0.5918844369359616,-0.02989688412507743,1
0.2745420593452382,0.14126319549610183,-0.36685241756258385,0.7787956688793848,0.933953884962585,-0.41465143381615144,0.14941000928130158,0.783709888564317,0.22862744414508634,1.1989177186396587,0.10614425080257263,0.0903637355753089,0.5009147959148245,0.2214845097270826,0.3335091441713278,0.11441510359635228,0.05270457657404405,0.23020551430791913,0.1381495922354833,-0.050767269150499734,-0.31829346941424763,-0.7779560824021012,-0.5319349624942733,-0.40256484094650435,-0.8126729169782583,0.3319621735814885,0.2489827853856376,0
1.4078444636176246,0.5476313216407513,-1.3294045099856782,0.12453699027490639,0.3869104147298346,1.311842201874368,0.6096137941295183,-0.06683961948103212,-0.737541659700311,0.8362272767900244,-0.1630471362436938,-0.27065960755428076,1.099123176590611,0.4254769440134203,-1.784267813276928,-0.8424788036908637,0.46405874850995077,-0.7527826782784911,0.36451634814638206,0.16457786769324337,0.2888116661123204,0.4173531898301738,0.8320180620556326,0.8053023948153363,-0.7811735792223409,0.4114619935555564,-0.0830232136223781,1
-0.8794795399120224,-0.7344687203505732,-1.0132621342654484,-0.005566691136936437,0.3537539491367676,1.024771249013492,-0.526103603747243,-0.7975312756436435,0.24388600284922576,-0.5944096555520302,1.9054591029119314,0.8371891289696455,-0.5414449500179659,0.4733456675412168,-0.031178485781253193,1.5107617044762516,-0.3814657794425061,-0.16791150955076328,-1.08475363871692,-1.1255264166113235,-1.011948547281151,-0.2502356689351427,-0.9180648088877855,1.536797430851944,-0.13353922541362043,0.9530544863581923,0.7201272657324194,0
0.09124049663541793,0.5798719500958878,-0.554231550204228,0.9684347312831816,-0.685699162814341,-0.10111336300740795,1.3678429768256928,-1.3716189537370473,0.008931309144290118,-1.7994048932494777,0.7411347248960646,-0.23357048814789283,-0.6307830496939006,0.8978663738611079,0.4674876414492338,-0.6907840936402881,-0.8545930018498862,-1.865508639284822,-0.6390668433792648,1.6891074723601467,-1.0226561349091827,-0.9877914834469596,-0.7729814210804428,-1.2905071765793514,1.223416503145041,0.13319860531606237,0.6677186747010542,0
0.9017655176628073,0.47329548409609423,-0.010723342167359312,0.3869558042595261,1.423419434648675,-0.342000883028015,-1.3682247933207234,-0.4463940220658923,0.1017240545639945,1.2516547529113602,0.6557256291018868,-1.104136347645219,-0.07237074552671381,-0.9375497100383702,-0.15288251752539084,0.3887498541812308,0.25264380263603153,-0.10647064987774968,-0.7927292415401984,-0.6649740150328765,-0.9364353052948508,-0.49357258090930883,0.0915251862272855,-0.3246427105146198,-0.6524094696620132,0.755153342525511,0.025875576415952953,0
-0.27215798055224516,-1.7767551078522763,-0.502186454165353,-0.7596054373325989,-0.6224000191112226,-0.2430983308920608,0.8523855752147202,1.7733747583897475,0.103782980146776,-0.7809362167440392,-0.7163469291988478,-0.3711034237512389,-0.8031195569304023,0.2725311657286704,-0.1557371610481927,1.019096356027083,0.1541937715224548,0.5102573282297496,-1.197909270567728,-0.7855875318935734,0.5771387627120919,-0.034035099061274415,0.061162349915441026,-0.712022848139053,-0.16164853550503283,1.1547447819360572,-0.6353079854334386,0
-1.0054268465419396,-0.7095165718175213,1.105272447496962,0.5011210893944715,-0.1967559618023589,-0.5116431556291247,1.4655669098964557,-0.691187227154033,-0.1890152465810498,-0.5154506054234986,0.4364699878965685,0.06291130602385052,1.36182214649708,0.2905027814210667,0.40479628220688363,-1.0208711268171122,0.7960570314430299,-0.6037105488055862,-0.428866287704071,-0.7759194687538076,-0.8519620492932997,-0.5352613017488718,-0.6072289374632023,-0.3505192072149253,-0.5970677422061867,-1.7730316299514008,-0.5388476670792477,1
-0.3887277055792588,-0.3245899637578115,0.5138082685235044,-0.4753435261254347,-0.3979741250153123,-0.5745568042815224,-1.9309142839479299,-0.3090853920068805,-1.3511676906761587,0.12112338059845752,-1.1554305566485497,-0.5199495703402105,-0.20148328735223553,-2.1846354471611584,-0.06340749707461885,-0.09300376519002884,-0.11195451918287673,0.45492308896604894,-0.7325390537149423,-0.7556480932919512,0.22642026441455146,0.07682115418048721,1.2038944984975657,-0.47881485216275005,-0.31207429810682435,1.1530056603620973,-0.37073750652225435,0
0.14170323984812566,-0.7164426141338772,0.13253040781591438,0.7902003502886156,1.6542311228051567,0.07276176022512282,-1.0951494840868319,0.3568618336897382,0.3525877583658987,0.5606872066782709,0.753024988635183,-0.0063527577319846176,0.3936697723558957,0.05420337207150596,-2.1303398997407355,1.2625371231685483,0.32145689683904777,-0.9442031948757553,0.6060571775540752,-0.6234731020347344,-0.5992213728234772,0.19258188999124298,1.236268777811395,-0.587266611961257,-0.2832616229113644,0.7585782509032558,-0.2922227606353085,1
0.27922160269104784,-1.5572606197384635,-0.15150264424237903,0.6945742935267203,-1.6072927081167188,0.4043280822155106,0.1379766098778364,-0.024755363625186412,-0.6453055221066691,-0.8342782577333077,0.9794550450324935,-0.7603424949614531,0.8956880457006593,-0.18999236933830804,1.1805954147895978,-0.4286550230971993,-1.347079523872766,-0.3953435636120374,0.9543750812506413,0.17311060080286714,0.44001191575229737,1.4808790546032535,0.27121237972622253,0.16877293696172824,0.23632112335518216,-0.024649268850283353,0.0013329763044715277,1
-1.7631800259203962,-2.17463804527415,-0.7640282303643734,0.21833296372925776,-0.33314256057989233,0.8457924762510898,-1.1358655946135188,-0.9872845690483535,0.4703779612107351,-0.32162967063727554,0.15129656026226246,0.5482072363641319,0.2649407274834364,-0.9298340986349547,0.6409177260406357,0.15830994293115724,-0.35710295827759203,-0.5351263416901013,-1.695558322467878,-0.2684429029067737,-0.35452014251365643,-0.12886871292053034,0.011605222975975434,-0.04630817270626316,0.6733678435381709,-0.24585676133987694,0.5345259865165114,1
1.2741938902681769,-1.1105467484780527,-0.6950634718931737,1.479006404693018,-0.7471195281614567,-2.5407976776265158,-0.6931260375762802,-0.4115107103757353,-0.6358621661128613,-0.7213590301051787,-0.23991093797407323,0.38458553745478263,-0.5826285392670713,1.2858742462579835,-1.4508567614053487,-0.9668250139993847,-1.4761809664871193,-1.2004111644531303,0.5533159396848202,-0.28963030913115817,0.28729978716750865,-0.32300300642534857,0.19797010604700993,-0.6237836844480245,-0.5611144963764056,-0.6426759596595909,-1.088296406097057,0
-0.8482481819025224,0.5942129135514244,0.3941769588802615,0.0065276392569581865,0.09372218723325677,0.2230875324237057,0.7735273285205065,-0.22456795690461462,-1.2066203803848348,0.06293857322019035,0.030518343190793145,-0.7641034224444455,0.46501586886104945,-0.4700836255606475,0.2189044042441157,0.7400853435117297,-0.11680698463248149,-0.1474872494621673,-0.44283261382738776,-0.882255193986231,1.4156908529611096,0.6470644761890811,-0.9989304032420765,0.7776752804792132,-0.880831723416259,0.22436970411733087,-0.8565584801751481,0
-0.3233685637854165,-0.5347175805443409,0.39984336738467197,-1.1507210004407866,-0.9543395606557545,1.2655972281542258,-0.18111952929434852,0.48787651833371515,-0.6722481849514245,1.2700123375759305,-0.3460083983648172,0.6311299064524468,-0.095404358851122,-0.4343914638914982,1.08412816547344,0.276514205193907,-0.9211734835973019,-0.00329733184137546,-0.6822034900654794,0.46161906544214765,1.5301051077993477,0.009989818346475167,-0.05452291995547595,0.4541729605707496,-0.1733974763908504,0.002130522254044809,-0.6307624185299483,1
-0.714577039431497,-0.5446840232734977,-0.5141586154473952,1.0698962316013718,-0.25766391787580883,-0.4570410074098397,-0.3783620494953073,-1.093665247500246,-0.01949198536261964,-1.360866968619992,0.5236979144999442,1.1939608799186832,1.1260623506640277,0.24310454769283893,-0.4601220179388526,-0.19436700814344604,-0.33688390769671905,-0.5587823255472388,-0.04041279333402968,-0.9632975940569818,-0.13553759917289454,0.2996391157676099,1.251106571595344,0.4213274518908016,-0.9932494368177085,-0.646985955719523,-1.7167144534325929,1
-1.5305155303432803,-0.426493544285923,0.3926259321720753,-0.9168735219423815,1.0968654849705737,-1.0077090572083063,-0.30005124936660976,-1.4220548325897722,0.023402359993872048,1.5870222073214613,0.3351398525582334,0.5275212659427228,2.159407934158347,-0.3553951809811721,-0.7427657999865479,1.1142596965731166,-0.1242613105234573,-1.2642107842135717,0.6874052304629645,-0.2430642847282951,-0.25357026294365587,-0.9596960706106389,-0.9705750078916383,0.763239081130608,0.2968184530832533,0.8941561073150397,1.5863346783262702,1
-0.2938673056250789,0.33639096710698463,-0.01709985910132708,-0.6353826257127309,0.2925157701647787,0.6682093591905166,0.10292359745241365,0.903029834472766,0.21907609936580666,-0.8503076713642341,0.5591140715462358,-0.11360396021426647,-0.8304268176336531,0.988803370610256,0.06019217934637153,0.8332721766001582,-0.9151228888472126,-0.17884359339826894,1.1371726381657967,0.5859252080650925,-1.6014912145208564,0.17163124534596874,0.38110150618570937,-0.652203118978827,0.8197543422069017,-0.8577339311913537,-0.5871440805036903,0
-0.2910432990394255,-0.5496427183593848,0.21745709522737364,-1.0897941913355016,-0.47274930302747864,-0.6933388717240873,1.0023203901644595,0.12096586737794582,-0.34312856771846373,0.08182029222597939,0.7503203952093004,-0.1054152164985727,0.46920472846830624,0.3744984887238216,0.9540279113424277,0.027238186676617652,-0.26761405774237934,0.8142880021528264,0.6533968701341347,-0.29803593946771967,0.4122307198503288,0.19500861960619953,-0.44462990117677065,-0.8725312771964723,0.25766344504912503,-0.49807132124359793,-0.20560456066860894,1
0.6475774660652591,-0.14685244957118662,0.4531252727377712,1.0668177469421405,0.4161819625513699,0.4458046200879369,-0.6349363373383684,0.8496962572945757,0.5062711683365471,0.9726874661868357,0.7972765638451599,0.11471717764154676,-0.8980091589217406,0.1140753116353376,0.32252311841267695,-0.6858711201473535,0.5511566818064729,0.04099172887779618,-0.7566496758289729,-0.057864583861540496,-0.14124916656151706,-0.6399785462956064,-0.19859411418528794,0.18275100146720943,-0.01907122781466296,0.1234478330377746,0.6998319227591563,0
-1.6094916842439366,-1.1165866793686692,-0.5030535590877987,1.2731948316521633,0.16477893123906465,1.6660839763546709,-1.192002358746743,-0.9343483130042841,1.0494525944360302,-0.07559807106339811,-0.3864358145290674,0.6349261719686407,0.2763795970113517,-0.8440240085154705,0.8220769709672962,0.865079250373495,-1.0244905436852751,-0.8560842087026302,-0.4839934028823764,0.6631624808005817,0.18523126467615858,0.8039247885641101,-0.38173203975923875,-0.040044645888268456,0.5225226720481467,-0.03976761231939293,-0.2439151627233886,1
0.965084636329032,-0.5303513653167703,0.5459116911296402,-0.8849753042545291,0.5559199088239084,-0.46885285572672686,0.08082322752751477,0.41449383795339645,-0.687132061582756,0.4694567657361534,0.15468663645438727,0.5712688511894431,0.2058111159816834,0.6474141072905742,-1.5004387972142845,0.9201271959650523,-0.1616968614789367,-0.25044331222497573,-0.8459194890509243,-1.2983112041837241,-0.606634890497737,-0.6641857306632968,-1.0059489376060395,0.46190178304559504,-0.855463593714045,0.9484603835572433,-0.3092052919675187,0
-0.6219633562133468,-0.7793150181717,-0.14166263420361005,0.3750015023542669,0.5047351903007875,0.41114670845590473,-0.7512877093305496,0.40327350344709323,0.9357286810433153,1.3120346912730612,0.7708896920726553,-0.4030766230369057,0.35414189652715733,-0.7122625112615764,0.7675206557187002,-2.0664190377887874,1.1232425319181893,0.7827014246390297,0.4821011804266885,-1.1179307611930893,-0.8044603708233693,0.397613985369014,0.3334433587276662,0.16528141499771382,-0.14487888489584497,0.29000275064519104,0.44107215003970524,1
0.46084220374452106,0.6369087417690035,-0.1972573390363272,-2.201546736430172,-0.8233585086714834,0.7760662055393088,-0.6151510933018727,-0.4574721244083471,1.1657091427829156,-0.7454022881701083,-0.8465231571554372,1.3611775732855738,-0.39132467159046913,1.4847680816170101,-1.8335192171053292,-0.7590004581094455,-1.2493071268028273,0.7416104735898412,0.13242747084592,0.8103810824058512,0.9964042281499358,-0.03227764715804697,-0.35163044645886593,-0.6920293551568063,-0.3832394948196826,-1.21594228344083,0.48531710896354474,0
0.07244632393124592,-0.8777978640752803,-0.5833053222512776,-0.11151926283806894,0.030794314912868277,-1.2317006828447907,0.25681762473687325,0.1298891587581242,1.0386287112611583,-0.5256641849341585,-0.3358179711438368,0.5501886131480649,1.1527081288449115,0.243693908732012,0.38407664799730495,0.045646800789425845,0.9572973283555972,-0.0754567724892219,-0.8362137270763323,-1.3291303313358909,0.8794749737257259,0.79362184342484,-1.0843763030491838,-0.1799669120950847,-0.9228589757010784,0.771988953070909,-0.08461585467488304,0
0.025769751467718417,0.6758182530402467,0.42168696156734137,-0.13723421733008417,0.8747101239920229,0.411699873421125,-0.10587254936122116,0.38801809916301705,-0.9164506728942822,-1.1593842936582455,0.4943671720844456,-0.12921555391420264,1.2466858246488017,-0.4730142223567695,-0.1787337609695212,0.916725699450163,1.2711573127643714,1.827042266981612,0.16810471880654118,0.08187347904493766,0.1750899896313383,-1.2835161576095226,0.7947555379226818,-0.6606806572969813,0.4256345758782343,0.1886464051957419,1.1744927926908575,1
0.726691680876631,-0.6344431816320647,-0.2726137207757023,-0.5980242261861587,-0.10132517894320238,1.2087120763303738,-1.7161621719098334,1.1529042260505675,0.4200009526615203,1.3150545052583578,-0.40632134557372096,-0.703243518476085,-1.0626945916255157,-0.7070119757695604,1.0317122491943806,-0.20017093258567165,0.47037580383756555,0.719160451865525,-0.6556777381915965,-0.7344069736147558,0.1278518585796667,0.043054932216288276,0.16430495109848314,1.044607669937506,-1.04190444328137,0.5152572273834286,-0.437206072644817,1
0.769866800503758,0.04119868690992617,-0.04604457384000563,-0.7137044928502536,0.9244681653074842,0.4291780933411297,0.7520187587690884,0.5975665322097041,-0.1843787600039672,-0.09286465174435808,-0.30142573726381716,0.3913965396125782,0.8312746762794273,1.0095018206960673,-1.1081919182132989,0.362283044104836,0.48660102363780283,0.41653562289416834,-0.29305527538728443,-0.6662006593665896,0.16794610295252957,-0.9833058617333841,-0.475708150924409,-0.6409416855511584,-1.2848534862489935,0.028038937374836027,-1.4623131486990186,0
2.171452657557936,0.3149339486676497,-1.1086768075947464,-0.5245073360693364,1.4895377333778592,-0.0948676408543239,-0.9487269093983686,-0.15211496593090493,1.3452205031919189,0.3460707510459018,0.7793240469807325,-1.2501965019753112,0.3786907962557974,1.2960814651265185,-0.5607418014402333,-0.15231608949945236,-0.29165492073563026,0.38523755772494944,0.4441821695542981,-0.6833317853664419,-1.078254612745749,-0.5557268171823299,-0.9514670937163714,0.7084074343523244,-0.5398741556356916,-0.6195137966958557,-0.7331620071401933,1
0.996886962982497,-0.46962158005425586,-0.24744521749676515,-0.41690598669636375,0.26666699493490814,-0.21163610797065796,0.010091157785222706,0.4847356081601705,-1.079818955278651,-0.06880812418480176,0.7930327204112793,-0.22262203742840397,-0.0047659544047863505,0.6368721127343288,-0.5027432263416932,-0.27326672375878136,0.4336283780129788,-0.8681019705216135,-0.5369708769090065,-0.9442665756609622,-0.7437327340631518,-0.6206682260101603,0.091312688438429,0.1280931819726582,-0.5569458134009072,0.07676842813724313,-0.6690082212011255,0
-0.6324610399378199,-0.511943028832303,-0.37406363478237176,-0.3235333840771059,-0.7930153997732158,0.08423585831575264,-1.001602400805967,-1.3189416533652418,-0.38336260288896706,-0.12351881583832486,-0.5294157770943502,-1.0476494393246711,0.48944756508528575,-1.2710686626510628,-0.3985585618631111,-0.008792948476569327,-1.4239969363305176,0.3269387218426238,0.2957714361931613,-0.07632795094675857,-0.7101178742391697,1.6521914217083316,0.4098842947206694,0.3148993365337276,0.36461601599403454,-1.0728052389185205,0.9344179444850306,1
1.1239118483224626,-0.057173844635947206,-0.7712099489404289,0.6666868358535656,0.536339872268063,-1.7985662923817791,-0.3075726704887433,1.545027864498681,0.29157925508416455,-0.48650025189416907,-1.0850136123644736,-0.9749904424304446,0.6555559086617152,-0.2597703619333542,0.4526194199377998,-0.075176849173074,1.7010137445388427,0.608200464453305,0.7355448343526113,-0.9447450484154939,-0.4349646835368646,1.310499559363629,0.37578891816634014,0.23610019656642364,0.11986981006035483,0.06334889956838362,0.34021338185011935,1
1.182374221177506,0.2771817377419657,0.6694679513460827,0.6208059560807898,1.0443127455732002,-0.794222182615378,-0.6579688910518602,1.4255602361736552,-0.12885813082264322,-0.8978757165388276,0.23712394630328845,0.0354486166368964,-0.10267324013124854,-0.23614075098854426,-1.3248259148432047,0.08616122859207893,1.8224222379839794,0.6221929201130211,-1.9839889050767292,-1.072050065273581,0.0240055179034318,1.5571509432876327,-0.542461551321363,-0.39108880899854825,1.3342237883113042,-0.8433849636147089,2.623907209067092,0
-0.606026441239904,-0.5536206469254042,-0.8480514638487457,-0.4494753395754241,-0.9511800706743883,0.7586313460506046,0.7424190243789852,1.1229563232026643,0.5384602985858483,-0.3850537521646059,-0.5422173171448831,0.3882062509603548,-0.997816458168501,0.73686721018628,0.3641290253532624,-0.7483508375916554,-0.6378748115128225,0.04912243959111515,-0.09330505726298596,0.8764098989849697,-0.44823612941368385,-0.30812003034007535,0.5310294611287991,-0.42866799868509897,0.6574768984158562,-0.19848577677369492,-0.0950871618301152,0
0.09757168744149856,0.4224182232419744,1.694476430374287,-0.7821795257914562,0.12494881992061875,-0.48792886831371296,0.5713489377332901,-0.05025126276695997,-0.5789386449551259,-1.5329990793350747,0.3511101850909223,-0.0463632581362297,0.47560382654661193,0.9508243828504396,-0.41441202015017276,1.5132706821051725,0.5431152428950893,-0.9621115791325296,0.9878664498387236,0.5994733777287106,-0.013024975861955893,-0.5233481404280367,-0.39728678250524974,0.19018021030899282,1.421982077527395,-0.8774406772012509,0.4375486594094636,1
0.22695660012221291,0.8110582823471679,-0.9545003804577675,0.38035664107624406,0.9867556529292754,-0.7415063372624526,-1.2175266520357857,-1.3751185812924487,-2.3638884306494963,-1.4938325367994054,0.775031472783172,-1.5331739184650193,0.44697365579086,-0.8695958250551676,-1.504448189086854,0.21833037613719417,-0.5693114174382166,-0.3927568260246265,-0.6063666149590137,-0.48422494256832255,0.1869301421404475,-0.6529387772173582,0.60048073543686,-1.2864915130596133,0.1254341938637704,0.5691204920614281,0.055648607077972416,0
-0.20075035110225198,0.34671732098209956,-0.8040455991492317,0.39169745876169293,0.3829881146043672,-0.5333389444635754,0.500397632644353,0.22473979566454105,-0.25751737893677945,0.06726202908955242,0.6278799050094358,0.6031816468579178,0.3798183428321798,0.8244726592768277,0.6173523801120435,-1.1651494555925126,0.3082888438150917,-0.11319577403542724,0.5885969370449051,0.014140944272823471,0.0018301187468597255,-0.32621045041112884,-0.5296576890224689,-0.5173717523882033,0.21137255392818288,-0.5164439548248319,0.18700325805269954,1
-0.09395304810912086,-0.6615593273747599,1.817623305421309,0.28268875838402574,-0.7246977286209587,-0.006891164817040715,0.8525206420349332,-0.1603203936210453,1.4541384006769165,-0.3426653015222006,0.06515152860788091,-0.10409662330156857,0.1261760892211981,0.6680039151672343,-0.0281504517841394,0.06335729042950528,0.5630753855443397,-1.0103312388628185,0.691341554815633,0.10429407189892674,-0.9636818991997669,0.6978763182080526,0.28093320207097583,0.43729152881253985,-0.05488774221813852,-1.5843651384635113,-0.4191850810218248,1
0.46693332644825897,-0.04310723115986273,0.6354831150583237,-0.1970213231661327,0.15179551161583144,0.5249937433972904,-0.514577068761353,1.0807908484239634,-0.6671528839287434,-0.2079249378209364,0.3461306783373419,-0.7823669996507816,0.5438667549744345,-0.1576210544766024,-0.30692720847974553,-0.6925369261758173,0.1938792291531671,1.0040133535276934,1.378094312458548,-0.939162595018944,-0.0009672890605890738,0.4802397669022662,0.2012516622356398,0.3623229207182729,-0.506143363877,0.7254538238649663,-0.2518853037765053,1
-0.2969877654147191,-1.1334473038160595,0.2147544190465982,0.8579748720941308,0.21774500286242054,1.128591634431637,-0.1509213394469682,0.03222265786787519,-0.8348744684298459,0.02035112172698013,0.46370492138933034,-0.2227964367298363,0.2841606725623368,-0.6833777022796923,0.24800479827687505,0.3162488753545997,0.035838845125866256,0.23088403087521034,0.5609533599232845,0.4610770298345194,-0.9381832224727921,0.14959661067917407,0.0309310700763779,-0.18063195692226158,1.7320789501640648,0.26977722636064666,1.1563174769378814,0
0.7964176331291779,0.2639666360975685,0.14886964370373962,-0.054551879654045454,-0.8539841648286408,-0.9836892571449566,-0.945354200827982,0.9417431575321533,-0.06915630148631495,-0.8061600505297916,-0.01771629599761636,0.32119452440003643,-0.18458055963408831,-0.6499427518127643,0.9857196549893114,-0.3687709555862046,0.9363271630987737,1.4782736226536624,-0.2636899146410208,-1.6302517136798393,-0.21855474476134007,1.5149982571707274,1.0518631521034276,0.7540051089432966,-1.1691680386927368,0.13967567051495214,-0.20184828831207433,1
-0.34228589803484466,-0.4158991309278215,-0.5439118222910531,-0.7766070948893088,-0.3881306413730472,-0.240857192214012,0.021718874400468068,0.6862239887962949,0.4263685870270036,-1.5374793919012886,-0.06117339777611987,-0.9425003876912993,-1.1636062574097346,-0.013568546383991782,0.38591057283612595,1.2351256459937,0.9695159519941915,0.03775893279695454,-0.976814429575923,-0.5272628993953515,1.1440386449117759,-0.012194803938846664,0.03672405399847939,-0.08041229316863625,0.20078786257803766,1.6139151166766785,0.08653975693630318,0
-0.10237567416586706,0.036537793864439665,-0.6688761810770614,-0.42792996963066815,-0.1864994578556059,0.275842940204259,0.1554879068184545,0.0853046402018269,0.019590826481264985,0.37284879856982583,0.39607401209190646,-1.218052830028213,-0.5669411820617825,0.3641405795927155,0.07610079718355131,0.30180712905549417,1.16180130784953,-0.03270992690838289,-0.04034472297943735,0.20449550736738145,0.7320955005781188,-0.3645119117329563,0.4160334969413539,0.020757455806041724,-0.7644490037442071,-1.6059340169184182,1.1662020974394018,1
0.31198217925376165,0.5255474406224703,0.431647978220113,0.731403897906309,0.22700352863136694,-1.6266853008509095,0.44802248156441504,0.12922126968541425,0.38537465559250267,-0.2163912129991286,-0.7843775877707478,-0.02862442153171631,-0.2704569482025502,-0.17908560777011034,0.18091467502568956,-1.3596383191421697,0.9947376998523235,0.37548646625572024,-0.3819936119669946,-0.952765898834244,-1.347968157666521,0.6641277447092964,-0.24723989024962423,-0.21429555175922754,0.2801148958717507,-0.5395225282539827,-0.5052797358108542,1
-0.8675141222136343,-0.7563772478834331,-0.7768214715616913,0.304488089900418,-0.85362264275148,0.8029971108483638,-0.4565379900013944,-0.6911701982062273,-0.009751358379331327,0.6362184041071184,-1.9744313335658037,0.002900689789796683,-0.7184939783765113,0.12531104159825845,0.3437896066922912,-0.9286537021589889,-0.6036418607759493,-0.390042233259267,0.5957380150128504,0.3737332933980196,-0.15713802355809822,0.050461420055520255,-1.1805789320068174,1.2443930846554199,-0.36779364169451445,-1.499191501489298,-0.25901893938824316,1
0.09479094621589694,-0.18661860245447687,-0.851130858495378,-0.452493393410507,-0.3428045793439754,0.9283375918872812,-0.5227831862492808,-0.1997104360449936,-0.19978745879995188,0.4584879617135643,0.3552426299509185,0.5062019001971559,-0.16486351711171035,-0.18003261771888776,0.9076141118299755,0.44951134030321777,-0.08673820172970266,-1.4170162646824895,-0.717034731513333,0.4682680709363466,-0.17139942101281055,0.5937691742333098,0.3853868352714119,0.40819973426761424,0.17530108436620867,-0.011213178123821945,0.1604067289558218,1
-0.015618739931199768,-0.22764702276239895,0.41886979353894516,-0.7712660782477283,0.05514510771811281,-0.9186063425511454,0.10416237444725157,0.4303067357314774,0.06613216278681631,0.41199117638053406,0.9072169890399753,-0.421608540616807,0.040917433337456385,0.38225982318116936,0.5184001506654614,-0.2231344656494327,0.12881196717419877,0.053565614822988744,0.5269809323106778,-0.46173777350781997,0.21467471526283435,0.2651854149234631,-0.26097459699644715,-0.5552781900909352,0.19099580636375857,-0.599474370331092,0.1190333825585607,1
-1.0025469558955602,0.6066448127665434,1.3630095351447837,-0.7609808252849812,0.7130839243265906,-0.7241944696183433,0.11525091173182378,-0.20970868693145217,-0.8597723936216929,1.1313128723581085,1.1715611816152738,1.0776968064962515,0.1446013332597322,0.017361281983801772,-0.24624830345759297,-1.1078380534682666,0.8067065167965107,0.906507702093811,1.2409270610286782,-1.2772680102031952,-0.31084643659336814,0.20202892169737421,-0.4821136188611177,-0.5675353524936892,0.12372927438924693,-0.1870281219943803,0.24667844498297847,1
-0.24383970017986584,-1.4730733234580973,0.15999302626104622,-0.7154050149831112,-1.4828859342282297,-1.050803373069856,0.4785902334140795,0.6129755982969263,0.9358829537236134,0.685982830277342,-0.05465371356478723,-0.20761618666590315,-0.23310186166362395,0.5779038741763866,0.32908582001486647,-0.22353765147003435,-1.0450327354296085,-0.6558712827064501,-0.001931982698017215,-0.8190331202828803,1.4410261257983188,1.7772649537602583,-0.651641027204492,0.8086835917598523,-0.5668466293225204,-0.25786716820347916,-0.5089667718926215,1
0.48115933475289424,0.9899810957317673,0.09282656544131199,0.17067985660917115,2.2127971716077632,0.9123190506949839,-0.8955037407781337,1.0675947227352494,-0.45872701180581726,-0.4933827371202601,0.9958205539616625,-0.21565878168733474,1.5462868598277342,0.14341642597172186,-0.5699194128529921,2.0317141853507508,0.2734940819739969,0.41268560161276696,0.9403909534545002,-0.10604798759816822,-0.4136019183478784,-1.0748751506988614,0.9285108571342148,-0.5834280621238456,-0.7937391589593249,0.6522188362469495,-0.7362805997775362,1
-0.6651550324240292,0.26362561205551027,0.28037307071054157,0.1591204153958543,-0.4441946833558698,1.0959857324094335,0.34758411106797493,-1.2854230927120998,-0.15606344475889497,-0.21080981584303474,0.5323530706554646,-0.0250295853272622,0.1758403243370306,-0.5627516059600579,0.8741903677411451,0.6656028952508186,-0.9126676844031321,0.4679554967893077,1.0536850644419102,1.0926369470622854,-0.5047740337468156,0.13132712795714657,0.030189767528886163,-0.5671333073452145,0.6680403988774952,0.4806178337510918,0.4083238549834214,0
0.8235100344227944,-0.4306836056563603,0.8363937535407464,-0.120801529607799,-0.030275054222027555,0.7002758357531633,-0.13846536910525073,0.15270884290757483,-0.18571436451278228,0.06758652650260343,-0.10431091239181219,-0.3318129558791275,-0.04778317088099364,0.024311238496827862,0.3000033664808945,0.5030022470936246,-0.04921837127746705,0.2812041828921857,0.527511636448751,0.2777753453257035,-0.6862691578581991,-0.34584642384198977,-1.0333852713426055,0.08397257517584877,0.31419795218245994,0.5196024179257729,0.5520590451364391,0
1.488778740465475,1.2738662256472346,0.5035076092253001,0.07254885272205898,0.27357252904918494,-0.17869026155861906,0.36926115563624895,0.5726547616959646,0.5432990599468908,0.7799736212626733,0.7308588165187012,0.5239600867796363,0.12292687424591671,1.173774440577182,0.05825864824508679,-0.3163889371460653,0.7215220117405649,-0.587975441185309,1.0283718572058107,0.05280244311053147,0.023255934522215593,0.37804296290829453,0.09455472579825072,0.4291567829817556,-1.068862938453001,-0.3558225159428652,-0.34566571774734106,0
0.857039616709123,0.1629580121068046,0.7028435558950725,-0.1607315658801027,0.1917891758905038,-0.4421284728616943,0.05934241584984697,-0.38031140018716797,0.45556218223018313,0.4535777613730032,0.3768177196531954,1.3002720241015802,-1.0286000843601792,1.077219295251682,0.6564385909126225,-0.14427362739507907,-0.026232379005088752,-1.110500242207734,-0.09875291630613434,0.14202936283160913,-1.5528258745341457,-0.5566252649779527,-0.7068758634678752,0.09124392256862969,0.6565647246463887,-0.5827776106007188,-1.2845335855149527,0
-1.3692918696653908,-1.4255677187565072,0.15148938480970275,-0.7589335764704831,-1.6347384847538828,0.1577808274007191,0.5616487255816692,0.12552795963068134,0.6180210759596568,-1.3793588597531425,0.3796810037189492,1.4421865832356877,0.08107562718685328,0.19446194820771356,-0.258215906767804,-0.09005760598884364,0.7381152321650591,1.3317037574987136,-1.8029754373996554,-0.8057711967822859,0.5046267218547834,0.33165785719711677,0.7412682009340791,0.2642719383355806,-0.14313228464806227,-1.4410987498751262,1.6321325392593398,1
1.2769331864441686,0.12882423863772585,-0.33185718473691617,-0.483592193678757,1.0043276017863372,0.04233457186271954,-0.7383163205996638,0.10213723096640343,1.1487399606502935,1.3768372991820075,-0.17997018719204005,0.4702099154007264,-0.7385613994151595,0.5372979743996648,-0.3939339803151964,0.32560982404575095,-0.3217392020926413,-0.8999050842445038,0.0006011547218160414,0.6209552008264614,-0.6685107655655808,-0.5822253891207273,-0.0032093176164220416,-0.730551946362593,0.42205981752190563,1.0779079794559967,-0.8707545415179284,0
0.6772105674533454,-0.3935983363300228,-0.7450194911632482,-0.08393978396977948,-0.3720522316623297,-0.26893499166958085,0.7403737096171317,1.0598633488764901,-0.36757785928813735,0.06838374190677803,0.7421258976698525,0.5726767361540658,0.5717106708982647,0.3648471359657361,1.026976707468703,0.3530641516005003,0.9603104684078689,0.18536833758897886,-0.7015002965612506,-0.37968655991126565,0.41282408520939,0.19103301178094662,0.755897810557014,0.8029330510215241,-0.013343060769588962,-0.16801101754667164,0.17128001884908106,0
-0.5929885154989336,-0.16449287469232213,0.08803187201490864,0.5424726772202108,0.38376843901467983,0.25303239752309814,-0.2605969528740721,0.284114330527938,0.36849576969660586,0.4210555289764507,1.4289452735651569,0.9501590214609985,-0.8853877311829256,0.22698500712187303,-1.0517721647499272,-0.5151889365786004,-0.0707395655078724,0.5404519613821404,-1.547486842168388,-0.9231019965885652,-0.38195198658617513,0.4039232830260347,-0.055946655494737665,0.6849572387061474,0.7422235515908177,-0.47146246885362325,1.325931630578117,0
0.6883960971368455,0.5849507605282062,0.20120381747097593,1.2724285463349194,1.5514325603718746,0.6706064746393128,-1.669856358759748,-0.6296441405177662,0.5836581474163545,1.0392530142052394,0.4734677799322965,0.3372533800211437,-1.240866851414734,0.1539920435096409,0.10574183126449889,0.7782715379583917,0.6103879105548032,-0.6881073210015947,1.5804038055774348,0.8264925754999738,-1.8144348666451575,-1.4154266738316672,0.007293908030552028,0.038607485120839904,0.41469860822440463,1.0300184284392084,0.11613167001453836,0
-0.7090674910047352,-0.04280972519773984,-1.166696815453125,-0.8067187685906647,0.18241060553497657,-0.3830793330922529,0.06807138656597543,-0.18277864022497808,-1.2682162737894491,0.36353255790170796,0.293916237352535,-0.5682783372316156,0.8536828917307984,-1.2566507512155507,0.4363112947742458,0.05254578862539071,0.21857519090291902,1.375427871001007,-0.6649498343104506,-0.6505157126344139,0.9124380955244622,-0.24483822549844733,0.7166939908628092,-0.4211080231227481,0.23660325805825827,1.0949502358970862,0.40185386891306407,0
-0.3392161964647502,-0.15051914275152986,-0.5175975743257738,0.406022568746482,-0.29293455731940904,-0.47729318177261537,0.27442669847812196,-0.6551257701879752,1.6549138784877468,0.16544500776880053,0.71084544116669,1.0770037864728867,-0.35565659956937107,0.6881792067685275,0.37893610446017706,-0.34145794901854326,1.0864403562701086,0.3698105136760623,0.6277809829235095,0.012743910103000109,0.10162377441940645,-0.28800875863605246,1.1655050880487143,-0.3289805728183131,-0.5850773952646987,-0.20448426384977458,-0.1569888725337962,0
0.6306056107588894,-0.18434879390911674,1.6229892182156964,0.6457426993139059,-0.21595051216648478,0.8894208759728152,0.45626899889081973,-0.4876209829029976,-0.7490469745022053,0.48640413326988846,0.22060476761457748,-1.081017902183148,0.6690504211911438,-1.332625703404136,0.6058376650126509,0.6727967455524893,0.27388172661735743,1.1309054689218698,-0.3119800152850477,0.4549148047990334,0.8007946372083328,0.7578356094495529,-0.5533338388073084,-0.2701382712809294,0.847097725857618,-0.3381789750358695,1.1560621866234362,0
-0.5892140725135531,-0.3498360299549219,0.14213032913565407,0.4446707067143074,-0.07359068943124242,-0.021684204485488398,0.1298550142779477,-0.3470370082566954,0.23906201102975014,0.7190714722282496,-0.23075846855776763,0.4823437121041435,-0.2849413835071129,-0.3133034712543717,0.694727226999128,-0.6233913807255868,0.6088888193917835,1.071301589721633,-0.23048524043541407,-0.8293641887965918,-0.339910069250132,-0.763699366722861,-0.6879575391792158,0.6806806366694153,-0.6370845668420166,0.5946121564456918,-0.18015518170877096,1
-0.5481981045300967,-0.1060377640729529,2.067507579447607,-0.5147422241572766,-0.9304887498462322,-1.969183246143782,-0.19696964377165713,0.7289770769192532,0.41172042934027175,-0.3995095095762755,-0.8419555170759679,0.4879329867697045,1.4355482992667528,-0.5016929049335787,1.1686760506624128,0.3068276608347081,-0.7880268700696093,0.10551141469308765,-1.2823114792725665,-0.7389705981966771,0.09061079292558474,-0.6914215613225667,-0.9396167854124478,1.763380453084709,-0.4120940704685609,-0.012419620326744278,0.33530495618208006,0
0.1764466631687222,-0.1435503796458726,-1.955125342978364,0.487340776197619,0.341289542720677,0.12788553443176046,-0.6996461181673318,1.6330873767017524,-0.8081610038534588,-0.10765517076830805,0.23907744684818938,0.618814616707492,-0.6415795087906081,0.23834344818444186,-0.1609947753569184,-0.20356673712513762,0.5426340987162268,0.04629231286906494,-1.5469918304923342,0.26430243932719677,0.5802164017909195,-0.32499567711313876,1.2396524428372586,-0.3540189466775779,0.6760723414833858,-0.8161163284847589,1.2049695598189234,0
0.4442096403862989,-0.17439324009815,-0.21162095276502685,1.9519719776846391,0.0691105130807064,-0.019929445265070598,-0.3500601466430684,-0.8250784265121207,0.477780639376842,-0.3859312864423735,-0.3897449290641137,0.3174994515953819,0.80482242181205,-0.07157758774763637,0.055749504942911865,-0.5724050561606443,1.3202649771457022,-1.6070134167972683,0.7276343636792678,0.37565436358919396,0.2521812133485616,0.3984703179991385,0.21745027703581135,0.596543507149449,0.005509141187312488,0.6177775279067567,0.2232034368245551,0
-0.12011484543442381,0.8308762846100453,-0.43238314721614857,-0.855390250243175,0.011645437967874773,0.8268490580774481,-0.7539936988269265,-0.8922524702924258,0.6689776638859122,1.1355296242733002,-0.5724908859524314,0.06386020330196562,-0.6520054534323532,-0.06392673779545796,-1.5477683468959877,-0.9093057337345696,-0.7735799239658935,1.4622529623075142,0.9609373227158379,1.0373042197710247,0.7529529531758652,-0.27319951654376873,1.2187717496401698,-0.7548250216458143,0.25029305758039233,-0.6783769533164313,0.3392375695994233,0
-0.40701097433620986,0.20597504598472083,-0.5715643998298927,0.21994131752144147,0.6724250676364133,0.7062320104752889,-0.320477509706546,0.4093914401644619,-0.7685718189923757,0.4421295190012357,-0.3721010332006706,-0.30571605509065275,-0.6290467537560067,-1.0988261785611284,0.29205164022815383,-1.1498381167010792,-0.33235907854488267,0.21583878863304667,-0.6413105662533995,0.011021443334521286,-1.372008401463955,0.4293347785305518,0.3714915597607235,-0.9252074470898537,1.5462225850494313,0.6908613954373216,-0.5091733767421015,0
0.9917753948174595,-1.9436071833552921,-1.7363178285074683,0.23427201553408908,1.3123798839031653,-0.45647091616310437,0.8999106137520426,1.0634270921709972,-0.9021801229396668,1.4909671999923109,-1.718866653029067,-0.5632048416292085,0.9769415689614497,1.0679342333182538,-0.44495470531925785,1.4167331108846806,-0.6304276699563648,-0.05908002301420723,-0.7161237763073421,-0.3854651127602584,0.11048349240431428,-1.155927684603647,-2.057151678039264,0.6309016195271817,0.006736865841554637,-1.4933367304931515,-1.454872648631016,1
0.5985415960359144,0.07658683932499903,-0.5261649113958549,-1.4665013308380992,-1.965298777136885,-0.0902671692984829,1.9705774317831877,-0.38945562446082077,-1.5209884069383532,-0.6809924637921673,0.1692230282002876,0.2830002121994218,-0.4781141117707204,0.4568125799713064,0.6034139759550199,0.5243126393601237,-0.027872977286816085,-0.23494787560448743,-0.928137103057821,1.153041021002153,-0.18761755131743044,-0.8346412230102566,1.0557046914378891,-0.14695631560762382,0.5499232301523906,-0.45347604495954,0.6357096959341996,0
0.07520808283693652,-0.27709857754682926,-0.5101580505110253,0.1614910622803324,0.9901761069684049,-0.8827195441049105,-1.0650599794296123,0.22747066851608488,-0.9373129589427956,-0.030362557992522517,0.5977994630540417,0.19528437360316822,-0.37385205554188344,0.23089196550603053,-0.8468474558796453,0.39615455334033994,0.45254367259284056,1.1615681544372423,0.2748251808816066,-1.804695442852138,-1.2363732464346877,-0.9682471008107671,-0.663940937736566,0.7527468527472978,-0.7119595078616517,0.6757687817206328,0.6225841838583049,1
-1.3476756507551924,0.40596831471672234,0.6854538137083116,0.15383837528930064,0.05243192704082723,0.4881951923391946,0.49381524349409806,0.24363452233536412,1.252708238255745,-0.01846976981023137,1.1887277721162866,0.5507624239586921,-0.7872050025240789,0.678968665480067,0.0014317505148705109,-0.36707923895354105,-0.3807407564680126,0.33890139662795893,0.8085261227522801,-0.7280296359132243,-0.11768668905404125,0.8599632076975663,-1.046749117335796,0.3625077239608451,-0.2550600518732168,0.9510057126270653,0.1610404969363357,0
0.5845381627424822,-0.19332097309716342,0.25852561355945897,0.5275592418016966,-0.6800587926880726,-0.6276986749488721,-0.9948603799917746,-0.7565365252215744,0.21671723688782443,0.37766013957059796,-0.759061649887041,0.5683423848346018,-1.3800840288684744,-0.456524490571998,0.8434164033808123,-0.7772358509656403,-0.9626389251212529,-0.22915756074114682,-0.4430902550555729,0.6228388265184439,-0.734421575357024,-0.4268692126885083,-0.10870903929365383,-0.7238024476479072,0.5393097887980522,0.3777781790792105,-0.6697489718768163,0
-0.46624622879005223,-0.6957055246330558,-1.1546154605329586,0.020182097069500873,0.308186919254293,-1.0629496287996019,0.07458889849227804,-0.6233363365262218,1.1209984103369541,-0.5887712445342006,0.8827264940328294,0.9698346523700776,-0.2211998601692548,1.4823087005102733,-0.45648733059044505,0.14428043769475907,-0.19700213672702552,-0.49623905283586894,-0.5821614468781696,-1.2307659937998432,0.6392249192323233,0.20658327647205035,-0.7977568245322516,0.9620458491490201,0.15580092399525708,-0.4456738949878247,-1.0548363196876769,1
0.4350507274757842,1.7148763011933477,0.24668679017988618,-1.0692123198106114,0.23479964289303235,-0.4416014833212695,0.9139158470936145,-0.06481396148351097,0.201625314641677,-0.08366585325657602,-0.6392952066065553,0.18991386357226892,1.206581549924274,0.5015924039518936,-0.7672232056458601,-0.4113157819662701,-0.373551815035086,0.6935699642166681,0.9250523123900702,0.7971594210399585,-0.0706353676108131,0.1327848833072746,0.3869303024225787,-0.521033182828415,0.3968347864915895,-0.9275488807844887,0.05489939607825073,0
0.40990142389984247,0.40768245084752947,0.518785115794127,0.8308889227199933,0.251709892951734,0.18558935046837663,-1.777823006995232,-0.050325332550469656,-0.406005465165093,-0.5014965324580141,0.0930509157915401,-0.8231288061050864,-0.4726183080107821,-0.7743468527029138,1.1061743889113995,-1.3496845085984204,0.35007444878679456,-0.32416666862272037,-1.2440790075763413,-1.0637180764890954,-1.1366542468687382,-1.3485094221702811,-0.4726470681091188,0.7223672014038087,-1.357791103432273,0.41097608911534356,-0.9078150107404559,0
0.13835725136015634,0.34388765371458513,-0.15004068516626734,-0.026570694623532967,0.2172130642320744,-0.5650881423822609,0.03402949380390721,0.4834589187622716,-0.21789887016784515,-1.624981102044025,0.5611816085733558,1.4059227532398826,-0.6072618860154677,1.2158167191549512,-0.017248100621954813,1.1770964078441273,0.21193308249151765,0.7662808544437727,-0.2998950290071755,-0.26239716383697553,-0.9262124348755831,-0.4904272553313051,-0.9317656311114791,0.5556260080823048,0.9421323170655601,-0.62547062527009,1.1701927350921977,0
0.08727892955994869,0.37060206461631773,-0.1808849301323628,-0.04021839309809863,-0.10815671216714358,0.12725688296841423,-4.946350551988091e-05,-1.2753234986817628,1.2634250470046766,0.8664273666605837,-0.5600838547946518,-0.7293674252475129,-0.763737421921466,0.46584882772731717,-0.4301328871687062,-0.343733997279797,-0.858687683764425,0.1390074102795496,1.0008887163250868,0.29484063446614234,-0.9928134572617878,-0.32836788447597975,-0.18467348968655645,1.4709459705271009,0.030029164626295877,-0.6691174966126546,-0.8621280066964987,1
-1.753892370668126,-0.5766982079279652,1.050134557517719,0.301866046401145,-0.7437137763403807,-0.04616711044062489,-0.3754488405146552,-0.7376370187437638,-1.0550157999378198,0.31515611492687085,-0.9878888075966356,0.5590891078353072,0.8846877190113069,-1.0693460892793918,0.29225717655824474,-0.5341552918612675,-0.6025384220765552,0.460994326487178,0.6992379540790141,-0.030089723861170193,0.7924294046428695,-1.1583197818968243,-0.16032810100455785,0.3938449412873913,-0.47894478406296426,0.7648829209412994,-0.10113048040060142,0
0.2589735456348878,-0.3685758131146392,-0.6450511590524451,0.9210412809860737,0.05068676233499199,0.7929761103400876,0.40766568386109847,-1.236698693766279,-0.962319699777298,0.21797565732154092,0.22571497745261673,-1.5627920617562152,0.8431424359434334,-0.4751853672179131,0.11772205972197293,0.2247469357231824,-0.3373823906212708,-0.18380871893104278,1.0048432258461342,0.2614761877767833,0.3996552465420339,0.7279268648336572,-0.8573511647259207,0.27194692106306256,0.151692827133435,0.0850911924628958,0.39451793887765807,1
-0.6377112984436621,-0.9335464194007251,-0.3739481358506817,-0.11916542940760705,-0.7164343153998607,0.23431944797983548,-0.8153712251000652,0.0037782498321237805,0.3906245181386771,-0.12042806108234703,-0.28409769160694087,0.449878949091466,0.0562445082177937,-0.18554807563279024,0.3175680256199158,-0.3163683431112648,-0.7401488321875958,-0.5134773423618393,0.32194086678296074,0.5108738319084288,0.2405718497537049,0.6464503762748238,0.5516895008402073,-0.25021895898442265,0.6100189821095884,-0.22026383957794005,0.2884630034387049,1
1.3997372439172646,1.2412551411623018,0.41457061351825153,-0.14815767147785552,0.9057787113892506,1.0379133592261864,-0.4792375427749686,1.4132613945868888,0.3469361350191889,-0.08210814823237869,1.089610617986097,-0.38413644316917056,-0.1778971252933473,0.4692224539312165,-0.6549614626969514,0.44192856765122474,0.5635622201004031,0.45452256095828597,-0.6206701265277439,-0.1351260176109166,1.3407568233580376,0.8737400020778525,0.5473821766269097,0.22613961404389243,0.08534699515522991,-0.44619712491318225,0.012457300732869006,1
-1.3994401587907142,0.774720106130351,-0.3629054780058158,1.321094136418039,0.5891753081656383,1.3506396556486244,-0.7455003166356915,0.06806367487179955,0.23649413917504095,0.21197165446901078,-0.7264605539925428,0.7102490244817945,0.38241663568558665,-0.14295197576511048,0.9248430852350047,0.25559810660675253,-1.054618341004156,-0.4898122729777015,0.41820599863591695,1.518673430733209,0.2658899439404647,-1.2338616975176298,-0.5304217157005735,0.33516580745596064,0.051855582741837165,-0.034749058326371145,0.11168590870682706,0
-1.163307177604194,0.3332009466187497,0.23624526523248607,0.5262630170663163,0.22214056145818326,-0.25099419308105786,0.11214085996770957,-0.6343838363216738,-0.7988675197218508,0.32714506364378326,-0.9233781034076727,-0.2228966487550062,1.5885334616991633,-1.550828877670175,0.12044709523019252,-0.0619455869267199,0.3652518352240761,0.13465076299481363,-0.012136382832081655,0.9434384261943055,-0.1932849635342543,-0.876769605022143,0.9347466031730193,-0.395714303343499,0.8952242455425587,0.12508812283311102,1.3950593874409507,0
0.34164755742339203,-0.5959725684716797,1.0819241702445697,0.3277934231070613,0.14420744034220165,-0.1446264837750831,0.8869886818282057,-0.057704517075460295,-0.01791367880245371,-0.8090708704942432,0.456070028308177,-0.7587452313016614,0.5550050976344959,0.9295297802399147,-0.6094356203184395,0.45702130171332617,-0.511715776569191,0.0655466406672812,0.44273122770356155,0.2488495091129171,0.5292599346509408,-0.8857714334192229,-0.8061261215134575,-0.2947529387889865,0.6182801656445435,-0.742842501836766,-0.48311449977203275,1
0.5792383000348476,0.42107957868022644,-0.14768548702076162,-0.6731886734234378,1.5465645860590818,-0.8221986036695662,0.17149996164184936,0.6656851640341271,1.2898707844699682,0.04905392259325225,-0.15658119257605363,-1.0886261898054566,0.9997260509170051,0.5045647906531825,-0.5835329469686666,1.271768003836015,0.8635965935145555,-1.0640822330723536,0.03241554549604366,-0.5966459881900541,-1.4410597096350433,0.6367293771861863,-0.5755940961140205,0.5615434677208713,0.21495193176827398,-0.19609243957744757,0.2959663492520175,1
-0.8239934366096107,-1.1758459759033246,-0.2038849732616399,-0.17482158783639834,-1.1461635148578933,0.008825701186888853,-0.10485010418015794,-0.7386740551271364,1.6690274882415483,-0.5922126020599234,-1.3256215779050016,0.9814622374951643,-0.27068533562371055,0.2956372280827107,0.3303860584802211,-0.6211552841595527,-0.7376464815287618,1.1921147319066192,0.9410517393237611,0.6335658596474403,0.7154260950471488,0.837436780241248,-0.9972934792677907,-1.615677710118557,0.1922745299980227,-0.45510295129133926,0.42947039932978825,0
-0.9390348901246586,0.2434736062401815,0.26965933377077417,-0.38153323238317394,-0.9357687886448296,1.1509855697642237,0.10386553980502983,0.5220861385139085,0.009684329998282459,-0.49929733418667743,0.3034449802874684,0.2009944163763217,-0.03942870194340185,-0.10656396046674166,0.31833831044433286,0.33750723825819084,-0.4278487342708508,0.8095401163528141,-0.1588335321959218,0.8421873837004736,1.3029102526891643,-0.2739337453978813,0.5597855778839014,-0.30445132532509334,-0.3570855020689187,-0.19014778751976572,1.2940531749869952,0
0.07718296835442995,-0.2007331980821507,-0.1461496695536361,-0.3546138603626116,-0.4867377263862601,0.7803335730834412,0.4890610057346862,0.9371112734569196,-0.3655711500690988,-0.5914591958028721,0.9259949169890145,0.43131562935925566,-0.9794006162547936,1.0210903916813747,1.8724912676013032,1.856402549366032,-0.6664472620878243,0.8474616049257528,0.15522947636116335,0.054000100540477,0.5776674707355124,-0.7648037166163915,-1.4429048068059962,0.6834782672348647,-0.37143849763029296,0.6076942483334745,-0.38836155294000274,0
-1.0740923588316853,0.4219417588368131,-0.05908269192487864,0.36565468595394773,0.8562377925365372,1.2802952084044288,-0.4777502570230235,0.8710712002398808,-0.040774653992825434,1.331394891351596,0.5019992282690607,-0.023677675751890188,-0.7790835781654021,-0.8997667367649126,1.2833353545834343,0.0797653479366939,0.483732062190314,1.003021448888313,-0.8840211449628969,1.5051406470586441,0.40014918148471035,-1.43242680176471,1.082976769559126,-1.7909652682442594,1.1659633810859829,-0.9723117482651101,1.1407314682727008,1
-0.16031744252437072,0.5743017531974024,-0.20226084093891966,0.44122142400378755,0.20244931091245183,1.056043503348236,-0.39295720177361504,0.5562969784920646,-0.4422690735861833,-0.10955416585041448,0.29766840240040143,-0.3478442884681989,-0.7476196641602947,-0.03530203229227807,1.1806030683861612,-0.028174072657304608,0.1361319167980275,-0.003847831143664262,0.02409012228619962,0.29947014478496425,0.0521305779543866,-0.3104165173359008,-0.033536778402130166,0.44444392435309693,0.20422863012795614,-0.26873279536475664,-0.48064599000300734,0
-0.6705004423153313,0.8629780506391088,-0.5843095758007558,-0.45764279594931123,0.6606815285087527,-0.05624721001053258,0.7551239505315326,0.18488276352640096,0.8099746148382431,0.4037640351956869,-1.165578127264132,0.2831316524241883,0.8564401334337608,0.16772913906945233,0.010175018226414286,-0.34019777692804226,0.428346612163123,0.9239157494146486,0.5557838316091327,0.33035106093328864,1.1935765450582954,0.7568434931291044,-0.5395757719508499,-0.12635892627661385,0.8485743658040896,-0.5854972479224657,-0.04532233381478646,0
-0.7793637345781019,-1.048684024122375,-0.013891966000441633,-0.42251365637436256,-0.6111488974379113,1.670020500970085,-0.7153874294244107,-0.1555604672558412,0.9328836240846806,2.647511661811175,-0.23599385772192955,-0.10475449232390414,-0.917654438831626,-1.0322543740477037,1.392725979544526,-0.7065281849591789,0.042061080478190384,0.5883140803694829,0.6698728648046428,0.42932749804481,0.33589057165582337,-0.84554426371111,-0.2750281865339363,0.406437458386057,-0.6573550124443776,2.388157048581919,0.6390271942204641,1
0.4606650879869102,-1.3024881354270625,-0.11302016284050642,-0.6495835121627211,-0.7124954956052655,0.4002966712167078,0.2684917468229263,0.32701956414513594,1.179073633723714,-1.2364003279734357,0.7787890607016672,1.267290984721027,0.803179664633708,1.223008474912569,-0.4062263282327893,0.7024789437341677,-0.08423688842395069,-1.5156180043938903,-0.0861618126315616,0.18223876397793978,0.47956285607047894,1.0980670999818123,0.21406874123418684,-0.5458758253865502,0.023231665458199966,0.4368874284947703,0.16407995984643398,1
0.12760059875043706,0.7626088252853043,-0.8591758435863954,-0.037034850673663355,0.3618764673388678,-0.5401017293533457,1.3878092719772064,-0.01414494021483032,-0.9215180165182801,-0.3424002195486586,-0.8350061859909271,-0.41967663378272624,0.42853798912296703,0.8152544714192479,0.5365673985515871,0.25808846419882264,0.21235988327592056,-1.7695355637638348,0.4337416632728277,1.147952741239227,0.15104890675601856,-0.9147236343775277,-1.215836822024608,-0.9959553272945263,0.2183574160951097,0.14600675978133731,-0.2009080749502317,1
0.7068569350167215,0.4766095802498874,-0.3930558444893964,-0.3344625071922407,0.00721141545425548,-0.1641988414861642,-0.23559266679820196,0.04895244037127405,0.013507570319762253,0.44637773527833374,-0.16269013873651986,-0.3577471220676706,0.19134662137073272,-0.4205350094035717,0.7903297624277942,0.12497799404204642,0.12941894224342587,0.06889862507711618,-0.29173632913352887,0.713180407113837,-0.40403787440854233,-0.0004260389681500196,-0.47511005686854657,-0.7437261182668257,0.15408841673819504,0.24489015864604569,1.7242663255728583,0
-0.02219103610020216,-0.06759968493725267,-0.5596179004192516,-0.5602897979713575,-0.20282990581625515,-0.3488334617909084,-0.9453658056830846,-0.7949186815631196,-1.0050113888399859,-0.7545803195454448,-0.0031928045825169366,-1.6606997607009308,0.8075747544801151,-1.2197668799535824,0.37080507142612806,-0.2593553236649343,-0.2728640809205421,-0.6030816653113186,-0.45306218461293335,-0.0445071250370864,1.1747111077780379,-0.10886234714180025,0.7153512860820945,-1.1516277063262725,-0.24178844695555543,0.8364485711929348,-0.46222719875180523,0
0.03909874172573107,0.6417135176425878,-1.4673605988890228,-1.05859161930128,-0.1454569471235884,-0.10594251218716812,-1.1761588833707057,0.4084451381056041,-0.6563117434228365,0.7678389321533721,0.07946128144765821,-0.37739448386699553,-0.7707568460878351,-0.4958958099515797,1.7399772082759133,0.25733839298994876,0.21893833094254278,0.5493355228837399,0.7328963278329289,-0.29595177487995195,-0.5382914634650513,0.3247271323066142,0.06199171518248629,-0.2825592392062404,-1.3097338250364297,0.3747497565187415,0.6186436358685924,1
1.2720735895789115,0.774021636571967,-0.407947306062559,-0.22082724791716105,1.170053352818031,-0.2022761982550149,-0.46266328299606224,0.2979772851542549,-0.42390878223345646,-0.16473312622048766,0.18982994167986425,-0.8975529491305145,-0.43465019887368467,1.0487720982848592,-0.9154467324041742,0.9002501427146233,-0.06968012657016005,0.31385524572284806,0.07604211264642076,-0.3000414902026582,-0.11761093578917411,-1.3322429114472576,-0.401988416887527,-0.4308622473236724,-1.2086047091973913,-0.9703100742737225,-0.9385583256031046,1
0.11571168674458097,0.7953276263614834,-0.2946736455669493,0.03568264693658632,-0.35292079329103615,0.4045917801934627,-0.6526698621743626,-0.721499983107593,0.9094129487424378,0.9514757783693293,-1.2878696276347645,-0.02763051113493766,-0.5348462232873363,-0.08249791275124824,-0.48705332675069274,-0.8973286921441875,-0.2740921958409684,0.6672199096703619,0.4722519788539287,1.1277975061907712,0.9104527483407281,0.4710004523444888,-0.35234178969030167,0.11332680730147267,0.18447641187477465,-1.2706587425874447,1.3995780742225272,0
0.2503590158452604,-0.5425719241928733,-1.2030081169353357,-0.41853610333265306,-1.2289311772364144,-0.9472024466347074,-2.142676673155465,-1.7393474506613102,-0.460551654349421,-0.2975402902957037,0.5077453485984649,-1.2938133379190329,0.41146366327899,-1.4522334871367064,0.508236338523426,-0.9804233389634399,-1.2620737395097457,-0.31849735204673574,-0.5349000904077486,0.2808837938408438,0.047960611679558424,-0.0495785965880684,1.6190864556771465,-0.917809485158578,-0.46779054727816016,-0.20731431599824487,1.0718985998223385,0
-0.27834756948125755,-0.04063005270309115,-0.5967520025544036,-0.6534143565334374,0.38051198545672277,0.6161290280537197,-0.1634213741670443,0.022731185429623112,-0.8715427269841636,-0.9570236594754059,0.3759519622593424,-0.7985514462093886,-0.24194447397102112,-0.033418135261781,-0.13836131714094482,1.042750640625386,1.275399809890888,-0.21015931166030732,-0.13458191958676693,-1.4138026499200493,0.40238444419505326,0.478720892859196,-0.24170977933981672,1.0095417332558203,-0.5696795247094419,0.8289523509928106,-0.6152470517661164,0
0.002233810587832947,0.4947908782629327,-0.9533232357535055,-0.6950701767657848,0.5481264706515432,-0.11750410045786824,0.4097389930249028,0.3985412752631961,0.4690504557142581,0.13886602028538544,0.3060728912841366,-0.3714584263419827,0.41616899435184856,-0.13074442235999448,0.8523354325919751,0.021693588745902492,0.44843474260075017,0.43567852201985396,-0.739261771260377,-0.6792673804249907,0.6700263063036775,-0.11838429129017147,0.1292100604228343,0.06435485775647594,-0.2940921927587243,1.3615637855979084,-1.1711600315475235,0
1.2911481090124475,0.1882795771229588,0.09034914306014526,0.7036058113827198,0.4685730562656263,-0.6565053755316251,1.38235535895322,0.42100770709946256,0.20135289580833216,0.5406409136959243,0.5443974108092869,-0.6745662092357985,0.9962654034213468,0.49329848433105244,-0.7088325790471238,0.11763408508897653,-0.08765689235256498,-0.29523842584073967,0.3712024390895528,0.10270548150278035,-0.4910615531200815,-0.022251671091764732,0.6848577659003299,-0.4085814883841257,-0.2900571197389697,0.36820963611570307,-0.5677173168507351,1
0.5777715607299467,0.49673903828863974,-0.532976663944145,-0.15625174329395955,1.4005320989186307,0.3605679305361166,-1.5919948076865265,-0.4280537056193929,0.021904675073341907,0.10776436779568237,0.06441339543977492,-0.5549841852445359,0.746794213393163,-0.6022470781677486,-1.7971817429808943,0.8955888232770246,-0.23480549406123302,-0.08127414050356807,-0.06993661844770555,-0.3689078619248843,0.27652394387293866,0.8510694665300914,0.2987628424526088,-0.14421364321425836,0.10332686958732161,0.7545538286306425,0.5439365016587561,1
-0.30222987673004864,-0.19113611686235496,0.4535639265388588,0.6582212545347693,1.3781678834282964,0.862216138095903,-0.5468333291872552,-0.11577261786763808,-0.7996852345403647,-0.4908252848186644,0.47344193840287124,-0.9522682736707733,1.1184328289000243,-1.360724519324318,0.26478831008495174,0.8572599574737326,0.3117046850440871,0.536854929697431,-1.032790499229479,-0.9403768847074617,-0.5281348606362236,-0.47472080672887473,-0.34945620002630656,0.47997617742393195,0.690581940709137,1.3237755991871614,-0.5267456366962909,0
0.8710897146977775,0.1690750479162634,-0.35619550948172524,0.7016449696151341,1.4079074046104798,-0.3860419449481207,0.3857407394786687,0.2337907183535683,-0.18578261516354824,0.9961684719617503,0.23909026892766358,0.6364043731744273,0.8726144624697921,1.3271458045103046,-0.43359307484345183,-1.6615477064495996,0.2341868029792643,0.16436592000119163,0.3735893513527582,-0.8501084810030395,-0.07178181630993809,-0.6328163764955121,-1.3790521086440288,0.36101714410420355,-0.16660711606436893,-1.2666480821105592,-1.4545169016087331,1
1.923256379162036,1.1295004270949975,-0.7809949063263136,-1.2759067043834218,1.6930375205502004,0.8109710255910292,-1.391260523772724,-0.18904681367113962,-0.283134976948409,0.04448234217892529,0.25124529010460117,-1.5475333775060087,-1.2832389864410374,-0.519771410758437,0.34929027286605535,0.5599637936622526,-0.3032976669862693,-0.8050754245277747,-0.8227317784855883,-0.13482681356698548,-2.517462944489619,0.08367118952486331,-0.653127883567943,-1.418231596711343,0.6583851414050195,1.6273188945636925,-1.3077821389031337,0
0.2770325288829748,-0.49843446795314883,0.38765263732807104,0.9654962178614659,0.26100367807672936,-1.5268018812327415,-0.17328197459859754,-0.22795800138301886,-0.43349524552159957,-0.8450796405780783,-0.20616196670774778,-0.6937538805905522,-0.03814205087855859,0.48485835184061354,-1.2638946893773877,0.7675551667700753,-0.364530932263442,-0.5602846564071635,0.5882645824903829,-0.1500834321082257,-0.8859800412146095,-0.30603878690780756,-0.031629191991657174,-0.16301097933132244,0.3613438451123018,-1.1007074988917673,0.22232216997193294,1
-1.3094336572062657,-0.887648066203964,-0.6776251995093139,-1.0250529023433723,-0.33047754285893877,2.252216181903482,-0.8986436680977218,0.8969055183952851,-0.03174517789847431,0.6737865802782882,0.3162543358708279,-0.7922160561894539,-1.817952118352183,-0.2008283387241575,1.2515140431968579,0.48033763386573786,0.012673174609789567,-0.47630992764831104,0.07265685189153251,0.17719494612659173,1.2907427268568517,-1.6255367546651778,-0.20506900825732186,0.35111671262047606,-0.8189654442496381,2.7574657839541965,-0.5587800911673747,1
-0.29819907075663893,-0.3834870590167717,-0.44060135069445533,1.2294651032877268,1.189309518980276,-0.9099325008743236,-0.46707645987360386,-0.4053173200002744,0.6665005303556153,-0.5141420166977435,0.9399983146690908,0.24338359241583582,0.7563645416012195,0.25710331825029903,-1.1018465398936406,0.2534773588785378,0.09893017921913498,-0.538443518657174,-0.3748837004805328,-1.2720121546224956,-1.1341017280324024,0.21623560610349288,0.20243339005623165,0.18607688281281545,-0.24118762849098763,0.05075579207184153,-0.2630324928479351,1
-0.7162144306027419,-0.49012107869522203,0.6358656028324401,-0.40175493848860544,-0.8631895648212777,-1.2035400908831337,1.314116807761644,-1.3834589835179893,0.7280807309243462,0.7089180909791574,0.20959074377758702,0.8274978708985438,0.4663419065982102,0.6810987326115401,-1.3590974169651187,-0.20870132560715665,-0.4581635046944411,0.9115439431216896,2.1192292989817028,-1.2973166185566003,0.3271045513901376,0.9493428136990375,-0.4320613431952714,1.4003017717051258,-0.7693784952103221,1.159706878506572,-0.4060185810850689,1
0.17751044507209984,0.25702838693811486,-0.623357140101,1.0401752118908705,-0.55717279286798,-0.4206711803987742,4.946350551988091e-05,-1.0022086676333837,1.2941652540849655,-0.5804919095980877,-0.23982098332154184,0.15876295115890954,-0.07425496474158615,0.01509719231206966,0.7424941283904932,0.5150515111899445,0.7952527700291389,0.23778055358689817,0.7254854575323293,0.23146083308730808,0.493650294740761,0.7937630085455224,0.6728295689192996,-1.1061369643381251,-1.8036255213027141,-0.24787847109725167,-0.27002040985529474,0
-0.861551820937238,-0.5407753966668509,1.0829252551104933,-0.27576524768667376,-1.4841755005982626,-0.4212571958305097,0.30270192710108385,0.640487415089332,-0.18036104469526779,-0.3728706056427763,-0.5384256846013745,-0.27679990129962395,0.9723648494897469,-0.7885344921053651,0.47337291909035917,-1.3624421369823936,-0.4443532706650207,0.6756278689159043,-1.1638607842063455,-0.47957348283684886,1.1545219538988705,0.008768088659114033,0.16667323643128912,0.47936562887322576,-0.522662951625602,-0.3101918688959624,0.5005318619734186,0
-0.06140128392555635,-0.6514743524949942,0.13980174210586402,-1.2439957833256443,-0.10229054944553488,-0.7552730260802605,-0.7099808977885598,0.1848422577654957,0.7164429217651328,-1.1865432736877919,-0.010323868729899177,-1.2587328647334237,-0.32448192746432586,0.48147019743428465,-0.1791476819761771,1.6401679550029764,0.15651558492243745,-0.5322437361216668,-0.08104782290451368,-0.5103390705842702,0.41680865813138984,0.30731049785389764,-0.4426891101786703,-0.8694285319396825,-0.8927106983473057,-0.8604696891651791,0.14874980410767452,1
0.6596942120438752,1.4022315049250127,-0.6171647903568637,0.12971879129682776,1.0939770010257115,-0.16081136547600386,0.9166329496562916,0.07100827124740634,0.6441026269118039,-0.09041629922728513,0.09727686089515984,-0.6735128388694951,0.6377588299062905,-0.05883556906544361,0.3823648702597372,0.7136045219422336,0.248061959294081,-0.6195152201729062,-0.12955022862785315,0.4859911518357972,0.294900778910827,0.8206177339315688,0.17737163327862504,-0.8230728508495982,0.6349778184261705,1.1267280513355686,-1.0249619585524488,0
-0.39063057109223,0.7908543566657525,0.1418177384373601,-1.9545751384707624,0.07171705640287689,-0.185471230334931,1.2276741561703246,1.172933099600264,-0.4452090153365328,0.9265527446309088,-0.3363020120495278,0.6994095459523413,-0.1606354325975853,0.7474526695694592,-0.11262980837764143,0.7150423381592984,0.017006254264225005,0.7464368416301775,0.4331230484731998,-0.027140994673080104,-0.030771933730689465,0.04562536130977937,0.060053642048035004,0.14083012588223512,0.13593780608721487,-0.7492488606701477,-0.2084397192783882,0
0.024964736809172015,0.8975224348471768,0.08164706612681294,-0.8733449706407497,-0.2141044542265503,-1.4130136893496497,-0.06782799896514395,-0.8203430918236372,0.6574110302425755,-0.6868423884445505,-0.3065155518644006,0.005966008780645112,-0.10403231063468378,0.28545478560478876,1.3199187102250314,0.22048174729068337,-0.15942561114593923,-1.196764388441247,0.8139869615078263,0.7932664893029219,-0.12090052388094263,-0.1585328814947958,0.3694834001830568,-0.783591727075037,0.7315415488453093,0.038011341381752294,-1.444948608317628,0
-0.9833014592352386,0.02505286502150667,0.9873034439757022,-1.3589317268591534,-1.7296088299960861,0.2933213780716691,1.1760150398502396,-0.8950819885157169,-0.849931980998979,0.8041789857754648,-0.7064727421695747,1.1512789240124772,0.5674149597984826,-0.2884719522345982,-0.612624124227799,0.31659155568242336,-0.4992704711215523,-1.1089169331693833,1.3039027202264004,1.9752009756136384,0.5648871066467271,0.4629308125319813,2.151451468430796,-0.8825728507473116,0.6669265430929436,-0.8007194534994695,0.6044531041125197,0
-0.48966402775662804,-0.3892236358018889,0.5082687510492698,-0.9054450809399621,0.11330904030514481,0.14369639738922108,0.12150660972699565,-0.12437937145115796,-0.07595301435417423,-1.4738047296232724,0.8937664303118025,-0.2115286545151765,0.3701645955498286,0.3296885239081153,0.3777155320301731,0.47857264579801784,1.1281539153486553,-0.1528945914818358,0.42915829445933634,0.18878988796103707,0.2764866704817347,-0.7300914002820766,0.5071453896115383,-0.7229163969785757,1.276628029007102,-0.16297803417597514,0.11736229863922759,1
1.847906410541657,0.42748647328135414,0.2548240241826478,1.4037480414027692,0.6797633214420642,-0.6306582367671393,0.6980969328830414,-0.5966194962686608,-1.4686505091746762,0.3017446650169605,-0.18608251515684124,-0.5545820305599921,0.9571366930110778,0.06180475688844246,-1.7584453320323898,-0.15013446604803793,-0.5996678661726637,-1.080809366262904,-0.08020619831266187,0.9561424270382614,1.2306459653485589,0.3073149284571567,-0.08587193609725216,-1.1657184064774682,1.1861582386107716,-0.05394212591475217,-0.20679562440717159,0
-0.2485175829044719,0.31364335068908045,-1.3001523323972943,0.10038461386904671,-0.3020168827675224,-0.08657555923330176,-0.48706069572586197,0.37892669215936736,1.1657361208288657,0.8656400496527387,-0.14148887888415101,0.6456310222528886,-1.5444654309196093,1.0256294304494882,-0.0899590267394494,0.32389559683935837,-0.339639389144136,0.7091237304840768,0.5861909816160148,1.0307710189844603,0.5852571781219805,-1.7118278703580796,0.5567498421024857,-1.1423651715313319,-1.9165830563664634,-0.1419081758597,0.9085401376230974,0
1.1698073390655421,0.18510294242460737,0.5906416082013534,0.16190049375501858,0.13190205228694565,0.18412139936996996,-0.012115892738427909,0.26996320026781473,0.5553096140572763,0.5504105022029449,-0.25052040539617093,-0.8411033531324323,-0.3114670517670436,0.10977119364126654,0.46709905767773885,-0.8213943110382971,1.088597839915245,0.43365098038614774,1.1979333714126885,-0.1480751392319735,-0.1896283172564781,0.11313322646115827,-0.7295853235803504,0.24730780472918004,-0.1683932415790909,0.7952922108532308,0.03715398724251198,1
0.6554514489116017,0.7938017997921383,-0.932970954908468,-1.5260205835845089,0.9308720883339396,0.8577461610045294,-0.11301812706879669,-0.02438478376523135,-0.6892807361595957,-0.31615328873561244,0.9369730872920065,-1.9662401839309838,0.007464198685084137,-0.9348260679148739,-0.1112169928593186,0.5291789495671604,-0.3800464020356101,0.42497487170798887,-0.9394427290794495,-0.57465987382199,-1.4935455499797194,1.7369443090789665,0.16105715176619287,-1.4778358621894527,0.637288496783152,0.13829153245264666,0.14519874337386454,0
0.7248242256530327,-0.2247501858331945,-1.548432365134181,0.7604352573240526,0.2674475878871187,-0.005238533871865882,0.18493332648616365,1.4407259582568814,-0.5820198619679909,-0.4065767092113477,-0.6880119038640697,-1.1874031604124728,0.2957986777192,0.2658749392332185,0.7247976388345302,0.3123885679801973,0.4447706067252941,-0.0008606872933354531,0.6071310027412887,0.2989505209734839,-0.16705395760791986,-0.2221284046942301,-0.15423165670191885,-0.1362958289583207,-0.39869820517607074,0.14009131334743136,0.3418687677910993,1
1.0287523346311718,0.8853432238833924,-0.13067344547661985,0.998630311549059,0.763205814430314,0.232424191750466,0.08703235278472216,-0.8522511123198482,1.587270067247022,1.1589971241869903,-0.4515000811763789,1.4315360381702211,0.039138393200227405,0.25233322371960637,-0.5201555589158682,0.08802801018768701,1.2144736722700986,-0.07711665597479476,-0.1599752397969314,0.501072394902682,1.117399702712301,0.148401280567595,0.15066551128134942,-0.14789345146710217,-0.406038642943858,0.9168744007330785,-0.42950978588680133,1
0.032280209745475165,1.1914636324128773,-0.5764271513289423,-0.3365277521866993,-0.2615760610646891,1.4811021497086834,1.8582981145919615,-0.49008872509763196,1.1657141693093,1.2688259478692954,0.3531726435407368,1.3436608382253257,-0.13000465523653096,1.1622783640302095,0.8343917884227147,-0.5929442365946017,0.18984898376298553,-0.005970492939423158,0.3670654157520293,1.1521236239849453,-0.07651218932972245,-0.8330397246160556,-0.3738919297291783,1.6935019304711194,0.35848782434407866,0.6535688316131986,-0.19442570163343753,0
-0.9799787931774473,-0.6024375104981403,-0.3234180110477325,0.01713518158704761,-0.5430216546792129,0.7701385355601243,0.49624550066261386,-0.14996466800734354,-0.7418723123384364,-1.0209419243530637,-0.8316018622604516,-1.137031086900394,-0.2876361931169158,-0.8850905468289675,0.36485162563380086,0.1072654846798642,1.0732815829117488,-0.6368945967629452,-0.2907652348382044,-0.41926308829519165,0.7704856494877325,0.4105332313178176,0.39962029742453803,-0.1423451397892628,-0.1683713862036874,1.3652039704770143,-1.0344675940601287,0
-0.10862409474602787,-0.3948092255743932,0.31225455587873535,0.4119048345122841,-0.8875589647381735,1.154312052014301,0.04126281392934084,-0.21116568368864613,-0.8598120612149028,0.9805046812006863,-0.26761288191086585,-0.2968839905866787,-0.680208559021009,-0.5656032279468581,0.02975130399709914,-0.8637833279366254,0.16643072310659027,-0.05939693316423962,-0.43007689916697606,-0.30696180844872023,-0.14605546696995006,0.10307390969606245,-0.0930543111771898,1.4574354497494446,-0.5980207894410665,-0.07817189938259815,0.3314963090566237,1
0.8722568947499979,0.5792520392356145,-0.5072749793302895,-0.750712548932559,0.45272453692570974,0.6537058428780002,0.4982792067809047,0.45121679252553487,-0.14887800871167828,-0.19819593966541363,-0.22551562902786496,-0.9711150247823653,0.255399508342575,0.3391798798542342,-0.45430186225323715,1.0495660942272804,0.980296993866117,-0.4165727022158654,-0.2586142211720354,0.5083917932604078,0.760657438245603,0.22145705999739373,0.35117679637796984,0.07167580126917249,0.29254185486436357,-0.47542518912694953,0.24036154894321374,1
0.8415762261274851,0.6443234367559397,-0.1435811666491651,0.8599970363311541,0.766168396750594,-0.3005611612729518,-1.1001327819016553,-0.2614669484916211,0.8249829382833236,0.01587485924270456,0.3351129918017497,-0.13391992380869128,0.5291526143980645,-0.09608846348874744,-0.7237502378475067,0.8201815886444555,-1.1913813325554725,-0.7041068937514019,0.4824622582528574,0.2767185440145625,0.41137437166719426,1.3345430891241048,-0.004893927815243399,0.0905351321210087,0.36258676844240123,0.9590434015953937,0.03688694196769627,1
0.6338057725648673,0.908059033843853,1.0391368426642282,1.3913443783745243,1.103749015427013,0.1183027014323496,0.3805515576359349,-0.971105025582794,0.5940070802702951,0.8557370656100244,-1.0509449256464831,-0.7652178871260893,1.3459564305729566,-0.46479050710670494,-1.2024989482063104,0.5005494260572276,-0.37302491452164294,-0.532411240471863,0.13735215617134758,0.20951034216180836,-0.7007051086572541,-0.4643463756752712,-1.157670813690361,2.506998373397022,0.5973791302516747,1.269194713335967,0.020369511473961037,1
-1.3650481438429043,-1.1565749675735948,-2.0659261843485583,-0.2844369674453977,-0.43573288460597404,0.14747028749513627,-1.2462727396936053,-1.3550057470375136,0.361077998001822,0.10644268319120852,-0.661992729927995,0.3289901776149088,-0.10186781627869441,0.0750862192647917,0.2765442673067656,0.9790668792932453,-1.586594351922838,-0.18410555949931723,-0.42385281300134314,1.166163720176223,0.9062069689124729,-0.19574483793718178,-0.3210168431454033,-0.38055956500388755,0.5572791697916519,-2.3301839074628736,1.124106325667274,1
-0.2629167992262153,-1.200463362017723,1.767601488463239,-1.4046439139927398,-0.7680747357419531,0.38977724593572316,2.2015468924356103,0.7177524218193462,0.8661523622683387,-0.9752540670741584,0.03281678606268378,-0.5812582595548332,-0.5360084002132821,0.6632714884211871,-0.9241033545940092,-0.4945614061959585,1.256777597671557,0.7702618109883276,0.24623152332726725,-1.2029824488669822,0.016479556943982062,0.9348822664815717,-0.8139195652426291,-0.5606908846670897,0.5445449353110621,1.229330630145732,-0.4525478158187784,1
0.15510324522942642,0.4884705097967006,0.21828050454283388,0.2670545780102622,0.4785285791633963,-0.14491129957077828,-0.5707218471463399,-0.627305816237244,0.8582532979465193,-0.4105761690707869,0.5204024581947467,0.008279499642672508,-0.38376529090532374,0.36967573766583695,-0.9187122170150392,0.613330912242187,0.7819212002656757,0.09357841676162511,0.507266840418053,-0.6276202110265967,-0.5541920722242235,0.5767662682953771,-0.6233292900217949,0.47703992455411065,-0.4873776628230323,0.1919805980919959,1.3097469996883786,1
-1.0794565325800207,-0.15900921626185854,1.231946466185214,0.5278517142302969,-0.0016816947847793945,1.2933190391275446,0.006763984489867019,-0.20443855083120138,0.643869162782247,0.9819989384344197,-0.29638913504934483,0.05905712360006732,-0.0849369070018141,-1.4500486371249013,0.09102143558558756,-0.2917628830102919,-0.016711357350502047,0.4547237848502361,-1.2488149332965186,0.015499046714807051,-0.4505152650529905,0.45232485385810633,0.468659711125137,0.22908784233066962,0.5277546301102577,0.22084588283308254,0.1239538338103164,1
-0.9071387174929978,-1.4136962668664348,-0.41904623059791296,-1.0071980952656714,0.03850901070401413,-0.4642610089417625,0.34999499577692444,-0.16824233742917752,0.838760897332188,0.6307364906449274,-0.13628187611927883,-0.1637777296042209,1.0938811390834018,0.2486389411632903,-0.5300673554720492,-0.13521253375786424,0.07901907181247626,-0.08643992949719932,0.44658285365329464,-1.5173955306731979,-0.6319258310961152,0.4587904736213254,-0.7400461632669163,0.8890731516746366,-0.8587857121633719,0.46862990012606276,-0.08535534233148839,1
-0.5531160571003788,-0.6028058661474398,0.856925681053075,-0.9972037169602389,-1.173471012135727,0.7948391935592871,0.8190269314018064,-0.9310977737552996,-1.4607692885488335,0.09109961766847982,-0.982300244108634,0.06799516045597659,0.6583796006077839,-0.7867021068827829,-0.20966176791545868,-0.3144446685672657,-0.7351710829840694,0.04125472358299518,0.8080236553710534,0.8601217685392981,-0.0519508738772711,0.5129588678343677,0.6923688259703521,-0.318882362919072,1.4112428533488475,-0.4566699726782011,-0.46084199505835693,0
0.2595719392587335,1.0911974566183507,0.3551412139025915,-1.2107480446670948,0.9593232073757935,0.12262506592126307,0.20417477807360684,-0.6751998294067515,-1.0586354235101534,-0.2269939175239216,0.9142159636236235,0.17347010159473988,0.3037115662452277,0.3924409087565922,-0.792999828819131,0.007369881588373654,0.4323342105615112,-0.28904742775010317,-0.5704551122608778,-1.7068390447531323,-1.2394000051508733,0.6374266191929123,-0.12353350436272462,0.8823272938883339,-0.2715234079055387,-1.2052293549202733,-1.8399635181357696,1
-1.271923935698115,-0.2496343951589486,0.9650067843467152,-0.010095137067980245,0.1561664704896873,-0.22707269551889392,-0.708095369469521,-1.1348686840354556,0.5447732951366405,-0.4804686614317574,-0.8493419576862584,0.7677761087406199,0.5800374929192653,-0.8187747244161296,-1.2594291005563831,0.8143246073642929,0.08793568706191397,0.3052845408615361,1.3509644579663507,-0.3898664653177239,0.05878359496669216,1.2286467603367777,1.2240630704902107,0.725365838290907,1.2499426473633624,0.5854530149650901,-0.7920685405709122,1
-0.8530637556942116,-0.7210230793786068,0.6378079743743629,0.4399861190492068,-0.36311215774947986,0.05191714178809556,-1.2249103912550863,0.34874878306592494,-0.26871981935881667,-0.02808421087265188,0.22933884820082143,0.11407340348032032,0.08472395226269551,-1.0105323912224968,-0.31532244940595805,-0.15508071365651754,0.00018007632658225355,-0.04550737106426869,-0.8187374211068532,-1.307552151201075,-1.0215375164348541,0.43486339953862585,1.1428491292719467,0.9563992244512284,-0.9775585483728085,-0.1252112046771755,0.21162701817002366,1
0.22657238305854183,0.631468624711156,0.9730462128903007,0.7118791620067735,0.342491045666566,0.1148576834049638,-0.7026582445405596,0.36609871194146554,0.5680819896774415,-0.8142538935404615,0.5431723030610196,-0.8617041100038835,-0.99050210288779,0.053086983122779596,1.4362369347971387,-0.6047274294283969,0.7071714569290913,0.9369447401048814,0.8328156948193153,0.27121015276385896,0.07755068343022907,-0.357915956663592,-0.5679098720312435,-0.45304527348720275,0.9867280836360874,-0.43453188297528633,0.019280298666398858,0
0.4238279819159537,-0.8991272037140724,0.06783906218293369,0.07451246806898085,-0.49108552354507423,1.4134518574840593,-0.31520548102985585,0.342905431228166,0.4118336840408331,0.680255378517572,-0.7438457681035675,-1.479100980884184,-0.997387350946204,-0.6148425241903172,1.1736130635828113,0.36206456242157714,0.7820644477911636,0.6546506306684966,0.14912392821802198,0.7969441633633249,0.3470725549210962,-0.7673860613032473,-0.45558400835861695,0.31113164804138627,0.18296722789823386,0.6670709215066697,0.8946972367496453,1
-0.6416975412212685,-0.7766306512227321,1.3497798516621993,0.9438193549204477,-0.4833664908315607,-0.4204159227029078,-0.4099790598845527,-0.7077689701368929,-0.7787329382859227,-0.6682131294390014,0.4917312221571372,-1.8864372739602744,0.30627723633068477,-1.2479950768263144,0.17748164721972745,-0.4289910443873239,1.4182786401609044,-0.53903057106641,-0.5350244004593226,-1.4619183443972867,1.8572568037748207,1.37168372007192,-0.8126711300445436,0.5338426140543778,-0.3757767759359295,-0.11793643599450758,0.8046606111241044,0
1.137067273989381,0.857931206217921,0.9700008321094856,-0.8475394157320723,0.2943543911234669,-0.6052338774089278,0.17875460619510528,-0.30492473718063756,0.0783254947484185,0.6390859841828719,0.3568517638700261,0.25208912264137623,0.27817774537907425,1.0153248777224528,-1.5602738714888018,-0.3523231114190881,0.899340026037591,-0.9289722082429754,0.4071333597667028,-0.41776040091115124,0.5438454020877476,-0.7737142649559315,-0.050660030227646265,0.875308937357324,-0.8577394472185506,0.3798657545659433,-0.10093366374632194,0
0.4545218614129511,-0.3214752714188505,0.806168250006375,-0.14377007755406424,-0.29456922549673303,-0.32140087292452757,0.11362346086362574,0.06027067237504786,0.004162288112430187,0.24909898273383177,0.8483596329295887,0.36042856813123186,0.21204313595372698,0.21249684666503066,0.3968074879913986,-0.3557147863776255,1.2896891408229625,0.5384845606970248,0.15130966153494374,-1.1318624414667642,1.2015454287916028,0.10464632746780379,0.46499523259443337,0.295109658078403,-1.0348257787614379,-0.03126570896949036,-1.00912368412308,0
-0.16746875158304136,0.4635081328174823,-0.47094321162739644,1.8613463279179845,0.3836513516867018,-0.09569517543287828,0.24159033335814759,0.18878415163929935,-0.04845613013352839,0.08806071152776636,-0.9575567649803636,-0.14188474342918073,1.0166763546138728,-0.712267737800516,0.3793732703804249,0.5085974987108315,-1.4384506833852042,-0.5993026032252187,0.33314637753902193,0.44488779288184915,-1.1725765408482454,1.0849739243061278,-0.10093431102772694,-0.20479758738225337,-0.3852647092584975,0.5504913840263771,-0.6054027872382013,1
-0.6018098323825659,0.6623466264372732,0.5028430346828799,-0.5351100303655348,-0.24496980537235788,-0.7632443021698372,-0.19732152062748012,-0.3171379761647286,0.07177588199530877,0.4294645718665009,0.37765981180729175,0.9192599797963396,-1.0951677979322125,-0.12775375089874394,0.7583532275371886,0.5284923074713453,-0.00040660460269565686,0.20024088168667414,0.030309589452646044,-0.2496098806974109,0.17352444354946212,-0.27252679003387986,-0.5726532554093299,-0.3819953526989919,-0.41473827897306725,1.438996649658154,0.3305281083564482,1
-0.589684629566614,-1.2052420402199635,-0.2012449400597727,0.07197608976580645,0.993649641986664,-0.14991311124291518,-0.5161753872967769,0.4223253713833235,0.37718477661954586,1.112786341999284,-0.1364853096517457,-0.7974904264916614,0.49307823168222115,-0.7246030243689012,-0.01729498248502158,0.3185308975660359,1.0690771650101274,-0.17240352094012446,-0.4898026901520535,-1.0475748632969288,-1.1084968577604517,-0.2780604652689718,-0.37120647841390164,0.42532640926987186,-0.09762958541989118,0.4752222386718464,0.8293418480771756,1
-0.17124631564713244,0.1120185911425025,0.8626315012273928,0.8001573680738091,0.5931628927659971,0.6146307444041004,0.004445203244058544,0.83267315791124,0.2237544402528498,0.7281566276414586,-0.42684188824161223,-0.29013751211469063,1.1359635985510483,-0.5671343357960973,-0.44867385081397476,0.9931612641217716,-1.0943592971751204,-1.0372953664354838,0.5159237475670869,0.2985005518944757,0.4996033665873006,1.9709205421465754,-0.37278018002594376,0.3962504515891095,0.45155893954327325,0.7157693138359884,-0.13259869000331273,1
-0.9177754286599242,-0.43791347229550903,-0.24059258259155514,-0.23093641423980613,-0.1883710601475138,-0.35092082455688695,0.17076011057876128,-0.007572814813880845,0.24529224606851144,-0.40476324558020216,-0.9225829695320915,0.6081195412752043,0.925289231785965,-0.16530467133841426,0.047427884862082235,-0.274409566936967,-0.002071176486816259,1.1005317598786455,-0.7931576547042614,-0.5934909465282617,-0.08661396327304953,-0.39177111039335777,-0.6415246614918165,0.09727756748680626,-0.49612830003148023,-0.5695650612673782,0.47707519926794323,0
-1.8268980889055446,-0.26598968048454635,-0.6087102821444375,0.9058652661152116,0.9732406359737253,0.09797923880869298,-0.2990459860470392,-0.5732504768615317,0.7724434483492425,1.5943311556000874,-0.9245381243985715,-0.8797102484029312,-0.6904060384101345,-0.9554331271903482,0.9025740992504865,0.05882411678228,0.8775871727906748,-0.26751466625684367,0.5357360829864176,0.10217469675315595,-0.8968730753137116,-1.3306054362999602,-1.0914547237629704,0.47368729051037317,0.15111736103491377,1.6497133659168441,0.8235060284272072,1
0.4955045539935253,-0.046191765441490354,-0.049154535758079196,0.6434360152797037,0.04085219995138548,-0.28852030240265686,-0.8657526558405736,1.2811356980350024,-1.0003202417794297,-1.2273924866892456,-0.5487424307040185,-0.3057651747372957,0.034447791361894214,-0.23039592013443153,-0.4602550243940342,0.13619613568330108,1.0249980298507797,0.579050168042168,-0.012720042577348907,-1.2326176715923023,-0.38911607155901057,0.38567463241295874,0.3969241467287685,0.7862613867125934,-0.9023058442604016,0.06560225357713433,0.3308565543973383,1
0.9864043547414643,0.5818913421871306,0.11667179917985498,0.33461813354716907,0.6255958469595517,-0.571323264788659,-0.6581071157049396,-0.9264849125600404,-0.9306301863501371,-0.125509510808402,0.5304425450300623,-0.12275954084863731,-0.005211660108184426,-0.04396873081715963,-0.20974636273214697,1.0196551432036292,-0.41765608593159165,-0.4443563196190926,0.6427283106450221,0.14561813425219353,0.024338401275328395,0.33396282936400207,0.027831551903809617,-0.6615043253855397,0.3762658410334431,-0.050131692664351524,-0.6776779075057418,0
0.8391550743548635,-0.09939659510425831,0.8678259803863055,0.08311749861338415,0.022799106246836464,-0.3359350987025464,-0.34360795315335624,-0.4972919543035333,-1.1959987811326982,-0.8720371748803962,0.6923553531324909,-1.3302943260347742,-0.12453995947799502,0.2033522031416404,-0.34157638332633916,0.15101467512510755,0.1253566213366817,0.2572599483274972,1.4371276305259835,0.6754891645709193,-1.421625164643727,-1.3625915517391576,-0.25068938138366254,-0.5738685923041775,1.0583591943012522,-0.6229983286714973,1.7399818089224741,1
1.6025941019596162,0.7519597036350373,-1.2090346303127542,-0.7155660810535627,0.037950254564941534,-0.5171360347101921,0.5006692120781514,0.4347902803133343,1.1714452367219015,-0.819705895139455,0.7419890144022884,0.5297790840513137,0.36288678765226956,2.1849018817061587,-0.518289934113538,0.06477708595971493,0.08341748743618996,-0.10251195352410084,0.4970917504845854,-0.0013970711159065632,1.2915688667878358,0.5830928420291585,-0.12276224531620726,0.11686738676141337,-0.6639398455072653,-0.8068888463126903,-0.4742155268272365,0
-0.17334322944554303,0.40512610361153234,0.10878736248759585,0.2719302493169238,-0.5578803989947976,0.4668707065612296,-0.12927911393577826,0.13466803876857564,0.03963151269117989,-1.0917967718538308,0.026737169897847447,-0.6233693238080736,-0.5074074295043507,0.12581620554344722,-0.0612250746542091,-0.02548757734207149,-1.2469891855910635,-0.5947375281421422,0.19865674048516344,0.4667118225650754,-0.2302336832775334,0.23684507780886643,-0.09284700791411338,0.024699059035487563,0.021959685831964136,0.6215081151487628,-0.1077975301729228,0
0.9837454938608484,0.25321467231044426,1.004748371359699,0.2786849395815888,-0.24591910262555708,-0.2923251403754955,0.6645838737359299,-0.1857994628376384,-0.09162173606609764,-0.35705184852581473,0.4043865614485392,-0.6343953478660234,-0.45125305780564157,0.6065772522672243,0.47614436423284195,-1.2685764783666462,0.37466427302755906,0.06624405479648127,0.7547009577115759,0.4748291710410633,-0.16497795864218084,0.09402007920130279,-0.5445818842553799,-0.5165125381886454,1.3678995353232133,-1.1695208701260125,-0.20199778357213546,1
-2.034421774040622,0.4580359172692758,-0.07492983697535781,0.10547690411061057,-0.3156711993941046,0.012291617391135082,-0.6486889437750987,-0.6171707737962134,-0.24872877921659575,0.30623431318543726,-0.654508872218988,-0.5183533543976967,0.010530382372412685,-1.2129653488149894,1.1213560649410315,0.29828240861070876,-1.7679573158039152,0.9859737839546628,1.0840821622167223,0.9313460648907856,0.4607509380660493,0.9684695484256362,0.7253068269622062,-0.7257772803729327,0.9114271816275076,-1.7847657353119515,-0.3381065776885841,1
0.8691632864279677,-0.5954385611621709,-0.5366354009271291,1.727333603352264,-0.7081610696537289,-1.386718339444262,0.5754896742242224,-0.6449544869704857,0.0011887177320708288,-0.37800142343837795,0.06932509442541436,0.7648075444012098,-0.0568579991441848,1.0296519094352705,-0.4945290906192091,-0.1844524347473359,-1.77699431674681,-0.6964665814542897,-0.28385725476955415,0.634102674735372,-0.19836490686011,-0.10007842241071417,-0.3439926461819483,0.04598793988055117,0.5175068419201319,-0.9089224265031453,-0.1351056775204532,0
0.5903569530825604,-0.4485826409526631,-0.07801940503296212,-0.7337563644433321,-1.113742707359391,-0.16222044896888624,-0.20578334740996218,-1.4209432090529983,-0.7054535338530502,-0.09264660230127607,-0.3259533077219235,-0.16044649476789324,0.8116857918304615,-0.4328119117965036,0.6922315721056987,0.25127985748122217,0.11582909488423244,-0.7571312728066812,0.4820161128207023,0.7847140115911256,0.22138977744200225,0.0766508451931914,-0.04721594905533423,-0.4962759558219538,-0.25703675707958784,-0.17242800663796118,0.987862560695005,0
0.13224292529446158,0.6647010679753799,-0.8708324508900194,-0.22246470931872547,0.8806556630958421,0.6356425881461503,0.8000503997195849,1.2172298027163855,-0.8448031660883137,-0.6508097198900228,0.9020340150442826,-1.07867218216404,0.06754643695914933,0.308411208788142,-0.21770998224596955,0.31492931849570144,-0.34147474877229145,0.28787642662559343,-0.5176543709761978,0.25986340460023644,-0.08142895299830517,-0.24353835222763226,0.13431929265684567,-1.0805001036161466,0.8012127185668015,0.22681701542491062,0.18222275011922454,0
0.5932524902128228,0.6726337170962803,-1.393490268518318,-0.26061729993167193,0.691333000969314,0.41642945797637154,0.1981234153785415,0.6999243978848873,0.0835708393890638,-0.9078760480544922,1.0209762301372858,1.1296549677450205,-1.3886799453133798,1.10953449479026,0.09396655379538801,0.6123613345292007,0.9562548932332233,0.774180851385183,-0.07603612440025512,0.16698948410433984,-1.0478632686690827,-0.8725674926023786,0.6519392698076876,0.058328174736350595,1.4004076573446183,0.9831502491785056,0.23516083264628435,0
0.20833699540677011,0.6502747194707164,0.4616927226126831,0.6951276507880798,0.5296145408636711,1.035261888146419,-0.13161469206898513,0.0533007748682586,0.2865090096135977,1.20110867710776,0.24767249160332203,-0.7196409270849989,-0.15711782506568941,-1.0741935278906782,0.9254773631398939,-0.011590414371214382,0.013983824329370816,0.9945487896352505,-0.11288369306216936,0.7120939441407768,0.6855220989401718,0.6408701228777581,-0.5041796582136995,-0.5902359144509147,0.8348713745023022,0.5358152994898941,0.9130928146701754,0
1.0756817329298163,-0.09637238327726014,0.042476290076041166,-0.9340547407610241,-0.7422465386772654,0.646343202153167,0.34328481733462307,0.8314284948367032,0.013660679904834,0.12326217940143551,0.31552660316804493,0.8297639889631423,-0.9407647457065195,1.4378292228051897,-0.620065890479689,0.4154847458898911,-0.6089126289666692,1.5396511027732067,0.8490377365982055,0.4122243426884939,0.8814298021105625,0.2838164767628235,0.3538204606309938,-0.9780654869481933,-0.764108012765181,-1.542448619358306,-0.2215927007779895,0
0.03003622627289563,-1.0848846798628433,0.9454447085980308,0.923488898954842,0.02217432873365242,-0.03323788809591985,-0.957861936791409,-1.3701606993299251,-0.12807960668150092,-0.3306491351756709,-0.42570069281967543,0.2318643054317288,0.7302346258924657,-0.7643193811014384,-0.1609570445004299,-0.16834817472936145,-0.15683709250182543,-0.5393913459902697,0.9242978298813725,-0.13812724673412227,0.06951701787517547,0.8787383685453389,-0.39009658844464135,-0.7770170310583258,0.5504249304733715,0.47504214667830963,-0.7058189960457947,0
1.0879809410201853,-0.08949923045165475,1.0685730908149678,0.7341923669588161,0.9957678006773818,0.43045717584438264,-0.68459000289246,0.5606475878053921,0.255408036410649,-0.6314854009750852,-0.3251845661533268,-0.9062214094739728,1.0337858669021487,-0.19610061751428345,-0.46701396443333126,1.1043159618251737,0.7032076109493127,0.40535583573245954,-0.14572007355007144,-0.13127720412776545,-0.0568408854504229,-1.078302820364203,-0.8138829407442861,0.6970947845595411,-0.11744143478528908,0.8280682569691334,0.6650956715915903,0
-0.3998149071721923,-0.5567292696312569,-1.1456455583351257,0.12742616054036604,-0.06724544926991395,0.19688904431323878,-1.2378116539434445,-1.1884259799834695,-0.25174783620652685,0.8987567364606749,0.4022066798656872,-0.18776044522251903,-0.049144566576735944,-0.5435911849767369,-0.12360454004568056,-0.04590339348810434,-0.5896919253732441,0.24446888938170308,-0.06649789803230967,0.6604572085185406,1.3818946525318836,-0.3964998627057697,0.7634351268514991,-0.2042189025323977,0.59635991185279,-0.637199375828148,0.8494450531779799,1
-0.8077415185581719,0.35930265411252466,0.0004503711246121851,-0.8921638799071245,-0.3821236635553545,-0.8179945804475565,0.2176867425007177,-0.9180456485633702,-0.672531048467543,0.005752960369143692,-0.23586074517159134,-0.3321445757992018,-0.36257202955972395,-1.049456013799279,0.169762740116465,0.41946193012830035,0.3583343580048831,0.013223799748056785,-0.3534593145466479,-0.0025767583944785177,0.5112912197710626,-0.01923561940835352,0.8217441341314619,-1.0932275978806179,0.27473286576829514,1.0982018651228467,0.0028748842732037564,0
0.6750673294177842,1.219376390489989,0.5462242805560663,-0.11372163933350925,2.4179053856159523,0.6161709043050552,-0.8211659914114543,0.5179766178029858,-0.14721476934522654,-1.0138648441262372,0.45568526879935217,-0.18890795820778847,1.1938464738976515,0.26066449871906733,-2.025178262192362,1.8327981651252563,1.5821363918604676,0.46178837794702826,0.5974972748271112,-0.4148463562138569,-0.22842570434083315,-0.8387531394102159,0.4003863943034684,-0.32114910445204375,-0.06541991695546498,0.7609804434595974,0.4942714444717873,1
0.4681674768645783,0.8256612202937201,0.4252960124493926,-0.12413514906219364,-0.09286306001464541,1.2941979191118826,0.5561668480264401,-0.8643548304074219,-1.3297373420228125,0.20161998324253144,0.0039315603573093095,0.5216320374717046,-0.263818596916265,-0.5394018390272344,-0.17599122292254285,-0.3338804516835145,0.27069982425669326,1.194472852709049,-0.978920466923499,-0.4377267994662556,0.20822824019918698,1.0904246259049521,-1.041542439655032,0.04238691605833428,0.15704375456554964,-0.46551683255632287,0.1941959176035933,0
