0,1,2,3,4,5,6,7,8,9,10,11,12,13,14,15,16,17,18,19,20,21,22,23,24,25,26,27,28,29,30,31,32,33,34,35,36,37,38,39,40,target
-0.780790352784472,1.1595185064093352,-0.5080820744370765,-0.996772462753661,0.7629152886004299,0.3090131457591543,1.176018075402179,1.150731353851939,-0.3579622200022499,0.14867594579985324,0.8683017524885298,-1.5370265296784038,0.26813116558013667,0.5791085067848786,1.4237836007017317,-1.9724654828366923,0.5333471822128758,0.03801640888695278,-0.7328316665953474,-1.1579328966235647,-1.098472248643985,-1.0919298551446277,0.978121073628373,1.2203637691221279,1.4926350191222162,-1.208673869082997,0.5701573068864094,-1.2763315265431412,-0.9256239499262082,-0.5031259448126343,-0.42760444599152414,0.8712969295982413,-1.3060132499120247,0.630325949166466,-1.4239820056328631,0.3140697514288159,0.7903257323974314,0.1734722034887223,1.209419026451762,0.7853015300300309,0.2961797914111008,0
0.6735897047891005,1.1031290906284243,0.7432008575437199,-0.05355748570327418,-1.2426536486483997,-2.398497598120828,-0.9959366569629948,0.7041417114645413,-0.34696111886691394,1.5990773065596906,0.9617274254692947,-0.18066486220464134,1.5096322290128894,0.14321398107153602,0.22274595395499172,-1.744472594809833,0.4644905183290928,-0.48154029288613615,-1.8269770314246383,1.6578207455851117,-1.2149547923754618,-0.3693270905742908,-0.26769783948269593,0.5590780410168771,0.3981374365456347,-0.906401903620723,-0.21011639407575614,-0.36660414942208797,1.2633537970514128,0.1835218987425453,1.4442287948069858,1.3629507896248372,0.16706910247909135,-0.31910708400613896,-0.7666314929903939,-0.7815653796805921,-0.3883385065453862,-0.26345825209587354,0.42709037127095834,0.11618660032745648,0.31213962259396744,1
-1.6357741309101497,-1.0870866293714119,-0.8557440815874723,-1.9126356215874214,1.0046618728833172,1.1081576869018095,0.527377173108721,1.7095081585140997,-1.672934448332584,-1.2958546745184898,0.9802977930681517,-0.764470688643807,-1.8648748853899835,-1.9119669723411488,0.6074541576085237,-0.3471058825023464,-0.12072969360742425,1.1296140020978434,-0.2410369923947762,-1.3261137638418647,-0.9189582517104921,-0.26098076850629975,1.2213438045234433,1.207883189094378,0.7592618908987016,-1.3267894136643017,-0.38680246527116713,-1.6721142767233659,-1.0504530294041454,-0.6109554350722821,-2.409606279700891,1.1278621428547595,-1.4061080037833245,1.969591757394679,-0.1962396811249117,0.5895190492196768,-2.6301389513376017,0.10073440733880328,-0.6727311122875465,0.19544796466518657,-0.3303182186349273,0
0.8634227244883483,-1.952356359611053,1.7377055591511175,1.1061633087106308,-0.8991321739475615,0.5377619327288015,-0.1686966710367174,-1.15026156081284,0.2696968363687243,-0.8735571546137738,-1.2565099031624878,0.8962687737636764,1.6384843524112325,-0.8949302144835487,-1.5741341141376415,1.787801970789791,0.4294651076874614,0.5781862014052027,1.0323811980658577,0.6491817732725431,0.3233602206405035,1.2718124617770614,-0.5383552577860512,-0.37972467338616556,-1.1611737567601206,0.5260359454554068,-1.6219096494229475,0.34787619351674615,0.1946370193397488,0.40038011212294694,-0.9289360110261788,-1.1403067565838878,-0.18952194229072697,-0.4230554420162749,0.7628911226388547,0.29484488606920406,-0.45907572677384323,-2.4250878349509226,0.5547911269814445,-1.1360203230082628,0.314050087100953,0
0.6128919652176923,-0.20116780530798967,1.390788166846829,0.6094658811533907,0.06985624563571213,-1.4517818078502862,0.9394432764709901,-0.9751606314403342,1.2119902400315383,-1.2709722940536656,-0.8626773981668314,0.6448719923158929,1.0199102412983665,-0.8056924899108125,-0.8335023848855135,-0.286786978959655,0.6792471340106485,0.7213487480879515,1.2756527342576356,-0.9792284137703346,0.09954046752658356,1.3350587294016023,-1.4371297350404992,-0.6124189704841281,-1.2128968634588357,-1.1118704768935297,0.015162475358708943,-1.0555591146478573,2.0958652683120107,0.22918346834266348,-0.5550248531434838,0.6367100612314577,-0.46502989164951697,-0.8948931638447768,-1.3061219752778996,-0.011203886242864598,0.22629151177769277,-1.3813187970737217,-0.7374759374372878,-1.2200703731576659,0.16129680988282807,1
0.5586704779138751,0.8385059186910035,0.32238892580898165,0.7386663346312478,-2.1193772589562503,-0.9078753973964002,0.9492969126407299,-0.2289188617956811,-1.1241854260304116,-0.029113938442796812,0.2058968508520039,2.0479822027685435,0.37806118849445064,-1.7920878915232095,0.5664046527742717,1.2001592674550656,0.0531950692646402,-0.8990128737990081,0.7849230011284734,0.7330842236535515,0.29017060613654183,0.9889479934580601,1.9125383529773052,-0.6751233323819047,-1.0589402318855228,0.5675725023679152,-0.5060964170734966,1.2008880264175394,1.3581787526691569,-1.3073180042754826,0.41822108238495587,0.2664891972888154,-0.4141015756698103,1.1660586893835716,0.13233533237760234,0.020007741532874414,-0.06856604317391028,0.23244214052558357,-0.2319857149513322,-0.12950963953666328,-0.6073366101151274,0
-1.0229733096398823,1.1416180346072158,-0.36416477792612345,-0.3903675035203403,-0.6896780188051748,-0.8211171266540576,0.6217813152128793,-0.8208457849551785,0.39622876431376136,-1.1345760754270955,0.7384242792597957,-0.2974929629742847,-0.7232123062222944,-0.09831176178285622,1.501087390059626,-0.36108857377307285,-0.2677607223862562,0.07422237135692843,-0.37447772486508835,0.0013560440725387515,1.0097198550394024,-0.9094576581404769,0.530256575550973,0.09871131185398069,0.5429558746918275,-0.37813660456298964,-0.07527355457952895,-0.3289093021314938,-1.0400496398732684,0.09853112730673282,1.2836290498705085,0.7897577314014776,-0.9125474238561309,1.4539588206833747,-0.5206904978935417,0.1899739791316366,-0.8208545103198803,-0.26365708569781154,-1.6811327868311368,-0.4206750822445586,-0.08378337474148832,1
-0.08356422653130743,-0.4093405899238347,-1.7109330220248693,0.3317834892228866,-0.05692145993787363,-0.2750937960944207,-1.5044774958496883,-0.22539857518859208,-1.9892374852063512,0.963734665878468,-0.16634663019584198,-0.4813339421844211,-0.3877382737774989,1.4650013964114794,0.15014974422985855,-0.6304219659030287,0.8501789977836929,1.1484581800688691,-0.45738466769989966,0.7747878848455857,-1.849852235851858,-0.09256331975217227,0.8172748332836601,-1.2209418739758466,1.7286887463618377,1.0224201578955168,-0.23216026848429108,0.4622934981960426,-0.7168194734773502,0.7199962113537853,0.725841695422363,0.39898791877469336,0.264376559256425,1.0328244626534095,0.556651160168391,0.9368937078062206,-0.5701300654978624,0.056935128762108995,-0.6502008110193725,1.228857366276511,-1.8511642811919564,1
1.1017458154838333,-0.3162531520184662,2.242255261507534,1.0203103232822692,-0.6139811707245312,0.432331492040293,-0.4827951049011567,-0.09667343675844148,-1.4652062283648666,-1.6546089210019428,-1.6849080616236114,0.15953815209784758,2.0062371367742915,-0.5377823177362445,-2.4443092186804023,1.246538066965894,0.6344828060345717,0.3720840591682243,1.6230060022738246,1.2042211640807272,-0.36554164879541096,1.2891824634546152,0.029886515519359086,0.8019658045004157,-2.2365116183958973,0.38593790108615733,-1.4956132550660315,0.6569400512029486,1.5079311188521627,-0.9308582670009307,-0.6204088717986107,-1.716201226898875,0.03649648216894611,-1.1303510806853416,0.6532007121222987,0.6727537314498205,-0.10259528388184075,-1.235450673181274,-0.7689546586332712,-1.4398780012632386,-0.156574026621158,0
0.43058896175426215,1.350268130409603,-0.984484326113178,-0.6429080563205382,-1.4171821600183137,-0.9829780040107715,-1.1104925961165606,0.0012518109997321058,-0.7089663092722669,0.8855368439518275,0.4177692708322491,0.6129154709698847,0.9076544342909882,0.20876850003243178,0.6218416628231029,-1.731650942509304,0.8181141045464546,-1.2384521963153774,-1.528736998533475,0.5277665825855511,0.09079256770417099,-0.6480517519608537,-0.5913974706870875,0.5235412088707995,-0.24832287831676184,-1.1921453916587155,-0.2881248830000048,2.043814023413295,0.32667184219867323,-0.9945150586638636,1.7687141249644438,1.1189687141768516,0.5378891163261885,0.07417400652638388,-2.202574619345253,-1.6169964852998309,-0.35736042942627955,-0.2333940179144786,0.48099712099989594,0.7475898181117961,-0.7715995535055641,1
0.042966590242975375,0.3344874155869016,0.08376545413780297,1.2766745286405818,0.8086180662339173,1.378212588608316,0.5223531168527301,0.7993104243691503,0.008738237595054887,1.527642525203968,-0.3543597042789998,-0.37376977549454726,-0.15321321614735411,0.7988898788077606,-0.3935552530087897,0.8128183817952115,-1.4055171667791764,-0.9858194917286864,-0.041471090031241234,-0.9212068882057791,0.5633820667082549,-0.5680589853235201,-0.30645649756258464,-1.418386458897804,0.5969042199516524,0.5608225630912276,1.4082439952251178,-1.376111126903162,0.7613041525257447,1.32249382005692,-0.4473246106574539,-0.9289361818713651,0.3640024900795855,-0.5905759727693384,0.5078560641562662,0.3198562782710609,-0.5483083844176725,-0.5231544583512514,-0.0921694340084282,-0.978899320029057,0.6902910992864715,0
0.41391540198580506,0.013117180296287076,0.5690768631080264,1.5693276663655893,-0.7491590900619438,0.16684447087828042,1.535656878803227,-0.7957009229956463,-1.3018047565805215,1.0181867738371533,0.31220162733734436,0.011758705050672698,-0.32638278541857146,-0.07119483089869987,0.3182244131458724,1.2241130489597414,-1.0337611655596073,-0.7112066950466046,0.05073432859596234,-0.0557920362089688,1.3859495436651221,-0.07198210831738329,-0.12391428712339894,-1.4052548638520588,0.454488122379466,-0.010399607497801328,1.0822410930906372,-0.5055774579984543,-0.053959907416645005,1.307740655964024,0.5569279627118158,-0.596606856435048,-0.4006330158812493,-0.5208410713894331,0.5913599960239321,1.3293001430112739,0.37664890584433613,-0.7432134388277256,-0.8071819296838998,-0.8837846680758634,1.0287970118030723,0
0.2246965497479128,0.5284811015663224,-0.3632448585301025,-1.1861727412480632,-1.213689194616144,0.38725650304305265,1.1919787956243295,0.18568346860410465,-0.5582839139672473,-0.8907392112971445,1.693341815367729,0.32757600054438857,-0.9371666706187691,-0.916558497796287,2.5487699622946267,0.40904304899309607,0.8667677402485761,0.3092990899947948,1.03415962269523,-0.9853234420156838,-0.015291401430780302,-0.792864039390452,1.3841655010523304,2.112680206607494,-0.19815345080205612,-0.5887110877556396,-0.9465588203049983,0.5063527878008562,-0.5473994900211111,-1.2004270729751272,0.5856415464093515,1.5074046310784932,-1.6306719317679184,1.6653502736204515,-0.040726040975657525,1.8151918365711843,-0.8637306720015385,-0.4817315637610391,-0.15797735244079375,0.12183995255304275,1.3778504470644357,1
-0.4050160599461923,0.06602854570718941,0.09973492953178846,1.6060947261248177,-1.2121940406288552,-0.05332820836586497,0.9397760483817811,-1.1887816876414683,2.2056721210099255,0.8769087453254353,-0.4293013537944301,1.357062751495483,0.9918684222216092,-1.6531621330933493,0.36741551302475955,1.1946358889555821,-0.3792221858041172,-0.9590907039582258,-0.2648278311394724,2.0662959452325627,0.8563024442874415,0.9335811562852276,0.7395980688985205,-0.7481383109034928,0.593848034202941,1.5205072735698182,-0.7419959486663555,1.091697130914437,-0.2453319103987314,0.30997959433990663,0.5462912248919805,0.44028572511312686,0.09734734730388955,1.229357562370767,0.03621232272617244,-0.08652999657489771,-0.2829317012692846,-2.31064800520293,0.656934335960509,0.4868408489475133,-1.2672489995994811,0
-0.6375069091251947,-0.9457050784466692,-1.0266250685028326,0.4283565769361055,0.69873304421149,-0.8342459307218648,-0.8358941209678857,0.37468077728739485,1.824810282908888,1.6433236183981073,-0.6416433482573237,-1.4144635504774645,-0.2720967676591502,1.616013124106185,-0.3007739246820089,-0.8742128155297529,0.7497205171880934,1.307583753007947,-1.0582025983741736,1.415443335570115,-2.819250208764915,-0.5398408224165028,1.0490376197515525,-0.39869142563863286,1.7958460921039645,1.7270508171339067,-0.40360575975585783,0.2861469044686585,-0.3693335219955022,-0.8955224765323522,-0.861815987749025,-0.9986262327349232,1.2462085488251322,1.081877592774043,0.8584010927397139,0.6875705739331905,1.2472902379285653,-0.2621442835700789,1.4691021737077103,0.803225103514632,-2.0030482583936466,1
1.556826538135812,-0.7232946610122203,1.252134048695933,0.4405736221080048,-0.07657412449765186,0.3630080223972523,-1.8508348623867505,0.16244603122891518,1.9770672739596618,0.2560601099364792,-0.2781134628934868,-0.28339486607688474,1.196698515629333,1.1620521391407617,-1.2500346578057515,0.6503139439038953,0.37068942690079104,0.6339511387601684,1.095377822879055,0.8176400550814417,-0.6886010602191834,0.8011148097542478,-1.221351339333013,0.9978816103982263,-0.8270956361352977,0.9979826111200611,-1.0540592943435336,0.6485342976323736,0.582156862588465,1.0008386803067153,-0.11095908875351665,-0.13771820565172144,0.6807333007839715,-1.1796161254473145,1.8600156393264844,0.8201615232664404,-0.7283375777499221,-0.743743442348845,-1.0015108088798825,-1.0485608048580226,0.8308177244799677,0
0.07519233996963419,0.268254933036468,0.3869004085803961,-0.6943203833142544,1.2019984495321845,2.1538552232884665,-0.8268358818476255,1.2787845890215044,-1.8652468356141272,-1.8664620134238024,-0.14484174424648374,0.17037673095228265,-1.3187054460153338,-0.1802474674290351,-2.4672933767037577,-0.5150074259785598,-1.8765160728479324,0.8695298740560555,0.711937704758976,0.4302929251573973,1.5436002141210734,2.238703596170745,-0.495138756125466,0.0300852506106369,-1.457836949627871,-0.679056674441871,0.8409647769278382,1.5096924116082011,-0.8454998591154007,0.46793695926523254,-1.6971974658618756,-1.4807442738052508,0.9551511142510356,-0.9102179399280378,0.6976392613128481,-1.2016518017189246,-2.8229897368312424,0.952208757274557,-0.37081980909175855,-0.5779322904839853,-0.28092053102851705,1
1.7011722928724695,1.3827042444449553,1.7141028760632964,0.19988415178406324,-0.005460260897478967,-0.981307134008176,0.7569431200625258,-0.20784572105264418,-1.434510843567401,-0.7235042348164823,1.0469740408903694,-0.5010613586367473,2.078369782350115,1.3683139270952032,-0.16243483378429738,-0.551960060452279,0.04511315595107836,1.397194565492135,1.6506574811980155,-1.092351892474334,0.15715229189205532,1.6024581648684169,-0.5200819044337333,1.0820483899583824,0.019335747665548082,-1.03128259653616,0.32798546391872424,-1.074265809415953,-0.4032237775761516,2.151806088072786,-0.9506444781255018,1.3402442811272117,-1.2799994306368447,-1.1173449872649284,-0.06545248983187789,0.5696174247698862,-0.04863438991818934,-0.7376996719767707,0.23853259678790842,-1.403085596446236,1.649606993145983,1
-0.15802719676911375,-1.3082436950988954,0.7953392687977691,0.7208039494777816,0.7358117707111241,-0.24078006803587398,0.8386758152898864,-0.46588300507471825,1.510199905720787,0.3280692658201161,-0.5373520446063438,0.7121617233298984,-0.9603789221176603,-0.6402201066690816,-0.07883027912426686,1.4545800949348437,-1.204312913430913,-0.7348801419638776,0.3961829025949673,-0.5688763415441319,0.9336165447891001,0.03432103569432661,-0.9183016268817069,-0.6503280136992173,-0.9268072923273277,1.0266952920790198,0.7390006363911866,-1.062033355785476,0.9029098238446123,0.2827187433089728,-0.8251022508051338,-1.2207784680929525,0.7643624502855205,-0.45379040903892803,1.2721628320192409,0.05875833706726061,1.8287952974075092,2.6611744795141217,0.4999244140840387,-0.8725086931101217,1.3149541406867173,0
-1.0115764350984804,0.16064590188063602,-1.1096197051574723,-0.3125684612933404,2.390428757796082,-0.10228759421318721,0.24518272659134974,0.9041242268331273,2.4681362342138873,0.9272680344234688,-0.7583926627803077,0.2311819905704721,-1.1068046838193812,0.29504813870795193,0.47586899392444504,-0.2944483683222016,-0.16316876215561357,-1.1410182550827543,-0.41236421064318096,-0.583891931258998,-0.6422035226570457,-0.7772728513440127,0.03470157345820157,-0.5356771268325438,0.6277585940556484,1.189482604255854,1.344103796925427,-1.270092181528782,0.8205010410686266,-0.885924279418491,-0.12003285039145935,-0.9660624630231677,0.8279439246787325,-1.0769078274467925,0.15014005238376263,-1.0369719182672361,0.5931936284699287,-0.4930465481015709,1.0355504369763062,2.1529940426644583,0.12769536866611064,0
1.118399851400752,0.8753646487366447,1.0504286816509663,-0.6023823165586685,-0.12601426258696105,-1.7549969841108053,-0.10164965014816686,-0.22695682735494835,-1.0828277916851445,-1.0361371602651026,1.0645689179221016,-0.45697175485001,0.9628637403494517,1.4183491090873204,0.44503919112537027,-1.0318702248856144,0.7169296790773412,1.3168103720941267,0.7484939149561729,-0.9334905643718301,-0.590297668003479,0.7620707326975741,-0.9190846989202517,1.211169857407357,-0.2340754799137169,-1.0978828228224649,0.08311720130566902,-0.6487279109800146,0.06028269667784946,0.9406019557541195,0.1820280366376397,1.0735357987524154,-0.919380760560543,-0.2525045369812822,-0.5180534295663805,0.6365574716816866,0.36790565978341894,-0.10728871685482981,0.40714023804634136,-0.7916572993562555,0.9777223665210686,1
-0.523036959111533,-1.7632647983821645,1.2054404781742447,0.4580805471248708,0.47925403423250074,0.09162178756461285,0.10725053874384165,0.40396306642933677,-0.22705373679938873,-1.0417843561222258,-1.251745009569691,0.15228264966121255,0.8841473027592675,-0.5500269770111118,-1.5009809917971721,1.0950435413893838,0.8368053382264492,0.8418720737826305,1.029520899618109,1.003954091252027,0.2420458669432196,1.4337122146044838,-0.47299790017915716,-0.2799075746967986,-0.4252504630268249,1.3095015959303706,-1.763026533144396,0.7431917506749101,-0.19616043234776603,-0.3414599585370725,-1.952913528975956,-0.8682370045433643,-0.057109234566237475,-0.5106860033347741,0.7962592966740262,-0.07363736969936731,1.9226591224672014,-1.1410015576819987,1.65025470067913,-0.8373812162587708,-0.029720916673008965,0
-1.0298525153017055,-1.188148182773293,-1.1810169776690906,-1.4951590850065017,0.6732316250234484,0.9718612843030894,1.2878417512702194,1.2359684138672027,-0.6546529658890939,-0.4126774633670552,0.5342122046048612,-0.20616589901275928,-0.3800181370727314,-0.6998550946422902,0.630960766114791,-0.36440684951400065,1.078389563675735,1.1261901767194133,-0.551743447960074,-1.0757750113149411,-1.4845584837812587,-1.3592332641256277,1.2756359820022292,0.9301899077146506,0.8197077566369645,-0.7874169736052745,-1.473259261654526,0.0597470596106545,-0.8906873493235591,-2.309028226417915,-1.61441050100653,-0.1629226087185358,-1.2088415146873148,1.2919021701672324,-1.3638537430394755,-0.34111061970919665,0.8451629859850188,-0.41470193733875904,0.5351025653656444,1.4849730335433622,0.06805229215982254,0
-2.0529302831001184,-0.3005592077978898,-1.0719307095919683,-1.6014907745680989,1.395513747293434,-0.7930951198463834,0.9670783141576185,1.5755962840732485,0.6208579793488395,-0.5578555039692445,0.7502405835766693,-1.8060175390585367,-2.1555275574161246,-0.7799182272682419,0.49662785856556996,-1.883214336936944,0.010801860868966636,0.7534715095297605,-0.949468015954198,-0.6011583736877514,-0.5274627046225958,-0.32188224479406613,0.8579112812457124,-0.21216798198260134,1.3275621936030269,-1.4310297279829531,1.0196342670747527,-1.4189930984217434,-1.0326950455882793,-0.6241491867611307,-1.2638242853728292,0.9772688242234441,-0.9899069937222357,0.47607368722966714,-0.7674098886929027,0.12582484594015927,0.5094584437326395,-0.801679816360908,0.053937578622034285,0.9214740602924217,-0.8382922108123301,0
-0.3498842097116313,0.7731416740615776,0.14742086970209356,-1.061162028262055,0.43447608504399365,1.1021178706720463,-1.0940880076346509,0.5849037423339565,-0.1763433601234869,-1.4127989658417976,0.35827603804897623,-1.744114505959999,-1.4891978775816888,-0.15711500188829058,-2.399606057844573,-1.2728254439546502,-1.6310594017267457,0.9780137182859556,-1.379857307610979,1.3091910521806585,2.660440891414925,0.033021457172939445,-1.035367920204067,-0.19722144469070454,-0.6905284346299102,-2.321636647047539,0.45910280065824066,1.0255258336247768,-1.643917529472916,0.4178000557529443,0.4649356276517952,-1.1166621706028268,0.825702451559841,-2.021190507796778,0.2404386515509848,-2.3688511977986684,-0.10330156114485203,-0.17176113670548385,-1.346335047808907,-1.0914338547663234,0.5517995632258722,1
-1.6705940030488968,-1.0532322006056845,1.190909597190392,1.8512522375701297,-1.4524038352705853,-0.6404016945834716,1.7871283749605589,-0.490583610286724,2.093860786646664,0.09424920611390766,-1.4052586823021094,-0.7531033651928764,0.2679376288419567,-0.5250670682048559,-0.7118283095858918,0.8639824174943975,-1.0829429451777282,-1.1912092401116876,-0.6757434246924777,0.7170074413332638,1.311385381831629,-1.4183995562143559,-0.5695435581164224,-1.8954425089198752,-0.015427377220034611,0.412856777522699,-0.24180301995577388,-0.2409317573408741,0.9068929268892447,-0.15909854344473812,0.5887773739013732,-0.9614238645981393,-0.051407531112076854,0.31401841514082335,-1.1341352282917958,1.8124744500724992,-1.1831157450367908,0.6568364643868558,-1.3316954607580895,-1.9273955305613353,-0.18632593371158662,0
-0.16597961042751727,-0.3581511827716252,0.26972861006644094,0.8989033378618676,1.1541612662386658,0.8268575472195308,0.519848780368966,0.15338081964484762,0.9619179939914643,-0.033096485729965854,-0.5513330598678986,0.3946592570494568,0.13953514033753017,-1.1503392358304951,-0.5647208212966642,1.270316182664546,-1.0310789370610196,-0.2329870835504039,0.7260843436721647,-1.0314899108252422,0.6309420124672196,0.3658346141196172,-0.7942777904615349,-0.9830469784505472,-0.0210601400350456,0.11251145739771086,0.49843502140951734,-2.0334063604255013,0.9679470249563372,1.5503282629525232,-1.050237978356238,0.475980267206973,-0.2627903054143044,-0.038417633284618564,0.3254506447020705,-0.3069094110958168,-0.8318224572221438,0.9370333220638365,-1.2509881786922206,-0.935092418359064,-0.01560887555683171,0
-0.3280222402497552,1.2808905191383526,0.01809890953507209,1.0444874861688294,0.06083250064278605,-0.6776468929916694,0.22026418415925908,1.0468190480212367,-1.5249178220777186,0.34749734870382315,-0.3916527640416292,0.7798195265579053,1.477902082130417,-1.4409902309527562,-1.1676036398649263,0.5853935800605934,-1.3059198231325153,-0.7932927026861027,0.07739995805702009,1.8655084247500258,-0.6274675097217727,0.924178230714824,1.6126450151149796,-0.7392177989106059,-0.03253726234380543,0.9570804051890458,0.09832804044943555,-0.028056548246696015,1.0005066099633078,0.09526145885769531,0.045163168388436654,0.8145810615914603,0.10168751840215824,0.6862893259404105,-0.3866575719546155,-0.43690978764913907,2.077423559084706,0.6563737793055673,-1.5513064191114423,0.9659251707781398,-2.19984781221782,0
-0.5054201342217464,1.1535270782551321,-1.8475095885114898,0.0691255146767021,0.1368422098251727,1.311101873806333,1.9544972244872294,0.7227865381562883,-0.2091750891606499,-1.071158525599093,1.314362603123039,-0.12200699340305618,-0.4877998636993105,-1.3745854397310773,0.42928075141000976,1.4815945277213178,-0.1474040712147854,0.5112550659801615,0.5113215215661228,-0.2437068783867425,1.5703652341571437,-0.62961344723848,0.5255554036289023,-0.5511798193052521,0.2746245786052507,-1.1239628131123243,-1.0908852261278916,0.9383736945946909,-0.981695179775046,-0.08255185360002648,0.7632844401558803,1.1283486310773747,-1.525306128334098,0.7769192979548595,-1.1712527617482908,-0.3773455059424199,0.7939532135761935,0.18235579751116962,0.6447532823016702,0.5265891303315196,-0.33404684223872305,1
1.7477515140472226,0.6774250309703351,0.6736229419575984,-0.476149002326578,0.19672775757292424,0.5091332081755134,-1.120309379382395,-1.4194306928993536,-1.4709511346332564,-0.6931868361459259,0.7698445197498264,-0.5489715234696202,-1.7427595903032056,0.8083382010377163,-1.1973517429158185,-0.773065120411218,-1.6414730029300328,1.248242589642582,0.5824462223366582,0.2991020715274718,1.820010999762298,1.7389586686345815,-0.9126680643931103,1.4356037585532215,-1.4769819199977843,-1.1963943360727165,2.2540867137991785,0.9735897900344522,-1.2910110577995433,1.2020561024902015,-0.4614839355820584,-0.7424613341794497,1.5317837673848052,-1.6479923046346712,2.3080520306490633,-0.9620237081642105,-0.7906526930735286,-0.25643449002357,-0.4021568506567899,-1.3697323118752194,-0.20113459875076806,1
0.4359785001660942,-1.1453431457849728,0.6254971406031175,0.0893630166790597,0.38657482113036995,-0.2193387970237554,-1.1577215698037802,0.34899179513892675,0.38466866144141587,-0.4628039472871661,-0.24847906266495426,-0.06555547251674959,0.4828103219627735,0.30722908513235414,-0.8590142403323164,0.7988478909448469,1.3426651439308315,1.4272276336015826,0.7833594631041357,1.1086874337404837,-0.6563039440658889,1.164316027664737,-0.6614399048896988,0.9697323911261996,-0.038902623374044695,1.2902228586350624,-1.8442908601381223,1.0338200230193553,-0.11665383064063836,-0.07272578667258695,-1.0730045560543924,-0.4779019520578211,0.3415241658779499,0.21206497180042025,1.6696697961792248,0.14279627995262206,0.9660338871077337,0.5692747441820695,1.5240768457310145,-0.630662890241268,0.07293100771619833,0
-0.4098544286576434,1.5083900944424375,-0.9989916799320869,0.11125734686696932,-0.6392871121785682,0.050618466997855424,2.0028880069344486,0.49205182520792523,-0.8383319500285489,-0.3945220746616225,1.6529662138225685,0.3729651078948896,-1.797638493922367,-1.1788282053247188,2.4473717492091827,0.052879870415774084,0.6999008151223975,-0.20271949466837438,-0.3908086237815657,-0.08475004606043468,1.2720369668844729,0.40750379933083364,0.4887752724872246,0.3669559461608438,1.0467278289032826,-1.0599411380818224,-0.12199629109175723,0.35622131143727503,-0.4559793099909496,-0.47587404850242043,0.6421204467989082,0.38418182481160335,-1.1970435814364218,1.7819449367427869,-0.5988767572101882,0.6153575620162559,1.345538683004948,-0.3094016099110756,-0.17489806026812676,0.08374049490852542,1.8194066988874544,1
-1.440589388092178,-1.0105023745466353,-0.6816806551416684,-1.3674500190170917,0.5051031301288382,0.056877645193482394,1.4295659453595257,1.4927667593009233,-1.3691852463805199,0.11961049797562931,1.13623398312427,-1.516672272619904,-0.928648270114101,-0.4238895146778717,0.6795042813453019,-0.9441193476978136,0.2866350245921648,0.9235200024475456,-1.0430889150297513,-0.5478419033527137,-0.2571536485281801,-1.0000319405694942,0.8738569557174704,0.1954616697802307,1.2631196708872654,-1.200003295633647,-0.5190974927439127,-0.38941950562871713,-1.615641433016171,-0.8560590246474399,-1.5505209830242923,0.607309634366343,-1.254641374886104,0.5927711806624171,-0.8749809807589704,0.06359381174923351,-0.8929980041699732,-0.7644476054322151,0.07207282780216066,0.49828485128051947,0.5199304814717327,0
-1.3473021531383957,-1.0431468097824912,-0.6247426950933815,-1.376265259408325,0.8152068863965511,1.3574178495202665,0.45729464123097074,1.4733897583981335,-1.8182132629899754,-1.1316951460865847,0.4876050143103549,-1.228794664454294,-0.11854621560224232,-0.8168233516569364,-0.05727555118510601,-0.08802956979887462,1.0586600178779255,1.374526961845824,-0.20625879936327257,-0.7118336970049979,-0.9329902580444344,-1.2239896772601573,0.7859998145282271,0.46404984089442175,1.001732650570869,-0.9511731092669772,-1.743975602280187,-0.8787862027625792,-1.116868503001886,-0.6568339586664037,-0.9081538970699152,0.7254865999903837,-1.570765569974046,0.9349659533015175,-0.7777584244646981,0.2917124144395431,-1.1786243780568062,0.5001880531904027,-0.08681849803487937,0.6344006711595028,0.528203410669561,0
-0.2561347280925796,-0.9093935560221194,-0.4015179200481305,-0.6132189491062637,1.4212164240497893,0.04185924459596168,-0.747647097347738,0.0960031368844715,-0.44517008104494926,1.2322729860963375,-0.710064196038963,0.17097742620294648,-0.9019098307760579,-0.3664602083762197,0.620773092734821,-0.46998978568471317,0.16015570392395492,-1.3649105869432703,-0.833401290447452,-0.9573184026252256,-0.6674633138469099,-0.6193958089387488,-0.9544591089023939,0.7331948256637545,0.008141756197644677,0.06489900696599753,1.4469959837287252,-1.384466439257224,0.6096935108576365,-0.6459779826931327,-0.5429243258266838,-0.27344827233985247,1.3187300158104434,-0.9690170043297924,0.12499701950825629,-1.0354034709941673,1.6407500523974987,-0.048335798308202935,0.3869498439808646,0.7980374718388826,-0.13980020296752957,0
0.07323976367497943,0.3643698172193929,0.29878557907248543,-0.5093549815343505,0.6925003661115974,0.9507609245996425,-0.8445748543768226,-0.14873798299489172,-3.4381714688839993,-1.1761840912168682,-0.04902089133080974,-0.43843404057504615,-0.6602601214094025,-0.04358987950378699,-1.781852168309477,-0.3266569395075853,-1.2667335348538653,0.9129012624751891,-0.43571983531006836,0.5854192644637617,1.9852814896396611,0.9214467568533249,-1.0874695295576515,0.29722357583284703,-0.8667253765077142,-1.0497582345276222,0.28856829297589337,0.6889048091867827,-1.2655957708832182,0.5028678252768375,-0.78758159804185,-1.140210302002516,1.0794505646015953,-1.0000409221085977,0.5732689381100148,-2.131360548013251,0.7712137961474566,2.0698587354108224,-0.12102766997814561,-1.1952229253779714,-0.07273588840940404,1
-1.1042483142024662,-0.7515918584422685,-1.5899744076007414,0.3013107201095124,2.0089613446988484,0.815235808475965,-0.47149933193904603,0.815944585275061,0.2339743224146646,1.7866133162271463,-1.0096418076985423,-0.03363116363403552,-1.294639461513549,1.2486586107869304,0.8948862007146479,0.06702104808199719,0.536968250487143,-1.3655152986589913,-0.49466723252430067,-0.9670820110233306,-0.05729939319655916,-0.4089526311160756,-1.8516873735194184,-1.000347557891472,1.035240672161841,1.7617985274748609,0.7728709682846852,-0.5662424517013132,0.44354799909782444,0.181920726573978,-0.4900614507749239,-0.6743594999391608,1.5955407450739412,-0.5574212614178257,0.03169674306279779,-0.6089248834310733,-0.4046725770734572,0.5063453217224639,0.33744995622715823,0.5970704240560597,0.23233559336888715,1
1.853552358359041,-0.2726199817462886,0.3607377255823427,0.27210963988980924,0.19057336712635284,1.3961625066910248,-1.4890411845649982,-0.24636121428582544,-0.5732644707546736,-0.16754056236441045,-0.6644113713656521,1.0898139159878049,0.5896545454077444,-0.2517881413983086,-0.9197494140643421,0.5199689173477633,0.6268632974203984,0.6980345525640133,1.4761678536075697,-0.05831159411836554,-1.7473819653299483,0.9217164490598222,-0.012680136933316979,1.3773728563990901,-1.1919749280757859,0.5389780186428436,-0.7894488789873897,0.41039172408912766,1.8690023345970301,-0.4980340004377412,-0.3493309771592542,-0.4038258941624087,0.7677944083286843,0.3123675551346021,0.9785554832644501,0.25434538386872657,1.3854178501252365,-1.7975728653120275,0.4113856566323134,-0.05857960330121815,-0.3960897700849541,0
-0.17929619976333347,0.28017814961825105,-0.6986421750026932,-0.2711153423047159,1.5550049928899936,-0.15482174746337954,-1.027879521215722,-0.24546174042155222,-1.0056596833290998,1.004103229376014,-1.0369185333212716,0.8007306699567774,-0.21104520824280928,1.2861823215741408,0.2559680288047335,-1.1955459899547156,0.13973609308842197,-0.5321295638763296,-0.42900132284031073,-0.6007984984787607,-0.4792314034722157,0.13070066564905916,-0.5425771572473308,-0.5774783626617533,0.6620275326084312,1.1952379705215006,0.9254118361580036,-0.837599811494048,0.563444324363612,0.030725811427356673,-0.22742672972436168,-0.7148617219411842,1.6782719877103305,-0.619884324172439,0.22249328054769063,-1.7169242414399426,0.3158155844665779,0.31894512449662454,-0.03632036862271001,0.8936412932727064,0.21888214417946106,0
-1.7386678890315845,1.1611139747479073,-0.5683730091875829,0.15073708639018066,-0.7073663496792431,-0.6251507340719565,-0.5952206652343628,1.475812826776086,-1.2515701665788932,0.6709830449468867,-0.020870820463509694,-1.9309959021903296,1.201867351771212,-1.519631191272698,-1.045643909207092,-0.5061032167223289,0.5370373226179533,-1.9364441021715928,-2.9378485318513263,2.9331696514326735,1.0373699610809979,-2.8553590263074478,-0.8291114922202548,-0.5964857449264637,0.5225780040891326,-1.5369278270401618,-1.564838454457777,0.7074047341315419,0.29536249595185626,-0.8359655782623302,3.1395380947869533,1.1197239694707473,-0.34777493557546724,-1.4423680378232682,-2.1827106887342484,-1.4831628367485086,0.44178771369295705,0.10749872204285968,-0.41850129239174555,0.9894476006755887,-0.19793202959511727,1
-0.1680753408544724,0.5424951923008399,-0.003709552327066375,-1.2558017848192315,-0.37144768776542175,-1.8258389288744536,-0.46482965296723294,1.922208743829834,-1.1021201233731353,0.83812813443477,1.7355442006915869,-0.2785145672730367,0.5610276042092844,-0.5361057679986384,-0.12167727357162424,-0.9512690821002903,-0.19907847075989904,-0.0716687295900351,-1.782051469840319,1.7474396316672038,-0.9232638246409203,-0.9654247211194317,0.7529625378607455,0.4644748510516411,0.3706824809466428,-0.9109290685384797,-0.9623831658743106,0.3880688962406226,0.14023752159914366,-0.5337637667529705,1.213103477388846,1.059600584478084,-0.6571004171660825,-0.24379921380501435,-0.4813838839454892,-0.8421837510400834,1.2228851826603582,1.4637567161049299,0.7316436348529729,1.819354998037886,1.1311428080117414,1
0.4993103713510732,0.8555758650128654,-0.22412491229983444,-0.6886904193511966,-1.056872084129516,0.5420847077991499,1.038154719557784,-0.2441107030749696,0.49381735300948537,-1.4049077247409274,1.3252298263054014,0.38640944978467995,0.34906038096431075,-1.1057612765633034,0.7257298885653131,1.156794416343462,0.0705621163576961,0.034831808708899875,0.9175397721739693,-0.24656050768936338,0.9364685718169777,-0.3873301689047773,1.1163892010046397,0.9177748932989522,-0.952558154905633,-1.1183632087171569,-0.7263262743698291,1.1065360726531523,-1.2314491866107575,-0.3896522856602682,1.2481403473120878,1.154838172381143,-1.5831304019415535,0.23279382610423222,-0.5501551971906912,0.2789896523958553,0.32150955357697725,-0.8784301236180234,-1.4343925958344503,0.8797820798280637,0.04047219698649174,1
-0.06699643209099082,-0.29508383931197696,0.6302389324646559,0.8784584982925786,0.9437959098103456,0.5148876349186814,0.0073093438689536185,0.36998887877000086,-0.184827931873482,-0.6633398510143852,-1.7070152143105448,0.07911105176267315,0.898648613450233,-0.3066362900216281,-1.4307932436265371,1.0484554573209546,1.3790511318182233,0.31660622554234064,1.3474370195236647,1.013648791558206,-0.507742194297978,1.0880689495853122,-0.23442987428822065,0.28310869263249594,-0.5913609131156858,1.6274149290504532,-1.4393845246817671,0.8873275703937591,1.2839174574598966,-1.4301902966215054,-1.3504362328239383,-1.2080394793705642,0.7055983858751904,-0.4708763620936419,0.48801895958978964,-0.19175813515062928,1.2443684222485276,0.36604889883357467,-0.22224954975532518,-0.6034762717673455,-0.9502386266758971,0
-0.2310964555046955,-0.46711215449331234,-0.6218090242025899,-0.07117904595222899,-0.40711116862548086,-0.3296865691437643,-1.4717980545584588,-0.3378259288354724,0.8000961641897218,0.44784023455381505,-0.911902979145822,-1.0262079117263834,0.19970364333373036,2.2781260150080684,-0.74753098071995,-1.7577499748988763,0.25654841621290736,0.3483865752358526,-1.3439345182019642,0.9021371709543935,-1.9752779546092831,-1.210334810292896,0.9207523879691376,-0.9181689438856148,1.1167487731121388,0.22730022772444022,0.314077613642293,1.1159522252651493,-0.849651905253735,-0.7040136103987973,1.2729396336902998,-1.349425072965286,0.7044896274817285,0.009142854781845799,-0.6782228111976075,0.5994773129428652,-0.9059271857803414,0.8032325767678724,-2.3656968710347477,1.7173904761062961,-1.7674658130064034,1
-1.3308357589632815,0.5649258410447842,0.9256307359461992,-0.5208189933846681,2.034531954725139,-0.008722952512036699,-0.371585372561114,0.567789147795334,-0.4392900537483068,-1.7316875579818405,-0.5300555015457854,-2.9343354279616918,-1.5328412144067145,0.5302380725376838,-1.9494621068663405,-1.728666553133024,-1.4698202708562649,0.9058440449473358,-0.7239961759846522,1.6126794841779066,1.187031428542154,0.3720484793896658,-0.8525970289145126,1.1378836177559633,0.2521882212617595,-0.6075308430484795,1.5439525515755015,-0.7934721260162421,-1.1868933275505933,0.212999430388501,-0.16942102053484287,-1.7259500284910234,0.8400324030488063,-1.6033272757249968,1.1062340179199606,-0.5059231154498304,0.9763229820922668,0.09505741536783256,0.14793494787586214,-0.4568141420036085,-0.42427349113429724,1
-0.701390750481386,0.3647035866030321,-0.09276385022135093,-1.5957980462302417,0.3409241265222627,-0.38544970206440854,0.8749725729008485,1.4481035549214336,-0.4129846404170752,-0.50041741838921,1.5049888310674406,-0.6381901922604611,-0.18315378477959363,-0.35363895365690184,0.8941351062055526,-0.8913498914258278,-0.33566239545019666,0.5562605656893543,-0.26119615976482236,-1.003330236358311,-0.2808400695959881,-0.26278056541534667,1.4020897363532798,0.2901951372286286,0.8679238229239763,-1.2353282976723123,0.2289458750262253,-1.2091329578115437,-1.415007293024405,0.34495423115186175,-0.725171405962547,1.3784519634499512,-1.5926023834286265,0.46331557265857193,-0.3944567626714618,0.02984034197984045,0.09623451217040156,0.11324442963920764,-2.102494164863866,0.6502220998313926,0.9129538978477095,0
-0.12094923559184018,-0.9659926405870843,1.0548751657564155,1.5441630965870574,-0.45703525027478115,0.33492644203256366,0.8616496768222592,-1.3094606335175527,-1.3683841290471,0.9975399051261632,-1.1226875339570799,-0.18713294703363412,0.6914250480961032,-0.4504027142920397,-0.07821796856249855,0.7720161330544157,-0.48305058040929466,-0.8943205886093554,0.07746035387276684,-0.6397565515117682,0.7425120661250966,-0.23180062324936987,-0.7674674012283862,-1.3034893938805416,0.4182727746995914,0.1262846638443406,0.735030002210554,-1.6959558004611885,0.5331624220248298,1.358616694443271,-0.3793039149597356,0.1659264269654885,-0.14697434976019036,-0.5867177366971242,0.02533345198466573,0.827325438475613,0.5410757058971971,0.39987285934055977,1.8680909314099505,-1.6462809891585093,0.21150969424617277,0
-0.15422470317874404,-0.27241022413125227,0.9683099493728581,0.9858174051601846,-0.09141916343943425,-0.3528899408407436,0.26612154132250826,-0.9069497338198279,-0.47908995379104546,-0.13624688568747415,-0.8659911594410551,0.23754984600844464,-0.1954150858366756,-0.32739195636965135,-0.3314631031801846,1.3676777445756418,-0.94070504938992,-0.9784917016244075,0.7334104033151297,-0.21086849802295254,1.1054649480501315,0.056240904740510855,-0.31540641272329417,-1.0744859726998222,-0.8841143650619184,0.9274487932979855,0.8584211819071118,-1.0879336417143095,0.67183710545155,0.7701202460548613,0.09950408047125724,-0.4629841878794244,0.35693807484186035,-0.7306866500769209,1.2639692298460734,0.39391301224545294,-0.3660042293516556,-0.2899175383806722,0.1545602914351836,-1.4361637001118885,0.1655636662875535,0
-0.4321896139783169,-2.0542969271882403,-0.21911630135099433,-0.32541242167251877,-0.4614474522673404,0.3138039572836381,-0.37428003592567655,-0.9376356737334648,2.0163934685532006,0.6459040631436982,-0.05492677080957333,-0.9759402161884471,-0.9478609313262384,1.4744326461025976,-0.11022153021950043,-0.5441699930807556,-0.8863108160124511,0.8108225140954146,-1.196596831105873,0.12793641228557662,-0.25242559897828765,-0.7381772544518023,0.7382161996821951,-0.40471873992605883,0.8705020272546314,0.25579037638817426,0.630869546154017,0.8446882688745115,-2.371441731808706,-0.094781540307269,-0.8221957338444531,-1.3945133179888651,0.5087269310806807,0.6161432114211405,0.551255598842797,0.5246134042916625,0.0768565311072962,1.0256781915107245,2.001835621282413,0.09331432579696732,-1.39808591319184,1
-1.0447464121482233,-1.4008883865400168,0.5419193198194016,1.2180951140208722,-0.16642057891073564,-0.2252818422504401,0.855896416049845,0.1224808337295864,-0.26576076847305197,1.910703621281224,-1.1595599944328303,-0.8197046745846208,-0.11647245632817868,-0.43203820657226866,0.08906418139194058,0.7745887715485439,-0.5245970941367267,-1.8868660078762414,-0.9967906291210269,-0.44848159829642514,0.4246434000021749,-1.3944481722518582,-0.5973485274550274,-1.4545509066730151,0.3765587361206106,0.31977721673672066,1.0525056611951813,-1.4017173253262756,0.7933808791683098,0.0012263101808259414,-0.48239361109963663,-0.4935583076161514,0.5733931374813532,-0.8304546082676354,-0.3348808474123862,0.6192547733124475,0.6675997827789617,0.3779429136526663,-0.9287714324181249,-1.2832833799443502,-0.2895700201905822,0
2.502531685908612,-0.7403570065766275,1.1900867102608044,0.16275834482774654,-0.7345328029063454,0.293105081358105,-2.2295685652741892,0.22179377677627166,0.7810527864498547,-0.1468944023341445,0.09332627512508378,0.4319319416805862,1.5876297135299393,0.5546486491940048,-1.823163677990681,0.7908939578714587,0.37270686894805855,1.3906153136628547,1.2215794495130394,1.0249970515253142,-1.4841298404635364,0.8433089078425756,-0.42850636125220665,1.2565505654896727,-1.6722323232547274,0.19479902758682022,-1.6498671504912712,1.45393267809771,1.0229420897418975,0.48259210016068727,0.29528095741072574,-0.18544713240537056,0.35569907314549404,-1.0369179059048415,1.5400061660675037,0.48423528374999225,-0.43302695052390877,-0.38221576915852823,1.7228514071915584,-0.40572996883518203,0.449927855184002,0
-0.7612994404103891,1.1134426659954628,-2.573716672508615,-0.22661750586244653,0.48189329544656795,0.6420514385053623,0.7720248948589005,-0.5022054411347223,1.2164996133655444,-0.3866262637557322,1.2105309265889206,-1.0240593371605788,-1.2471896059955228,0.6979103670529316,2.334352829496137,1.2396781860065327,0.40755673978150464,0.7475026918170463,0.24533332658987977,-1.0640793359943082,0.681636970014343,-2.1434211773137717,0.3240918902252466,0.44899784101353596,0.9248297805119975,0.45345782347073643,-0.8791637178697574,-0.045923367569885166,-1.2910054138795644,-0.06126644977473695,0.7428894576682425,0.8941711602700557,-0.9892124041004237,1.9527350624021187,-0.07147612082280042,0.19252590068824557,-1.0091769448948138,-1.4459226912069842,-0.32077487501553603,-0.3607305393609683,-0.7825974034686085,1
-0.14190884906865273,1.0021565796152265,-0.20881239999714968,2.2680511175467255,0.40042344492948573,1.2074725716076116,0.8213330417179463,-0.20909680756599655,0.58359001853711,1.2203732356138068,-0.7908534459455169,0.9491834562921282,1.3335158391012965,-1.1037350400989532,-0.7344203590198254,0.956293527223324,-1.386389802099115,-0.8487927119065786,0.3253418795263159,1.894906779316138,0.5112310000661162,1.6236605239008695,0.6544854002487415,-1.1897824298165505,1.0361866178077488,1.7435871712832387,0.5438655142596299,-0.04970315217713914,0.22213274016940363,1.75340324296645,0.03280101544016644,0.5007536586033358,0.4534900122587717,0.7352383218482947,0.12679851231413156,0.2202984876561025,-0.1350040892399456,1.4604959257278174,0.8641625404740558,0.8840926167336578,-1.8963815131305646,0
-1.139529603287341,-0.7484428921165283,0.9512607618049184,1.5795918608198716,0.4277793238475755,-1.0557383629351476,1.150789504423706,-0.6690256954066112,-1.0667022341974306,0.48541643632972165,-1.0253456083667802,-1.648783816178841,0.3346999613571493,0.5488180679943317,-0.18542610328713466,0.6478274888655223,-0.9828019742480492,-0.7966293852540085,0.17686070465824222,0.31370833951377775,0.3864409427441694,-0.6546291589538157,-1.1393821403479134,-1.0972578247272884,0.42855097505881984,1.1823116874293027,1.0698910623917854,-1.2367020110034972,0.37315615102752125,1.1644907883801872,0.16534608361982664,0.1709769980083865,0.07434138220093364,-0.4826336599404056,-0.11975693463541473,2.5681761231348257,-2.6843790079997802,0.16929651153533035,0.044974952902879395,-1.1810520080172195,-1.138062204298492,0
-0.21723321714083124,-0.08203462287604378,1.2486409589260783,0.8221457015571357,-0.3966037970397335,0.835035940820185,-0.5614897691118562,-0.9248753464684613,1.3328510074385727,-1.2847378070231323,-2.3706826618036776,0.35601271911683396,0.8942629445609447,0.23632127977087203,-1.1291558900618008,-0.2862468145275193,1.5396567630081868,-0.1558921614065129,1.0091932050129484,0.5297820726469652,0.06233058798600158,1.1795454006635167,-0.1508139879607701,-0.49230386009167326,-0.189096858575386,0.9864319420234876,-0.8385322099363329,0.3893138911794896,0.8896488627023641,-0.813855741109828,-0.2544261696698225,-1.35844422934827,0.49327364945914554,-0.1240460671008354,-0.026712050235046084,0.22861121520676064,0.14281634127885967,0.20778794409605353,1.1725917506966332,-1.2379516139118154,-0.18033127467114718,0
-0.8584499435496263,-1.2167483931245537,-0.4578627866614609,1.0185411747541704,-0.028470575791117083,0.7508144289874196,1.7920606125229863,0.08193355204218994,0.573755691422089,0.9354588004237809,-0.2924587184104236,0.5024031857468931,-1.3367781445844642,-1.2551827710408687,-0.5771352393016719,1.6274247434274092,-2.562234314841163,-1.3113387346026175,-0.5896864155712349,-1.6974288771686552,2.1183330098304873,-1.4474559267381957,-1.0383583329035966,-2.128271363832982,-1.2615294729554616,-0.6928258697371789,1.3342543431753893,-0.7287816509655809,0.709847694037482,0.5431007811365935,-0.729826402583261,-0.4253984820752206,0.5741812728276544,-0.12458552918864296,-1.1239601333544533,-0.8215677010819504,-0.47821990426899746,0.9595797830875125,-0.013062679021940355,-1.600678253677563,-0.3260664484018609,0
-0.1741131603963382,0.6543671943316829,0.1688755723728859,-0.40374365822337205,0.8998596935962513,1.5052178630142505,-0.8972020864106476,0.48831171252922384,1.9127320187433612,-1.4634323187774743,-0.14359748847272422,-1.1696920038798546,-0.7316145287218392,0.7472681644169823,-1.7024910763941543,-0.2850606682469852,-1.3714665602226284,0.6541863960026228,0.30794089107403105,0.7854199246824847,1.2677966316203724,0.7515322065281621,-0.5023663002688773,0.7643946563733861,-0.7956947818607413,-0.18310096695032307,0.47697678525791015,1.313697652559765,-1.287188727635385,0.29253804229653413,-0.27892157383913124,-1.0330031527789099,0.7418761812457731,-0.5959474304017264,0.6504682453077347,-0.7141676126022211,-1.30662061476936,1.6206730110883762,1.7785788039992574,-0.6945651020290601,-1.016437856282123,1
-0.259148677337251,0.4645633288700064,-1.1366083403894391,-0.5143279859746696,-1.085586706642622,-0.35133977066098304,1.4762026785934352,0.01930813609326937,0.10812294726428412,-0.09389604086077477,1.2902393657187399,0.44907522114546294,-1.2528778083447307,-2.0229115754443696,2.1534808229402853,0.7072116690198368,1.5844906588200027,-0.6317177962317507,-0.4982537585733429,-0.07232999786694512,0.957185553886638,-0.1893090185882995,0.9327690258000058,0.537324954965577,0.307773119072987,-1.3209910636366744,-0.4427645856922495,0.6235231545482407,-0.7222294910593527,-1.5487408475315787,0.5045556019714382,0.9074716784410937,-1.1138777608983739,0.8154578492883117,-0.5564124841502122,-0.5040562882077819,-0.14429691354568835,-0.1183213538782076,-0.04510081908782103,0.5718390473708993,0.32346707990159307,1
0.8657919500774353,0.5140516761606538,1.115781806244729,-1.2609922724182658,-0.18147861142739946,-2.0035979928424688,-1.7965963697873821,1.5018472933197111,0.3527171956370907,1.2969040206661993,1.122607419067613,0.04768541851233109,1.4574058278755815,0.9598158853683625,0.05713225107869845,-0.19600584695711287,-0.2400137984636105,-1.1201886428754995,-0.9544446894996671,0.6453123341068414,-1.3580073525354581,-0.8410413278222992,-0.17289059696367337,1.641108127308996,-1.2205538114030543,0.26779564887825563,-0.28527768543605964,-0.5601145750268294,0.8774654919503859,-0.02591593576022464,0.5888975749260557,0.5642218854699592,0.29023675164819085,-1.4650268995703413,0.8892635222167862,-1.0667887562766636,-1.308506560707676,1.0066654202681422,-0.6665603011034514,0.04331230285874181,2.062630825020376,1
2.4385724627342356,1.404184079565676,-1.160306622474067,-1.2170796756165028,-3.1644649169087566,1.865873784279658,-0.3706569474651575,-1.5401387315111827,-0.4455917554751893,-1.1254161975356287,2.002207432231248,1.422515187734862,-0.34405308534982576,-1.2093689715414928,2.130493140570352,0.4399357000417422,1.483443776193825,1.1401504183147229,1.2196629071063512,-1.248735684909431,-0.45986993750242183,-0.8600068649348233,2.4449465708424607,1.7250616798658698,-0.5130193493127078,-2.1446929186936847,-1.1836780499855721,1.1179716658650607,-0.43203096482415426,-0.797930962650081,2.303628480871722,1.7030744966673619,-1.8631899820123203,1.840602484067712,0.016795899215353235,1.0068993243818338,1.4901741527905499,-1.536207491444922,-0.2377732909723621,0.9883248253545269,0.8768769704150524,1
0.910454995394555,1.9594136799385768,0.29929991489761304,0.6116867551228624,-0.34201739598404934,0.8733664305893035,-0.6359216971028624,-1.1335035379533034,0.36561322487362125,0.18352428383023697,0.7303550567735435,-0.573462761766953,-0.5219192940703038,0.40224012288532823,-0.3012283446313921,-0.7000151384596569,-0.6988131635017392,0.40320505597173006,-0.9056614006672726,1.4175369407215272,1.939726990654853,0.53552309140927,-0.7913545352875032,0.7655785706513758,0.7174257230929075,-0.856622959742608,0.48377036627049175,0.14105329413571707,-0.7649270080940207,1.3202053415223638,1.1017196624902361,-0.7299571913310042,0.6718545679891647,-0.0861836916384732,1.369949081982327,-1.1969317478016501,-0.7029763699647873,-2.212426492027553,-1.5242829682297518,-1.1500892167495358,1.6842542510822736,1
1.7590980838163603,1.6160518875560956,1.6516000772245927,0.4497243722839432,-0.8753670875018611,-1.1625239679818211,0.29673845292725815,-0.5546085684937762,-2.6644770465103225,-0.9621185853444851,0.655188382058687,-0.294807927883727,1.6759886691272858,-0.057850667090114,-0.7797940099411911,0.5536375650337985,-0.08922832616040696,0.5675486471472018,1.0717466800535438,-0.0009933130515360831,0.3762071787223917,1.188707186319925,0.4733373025122087,1.0786535818203877,-1.2468633477867523,-1.2616579171217739,0.3964992982675224,-0.7515369873052882,0.1945383331328417,0.6721169595559096,-0.2715952171802674,0.2832251822126729,-0.8045813252233438,-1.0136310285603372,0.5129767269566355,-0.15222553248958268,-2.045598842673127,0.8650126272525597,-1.9963340443339195,-1.5481341032212723,-0.009654859851701876,1
-0.3662885197751391,-0.6099610700029303,-0.03492494001423201,-0.46483151362494346,1.8819540141978575,-0.3024843077603781,-0.8554874632863324,-0.18260942441548544,-0.519750994823529,0.507295683454037,-1.426108711413695,0.026373586871105262,-0.8492610998994097,0.7557151878462517,-0.008280969977716,-1.0702069940968095,1.0103748672093378,-0.006614664592937423,-0.31784386328604153,-0.4833595118111592,-1.2963798403749427,-0.6682844277116581,-0.8361307868791886,0.6057605563348,0.36688245655213225,1.0364483590511113,0.21299854874403484,-1.2562941260639897,1.46250830209292,-1.3510784053680243,-0.6618181969438061,-1.390116610021522,1.7052092710344415,-0.6358391081337286,0.66163954868534,-1.125012865309932,-0.8921414485349359,-1.149911330385286,-0.6604230594676168,0.2727211963126232,0.8118675994686854,0
-1.3129387083007935,-0.5803897165122188,1.095666410180371,-0.4265314744063834,0.7438993046417254,0.27732461910618633,-0.12239002062204121,-0.18676776143906013,-1.6598146887951213,-1.1164874637245659,-0.6331869704321582,-1.8108843192731514,-0.47327602745828057,0.03557353681966066,-1.636120526892199,-0.5593562888011753,-1.469634310853468,0.44149421029355124,-0.2253922000224551,1.204295762830408,2.0149568997524794,0.9075492408777018,-0.992275550910483,0.9273422186895276,-0.804760704530594,0.08331732866297722,0.4770792406573375,0.6266974613316862,-1.9886531632048188,0.2522601861673506,-2.0463614803848342,-0.5679714842287488,1.1383418553715616,-1.1338070462391268,0.9370834874576851,-1.2268609159256074,-1.4732637812057294,-0.8685069391860915,-1.7087746711794323,-1.867562409694482,-0.9629076321332954,1
0.6535850768837376,0.06505070905017811,0.6296498854358589,0.17804615146942668,-1.0324930510673427,-1.2036410851907564,-1.1570450488032586,0.8750621670294025,-1.855178718259025,1.4916024236079028,0.5574330550028973,0.18239609142885846,0.8893677317509622,-1.5962805748657163,-0.22844724019777013,-0.22243661210048538,0.5857640108825969,-1.3334235758390462,-1.8101649674033697,1.556660118959975,-0.24294258881671774,-0.2484954590801126,-0.6764859568799733,0.3981676214826382,0.08327126915959905,-1.355205683130117,-0.2816628818639129,-0.6759196160881983,1.200045876356262,0.2542606744392515,1.3793070266040155,0.8993945272167357,0.09417816109699066,-0.9440337589188796,-0.23249585676971848,-0.7879524239564156,-0.07217449095042229,-0.9687715382167931,1.1390740181026113,0.4502042165157224,1.03840561965231,1
0.5468932500748019,-0.9829247427060176,0.7338483054550388,0.40649691295383233,-0.05792281416914472,0.03227835320658764,-1.3604805881597852,-0.28354845248163546,0.3982519309004937,-0.13234953467081628,-0.8178341879254352,0.15176576761982535,1.32354140009663,0.4050723190127886,-1.010936963347246,1.356153859895578,1.2889587240466254,0.4156141928880911,0.8480179812605722,1.109540340219441,-0.10178882223803198,0.6429245715502958,-0.80414746595397,0.4227609337061742,-0.6964770208147888,1.625965092576655,-1.9569610913053992,1.275689067813268,-0.04247399698382365,0.012068394403991099,-0.3339141444132001,-0.2867094441900737,0.6114863411659441,-0.666383462872178,1.354057449552711,-0.5251799403854202,0.5200025957300063,-1.2967678698551093,-0.8072006073068697,-0.8201289206248695,-0.22875666858872792,0
-0.11543000200596933,-0.2166065545133409,-0.1505467209652528,1.0790278735281915,0.5430238565743676,1.311952603550167,1.0075510376338497,-0.7621654050817946,1.3750403186614224,0.8510807905637859,-0.1731845894594289,0.15275487650471883,-0.6066151645425698,-0.14876319340627928,0.004922342958209641,1.5993146131045364,-1.7376532644232578,-0.9188818351605698,0.1713132820256106,-1.0941943393236464,1.8202475164014955,-0.588897920525037,-1.0591012386033958,-1.080454255179316,-0.3346086753424546,0.4099405581212593,1.1594154609762664,-0.806563445961092,-0.19280043283022577,1.2831979583930229,-0.4609323110962577,-0.4331494124165001,0.493079094189499,-0.33461367440249146,0.3961779829419993,-0.5689417477787712,-0.1374322638652731,-0.34258944917742923,-2.3469594805237213,-1.3322347271165658,0.12839023214212864,0
-0.20288842263193682,1.4977434589651788,-0.904636581904715,0.3241687566681502,0.08076881174788796,-1.3570964767815556,-1.0078550247599916,1.667232625427541,-0.4950413524688474,1.0725881448153607,0.4552180296058313,-0.37048754680106694,1.1629939673837575,-0.21883138591450496,-0.5719555001195362,-0.8874369347664054,1.008863826204462,-0.8676884654185968,-1.533128169743495,1.3542484596935174,0.09651142138052232,-0.16741746417042996,-2.3393070041446764,-0.41182903446495833,0.3071365492264195,-0.9266577255513916,-1.2519117993391333,1.0086448760098856,1.925923881262282,0.0789940228579678,1.299286562786897,1.5097217271638352,0.5579302547696756,-0.23434733937187552,-2.1684306082149356,-1.440084403030789,0.1976312709393487,0.3501573664569989,0.9403595013091218,-0.18899021597574248,-0.1569163886611844,1
-0.6862394369261848,-1.4398264662772866,0.2755257248170128,-0.22322238218636997,0.8582873937739689,-0.15437803320363808,-1.0683706339845374,-0.4484403422325325,0.7166221440516997,1.2972240109044983,-1.60811320943785,0.8294645889788187,-0.9388897474848622,-0.1466011283575866,0.5064551309159225,-1.271747478296064,0.009220540200054077,-1.2670661541882853,-0.5009716096616031,-0.3273803119487433,-0.8522617478387251,-0.11827243048388288,-0.5861995565378669,-0.38357885425687954,0.29656641865901345,1.3371232710730816,1.1324926217055606,-1.2819755993174706,1.2221578193019487,-0.33282553835627876,-0.2982373169455655,-0.22387683880070822,1.9128419473903095,-0.43731888261192,0.6811472381614461,-0.5623970661851886,-1.713322832164337,0.6401012058091585,-0.14327740174285408,0.4008747952745162,0.42146888205349736,0
-0.15378722431657285,0.09149920653881266,0.9671003329719327,-0.3625670241557779,1.4058124753687504,0.3802892310621689,-0.7978030613190839,-0.5924748206668065,-0.8110057328610345,-1.2302307305346838,-0.5399450562812798,-1.7895277408741446,-0.7989390488502115,0.4734982152986117,-2.4053003754191296,-1.382357742441623,-1.806648992736166,1.7170206353541908,-0.6728099542350812,1.9794597299597756,1.2269218958407684,0.6891030046727061,-0.8092033908497248,1.9451065042319706,-0.5983359246234959,-0.40870297577205095,0.747630529019568,0.5325252208786536,-1.2468828897052506,-0.12156349897587758,-0.9108570304486978,-2.105999466346215,2.034318801449615,-1.1422620614277086,1.4172695342069912,-1.4025197641715441,0.13855064319801982,-0.2691067511459831,-0.2192618805085331,-0.8102756555364495,-0.928855848578733,1
0.16399195196786728,-0.616968012180853,0.4411233880128006,0.7904531641394187,-0.06274331053344696,0.03709982800505249,0.5840768458477005,-0.40034954195138306,-0.9831106256386519,1.5719836479080516,-0.30350618183653977,0.5596057936161166,-0.1164871205935325,-0.10246088836039074,0.6162422786888937,0.5756063831300618,-0.7472619737414237,-1.2207125694532763,-0.42237717522946766,-1.0762090999277631,0.48817933644020656,-0.3733968165051107,-0.2547165801189478,-1.1029158414311235,0.31615596520133565,0.1942429917057573,1.2685509820317824,-1.356866365493119,0.5251425018132165,0.7350879808318596,-0.3553865657237108,-0.49559204289416126,0.2594606763188315,-0.47732563764405855,0.30884784762441714,-0.1608380205027059,0.2866337721290399,0.9733347392866155,-0.2879429956914857,-0.6966047886287224,1.1017976005170005,0
-1.2898081866593847,-1.0867573443529936,0.30190447188681474,-1.5418545626870541,2.1877495767158512,-1.0338388462184163,-0.3572778407455105,-0.43452126937494573,-1.01420872576377,0.509433671332201,-1.6592902002130345,-0.6697457561118879,-0.6894571282878134,0.32566945266360986,0.7251936580063402,-1.406463247310817,1.5022246262043482,-0.5523996826214634,-1.1473623359683327,-0.5850080740070327,-2.2041851466080447,-1.779718910740677,0.613261459489294,1.9649291946773886,0.5050912776933012,0.9837294367147749,0.7682524265947476,-2.1839718230060132,0.306849789547009,-2.9739364177356906,-1.548458601914787,-1.8894254360739573,1.2524229619985334,-1.0060060261991792,0.8544700186062416,-1.5786399153006097,0.6457733445800327,-2.2628331332265628,1.1356218471440824,1.1790231260043422,0.10432842914201544,0
0.7507423362014736,0.5848013103759303,0.2807688312523757,-0.2791895244695629,-0.3401233834423649,1.3830535838534352,-0.9139468581408444,0.46768480524892186,-0.6176237998760739,-0.45808426928736273,1.1403849166271145,-0.2641474871888705,-0.334824854766858,0.06548953611024921,-1.1417343508557756,0.31117165228028915,-1.510455940453022,0.6294558602645091,-0.20469698158071956,0.752829040131119,2.119929103853369,1.0188874309814129,-1.0446789553569364,0.7071204794780183,-0.7888905382926128,-0.9234361587870145,-0.15136780635037433,1.5765836871772427,-1.5538507108469664,1.4846360712450142,-0.2810453007977569,-0.02453482399540584,0.3384623448251174,-0.28057097578779205,1.0141710420486902,-1.3086789878233476,1.1574065265151174,0.33215321573655143,-0.24015735941057736,-1.4212745932328077,0.8312711236843422,1
0.5909789915783847,-0.4615689961103338,-0.584712111259853,-0.5238838092375853,0.19554616728121346,2.7857657494137014,-1.239692497642229,-1.4988344429934648,0.21268398653136203,0.5278756723116356,-1.1100358467011602,1.491501078287028,0.10571571657992103,-0.5762314539144143,0.36186886756759123,-0.3503593255804229,-0.5241733494628192,-1.6980446673300844,-0.6392715307729863,-1.0019645936398722,0.2761886424834,-1.2016777983198823,-1.5013130369354935,2.2040317024242997,-1.6426717170455256,-0.14937475589147375,0.13397549367776249,0.6203639972999999,0.7158404348261209,-1.2753925282471692,0.5723355516158947,-0.6334069195805089,1.8737143313731275,0.3551926513640554,-1.1632084345414475,-1.5716812466747696,-0.06504793372591616,-0.2580073125800541,-1.0045037539793924,0.6201999613241014,0.10043632660900287,0
-0.819439982050233,-0.7741362771152355,-0.4654410730941053,-1.9985163678674964,0.17787268807102044,-0.2763448955471112,0.8920739764043614,0.7330790602715973,0.31564721764143916,-1.2153318847196262,0.4257230504131052,0.879078948388156,-1.265114041637419,-1.4553953822802697,0.5314988199230355,-0.617135560909318,-0.0942174651743939,0.21959909966391264,0.3242372037689611,-1.2281246038663487,-0.20651638257523525,0.08865634829334026,1.6086639231490123,0.08316214816224303,-0.6062916722270314,-0.9359040748915811,0.22792000704019008,-0.12800635666893115,-0.6980766899098181,-1.6962252002934106,-0.8344816462260484,0.6660391104762983,-0.9818500004708187,0.3931252971006043,-0.7217788679464948,-0.6442851083714333,0.8567339097634143,0.056007394463423524,-0.8159733894474664,1.468211417648438,-0.40033718748852726,0
0.29287001071230034,-0.6668140163462722,0.42821257254365724,0.08788182255059024,0.47197329536287014,-0.8773404334464326,-0.6790429173027654,0.2787588126752994,-0.19110610152464236,-0.7219662774657569,-0.3663343483513123,0.47870684790472795,0.9952328604591475,1.4107718157600846,-0.9570153256512165,0.4450117670012823,0.7232435955877937,1.1410045218664038,0.8571251616483379,0.6158426647119949,-0.2652683625198906,1.1345305673462234,-1.0799452214329144,-0.26805781242089033,-0.3500573283582534,1.3516108044773152,-1.550535914164175,1.9587890362989548,-0.15427744668707324,0.12849806941970743,-0.32116621426565967,-0.5935287759667168,0.2799148600908144,-0.28939059470146555,0.015548001523983829,-0.35828135749352774,0.34562186085824126,0.08714371898606092,0.777630385304084,0.04585769632897395,-0.10022213864349325,0
-0.10850430668921233,0.5300613387229856,-0.009854666497871839,1.2391821614838874,-1.1729731866726865,-0.2462516750898386,1.2718741150346622,0.34550618469312877,0.7194375324398009,0.3987240866481481,-0.3596650239926599,1.5544178528494281,0.6640517710268179,-1.6629003183219515,-0.22627036248988414,1.2152646101330886,-0.8108448980577971,-1.2190271431796544,0.9444160453943657,0.755145467274881,0.606619278641017,0.9630182282633971,0.8883367742682056,-1.092027756665725,-1.10691210837286,0.971539216610714,-0.3144072397736367,1.5225503202774089,1.5124485135503285,-0.6070321577838346,-0.003968557147768877,0.9039681479316867,0.008515511037008084,0.8228901761329414,-0.8159742766217075,0.2023155641057953,0.48807440665741847,-0.2798420520671106,-0.4614253653141547,-0.3786969549730514,-1.4095094544871314,0
0.47614725958216614,-0.17795507212674416,0.7111882046721123,-0.9613746573084707,-0.6274882719401743,-0.2003131970419535,-1.0641480374264856,-0.4791305287575422,0.3845509212577756,-1.1797266411235472,0.31544304652695104,0.5014696176200669,-0.3445528166692717,0.019774328904745838,-1.043154529140739,-0.4198476613331058,-1.196420234343073,0.334182398140117,-0.05873822479463916,0.11963959589634054,1.477397861920249,1.5614946114617037,-0.3714696136203271,0.4044096269113219,-1.5933269811154425,-0.8943679493042042,0.7438842286652834,1.300468310368941,-1.55977608673953,0.5464969258401441,-0.8219308017807573,-0.3942815286474587,0.6671447473647518,-0.4926725514637196,0.4966756511460054,-1.4302657976628412,0.8609386828482483,-1.3362445560158096,0.24818798509613146,-1.0318884510377548,-0.5503111216694695,1
0.1495962287183604,1.66709212767022,0.2963092170920022,-0.2513664741221986,-0.16630120850993194,-0.018707985607314792,-0.8670518009019524,-0.35676925492481426,-0.672056370393518,-1.3608995220867712,-0.032944878740554226,0.6241621190184864,-0.7356826417743738,-0.07901634330201494,-0.6513476226750422,-0.6949212614349531,-0.75142531727561,-0.1382604582965406,-0.10666610430218314,0.6614406746434212,1.416910601223162,0.8967793227895815,-0.09440152748262565,0.09259214450101752,-0.7092093846646339,-0.4593893031065731,0.49421790597832926,0.5042955461567368,0.011356598831693519,0.04392694774392071,0.9094900866287351,-0.8338573054504782,0.6274289415818377,0.17644469602267396,0.37550279672854925,-1.320905890232762,0.5450840249044913,0.9037456619781423,-0.1557461185895148,-0.6248752738433991,0.5306292810387548,1
-0.31867020469449553,0.40444927845366613,-0.2379771133875115,-0.23822923722375652,0.834801787613763,-1.6538057301865217,-0.06516076179714594,1.6068582868732415,-0.25758353586845617,1.1554891672636967,1.313501515799939,-1.3231169329040258,0.8544157759739359,-0.3685432286111705,-0.3211047876377921,0.023680088587959978,-0.5137108667393444,-0.7870030811159321,-1.9476632334624673,1.5058100067633315,-0.00622976562477604,-0.8789773298362913,-1.6727642903267914,1.1879568446800959,0.12186855894638116,-0.9046282285787637,-0.3031551448864328,0.2236001554164777,-0.021944767649991835,0.10381701160520837,0.7447031110570785,0.8189952070005699,-0.03556541440083348,-0.9199853149562721,-1.1929455262426822,-0.9125089501981499,-0.5230288205905497,-0.021603028047571315,1.6277192265057812,1.1904442706910148,-0.38904328468646626,1
-1.0111108952085623,-0.6108837985589275,-1.3442517230320457,1.0678866049163929,2.2761463801002284,1.3212657554253324,2.1064116376651962,1.2268042472758682,-1.2210230998434843,1.223304491874088,-0.20116829808396502,0.5676190663272871,-1.6967940072121634,-1.5395226899754453,-0.6663396736102102,2.207425776711784,-2.5993909336646674,-1.0569945323413843,0.16871269937757263,-1.776061126869384,1.5314147282855621,-0.47557808483696795,-0.8639136024980456,-1.7777364114884473,-0.6098688314190938,0.38023018136167963,1.6799845241581508,-1.6351405730842006,1.302298716407182,0.7019538678799565,-2.4529540436375523,-0.5488195416174423,0.7798464196289996,-0.27148488910821095,-0.1632044404970214,-1.1828661168118906,-0.7250960290459605,-0.15390838075549743,0.005998561865525557,-0.7036245097302022,-0.5735365203900358,0
-1.2609922610328133,-1.2891533316925172,0.5969263976728191,-0.5038916555022545,2.2104809052642125,-0.4548843014150397,-0.15264444676733638,-0.437001692061551,0.1564445094335038,0.7085616967153451,-1.8781415125020775,-1.3081139578343701,-0.2484286512128808,-0.41615813128588935,-0.39092979815745404,-1.3631954044961554,1.1016247842044502,-0.2845116861969142,-0.7627090834391014,0.47909974117138693,-0.9120458315216329,-1.019157315843059,-0.8068007288185581,1.3965517733060107,0.5336679226504873,0.6995090310186314,0.30942055112075245,-1.8670363490238704,0.6657950278396169,-1.586400897792719,-1.2435250954348849,-0.6188008287551026,1.3919895471146742,-1.9126460961188565,0.6291497035214126,-1.28100890798296,0.7891792528948433,0.5523988769468948,-0.013051269404648923,0.30449043346192833,0.08928699952504728,0
-1.845140780080193,-1.2157953494732614,-1.286697877478124,-1.472650658640012,0.06054199794094276,0.6394890514718168,1.492492890696835,1.5147761011699639,-1.3278224464343737,-0.26977431401749324,0.8965796037108965,-0.26795160257912687,-1.0926229571634176,-2.415754715703119,1.2488634319922436,-0.48958121466721216,0.7492592779033369,-0.05131825434651765,-0.8020903155234164,-0.7108623529958676,-0.26894333521954567,-0.9178239636751409,0.8275179331454809,0.5896682490827236,0.6994739708144253,-1.5177168503276857,-1.025748642699759,-0.3604144054166453,-0.7330805389361845,-1.5486859121296446,-1.1219680729778405,1.894923964637933,-1.4105894743816727,1.4526813192075814,-1.7306643081864055,0.11430043794868078,1.0883482020614719,1.7024244065232257,1.3239083598779753,0.8525547099319603,-0.2620984996174291,0
-1.170576557537233,-2.2387502063554354,0.555997656964553,0.7339498817964768,1.2946038981591521,0.31689620641133587,0.5993847978925234,0.8340195322039565,-1.2155015110789105,1.841577837838047,-1.4350130697843788,-2.1934642064768175,-1.1474928032371305,1.3812106843565195,-0.6681608591930325,0.28964410853893446,-1.3725727732406272,-1.2621333583594054,-0.13867196427081685,-0.5117272646169522,-0.3818505747196552,-2.1989960170082625,-1.6234509068876335,-0.5071100415822353,-0.5703179124228447,1.6072155635911693,1.2103693620111067,-0.4439294183299787,1.2404755887428358,-0.8492659743469868,-1.1734620642389275,-1.260224848116128,1.9342552075421076,-1.5017287025898196,0.12533732118889876,2.1374187671052143,0.5002714710739077,-1.0788554224882256,0.07378801057114552,-1.2264182103854742,-0.5692686175179608,0
-0.41159053763864256,-1.1105208957508537,0.7136146664818798,-0.5174032269070729,1.6852420538005326,-1.0100305302678965,-0.9513464762637254,-1.116591637212748,0.39924993415053145,0.858094350568217,-1.6243046493742626,0.460370219508935,-0.07739632018307312,-0.03976227296023836,-0.1884888949218733,-1.4813072035727672,0.17450053375682895,-0.5540777377462347,-0.9894627583928354,0.3920162289391442,-0.9757261273883496,-0.05724252131742764,-0.5159027760808853,0.741071588014453,0.3604516598634004,0.9605005725357783,1.142353308460223,-1.7561394221756803,0.565267745459265,-0.645517998938335,-0.5568136660193691,-1.153832431236732,2.02435957236776,-1.5022947702103213,1.0482383252230616,-1.6234321006823498,-0.22113087439733842,-0.41851427179414763,1.7140015453746185,1.1979767713137164,0.35224314128846596,0
-0.7110492643957688,-0.2107185695099639,0.37070281300218183,-1.050103136313549,1.454551488146721,-0.9007085930735176,-0.9059757557220302,-0.38734692509345675,-0.04550838199667515,0.3756600282430548,-1.2635497961336883,0.8682391260995507,-0.46231160562074813,-0.29724048803163,0.5365399974952403,-1.384914662626841,0.46709190253416183,-1.0761031288597718,-0.3216079501699142,-0.23418444994016777,-0.4740678964117408,0.09043376314873948,0.05908833593235391,0.26618835377917877,0.13940699903116485,1.018946989442361,1.125294834576464,-1.7158471022830353,0.7467977635651767,-0.6571175391851078,-0.16752221193586134,-0.09557000494290652,1.1802189726811556,-1.3331964295561747,0.9592561732592131,-1.6764037414899693,0.1469737287658567,-1.9943284046418732,-0.39825995991867613,1.086030006584567,0.9684117189234781,0
-1.3325235837264704,-1.0648699725017345,0.6685493344889085,-1.6257634423129437,-0.5620410766581592,-0.2659854555057493,1.4009166836146985,0.28116190277124065,0.4509576033433807,-1.3780181848373918,0.8476203420492157,-0.6712359551961397,-0.9380115866581255,-0.6794404280188123,1.2867830892564902,-1.289412117903023,0.1456767825056031,0.7840965004483137,-0.3365914165411216,-0.8643908208574043,0.10308861917534835,-0.5897955160557165,1.3625721549348244,0.502163937062015,0.8501457923410154,-1.2749476855167008,-0.04228822679168054,-1.0018417761828238,-1.9123137074192667,-0.4071123531497317,-0.308869765521008,0.653715176303912,-1.7223346252590217,0.8556673353779916,-0.4545050538554243,1.4358106585838208,0.7614849002528291,0.17010906051843422,-1.2098299495002711,0.364994251605962,1.4919223312146597,0
0.8837263435541846,1.0193583924702079,-1.5832733897753815,-1.095384916000302,-1.1222731618579107,0.26088191055382987,0.5716703914218543,0.2924825796632283,1.5577745038874617,-0.4987465131941227,2.209161906871764,0.10071870986107696,-1.745703522479919,-0.10330852949699573,2.912684204410634,0.2962413376704071,1.3063078241217876,0.8252662505245836,0.4179884839515486,-1.3443863272435816,-0.9115569740732842,-0.8154746023232851,1.699276389297907,1.612605125354529,0.6481040441867939,-1.1254678768244715,-0.29626123066307797,0.4037580891979762,-0.7494801630566579,-0.9869027070420345,0.9337316615676406,0.7478536361728387,-1.5629823739788962,2.057959478332999,0.1861599174789227,2.060965960296133,-0.8328195256959295,-0.32191928966376565,0.6060937429062139,0.9275175580487781,0.6033942361114292,1
0.21399024550520157,1.4670811479624128,1.2617480949799975,-1.119671643771246,0.5981258916564732,-2.007985413479581,-0.9976541413771562,-0.061408253607520315,-2.8930866383273344,-1.0100370342559752,0.7190065900781272,-2.541612709069185,1.6009281317583253,3.675760950408022,0.610656242722753,-2.1493936818857633,0.6887360068191095,1.2460282786607675,0.9702946080325715,-0.976683051690493,-1.2181259627881786,-0.009514719013554775,-0.6636426085909917,0.9905401435284419,0.6365869025082421,-0.07704016634868831,0.7255110436721605,-1.6779561847376017,-1.0018625250351887,2.1673243538696987,0.5167235499246429,2.1489107472428204,-1.1001990837647553,-1.2589263775349027,0.08973989836383389,1.2024207854804723,-0.45623379965341765,0.09800896843152186,0.4031927681669496,-1.0254503836879374,0.2620481088725983,1
1.4193798724958024,1.4543443347906768,1.122027895901089,0.4724483250676231,-0.2608792289626032,-1.8464793766221337,1.1432831212599013,-0.9625590098242546,0.3096844287207547,-0.9796660889159566,0.8355834828066676,0.2645300786268323,0.8389614068092109,0.6491691532084553,0.3288131570292188,-0.11409546536683318,0.481131808353736,0.9053916959781669,0.9452968774735875,-0.7321238973415051,0.4268917566576061,1.4898706395349912,-1.0810381964801399,0.8676227208900117,-0.8159041003844497,-1.0849192171138664,0.4930285159195029,-0.21110227108268342,0.8211674060746855,0.3453495842332743,-0.23335985059426292,0.09079518234627669,-0.5713368639864416,-0.1331293472158618,-0.7053885934431297,0.07711777230970851,1.1274069270516793,0.19430058581385934,0.8452121723638742,-1.2534082898146506,0.5757804128042578,1
0.7104358976316087,-0.4248522509899416,0.6041167135045676,1.1145923992302296,0.43511398670395646,0.5854671939835647,-0.559373643906068,-0.8757568204332057,-0.04863806180202759,-0.08611681128183081,-1.4604449144924134,-0.2335976760598585,1.0177311232268105,-0.13096501782861875,-1.0291930947948653,1.3940779229782838,1.9871028855227144,0.7690053281329476,1.124519840394632,0.9606675997983359,-0.7607065044062856,0.7407589188348048,-0.16814932393267135,0.7521629514131914,-0.11495896281411999,1.4298597678700808,-1.5176052533734934,0.2584536570585416,0.9278133820807223,-0.9349941663451057,-1.146032661421362,-1.0908937458027523,0.7867393640263046,-0.1959382324579507,1.4610630269151905,-0.16370991821147335,1.10733198250174,0.537183721821583,-0.8838867372157176,-1.0671332706292025,-1.0176034282219546,0
1.6028088315505173,-1.2991535250009723,1.8146350736404622,0.45859455671295374,-1.1517628497190786,0.082512984891285,-0.8230647994798577,-0.9372319280519397,1.5992133572973501,-1.1867562571683794,-0.5546563833672462,0.44597566470512406,1.276715765674418,0.006413828278713319,-1.3374813434242447,1.4069564699998844,0.09415768366739073,0.4983673180730037,1.6195881150359022,0.24688046235429678,-0.3246954717475077,0.7155186559349719,-0.4044799030052533,0.7674744100953991,-2.2984782033044886,0.23063430232381413,-0.9970443825753226,0.7680540772303371,0.5246200959224878,0.16864613909460474,0.17611956312959207,-0.7345514926807766,-0.2967705453909982,-0.8746239724738266,1.0292703853937482,1.660331477029267,0.9758955618559145,0.8688161453520292,-0.2897278941091904,-0.9727706656521599,0.3568835924441007,0
0.8367751688198888,0.9709197380027678,-0.24700169808024477,1.9488984314196214,-1.2236229818359428,1.0049406927870888,0.7893677340273435,-1.51595948901464,1.032438831038127,1.550656639077268,-0.10368386574489552,1.9611207492684515,0.9472092085622664,-0.6637481497899205,0.5147247003571566,0.4310094597835554,-1.7734691826310844,-1.353981961374667,0.48585864630218917,0.4287507695717736,0.8818050139834045,1.1897522265812137,0.3961514010562954,-1.5407730709984329,0.48139429041131865,0.7930712525825947,1.489038510831645,0.3546481776572624,0.47128201517545176,2.302929838777046,1.251881844754808,1.2269532737225095,0.120526271844226,0.8113598426888942,-0.6470717682115582,0.8118965596572526,-1.2642204663437782,1.1727514689915526,0.32302558864747527,0.7629451793681578,-1.192073717614149,0
0.9998815576334669,0.3741165675172803,1.282317047383494,-0.39001304532954933,-1.6339995226184711,-0.8907897313714637,-0.34294783533819523,-1.8164019505990345,-0.354311648423152,-1.193065236256476,0.2803619951071512,0.8361626054230117,0.12765668471310238,0.03298121396795262,0.21860297484084953,-0.6516691556546704,-0.17149887628704552,0.3557822326701876,0.1474787023215272,-0.54410401921605,0.6900791751664156,1.1395080350729725,0.6790960776169882,0.30262309410141314,-0.5735322812669228,-1.106997429086815,0.8906664948512304,-0.4558349570812193,-0.808231352360186,0.40889305541880544,0.09931585720039447,-0.530851397957109,-0.46000808822397743,0.25675300640707766,0.5966706233385316,-0.4119328856192237,0.047533971125801405,-2.6232722029718656,0.9769736913311908,-0.9953259417584417,0.8185986478913065,1
0.48161605804763546,-1.2661228309414416,1.5322275903131441,0.7502969142644337,0.6110615527009118,0.731803099030204,-0.0265689317651901,0.06681308476411514,-0.4007420395166714,-1.354179359570215,-1.068628079229826,0.1451059499193602,0.640400961944014,-1.4335588651902,-2.182066383047248,1.8861028218174252,-0.017256087005387652,1.229312254774856,1.911334561615863,1.320428341364372,0.6007815419381239,1.5239283121314513,-0.4799775306700858,0.6538328661327607,-1.873896777669276,0.9625171726881308,-1.628743971993674,0.3636223100426544,0.8430024998707986,-0.25476030094127633,-1.759604621111183,-0.8237439824622064,0.2528999181122578,-1.0086629728464522,2.066225421691478,-0.007817832191065412,1.5804869482770496,-0.506091018455103,0.04611888716233349,-1.3793266864792857,0.06837981661350695,0
-0.9194209829728568,-1.0327456640969443,-0.34930558460133154,-0.3653829379822282,1.4018125074838135,0.4981094235975897,-1.4146529198417872,0.17962204067574092,0.34444356530334863,1.1849741015277473,-1.5483423334715192,0.07147956959465207,-0.9273896577781585,0.8631172851045534,0.2586741412041848,-1.1263361450026865,0.7637023591863383,-1.0872255127770545,-0.7895073306044004,-0.3071386226444401,-0.6139240842375003,-0.20610582108082037,-0.8772670772490099,-0.48934949012539736,0.8221527997204326,1.3234864636965429,0.8053746912638927,-0.9351311734869848,0.23907568211907848,-0.30515917933284037,-0.439507692609587,-0.8927264588008649,1.8324442483304404,-0.8747026965039095,0.6945298878327827,-0.9818784574277043,-0.3487439707314034,1.2725624485071185,0.10691866832648848,0.5059943692826891,0.3610508099584437,0
0.20823022634664964,-0.9278956165562677,-1.3677849068473427,0.19706848367907728,-0.7253047528423423,-0.008045440348449898,-1.2915670597628952,-0.8719061821757096,0.4329670336673921,1.0212649284145983,-0.17933266154544134,0.9977556524301752,-0.20126337456608262,1.9353684807210545,-0.012310775255064674,-0.7474229659741559,-0.11728016411570205,1.1946976206631124,-0.343087910307101,0.171131725639559,-0.48956313514901095,0.030807890169069808,0.7671426433954638,-2.358801084909402,1.5057708615993781,1.0846179419383761,-0.31531076805397235,1.042527617814983,-1.0008724887306184,1.5491046266313564,1.149670830822259,0.0792886163406089,0.171686174218589,0.4660816181268285,0.3568782581034028,-0.23806824150666475,-2.3251079919510063,-0.1751563173073063,0.5265631552719465,1.4865998886295482,-0.5976500655368099,1
0.6952018080066751,1.4560711502221366,-0.407102759205617,1.7002877233856029,-1.2282816949946758,0.48836982974863014,1.1545395741885236,-0.40209525681948866,0.827260337871015,0.6021808576257225,-0.20654601470926107,2.2270104713754586,0.6149888897136484,-1.4737947653932075,0.006093021634765717,1.286778710062725,-0.7429340574793164,-0.872133398681861,1.2032444902005464,0.6454763907471128,0.80487638205189,1.2588972632758257,1.3502694836425702,-1.6674027302687713,-0.17491484930264448,0.960529707029462,-0.07223782988501337,0.8951160270069588,1.7450714273596284,0.33949420444677514,0.7720383599306386,0.6069530094630962,-0.2170508794679385,0.8714591669900323,-0.18661946578299696,-0.17197713791239425,-0.7402141458299074,-0.11900177509241788,0.8828611175536932,0.1593931160873261,-0.8358534899737513,0
2.8674734261119923,0.19884263776901062,1.4022455936793126,0.2196644367288741,-1.2376548176642748,-0.4709375202514367,-1.6531246696848412,-1.0354682436488005,-0.2005206706017523,-0.9431315967623045,0.4961726232616338,0.483440353135175,1.2009671368890322,1.0194756533990406,-0.8029787661405056,1.1148783374670619,0.53340600976089,1.4691637173055263,2.21475083999008,0.3464857196570228,-1.3024217339710924,0.672166483945297,-0.07017536949546438,2.0130086499183615,-2.2266081375709574,0.3855367926565935,-1.1986489169032193,1.0863474053109627,1.239803417605862,0.3721641433362486,0.9770384942866407,-0.023219590304893678,-0.29229613437496743,-0.2799750848144884,1.9673957407636296,1.9264204404568588,-0.6741430498104789,-0.41969573027914525,-0.8840487651622896,-0.8500916792655142,0.7033934337533222,0
-1.2872331531355103,-0.6208943631828073,-0.292160185531152,-1.2244941666937794,0.7275521086143109,1.6787405289426607,0.42061757357716123,1.2758579224944255,-1.3086305849501405,-1.0335362765610088,-0.22526286038219517,-0.08265062213618436,-0.7484006570589606,-0.9156236540004833,0.5398190564437091,-0.896560410076503,1.0510352973231314,0.22659574279491232,0.6350215899565254,-1.1875020839853005,-1.0360633736003144,0.3578633327700925,1.119066527137382,0.43855356484430336,0.7563851833917213,-0.25405942185990854,-0.3959998428176466,-0.852738334029883,-0.5062908564505253,-0.9083865128687292,-1.58787558900615,0.7833543850179964,-1.1299150494908585,0.9762207535394865,-0.4933321677684009,0.8096396097248768,-0.4007429425208948,-0.5510577216687019,-1.6500580115223433,0.4988894684722495,0.09774338169674403,0
1.2539133146588626,-0.7019338406249795,0.8217609422647115,0.9728750162976343,-0.08612394136350439,-0.05306213615486497,-0.4815537414925159,-0.9064962721685204,-0.5235302309590457,-0.23909957612503796,-0.7437252057525506,1.1972440879923607,1.0215571814348137,0.17945881056567511,-0.8241425714739056,1.7409015431797927,0.09447821113274957,0.21598257298721094,1.3737434543395601,0.4645264716154058,-0.04620613552339359,1.0712819502327482,-1.1361362636403771,0.7693243038134256,-1.8409425938569786,1.6816768770523531,-1.26588932849251,1.614561308826812,1.2264256677035474,-0.3365429788411729,-0.5869487915932617,-1.1571358294580625,1.2159550348942523,0.29217957525763416,0.8017554640019321,0.028080996088138913,-1.147372477084717,0.8784774026453809,0.7149661374296121,-0.88731878518539,-0.3436887653493282,0
-0.4867693780515919,-0.5174921029316853,0.5065647974731544,-1.728498257652642,-0.31352340363383946,-0.13796816024160796,0.9821368085076224,1.2111619604284043,0.44680893398918614,-1.9352373043008977,0.5776604647408519,1.4565553400235156,0.2676288383095643,-2.46891910478926,0.1110291709057424,-0.026081647547007338,-0.03728128496599623,0.17947543274284877,0.7868119964188811,-0.8819903441530188,-0.7464002274798225,0.439448199758873,1.6887939634767295,0.8230903794149155,-1.2138982116995567,-1.165193646154234,-0.9291989724532607,-0.5568028389490881,0.22754619990122485,-1.4030871575239088,-0.5781341391079297,1.183975339713102,-1.5832549503113844,0.9938603612873006,-1.087204606559329,-0.03181015899044842,0.19246724287207465,-2.837749165201718,-0.9029128559619631,1.3689739450769571,0.6703811697032022,0
-0.48386019887719756,-1.3589605731468388,0.9674050839737895,1.270505234968207,-0.665767657773798,-0.5009378759725188,1.8475227803805994,-1.0218742076652358,0.14024244785723033,0.44644847600073645,-0.37144483552702007,-0.3729306114771177,-0.6637386532190426,-0.4825013266274923,0.12919044069202704,1.0983856830035241,-1.100667210787156,-1.121929584630146,0.1583877012209043,-0.48251644577507796,1.6794597059220913,-0.38612461516130436,-1.4014376770829164,-1.343904025376826,-0.5754618860351994,-0.10219765979211635,1.1038833942102795,-0.37708728267516534,0.14698989724067202,0.7480103494900222,0.1656564973046344,-0.14688581601604733,-0.1858713628936782,-1.0427135741825468,-0.347973599381467,1.7008005558284567,-1.7507587292728042,0.41100577026575574,-0.946463473307421,-1.449946640229635,0.5237450902705251,0
-0.21037434295230692,-0.42824115611890196,-0.3619544204604185,-0.9574516929668062,0.8632163068180233,1.1224875629499207,-1.6805682555182662,-0.9014042900675824,-1.2607073310222405,0.7616217754924005,-1.3893457088757222,0.794216716857653,0.15535257231280294,0.7915365523330685,0.6297827676731429,-1.0594170997447452,0.7325922151267574,-1.405021121602109,-0.8012394434069819,-0.9940348137212509,-0.2768510117136703,-0.1070945662305743,-0.42260979587686953,0.6429551099440608,0.2619592566698082,0.7233134896316782,0.9010282532029958,-0.6268177545663228,-0.6717650902103144,-0.535122838483841,-0.4832145034450002,-0.8005988878990146,1.5863504743384291,-0.6869537486784149,0.08971519173303785,-1.93825222657985,0.2859162607882252,0.5709757994379985,0.1963968229887478,0.7188840124120208,-0.12199124153742104,0
1.41906422963234,0.6896309643485249,0.3734086123815071,1.0610978810250078,-2.7289654823017093,-0.5545629080235231,0.6858803894153706,-0.7396951118116708,0.21161710418252286,0.5628297294531315,0.3961532576954769,2.003900354153556,1.0974998295925598,-0.6703736818211657,0.4307994074438687,0.5539997763443816,-1.0288817658249003,-0.7194070748204969,0.7137302114542611,0.1201658753163157,-0.5725738038610698,0.3828012929333616,1.3534809620138624,-0.5730099794813114,-1.2204412537803846,0.13947263227979434,-0.06936858977117863,1.6211274493738914,1.6406890173484028,-0.3424736862924821,1.017796097884953,0.6321219381334325,-0.3413458357142957,1.55826488456464,-1.064342435666037,1.4886719699825628,0.09191040201918407,-1.6809040521864478,-0.9903029326535646,-0.03171609912649771,-1.0513361448636531,0
-0.5697156452928116,1.0585407703480576,0.06778079465412662,1.8311826293275884,-0.3134099145617825,0.2618127671475072,1.0415067733532009,0.07679508804279873,-0.0009042358633366153,0.28561522303795955,-1.1142125716453295,1.1873457998539296,0.8205242847225142,-1.338235088042445,-0.6053395673285658,0.7093878542575919,-0.8242687929368356,-0.6887621062740819,0.7577284523384797,1.4800457510431755,0.173783457123608,0.829832118140221,1.283261548373161,-1.4881216190572288,0.4703492231093128,1.6662821570421327,-0.2935478577539935,-0.03699126782735756,1.7706341019202634,0.1558647973547329,0.4776261978691482,0.3952211411756039,0.023530184380703752,1.1151476722016496,-0.2451418880760219,0.5780600649801304,-0.6964613516746458,1.408559423590549,0.1500083027228357,0.10988391073479825,-1.367794778848918,0
0.41344391116841933,-0.4478564440409453,1.2281501930650474,0.3243686601707895,0.14960421276509056,0.2610955818877919,-1.1557135012078974,0.06038637291378798,0.6557215753040129,-0.7022502330323613,-1.0428901247241344,-0.5953869410164191,0.897591083922911,0.5558838486784643,-1.4101709973623076,0.401068906802573,0.8735789424800048,0.5094779578156449,0.9345316771228983,1.1973272512296567,-0.22169585261528196,0.5127788325746254,-0.640721741739624,0.7833766371062533,-0.7469011043652178,1.039193048798298,-1.328599687567276,0.7116709874707616,0.5449626528567794,-0.31811942553034267,-0.032298422646230805,-0.7413875468848334,0.489058703711288,-1.0500615705183725,1.2541287263292,0.34774728663988674,0.5003941528223773,0.5128347390793122,-0.08972220828548207,-0.9758280253018529,0.39790661193230087,0
0.25485453973586625,1.359314607671143,-1.1847188802345445,-0.4127937475510882,-0.9786010586707585,-0.007155257016639221,1.1942508299453252,-0.9211933068551453,0.1276935882999756,-0.7147987484424979,1.2550994883654671,0.746093693700038,-0.5772901273101789,-1.1588999199891041,2.28270820092806,0.6711064203866636,1.13762467621495,-0.34771428546340577,0.4924979328645284,-0.5501224441445991,0.9380037798695046,-0.2598412361710255,0.9895464350837588,0.44584052296222526,0.17914239683320213,-0.9153028289082814,-0.26424044490742593,0.5176821033204954,-0.7642301321601566,-0.5636039792895613,1.4744747815852028,1.3573973652787064,-1.3454967393055046,0.8262296326270377,-0.5846457356405669,-0.09551665095481453,-0.11008386071572548,0.882632435155564,-0.6966362879572267,0.9832635943019732,0.20116024268538638,1
-0.7285133271564148,-0.5151867388249057,-0.6756590760343246,-0.8154249760321773,1.0161690932230714,-0.8880518347157614,-0.8943731117351077,-0.1602550461828128,0.3193891019957784,1.2169899747526831,-0.8482999511727655,0.8915263186577465,-0.728858464739692,0.04515743937278736,1.1030779659484744,-0.5403219955521655,0.17385710499285933,-1.817508267148229,-1.0674466781744414,-1.048150621656994,-0.014286069795463523,-0.39346399655537584,-0.7697151523861128,-0.21734039572829633,-0.12391791688124715,0.6834119200461817,1.375692903066929,-0.9402707543685598,0.3222626315956168,-0.7484243363385406,-0.4034728476172545,-0.29206163635168336,1.7428017374523932,-0.6632803015480586,-0.18097522068059943,-1.8714569315836402,-0.253991153927316,-0.027278950825452456,0.5980290743577309,0.5939259161248331,-0.22383312958954726,0
0.7829695940098099,0.4158685376476327,-0.6447411547315419,-1.1878846441131392,-0.3019725111041037,-0.30415366267162514,0.38122762539151,-0.6579569618082073,0.25117059749000115,-1.7130016825464103,1.1553129885765605,0.7393167118301504,-0.10605986332701256,0.4771943528113691,0.6433006653751646,1.0044516043679903,-0.0518396883109795,1.334076799680622,1.9832568106369808,-1.2807653151123468,0.36204753356266556,-0.8256851938314671,0.6958206883668074,0.03676832347257216,-1.430993927637871,-0.12366952294304864,-1.0193745816197564,1.2488932054997053,-0.5885687996457405,-0.07744561373815037,1.4726206561087063,1.1851909360608637,-1.3414561152704854,0.0814441638439421,-0.18648127514948082,0.40532753363579127,1.5289770227980135,-0.10458190239802628,0.881864973315242,0.9684157828407324,0.46053139280488875,1
1.0862014401030136,-0.9128408186991972,0.8988773246075642,1.1112348516075636,-0.06837182368341042,-0.8775193733289608,-0.4898790102721043,-1.462707451449488,-0.8045722847978027,-0.17521152694524608,0.07629012563434717,0.9107337431879351,0.2720666312902161,1.6805532145733186,-0.43124949288171127,0.9272477035667721,-0.5285945847890537,1.149227723799076,0.6306221449079061,0.5598527025440253,0.9219685322096463,1.7403035896422199,-2.3505257932868115,-0.5406262181099439,-0.06328206929160882,1.4285723800307826,-0.5419581972286727,1.4030797268567803,-0.3175397824477744,1.9038426152042278,-0.07394110728809258,-1.3842582036620288,1.0751183138578109,0.31343275313862745,1.2716980838240979,0.47525693881194303,0.6203332509704367,-1.0671581430861492,-1.4498121003431739,-0.9424401077754658,1.231481531120157,0
0.1841135391953295,1.373370160819923,-0.5769466654339734,1.6316396772181543,-1.283046665882045,0.6530740354728374,1.4611668465034422,-0.32257809608319216,-0.7166567700898612,0.10531064422514598,0.20891429538878098,1.387857006346075,0.27408162423525995,-2.393680131995683,-0.17098262070614106,0.9249322935135366,-0.9786266290038076,-0.7702038396954113,-0.4077444145471271,1.444001378102557,0.8669445652308394,1.0759785972173206,1.3055157275582927,-0.7724891055547604,0.34116376398527637,-0.5309550007682775,0.20563015134272714,0.7808686489154611,0.6115288285195071,-0.1800275956570499,0.6887559828513576,-0.02242805886363528,-0.3392842912569369,1.721898312529131,-0.922887345296719,0.005927572220569926,0.20059549008790825,-1.1985662907855381,1.3447647556533198,0.6384619424298278,-1.5725159938093352,0
1.744527140142969,-0.8744462517320982,1.6827287578509826,1.4124398154393696,-0.5281418246508978,0.599220078111145,-0.813669884136827,-0.41757279490417554,0.1268907227251474,-0.27438023131909955,-0.9866938491650828,0.33043503383702566,0.8956905201124884,-0.16187482740461917,-1.9599537098635993,1.706254602539584,0.15788911115310944,0.6178889257917045,1.6317101804593084,1.439075305952495,-0.17435287612710126,1.5390554842558086,-0.062186523157286566,-0.008994061470531823,-1.3834937161878307,1.1354652995569745,-0.8469152547009169,0.9156756437917767,1.2455752929756623,0.1903395094194766,-0.3759228774418694,-1.707131074090256,0.8080728716511795,-1.281304797973493,2.5334110430696475,1.351291639723037,-0.45057180191563034,1.480333990305634,-1.0908956104462757,-1.1159797698799887,0.14793911200094004,0
0.9127921988023677,-0.720856104709965,1.1439487342111287,0.13476331873342742,-0.3228952497112848,-0.08451425534498302,-1.5554772342165666,-0.25906823557348546,-1.0207762784035819,-0.5808768314317708,-0.04009523199337679,0.075573320338065,0.3777651666411958,1.118580171625937,-0.9879586351863219,-0.13958614453999926,0.3837700501645216,1.5017160108630365,1.1235588105513938,1.187768755087685,0.22042064199826053,1.31464319238707,-1.0269862631632918,0.09803526480630179,-0.0660825743700776,1.0020222777040713,-1.2295272182749009,1.1177788698472666,-0.16461674842843832,1.3965150986023362,0.4002892514416776,0.11316385170971519,0.190445277100768,-0.6253127570884055,1.9794998717521886,0.8758199035651232,0.49566131513991757,1.2945754938040344,0.2985972588694174,-0.8099904510588489,1.6817778367392962,0
-1.6559600762718616,-1.3646684432600613,0.913128999608859,-1.662137262760468,0.5517064458285664,0.48995598069249857,0.7440060065694808,0.84101002307715,1.5820510579726546,-2.574460455562478,-0.32096258777061426,0.4747286541897938,-0.13513620356355852,-1.5007795139410367,-0.42334468084679705,-1.0378158248180027,-0.31179322347920957,1.0475140947866368,0.47728570506750345,-0.581304083823419,-0.4034687352297327,0.39653783324117814,1.0380199831250554,0.5536857980710135,0.07805200156336912,-0.6293367437842705,-0.8224344957572176,-1.116891466124913,-0.8721482096327419,-0.5633611128536811,-1.0115668143807408,0.3735470888175575,-1.4159938192068278,1.0170225824905825,-0.7551898389274604,0.5231745892408443,-0.969966255647663,-1.3417844565652983,1.0798235641274896,0.890702021201051,0.9015223320200338,0
0.21297191288537481,0.16609017842434481,-0.31839779126296003,-0.9392104781564601,2.0543978979397197,1.1735525717876003,-1.0807977169574656,-0.473588407410846,-0.1316393107457644,0.08782101405359014,-1.1329290404161507,0.6610420145633042,-0.7025794463467172,0.7034227758003605,0.19612996782735256,-0.6495502855146412,-0.040049002571859164,-0.7408478928120048,0.5453045396861101,-0.9765399233170478,-0.7794379385823419,-1.095683135054811,-0.3911967456639867,1.080981301120354,-0.4927427771037045,1.138682047477361,0.8672868494497246,-1.1376137499852166,1.1695553975064943,-0.8157919333487063,0.6632172697976187,-0.8433044173838177,1.141479212784027,-1.4671500907329444,0.8806352375438641,-1.0853352816996564,1.5830631771965373,-0.11370520840225483,-1.2402581433915336,1.7737888441709342,1.3072232665722472,0
-0.12956073900325624,0.6252199886142332,0.9386244788063477,0.1589955574352487,0.31232237982007477,-2.056245659687637,0.3893248520815236,-0.3051531081424827,0.03176839777201696,-0.8514905324856297,0.1582857311666473,-0.3115852580762181,0.357875848999617,0.3894189433449278,0.5605441444873067,-0.23814230644450224,0.27370537166884906,-0.3024582607657798,-0.06778757538393328,-0.31080707136673674,-0.04571319681100282,0.5890481641097954,-1.3723375577024834,0.8250007284520613,-0.5417786562004141,-0.29957550711514125,0.7270930472967572,-0.8947682053730047,0.7655385174508943,-0.02671957613715183,-0.020549568634690228,0.0307105217961673,-0.13267632390139247,0.2669563000904841,-0.7241546098462509,0.385486793979502,0.13412732820849307,-0.5928543039305894,-0.29275465552975477,-0.9138842441451926,-0.3878601894601318,1
0.2506413304650548,1.2499968176887937,0.8912171099071347,0.09859886663783976,0.20534798344591604,1.47901236231164,-0.8446530916700422,-0.6509861371484015,0.652562645808988,-0.8949195981564319,-0.30655382103326984,-1.792616031105066,-0.37786131497823067,0.12407136448355853,-1.906182543176377,-0.8342941802041729,-1.0281987951305775,0.8000036326988756,-0.6454477476261382,1.3754261383842747,2.028567135532808,0.3667794967410305,-0.2933395673385758,0.6253470781752495,-0.05437235391175182,-1.271468780618965,0.5657549280171555,-0.21322459081943773,-1.1453318742177636,0.5281621677395859,-0.009867066583404584,-1.3829410899252663,0.8467774901207531,-1.5181248962526406,1.4589056621689591,-1.6723514276858802,1.1610504101471226,-0.7635529233420406,-1.9696587857545373,-1.7810127365439103,0.4739576170585688,1
1.1038817262286478,1.2090302926095182,0.06919954994798648,0.3843352428514937,-0.5456333055533852,0.017168250287377042,-0.8239317929556431,-0.5634741399483328,1.5736619321226766,-0.06921719852953885,1.089206105269659,0.4399339690663115,-0.28199596742909466,0.5587592099859091,-0.4427668989983814,-0.4313598632042963,-1.0193362448322318,0.6807430194359646,-0.6607293177422768,0.9803056581066515,1.7408741384150421,1.5328748088752095,-1.4012465512135857,0.19630852905178925,0.2370631547639898,-0.8139186522982176,0.30268282314139533,1.4186304008992308,-0.9495166435223358,1.7687387167487865,0.5239929594137372,-0.3300193111565668,0.7639470679231418,0.42974607757925376,0.4796448950663324,-1.1692224992703166,-1.681336417301831,0.1878671369078762,-1.0058306012560743,-0.8501269755436581,0.7439152171368891,1
-1.7707565323257635,-0.9174411475508457,-1.258293614936349,0.884548470047671,0.19118055396737593,-0.8581529028662543,-0.19982343931762359,0.7171185811022764,-0.5284526832449647,1.573759568961821,-0.29689534550772856,-2.002936948782033,-0.5454328035673891,1.8390931828205443,0.7299054467008049,-0.6228509326923806,1.369478853136794,-0.05971822384914249,-2.6176967430047937,0.9181889250144472,-1.0078200425682253,-0.9915974125839524,-0.15258502183336686,-1.586471317055648,2.84406624062213,0.5599454030426458,-0.14138117463430264,-0.32417091972409834,-1.4151978752825662,0.301225664615031,0.24059346757962374,-1.5928776936761735,0.07219035516895174,1.1735016154786848,-0.5866499990195463,1.0184335190896843,-0.6408566063935636,1.088636868419554,-0.12719525412702842,0.6403066011740121,-1.083317415683547,1
0.6943700312687462,0.844617883493549,-0.23400412468605994,1.4873382250829303,-0.6060966351397671,0.4183154871212687,1.015085396249697,-0.01879981524144659,0.5356778526665417,1.023658560737264,0.5953804718033534,1.7442414774335255,1.1191882388797605,-1.2294274960490195,0.31541424968957965,1.526928221522086,-1.5829585697477542,-1.354565004297019,0.6005923409959705,0.5662087384271909,0.7152956905242022,1.900430565593803,0.952164136637381,-1.0879218069373238,0.22886686792557617,0.7237490974630588,1.3001817433085439,0.38803117310943425,-0.5065430283889051,1.98870093572178,0.12477898953620506,1.0634182477109368,-0.4546467350565095,0.6321853065675788,-0.10252660284380315,0.47018918939035675,-0.46167418712487057,0.06809987090301829,1.1828401042746002,1.3147235743253802,-1.5584887523012274,0
-0.24736080784500408,0.7445195882803909,-1.4292376610391084,-1.0167225653752212,-0.6215605213688504,0.27691278136097186,1.5906056411045735,-0.21646235795149293,1.6070085555596543,-1.0908621937813183,0.9458242441232388,1.4116219589064478,0.16283654760891472,-0.4024000785806774,1.907097459073825,1.1987349600839023,0.6871783945709229,-0.5190300827242854,1.1438504328161503,-1.587843954451207,1.148450916899657,-0.7983848143982029,0.7333893086268648,-0.2860550234269415,-0.9791132556158854,-0.030269537281363196,-1.213592875175684,1.999118190930161,-0.9084106905484095,-1.1849808376616449,0.9925650667830488,1.1269347995878651,-1.3927770030245339,0.5415863436480165,-1.5265524491221607,-0.849104322670629,0.48552613959074253,1.3390738880559936,-0.4551242692905123,1.1612056776994855,0.6828560209253662,1
0.150519502840551,1.1033970936597455,0.16349733786763887,2.0977079005162524,-0.019493397644020284,0.13162907418321024,1.1297854224358044,-0.03641545015137278,2.164578164822815,1.176973593215045,-0.7370660541083197,0.2524418104013162,0.9637511604581558,-0.43367013388588177,-0.5011280965131534,0.8345567867711059,-0.8212045186427139,-0.7294320548884125,0.9676561999490825,1.2250656889253002,-0.0461924474704316,0.46440615648232736,0.5744941125369007,-1.085726328721858,0.3910678114279187,1.5358562314347872,0.2753985498726872,0.046206719158760776,1.8016987684349386,0.5142998898602983,0.498659305770001,0.5739405658534315,0.23578481349402847,0.2797701383738573,-0.08696496005715743,1.5034157439468816,0.668921607592418,-2.122079974157391,-0.24339612351049916,-0.2724363839669035,-1.4547717710417467,0
-0.38017251672098534,0.6993666367172326,0.4374920889611477,0.039472880349357246,-0.033923995410168335,-0.045949720835005994,-1.012254399459605,-0.19370882075591736,0.6620339946769832,-0.6822517848603518,0.3122322521017057,-1.0550196745565803,-0.45171964374380363,0.5810198110053542,-0.9393289161366069,-0.8765732853564964,-0.9609489551690034,0.748362231118288,-1.3879188495459385,1.581258947820027,1.4265078218924467,0.4890160752997053,-0.7218013492117155,0.3548124968455391,0.6551714144979226,-0.5265718061451327,0.01935057116702392,0.2885805969450113,-1.4705649455138943,0.9918271979933279,0.3394766393865277,-1.0875611703984718,0.6863350871621834,0.4712504758816633,0.7714894096654901,-1.0620310876335717,1.8318264185649105,1.1748927269081018,-2.7504491316289448,-1.0176723130710992,0.18338422268912175,1
0.16045649681511828,-0.4714992922704959,-1.4411342016800957,-0.35188961120784357,-0.06308635545011249,0.11803227665178603,-1.0766155033753737,0.3264368284094644,-0.45904383065550974,0.45111582021015123,0.21658300966447994,0.16969085318982388,-0.5095250372792778,1.9190546215113549,0.00370003597804448,-0.806198537601511,-0.3201702604583917,1.2507669440378177,0.17152371959664003,-0.29714523811312976,-1.8387791877120994,0.49495043334932864,1.6109887596589803,-1.2475814993913807,1.2083362121009917,0.8565997017115636,0.5531376797773532,0.8529450883892891,-1.31251801386612,0.6351472707095678,-0.23436656033999634,0.08167872313652327,-0.15811673187897596,0.9628341951831089,0.46486464407954514,0.8903381431654868,-0.868525507188145,-1.1102695868511938,0.1509506253291859,1.431254436005043,-1.8075500720783002,1
0.7026275397256877,1.149647857616867,0.9127345722145469,0.27001905279166893,0.9388533486381859,-1.445536345504807,1.310232192938592,-0.8960425802143128,-0.6749316328375925,-0.42814944799238275,0.04477779924026875,0.3140433259513627,1.4513710371458628,0.835457134913749,0.7432891986640736,-0.5049724055089418,0.5117976627561375,0.2498638058194076,1.5106572229940525,-1.2423386811022232,-0.3796058364072521,1.118921297188439,-0.6880320391719186,0.8206384618599067,-0.18973273518280803,0.1260859789375558,0.8227646192257813,-1.0615389406935316,0.6885376575425612,0.5692001442640143,-0.643829126306973,1.0540771953250991,-0.6530941203206406,-0.8371560743027419,-0.8038968205005127,0.0018553743727334718,-0.9012962762322041,-1.1788616467266109,-0.4531239243795754,-0.29761892087629616,-0.008552773420951166,1
-1.3800148208639913,0.5215697795024403,-0.1871830245094476,0.9726951243782794,-1.3245720720735237,-0.2612079619873906,1.2946791018172519,-0.057318144834331126,1.8987953860380042,0.01277161961237441,-0.49105477665890634,1.2317987488725552,0.41080170893010953,-2.58680687996744,-0.2722970160226521,0.6676267306803274,-1.5763590874231117,-1.8352182855874364,-0.5893239624821452,1.6268296042928545,1.230882406312985,-0.398927112134267,1.003367305456889,-1.1957927707045004,-0.6610023850542281,0.2245262868392285,-0.039254911211146715,0.7278451590249997,0.7431081390860668,-0.5098729158799629,1.467370378858818,1.094808068887441,-0.20893408040485384,0.9481313087852973,-1.4496490460825269,-0.2922311527810791,-0.010254951847627826,-0.13349785483566884,1.3988642066633719,0.6903254543758717,-1.5361848658675037,0
-1.102333622752773,0.5615294382543573,0.36851907116444943,-0.3211660250342261,1.6218979412141485,-0.19399454479212233,-0.4678016558778165,0.9224952872065483,-0.10741962828691491,-1.7927126515322604,-0.45019941851180884,-1.5216953330954088,-2.4806939727409394,-0.014228514101607083,-2.444338375146071,-2.1717127754598575,-1.2423596572258624,1.4003179900293816,-1.473269886073599,1.7434483290667784,1.6739823223435533,1.3123479485311758,-1.1218608134090606,-0.6889066344165318,0.5122714256254325,-1.576046788046857,1.2880443620696629,0.09339829031463526,-0.6655498535515514,0.009072534527735723,-0.09489563883964516,-2.7699372938427946,1.3995833785058274,-1.2525327220764855,0.29396558252543015,-1.4641834593561398,0.025911109475669037,0.3866196835510764,-2.3211947394037367,-0.19078809487518533,0.27033231524625845,1
0.20106222733815962,-0.5273033085148724,1.0827508292331933,0.6643981151511814,0.2660486549228721,0.5772282674402389,-0.3846682235840884,-0.3969842929573342,-0.17558186363248957,-1.0597322645972038,-1.9305319440971724,0.4862587136159966,0.9165596610952748,0.10472096842748273,-1.6077113762429407,0.2601610955243017,0.7846869542664612,0.49937215945936564,1.2043014189241519,0.39477375449922997,-0.18733244994780707,1.3730936203171922,-0.20548125120900587,-0.3100641216939686,-0.7852260747825986,0.9357854743906202,-0.8522449978380866,0.617505341897622,0.9167007178951468,-0.8261417841463178,-1.3253391752348929,-1.4602513609940995,0.7604736533960271,-0.4515149763935908,0.19134082648584855,-0.3655024830527877,-2.2734736071169976,1.3107016867773305,0.611273953965209,-1.0195938829821334,-0.6488224045905961,0
-0.9273053954426169,0.6262848458584873,1.7784712281497488,-0.21374887737937417,-0.25570480494421416,-1.9880523671070587,0.1824511041217427,0.2642901512817207,-1.1766890589607992,-1.439537049120411,-0.967491988252791,-1.9027201811245844,1.1172800621234027,0.2706766124007427,-0.40629221418846356,-0.834106886552708,1.8717686480489026,-0.24884902117731533,0.8171505868292073,0.08583158568590532,-0.49572249401889057,0.3695059647931227,0.33132265190727206,-0.019129054574085785,-0.4180930718455286,-0.22164379278843352,0.0734870717867829,-1.4062351209927544,0.6173747530413325,-0.7316716960702145,-0.33134178193972985,0.929516228937164,-0.792134420618707,-1.5002490136069406,-0.22691760273509656,0.7341474521749093,-0.17096233965920304,0.4090046247795666,1.2986611842755675,-1.7705293160222064,-0.6106880664576151,1
-1.9249188256387764,-0.9147401492927166,-0.46313612304877133,-1.4599284254540037,1.2702530924834277,0.5395309274283877,0.5248097499989317,1.3153396636456587,0.1861412820544028,-0.8990981195354526,0.030243750371216897,-1.0964097338910743,-1.0929141770120345,-0.2934439297150469,0.42315780355210103,-1.2464895310313928,0.5448666932420193,0.5396228800597006,-0.2398510394983485,-0.8902589178103103,-0.7299131413397666,-0.400884073004558,0.6824281865310193,-0.06494166803729293,1.1672037056595044,-0.3943767830797144,-0.07626231516181625,-1.1510691990392263,-1.158683268274421,-0.4727160016949895,-1.1359233096057104,0.5517499400945808,-1.0842635658946478,0.4943244954614216,-0.5703342966223893,0.4946091561854828,-0.999331425696741,-0.4871295381531133,0.8624976804371998,0.9291194892290789,0.12037559314328158,0
-0.14397135772939362,-0.007992695075304822,-0.622555344744871,-0.6402026420893653,2.0890304225791723,-0.021934026874323994,-0.9302107968566425,-0.13072237750371765,0.9730660326063431,0.31901993120024635,-1.0808960183356375,0.11567654543952745,-0.6922387515503449,0.6754122937127421,0.09057642467086321,-0.7135314488876031,0.28084887864073305,-0.3929719160823054,0.19297428398454766,-1.1212039912954972,-1.0147175492033131,-0.5892915509272368,-0.8456130752788582,0.565484524466841,-0.09687005620298376,0.762638139367873,0.9831356484215732,-1.3151827213644616,1.186458430217212,-0.6693667367531526,-0.33120369425570806,-0.3691279421215846,1.3684400506798011,-0.9309715850293319,0.2791086627087455,-1.1641107739267316,2.0704075915689972,-0.5225073911638275,-0.9143443442722629,0.6699504122348133,-0.33832570801837764,0
0.9681802588126874,1.175058812240463,-2.019819345573065,-0.18801593565435082,-0.5086525927005627,1.3181600736290586,0.7980995899581844,-0.12318549514131233,0.6102325808479729,-0.17575812660468984,1.46687327962726,0.6128123606629361,-0.17087920365188738,-1.0631467587103705,1.3704365958106282,1.7684876584839446,1.1751382731190707,0.7560154873483992,1.1510537372193663,-0.7926100775841409,0.5191085527783955,-0.593084705562302,1.2953304386121827,0.2603806639139971,0.1279979195723952,-0.5891133836542893,-1.3458510979645644,0.7373654146838696,-0.4769825870417213,-0.42359975399230193,0.6187596081027941,1.4451647915919028,-1.3352002917149126,0.9055483336186434,0.16983956942126127,-0.5966927256303763,0.19018214670438693,0.41145545445052883,0.5235767755065744,0.44377359985306813,-0.13910922975191964,1
1.0415055419713217,-1.087849054771355,0.3542546526934027,-1.3030489589604908,0.8818636114469368,-1.2543777626452768,-1.9357298940519196,-0.9597320665632615,-0.30169552193872534,1.1390806745029296,-0.6874017900769699,0.5335880608870555,-1.041705695933507,0.5108698211279336,0.20025744488793829,-0.7867197291226465,-0.13640947786871568,-0.7004063982199202,-0.7661388039829998,-1.0424428382159623,-2.1578296343614345,-1.3405836276488876,0.03538238955952819,1.3898960170505585,-1.3380475768472633,0.07230619707706762,1.8578491131557295,-1.578988454877576,1.506613313693897,-1.511542096528239,-0.0009842715661692136,-1.3813691972972097,2.2707221432673848,-1.4304054149108734,1.4897238984204013,-1.1794078510491617,-0.797950221901456,0.6195147501624317,0.5148742115917456,0.8271225491840265,0.010831349468269288,0
1.1902941323297191,-0.2695771089697572,1.4412164606585685,0.772674259827545,-0.6009629025943292,0.07064711039052923,-2.1301507104102697,-0.4750954507633137,-0.20746203097980054,-0.5908878007800338,-0.17999718503523257,-0.38492970934065585,0.5483610926924054,1.0292242907216367,-1.013103488027673,0.7937100296369392,0.22439766253735596,0.006125406789466415,0.06346727954881579,1.4955226389903793,0.519852497703766,0.7104695774349734,-2.3447160843352792,1.1569510274100343,-0.690263330913497,0.5558563226776119,-0.9206095167349329,0.7783433040559453,0.29094689703730475,1.287554378063131,1.2695881673536307,-1.3525871705479149,0.942076355479683,-0.4020510543041093,1.7739102520038996,1.2027758392117063,-0.11499994329760459,0.1390586763426571,-0.39763139525088403,-1.2045727405311262,1.8098102498098423,0
2.140100786778361,0.6886285510403513,1.1895096074996876,-0.9412659638476071,-1.1643600466809598,0.2488557118214462,-1.2979590080800272,-2.080913128905982,-0.44765859510366474,-0.9845574328926259,0.5560663746804254,0.7651666901757368,-0.013649687453430391,0.4792470597316096,-0.9219051790293751,-0.4794222316071702,-1.4410949843380394,0.510598733702012,0.5940804176883477,-0.6305200703179776,1.568718211614721,1.4362391232392873,0.12232063555806562,1.3469661250500709,-2.4702758439506254,-1.4753922677703821,1.7336378137833792,0.6238202121297627,-1.2978848744492542,0.8152803218442288,-0.3634053268348647,-0.5710918207924189,0.7526256249351904,-1.3932977810872027,1.483234473080408,-1.648420774358624,0.9963246147720334,2.2498764013634283,1.0195399558754143,-1.4390293231800455,0.2549815714187013,1
-0.14614802020735526,-0.85196007215012,0.3143682493625712,0.7115519310861997,1.5245100006118126,0.41225849110212026,0.0995037644386113,-0.3211718243346584,-1.620255966397987,1.1238976701398586,-0.7013347613929269,-0.1277198607989475,-0.7516929731704569,0.6882776565413644,-0.2543383170335774,0.9645922080424296,-1.6176150331381176,-0.5181011225464824,0.42601036830274475,-0.8326755921660801,0.5415014301946345,-0.5907315157899877,-1.3917023679744092,-0.3063758260112342,-0.4852951911582773,1.627475802292865,1.1392361537874844,-1.2502444647690554,0.8013168621493096,0.8266002204394154,-1.2690839398197873,-0.7815976011169368,1.6626315042740536,-0.4693882017058706,1.4093478696156974,-0.16929103761610315,-1.3005414022920447,-1.1881603472656843,-0.12996776479538963,-1.2062891621893772,0.17844105365054752,0
0.2940116217709821,0.634345226009261,0.4976575447338539,0.1415741090869524,0.119847898522412,-0.625097700726001,-0.4558510598333644,-1.2490181157724254,-1.2841960925717228,-0.8349208591676642,0.20520902530350824,-0.90878209280214,-1.0170209726830288,0.7643763588986421,-1.3569677928225623,-1.0529678091758279,-1.2081775380433555,1.088488394674632,-0.92176876339005,1.3056354161387027,1.9210198072325326,0.9010152162591771,-1.2014362308929771,-0.12964002640590508,-0.0341730745340203,-1.1288871841044115,1.0878269158096394,1.006318811458782,-1.290137343407495,0.7721280207168221,0.4737115629841426,-1.4736639744149596,1.2331247508616372,-1.0378389791159042,0.5277530505158838,-1.2716753734690631,-1.318705292970585,0.12564462107411606,-0.6557088755767838,-0.8710887860018736,-0.2982218895942877,1
-0.8179380252550622,-0.5733986611285516,0.13279020621963641,-1.5935652503503812,1.0213318070550992,1.0978632173493301,0.6169497093039312,1.5251414989998469,0.05853994147703957,-1.7366817846867255,0.7845833602552418,0.09435261345097179,-0.5840931169455083,-2.5122948520870607,-0.4030364834220437,-0.17954753781242844,-0.5427767109395066,0.885045772563788,0.34033148392245605,-0.8404744621318478,-0.35416873708163166,0.5156066461145413,1.0571761445633505,1.0318053681867605,0.10044836286091541,-1.7403331808654137,-0.2359250143817987,-1.7529660029470804,-0.5822486009812041,0.05534192894175126,-1.4960522094463966,1.3542216639138416,-1.5394977304702273,0.7849470350469344,-0.3550011644272329,-0.023725402287975,0.8690782202831675,0.31672738197924544,-0.19627770372850561,0.9190115242066308,0.2880991653742344,0
1.2700072325322518,-0.6134125647628823,2.2270593464909174,0.7737521909015126,-1.4309223931417432,0.9319515253356391,-0.35678401155181255,-1.2875172354072986,0.47875325666571855,-2.2228259611768517,-1.401917860511408,-0.3172291160972668,1.2244840162594717,-1.0994322900989264,-2.22090581931753,1.7377888189191326,0.4328234564643267,0.33831187658368783,1.927294738813215,0.6916499145807958,0.6346964506513729,0.2653386946045662,-0.06986550292205956,0.740068089284568,-3.192967708074315,-0.6019335409364368,-1.2884343992082503,0.42661591426163,1.1637583298256307,-0.8726419146612433,0.5167351684937532,-1.1393323301060252,-0.4580048580839971,-1.6962208795011093,0.9042879665344452,1.258009513024361,-1.6917712570215877,-0.17197648716320318,0.42690213843191815,-1.8846693899886926,0.2345470626699984,0
1.1867539823282944,1.5071838092830847,0.1013815700577331,1.53924959481042,-1.4498679386244122,0.20841404801990676,0.8052083325620887,-0.2066895715150614,-1.0305544482776812,0.7716773664223445,0.32398845627022377,1.6800329856321077,1.7229443851995703,-0.9465979655420542,-0.4780513321882926,0.7639858600421875,-1.8799315200752746,-0.8737048506732533,0.44930248552844204,0.5262313442213401,0.05169801906042029,0.4169463321142964,1.1844749348159174,-1.0464818756223813,-0.5120821842408677,-0.05004782416622517,0.4986517754166921,0.37776703049407473,1.3653622920887947,1.092788432203808,1.2071943312330322,0.9828409562362237,-0.42176968508507506,0.9509168001090189,-1.199285174275795,0.49875316757221294,-0.41702167303995863,0.23288823840672765,-1.9189787099010944,0.6607256243087414,-1.3732824122052878,0
-1.264556288649035,-0.8014631818236667,-0.7956284988271729,0.4742989298666774,-1.2152713060638038,1.1116958554370693,-0.2574175189404625,-0.19087134761202637,-0.09486811126370391,0.6168069501623888,-0.7490389051237446,-0.25790203811340856,-0.7378942480332072,0.2776373171819134,0.5165663164856458,-0.5269074443206005,1.3924096935597527,-0.07691471778757607,-1.7371204180286883,0.5509250284209141,-0.13007974675996004,-0.6606566609354846,1.4499958451667516,-1.6802141373469803,2.184862047637566,0.13548852389844046,-0.5445035576629644,-0.0944272788315791,-1.384894636642882,-0.43966505856048166,0.29373923473001956,-1.54458734265665,-0.3818663031265867,1.330660765204563,0.006292807753281608,0.1347173951760876,-0.27142366545485264,-1.8866676014358368,0.509143044374447,0.2025413944543606,-0.2893042755445503,1
0.7745798715922705,1.3211852128789345,-0.12870797234861286,1.7775329686504293,-1.1543211660801507,0.8767437792145042,1.2863269601156258,-0.3628152882669376,0.3038403436882931,0.12597601841783637,0.13653300693322243,1.8921216360026245,1.441518834558669,-1.5814913167809894,-0.33916724364159084,1.8214975175121793,-0.5843694681803508,-0.1420886612816922,0.7464948430595952,1.2961611328894922,0.5162835930445313,1.1893118741859638,1.7129147902093167,-1.052322346448422,0.35769141403504956,0.8034351735048885,-1.0105016329938423,0.8738563975602026,0.578140357847029,0.3974492301208034,0.5154903257204542,-0.041383868130187004,-0.6759252888985197,1.4109220357850734,-0.05401453374163841,-0.17065214163732448,0.7993307315700178,-1.9595126719598608,1.4229916515420231,0.6868775754389791,-0.9433895084306824,0
0.35750731824090193,0.07170635418576424,1.0832683167887471,-1.0779037368607212,-0.8059852947325377,-1.9122144551666804,0.35043277746196516,0.10443686048128752,0.6157740589434045,-1.3004551250547964,0.9001206049370438,0.1460433139235649,0.8135829718583583,0.45717445530555345,0.7246909619254407,-0.25719938398792835,1.4917644098778728,0.639990821259117,0.5157386025753289,-1.2064013985796245,0.3209985939154459,0.3338619236918532,-1.122213994458114,0.6109977178852775,-1.1007681742840165,-1.1194116270816097,-1.0189760806950925,-0.0300986859198115,0.11232369424487695,-0.19839050725215485,-0.024452686283226867,1.0035736541410238,-1.0515146224290355,-0.3417923347265014,-0.998851417768358,-0.39622796012050887,0.34569376677717134,1.089412379844234,-0.13780521644244215,-1.243838992192861,2.1931531387363834,1
-1.4724606049083324,0.2931748743749617,-2.5498029526862274,0.6987276792356819,0.11462335173247964,-0.3153696435247815,-0.5818784752269662,0.8955571137500062,-0.5329514241967688,1.1582684069353673,-0.07682068665117288,-0.4028142951398394,0.043153982586944896,2.076499569720902,0.7207260432750731,-0.9024146774217173,1.104321631442701,1.1211513355925393,-1.0279813603119123,0.9336824782078526,-1.6975848805464953,-0.13390763404535785,1.237358113990298,-2.144994208523144,2.9683336368295636,1.7769955729185654,-0.996545725529964,0.6294111209333417,-1.0910226560836995,0.9162241881322349,0.5297436753880574,0.3000631181335851,-0.38572177267211166,2.1187225121000326,-0.5113794634832398,0.7335500952397853,-0.015057636403791467,0.947514519090486,-1.4676790757542804,1.4926475363446283,-1.6510103364982827,1
0.32701797723658493,1.6777917384718701,-0.08776488363464381,0.0544199060370892,-0.44617591937157475,-1.2634288480322482,-1.3186583863056813,1.3825049811282526,-0.9004501150476959,1.0290170711289708,1.053382601022053,-0.06824234561357144,0.6678187094232001,-1.0130868344807136,-0.32850435792526594,-0.533898313982435,-0.03308418782242458,-1.3006146605459674,-1.378091995070383,1.8200680689229998,0.7733766542086548,0.20970298440837112,-1.6160029697690281,0.4194702429321663,-0.25117800559063025,-1.0914007820578806,-0.3811735054131625,0.3998994504066443,1.2967679233435436,0.7676760267702194,1.7534476153207488,1.809846936258471,0.43202603974317777,-0.7621981157441227,-0.6570480118110544,-1.3015408302657925,0.47356180703292056,-0.15277623760303638,0.19364351148320627,-0.1496978445100628,0.7250795538585327,1
2.2959894671636865,-0.5043128097446854,1.0583705927432467,0.45045040406396986,0.5495036077189474,0.8580055355913571,-1.4162895627925682,0.4234666108404507,-1.1919775955517675,-0.4736392510699329,0.22557440067936466,0.21396333548817695,0.5284082289393908,0.11214485929020783,-1.6770030442750312,1.2116738720746982,-0.46254880904071016,1.239733415257187,1.816820194846335,0.5348810321708355,-0.9077266751161781,1.3568904976274108,-0.6738378848963059,1.204604841724378,-1.5030606400742843,0.227999114829006,-0.35152343223273314,0.2392271827286326,1.0854913059291755,1.0704284153672359,-0.09839079228410821,-0.5006140086666574,0.20819380918651895,-1.2496299925802534,2.258695782705935,1.4169741110646492,-0.2808799481488406,-0.39674452960345225,-1.4915654270272478,-0.14461644525986794,0.4388863201355038,0
2.8283944737083644,-1.5103936036446854,0.4713844419123661,-0.12806204826360285,0.6915351365515322,-0.11176166764823514,-1.4792550084546285,0.682081453250922,1.9751644565120294,0.46462593063859153,1.2958354666279108,0.4537659263382084,0.25257355206577164,1.0610519235898428,-1.3600208232461382,0.9751918600660919,-0.7748240712004263,2.619766287161311,1.6104876083507431,0.2429383188816619,-1.6310880404925572,1.4725808867426935,-0.8156623091495353,1.1214027581150234,-1.0829351498624347,0.31378627101548323,-0.5546652723102881,1.2616314291009336,0.2626238789818294,1.5448818675682192,-0.8142675192405411,0.012307181437195372,0.3090202312138944,-0.9634680806399457,2.3971472407449457,1.1810620966922036,2.416949454472748,0.2785274225386131,1.7983026529405888,0.6865825799865636,0.3450336184172586,0
0.03730185189021935,1.15373856233832,-0.23026587543603028,-0.9640995060222316,0.5644380807982161,-1.526262275635829,-1.0331688599893505,1.3993475588914515,0.07513413681579705,0.962522738760842,0.4618271112191629,-0.4485501334026204,1.3768819312640368,1.2200897089744924,-0.3562939791305077,-0.4780123275674596,-0.4479702330389351,-1.7139278629796073,-1.3869165409763409,0.054842663153321404,-0.26132176699894766,-1.1658018251979274,-1.2336106053933755,0.9199300830278782,-1.3585933201725269,-0.4491797199767705,0.33861409291258077,0.726129174719529,0.38920772423068256,-0.8287779288041975,0.5250109798654505,0.30055251607047595,0.922309767505246,-1.6583546085128005,-1.6406406229580723,-1.902760812199266,0.14275921970055336,-0.4317266381237292,0.2069627815183491,0.4233830453113158,-0.760176409419106,1
0.4239111121493696,0.5857763714862175,-1.1630104769235412,-1.4157670076615974,-1.8379515243007574,0.42693125491634504,0.055687563722219266,-0.021592128861953618,1.4787459573589592,-0.9682312705836176,1.7183523681080712,0.2997103912114974,-0.8637533463388839,-0.8700917390719549,1.9866582055798017,0.9760295797093221,0.7132898166335921,0.2534636341279753,0.48758138334718576,-1.2703667252675162,0.12594524325712922,-1.2823225981096456,1.9953683060557994,0.6454385511532553,-0.23816096686134267,-1.2127726085014168,-0.6908755566005964,0.2189075822061872,-1.2583357860767794,-0.6649013364833564,1.061620140136197,1.4702430273468685,-1.651138004847036,1.4626192398840419,0.16721328227288354,0.6600990365672155,1.0619349579830066,1.2305055894340653,-0.9282262648389809,0.1956132883026481,-0.09147568594288505,1
-1.1958691102070822,-0.4075867398460891,0.1417274177489084,-1.83066183776528,0.21603018972402857,-0.4740312450089478,-0.44953606816920155,1.5059896782689624,0.25907766899938217,-0.9623068253620981,0.6640479918845142,-1.9073311405506495,-1.0969664090056523,-0.05322231756303899,0.5880105524294189,-1.1658071597517616,1.485117078957344,0.7839342885001951,0.329289335736894,-0.37180932418026424,-1.124790132672654,-0.6460531315686504,1.0026000615189188,0.44953551282668186,0.755232921488577,-0.5323880141031665,-0.6174544644998654,-0.9496935845755088,-0.7011223261912976,-0.46841492898915865,-0.14543554471841144,1.5680687211215953,-1.3186621254321682,0.1426909501748191,0.5685892384357867,1.550330625787074,0.3700380994954949,-0.8508789188215286,1.1060326719446947,-0.2441536880257762,0.7955615169833533,0
0.9109530622941984,-1.405338728882673,1.3323392660396076,0.3882563522748912,-0.5505319764611811,-0.898021710541988,-0.4752441116800528,-0.8832829161374041,0.31873397500430234,-1.2593185594989644,-0.8159071911194081,0.5501992373772018,1.8375315490575195,0.8457824798289078,-1.6715673681819863,0.9701609928160652,0.6109111821537165,1.3711485349814128,1.2227886251731772,0.47938164735633837,-0.14253953342369619,1.3240854679941374,-0.39036037435445925,-0.7191070999482547,-1.1028421117352716,0.5278230430952245,-1.395916962670887,1.5369627645316006,-0.5733585136698023,0.4117524945597809,-0.3664562793638099,-0.8079696305351373,-0.32516446381202707,-1.2462372988705623,0.054844474658112825,-0.025390730092361348,0.9399808515365157,0.20719588673846617,-0.19414881763169947,-0.352540508263519,-0.652245086947684,0
-0.15545020475213767,-0.9672341177538037,-0.20829539687067333,-1.4599836355325622,1.117700273383269,-0.8585401285836219,-0.6699896822542859,-0.08708289156596115,0.393232379403615,0.4100105904579911,-0.6476329652053581,0.83643272256137,-0.9236803281819252,-0.7708682533594433,0.9154838861013371,-0.01260830035200412,0.11446688396445004,-1.8268403746752326,-0.5248211906255718,-1.9248325822555408,-0.692359890578946,-0.7059796869470798,-0.5134884383873431,1.173918272235172,-1.6982679284897408,-0.26150854429600534,1.7252327296869965,-1.3017115151328893,0.7858535729776748,-1.697085907190374,-0.7974371580504487,-0.3190741663679021,1.1588872262950438,-1.0641226613641157,-0.2919340223075923,-1.4843374443630337,-1.1441955112686257,0.7317662675687319,-0.9171455491609785,0.7944348985903477,-0.5142859618605246,0
1.1969278891118103,-0.6928895768663059,-0.6385592918289332,-1.2622568232696956,-2.539892304904294,0.11527568210628722,0.11143744845025141,-1.4920540088154828,0.21682187834164418,0.07281079737534904,0.8403504052658828,1.0323059471142635,0.1286254387429395,0.05725784396739423,1.9799978319426093,0.3712229248556664,1.9402218730682437,-0.13150945872836112,0.5082221852985312,-1.5426716302266226,-0.21119070973968107,-1.3382673475126245,1.0910730071263566,0.4885279963816363,-0.9728519253327065,-0.8617111943272442,-1.085163217200938,2.264730095875491,-0.8123959713097214,-1.7850568432606797,1.095780348233719,0.9035445048949331,-1.017851800786033,0.21173143406085457,-0.8438283438152266,0.008848773808262782,1.5134114587998813,0.660342418990817,1.0345064053560231,0.5507965721637472,0.512743456117381,1
-0.34591767195737494,-1.3939710271093295,-0.22541909526845713,-1.1938530942984418,0.5730144863935148,1.0354743766212604,1.0960173563821416,0.9382320935943002,-0.3761941281013668,-0.6178739765736682,0.5442404852700838,0.042325425487833974,-0.7073596388570961,-1.6119352411546661,0.30951224507351466,-0.13125915256730802,0.36401659740085035,1.2700659501116223,0.022591027893232106,-1.195818396257675,-1.4298627889675253,-0.3401991633853153,1.3506742836687406,1.3364906302778745,0.4282971579890195,-1.187288383120299,-0.6065804290802114,-1.0361104075929681,-0.4664981020464467,-1.4376498682031054,-2.227952654615907,0.2074617621480114,-1.1639524942486148,1.2276008795646423,-0.41221651821032396,0.3187645124593491,0.6167494634147342,-1.0703634734167033,-0.5925806416647473,0.713421323889197,-0.04597732485403513,0
-0.5733867651834451,-0.12132635425302155,-0.8243482226245986,0.4728143720462127,-0.46615098323303406,1.0942899995969153,-1.4614557568084616,-1.3612455478341765,-0.5146076422313628,0.03160613788219674,-1.3537874718719856,-0.034837665308762644,-0.8180480664326466,1.7387084674679185,-0.15759036543311683,-1.549869875310065,0.36420902948844464,0.30775197486534456,-0.5204030264908738,1.3011197941331045,-0.7507233846237161,-0.9263874880542958,0.8048535255732795,-1.3832959192656613,1.5549279230147777,1.4076483908143447,-0.12608851589548245,0.919705880566017,-0.4236494608926001,0.15988848587260027,2.4237024107497622,-1.0085892507972887,0.6165040089368287,0.6596042776713352,0.37669416741507317,1.3903544940856554,0.03891834013172797,-1.0091545746839623,-1.8222725457548177,1.739115199457666,-0.84694419537989,1
-1.5876772290892152,-0.9416617996418367,-0.3041968430491017,-1.6603342967361479,0.5686072334878511,0.019744524747703433,0.31904626352798443,1.398348034184636,0.2758548916859701,-1.344504718750799,0.6554187828105085,-0.9048905279033768,-0.13194932397919684,-0.006666904140624414,0.9565646594455541,-0.10513461300197581,1.3554195106133946,1.2244045584053684,-0.2228636803010874,-1.0362501564148614,-1.6069578935116198,-1.087349274232987,1.2695393016393042,0.5138066249889797,1.199977191799165,-0.1851114884471517,-1.5664602757393293,-1.1097699033640374,-1.4370103449415712,-0.7053425970022885,-0.9571926529459188,0.3424709738131842,-1.6813479288700959,1.5768969712870042,-0.38271893206694124,0.8932705725753576,-2.3886100342293632,-0.3568832908745376,0.07764974870367879,0.68994295730886,0.7257453038650425,0
1.2889831640239084,-1.2514008626908397,0.8571797090844027,0.3880519319755703,-0.011091435963161452,-0.4259302724693231,-0.8338636084838952,-0.973806464545178,0.9714738647665794,-0.166074925449776,0.19824768288838246,1.1834017853893928,0.4133978743882343,0.9079089324900316,-0.4448124605845958,1.0572234774205773,-0.6670147072052267,0.920526685208121,1.1848381098777818,0.4839372134356957,0.23445346037258583,1.3015396106344785,-1.269578584849221,0.3731004779198157,-0.9875425603215847,1.6088252296273975,-0.7324180428431001,1.3884168557231944,-0.12737487665149738,1.2525682577151804,-0.03810998426093031,-0.5299411184970033,0.7148964999002672,0.024764847165616253,1.677658825378264,0.5847580809159652,-1.4132507322673187,0.23061088485983267,-0.6603226093852569,-0.18779908965818876,0.9044601594866472,0
-0.6469919216431573,1.259078347203938,0.21951629192499972,-1.119026107730058,-0.2204388374551931,-1.8770505124363865,-0.50539851236176,1.9535357400350601,-2.7422732582162235,0.5269056384843268,1.1447972834050222,-1.3246240038336166,1.4519746468924517,1.0546611234646932,-0.3795402986432185,-0.9387703747832772,-0.3478082723721868,-1.3591424444741385,-2.1067590464800845,1.2521879559876277,-0.37132703419616986,-1.912256346909645,-0.1182158521050003,0.3716434650646309,-0.18132410468158233,-0.8848119360226602,-0.4464972573883652,0.8835790477419038,-0.2716949808300489,-0.803856816870236,1.6849526744147192,0.3662345794653619,-0.4883244203459582,-1.3838006607682827,-1.7461360074286953,-1.0432127198856205,1.54432977665153,-0.9299543867356159,0.8888487724560596,1.2964206798874638,0.4015730355374109,1
-0.06669482435701596,0.6457357718728995,1.678662434114657,-0.27513684280362694,-0.38322257240199015,-1.6486235602583807,-0.04244547948672774,0.3855590452737047,-0.32335950374311023,-1.2804612535396975,-0.21626247789945388,-1.447855778453327,1.7941394733993574,0.5975038681730597,-0.3923884810957568,-0.39347867236115225,1.0525388122059411,0.12613734031139615,1.2613150145977596,-0.5692095996717207,-0.8714407586806687,0.138476416620068,0.4808442434743123,-0.2423368487431492,-0.36594904925916066,-0.47836750837844283,0.0004498251298281372,-1.6789870555729993,0.2577956259241042,0.7182544394467317,0.154131115215021,1.7363105700264712,-1.3182738343188045,-1.526206062838267,-0.2613060127383136,1.2450931111470538,-0.9150390806091424,0.2109075784942668,0.16278204880143166,-1.245287801286756,-0.18092016962702112,1
0.9198413943210357,0.6040509087334447,-0.893677099673805,1.7724970986550046,-1.6444331381061559,0.04642433649774883,0.5618199617430641,-0.7798633991738213,1.1017657023064633,1.5518167436338808,0.4079767876996608,1.9297655916059233,1.373480227118334,-0.4857511647073996,0.40203671261914314,0.9442103218756092,-1.3762831481418554,-0.5095350180982458,-0.04223084755837807,0.6537357119129036,-0.11666615769270597,0.41537300711811437,0.5589086466040447,-1.2882515595796709,0.41566329861592355,0.7917878502869294,-0.2927424747867723,1.3319330591080787,0.818476885330104,1.333876808880973,1.1295285859912472,0.9863851021370492,-0.0567503900700796,1.950765137920208,-1.2392100810347622,0.7040806394274871,0.33251726872311005,-0.4234981001153942,-0.3801173917104782,0.8261126945633843,-1.5391119675091582,0
1.7787570079421096,-0.5436404502065971,2.6223090507636395,0.6162062847705647,-1.9807504258055673,-0.7171753124146973,-0.576696524815712,-1.2377470990625203,-0.9262056221682807,-2.0660442131318333,-0.9700889329644211,0.7089524603475167,2.1621533479666657,-0.16772191378438384,-2.1924518440224148,1.8140380062697377,-0.1519515774837221,0.6533349312581149,2.250066905494549,0.9233642569366355,0.3378241569745476,0.7625793952459332,-0.13541060064843846,1.1343896964331386,-4.252857941240455,0.4868786149682422,-1.9601631400090564,1.8999630329736399,1.374455238723646,-0.8923683923238366,0.19907459400180744,-1.1373604399471866,-0.08742989775242184,-1.1342143534817726,0.8493098548809074,0.7006712771639937,1.4303534833457496,0.5229060824658945,1.777126596727568,-2.0338315823394413,0.43329390850170013,0
0.7386355814521601,1.1030094928444945,1.471948404892908,-0.08623577583658325,0.16587707462428686,-1.6039471976918551,0.1795007792768067,-0.2787878951357326,0.8770101936909952,-0.7522351741277451,0.36829412490207036,-1.039257569900859,1.4224658630739362,0.5655234703330335,-0.16171786365157828,-0.7406443707063628,0.7750935108401869,0.8789474437720637,0.9626418767804908,-0.19144942582380176,-0.5279104346527628,0.7050080824818553,0.10468369922904226,0.8019108895845115,0.05996095816615094,-0.7028977649688815,0.34426828485315447,-1.5975670351433515,0.2562645819904792,0.9057660211555755,-0.1164766566709053,1.2745620340900954,-0.9495538332646609,-1.2933396216060433,0.3356707549461258,0.3224024232690727,0.6279510160860752,-1.2929883949752974,-0.40686712141637843,-0.9937274996928198,0.43505428003660335,1
1.0902805538850726,-1.6480011406131827,1.9488822124172858,0.6258699688285958,-0.427567653390229,1.091668094700998,-0.12437259037082764,-0.6793315852249348,0.6816435238127692,-0.9237144486030294,-1.2179499970391265,0.6634940845718446,1.3743811007372064,-1.1489860529885396,-1.5722865398818069,1.653773745161792,0.03620063141869556,0.6876039241058742,1.7867020049710067,0.4165690034481668,-0.4332509088876553,0.9389149529594982,0.1967218345736754,1.6570726066897097,-2.2753870861195247,0.8672873698724349,-1.551310238263204,0.0704780120614245,1.0348290093419554,-0.8401514416224839,-2.080854434326884,-1.0103294902505062,0.10047699940610892,-0.10384115685662983,1.5124049708242382,0.5782503410564085,-0.5129131270824039,-0.5977325710550058,0.00032925030777021996,-1.5720986719884242,0.18410689384052054,0
0.18421063339444005,-0.6957610499006411,-0.601302786683794,-0.04019648298087856,0.9685618962186956,-0.27892485815763096,-0.6247629416938446,-0.01981785198630769,-0.7287353960511815,1.7019856047789954,-0.6438537993503753,1.2589636266259074,-0.544575003456614,0.5561323409219476,0.39373057928251587,-0.12909067162934051,-0.7451032678131737,-1.3909268742369414,-1.0259919228241943,-0.8368241120644698,-0.4616642885941241,-0.386566402830113,-0.8433614721725631,-0.2955221056356094,-0.27478542890477514,0.830710844865642,1.260010164360346,-0.2933316170896487,0.9377262895278067,-0.6625982940499251,-0.35965260423313933,-1.5397862493204761,2.201109917420872,-0.27377244597735473,-0.23606115967241628,-1.3814792877158633,-0.8055834167124318,-0.5554997070547633,-0.8077647863478489,1.020320288897961,0.0492486600189643,0
-1.4281576792142852,-0.3325905992486541,-0.47905716441896673,-1.6524114720547052,1.1544368885491136,0.9441273196022534,1.1041837042183318,1.8195828001936993,-1.2718248592687724,-1.3567687643583148,0.9330308787430818,-0.48066955650790266,-0.532513040020579,-1.3520357423582268,0.14693133922331136,-0.9756956312375797,-0.0642785241315699,1.3031053260223358,-0.4452682875608681,-1.0716609607144496,-1.0606014834479007,-0.36299848131802664,1.375663839336216,0.5131287318658341,1.179280922631689,-1.5707776178721964,-0.6230098805889528,-1.6469902548895445,-0.9484023790310616,-0.38820316496858764,-1.4709558032383596,0.6984918612070672,-1.754935984380885,1.3767950677992342,-1.0432427513525913,0.13565215169258207,0.21099531707012603,-0.28669917761764113,-0.11090376023125406,1.3662899989014554,0.8169980498428796,0
-0.5768045453509826,0.42456991096906005,-0.6081358977632452,1.3425995677932383,-0.2565586421714512,0.4137100320383875,0.6322752134782857,0.7935993485086611,0.061939344700094344,0.823219251157498,-0.6569788156306932,0.8539619988971233,0.9307380192930134,-1.3275988418352018,-0.7662541094663937,0.4963390388063156,-1.3998741753144621,-1.3928064978761647,0.32300088520535974,1.1827811418573848,0.27846650732476386,0.7605747293979034,0.06560220897256083,-1.0140934079536823,-0.4418818476606298,0.9061644484342286,0.1513263290991257,1.4507658221736228,1.162462512251374,0.2816827348487541,0.2590509061937086,1.4580703400661843,0.5734951155593265,0.7177738352744373,-1.5473985057548105,0.4831403097613911,-1.0927402468285625,-0.2248068784145255,1.3432340896073303,0.4308490093544846,-2.216930118532041,0
-0.578718630822592,-0.8040037540382599,-2.260699554300517,0.5155047167440223,0.6358227673057726,-0.6976631051812778,-0.21770582554753323,0.5707572026627263,-0.184453438607887,1.3793063368320604,0.17916973417600576,-0.4733327251039408,-0.5518689848015178,1.2067822710889384,0.106119949077024,-0.01029066730131527,1.0519219637751578,2.0836806532789542,-0.06290223329165029,0.5733944697441783,-1.1381049424649654,0.5169906523003427,0.4544308156868299,-1.6396896829817453,1.9217993689577528,1.4434778191458046,-1.0326048639757917,0.9873221178407121,-0.7129468765240848,0.592784581526779,-1.0820471190185612,0.7430357878355833,0.15962735339573142,1.1410806605412387,0.36443196863531463,-0.01636937466168313,1.298298366139788,1.3597231930466076,-1.8144937875289269,0.35348658916299874,-1.7470824021706668,1
1.053659148473693,0.0685068642793111,0.2740397651245879,-0.05664133259633427,0.4735845192098803,-0.28593011421885506,-1.7218681128557363,0.6085615953729941,0.3453450369229293,-0.7054607385116948,-0.3272231920854808,0.2914260835650532,0.9399226770436446,1.815477133999167,-1.66717598511348,-0.6548153302799906,0.8233988287772049,1.8379512522044992,0.8418718636138132,0.9527090526540392,-0.8018848731014411,1.519772013244116,-0.8724102002786592,-0.26515522785253776,-0.05811770404952443,0.6016007301418752,-1.3244111214466492,2.159629286982451,0.24071923056498665,0.4249362475656662,0.07298910562424239,-0.5405639427292174,0.6400165510782359,-0.737645425399964,0.21057269675414694,-0.5837543615641659,-0.874590536145891,1.1213657377031132,1.9208590477015857,0.2865712368031404,-0.1971870867305547,0
0.8113169528681106,-0.7286991266837772,1.8066788869439225,0.20123457523945454,-0.45729356079349504,-0.5260322585302672,-0.46027070066426823,-0.3889595055491811,0.738116234884918,-1.9205498110831454,-0.9958003049172941,0.6041026639380145,1.3986410921749388,-0.06204261086876278,-1.9264476131957862,0.6352161861133673,0.03194363745301206,1.1435602225329569,1.71987145480919,0.8334292796824535,-0.05240960060592584,1.1294651881876152,-0.4181121394971491,0.6709328729278672,-2.4312384417911614,0.5589913147165483,-1.6133815917364602,1.4178698266885021,0.9548387628597025,-0.6111346485962317,-0.2272866864836023,-0.8172432879401657,-0.03468002917593472,-0.6888922195654231,0.27763821300315156,0.35914114106821216,-0.96293189113394,0.6529812330941883,0.5810131396145121,-0.9824808625590038,0.21880342781549383,0
-1.8076853994667057,-0.7886827636520776,-1.191130437340311,-0.9730467076362638,0.781234765341042,0.9491441168792071,1.363140164425488,1.2964424492965767,0.42777775472917623,-0.7977088898517316,0.041839489805660976,-0.7559282001047696,-0.2550404357136527,-0.7184135706664704,0.9918218488023404,-0.9485294491282761,2.353181562605825,0.8579571441257258,-0.7636687036705688,-0.7910899546973503,-1.786740768314522,-1.0774766117319077,1.0407051921046426,0.2983299980596682,1.746659841488319,-0.8409724088832417,-1.5399038885856433,-0.5996879513966078,-0.7659850559933743,-1.9453185388825505,-0.8275664624128405,0.023333292328097537,-1.5333804877564947,1.5711267692614137,-1.8758078273581886,0.638959687298992,0.6793586305322539,-0.3302190083652836,0.1732559846996966,1.7608208652633164,0.07155265309376631,0
0.6325865976565078,0.9485754956545052,-1.1981940424369804,-1.230841554950191,-0.9795261086608773,-1.1701355972995782,-1.01354351489082,1.7044703660005138,0.3305754450580157,-0.0712671832152168,1.0699742475488752,0.84467443526401,0.3768838815434847,-0.10951558146106834,0.14062783974015364,-1.2075004200427113,1.845689352762369,-0.6535914102733119,-0.7694569056519166,-0.21862162959599815,-0.4880190176995297,0.5385482698582813,-1.0986943606680466,0.033690600162690196,-0.8073652144011372,-1.8339653221638006,-1.0517130264396353,2.77822971932879,1.1826860275575668,-1.326068024261799,1.0324373230759227,1.1128785202194604,-0.3320564758154282,-0.014290366605651316,-2.5422758919706645,-1.1491424307358913,1.0347524806181831,0.7144287866417799,-1.5095659941495574,0.9017431985690706,0.3740617651208314,1
-0.4150029827517493,-0.7161773546012675,-1.8899246152764775,0.3715144872547424,0.7652269737928884,-0.0019490358997557022,-1.3556911713700877,0.5436707196760074,-1.3268080796393111,2.8129325933825284,0.27227213082568597,-1.0572657543696524,-0.32387049240683424,2.7770953194645576,0.7252985539602308,-1.3913741625769662,0.264421553293281,1.782596248424654,-1.3004928312885427,0.5955838998601134,-2.293582246559512,-0.14876510209942972,0.6846266097694689,-1.0217706307518293,2.920740756000397,1.9062997856255002,-0.2174221694093455,-0.39055870077106986,-1.327300066032923,1.4765251939955157,-1.2907197131220765,0.10298472504499114,0.9185504005088002,1.6860188909140108,1.352684367452369,0.1792394424759144,-0.3709129710847303,0.2279224147720886,0.33888431649479467,0.39551721953307134,-1.3009981763676304,1
1.5538158535476037,1.0410399469004665,-1.2679315361915786,-0.2827557335388012,-0.6773202256140356,1.519747599773369,0.28747831181157874,-0.3937039938468734,0.3354774104361444,-0.8840088325078782,2.311868056794281,-0.5564054819544807,-0.541566696594528,0.574553152579645,1.2481025921995734,1.7675820434447715,0.1074869590564522,1.6586240001386638,1.1318045711734737,-0.998351389218819,0.6745196565132127,-0.2954001449742179,0.8697448498326085,1.0086702983112934,0.3631671764142119,-1.0126515502632654,-0.5638300608656054,0.8155852524557956,-2.0738626676276892,1.1771320314557894,0.849245410242868,0.6769115929026737,-1.6128689971064516,1.0512269934458898,1.0737236880516052,1.3631081477393305,0.9635088852517465,2.370243400820349,-0.7701602148282042,0.07059799301897698,0.10352245986529703,1
0.42515703280245803,-1.5403806166351715,0.7163292701784681,-0.7151437582980558,1.3205677613803632,-0.11733214185277233,-1.4897901358742838,-0.6484641122279001,0.6940870965763236,-0.25204971996191355,-1.4417979476406908,1.1622620939753547,-0.33477515984476447,0.08062150495091057,-0.45833306642431754,0.18853329634343072,-0.013498984519249614,-0.6413138357154307,0.30035429369591904,-0.6120465160177997,-0.9079039244613829,-0.7007536397287414,-1.7373954473705224,1.5062986515643804,-2.088894869706622,1.1870759881948902,-0.23055554561107405,-0.6024453139346692,2.0203583240450027,-1.2801157898084925,0.11123325300130463,-1.5778641622339367,2.0123655275894263,-0.9368730197345947,0.7404426229556451,-0.9186854637999688,-0.1646178413761884,-0.23892984541500137,1.459688422730509,0.4695160865896982,1.6456933903803417,0
0.9297570957164775,-0.6435103451467132,-0.39937061426973475,1.3789304441850079,-0.6389550182723925,1.5488747612228915,1.2801646792861956,-2.43091877769269,-0.8505905027859813,1.3462706407995682,-0.07663523505366408,0.7506988376292291,-0.36099004407073915,0.4568104497601474,0.8004730220358606,1.2177756152279255,-1.060039178286201,-0.4707659894622208,0.07788680089300345,-1.5983451939744668,1.2652535446779039,-1.0481606115737931,-0.6818033069718552,-1.4092800759694015,0.29373184851739476,-0.15438062154560508,0.9944819620653663,-0.24858048217820686,-0.2013037354404663,1.1516339051082007,0.6512036664020875,-0.7727244669179435,-0.05573091084585494,-0.07169932124286992,-0.34234027972652253,0.3708435587198213,0.1563779274193128,-0.8153156727690144,-0.04039248995269944,-0.5251174537656327,0.6065335595222655,0
0.2756301652175032,0.6779749168185519,-2.1586783899535837,-0.4125387424883927,-1.2978894313710414,0.3813066558981278,1.3778402047651888,-1.2818859385798727,-1.2734517310330529,-0.3352687864237041,1.9090643094872024,0.36711650397615025,-1.1390662576130222,-1.0952006019458902,3.3711574136559697,1.8290246830897205,1.5013007306165678,-0.5309124445466551,-0.2927912419114269,-1.23506321519936,1.2016882266930868,-1.2581974268742249,0.7182666088448286,0.6091456363946753,0.48187289976992875,-1.3346901744608468,-0.4013026792660294,0.659315494818601,-1.9009479952006025,-0.5077763361328083,1.5089399102852172,0.9148762456903116,-1.5857390398767708,1.3173422431109594,-0.6041591317570307,0.12662119289865292,-0.7076532156427505,0.9292105244142349,1.3255639841682516,1.064914725699176,-0.026411088198737605,1
1.1495107239849172,-0.5066038807908879,0.8041396899832202,0.4646900130556284,-0.8969703116221721,1.0704002465366858,-1.8553670288935147,-1.027781781821636,0.24009154980782557,-0.40191862535709605,-0.9060014871475464,0.832746754514517,0.9602872104535021,-0.022038099229606086,-0.6811438257443383,0.5063822627477291,0.8479266370031162,-0.1827904332763493,0.5522852950031343,0.3599081329081416,-0.08018969013724243,0.33068132018435475,-1.3050959289118294,0.5275781507842316,-0.9241055257780149,0.34182967970021627,-1.2702348763279088,0.5111600563940556,1.038541900856888,0.42961112672194746,0.9564704769203097,-0.20893320721768163,0.5630025820517305,0.08291223199243973,0.4012280609015967,0.1030239447143847,-0.8299699169336923,0.08976197009641254,-1.5714491279362675,-0.7853269234886397,0.905185042701186,1
0.044920133886817384,-1.1673718533857518,1.0068349790295832,0.4353826477207983,-0.014247125983176978,-0.23991130315021553,-0.24380087412604118,-0.6871375935325633,-0.6025853466361316,-1.0931559314026555,-1.304634731376361,0.8841592025288904,1.4988254110494819,0.27477951944095863,-1.2125070404242402,0.41140997003740126,0.6537454782268665,0.9203262353861221,0.6471647782124229,0.4736726332480111,0.038123667670865335,1.0362811022578882,-1.1780891086332197,0.02351916501056745,-0.7573263927610264,0.9682558030677347,-1.9055743496407285,1.3466285127564694,0.26583482015137716,-0.3955209762869508,-0.9484460160031535,-0.9781554383452146,0.39186218894258484,0.3671310119215687,-0.6723358653536029,-0.6868252571517388,-0.03585516564715202,-0.9772100253667866,0.0892638006271666,-0.7625405722092115,-0.08770156539706934,0
-0.1559196677580059,-0.23434309375575746,-1.1950037463733263,0.47421022939321544,-1.548609106479978,0.9591332967852835,-0.6076022324774187,-0.8493272663271743,1.0523635807559646,0.19563594584771307,-0.57207929440903,0.28973617470100543,-0.26510147454182204,0.4618622420057396,-0.20106651200188438,-0.10012753935809611,1.0597325006205045,0.4845979021885578,-0.6191564176536111,0.3357063055988283,0.3031057981542452,-0.5329643808791618,1.0410290441664238,-1.906160933384998,1.162759400175562,-0.13736502437651918,-0.8459349105348893,1.2160838726800174,-0.7708526551545104,-0.124677065206182,1.0893652447284297,-0.4968409809620792,-0.2902870487066694,0.6657200021707433,-0.39207558946155946,-0.4134741822677198,1.5227000354802873,0.07787120067884597,0.3064277277801551,0.05354859279996837,-0.8627892345508503,1
-0.7615192786876132,0.9065426505097969,-0.7399532658407818,-0.2848295165740894,0.9825914977376453,-0.9636730593413146,-0.7669891837823049,2.1302312161854284,1.3314716667327946,0.8556885962470169,-0.4310526749238901,0.016838840618560256,1.4465553322452542,0.41266923047888737,-0.8799489430154195,-0.22974860940591768,0.7668323395104707,-1.507065320185363,-1.203813396467149,-0.18095334488233047,-0.4331416457785923,-0.5984842015862551,-1.4327867051483016,-0.7641603674762649,-0.31158681265407534,-0.23472895381149514,-0.9143412843997728,0.2711165408857093,1.6524688530115086,-0.9909338576400526,-0.2936798061396087,0.14157385177935405,0.6493711200572424,-1.0339809199739065,-2.1971841259335645,-2.172816587976511,-0.753190968082626,-1.7881916273048215,-1.4512520187707023,-0.11514689858633509,-0.06611043534674772,0
-1.1396701716274775,-0.5449910949157077,-1.115084847358528,-1.7207054382989255,0.020052713527887314,-0.4789606679493728,0.5211486521984736,1.3072813154620884,-0.6317739943907132,-0.2499163016160121,0.748207805378528,-0.3427140498707293,-1.6774711330168022,-0.6280769998751742,1.448357095366411,-0.8696870575828529,1.4858313184815952,0.49921784187351076,0.05233554028843543,-1.0406879417940813,-1.1523835497563117,-0.46771813347236346,1.6592462310133738,-0.16398602999845904,0.7854413148583429,-0.48762636439582135,-0.3835609404497065,-0.3383978320367638,-0.5356502755146901,-1.6253823011209199,-0.9344190471173746,1.1836887333761852,-1.109299417144461,0.9057471801977147,-0.22321886447089287,0.431496148241391,2.4630496368221455,0.6830270329121255,0.0689738710065689,0.5307833139892487,-0.10312657737256906,0
0.21494693628237377,0.3191251858574655,0.3872249335884449,-1.415979989840564,-0.6515022910725295,-2.138766010719677,-0.571149880808436,1.3675728813498396,0.6595848983611515,0.1563052916202646,1.5998342813016275,-0.4574062858129026,0.7749403135008798,-0.29825889221994634,0.6297009740839844,-0.5391941916421984,1.043968937565688,-0.3175953233696909,-1.1840901270008453,0.8484848197081454,-1.2335285267542808,-0.6775834228288634,0.29139259852764626,1.1695743016177178,-0.10639377252622519,-1.1728439948937552,-0.6694870458537038,0.0013831458549605736,-0.054604218657337986,-0.6010242742768016,1.2046232485552546,1.288844030634724,-0.9128752370244245,-0.5843345242972758,-0.5910362728204089,-0.2360228461151636,-0.6801485640073973,1.0326121804414201,-0.36156565839042387,1.3584441154266824,0.7414421966440627,1
0.7376422938281991,-0.3667988313012766,0.3293740701626652,0.4036306994404167,2.2834905373340564,1.6913024372322407,-0.7045461377258305,1.119319499455315,-1.0896517438491866,1.9598717641575152,-1.114233532213739,-0.19591243810432224,0.10305682608672347,1.3746435155341317,-0.6243089057420758,0.4308503291051653,-1.0036058702871593,-1.0094476580320508,1.360977891755977,-2.1173222564579155,-1.556216818954199,0.25992421840579993,-0.2457958253033619,-0.3430576652945645,-0.20583959047962347,1.5899555339678761,2.2557579594566066,-2.088316803284828,1.5816381434484261,0.8742423228060834,-2.726805100189002,-0.4700237390988991,1.4006572650910831,-2.0345985020733277,1.7880076462045356,0.07404084367865636,-0.896072835500204,0.26468768232534695,-0.5068263687499943,-0.6278995689330219,-0.08685426465958569,0
0.19948583029288341,1.250795522302899,-0.43671411277121697,1.1290633268947379,-0.9018298474732694,-0.8978467331560598,0.43703272867959264,-0.4829800247249282,0.28751098589495167,0.27232955100928896,-0.11743975934078642,2.2297401645241846,1.0489050323546287,-1.1976990929813072,0.5177245448373928,0.8262782675277585,-0.4116794398117268,-0.9557699073942021,0.6599165930336937,0.47724273144682017,0.3158367831104845,1.0330652874851127,1.276857513259669,-2.02608811591457,0.44828658580521513,0.8554145595717979,0.14390097994399204,-0.4306997676173711,1.0388305359277972,1.3349622235285532,1.5686855127442871,1.4170431941327142,-0.6395509635289238,0.6051368910699226,-0.423376537879832,-0.3789382202515342,0.6223035199057401,0.6793642425275048,-2.088614114764201,1.5098542499232754,-0.8427756132722999,0
-0.5377649698113091,0.30667849973302835,-1.108735829233487,1.176398830405029,1.7077473555169411,0.6670458473825094,0.9862930617822986,0.7056685327812571,-0.739424244735587,2.0451702074538303,0.22488869070323764,-0.018021769241462184,-0.8846372715179351,0.499879488442575,1.005396298741497,1.3441008099914804,-1.260927527602049,-1.3400220327197283,-0.6329314738067314,-1.125350788202668,0.9119706456995268,-0.6084476198980002,-1.0195608451163047,-1.3309944824974225,1.1353661485982407,1.0116856767703444,1.6858066165889443,-1.7251545535395536,0.10934458607150124,1.637420731983662,-0.4701137117245072,-0.7353004368909876,0.422991864323817,-0.08576048913751474,0.5666181035022819,-0.4528778108289844,-0.8867375070814602,-1.205427657942367,1.891886695449849,-0.10567392797297945,0.733977961953199,0
0.13998959194700147,0.15871541446388843,1.1130162627633207,1.2901476924659334,0.4752112736065144,-0.6126072554571965,0.3867908701608895,-2.3438494309836932,-0.7814840259360555,0.33147609995536476,-0.8947126574330427,0.031126065538783963,-0.22152917642849593,1.502292594153104,0.8045274048773876,0.9624014102209278,-0.5341920485588683,-0.8391950671303889,0.6417632246577799,0.14628778664705197,0.8531538887319895,0.0015266810616541967,-0.5400887101481423,-0.5211630741934001,0.34384129718936385,2.1703712512406756,1.3877289130187085,-1.1448390166974691,-0.037805607259992165,1.0548084433104654,0.7227570881773716,-1.6524653280616173,0.7241110506422374,-0.8249330410343736,2.28191657364608,1.13540317987709,0.24924374468618224,-1.0186392848101853,0.3606443010098224,-0.7144494725067391,1.148032419394914,0
1.437305361516201,1.6221294150595353,1.0416262944262384,0.487527559066212,-0.08354130589960088,-1.8656399996137745,-0.04405683863761182,-1.944092274254812,0.5505874747351263,-1.0331424789291586,0.08922132480263534,-0.3852814478855661,1.3334139228093593,0.9486503079875388,-0.5021987007879862,-0.7143134023228374,0.5944472882157141,1.2894593519238922,0.6462514905520368,-0.42605059862265365,0.175948460654411,0.7156574706708764,-1.2459988312601955,0.2940848823412679,-0.5840823133308675,-1.3686839622192064,0.5350702619524074,-1.0183060556629357,1.027242767619973,0.8861160552545795,0.6365411412351142,0.5770158112565749,-0.32079171894831277,-0.953235359518733,-0.720823591510882,-0.6732483108678705,-1.0419955687600895,-0.8707066422825829,2.906395151213946,-1.3108288825210397,-0.48786430493688465,1
0.3015735259803467,0.18658734618322123,-0.3359669030022452,-1.122477140857399,1.2071663825581018,-0.5440467613690347,-1.1274932155264767,-0.7390650325675978,0.588081968196074,0.8472501270387811,-0.63051736259796,1.8558375247049217,-0.8211797458124566,1.6853641599660913,1.3877755661358115,-1.1300946334782183,-0.09850975380186677,-0.8087711319213822,0.05525787698171914,-1.4640640724597562,-0.8427153400807932,0.23236432594613546,0.6911115203478686,-0.4500582532913539,0.31644261844463917,1.7791350142431688,1.657095603894986,-1.0201551184456714,0.2608640674168416,-0.24943510071374791,-0.04053983244962108,-1.2465750237646835,1.3616987969237646,-0.5816504138482432,1.4398526113457317,-1.6116947182821062,0.9059627701076257,1.3510833834464453,1.3792164048870452,1.7992777308838286,1.6245948976801956,0
0.8557304574078703,0.6497413549944658,-0.5057439656540507,-1.5494681532330987,-0.18339014812823562,-1.7751191788952343,-1.690829112136154,0.9008309163984306,-0.5195104580881229,0.9418228274740019,1.0117053447269844,0.39867830209285793,0.4444077472304364,0.4092951604699744,0.7130265609753966,-0.8632848519771994,1.3548252481395404,-0.14937954041467305,-0.802928395272845,0.23280771869759403,-1.3682214265183683,-0.22335844291231755,-0.2809732989865327,1.8072631777961292,-0.7461520552390998,-0.3553308939099821,-0.6795690533629837,0.7575346864134197,0.8162578479847886,-1.2569724013622552,0.2046250156459717,1.0277312989142526,0.6977136233382623,-0.07652009000370061,-0.18452407321892897,-1.6771546510230704,0.6699939586861916,-0.4697839587865241,0.4391584972519629,0.2268557097863497,-0.01833684078864733,1
-0.11520916158430852,1.1888845556648437,-1.6527158339532002,-0.5680993348613006,-1.2682292073747523,0.4795568131262249,1.526274561712109,-0.7159018404726201,0.741384130421203,-0.678580312634988,1.195882717922791,0.6751609281302363,-0.5264551161532024,-1.2826441839308877,2.5507814146819463,0.6108637040262898,1.2400692829381752,-0.6636722336892309,0.2551603713976311,-0.8806083871993597,0.9242638405232978,-0.8192042982630005,0.9267968511844823,0.7403749978716069,0.019829514969895743,-1.109829074436502,-0.5741874407249322,1.2489434856541166,-0.8639081495301735,-1.3257781451347908,1.31874160531933,1.4867558090982431,-1.3919381999711335,1.2638911881882986,-1.4924718907486676,-0.06555836591069654,0.07294444089044903,1.1692133362994597,0.7415963172696494,0.8818964618753897,-0.35949412013158155,1
0.5409734961239818,1.0654246250955124,-0.2312949445816391,-1.555032371039014,-0.9653854747092713,-1.653769609787907,-1.4272084386576112,1.7812491626655902,1.2580141415090471,0.21581131820825014,1.6055159005384894,0.462143388837429,0.5031701728186799,-0.05714465464295525,0.4054360176663013,-0.6148016103372685,0.838693165359726,-0.7432226576682138,-0.9575283999454544,0.477695293028317,-0.4492155452484529,-0.023836205696059345,-0.35379044337547594,0.9518446409665825,-0.9768308505142406,-1.0615269768198587,-0.971231798685256,1.443360556557482,0.7072004482739126,-0.7291297810959934,1.04034937064314,1.2542067147945912,-0.35224154184551226,-0.030337632351647117,-0.8909532530917701,-1.14333001669697,-0.7506037694865411,-0.3162038474457928,1.7529314557232936,0.35255786878573614,1.2290239930421196,1
1.3393557357303056,1.6865007316071647,-2.1994005727419372,0.9862170846580471,-0.8282422829452865,3.4372426085314958,0.5285212981870414,-1.0596326771812057,-0.0929376376887566,-0.23237478878571996,0.9977078202520474,-0.4006665496976864,0.41878319107354406,-1.5083447846386937,-0.26215094884679,1.7180513612788153,0.7970409503245,1.977631420086911,0.6305737449639816,-0.06323089088504046,0.9767944461660311,-0.8356914405272298,1.2724163637253159,-0.543587901850984,0.9992738398496366,-1.8298133783967627,-1.5698751138839597,-0.21004116843056816,-0.6420056840565762,0.8282049191852757,0.8660561014893569,1.3231814957669328,-1.3865365198171236,1.1666424885634175,-0.00806894156431184,-0.7919611920025686,0.5018658422936627,-1.6248271670649104,-1.266446635935575,-0.6331962658100387,-1.0518913119072517,1
0.5165847715236389,1.1298600455308843,0.45727289717927655,0.02242365100912267,-0.2060520025917186,-1.6957556970261545,0.6499242599333419,-1.7763157543417363,1.431129266030759,0.0235208975226188,0.04311163041844151,-0.35168450719045113,0.8610307879056618,0.7597463279760198,1.1516670619677216,-1.092295411818273,1.4451693962911438,0.3733281484666762,0.5217191572780787,-1.0467019044168233,-0.04850207250137916,0.4798045704567621,-0.098841871080272,0.23497927376478137,0.26639309846288245,-0.6523055698094258,0.8549896887470357,-0.9482998503049536,0.09673837035367086,0.02643748465926399,-0.3019454543034013,1.3599315367676825,-0.45378179622964704,-0.6059821604545623,-0.6946045048552997,-0.7282361228677123,-0.8677268626842699,0.7058927840762188,1.3756961425755923,-1.0858054942969193,-0.8680027046820371,1
0.6257181173031648,0.7415899407019583,-0.495433019211325,1.436230903642925,-1.0016193759956673,0.38102860977109865,0.6672664942024247,-0.1862662792405633,1.7523714093557932,0.9744032015183176,0.062007507608370115,1.5615300581416596,1.3386381763519362,-0.4047500990717935,-0.21302559416391165,0.31144339133909216,-1.5054015288862994,-0.7417289783830232,0.2437571930508014,0.49360766072566997,-0.035284312660245974,0.5492347576267103,0.4306933141383657,-1.2464733818056324,0.1685962662245973,0.42977198177952736,0.24339961609860927,1.1624418711283786,0.8717104949637156,1.167171392701855,1.0933421394678242,1.0007599010235553,-0.1911852511401501,1.074969894145963,-1.5816573609915945,0.7849074301173969,-2.008465574847775,-0.7665575394654855,0.5040885961509775,1.1490321985410021,-1.451225734833108,0
-1.405331516317811,-0.7696804736228032,-0.7862349428518297,-1.3961399915136399,0.5466079407503074,0.07817764940037879,1.3212194150195256,1.2222404298814327,0.5866824698878824,-0.9777780614560714,0.7405615607500836,-0.20625942449962104,-1.2830191875162764,-2.4980524829026747,1.006868885668612,-0.6412360432972359,0.9029227150958592,0.7678513526131013,-0.6062558538901193,-0.7527964932957028,-1.2410495519240623,-0.11513848559572883,1.541847684366634,1.0864854626069724,0.9351794677400522,-1.67994108028904,-0.3480062402206432,-1.47643692971692,-0.5614248735337769,-1.549720623902451,-1.672413901327142,1.0335154725355258,-1.4462675204948796,1.7703978291063138,-0.947968239050183,0.3173689395234734,0.5044273916295734,-0.46682130099889535,-0.8678082244196381,1.142665949929897,-0.7639708883299049,0
-0.2353462835144685,-0.6196002682623222,-0.6720999570625644,-0.5349057852113707,1.6811490306035828,1.1575214685071178,-1.0609078969717296,-0.2955646102955504,0.18631136774653684,0.6488480985620966,-1.1739345586459868,0.12069699832044918,-0.25348300584076716,0.778301174172379,0.5223411071974428,-0.15368971718654184,1.0555678719129988,-0.8935529693029562,-0.2964578485932505,-1.131505193377743,-0.4953590081709593,-0.8652170930218789,-1.5927605879569537,1.1570873118915894,0.09337082149592038,0.8947555612461857,0.04513187013904888,-0.6589440714265921,0.3550649508675606,-0.8656378813536638,-0.48144380456411134,-0.8390995128878608,1.3825047765646865,-0.6121812195940273,-0.03950381928492398,-1.2949221413555743,0.1934134008243071,-0.9022153120204994,0.06843222155200542,0.35109259201124104,0.3941577016421257,0
0.10707818004990548,-0.7921233472012542,0.2238299608464679,-0.6407894202123278,0.8698748720802808,0.6952835377886866,-1.1278666386030767,-1.3244086857850625,1.7248778663034112,0.5787306092299244,-1.6668573858975713,0.8814803910725865,0.0971520675652819,-0.24396752255855,0.14293323130662444,-1.0441338121185393,0.46610446492876756,-1.0068879936175619,-0.6161220343256292,-0.36313055653489656,-1.0467201636377093,-1.1383461298914264,-0.70642022150014,1.9213436304878495,-0.7632664693526429,0.5712592645602904,0.12723953119484735,-0.6602405349110971,1.297035542799145,-1.8813736110131771,0.04345863983763213,-1.0364822014251833,1.943892599658421,-0.34615707196181883,-0.25024595745272127,-1.4349221615891163,-1.0031781345196649,-1.2837960638784944,-0.7421876078597863,0.741354213833096,0.2665857231340795,0
0.7803016544586787,1.086947793590291,-0.3020829514925188,0.4732104681217981,1.252194655241641,0.2335211133244795,-1.452281407174007,-0.5781514943729013,-0.9247478135307746,-0.5551743612027824,0.43242190164259453,-1.7869414449695251,-1.0389687683384485,1.673405358650629,-1.6457090148571287,-0.5751235614089306,-0.9753225655335268,2.2240022308995826,-0.3882457522181207,2.162693948758447,0.9668183641454559,0.6837780634718668,-1.5380987685494165,0.828296906547641,0.5887087620818459,-0.027302386672750378,0.15537912397874293,1.2310505512283298,-0.8621934502999667,1.2920340200990494,0.9745438312832909,-1.3938327154866608,1.6016874957164142,-0.5098868718212073,1.7744739714067532,-0.5701010858984292,0.9287956534681882,0.9371841188767096,0.10561379617218761,-0.18797241636424666,-0.7683362399842217,1
0.2841841889397799,0.8054722456180342,0.07125621899445142,0.14282820408441851,-1.3261887998337085,-0.01252964531719921,0.759907972725849,-1.5601402763521963,-0.850653379355455,-1.1599732270664238,0.5680018076065405,0.7498255402664558,0.6498596832182344,-1.1369513936925775,0.13251983618770555,1.1469010529331647,-0.16213396929967197,0.44508519976942323,0.23875895923237633,-0.07130133683990542,1.6315499563102327,-0.3408860423155208,0.7222167791497133,-0.7013947857012771,-0.35241433460283594,-1.032314472432913,-0.8839955120853495,-0.06271091705346102,-0.9162155176062409,0.4696674126342134,1.0696915893759578,0.6784119891865731,-1.1039046659295695,0.4019165017120702,-0.367383684837243,-1.179830491171419,0.7313442985375257,-0.41481180334117207,0.2077745678861825,-0.563558863216881,0.2986943216117092,1
-0.7953709187222066,-0.225028301526368,-0.20352764191779765,1.3550471577913574,1.5634904428086989,1.0779877340270474,1.4773788212951389,0.8016628076207388,-0.2561702305091321,1.5932713670048875,-0.5971772187725286,-0.26607139737685687,-0.4451414584087896,-0.23476763640646192,-0.5262584228398413,1.1742096293846394,-1.8580364320894016,-0.8549383084983939,-0.18801490485093253,-0.6904376779660476,0.8538037708325719,-0.845054652313589,-0.5334955135389012,-1.3832925015809008,0.46491514386050015,0.9204812665806367,1.155722014136648,-1.5990665999837506,0.9630539364418211,0.8380222671026345,-1.4271838777551333,-0.8326196727339505,0.694527342838353,-0.30022272030946723,0.21989188995209108,-0.42283035313844247,1.096233855840027,0.11972831822813963,-0.5133180162337795,-0.9157392582093792,0.05489225537029968,0
1.355472613887879,1.709428185168304,0.08851339810635225,1.9868897873664473,-0.8747971454027655,0.1420005015178616,0.9946816759591475,-1.177809414013622,1.7843892313105336,1.2353318306951258,0.055909759853931436,2.0823584298060953,1.4476857849278835,-0.5843131287441343,0.25684959433824683,0.8873432530349441,-0.9355941140467761,-0.5734402818019624,0.6792013623462835,1.0108062028025266,0.09828077775951956,1.8450125233718921,1.713954593037646,-1.1556701252627868,0.7861386552396807,1.189572973018935,0.8790909823709908,0.1341351048286665,0.5233773511566627,1.3101873760777514,0.4905044362259906,-0.013395708554235707,-0.18006193670534823,0.9154731390912431,0.4402960655961884,0.07302809687627825,-1.326599182504325,0.16497481169148775,0.10434848836981883,1.2316744866414575,-1.1845422638186736,0
-0.2094051322522151,-1.265472716452153,-1.4607719139276414,0.8454344969945777,1.2009645436737237,1.8769228863285599,0.9426717986699493,-0.862433238800834,1.9666052325429708,1.5908797020268433,-1.298878738881766,0.01427596959767423,-1.9618765968793381,-0.1982644783108516,-0.2870976973559608,1.2107132577623712,-1.180891009346391,-0.7763681833221437,0.5265957026242218,-1.7968081383349195,0.8000083686661872,-2.06429579806236,-1.027175653673393,-1.2937931567827083,-0.9456266834241622,0.6643896284762856,1.1037748963862009,-0.39882904281640075,1.6351091064038223,-0.8839886700583165,-0.5752105924116013,-0.7146811890805835,1.7729315029289643,-0.9766228771661525,-0.16643653303847367,-0.5374653038519381,1.446988599865662,0.6974432158810864,1.5133039312491245,-0.8776799374345092,-0.9188455079695559,0
-0.8817498089095325,-1.036259730617802,-1.6551541504471527,0.31955520843881935,-0.37842948086931266,0.7159149562667021,-0.21105309435164327,-0.7246216797583052,-0.31270041137219157,0.24240409881517522,-0.5563814127885707,-0.007533602402249476,-0.4276381249812281,-0.004638266826253026,-0.03381945883477741,0.46202809640999204,0.8686247244697043,0.9065984852735943,-0.4100721026275807,0.8390838329001927,-0.19650905305455804,-0.5829879802473872,1.2585318694101992,-1.4534619495723988,1.355936303538141,0.9144749889466985,-1.0988185519719016,1.08468853246087,-1.3574477783750722,-0.322836390574153,0.4392956712310867,-0.10327585552596556,-0.30846363942006844,0.9297557739389437,0.17022421387490966,-0.11613016685931558,-0.49517687413465944,-0.520109896402396,0.33475726817867435,1.099670350377096,-1.6146956843122218,1
0.08785971996246865,-1.4171661663658686,0.6906535350768898,0.8221806181135762,0.10121750472363675,-0.39874499064632474,1.0410876987662299,-1.058208120986481,-0.4499739693174477,0.9855769792727154,-0.6008391186440024,0.5192447693932631,-1.276527217405172,-0.1069462442274031,0.08586978731959734,1.4466396406463709,-1.474537573330624,-1.3474161187928777,0.3625789119763975,-0.9412331016124315,1.280933867445718,-0.5958624611987225,-1.0431935409630417,-0.9410014796614787,-1.6996227641919768,0.8829080031541825,1.5196359738527736,-0.29697810658463436,0.8589903787541107,-0.15282421617770645,-0.371429819085348,-1.2853851715051687,1.3463654976025645,-1.2708293663274213,0.8448165168819576,0.2695559590652737,-1.1078308613840773,1.8437255237896275,0.27738576315301705,-1.1794305410596138,0.6428364297775556,0
1.3124416109211356,1.235745030153088,0.5662289292035151,0.30081966735436744,-0.20718121246501764,0.40001501523255606,-0.5907221453437536,-1.1634248095446817,-0.13409899138457132,-0.23679721940759954,1.1429297964554677,0.14719118723599525,-0.5376684466988161,-0.21051694545194355,-0.5237571292065677,0.08033068995318267,-1.246851789413948,0.8347687253281275,-0.32040937589457996,0.7408432412477476,2.3655257926812756,1.3290089879461149,-1.5122535820258096,0.9301112762654227,-0.25344741003772203,-1.1539702117114452,0.5460852381239595,0.04316630424904271,-0.9246264998008518,2.0043116159162513,0.12567393593953702,-0.14559677176221364,0.6276355387337473,-0.23957369294688804,1.6237029580433346,-1.5626458641325025,-0.10007465733194933,-0.9806635209426716,-0.002312609767999796,-1.6286785386400022,1.7794039442006253,1
0.33079011914482914,-0.35416286901844185,1.9873124391369688,1.5379460221807821,-0.9243260243678104,0.13334945055671157,0.991141802251189,-2.0379689596186026,0.06289471535985199,-1.6201032427058515,-2.0910194073238264,0.6647911002693461,1.1277385348408315,-1.0074503868141622,-1.1071009827900598,1.8317539376296623,0.75214298415123,-0.206081550080681,1.880283470845713,1.1218458026921847,0.5045325776467834,0.7028460702984825,0.06566167648063531,1.085222734329811,-2.3527361276395724,1.6140600988996539,-1.536644774202302,0.9846592095185285,1.8040363868762632,-2.0971024918397023,-0.32719884077165423,-2.0321177643551787,0.42252413681592077,0.3075122233537395,0.6982083108840035,1.1541413892296475,0.6056952904358812,0.17558988499766837,-0.1652387844929064,-1.808228746249572,-0.27777465364350123,0
1.9680556493546426,1.653805644442947,-0.5047052898001991,2.263458310647389,-1.663351518993316,1.4867872297511227,1.1401857318586597,-1.944785250921779,-0.3516576845891546,0.6388589880061805,0.381642722731383,2.4175734008258964,0.9066263099536461,-0.6050001955516081,0.6591117610814574,1.4039544251417049,-0.6866981924215626,0.02330438645483044,1.092834621250672,0.12169644397256672,0.46058754638447136,1.2465870359431128,1.4511300713956008,-1.670953479332018,0.8909093177162842,0.35781561809474893,0.23067969131350805,0.26432620203410295,0.862674934928921,1.7671568660779604,1.614997607963675,-0.1410076050629295,-0.7484420050836662,1.5027994129185611,0.05016883569522275,1.0990170379149813,1.164418319455831,-0.4306209217690235,-0.7219211427859235,1.0649079517501794,-0.17963091630341535,0
0.09938530041842683,0.5909197282482217,1.2305874397410757,0.2921503745823258,0.29753990254756824,-1.8542501827003615,1.0924561659782452,-0.98421284998966,0.08412418473457696,-0.7536199617813724,0.14866241590654047,0.1945949734058517,1.2201945364243996,1.3643468691308323,1.4458290538986585,-0.5811106831525952,0.5913151821141558,-0.08212311364039504,1.011749140618978,-1.2617796744736365,-0.06700880115895179,1.415686014741416,-1.5623960783223998,0.9202276878180541,-0.05191462845259066,0.40491070473561036,0.708351309327236,-0.7421822028886306,0.041546695008759946,0.8798081337862358,-0.8332582550128002,0.8441779355949364,-0.5809579852728669,0.36061807630041004,-1.0221381709187654,0.9969723725701911,-0.9137166817705833,0.17054095147768453,0.6351824034002562,-1.0359352096266243,0.07095970518805675,1
-0.8610442673594895,-0.6879714069409127,0.2832656532477202,0.9675469364018662,-0.034242693748758976,0.22685557115772523,0.74899114412108,-0.3996941139357074,1.028951695754758,0.9822559962340638,-0.6789054157589158,-0.07993788104957723,-0.2594039740601901,0.5369973113670777,0.35382144907357077,0.5143865336833163,-0.992336224450849,-1.1598225489653462,-0.8292204227917321,-0.5210413582299371,0.8805819475197454,-1.256058662584891,-0.9114611405104729,-1.159970672197549,0.4315869593027116,0.666874004268741,0.5229119874228398,-0.6730202328116208,0.15630600210430287,0.3960468808962725,0.09319680592282574,-1.0648846519637185,0.502047662771351,0.30416500294798093,-0.45988276472269585,0.24843644278474322,0.10865094138656786,0.4010072589553114,1.37178008389132,-1.0088195517529215,0.6657908599438085,0
0.9605136996753174,0.04032580171597601,1.7547172867756835,0.5995958749741654,-1.2365110210752404,0.37205640746305507,-0.9614387270770819,-1.070356961718824,-1.5756815582307246,-1.7584410069681276,-1.3626721108698723,0.23274115829447714,1.4832431214294126,-0.17445546503542703,-1.7538902310739686,0.7227956409996512,0.8954085743903807,0.4675608204472266,1.5331897337419784,0.9149529141846157,0.43818034667033035,0.55499313448075,-0.3568728775408873,0.18118304992762904,-1.947746881624819,0.13313738493011332,-1.641453055777023,0.8319016853279689,1.1388362511882073,-0.3299950626206321,0.8560187295960874,-0.5936124527623808,-0.21339617188157284,-1.0739838633694097,0.5018466413722006,0.3090246996907241,1.5191353230065676,1.2511737344370137,1.7948624554907096,-1.5060826803653011,0.7210590410809786,0
-0.4747767512047482,-1.4627751676193872,-1.0498085186487662,-0.7475942602102121,-0.5498376938941164,1.2782432178712253,-1.9248463695114262,-0.5467255246057027,-0.08916904929919402,0.5113529612102807,-1.156920648898552,-0.8322867594383561,-1.6036265432053467,1.4897282130080165,-0.5096798389932702,-1.9139612510751696,-0.04893302267117875,0.6067589884951222,-0.7323084535141077,0.5074020835719003,-1.9102356262970646,-1.1954039476459606,1.5018603861974125,-0.5410496323404433,0.8174572082386414,0.6970607515648402,0.44007781811547625,1.2650895154049138,-0.9415279235021794,-1.3252495005997287,0.35569321452134317,-0.9403970296137959,1.3332852708432892,0.6912313728670773,0.6032943976877861,0.9543626074667135,-0.4504517381920948,-0.9503355174715262,0.6988811754573396,0.844793361702656,-1.9002102874402809,1
-1.3900959154076846,-0.9405031123552694,-0.3028881809219305,-1.0291811696038484,1.4295768740074712,0.8512003739087345,-0.32494545624694987,-0.2078897636810465,0.874566589136241,0.062098303716176036,-1.3692215436220239,0.20879170730786714,-0.9268886369898014,0.02947987263773938,1.2308473672760258,-0.7734665644814541,1.5255615369675377,-0.8384240020597524,-0.05377644756222513,-1.2317370985895089,-0.33193612559528807,-0.4294219110881395,-0.25283529724071274,0.5903944758090174,0.5821497597789665,1.1374202332587988,0.11161326962878074,-1.1707362652565134,-0.21627881627225223,-1.2469297159643538,-1.2180639526854047,-0.3205789133492278,0.4258945486610621,-0.11296982165573628,0.3106292230602833,-1.0286732738238376,-1.0815192704931895,-1.758939677006965,0.5172857828542495,0.2007711012326479,0.7815818851731493,0
0.07253568011279729,0.8481554319856609,1.6701256631131842,0.32917145389903957,-0.33522688524710204,-2.034655000601396,0.512715127538581,-0.8735924573015819,-0.6883631155739112,-1.1994598182191816,-0.5146164112089563,-0.6100963913248945,1.3881777346572703,0.23277579883500019,-0.3424192061458789,-0.13484749181429062,0.8700823711324777,0.14802365962799652,1.0423062278306703,-0.287728193992444,0.28555472495270917,0.8896002111775677,-0.32253073542386884,-0.23603874023130036,-0.8638149917649262,-0.33212164263857724,0.3044014992400077,-1.2613041412574149,0.7170426973907216,0.2897222611473829,-0.34270639073742903,0.8807162180360504,-0.5944089612835847,-1.1922217701694406,-0.2762258883666697,-0.1065779224211868,-0.11019698018118079,-1.1316257437529265,-0.4856965982410429,-1.8523630213812756,-0.46719565696024457,1
-0.999322636491067,-1.3793114320178987,-0.8569578988470824,0.051185714460789795,-0.29502032424566593,1.6772877552776033,-0.834407026104888,-0.5635077283706399,1.1894916304690513,0.8381468368538858,-0.9152322292516079,-1.1315695252847024,-0.8949270781547185,1.0935495601427332,-0.15735790557823642,-1.1604944905812762,0.003164569914945092,0.4455270866294171,-1.2933774073629503,0.4549338418355719,-0.5423904971516217,-1.080925816842397,0.72421593149548,-0.6760621544133367,1.4941951167860879,0.5043522891161017,-0.052180255062023194,0.4845659217859674,-1.5337687420983912,-0.39593786818860305,-0.2768347796898095,-1.0139618834247504,0.7039866593898624,1.007048785622046,0.12918055401315887,0.33918719033901407,-0.32757772342778313,0.5953393157120086,-1.062269554334165,-0.06630102338247543,-1.3402523065409504,1
-0.7009258555676982,-0.4050683807113346,-0.1876030668362391,-1.4723639809760574,1.7319744259488457,0.3129608452727757,-0.8126877608308438,-0.8074485443305334,-0.17414135565345615,0.13499768259966743,-0.9579553731466965,1.1725179877992196,-0.2296038920576949,0.9621924309307727,1.115205318252002,-1.0561552362296853,0.21323325200821058,-0.8922851358653211,-0.48290858783866625,-1.0343560948970132,-0.05257502238519981,-0.0996913471668649,-0.13043515553363091,0.7401675336940083,0.42308984746799133,1.428647410454743,0.8111091350848654,-0.9888968528333278,-0.9594268058559047,-0.44579045211743684,-0.4588072273282658,-1.0855705645112803,0.9303791722291668,-0.6805389743839417,0.5948822880556651,-2.033184415758249,1.907719659405871,-0.09095145289510523,1.2027396802132144,1.8547371964726802,1.3719457774968091,0
1.413540239666908,0.3410951457258903,1.1419233711555454,0.0718057715690477,0.31793497532255693,-1.0635205649463662,0.5135771080173913,-0.21703582162101726,0.03287649287157126,-0.39873284749557586,0.4121952772195737,-0.7372863985061302,1.1921881814914614,0.9131908584216826,-0.3371569232657167,-0.8561585750583505,0.3125810653113387,1.625838307667134,1.7185314804386003,-1.6862175061690723,-1.0399544407038195,0.92893580988453,-0.6995928377746347,0.7075837199163113,-0.38860057596081937,-1.076493151300644,0.47368452335973865,-1.2026615057164034,0.9045649268419,1.0683303324312403,-1.4072172174854434,1.5712836382889732,-0.8209488256815981,-0.8477895381190204,-0.5013454735786901,1.0542968000799349,-0.04626877804526522,-0.34656345372170594,-0.8356710728049864,-1.4479738913737188,0.006006675040484078,1
0.6146264737363261,-1.3837237590524516,1.0086464974534315,0.2880469146763979,0.2885002101234356,-0.29050384696534703,-0.8119905616956002,-0.3240480182666153,-0.06737882163114751,-1.0073029191356346,-0.47385939951148387,0.4247465688917601,0.7597090268286814,-0.43319230901215117,-1.5091754115492895,1.3296425317252858,0.35306690245746225,1.6323807230526282,1.423649898747108,0.9913777532179163,0.4448649908164359,1.281495217135975,-1.3160759038408223,0.3973719062215708,-1.3792949461954847,1.0082646990836337,-1.9969520529131461,1.0008750177967944,0.3228180837484578,0.4530799495110716,-0.9243912718657339,0.020750404567759177,0.3655258858768722,-0.4515295119441152,1.4447704046701748,-0.47893890777058956,-0.4338201484194059,-0.5577088809973437,-1.3356715547009572,-1.154226222983674,0.2676205215008388,0
-2.6562052647331162,-1.3388592085830715,-0.8699605356062856,-1.3627779362287615,1.3544811577244618,1.8712102161182205,1.5963070470745089,1.5124106124208638,-0.24491141512056624,-1.2201006981229294,0.059768542215019,-0.2859016926177305,0.17407135826786216,-1.9461637786061536,0.08755885333950196,-0.3420782880100899,0.6663918188988679,0.6460443797472143,-1.0009447851759854,-0.07060957096342048,-0.03551019231750904,-0.5751512056394292,0.6339119954148681,0.893847935844245,1.2499562838618132,-0.7001066011666438,-1.9598538100766585,-0.4962753871314151,-1.7527731995544045,-1.3484496192575488,-1.9858413436939062,0.388548938545192,-1.4376651014445776,1.475858583891776,-1.8026751293335779,-0.9472466975631503,0.0026560377371528713,0.8701679193145418,-0.9268946295117201,1.6930032923144667,0.13662883437063478,0
0.226937752138054,0.3671636826977134,0.16872622807117504,1.0712629579782569,-1.8374846030147471,-0.10195313490078307,0.36032810835502177,-0.384357098722929,0.20145893389860367,-0.20626236680616247,-0.46415057032178997,2.744921276657178,1.5909846377255805,-0.9771519262207075,0.12682337509262018,1.072367994309787,-0.7307823671145101,-0.701530209520126,1.1486100601060325,0.33603035588489366,-0.1447621273619113,0.6161130355213291,1.37568524941718,-1.7458155665395876,-0.3658430197797577,1.5360829938541638,-1.2073896304631866,0.8162675496706991,1.3912265467035692,0.6698423019266337,1.3335658060557722,1.0443328122787219,-0.6764100768861669,1.5540825297201535,-0.8694625785715372,0.5216362290844253,-0.5596431989037459,0.979733664398972,1.5348173968260812,0.8633372476484165,-0.46507969779524305,0
-0.28267088422870273,-1.019530942017721,-0.8045018526158842,0.32435941050420886,-1.4811499640532617,0.6943816678514274,-8.165747501725244e-05,-1.7981481306107943,-1.2234314948240352,-0.5248937304551181,-0.09438836001966239,0.05217364168425543,-1.120717111687477,0.05583006328230743,0.2649981768692335,0.8664246471972887,0.25421655743069543,0.30088926794877413,-0.3515101705747429,0.6355318962400472,0.9041288977986313,-0.4521836755877792,0.8221554682135934,-1.091829619601706,0.5365327088754569,0.12073321118194903,-0.35764283186055423,1.9338671197651396,-1.9014899901743096,-0.2618766542612373,1.2364598657866182,-0.912850088818007,-0.38205903379396455,0.6751603724447325,0.3108978525706549,0.8084825604018601,0.23951385110557755,-0.011479990373232881,0.4210397746823098,0.5593211421727922,-1.2234314038484806,1
-0.3378568618685193,-0.39514341985055623,0.5892672042226277,0.39606647061965133,1.0778659713629004,-0.36366920032802386,0.14162687071354352,0.5221603499174391,0.5545419266968982,0.45810316969280085,0.026267891721151536,0.0845446665107829,-0.8665523915580221,0.12444463250622546,0.29417938969275703,0.7958012116289048,-1.409661055804662,-1.0993501739838039,0.24510734519647512,-1.106675580853518,0.9404463908145136,0.05588611929824719,-1.6490327117908883,-0.6393079392974699,-0.4188453295722156,0.660582269717114,1.475019612973241,-1.6309307922687928,0.647292910599669,1.5631094597210438,-0.4463427051821626,-0.001212841358066605,0.43993359031648105,-0.6010230374015687,0.9361428146623325,0.2777128578016258,0.5250048218461346,0.3817394443175593,-1.234547201004231,-1.0869518654582895,1.5065166018423948,0
-1.2638480501083742,-0.9920237113932844,-0.5697953758306834,0.07735305801909213,1.5963041360633208,1.7837142426613994,-0.5618857258341088,0.28056407506976566,0.09581489794377082,0.6733209768618473,-1.80538148653665,-0.28035942876274367,-0.45628631626728705,-0.09452541486440227,0.10945545513665206,-0.3902192887555073,1.1729929333021663,-1.032969782044953,-0.47544793549343706,-8.01233458465508e-05,-0.6066035952451089,-1.2594933484657926,-1.282248464603474,0.3891176097138238,0.6524260762035166,1.2749038556761758,-0.564129244353359,-0.6572611142480724,0.9579865419712696,-1.1876994037086892,-0.006668657812317121,-0.710670606043316,1.1108087334525094,-0.22695767679280363,-0.3257207272874522,-0.48988094544836247,0.1559448571420742,-0.7011274556850697,-0.19718052183007376,0.6100417726451689,0.43994749477933587,0
0.5428842544319245,1.594671514461135,-1.0747990394687252,1.9946751204567954,-0.5190386577921782,1.0481816459014393,1.1501738397065764,-0.5015342028610881,-0.5575776718340272,0.7270948685588837,0.4036241402244441,1.2668476614249433,0.803595936931945,-1.3111955707278797,0.016758725351782418,1.2052428416619145,-1.2549719279135025,-0.15998045804852085,0.13939945531334327,1.4362170228425153,0.2718304484796281,0.9703200388649313,1.5161201341865376,-1.0404538899396587,1.103981885110994,0.6035970086835576,0.21284720117273723,0.2379195548776306,0.17226633771974223,1.2712435020350823,0.9490045649244324,0.39222370046513144,-0.48841881681255656,1.8225311627960055,-0.2127959467765359,0.7269138995692364,-0.9000842330860024,-0.009629380335447569,-0.6721995990526098,1.5063761046823545,-1.7536507036096312,0
2.4118445178652435,1.628931342991745,1.8135090773175306,0.46320839870879754,-0.20943776879215556,-1.0977615522278252,1.0795254710841133,-0.8547734420433999,0.3874235922869168,-1.542175797641576,0.7188255751993067,0.572729525152177,1.8663436707834493,1.456379668232965,-0.5040963920252118,0.1985913628300097,0.23959116355556273,1.5636522436967997,2.543040963549576,-1.1102703292077218,0.1782139997404877,2.371428584738145,-0.38562974111561465,1.491146195328246,-1.5084071200262823,-0.6183285219517183,0.16822835879915315,0.38286320957994663,0.4094599136455549,0.7750836623150594,-1.1233628214984615,-0.16409255478082072,-0.8956031020227285,-0.8234463845637386,-0.1091889844458431,0.575475684792161,-0.906978998142741,-0.2274046761707395,0.22718133482400574,-1.3317334197974724,1.1151433639756971,1
0.8538747100108676,-1.3050028087146057,2.306632231083722,0.5513405299583112,-1.298709755187619,0.1364761295955654,-0.2920878880003299,-1.6936263248412258,-1.2987020037148929,-1.7057274862655278,-1.147581065511198,0.8012381552202281,0.8000724221102297,-0.5955491821473812,-1.2324904622279762,0.8204723432008644,-0.15872353320118907,0.8810481179041283,1.641361987977565,0.4651630609420621,0.44950156809172453,1.080781688881533,-0.3413924786359783,0.9686189074332464,-2.163217839058807,0.6134208694262856,-1.257622424488906,0.23288685429081604,0.8705123242834152,-0.21219058807274538,-0.5867650493870437,-1.0561310762346234,0.05037345370660104,0.2742571525186575,1.3721448192200063,1.1157802925623184,-0.23013779142146323,0.05600371187852618,-1.4921188239349836,-2.0200793605732965,1.34423410327056,0
0.1401554045909818,-0.1788099287900834,-1.180574982849458,0.3183047711192363,0.06913656466281702,-0.870067061002087,-1.721423433857238,0.7064805471054726,0.09457918374155556,1.758133479342289,-0.08240545245306341,-1.8622768406782273,-0.20941342079816,3.2785700418247474,-0.3008224323404348,-1.71614462695935,0.2685970589503906,0.9582128126767241,-1.397916098311416,0.706477942127798,-3.0132277402869185,-0.5679599055084186,0.524936889483057,-0.55900811725561,1.692735220411591,0.7242324926606039,0.5668309461279816,0.8453454342755408,-0.4936059171295892,-0.09199559300274066,-0.0698288427336942,-1.0577944487618383,1.3927792367181357,1.0263286594435057,-0.023211735320491242,1.3760406753826226,0.2979819747974045,0.2426943856966154,0.16155762545699515,0.4034380586616279,-2.0843255859289997,1
-1.4213811436758133,0.5631263153721996,-0.2590124422798341,-0.4238323137858282,0.07923781756648385,-1.2818357489070753,0.17366223809339673,1.771880152524979,0.0869478559992017,0.46740861521213056,0.6127681925712771,-1.5061426642682445,0.18630479296891447,-0.49895048625534255,-0.12536166488122705,-0.9762820103713661,1.6109979303906983,-0.14698385160867627,-1.8154703638228171,1.863092780172896,-0.30182310438225546,-0.6744686858471731,0.638903452398974,-0.43262046674708987,1.4147637682831349,-0.6123679578387448,-1.2255377106923229,0.08426516606828037,-0.2864254113295075,-1.099493637339682,0.6127704014826313,0.2728807578184303,-0.7091942796304254,-0.24132623369735404,-0.6095458199893307,-0.7100435499936627,0.7279940906692803,-1.4868343649280173,-0.6919313736689131,0.8596043129250523,0.6863321131739007,1
-1.5022619211128292,-0.9711468590576163,0.33205861801046127,-1.122455915684559,0.5305572668506667,0.2609452477054246,1.3296222097283814,1.2238165562414742,-0.08240442424807322,-0.8600211939381716,0.49210242843213003,-0.8079237080574915,0.029839513007339773,-0.306445993973113,0.6539917709122798,-1.072560465222434,0.19480771293208754,0.690843557162673,-0.4025761912812001,-0.8394512581948798,-0.8141633867517936,-0.409172268895151,0.6319940282632429,0.8968332041670279,0.9823002298974364,-0.6418223557246905,-0.646185152047974,-0.7877403280437442,-1.2210999857289082,-0.598296380258226,-1.565091079160064,0.3931012724637064,-1.361510521125489,1.1946700910574592,-1.190129802705636,1.0465869461140074,-1.4483929086564686,-0.9081205072719631,-2.0727156774410127,0.3734323605350541,0.7104988416586763,0
-0.7127861506616636,0.293106785917346,0.33731026964255206,1.0789470340599092,-0.8235868220653012,0.06206920701012248,1.1723398816448403,0.5005575251767739,0.2789663960731067,0.3092523812842758,-0.4285483123230758,0.8264517444296365,-0.11347202911287246,-1.798346782477003,-0.2988667166870223,0.3119158571424977,-1.8123374439931714,-1.8364812063726381,0.24457602468366313,0.8454621429489971,0.6692249635609634,0.9575462179906838,0.7366880723054443,-0.7564681878482593,-0.8547520890351207,0.38306443804651596,1.5115609318784158,0.5341327445186119,0.8373296323177635,-0.04525411830798695,0.02432822085165261,0.838650676965561,0.2792320814911949,0.7512988781968348,-0.8511042905690857,1.378228079006431,-0.7805974993969912,-2.456150779205455,-0.5598742481459159,-0.13074374057762805,-1.795102204777267,0
0.3232149686737029,1.2633364883214113,0.4316120420380619,0.12571761939870438,-0.29302388948868524,-1.8222116755034135,-0.6118266398719423,1.564818302200912,2.001294277938114,1.557888818216395,0.7271736402592219,0.0020972989027316833,2.06916519024939,0.22150468109802585,-0.43833479561587013,-0.5469310976680442,-0.5419296395863802,-2.031449432407707,-1.7001092520476822,0.6973900150001326,-0.09143896966119194,-0.4884409984220786,-1.5737294962640664,-0.3519510554948959,-0.5810545297116134,-1.07389237327577,0.32521558419562335,-0.017824640710694818,1.2327948129463726,0.6339248609738681,1.3167075550440352,1.179274544366062,0.13574934056878418,-1.7435136297141889,-2.0652899553727715,-1.25684719440758,0.550685261813304,0.12503027551904033,-0.6544301477143626,0.4985246155716113,0.16941855385483526,1
-0.0980605064930281,-1.604827297231742,-0.9281250997793217,-0.68798696685637,-0.49442047424125307,0.22744189605814022,-1.341845044989364,0.39247576807922546,1.0753550310545963,0.498887702133677,-0.42398521501367253,-0.28714475861528654,-0.198923377220531,0.6342673485135828,-0.7230028542540939,-0.5574836651359227,-0.12717524233561442,0.3237303984033042,-0.9671868973451047,-0.5492360458377656,-1.7725498521134246,-0.5104960850772131,1.4073007202847883,-1.213994243220211,0.617369271717542,-0.5649273097294387,0.6323823017683012,0.11468650317870979,-1.262963641773467,-0.3260514295808281,-0.527106982292522,-0.44316216298213124,0.042362553328154993,0.14698056573723656,-0.36717394297482875,-0.16003036395978515,-0.4481619166567873,1.529014485411644,-0.4913485907989647,1.012859212287991,-2.0084798532442845,1
0.33518911010187274,0.4042606935071439,1.0380050329154817,0.17232423243349496,-0.2186504120285056,-2.0217966871098265,1.2350757749493582,-0.2130673382443397,-0.49742299620626845,-0.8765879006897643,0.7295088536731571,0.07915728000367134,0.1252255313217488,-0.5431703343615831,0.533339193824332,-0.2605112748191541,0.43732262734130617,0.4660128425654302,0.222514529883529,-0.572807356455207,0.3653374451225929,0.7975395634437654,-1.3775089084545917,0.4824162130585691,-0.6703124136273434,-1.3020676939565086,0.17864242098834587,-0.8043612488264889,1.2512957318277194,0.022104339845542425,-0.1422026136854109,0.6369122831843138,-0.6438536382103991,0.22201710268005564,-0.9877486518524847,0.42200773636775146,0.5257569041141326,0.12193325506401385,-2.297520363072316,-1.1860961690961616,0.9462300849160339,1
-0.960628845715709,0.1520422327773465,0.12925710223480633,-0.12206561489919501,-1.0796724087793281,-1.6111135509472203,-0.15588062050867188,1.8504576501408039,-0.7298587059932982,0.2163590944548769,0.4209648692287285,-0.697479817384014,1.8070073826492288,-1.053117274849371,-0.7590669634768709,-0.5044450717804674,1.5320162888134088,-0.8718000653503142,-2.437986621612504,1.5146627688748246,-0.7071640775170813,-1.4689795065609965,-0.6336558932264272,-0.6566973709079346,0.4524210026068027,-1.826683173250559,-2.096738244896573,0.5448909117970507,0.8823717229067154,-1.1184037290306335,1.4975545025098804,0.7191095467900093,-0.8511197967625908,-0.13839931126279553,-2.8486564678066295,-0.893362654216615,1.3393319822087455,-0.4572860836810961,-0.41017880206413126,0.8247489913611763,0.25219776172900765,1
-1.170580363745884,-1.9706881313315043,-0.9208859619324612,0.4049563756473384,-0.7397590173715213,2.9230319776581837,-0.6261829803154908,-1.6276969139523716,2.170659913163675,0.5821589133644263,-1.9317005586385299,-0.0447875648039103,-1.4361992066403395,-0.7713304323073225,-0.164695232355896,-0.11527242113612007,0.9458507116713416,0.2261778907240755,-0.6499463142836664,0.677703847661529,-0.026949316153021534,-1.3296633190860427,1.3222998460389217,-1.0923103139090669,1.235666778867042,0.9535084649719732,-0.9000044177723965,0.1368437049544902,-0.6825560732277083,-1.2945915243780033,0.03135288268303571,-0.993438298138591,0.6867606371072079,1.0435193223936965,0.9652620421243885,-0.023634480142311325,0.8181656376233258,-0.04728189924757424,-1.8367295299918227,-0.227274725039759,-1.0635200435182004,1
-0.24777392664893583,-1.5406180799271239,0.03929443140975635,-1.7175170027875593,1.3931608814254302,-1.1609127293285277,-0.8489362715165946,-0.6877684718014305,-1.938283350603781,0.6738987004003861,-0.39955154082937,0.9349333932109332,-1.511716879929266,0.8286962883943454,1.5587357917726086,-1.1308919795333383,0.6134813264177411,-0.48899563674818075,-0.5339954180469865,-1.8565105485056101,-0.6948451254236732,0.031137052516084538,-0.42299580417206323,0.11830342038469191,0.28446141787727636,0.6465603540163837,1.5647183985473498,-1.5600626208633037,-0.37622294139837004,-0.3782728432755164,-1.0634008410284714,-0.7470207975464398,0.9786987317186394,-1.0552491548766516,1.1799749891828615,-1.4286444498824387,0.6276152812787339,0.849952874866669,1.0430101094145174,1.0882026885066989,1.6849803479481993,0
1.618647184902308,0.9096145295094997,1.398997593757631,0.11121881170610878,0.049813771360341305,-1.6206838782293918,0.424144943273165,-0.805057985068507,1.969832396896442,-1.3066463479516979,0.2116805320178452,-0.15539682474397518,1.0251953840906043,0.6793221058441541,-0.7488197010410936,-0.8273606962121659,0.7646029479254711,1.977017551646556,1.8933402978426674,-0.8304736594310882,-0.7043819085957432,1.4237361619872866,-0.18887765983068291,0.264729575054323,-0.8473422882338034,-1.130791736979752,0.36323325539083773,-0.8482826733455789,1.3019354418173779,0.5041841531364947,-0.3474357635386862,0.791268174387035,-0.760189898600024,-1.2669194896139522,-0.14771144381880158,0.5746563177949413,-0.8802489641628116,-0.7395234857493804,0.8786378439111827,-1.1038301799607444,0.13948273401702896,1
-0.27650017612412114,0.6757142981907709,-0.2163853593846326,0.6006565417433615,1.309638407081942,0.605139496357687,-0.5624149632249787,-0.46784403827746696,0.4444983549024784,-0.7810909551277805,0.05473173190388075,-1.853861963790356,-0.7486519753643223,0.9605968421068162,-1.1722281608032077,0.3390854576937113,-0.7849776219405628,1.2332241350244206,-0.13870937867201702,1.4112522957796827,1.6180770772075561,0.5875589970983391,-1.7715616343989469,0.23841949514470406,0.5614106595999638,0.26226670731491497,0.007888590680770862,0.5257709881166183,-1.324658321433982,1.397403469403195,0.24812085206240095,-0.8054469953042434,0.8177293589824687,-0.4025233213741953,1.1937294201438846,-0.6186887933817385,-0.15590220746056277,-0.088777602971425,-0.5314555104969025,-0.8623623352317085,-0.8100332364518341,1
1.2225442165281115,0.2034281982510226,1.346287532776403,0.13662921599631891,0.031604933576419025,-1.055599823275392,1.4124367181664856,-0.03296305204679209,-1.0936268644579716,-1.3652003092417881,-0.14420053415210973,0.784946585862308,0.9730028035879215,0.03193391341903528,-0.6134748376522897,-0.510645884948605,0.8984565970686662,1.2576557326209206,2.362701151546022,-1.58760825577423,-0.4054890809042064,1.9688594313099888,-0.3355366592908273,-0.10810302451272272,-1.320900970434327,-0.8651243994340402,-0.03755516701522031,0.007058596543135276,1.5680126431866142,-0.26129407571478086,-1.5198601736291402,0.5270168296366268,-0.8733581682603682,-0.9723512817621627,-1.051416335344826,0.7250360976899167,0.6961783508324827,1.207341747615644,-0.32452250640187114,-0.9429567758019471,0.7992347410174009,1
1.1324426287884506,0.12338621723197626,0.6859763212587838,0.8837530118130368,0.7846608341358918,0.4973529795169824,0.23800077099311015,-1.417837868341323,0.6192567743564645,1.2861530300326396,-0.48063146194358897,0.532546167694978,-0.3465438245698319,0.9749722636591459,0.37474870753851447,1.053472620435824,-1.3155127422164363,-1.071586395122909,1.0641967255779652,-1.215385530389301,0.5233962583353026,-0.02972704971733801,-0.2353960131541099,-0.29103911591214954,-0.7347843407484937,1.3448244009445607,2.2874530960502137,-1.2789140541189088,0.7328189357428173,0.9259088835980777,-0.2536793082076254,-1.0429387685440847,1.1191785682251538,-1.5026119635688433,2.068301429002791,0.20564346711256482,-0.7384520247136549,-0.39901557152598394,-0.9572968411147171,-0.6836390299569636,0.7500629933332452,0
0.7992930755138966,-0.9988832821746804,1.0986717055222501,0.07280775496987095,0.8169612473528297,0.7249097757666306,-0.6754315709623753,0.7390823102092106,-2.0718991746997015,-0.6958201531766484,-0.646605285356312,0.6702592324249915,0.3323615113458974,0.08460978702054697,-1.3601067664530986,0.2455336513453628,-0.5243053165814938,0.6757739219571061,1.637593135865857,-0.0490040246244038,-0.6942357748318827,1.6097203999818037,-0.4895803862217659,0.4457594776075225,-1.1537270294584636,0.8588835676344463,-0.21224701767741705,0.1574398703540883,0.9180099297701375,0.36339869053792967,-1.4388446379578892,-0.5468416043157417,0.39568504945656646,-0.6368055617170211,1.1047445365598265,0.7563322136195124,-2.175951603700636,1.384575973526645,-0.06631078803972656,-0.34738821128921993,0.48529004499976747,0
-0.24856924656249094,-1.578502208301278,0.04248927497443143,-1.3842678239635737,0.825502550091431,-0.5921541723070561,-1.4327649563534572,-0.7730156929516243,2.201289846219339,1.2001204481503216,-0.8825205972927805,1.00417427519317,-1.1287712295451198,-0.2347485806066099,1.1980351323416472,-0.9764059697736979,-0.11626368442404131,-1.9378004802489084,-1.3711673894897682,-1.3911890945009413,-0.6376846689932096,-0.23950547610854417,-0.4751503448348017,0.6885421365649881,-0.34910897770034355,0.11110699731005619,2.365934908566689,-1.4825386454866705,-0.27321399451816625,-0.6780280278353199,-0.6755148761460653,-0.7702561295131646,1.8549208806307118,-0.9470439945456679,0.4917075271192221,-1.517867606205688,-0.8866070952448039,1.0911400956734765,-0.7337003844175446,1.1849824158773876,-0.0741431001976071,0
1.2341083236509842,0.9995520499186972,-0.5510320748216292,-0.2369629881891587,-0.8852454288252934,0.08660976510427906,1.0128903673994323,-1.1801484308682995,0.16806166396014433,-0.5147023394295449,2.127220556788879,0.15339425293096673,-0.8509571423721211,0.09098058841628037,2.511731917524137,0.7750780102510159,0.7539599116069307,1.1041477327161975,0.8868292362704369,-0.5642070939854069,0.7032595802020886,-0.06684756685774162,0.3838972167360651,1.6882070394121063,0.4699782365078046,-0.6661822921806906,-0.47445751113549967,0.665754898344229,-1.187238754174953,0.5213909212683612,1.1957083704774047,0.9707957059959113,-1.398719408554392,1.1844165833985014,0.7284812650182644,1.549107853186838,-2.1581365973587263,-0.47256226344783786,-1.0027787116347824,0.23661506931548446,1.6332017147299291,1
1.8614493730099637,1.9521411963612563,-1.1518266674779774,1.7649069675661595,-1.6971143819220194,0.2059633446966196,1.5125054672191163,-1.439860172902141,-0.3576460986817173,1.3308140967651183,0.8373802792392913,3.1705585113840655,0.5620990570165962,-0.9559440633132334,1.4635394729319118,1.3181040104301802,-1.614908928154722,-1.3791179380125649,1.3691963925213924,-1.2995096573512344,1.0477485001980464,1.420518543970344,1.1386508023789415,-2.2150980172704045,-0.21875476260161017,0.0056304491327023335,1.9861776117187955,0.26216368159278264,1.33812262444753,2.1084564615679597,1.50728834032401,1.513093649088888,-0.5736323396300592,0.8220149942595246,-0.8757704544452117,0.1458135735314446,1.5907729044803607,0.8887504275315133,-1.3286719923898935,1.0892078702185668,-0.847944431087546,0
0.9486808551932338,-0.26797883667333683,1.2282588376495367,-0.36102089755152705,0.2542733823576273,-1.4758805143091476,0.3393480944690251,0.2201871393086899,-0.15268852933474297,-0.5364301522086806,0.38409037564044196,-0.3434918602519265,0.6135375118581557,0.4392455839510872,-0.2489992710410956,-0.38783743866514125,0.5863507464671973,1.2142130921071561,1.3859206316444799,-1.3492453789488632,-0.7481382022308533,1.0088090487952008,-0.6815656330234346,0.6925926523263598,-0.9655268124885655,-0.6999010999065697,0.13772131469575055,-0.8976760237947352,0.9347205611825267,0.2435262965110319,-1.7643532313906045,0.9770261203229164,-0.5656648032939441,-0.8706530681450494,0.019592990109161754,0.4752183598284554,-0.4878926614555529,2.175065685910747,-0.19028689660109419,-1.487865894317706,0.5293674158568428,1
-0.004420225927172215,1.715661408761857,-0.704318680100363,0.45605920009353446,0.4814816794840587,-1.7326814967901067,-0.6834893789074314,1.20205999867989,1.4121733350848018,1.9590812268941111,0.7753212438125034,-0.998687770520254,1.4520030954810272,1.5939766655978334,-0.5284257451494407,-1.7585441350459816,-0.5296189853741388,-0.1718915622097008,-2.144318285675726,1.5009290499881216,-0.3629132420733202,-0.5214309681394104,-1.361551027578462,-0.6152511219145895,1.177858247203848,-0.5188504136351954,0.006026528589262987,0.256075999686913,0.49944406077305353,1.0392540058932829,1.1009739477288905,0.8079444515008428,0.8098173186353593,-0.4061078038470041,-1.6399794285403049,-1.4501344663555245,-0.04141487593473064,1.3766529356291288,-0.46958444296140767,0.5383931321116124,-0.7892027172952762,1
1.7841330689182788,1.17701545564278,1.771920105072038,0.21686951455853054,-1.1380522222226641,-1.9362562248364372,0.1766996239789355,-1.833036733271594,0.24849343559387155,-1.2712298333223833,0.8532618698358746,0.0020993658078984796,1.3336925836134477,1.1455816057867336,0.2553961260619515,-1.1810406470210548,1.047013690851952,1.6944612393707408,1.0357232628239157,-0.462784658736422,0.22870009782960882,1.9431913740140874,-0.8330164840074699,0.6636532311679869,-0.019723980352833917,-1.4744312219619908,0.4706980359643288,-0.7071733900528367,-0.1287853803452849,1.6744525982844725,0.2509375332750026,0.929851028962709,-0.9472196222544219,-0.5352298328291452,-0.11645213070093653,0.6737093300112493,-0.6269684556686381,-1.1612183203118323,0.645961219046109,-1.4055860459106733,1.147189717528754,1
-0.7122301328315861,-1.5151177116914787,-1.481836705007885,-0.6802311956802048,-0.30198983621243697,1.7413041589971137,-1.0404535528887229,0.34114337094214303,-0.3393349446952456,0.9228903286138284,-1.2037589571755944,-0.29498161798746675,-0.9244797674160039,0.8203391469193523,-0.9292059479029954,-0.2596095706194051,-0.02225836614565998,0.8394042018211688,-0.3504381797416397,-0.24707842436330854,-1.211173534496026,-2.0394102861513748,2.2312442951774223,-1.5153734141278181,0.5582350125680648,0.9506659600384972,-0.7769460380956857,0.7654157200944119,-0.5544020848778212,-1.8396420369363846,-0.8349907962305027,-0.963221045449997,0.7063929916473229,0.29642938088893145,0.7155423448373984,-0.9580915665997746,-0.42093375284403606,-0.49291579971308347,-1.551127570177966,-0.10435731735975837,-1.4140403883641226,1
0.19282474677896105,0.7415294435628256,1.0175140620894603,-0.3906246358359501,0.5986013417128336,-1.5568944824240818,1.3228734992527982,0.6988430025626158,-1.0070169107737412,-0.70730007471627,0.5399087654968958,-0.6576349852756571,0.7208028516269592,0.5081153192843294,0.7106559152409582,-1.167220911036154,0.804906584233621,0.5024630830864799,1.394593589969428,-1.1062361187480703,-1.0632375062692743,0.59168095120943,-0.31286038003766253,1.0484134663493292,-0.16566286789381876,-0.49365318667714353,0.3679497290362418,-0.9682688046861863,1.060211306685824,-0.09531622300907719,-0.4764192024965192,1.564463499139083,-1.0891504925927111,-0.5869806828059564,-0.933653823883901,1.5899530602982255,0.5124888922632662,-0.18557086565169803,-0.15065743073000892,-0.47849216416311874,0.7113063926470016,1
0.8812576656411412,1.0543162885478077,0.494522388880205,-0.46052412300594436,-0.06411863892980735,0.465767030014747,-0.9447950123091376,0.056111929255770285,-1.5467293147435706,-0.6960498009659395,0.7725471368816165,0.2189522672561568,-0.2647385912339726,-0.6195029471100543,-0.7880224206597634,-0.3642878483949078,-0.7602818457124607,0.5437340215121325,0.042601560900727836,0.9462273398876692,1.3273270789018277,1.2811400903846917,-0.565434260047989,1.7072821957662423,-0.8668158726673953,-0.8753240507256361,-0.03413176162340066,0.6746813683082252,-0.4749026344580959,0.5702825435530834,-0.07287029639535972,0.2120927395292075,0.4228659211226664,-0.13093293574681097,1.0674085389728387,-1.333974277862625,-1.332236921336291,0.33499441169231636,0.27382930233557606,-0.9272679005379061,0.7464556619238603,1
-0.41278571449378637,1.8204946644600448,0.07389599307660774,-0.6737052878394183,-0.41714764174833546,-1.413958193389089,-0.1912223278512218,1.2985072424793547,-1.6031520326872946,0.5745847654141087,0.12028992074317382,-0.15389694519493835,0.9535282608914217,0.6289597382400104,0.06651960477379072,-1.8589002663705074,0.5373053728683101,-1.8379614425104847,-1.5406747250319635,0.5050781033669781,-0.1354951321698214,-0.13047200324840946,0.2954386268276655,0.22449287310377194,-0.12130901741405498,-0.8813451824237905,0.736100902997426,0.9964819157030941,0.32977414333529703,-1.7054557008728735,0.5775992716276376,-0.09942719333052671,0.2997001978207625,-0.9856547776996334,-1.9390858234432307,-1.4978334618285858,-0.4734067810966386,0.9543365386254727,-0.19035732912384887,0.517371741390924,-0.5444603246695509,1
-1.3065399585634883,-1.1423197333035493,-1.1597359935749543,0.553604736767511,-0.2696211335239852,0.12660639398406123,-0.5322998825807188,0.41647959442367793,-1.0672232124800518,1.3246405749285723,-0.516082086022028,-0.824952535717921,-0.2585230175180688,1.0655758532962898,0.32195016979483326,-0.07640755124894685,0.8389656013573424,0.5592030089576888,-1.461579250810383,0.7339350139687181,-1.3400797356057517,-0.8592109057266578,1.2612602025424982,-1.4842451301637452,2.212311676393134,1.286754185366829,-0.7853428966023825,-0.21434082488629871,-1.209431770067873,-0.02063868662250512,-0.4312484215720411,-0.9238021192625224,-0.010003075617658405,1.5703439757451159,0.4628442986975052,0.4729737662782974,-0.4147682857419957,-0.8412864940380139,0.7567496930975012,0.20458015172838623,-1.2857215002260705,1
-1.148243551250833,0.06137080818375092,-0.07000331438778555,-1.476441759764226,0.7678512335643014,-0.6143668729656068,0.7710717390352314,1.3417832726909313,-0.8511963880139876,-0.31787022821703187,0.7438786829455716,-0.7678462306093066,-0.29355748919985786,-0.42827154549511354,0.7808825383313411,-0.9327024517492992,-0.3691799634788727,-0.11208274590989414,-0.3277685906806162,-0.9074039254528552,-0.7508000584873522,-0.661914023381474,0.9570896141415874,1.0501793446571268,0.3584397230422839,-0.6025137498339675,0.38296591526377055,-1.1164228572011865,-0.6669188032210919,-0.7544827065016476,-1.2240071963589705,1.0289269814925315,-0.9547027788692899,0.5465643925037259,-0.6717567005559433,-0.06662988892856744,1.7904260296434447,1.036481751171915,0.043094631027419686,0.3354559895431541,-0.2228508362709581,0
0.19151364700663193,0.9074525907638132,-1.591280613196591,-0.9934587319418203,-0.5652558256599303,-0.7275919111877029,0.5619691176072505,-0.8150217998507484,-1.0776483332514262,-1.2702594058313181,1.3522202980118114,0.8309718998776242,-0.9242880628881136,0.6319840861769771,1.8978385828678181,0.5568007946941622,0.09931205485071944,0.5346824071680271,0.6862648457368047,-1.530218115608014,0.610916709349852,-0.7991189969716637,0.7120724388503242,-0.5445229369117441,-0.11630736066448395,-0.44834261364907096,-0.16585933288850133,0.9233631368843709,-1.0710124708470492,-0.007017354805089104,1.6546995583565918,0.7795341879677526,-1.2190947310800733,1.0199713865062292,-0.7632973555329996,0.09189629537867242,1.0894777876420012,2.1068086163386606,-0.057302465172240545,1.2216587150076939,-0.01170504047528172,1
-1.298362664915421,-0.5444070870789255,-1.3913130254507717,-1.2590166513666694,1.3882996906240908,2.2450270538983963,0.8564401031337013,1.432762419699599,1.1330066929176146,-0.9217668546338948,0.08703737894828287,-0.4719354510011992,-0.2697012172795011,-0.30385343013384875,0.07852188075725446,-0.6671155037567261,1.0930103681226497,1.1640623823034602,-0.17620809659523312,-1.1753173983172598,-1.1172057657196652,-0.480488623277876,0.952510550293457,0.4503385760885703,1.250279812412747,-0.6246226596598567,-1.1855206564038787,-0.27632803931658234,-1.1785630159614957,-1.3379274233390674,-1.7731715680211793,-0.22656856697727695,-1.2113556471726994,1.1304241732388842,-1.3394194112632083,-0.4342259230016187,-0.019713188269252183,0.3290350427842333,-0.7602908906178296,1.4915542810184563,-0.11447818406573812,0
-0.6539442881981656,0.4889556795508727,-0.02631116046669114,-0.5473946328652696,-1.1013753295526139,-0.9798556689854675,-0.19474788712931004,1.15048740210555,-0.3856785145332912,0.6281214905685389,0.5123252983870967,0.20218655658020246,0.6713648190510684,-2.0227551224769864,0.291336656450253,-1.1402721062056498,1.3288741968768993,-1.1239231016238496,-1.5898100264385042,1.8119352770738764,-0.050136713644999185,-0.5602361680756883,0.561903039144044,0.12831362138273392,0.5773448439102211,-1.22807014563798,-1.0837786010235253,0.19043848275169592,0.49610245112735196,-0.9344104989980588,1.6557174959141603,1.7162887585551097,-0.7195033788138346,-0.29154420237446577,-1.1727179102231433,-0.8801088175953292,1.565571980246485,-1.0624067561158683,1.1147369196010706,1.5332034060035904,0.7376863709548204,1
0.43205134325401784,1.6846425624444787,0.11595678077531739,-0.635228869918883,-0.17127599995888246,-1.0702509403401819,-0.8866918691733379,1.8208347587919982,-0.00831462191629305,0.45128731907185515,0.5605649365034154,0.20905430686208465,1.6897491184688322,1.0591334165984903,-0.7270509616718008,-1.0994062047937014,-0.4945551352517751,-1.8361892057963882,-1.262213656777976,0.12240140191523194,-0.4346628712042576,0.07494613511199073,-0.48642245237431,0.12404181281806147,-0.8931185639895592,-1.1620580756569392,0.6072410967801578,1.2867017572607642,0.4242680894250674,-0.41585990447711313,0.8333866034731316,0.002102331642548151,0.07133117125419815,-1.3647708428341596,-2.24803827903241,-1.301611952659263,-0.11565980701215745,-0.4457085578999938,0.5039333955050698,1.1075562625754678,-0.3483149897517525,1
1.1294965579266805,0.4729740540792304,1.2346292375299945,0.7844039349166847,-0.4371085402984177,0.08397230009116301,-1.08625077373979,-0.872653613603911,0.30143524529609117,-0.9374423844883155,-1.4041242991468557,-0.31276195667973017,1.1325755819626446,1.3741612755651407,-1.373433416231307,0.8879792076207287,1.0123148786773937,0.09326278269717696,1.5705876989779437,0.32651350449419064,-0.03561262764174,0.5198817146553374,-0.452211331360379,0.2344499459782865,-1.6576567831159215,0.9260415093843144,-0.7130600416615422,0.949072962009653,1.1299472833315372,-0.6381528915051853,0.17108165380457888,-1.3713815346660632,0.759221031219399,-1.2353149397517509,0.9061432409352775,0.3188633616641802,0.8731414828096327,-1.3894251355072054,-0.013004882699634138,-1.6673592666834893,-0.43861745561857374,0
-2.719658618529644,-0.6394675477458791,-0.7816071327433953,-1.3829003074390367,1.0519079846492034,-1.4038530157379872,0.08332453560034193,2.239433049162678,0.3141264439823918,-0.10677416152591926,0.6887429539589494,-2.615048515502798,-0.12208815306176635,1.7728905439971083,0.7853460250939028,-1.0290572034709116,0.8770856639485187,0.7076068995432082,-1.0823380238373186,-0.5467806338237405,-1.7741827328603623,-1.7639640522759912,0.32279482697783174,-0.7089557812206718,1.70585304191504,0.5137665710004156,-1.1743371792842217,-0.94768667106009,-1.099591905953879,-0.17804030447237565,-1.0048128278741395,0.9604092157133969,-1.141436903061439,1.11554586884339,-0.9888628997594233,0.9294909869771486,1.1206220609417918,0.22904354628045276,0.4125468846810774,-0.16767207116986693,-0.12830468474110002,0
0.3425819021152435,0.7013138311112685,1.2090596531084956,0.09537968115679742,0.673696302603966,-1.1110509449211246,0.7091367115541548,0.9368313584087454,0.3890806612462915,-0.7155237323410706,-0.1804822747224647,-0.6987726871706313,1.2007649243625045,0.09547879986949355,-1.0556561363499268,0.06243559694362561,0.2922958899802069,0.3295973846634553,1.1333560243193337,-1.0401350333439698,0.1530568058042232,0.822659572588567,-0.30981980811619647,-0.4772994074656377,-0.8077294913691195,-0.8508152518298715,0.2520233554779791,-1.2897441845949285,0.9927133898070295,0.28192896938929,-1.5723934723713624,0.540389481243354,-0.6928133947442674,-1.9317309916155507,-0.43471798710762044,-0.6458151553203907,1.2456709216672808,0.4681871461981626,-1.649481501640572,-1.5124712593946437,0.4692456259927536,1
-1.1764889480997747,-1.9932678602173315,-1.7025718576950846,-0.03135219945822631,0.44373381037699117,-0.5906897204601618,0.06204515045895784,0.14852356176075884,-0.9525719686974772,0.996529609754635,-0.17699723401405795,-1.3434914786483172,-1.5845357588734803,-0.0795690126167957,0.21749227390655396,0.5227790225052567,1.5266783977630367,1.3486944830094354,-0.7538741184214541,0.9133964709215332,-1.103443722297158,-0.38281101489558356,1.1803569148412203,-0.7800718953052034,1.4635989597135597,0.9970369103437919,-0.7526419859796861,0.7358848844935552,-1.418862524663761,-1.3973889931858654,-1.5411473715615116,-0.4651838943413942,0.23308680040726654,0.7673006706669085,1.1548159676790546,0.12224432015613736,2.1177556142379967,-1.4674229432149506,-0.795923591217282,0.5538923332723906,-1.9914626305282455,1
-0.07221824243763177,-0.4371257870324902,-1.008344335371923,-1.3176273208799398,0.6958796030103884,0.020823958450006248,-1.3508795212108133,0.08888494385137878,0.7435585569866411,0.7186383751134238,-0.394373060237797,0.5134535030545879,-1.3195565383841654,1.626545975764486,1.19918931552425,-0.41172964441497834,0.8901716578831909,-0.7716804763995058,-0.239216738548558,-2.2841148160050047,-0.31696353479497325,-0.16668635074723903,-0.03982024916517178,-0.42256600430556346,0.11250223584877349,0.6026027561785746,1.0684212233600663,-0.48453311717347275,-0.47464408039663203,-0.7069617886202314,-1.2995713541792882,-0.8273373098714634,1.1011300572395089,-0.3267155414977876,0.6784601147640908,-1.5030330467892241,1.3994151036785039,0.17731941397567677,0.2992115629981869,-0.405420151736746,0.2567607228064742,0
1.196295817008446,1.3933443914705819,1.3318090638693867,0.6659002735867054,-0.03578365990521952,-1.6747269162182794,1.3943636630984224,-0.997252329074567,1.6659325495805715,-1.4260770545952035,-0.05236231544333869,0.30408882206870064,0.8864184492682102,0.4405518004624314,-0.20191194878346963,-0.3919081508508771,0.9643871166543565,1.0835764306760156,1.89853378300939,-0.7140106685985502,-0.007774032860868341,1.7217406848239842,-0.7452563288864343,0.676214684849737,-1.1864748934201208,-0.5997851323724233,0.23413389562215928,-0.08875758113762747,1.8478322362492194,-0.4398457679650441,-0.538432494652482,0.11986866466392057,-0.5023786717611438,-0.29035329843096064,-0.8448890468811128,0.6932157165754159,0.6220545570184398,-0.026806203774689247,1.3977770658423168,-1.416544789839774,0.03579342635700761,1
1.8011048949296666,1.9594366044662639,1.8656731208532054,0.6616682527525762,-0.10509464489056985,-1.277062383412735,1.4044493644002696,-0.6294030880675137,0.6134245462264476,-1.4209207586956676,0.9111962163568256,-1.2820138814129374,1.4450006699309925,1.1751741360758599,-0.7964430711005355,-0.9709651753421933,-0.25094781024651047,2.1876048654319566,1.8571373188526907,-0.595501073632171,0.1895463499627436,1.4334503279599928,-0.08813667635699077,0.5010747192635555,-0.02531169320922011,-1.7541732913418084,0.914782159216445,-1.2151072999811878,0.43959307480000087,1.7247484578593497,-0.058522875644879416,0.8209745159061116,-1.3623656317708295,-1.3083620493082615,-0.20673444277637398,1.6914618404191228,0.3674351553244613,0.10774392867254548,0.167574103659704,-1.4956094515121336,1.018578935274624,1
1.7836510745077914,0.6852695481987816,-0.6418419088832609,0.35552434478235795,1.4850739140886013,0.8841501164053334,-1.4750414149849667,-0.23036945916232857,1.7683704965486713,-0.4320709586430145,0.9260191892401639,0.28124365344503166,-0.7244346636493327,1.0807854614024726,-1.4038509720617893,0.958072006321354,-1.4357232975859988,1.7204413537483954,0.8522419815413693,0.7311567921790538,1.324249619195549,1.9856662552370796,-2.365793948877831,0.9675004900726822,-0.8568568696600932,0.25060250402425754,0.3029809991983896,1.780337797284596,-0.6852081263185491,2.0788322878706817,-0.27357396145468355,-0.75739326856384,1.7485512612182736,-0.4405890734395632,1.8519368408672072,-1.1346354264459042,-0.24123853534524795,-0.3231073795419581,0.564599247804195,-0.3266928926738751,-0.6035057834824764,1
1.2028603282078925,0.29054331944997236,-0.5673836326434578,-0.822135589666257,-2.0809926409961657,0.45769158832311047,0.3003139222809723,-1.6615267476554143,1.0814173350696923,-0.526550723510975,0.8195735972327289,1.2141199102340279,-0.38947112213166385,-1.0471276191871284,1.9850539553352753,0.6634468832160496,2.0057006346112827,0.07832183759969714,0.6148255973630337,-1.1203722479523845,0.04700340611967437,-1.2024390895868224,1.4611270718415983,0.696795118891014,-0.5614734373431465,-1.104807868266503,-1.0575876586915687,0.6126109034395697,0.006548180565455203,-1.6501179849967729,1.5437730412394441,0.6589282379242428,-1.2071640009199636,0.7187042653230241,-0.1452410552501422,-0.07972419815610957,-0.5006939436648461,-0.29316087627396586,-0.5966339048780768,0.5710510651722133,1.3278611511058969,1
1.1773566437054501,0.17940135585343236,0.3242706194637706,-1.8530366907755096,-0.1955096960036478,-1.7957786292439981,-1.5341047853307075,1.179732430775896,0.9866834885250834,1.2965868942169865,1.4285181346858775,0.6739780814607119,0.7426842721989648,0.7320628331554212,1.393957028026583,-0.199432995149361,0.5960659385857805,-1.311664673110455,-0.7027772390625667,-0.5825540639308547,-1.4580191139932233,-0.09568323283935926,-0.393160323819894,2.48632611579202,-1.4733393433002713,-0.15233644429469112,0.23602479221660588,0.2877422729755287,0.23811652263771996,-0.7322955978110665,-0.05164507495874924,0.7748555081831926,0.30373756589187756,-0.810150723700974,0.19681303102819517,-1.1359426414774667,-2.240923718090155,-1.01875923672339,1.3512387313080174,0.6940170269912984,1.070241105307489,1
-0.1019850059130027,-0.7616369948875151,0.20939442897295693,-0.8498274557155705,0.45099463164747533,0.435585065351271,-1.2699524452416027,-1.1437079601239337,0.4885993221900695,1.1782966904903287,-1.099988449803183,0.4391720382829056,-1.3934059594823387,-0.3984156387462174,0.8217877802165625,-0.9305316155916745,0.3115523778250146,-1.4485921776865913,-0.8891216772468364,-0.3073195121589988,-0.10330245710495864,-1.027970640129468,0.02314088468409308,1.1208379062797764,-0.2638837221161191,0.4444203731963554,1.2617305122820734,-1.1522316732303617,0.5145199253851453,-1.3641545873150216,0.04873530942368835,-0.8384448776500428,1.8915537910762732,-0.9087539819088802,1.430864966552633,-1.3000517683266646,0.24613178770460073,0.2064702661887422,0.7489849266759306,0.06327354479440282,0.8983037170074053,0
0.1760465342489943,1.0867603704309996,-1.5118520402192623,-0.635845555645446,0.004785938243555317,0.7130880797475657,-0.05857768242773219,-0.06950002849044606,0.36412721378855617,-0.8861493923549422,1.272279680676044,-0.9652708833107088,-0.7682560551606561,-0.02537455034156976,0.9786889481794372,0.6363314954210091,0.5559002084550687,0.5446725996103018,0.2030486280825747,0.13674685726378336,0.3176808477731424,-1.1890750433857944,0.6423431665077574,1.0949999220515294,0.41756253063239124,-0.6935226626839368,-0.499104298712643,0.6486949500503737,-1.2799947858889456,-0.15222320273453255,1.6864798853374552,0.7960214696312228,-1.111733497813712,0.6500452599887958,0.05687084982647144,0.7055690016482397,2.3363292786200294,-1.1096529159279371,0.5057667407597515,1.196350553510683,-0.7131114927857884,1
0.7442040340847333,0.9402356569512098,-0.2311065463355497,-0.4142066549237866,-0.6234423264465131,-0.45926362277601973,1.8355047724406708,0.27996424484209514,0.3357551779376827,-0.9116163533677806,2.0506166264052723,0.5601836951719212,-0.6825318831247894,-0.5717498603197142,1.6673785494745343,0.8767168658911482,0.41442321247413405,0.5266422698136093,0.761172175361053,-0.5266453178857519,0.9181966282724516,0.4483256657220486,0.6787395525467707,0.6172611337189999,0.06794214287561784,-1.0678712324004245,-0.3498826250351049,0.9505279770256043,-0.9020607309790237,-0.08981178052284419,0.8362414626469498,0.4961020896404653,-1.6014415190680795,0.5064839095281282,-0.1741734418080026,0.9344700314570267,0.892753750034982,-0.47604845819568226,-0.6804466847464075,0.9613443375493493,2.0132963423844736,1
-0.7703792014400067,0.5896634132311648,0.4347594669474532,-0.4904400196845233,0.8178839236172286,0.5294357456076604,-0.5354804617067934,0.6973867496909372,-0.5287061131465233,-1.555891636452485,-0.37955522595079305,-0.2883432701908379,-1.093128598742561,-0.670782006608857,-1.7543702933062575,-1.1546979688140513,-0.9166921156619291,0.8047458622729086,-0.3135783041007182,1.1226014181296136,1.7709644821790256,1.5271554293795293,-0.7988313316798603,0.04958091018114055,-0.3894736608814357,-0.7949868535781133,0.07831938576044183,0.5580790056599376,-0.5635050918359078,0.04455928756472688,-0.9178767369904883,-0.7874199363975392,0.911418507331415,-0.42123112044376615,0.30446821379018363,-1.761023565912072,-1.7043606491879224,1.414246493070515,1.7194308098430964,-1.104204273666356,0.15210724327138783,0
1.0918725302610266,0.8656079048609443,0.40714274199919065,-0.9585731722617227,-0.28093708382012084,0.32613028141524586,-1.774705011101642,-0.9203949826049905,0.7897155305035478,-1.000284352174814,0.5859007804838411,-0.8860789469552682,-0.5845978712801267,1.290976146027275,-1.3894101377966845,-0.9416849909079543,-1.5017745602986734,0.6789265228611041,-0.10137402478031632,0.558669101743556,1.6032567763062322,0.8200946322721867,-0.6319062792978596,1.0203130978753803,-1.4573544696400011,-1.2413756106111156,1.456354493307406,1.5752666711061658,-1.8525453654177704,0.9904737107653828,0.4664602442658268,-0.3590544883024245,1.068524418562779,-1.5769592825428738,1.0037736021903725,-1.2895826677703388,-0.6469808983293288,-1.1394595927167048,-1.676192131980729,-0.9207755444058886,-0.9393980062947007,1
0.875317105352074,-0.4471023934151129,2.063603401933029,0.21777548321421253,-1.7458492425975132,0.748944641521307,-0.3053369242929146,-1.6959476758591145,-0.6216365266500237,-2.0538869674860325,-1.6125207349278146,0.1607215886441002,1.7719802968376488,-0.8397217069574505,-1.3294456576024185,1.3619918131343884,1.507275146679447,0.5678624033789222,2.484677771147083,0.2821355376126304,-0.011200101199999998,-0.022798922554503005,0.9705871271926099,1.395254815944632,-2.8519721440158574,0.48115750312925487,-2.1558709633795576,0.4581493394746578,0.9480839047266164,-1.7171561470762244,-0.17108291742654555,-0.08322202473717073,-0.660557691020722,-0.6351784357053155,0.9775539144626639,0.6147419949271108,-0.39398793546835237,0.13147399272491997,0.38760475044308323,-2.117981008787597,0.03103137989359219,0
-0.17534049653084488,-1.5112017450268462,0.34035133405133006,-0.5848095033367531,0.9116037438628039,-0.41432749691819354,-0.998717572186932,-1.0347268434097343,-0.7336544811778833,1.19568705986112,-1.1960111329234144,0.37347740381038946,-0.35030562920374025,-0.22724814263240517,0.3246367019322026,-0.7947252468399659,0.2509997440646307,-1.0091987194755467,-0.8540472924467623,-0.4873033734484602,-0.28130241895343955,-0.4387706426557731,-1.5175051575600635,1.2381450219081724,-0.5371616950687643,0.4325055692940994,0.732461857150998,-0.9119325697473221,0.5577921271185019,-0.8651805199006256,-0.9941275211625366,-0.3446335119349989,2.141026541131568,-0.8961729627729561,0.24001219138617513,-1.4709674936738115,-0.09847772092641327,-2.078953833171985,1.270960059593218,-0.31185060726663477,0.013986111925892821,0
-0.17013465657139984,0.33019914978179193,0.8794416734052327,-0.3028563016079687,0.6905494872106214,-0.5412938418853674,-0.24229694351983538,-0.8216082799349333,-1.3146874896619622,-1.7933602749287725,-0.23860818767924638,-0.7775137638317432,-0.9096998572379338,-0.100287494023397,-1.3376167381110793,-0.6395416821682612,-1.0680139280914547,0.9147923519637315,0.05488469150864928,0.7664211935495876,1.4194433483989621,1.227316382042993,-0.7670132013867393,0.8212308339291166,-0.8744141243450895,-0.7591897322764428,1.0496822128617205,0.05190958165417174,-0.985349365879633,0.2284448935063423,-0.4166576853994729,-1.0435160103876804,0.6553310210428082,-0.7337117688453376,0.6953557600466275,-0.8562315082335371,0.8298069086867503,-0.20192061571379286,1.1375422799078838,-0.9355753288558634,-0.7936376125996716,1
-0.5608700489418627,-0.1256005662201669,0.11233213825458914,0.7811460916111967,1.225748461407219,1.0679442799056824,-0.3426424860986161,-0.1723180170480125,0.7062718188410649,0.6702258065251837,-1.602782111527889,-0.7358603394890891,-0.6125751676292857,1.6077839931906246,-0.05795641646189715,0.13406666323544203,-0.16798495380753586,-0.48161692990364036,1.3779238558470468,-1.135870696518804,-0.19040911362385277,-0.46420494357737013,-0.2464245251889172,-1.3327766708342002,0.5825581370584114,2.0590005293032605,1.000298783370292,-1.4540130149235317,1.024401857564783,0.8511567787311421,-0.3626551039955259,-0.020888058416577066,0.6744696456460844,-0.8585049841243929,1.367379826487587,1.0923164058232098,0.7948413352398882,-1.4936689438759383,0.24788216773361268,-1.1598083207053587,-0.10281880872511309,0
-1.147271883566141,0.21303667235624454,-0.3710101021544697,0.08744141665465073,-0.4481745564339593,-1.1602579859479758,-0.24129919315230425,1.9797680275213962,-0.7055311289869174,0.3319094643731324,0.34664810700122284,-0.9526557374738754,0.9910462295806137,-1.1517808454316174,-0.8174209671217535,-0.2744616124535058,1.6005896351837845,-0.8680953151524909,-2.4029353266512445,1.719759833387218,0.07016493816224911,-0.9583329256965283,-1.4524016919786091,-0.40289420384383573,0.521019509709166,-1.5513826599795575,-2.1048679790036506,1.0710619477509167,0.9310289552529084,-1.2391877334091073,1.013762463102031,0.2721897292266463,-0.3937516867013664,0.06916765297579651,-2.4193970862280203,-1.0822634221738443,0.3990175924968581,-0.08290199479961483,1.7053727560569116,0.21892121142281515,0.39380339529303526,1
1.0550698172706776,0.44611338236850084,0.4022473272552536,0.016745165846428527,1.054953319637972,0.17284125501771444,-1.1217945646495984,-0.2930726505223961,0.08200182037829562,-0.34522057860639893,0.4423529179888047,-0.8835766883692564,-1.4725487595199511,0.12064512487587889,-1.692012147656001,-0.8355976339935633,-0.9219566157464143,1.7853904113941816,-0.7309711552198245,1.3717338472742324,1.2799725747522048,1.4438952115261987,-1.4038108093683828,1.0504534391059432,0.0854633171234688,-1.2059604184375676,0.8447238592596996,0.16860439256532705,-0.5484112856720066,0.767261940715197,-0.6026061114054818,-1.687008070795116,1.7818187198059605,-1.106017137865889,1.9251002460288633,-1.54347934062796,0.06716692848296202,1.4110838160680668,-0.04772364001086145,-0.8526376189933774,0.4727831975340044,1
-1.1323035273015205,0.7010696319995775,-0.47080152257868285,-0.970451604753525,0.8813467104873773,-1.430458686130405,-0.15369740878174296,2.1246519001824646,-1.8084869159900618,0.3691342168634542,0.9979010801360303,-1.4886230523687483,0.48736023316759347,-0.23062868809145842,-0.14432536543591612,0.3759074794480797,0.36354083101279033,-1.4485275043128063,-1.6402940269698565,0.9467034999001046,0.2759670610663656,-1.2277539880077797,-1.070378524356755,0.9474586946691637,-0.35560745935538296,-0.6044579062962161,-0.6608468363229905,0.5594711014654082,-0.17406728756064074,-1.1357232089704088,0.49105238971067794,0.36907867027054914,-0.3015064635597641,-1.1884623825011251,-1.1745243174491076,-1.2601650952539014,0.9851107216865941,0.4567700556101747,1.2041715019949466,0.7150704638164658,0.12804647318252943,1
-0.4460790925010712,0.8479822664313983,-1.0417784005066415,-0.11336042674665327,0.26617926156341265,-0.5124786292744121,-0.739159174975919,1.898298757632257,-1.0275894197592748,0.8444858844419725,0.3933860453500136,0.08790802498269132,0.5728897715011692,-0.6363208712722251,-0.27874133525695843,-0.429495833028858,1.2635728156595007,-1.2239671579441684,-1.447577885059584,0.7312171918851595,0.1571659361326794,0.14313860757146382,-1.5400537306149515,-0.3261023637778962,0.3664126889292607,-0.8874082735260798,-1.0510323696692256,0.9371860325643776,1.1058327645923247,-0.5048339358006166,0.5137537355767846,0.7058640184876311,0.15755724712124616,-0.18838303546155363,-1.7660549130269767,-1.4526860740048362,-1.1406544047000453,-0.4490966607396531,0.1452423542875005,0.38289559286495806,0.4890425310755485,1
0.4564260470534828,-0.11315018050758567,-0.6567250285263886,0.1423877780123095,0.8908266088836698,1.2544836058976234,-1.5124991465141313,-0.8816038480471075,1.399685616944626,1.0084455857788777,-1.361311812651184,1.5233583875331913,-0.05599336956635527,0.33607085993169444,0.062292157284033124,-0.5377047228150706,-0.5066784485574473,-1.4270443270375592,-0.3470288122222903,-0.6450272507313354,-0.20370784214158538,-0.19237084607605628,-1.5739739687902334,0.1458504196134222,-0.5610305221609105,0.9033252351445517,0.7713092192809446,-0.1310827306740606,1.4837229333610567,-0.09795685274764453,0.6002435218603193,-0.6882838581538919,2.3890449532920224,-0.1281299228158002,-0.4882978189529472,-1.328812892500213,-0.3206866645557918,-1.4521056397204695,-0.6459428216556087,0.885720453233114,-0.0407913302217742,0
1.1762994536632876,0.47218770351106226,0.5153862539216787,0.6540381396733168,-2.8674179510192737,-0.7339109376611099,0.11700218798542908,-0.6451057235616967,-0.10929816325951361,0.8559925318336773,0.5799041853971407,2.6288847852810786,1.5960436208879263,-1.084526503288273,0.5181673759787118,0.8415617365180076,-1.2442239390752592,-1.4776222221830517,0.20117527416395048,0.6737354092332136,0.3377002226415864,0.9040421251745292,1.447985325762412,-0.814374400690925,-1.2207535358144486,0.47175804924778747,-0.029658596274944566,1.6824097996738814,0.2752756996457358,0.5547530775066568,1.1714172836241428,1.0617231819955273,-0.34464158530629335,0.8712675602871457,-0.548810628799895,-0.1444847161219601,-0.904851328603363,-0.31618310200082383,-0.9551690253378693,0.8240360789617679,-0.7043323354693714,0
-0.2546503710395258,-1.2091505710134522,0.07672080128148044,-0.8738610652888423,2.161281342656186,0.040108212098470465,-1.3795077888441376,-0.7492677842981589,0.9136053151787886,1.0629458650996462,-1.2561416685076947,-0.2602379737804358,-1.1076111753497322,0.7490984397682326,0.6130475022756328,-0.620936403009275,0.31012387558886717,-1.1349439028879387,-0.4854344428976178,-1.2225260482419724,-0.7874773837201492,-0.30396318669384415,-0.950940992364042,0.8692688215883396,0.2932627487070311,0.913832239603552,2.264003368640671,-2.07759623879441,-0.266547295831714,-0.04814032415230962,-1.0528240314649648,-0.9330623166826786,1.8119650595426589,-1.9547045076187142,1.6953934352053612,-1.1352343013582187,-2.179728111481449,0.455082028457249,1.1253168940239167,0.7777462241094142,-0.03390006557320094,0
0.2925262732164046,0.4663086354237007,1.1006604767581267,-0.2961535294447588,0.08430234200968928,-1.8306122987319198,0.014189805679615976,0.1017488124729128,-0.9355155078565688,-0.37801885170261434,0.46473552781039174,-0.44447865791576563,0.8127520885511714,-0.14344972665408076,0.1885598991777618,-0.538668979925416,0.7937715265690405,0.17021186741881972,-0.09317090545019477,-0.185188041728032,-0.15928274202703488,0.7430569180385236,-0.44527882613952696,0.4876386222308373,0.016076160247782762,-0.9334994041058022,0.4173844321256382,-1.4311155160497364,0.2214501651865657,0.5290898621478262,-0.342106793319486,0.890555997024193,-0.5973400807132814,-0.8379528631254727,-0.026102935127516054,-0.5077795081662455,-1.0160227261217785,-0.12755062514361976,-0.974642704962374,-0.8253532566943702,0.48791167252357337,1
2.1478520283144023,0.7654302406241066,0.304532252341104,-0.7859137682324875,-0.6501737817526815,0.4145002180986028,-1.5741223238584228,-0.717914964066814,-0.9151682982679321,-0.5923984331815686,1.5953039196951468,0.9311779524321439,-0.33357375940003253,0.2721364753476785,-1.218184974143901,0.26279410554324467,-2.094779314747829,0.9893969296190209,-0.28677929526057067,-0.0971507616241499,2.315347555240685,1.4152318239015018,-1.5445833307443249,1.0028262617072536,-2.2492500300430107,-1.812606600997692,0.6824058887658271,1.636830504709408,-1.3642821395183387,1.8376637115237207,-0.14398931812681523,-0.3726902032894187,1.1151250135823445,-0.5838519603934199,0.9629301693337478,-2.3520016753232795,1.3251598230572246,-1.61976599944442,-0.45389912416442746,-1.3540991146047379,0.97049195781774,1
-1.2638520109013078,-0.3160476644744683,0.7875096084361402,-1.2095920292618847,-0.5628554774243287,-0.7027191271609277,1.5177217079445209,1.0703913077706848,-0.3128956813256395,-1.350832890082693,0.8915710130349412,-1.154022963757053,0.9179104054023947,0.4172515001008118,1.1475172055626395,-2.064283402503395,1.2717155361451722,1.3518452423472955,-0.9480678621689674,-0.7186791964252859,-1.8076262748849319,-1.5148965307640887,1.319104131080857,0.4255058721939277,1.7893149523247165,-1.536766054985162,-1.3234990632765902,-1.2779805889989362,-1.2293418991706369,-0.4498566929343382,0.42046744960736154,0.37899448348693304,-2.3027216848388408,1.4291378848627632,-1.9213790036574274,2.1747348249190073,1.4314355282821336,1.122780070738715,1.9494592560763209,1.1669331108531427,2.4546016991809063,0
0.16471722041852424,0.8339401792790637,0.8931032382175844,-0.7909207321078926,-0.1267606102438648,-0.9819268651545806,-0.6631772766854258,-0.02624572285381527,0.7874129891427819,-1.2253460944055077,0.784197698026497,0.35018191716931085,-0.7809050014741179,-0.5825400018652593,-1.3277183905158592,-1.508287330542235,-1.723483374191536,0.2857085540388806,-1.8013211091320185,1.0399753849085607,2.221042535006318,1.3778840682746347,-1.1178578164309458,0.24540129655011061,-0.6354752898806805,-2.2463442217081813,1.2805168384772725,0.09272652929456288,-1.1995611439297211,0.927403006115787,0.22441918764390495,-1.3115963969447868,0.7775943583084612,-0.7032928264215441,-0.07641635032257714,-2.27058450286356,0.3029862803466626,0.48123135067118966,-2.2326882602410265,-0.6085081187639,1.426676432292611,1
1.0191350414414957,0.28310613515269284,-0.23794750253252,-1.2025724811244385,-1.7339366999134131,-0.014522123972693845,0.49502079891648026,-0.3611730025376451,-2.099828173391689,-1.2269207212720075,1.5486909060880065,0.7748353547986639,-0.6114151916112853,-0.6098069995016766,1.0370441695936967,0.6556962561160056,0.21458813321413048,0.7120228262420993,0.7129393312642904,-1.1088363119975129,0.28511767686632367,-0.45508715109715075,1.715194005525959,0.24395264988501927,-0.7744606962292133,-1.471600467342033,-0.3739800363450556,0.7769314471673867,-1.0017704023189724,-0.6243592859497266,1.0358525295089558,0.5459948796980826,-1.5066892321518248,0.6256580891789987,-0.0222458482072947,0.5629233949796488,0.9557486655850115,-0.9126313907432372,-0.8021875731565163,0.6963181672771652,0.7465941865560392,1
-1.2471812140575005,-0.985081274050825,-1.8940317795037658,0.1306975897134865,-0.16445245518165663,1.604095733014003,-0.04875102880629874,-0.9097848215868172,-1.1140431385705578,0.4829020552673295,-0.7321051529793163,-0.5378254509400497,-1.6569009401940604,-0.21897471702960197,0.4706138114016557,0.2919835535059553,0.7793992504117299,0.43246615332356825,-0.5490724808502327,0.4726278168393597,0.23966128023437752,-1.3258041423253308,1.2342894255394588,-1.0203242991835895,1.2613095626575248,0.85880416303324,-0.6561854403758319,0.6791841243267249,-1.2215072535845246,-1.1067714844492875,0.15175871419467007,-0.412681972402828,0.107138755016073,1.0320536941952663,0.602016113865063,-0.20100421564802942,0.13732983646092503,-0.6780174923000656,-0.9170332278679505,0.26546066827119374,-1.4077358505095863,1
0.6194823557129141,0.8026059795602437,1.8141331461457209,0.2777432788129989,-0.29689126161526347,-1.5990226306824302,0.5731893866769715,-0.4344832447567013,0.477482985358154,-1.1215839280111017,0.044427385094929044,-0.9148399791772307,1.4414596125085133,0.1742642918425971,-0.7277853936981403,-0.21235855613894558,0.38535402009055825,0.7897940184760303,1.1716850239548369,-0.5527528238518843,0.4110875223471018,0.9807495953843424,-0.1733637303295497,-0.39727799609031617,-0.5240842454548169,-1.100265586340231,0.42535648726399444,-1.6264460828914118,0.3578061169899032,1.181162010734553,-0.4801890684675728,1.0894284649646688,-0.9843503378065283,-1.7217421390928709,0.059519232548924064,0.10050736494894515,0.7334280251392459,0.48825513596287706,1.0847561365784295,-1.8580924962593126,0.515073439061825,1
0.5725681317531144,1.311565755327168,1.4128551054366838,0.4636543081449796,0.17365803592692897,-1.3939358460848454,1.3076289697247045,-0.21284697263267705,0.6463115295116155,-1.057622871094627,-0.10696124969678465,-1.086439748061405,1.203077765499685,0.6305978163485846,-0.5840224831600989,-0.30378858667680164,0.8087730236187267,0.9796023366905747,1.5161919393504197,-0.8010178830407045,0.24630845074631955,0.8660335247244954,-0.21151837985437177,0.07300795251672824,-0.5365667573857291,-0.7886753978739591,0.16467257751649814,-0.9857805436931136,0.9730572351468695,0.018522786922063793,-1.0690613634222714,0.5349367128525677,-0.8135649786979064,-1.2522823465871376,-0.48569317935512524,0.14691667071433595,-0.7980583728675152,0.23597266339863984,-1.1141706143417145,-1.9753651564626762,0.22512877703981587,1
0.40358630459966105,0.6874724311816943,0.8038575661669961,-1.4121839851261404,-0.6697441138698363,-1.9692518536682053,-0.9186330818525823,1.5000937968123775,-0.8453317424008551,1.0262141429520866,0.9724506149281673,-0.4766084557754983,1.0802119070789773,0.9777789613905763,0.2330674387148345,-1.2269906368825967,0.5770858536354058,-1.2741392389390487,-1.3620511893031637,0.8091532939277641,-1.3836249356262909,-0.9280081700946914,0.41661920633646576,1.440194842933679,-0.7234901925594139,-0.512021896400094,-0.008710603432054246,0.648910190899378,0.3695136174119147,-1.4813030675656538,0.8529580530796276,0.15561470310324935,-0.0932903357721933,-1.6114262863021807,-0.5017329044977378,-0.7575430253300567,0.6921366869351937,0.8576254005589132,0.23808406624056694,0.8492088552780753,1.1025634908950799,1
-1.3868945130969301,-1.0029072255255151,0.2088117618826007,-1.3892957477970176,0.1553308169102951,0.4428577044520014,0.29259963867628014,1.390851684209917,-0.4964010274408507,-1.7035869561531287,0.5953631030554868,-0.8666851756210815,-0.5507634878428875,-1.1028825215014668,0.31758104193379183,-0.1381341771941221,0.9688405607176531,0.7119371800787987,0.35243631427765926,-0.5865117372043975,-0.35533837272404917,0.14600489138828698,0.6768954938173541,0.3749711319180669,0.5758615092555549,-0.8726805348470447,-1.0294546490652725,-0.7668351457887003,-1.2123894178983585,-0.0760044002243843,-0.6886721117156072,1.2640858840881726,-1.6324501004931011,0.8893696928604433,-0.363228381198425,1.4610627714901125,1.5446829262579052,2.053435075135541,-0.6881157176699916,0.07850096464119737,0.48579975790638813,0
0.00907173949187262,0.6606398173830846,-0.04308373151309676,1.128563074029161,-0.5747674664053425,-0.16032521466838257,0.49672434223582007,-0.05510022189935905,0.237829573073757,0.39582395044686874,-0.3388055886583675,1.2272943560957723,0.8928546724775469,-1.1808934592826779,-0.20571275463107574,0.6402977252739988,-0.7911577335356855,-0.8052338065290437,0.4196559840896077,1.1422267290642405,-0.0999788344711939,1.0716266720655032,1.1869110022676561,-0.8339127180447419,0.1805647266301656,0.985061797769135,0.19963922155418012,0.40879850320762656,0.5603059828926619,0.3201681197182903,0.3548546978731765,0.7081897278328946,-0.11545364122515635,0.8839261611209054,-0.28038920843304355,0.3868233081108986,-1.3234758757836806,0.4442667432484657,0.6097813003374855,0.86712996272002,-1.6486680153023376,0
-0.5955225968164558,-0.9716775822633993,-0.22861138913839493,0.44786785404869095,1.0464363616588241,1.578159333846015,0.33809931434128543,0.7526355036269118,-0.682067247132004,1.6807113560357383,-1.097098721557587,0.42504481727499893,-1.5662289453914604,-0.13137975655982892,-0.1262265822675033,0.4802170840914411,-0.9850102208865429,-1.1067319172717718,0.20108866496709218,-1.848926043469416,0.6858614483707147,-0.572074050324372,-0.24362522453311924,-1.62616715940128,0.10971253525054374,0.8802536920053776,1.2477651842652666,-1.518578661075837,1.3522696331997897,0.1244886776187999,-1.9403510336977563,-0.7247109923800799,1.218888266298485,-0.8379190111625897,0.9389491809310305,-0.8846454866679659,0.26054176658315936,-0.44282091731351725,0.4408810919618306,-1.3719578964361685,1.3864702672960714,0
-0.6166108236922722,-1.4902151487948903,0.5813705524604018,-1.65322653539435,-0.4082659270347487,1.557586415112592,2.136865951155129,1.1752589544019592,-1.0703880323268276,-1.5810915757586668,0.9682487971566092,1.041723591546022,-0.7716567229484219,-2.5360178194723297,0.24010269355938266,-0.5639081586826178,-0.5954322095777,0.953892490365044,0.4969880776920903,-1.1130084378901404,0.15149764927113787,0.7569001917801872,1.6202236529803513,1.1818037902612326,-0.3056174290488835,-1.719061296115717,-0.7212048399108154,-0.0814468798922518,-0.9659168275540375,-1.2900204179736456,-2.2254360934580024,0.6297253480561533,-1.701379370413042,1.3228380340378478,-0.9933947948615007,0.5928484687801653,-1.7218912528031565,-0.9945416670468646,-0.5813827775335364,0.7536457518294836,1.675610134097442,0
-0.38709760836759244,0.781342342727425,0.05294647978085394,-0.9683449739992961,0.3324183907612661,-1.1479488569735312,-1.0886374940849897,1.8304335313963414,1.7864436812729791,1.2381383455427866,0.7330004383593771,-0.6830488054197659,-0.08523426036310554,-1.2782311309870453,-0.21942253543604995,-0.655731475718113,0.7269820493974422,-1.1929743128226231,-1.091856078858531,2.100390305153718,-0.041160408428134905,-0.6523691148843526,-0.2065928750480377,1.4469058680942997,-0.3168832332990306,-0.14382556255680393,-0.8515361746635361,0.2607861084244828,1.3039013330815399,-1.1792716032790096,0.9607365882331051,1.4042951886224777,0.437826136878881,-1.4507110957596758,0.6176794028649266,-1.2267453558775414,-0.7673280845805293,0.664371621924138,0.07763719228241102,0.5221601648706732,1.3432051707888109,1
0.05414454707506748,-0.2102432531623043,1.3272547345201209,0.39602754183602623,-0.6881410133826206,0.8852097528049822,-1.3905292352303047,-0.8000624655698519,-1.2752724851206232,-1.4408188126717414,-1.5830132278249016,-0.5541662286299975,0.8642600222330227,-0.10760906111911786,-1.2222087485123705,0.4865609330222774,1.5791264298101129,-0.09761569873004376,0.9487780803975038,1.440676097217191,0.34419941664645887,0.19461655716110104,-0.5405179858279807,0.7796890583178782,-0.9170790515023036,0.8178533068044954,-1.6551649771556378,0.8023538401816638,0.4337333181395188,-0.6118681479602224,0.9960917034657769,-0.5699734917396971,0.11581691462861168,-0.7744793301368433,0.9961973588424494,0.6431014991628757,-2.3609617154651996,-0.5323222266870368,1.552472411154307,-1.1500534370398452,0.39894640103296586,0
2.337427034723949,1.679910526157589,1.3118509407365349,0.8237713658591123,0.23937572881873143,-1.8510595532087126,0.49466849418703,-1.7527443510656149,-1.0772876563698575,-0.38364208264363914,0.9220574398070992,-0.45665530593606235,0.9030531230420132,1.1249228408723713,-0.2561486378020248,-0.4712090368884064,-0.6578748609807715,1.4267204055367113,1.1919797915625343,-0.6920673612698425,-0.04122911869040568,1.6385131915678972,-0.871422168044222,0.7900962691132132,-0.4649816544309205,-1.3572808654949011,2.2838085435186293,-1.4232517236155338,0.7464500600722543,1.9548214213505253,-0.07254335863558586,0.6032626132523129,-0.3533658413181313,-1.1453834585905236,0.4280278765335799,0.718087365008509,1.7843525418747157,0.6355905251146446,2.4535271781320547,-1.144707403175279,-0.6447686010757433,1
-0.6941959586834423,-0.23314273404337021,0.056574965751753144,1.3814517671380913,0.38300587401047426,-0.33350161098044995,1.6909269887733367,0.6755805228011242,-1.9874870504146727,1.4381933733966115,0.7275342980114118,0.13728400318869569,-1.083600961098594,-0.2558958416969648,0.6693321869784298,1.4382888200686013,-1.9400661655209692,-1.3481418675347823,-1.4882597439799934,-0.3720982488332011,1.612916301726655,-1.0059624465338517,-1.1592875776809934,-1.6180077873784546,0.7911054206284274,-0.03215030367747636,1.2952777103725446,-1.3715784276653828,0.11978519192259922,1.606055934338697,0.38968806953589885,-1.4096689848143937,-0.13558217146132778,0.3843897162651189,-0.03571946493829551,0.36404587186968296,-0.8180153293048185,-0.36755530812495524,-1.155382338515816,-0.5176128308394146,2.199248908620173,0
-0.19494585090677977,0.31862678805810285,0.3952369947603692,0.0007863870940407299,0.839144144476994,-0.09993661192461924,-0.48577928424163425,-1.4200102120536233,-1.1177735739255827,-0.9470411239561056,-0.15310035162250515,-1.5944423841971351,-1.7385232809918008,0.5846240471371825,-1.301577545286711,-0.8751142437352493,-1.0344755768491671,1.1252005772196434,-0.6921236468093426,1.3134738234565457,2.0778188294522284,0.842690734054011,-1.2835857406782523,0.21456811893555802,0.161384244076043,-0.7214110752795055,1.312299971061092,0.42093328307126643,-1.6385434080918728,0.6764616565368556,0.04903183644751058,-1.5084175704729088,1.440734988583321,-1.409404587482088,1.4078716481383613,-1.269371994901574,-0.6596993087400664,-2.114011755936122,-1.5302095006665182,-0.9683919915761474,-0.5108669456320002,1
0.5459611916660535,0.4640574543265248,-0.32633253542764834,0.60616012037846,-1.4715706925470724,0.13437036537214694,0.11376074487584537,-0.15984765161245867,-1.868625042317056,1.1790220297498755,0.6319115401850035,1.729657914337061,0.9301385374154755,-1.4535433574519736,0.1692185640970596,0.9466380366090538,-1.5204448915399913,-1.3899039814637548,0.06585358966417963,1.2448104867686611,0.8217713480161587,0.8141942232354156,0.989669799636822,-0.5479991242903638,-0.7415749347218171,0.6177266925404877,0.23488821599779983,1.6884227208799176,-0.3764488251535887,0.8257990598311267,0.8770795469921642,1.5778915948170025,0.01124299195243652,0.4664016627367021,-0.14927088779083894,-0.531625252155919,-0.307352348339301,-1.0923805065486334,-0.695604596774554,1.1467109635958779,-1.3500999438405172,0
1.0544025845161147,-0.9642084662132325,1.2074753255270554,1.2771531291609461,0.15056015993347033,1.7740862596373874,-0.460102849672946,-0.7155177218966924,-0.40333043058760176,0.015157966415727734,-1.038403534622427,0.2482671759096608,0.33209288445686785,-0.5646869455208252,-1.1288971915553927,1.489504377296713,0.050762598035831746,0.04946619381556878,1.2297758229109823,0.6348452227745154,0.36741883330224484,1.1308479823155098,-0.6632926634618252,0.25817552596060167,-0.553574743184402,0.9554216259881163,-0.3778297799009018,-0.3012399450669196,0.7738489978737702,0.6141159605825293,-0.7217331921327631,-1.182991649070484,0.6605197874145489,-0.7084270899335459,2.191130569024387,0.9587822784514677,0.5428956799334211,-1.2447617320943571,-1.4674226388529512,-1.164472881359829,0.6342137547128425,0
1.4289662239148924,0.5956129047256936,0.04469646803260189,0.11989140026424969,0.3417511544284583,1.490563329712612,-1.1900719458788567,0.08846148817982978,-1.929577357829796,-0.5618001743234884,1.1849947815332238,-0.5366224637064269,-0.6848243281050331,0.9420720724758401,-1.0118874880986737,0.526794560638697,-1.4113974741445525,1.3935401012246955,0.7853465231723633,0.5823945721505461,1.2474948067103246,1.6541044263440414,-1.1708024158914965,1.3491929803173004,-0.5205894405585971,-0.2625464020376106,0.40809458547831046,1.6075262495973368,-1.413492953160316,1.9503826227322218,-0.4351640311686154,-0.14155264759895242,0.5463006151916828,0.15787552756807452,1.7992039623250267,0.0818961190889425,0.9266991820381558,1.0035260345228723,0.851457918662902,-1.0236903387618437,-0.5148142721542125,1
-0.2354409342322397,-0.8805829204953239,0.43155301795555695,-1.2126243915857602,2.2990522241073763,-0.48609202186860456,-1.15014516691113,-1.0720479836818204,0.4821092396889234,0.8722919918316716,-1.387670128454035,-0.9871130882632319,-0.8737462889061645,0.35306634214676735,0.024477208363022928,-1.8042730287924456,0.23987049424292867,-0.18570226150887217,-0.6440516061815028,-0.12343275089907556,-1.9691895214457569,-1.5931789086738413,0.16182704644001425,1.9564827410737653,0.3852448763650575,0.6071609944843653,1.745841806375317,-2.50868057507587,0.5663687891438558,-1.1592304936363698,-0.22690857673935327,-0.789282333278205,1.5701912058720275,-2.093616265712934,1.8053311875692948,-1.0406285450785584,1.7010876814312375,1.051911030037426,1.130711050319476,1.4836971773760392,0.013214535578752956,0
1.0168405369713789,0.015290984131594637,1.1882600154424845,0.3288530341257855,0.5038072757438421,0.528749208868215,-1.2808118024453803,0.4548756605937229,-0.12097474650759324,-0.2578891637994884,-0.8258974973744216,0.10208605913954394,1.0802206392011333,0.5868588673040054,-0.8651650993773509,0.6647280415535878,0.8703264575124862,0.27475923736000807,1.446198203217763,0.6993963858283209,-1.6342893390726034,0.9288146014036353,0.08544296126625918,2.173274583545316,-0.8746025915864292,1.7723246424572574,-1.044490917608866,0.1075847430397719,1.2596807048805667,-0.6647533495278838,-1.1120598645574684,-0.8815533637869953,0.7202666874183936,0.016501781208460138,1.9396096023953207,0.6938175831023179,-0.05556204533930153,-0.09897329935419528,0.5431192611103549,-0.8642637151162191,0.14375175846191096,0
0.530955128403094,-0.3992993589599929,1.086444042903447,0.6120747329173871,0.26082496137443284,-0.029317600987368776,-0.934759919378019,0.05288229294641749,-0.16383488646155525,-0.7792440574688477,-0.7531752727511611,-0.20644550425481953,1.089980150266009,1.0498539846671309,-1.391801439392324,0.9044955060848894,0.4369429762518582,0.3615814633651831,0.8025762447751285,0.6565362118944065,0.4451357333328199,1.0438356279911816,-1.5526083290555837,-0.07155637912692149,-0.7427594877939508,0.8267545101423804,-1.0075676933134343,0.9089349700701018,0.016918198538431278,0.6334512076444162,-0.2349797671709092,-1.043339240598679,0.45216692533736846,-1.0790800464305217,0.6612378493325451,-0.05971143330176835,0.07365336488788984,0.8989489142404321,0.48262954527876095,-1.0798768407301724,0.3681359665131211,0
-1.4792311361953114,-1.1108848720104956,0.30822855836952584,-1.7180155849637488,0.6611050479718228,1.7186698815210601,1.2662678031881593,1.6570903648414883,2.3704101869391065,-0.2582734009223423,0.5922510698969582,-0.9197745499953716,-0.7828917765277191,-1.5787176252818238,0.7545314639270078,-1.2951422854807237,-0.07760596234573429,-0.23963490579118576,-0.17395504457797373,-0.6963310689838228,-0.616045165729195,-0.4963757945766321,0.9948749229565931,2.201891638025125,0.5029017356294312,-0.8935356493282565,-0.20967395822010546,-0.879751110210133,-0.8938946994084445,-1.294880875461408,-2.120297342162345,1.2257261867875218,-1.2288446124703005,0.6445769071179499,-0.603269336358168,0.9429612432475909,0.4151989263270391,0.4610819019312074,0.6956392790119152,0.3994886864659218,1.0991049827776558,0
0.8131248544406297,0.5593235585108954,-0.13580010649212634,-0.5389140652865299,-1.4250118141370767,0.48630429142156495,0.9167585620765475,-1.6077774865272798,0.5610481845418219,-1.140403390506338,0.8880988808240194,0.865802082314706,-0.55318979493473,-1.3300632610693917,1.7006821796185496,0.6624968371239845,1.4014180270516043,0.46665681992832986,1.3451620028132212,-0.819506641451176,0.6926266609193812,-0.3004004591334283,1.1589547805959448,0.6130854220536621,-0.40806770765878914,-0.9713452269329071,-0.7465974636527014,0.13561546596318008,-0.29086268256092296,-0.6297914989873771,1.3296798783378263,1.321940194715549,-1.4537958790888568,0.5189503951784431,0.1973838738594384,0.5433200481922278,-0.6122115375887173,0.6878764330499001,0.6179000138188193,0.21529577069773395,1.2993179074861856,1
-0.022399422927941542,0.4090297914128015,1.0396624735183317,0.04259184465525558,0.33941024322444524,-1.7183936113982614,0.2603348301530489,-0.2024450206265752,-1.4123157237139392,-0.6391120850610885,-0.2802546139328446,0.09182561569260095,0.9486227001217192,-0.28152627173034284,0.07094022755501445,-0.14606523080827719,0.305713221578643,-0.45692108076068116,0.40981935749920856,-0.34502568069314066,-0.3271713845276944,0.7308480913822144,-0.5814901228588593,0.5462503088432842,-0.8037325696643639,-0.17437521080696095,0.5978968832019386,-1.1513402283316634,0.8608938696286442,-0.010456838870774464,-0.39662989733302373,0.6975351592936123,-0.2744750774499716,-0.46114488899467004,-0.5604089573363729,-0.21398028728127175,0.5015655931860085,0.28666327654950585,-1.0148909863799231,-0.6911351044325696,-0.7209520051779906,1
-0.663452023582989,-1.379254802241448,0.4486545693617685,0.43733663599124434,0.015731753854161947,-0.08563606821632225,0.7513311541572548,-0.7420958771874344,3.0650615179426017,-0.14028926749403314,-1.2134083846445576,0.170368322556929,-1.7471271270928819,0.35265791818828757,-0.3429893819755708,0.6154291915826741,-1.208231087972749,-1.0728939583527835,0.47142620020232223,-1.1328131016673413,1.084246432742753,-1.1442162811206238,-0.9987030545188965,-1.2976953066509278,-1.7079002877446348,0.6398872631578233,1.1000916695404053,0.2721061218451776,1.0765398938103963,-0.8657068904394176,0.21869154159269524,-1.3611306381194688,1.1194400677251195,-0.9428661652033463,-0.24792223698089555,0.7885654379367935,-1.0467952347235814,1.1732160117044743,1.357921011086224,-1.1384250188712082,0.23067838600766832,0
-1.303489917450645,-0.8848280472464489,-1.3831144141653122,-1.8235406621100847,0.8995145999379168,0.16062577365253294,0.570895293585472,1.7966662188156453,2.0487609778586235,-0.2306571328015115,1.0878062366261716,-1.4834886621494112,-0.9905657767038045,0.3113959662968057,1.0157143838797427,-0.6624279233575022,1.3495907884971305,1.50553301796068,-0.6515189413172714,-1.0422579372238459,-1.9985001781388845,-1.6309555610852882,1.1675188156985943,0.821449614594186,1.3391769658026622,-0.5160240788119971,-1.404335593428364,-0.43448236065248336,-1.0491463952634166,-1.6104183294361707,-1.476019445030279,0.2871931255596908,-1.3033836730982804,1.4153697958873208,-0.6391986592034917,0.5083563270224238,1.120409407135497,0.30878318287532464,1.517116609642094,0.8727752215189266,0.4308954060454431,0
0.12676851806419268,1.080797075221144,-0.8626482397551035,-1.134088083404835,-1.2506020575287562,0.6802563245015679,0.9152296630827368,0.9582998536319952,-1.1884699706168806,-1.455144064331577,1.5960392217593686,0.658029983061145,-0.5780511372620951,-0.83935569081662,1.066667406584501,0.7033550971549691,-0.0836767620564209,0.21689644403920127,1.1748314126885293,-1.4816721947137568,0.7435853931036384,-0.14997968473853773,1.6526983938446933,-0.48364704315238044,-0.5215330346610574,-1.2525513883231418,-0.5275248500985186,0.6665109797564345,-0.8336990910101517,-0.15715934903228762,0.6774882048149654,1.5660254571810313,-1.7975279324656197,0.972568227650022,-0.6846813000823713,0.4930698198564612,0.4203731462303097,-2.2134255164196106,0.3280944731760138,0.12669161721669273,0.5943638855333137,1
-0.17111230350909937,-0.10599353234590271,-0.3717327664835073,-0.25708849495321606,1.6861088986259192,0.3072380838225842,-0.49341388933769603,-0.3072351896443182,-0.37644403236356744,0.36239824001166654,-1.3947629026386208,0.47808175426644783,-0.43390026552378136,0.0900935651145251,0.27254381421583634,-0.5317784265341322,0.6936207127146522,-0.5755937938199297,0.5798216192072905,-0.9700989855550863,-1.0655014530613964,-0.7954082934531337,-0.7739962139332655,0.5509703008259738,-0.3010657866641762,1.0484084279399266,0.2515731270047036,-1.1179955674089057,2.0536718503235267,-1.1566091400553413,-0.0675760871779887,-0.1036031623241588,1.143627020240514,-0.5968620533161654,-0.0270242495791383,-0.8143545389957907,-0.4430471036434083,-1.4828232638361687,2.4738486381753773,0.45525858777814443,0.22054858730529067,0
0.006667250154863067,-0.7326434849809699,-0.4017839335624418,-0.9965823943254184,0.33918694378759856,0.03952515645228581,-0.9502902307414197,-0.49796631277042347,-0.03238045686871923,1.0718278387564901,-0.96661031005992,0.8834362515945329,-0.8111619708545464,0.4770043785272219,0.9610276584388017,-0.754033704267307,0.6747386635763102,-1.089407278098616,-1.0543635419057091,-1.1446430821100555,-1.2359065496064683,-1.5461047326023718,0.1384831110304429,1.2088316810669222,-0.5225631526390058,0.5632370849548982,0.2391157504952074,-0.2836176721014233,1.0198370190424626,-2.651530433142485,-0.5061221042359324,-1.7861662213149487,1.8672100940373686,0.41532956092619994,-0.11511364724010142,-1.4764420763926274,-0.6796917283742466,0.42910223141935805,0.16952441154412173,0.1840369842089861,0.5060620614204978,0
-1.2717349270856206,-1.5091854423297666,-1.5741549713422323,-0.46292531692274164,0.6725017752126209,0.3089247496656382,-0.8683001458672275,0.8588617074686539,-0.4916442293948641,1.234451073273407,-0.36892549504656225,-1.75226460762615,-1.2180187545902461,0.9847056275226702,0.02716923843446719,-0.1764446751907685,0.6670173116488758,0.818483306326383,-1.0590831914762524,0.7185565549307058,-2.1176384481314288,-1.2936308850490699,1.6051964748029495,-0.32328398834236505,1.545504881531567,1.4005214235898287,-0.40247328829282636,0.15965231121075518,-1.374598787206544,-1.342956656134296,-1.321549588266999,-0.8538647754420164,0.5358742806254173,0.9853337302103669,1.2918697464489268,0.3699554131759466,2.0056559714883533,2.093618656513974,0.2377317196163307,0.7259915661586939,-1.898582816302779,1
0.2755901990363478,-1.0503810687100432,0.8115790346180729,0.5460321582623592,0.8443124728491435,0.7549099206588017,-0.21818234248843657,-0.004862392658440449,-1.2457588774427537,-0.983493559293994,-1.2355598207188,0.21120595652815458,0.9396864694062766,-0.5821050585077103,-1.6032699635666947,0.5492619612451649,0.7620305707084096,1.1942238763349826,1.291947353899957,0.35028297493536553,-0.12655869436678346,1.3351344571850643,-1.0844082259293826,-0.020803290659487175,-0.4639448522565962,0.3488249104750385,-1.281433126912703,0.054376635468584636,0.728522942759451,0.16247555752704715,-1.3481984412335686,-0.16758432279260535,0.014829677375951202,-0.608393799710753,0.06303508639487204,-0.211638659016,1.1944048402998941,-1.7170334502261402,-1.029659006245669,-0.677064635245585,-0.361683046668552,0
-0.3274469912596666,-1.0233286894647646,-0.044860329479884456,-0.5449769209197398,1.0664759523661733,1.0137416700936468,-1.0723597168523622,-1.0870290097236819,0.18415068782052088,0.8267938673806777,-1.504244513423315,0.43020138451312134,0.030932456247126882,-0.10879007958654024,0.09120569785246807,-0.7240106332126048,0.35394112570351266,-1.235961334505862,-1.1368433034470955,-0.14907467218416376,-0.17029504103117635,-1.093887926574769,-1.1402780488129804,1.331505482049567,-0.12446970579903523,0.46138212257512584,0.28799425136747714,-0.580087225325356,0.09592635298528555,-1.1935597213798899,-0.021164265564816247,-1.1144170828028426,1.8291573140075206,-0.8431470241322894,-0.2279389197707852,-1.673366023151104,-0.7144047681602504,-0.20733681320958347,0.05560134141077033,0.8558269336949845,0.1693821164371944,0
-0.29969334400272923,-1.1622412745046526,-1.0103315455011126,-0.2916861869387637,-0.9472680068622062,0.8165356684180414,-1.5208512208786216,-0.5473730136664167,1.8955277628592295,0.6183524543348539,-0.7259881129231022,-0.4217091909117265,-0.68994069231834,1.0256882927238196,-0.45648556800615886,-1.1033653961137633,0.3518233227775166,0.464458617707417,-1.1682341883562695,0.5616576884114732,-0.9563226130138393,-0.9609050617373905,1.1620748596523742,-1.0988273018515584,1.0555227890389596,0.07484765997407561,-0.0990696341694999,1.0538830166243522,-1.1980691530933556,-0.5657306337211863,0.6165788911245569,-0.8034194536818132,0.5927691685069425,0.4837863385958981,0.09095399141797056,-0.04612581454096772,-0.20817868991681454,0.19190395110116365,1.332790058635452,0.7593096547297473,-1.4618464196006806,1
-0.9170717295481108,-0.8291621382895376,-0.17818449581326493,-1.0596255308496072,2.4550514017820473,-1.0130870306018667,0.05102191921199403,-0.10383337770729961,0.46317385858863513,0.3302333975431749,-0.9747497705244834,-0.18113735475762852,-1.0105507323823906,0.642063057035397,0.48108528547109014,-0.9172572364603101,0.5440156902825171,-0.018217107989350317,-0.22862186679956573,-1.1226329616497621,-1.0104862900330562,-0.6604524712707143,-0.32944907137889046,0.34950426786708516,0.43858440754536937,0.9034236719922493,1.060256184158903,-1.7742405502511442,0.324373953618364,-1.1225733405130067,-1.341496548580676,-0.8764720336004296,0.8603830504653407,-1.3018829905915255,0.5919221348967745,-1.329889426194747,-0.8055084424236936,0.8885688648507433,-0.6179849123219959,1.0442582601514478,0.321748705343188,0
1.3417449457661328,1.983485918306328,-0.41843334673861704,1.6283821516241515,-0.25058867609789076,0.3702530047363098,0.8322942366215842,-0.5208811509211266,0.09117156940054785,1.1279930983355675,-0.060741103397938756,1.5896303855982445,1.3929390013906189,-0.34732879207983636,-0.11287064892161383,0.8686373794323738,-0.6438274352397351,-0.3158062502726207,1.2669014351121093,0.9208109282267639,-0.45666179276040875,0.8567352338455536,1.6036351427579096,-0.8533062878733301,0.31612732933112286,1.372433564550608,0.09485170969716153,0.5352839812797492,1.556220562097092,0.377132155458538,0.8787833475464215,0.42921671642119613,-0.15260851098713557,0.451031636400311,0.18248872651401143,0.017991214436825477,0.8750805933012792,0.9308745835577147,0.8618349763700138,1.2991108947913488,-1.1618971519869248,0
0.8916227571431677,0.05139110216167624,1.8516116443701547,0.6749093875036887,-0.06645269662195323,1.1474175460789608,-1.4608615044222983,1.1004747699194224,0.2918712256001682,-1.491580890379124,-2.2228756333367934,-0.5257885429265113,2.3269474789463036,0.5013222354532116,-3.143079677234149,0.10799227054480974,1.1217581699091184,-0.20120193490263652,0.6608488861759484,1.2105021704310053,-1.5678356127155426,1.470733491822509,0.3453913809684615,0.24653865408691122,-1.2855870630153086,-0.21742467078861405,-0.7965783505414253,0.9987373401872476,0.9521997291044297,-1.271092026258445,-0.6965264557208639,-2.6840708799369053,0.37022171136520043,-2.0351734941606616,-0.38508154612446505,0.19682867066077556,1.5332958617501768,-0.07823369627591127,-0.079389274520859,-0.4338794835776474,-1.0605988991553459,0
1.8052570396636094,1.3642432191143976,1.0047747985820215,-0.4317512034343168,1.2876546089783227,-1.496259439190739,-0.18337365841795683,1.1210728053476964,-1.3226729020848225,-0.73968077178506,1.4433313504793392,-1.6717134845153314,0.9986645167385784,2.6264001008172317,-0.6558076439966704,-0.26128677776496717,-0.8019870088728369,1.63538527214218,1.5507991220704251,-1.351152969144569,-1.538042961344709,0.35424155558371984,-1.0815242747885991,1.9340000090787215,-1.1166109355166358,-0.7360757782769999,0.8581624983389932,-0.8915108175163894,0.8372292204006062,1.217413713857243,-0.433698975424444,0.5505437461807788,-0.6993824297063285,-1.1611281139922152,0.12547809691121595,1.539455464407186,0.0029065260261149136,0.8182112983594324,1.8858447690615412,-0.8176071255782853,0.3652656364839445,1
0.3120385140880411,0.9233426446411132,-0.7225780120193862,1.7960942535603701,-1.1899841268260973,0.6348276054716181,1.136218804446184,0.06821841438874694,-1.422268407964149,0.7409636344086725,-0.03715185498871377,1.4668026659091067,1.0098685420312703,-1.2431023461981057,-0.16167852656336248,0.6107972245986716,-1.240309805374745,-0.7840730735102981,0.2654268498606056,0.8328226088233637,0.012676775318889189,0.9638532622692574,0.6486214157858584,-1.014866392581414,0.21807068703664156,0.34646657740712383,0.007077038554402905,1.435543581773446,1.2188565027243827,0.4689899016437862,0.5512483653751302,0.9036342187736027,-0.15456737212333266,1.8870976161588555,-1.7080998644898897,1.1979831933078284,-0.4191731081247177,-1.331349773309623,-1.244557994377923,0.5457792465823643,-1.9372572402898174,0
0.42133006381916943,-0.27402790732166693,0.032489205489133414,-0.07811239483674724,1.0870630718909824,0.5343174208989339,-1.2861274081279237,-0.6760824959168003,0.5258100631194308,1.1030603159173427,-1.2969841090275667,0.2704994226365398,-0.0472285229922966,0.20220104022548016,-0.3990863694163806,-1.0037860479342013,0.016354236566278605,-0.5418801491702935,-0.5113004251005117,-0.026766295071390406,-1.1674986358159412,-0.8995402901683095,-0.5741758568502814,0.9045465304023912,-0.0824795158888706,0.4606300626110614,0.5971998985307049,-0.9795131426426245,1.521660112242095,-0.8309321773116608,0.12702727503878805,-0.7507631042119628,1.9340515971914813,-0.7652696765993934,0.36143729536914726,-1.1013713226500985,-0.4025131816279937,-1.4197957427843642,-0.19155380132275876,0.4531530747532482,-0.12687726294627075,0
0.5862872812888459,-1.5120785334892455,1.5140319693192295,0.7007215316630596,-0.005964160715642322,0.9538730789303256,-0.057176994777787225,-0.8802167919307301,0.8847155413130527,-0.784654013028192,-0.8405988681502378,0.5223566258846728,0.29157751887931077,-1.3627580694080816,-0.9388290019352137,1.322319572586961,0.07264179672145726,0.8882393135476073,1.5838302515465128,0.5284864972534292,0.4293143582019979,0.911551545336626,-0.8694893255123384,1.1892723970942531,-1.33511738110556,0.8778072175997184,-1.4511871773944711,-0.4157089447912525,1.1789821399650864,0.08962126117521228,-1.2518581521867664,-0.20374427661195477,0.1660111843585129,0.2792980730820828,1.8487012274539958,0.7447514700898509,0.023809844779237015,0.2882775388707217,0.25405817751953147,-1.7152285941324807,1.3244592077147044,0
2.077555124122709,-1.6297542778892469,1.5075543563642062,0.6000462732965032,-1.1741167501321783,0.14067812828963255,-1.2557176075400895,-0.8859726706204508,0.4604349477493236,-0.3347928946622539,-0.2803102371565107,0.09207523607866279,1.0142529724132314,-0.06529780391142755,-1.3136522644995041,1.2361108986391445,1.0111643213481893,1.4995941922796172,0.8585823647046728,0.8114770430535653,-1.4951223398408326,0.8200244086568664,0.18645129416847242,1.3316006440509491,-0.9791835300586036,0.03358700245114331,-1.332816360025303,0.5666157831374804,0.43544626945405074,-0.23388684564549997,-0.5417790331973474,-1.3532944994240084,0.05776322873728486,-0.13415919789017303,1.9625020420628747,1.4779181955762213,1.0404380827509951,-0.4662299296996819,0.8912211204810471,-0.9170584767726717,-0.043227176650325064,0
-0.5753855866685256,0.2677579219408809,-0.2635964791575261,1.0173874273872276,-1.1322721744672644,0.1511364136247001,0.9959886066077092,0.14119246941054497,-2.3061605488353547,0.06055306555735262,-0.5251954010513878,1.61100183236991,0.3665266974959144,-1.4360255017952264,-0.004092202155682562,0.8701839823571487,-0.9069872631263411,-1.4521778497736608,0.8090297443452443,0.4637603608627199,0.884692608198562,0.47174087806896026,0.6019330458582437,-1.7148747473154322,-0.6433606980893115,0.8599403200247284,-0.14341798741243925,1.152017273532188,1.1243442727577635,0.17061986071877816,1.108490696297425,1.217155340933753,-0.3564929484945781,0.5262737822981017,-1.102563135123394,0.5749568032805227,0.018396999384601723,1.265008486524214,-0.24540436203872776,0.4074365051182115,-0.9836953683766658,0
0.6712781878641205,0.9020478133419552,-0.16712140684878718,-0.3298021743741746,-1.8162186448754607,0.1213656649807354,1.3824463536495122,-0.8176230053153464,0.5853999818144169,-0.7161539907955419,1.5370844793666902,0.939413019022449,-0.28854734369297325,-1.676234246766502,2.02777064481164,0.8675600674573042,0.18768542512582714,-0.009630022086577691,0.2800623534971739,-0.9082534305559581,0.7097029324858609,-0.39322782180574484,1.321984306594197,1.2394607439354741,-0.3644202543944834,-1.4339549963397344,-0.45292474941315536,-0.15622213491289555,-0.4403641322465279,-0.6440690969789631,0.5669601714919162,1.0199568492080844,-1.4190936413875683,1.726401623886338,-0.438520362652078,0.2748611417262828,-0.48209566870430187,0.7588719099278306,0.9015515718935155,-0.37767721845180446,0.7553021606368885,1
1.4673389421026841,1.548013270062791,-0.05484563255404934,1.292439403770928,-1.5369080311398124,-0.511629178986727,0.8286288910082196,-0.3327351484516724,-0.3807508853954812,0.5038851327889401,0.4478933652510713,1.7049725335030208,1.3805257054119542,-0.9188231549974829,-0.10230295091442469,1.0813938472302105,-0.6771949925086039,-0.6718280198830345,0.8317265739258338,0.2017968468564584,0.16761930051502888,0.654774749944556,1.0632814033734463,-1.1487913618807983,-0.6984695725286453,-0.2698741893745738,0.06929216288486663,0.684124181720086,1.582824120706278,0.44789748021146997,1.2286005795854507,0.8859147043251361,-0.57396515005346,0.3917330900114016,-0.924433926459658,0.06045505572243744,-0.21548370923473303,0.40348365800811115,2.1162941793797523,0.45730064798424636,-0.9557180654383686,0
0.7471577518396925,0.9565772555747941,-1.1553441782881269,-0.9563560742636192,-0.39225109553328813,0.716585680029604,-0.008776826014229288,-0.5580957371050294,1.7183016874335033,-1.5370561431477323,1.456611897342395,0.07710882942457378,-1.2354479895842865,-0.43352440925163893,1.5203333870016136,0.6498117547409937,0.0524390087370163,0.8183209560957121,1.0742428316075683,-1.041705019465086,-0.29057956526431855,-1.0155728682598504,1.0539148628747006,1.5754015749174655,-0.3162387067171403,-0.9452200388853252,-0.10043735788055021,-0.09458823284207522,-0.5858734801683839,-0.14228804888131683,1.679266996634987,1.0864995170144944,-1.3702308569790445,1.429078210405546,0.15824556340367565,1.8542636853189423,1.374958342575956,-0.529645318282585,-1.2715839968292952,1.1089198148867938,-0.4609557290012504,1
-0.8773185095088571,0.441219812982391,-0.5573381955159334,-0.37433728881021694,0.45883263367288757,-1.4609109508936844,-0.08188496244533047,1.6754524035948741,0.04411780566848712,0.6592794850739926,0.45561464842098937,-1.2523154949161563,0.7249246271846634,0.03505883265436769,-0.4687286727438955,-0.6093144294599945,1.0764670982090265,-0.07108187980275313,-1.332455815345295,1.0462295283504504,-0.7831311647997607,-1.091398377440857,-0.1311058450328954,-0.5410139963905348,0.7141171759432204,-0.5376201621179773,-1.1421202310445602,0.14634263996367203,0.5103231324501099,-0.8823216589855001,0.5064298952919313,0.6840137041733847,-0.4342278802867633,-0.6368868631817106,-1.2433292572027843,-0.9416269146209599,0.19900840035494097,0.3135164783548276,0.0436442786431016,0.6516195539951973,-0.24169849872907678,1
0.07445991616234407,0.008659323560761979,1.3299728114328055,0.39334438898284063,0.7285477400926932,-1.5706357157095843,1.3749830278541748,0.8961393022582692,-0.6060972324416823,-0.9800065885879065,-0.2801545818662208,-0.6683333286985764,0.43747261075931076,0.09984154521276317,-0.48255069433711695,0.34647133655789364,0.3255747291026205,0.3079495150836055,1.6166927074234356,-1.1388235413132952,-0.8604917994877939,0.9172227700284068,-0.6500768714579414,0.33709009718452027,-1.3190402428035892,-0.0665528373900384,0.357794797006033,-0.9138555213436913,1.9557202109020724,-0.7344536690429524,-1.9638336698963763,0.06969799071246059,-0.5042607695779675,-0.4712861808864236,-0.5605237242956664,1.691601596380528,-0.3539341849209371,0.8015728206307337,2.792661206717307,-1.549419690947475,-0.34772346338530724,1
0.08984385951695108,-0.7950264065306482,0.3205476085592042,-0.34688887909265576,0.9422952415639683,0.5252223048323423,-0.8471959089858234,-0.4509019961398928,0.30989515582651833,0.3704584770243997,-1.5589176691766404,0.7809396998091357,0.28265656087014185,0.07235047118586284,-0.13959844331006163,-0.563519325724011,1.0355422129585823,-0.6407518450505332,-0.03689244460746171,-0.6491064438425219,-0.8644667275781137,-0.1411068475263236,-0.9606797690040276,1.1283700776136392,-0.6049855152164337,0.75801558668156,-0.31064078392618566,-0.393978804638278,1.334559585946414,-1.5596627242289818,-0.9546014796638302,-1.0287173217997507,1.5625305514408747,-0.4119060133945228,-0.19984961768656087,-1.3060257519550011,-0.528696543703157,0.5575982725882267,1.0312649982940865,-0.15649846595211192,0.5477505506204168,0
0.43638631206233486,-0.31514994801191176,-1.1471954947211576,-0.1385354703365396,-1.4699976652959315,1.4649829991750731,-2.436110311733255,-0.6662319337360139,1.76106561531556,0.9082812503422979,-0.8117663324022445,0.14192338152152534,-0.11060720675430762,1.7302241697310967,-0.2855240587221282,-1.3516719248904565,0.09497758419433214,-0.2679100053761897,-1.1196822747940554,0.11473450785194635,-1.6745277514006567,-1.2244562241572752,1.3410728348796082,-1.1132281718552954,0.9493565013473645,0.06539026910009586,0.40444074644900907,0.8616783105058717,-0.6859251618638869,-0.10957022674800157,1.4729394842366632,-0.7862051434044445,0.7835182366114849,0.7051137794342491,-0.15840394172193284,0.2832065395678719,0.46119126605708777,1.2989585828331285,0.11007826453071283,1.0679967186541544,-1.488092746686763,1
1.107361610476845,1.8364850796892105,-0.3934052230969955,1.7464126929506263,-0.24150193860897948,0.25029085560580816,0.7224669433642441,-1.316570852066217,1.9342929282710517,0.2541079506411394,-0.15275663363218656,1.4941294421351177,0.8402057682514975,-0.6790642408751617,0.43421784761934384,1.4289053153624722,0.14036154047979504,0.3054218605140954,1.600846881572042,0.8193700330698679,-0.5732597806138774,0.785526129162426,2.0938012683661524,-1.1941445348241262,0.9023840741300033,1.5626349833499633,-0.10094948811382538,-0.7693324619467974,1.3038979295529167,0.8479625772122803,1.3415841528802914,0.30623169571267256,-0.6889347791650987,0.9387363691745738,1.4251549308201021,0.8923255167579405,-0.7454158417095005,-1.2725899848414077,-0.4807195819494297,1.3244944830978007,-0.9274898743579412,0
-0.5437049916566634,0.6172036402231593,-2.1018362631356156,-0.1835079858981145,-0.35503374474378147,-0.047037169566620254,0.8590666508139727,-0.5230516667413145,0.34798392647919635,-0.3158727711854873,1.4391919894118441,-0.9465380778012745,-1.3088088266097126,0.07533697545322951,2.1556509202067184,0.8788829670205921,1.4248336394626304,0.8417155322768136,-0.7628597662423812,-0.10674621012694864,0.7346394533979054,-1.485776097979015,0.5417749523233187,-0.05417324737446428,1.4281895217766216,-0.6082032442789442,-0.973157186168924,0.4158926448409542,-1.7868991940785193,-0.2704451602155056,1.1832575908010081,0.2595682987564613,-1.2100787962590143,1.5206035156763078,-0.1996350580289629,0.2026028882079406,0.29473930654832375,-0.5277788219017435,-1.2870191417905572,0.5276885936692959,-0.12460734859934396,1
2.3795331431764306,1.9074218955128839,2.2938203580961725,0.9602371139567651,-0.22862394274688919,-1.814482113389388,1.1969712542240252,-1.2184370039500587,-0.09500173861030965,-1.6291122451601796,0.7208830628956693,-0.3642571075511098,1.8679339402494533,1.7651976335998472,-0.47721051265884995,0.20047743557322883,0.13063895213646803,1.6296757531686794,2.7680110929130293,-0.8615867318245031,-0.19847477616406498,2.293821368791953,-0.18412874534808427,0.7426597210291742,-0.9948256475540047,-0.6585409438114509,1.1976005950802955,-0.9411722518596531,0.686770415094646,1.7187041995750365,-0.29121946894352885,0.30028029861124317,-1.1608788866148463,-1.4237684068359182,0.5335842975616496,2.3018995683832886,0.9342813832037428,1.3678094713818107,-0.7156492647695316,-1.5191860375517772,0.49104385353906793,1
-1.334870888918388,-1.1717954281717646,-1.3041543262056412,-2.026849935195185,0.8237522891249809,-0.9527115439156538,0.3491632480851018,1.8259419750353298,0.40905778079061456,0.30136119970070924,1.870838327720436,-1.827011127846449,-1.5245540198378449,-0.0971315448490941,1.2627947623145002,-0.048127745296320294,0.11623289911642462,1.560495352930005,-0.6691244775047852,-0.9154844034117667,-1.094745979271979,-1.7410709036320697,0.8642125739831067,0.6167025174454472,1.0091648227474541,-0.46375623209705913,-0.9774638297996926,-0.9695830089589872,-1.3192652842909052,-0.33524010003085425,-1.64968497968272,1.5705466241191866,-1.218129632861192,1.214816799528716,0.43502619076473736,0.28398150066593136,1.059890022666187,-0.32464230671009253,-1.7953951442071712,-0.10732587036060956,0.3313132182811799,0
-0.9855307307856085,-1.7194359665278685,-0.7918065655086053,-0.39500725924890806,-0.7454242035587438,1.9073360916409983,-0.9565974286155015,0.4160801790329016,0.8652888139969749,0.6119697068890534,-1.2436915922374268,-0.8597245729507852,-0.25349380039008507,0.614763902222898,-0.6409176368072392,-1.0867085727454446,0.8089284409168565,0.5140467933093714,-1.1065981605071005,-0.486304772887074,-1.450224515905969,-1.1037378519266516,1.6800785229243484,-1.330907562923108,1.3702671049869952,-0.21268806991701553,-0.44069495327838915,-0.0906734102526622,-1.2456837109367853,-1.0074860160896153,-1.3012718876286695,-0.8288937992168122,-0.12001544614210291,0.7716639786494521,-0.3998738328209827,-0.23399151210792227,0.46957251113133613,0.11715767074993187,0.11653969427338187,-0.34147641120355504,-1.4186771531801903,1
-1.2638475797224682,-0.7970823862241591,0.6665799901674913,-1.4368832223692407,-0.06276228375340334,-1.3064924709972374,0.1544915496647011,1.4152111956611793,2.0194483262297243,-1.0986561302649187,0.4687502000506572,-1.461843554421693,0.23917889644552628,0.5304253088009928,0.5274868445261207,-1.0730305769852269,1.7557458184439214,1.1211416262657428,-0.19320201481953964,-0.1686119712049557,-2.2367962742871055,-0.8785117536078705,1.2106695654596986,0.422027864382894,0.9627651371141184,-0.21162989685758243,-1.3263547506538031,-0.8539983358485902,-0.5870874793780634,-1.064058365644323,-0.3114013754525794,0.4619475255607229,-1.4736519457983401,0.7824137967725853,-0.35112819718678756,1.8317605617241681,2.22113363319516,-0.0014135122767307076,-0.4053701248930446,0.2405733352825357,0.8939198724142086,0
1.5778785232373107,1.0086762266715923,-0.9256158181547051,-0.022653714997050683,-1.0391277995951245,0.7252045819492916,0.982057025950695,-1.8401373776707575,-0.24663825734028105,-0.6218920117976772,1.6383596106820761,0.500049207109156,-0.3161731661557259,-0.6274325935996025,2.1396639550348815,1.7935915823308284,1.6591613112974053,1.4017550600796551,1.0921620435195714,-0.8626205838009913,0.4207197274828345,-0.9418245328521542,1.2483001365095354,1.2822091442573362,0.3021994616134635,-0.750298947080277,-1.3081180268128711,0.015011899785714891,-0.7032142815341913,-0.37432682348565427,1.184665734716217,0.4981063173318384,-1.5402328184845446,1.188965888538945,1.0223101045922456,0.38384574631118723,-0.05850713472448476,-0.8765389955921146,0.5559819642504574,0.19071459355961484,1.2960580040013225,1
0.9111711187696627,1.8191626781123402,1.7282297636206803,1.1323606036493876,0.13522608919282786,-1.4033350913137903,0.48530212261694805,-1.3438761982753835,-0.559272082550907,-0.7836924504736159,-0.18740945181383248,-1.0934936982144663,1.3741816965309717,0.6505260206855308,-0.7925639756526242,-0.129890734191319,-0.3101989291169232,0.475918863343837,0.5800888659000277,0.20553930825315375,0.8511147145438466,1.5721613181299563,-0.7419104250734944,0.5774026797440067,-0.17249996784436872,-0.7228178110401056,1.3706885939157996,-1.475712252545142,0.1811416020665925,1.3262033139671356,-0.8770488465697868,-0.24449715711305245,-0.08634765018544857,-0.9167847921649658,0.47086016445827444,-0.4195194885944337,-0.21968067712017478,-0.2547732417515877,1.2242443971185988,-2.233103571550874,-0.6321496293074809,1
-0.7687408180657656,-0.7402563930090053,0.16760357975601892,-0.5956622389395605,2.118732299771445,-0.3076097191640393,-0.23870234938021928,0.05420409946689366,0.1150840694893962,0.1915090709859454,-1.147342373484809,0.5379630891381386,-1.5060922883230876,-0.5981008980317887,0.15145800265862622,-0.3420465385230646,-0.692884694576392,-1.0538565303827598,0.12263303854224873,-0.4653915019157677,-0.5149081091514826,-0.7494442293834281,-0.39945940401647445,0.31467469901768796,-0.5127744226806694,1.15254543551395,1.4497191381503076,-1.795419967104891,1.5398452588575102,-0.7800509984696586,0.09167892708048384,-0.614682069614134,1.201430263987542,-1.2329602825234671,1.0290823735510062,-0.6055159013976804,0.32698714016015024,0.04070974591659215,1.1266777517351658,1.4454913709407176,0.7643522607811665,0
0.873826387683711,1.3014846544149241,1.742272398532051,-0.42421679642576304,-0.4576917442328176,-1.8915939102515955,0.26798048122935164,-0.6833319059976772,-0.8486679917742753,-1.6436141915826696,0.8604547533960112,-1.2419421839954754,1.2168774647764604,2.186343818510231,0.7469085973835025,-1.768582070883819,1.3117445010133346,1.4221993185957549,1.2840386312678096,-0.6366162038326891,-0.6264763983496741,1.0752048471170566,-0.5593845355724703,1.351744605039436,0.2849495931428404,-0.8510230103369688,0.3214113320229537,-0.7922712427938017,-0.38763941488080994,1.1942072313905674,0.5861168826685873,1.1772755691510384,-1.339744790170848,-0.5233003727137905,-0.3470467932319522,2.226936102996883,-0.5876916520989851,0.14342566906877655,1.5180843138386473,-0.976603796666153,1.4050798173872454,1
0.21380029550946283,-0.534805013057616,-0.36094258337829016,0.6291051973906916,-0.6235390162676286,0.05366777301166163,-1.3719379395392608,-1.1477363060484158,1.5602647149711546,1.0250493328255843,-0.4763328068316809,-0.5038206648552314,-1.0381066931121161,1.162366253061113,-0.054921554895427147,-1.4966346617534434,-0.2692934208550403,0.35075543517410174,-1.599245813832835,1.4561034820870975,-1.5234741521609991,0.14566835648471113,0.7350855021187458,-0.013701775071488294,1.4782792482735778,0.390472609544224,1.1489657489042342,0.5317558215998113,-0.7728159849011177,-0.08392491794415803,0.6540640879949773,-1.7852106671264774,1.5608634289070442,1.325518806793862,0.7750265698786795,1.4609710349062828,1.3335077366797485,-0.17313874650905903,-0.11544785924586357,1.0015130809096446,-1.6945632874490808,1
-1.937400086667358,0.2097993797034412,-0.7950161993288001,1.363079825446097,0.6459376191526024,0.7892279683782936,0.867361577134092,0.29519032520577737,-0.6147736929499683,0.46395720947250946,-1.0963027627023703,0.7381341772345057,0.4759273706274612,-2.400489217649985,-0.4743699517786869,1.3082096846960192,-1.1725404189540893,-1.9281823014486774,0.16960175362501134,2.0241407933245976,1.3867962959476656,0.9438658821472617,0.3624994805619263,-1.4441551703867272,0.4208658765060347,1.7636368291842461,0.31567868585249137,0.13198016494980191,-0.3083668902557728,1.0104885826044512,0.5979876757329304,1.647010474251133,0.15644950989681283,-0.06521329256437863,-0.2694786633315092,-0.41697171286466433,1.3553554004472435,0.16594404580867592,-1.4266880697090505,1.439435072732363,-2.083669560872731,0
1.0272239638420257,0.2630437153235048,-0.969732797226538,-0.8783588777620976,-0.6212227168515048,-0.5806214356202369,1.0589588154017189,0.1274057900240804,1.1582612284296798,-0.16651822216622794,2.344441965881974,0.1535725034393197,-0.9075777514895987,0.6052249808414175,2.4729583182870787,1.3672041610586247,0.3700519680316972,0.5540902215945004,0.4658773579319406,-1.490966374586517,-0.03739069820820745,-0.49608042017811704,0.9622511893000267,1.3082789732226734,0.07887418843476679,-0.5662548167925148,-0.06466670165302352,0.9044387188518912,-1.5854012901463588,-0.32464037997400963,0.20784977852923692,0.19107965565270735,-1.3621201824120797,1.0507752714529892,0.40831560853206617,1.2886421699303374,-1.3051812483473717,-1.923572254368531,0.10298050248556831,0.8293061819763644,0.5649205167578503,1
0.7187196157161355,1.0009639253443376,-1.739185007224774,-0.265849363362211,-0.09291117703265012,0.8432628504111279,0.6950472333360089,-1.6251710540269284,0.4329657746968691,-0.6750077193850004,1.3292509932234209,-0.0287369342786697,-0.8885113338899373,0.7007745853623764,2.611510978258005,1.292482052871345,1.270566044651362,1.0304793704718538,1.2319711422883262,-1.3305313099614053,0.30568015806915905,-1.651327354856083,0.42175940446875493,1.168579373441966,0.45682243962300967,0.16417086489710334,-0.9678862100843182,0.3646098389734252,-0.828294544372889,-0.1560961276572719,1.5764854398790467,0.7797952922280135,-1.2711130985254904,1.334041504943983,0.3764865999628042,1.138707069204939,-2.3729364734673974,-0.2161136141365006,-0.9594418430111197,0.49829099730732734,0.5937327809125287,1
-0.24134069144878992,-0.40491501053066403,1.068084299354565,0.9998515925818303,0.8271798319778856,0.7930153171333111,0.9911117353539165,-0.45351994745721375,1.3341626483388556,0.06550773552844542,-1.8043476312935225,0.0479729725782332,0.0054335076206452485,0.2569490314072311,-0.7582071817824447,0.6254039920484099,-0.8959238816215226,-0.9704308695608352,1.676808736514755,-1.1515279770969493,0.5029726661145156,0.41897251838484584,0.1638367006220226,-1.2521522136116658,-0.737932788878512,1.2647848214774855,1.6632121352305536,-1.2333416164177056,1.0870711565223754,0.2130109398297547,-1.2593735035193214,-0.708766151836697,0.4193459165021056,-1.8329204798589163,0.7692585458453755,0.773341053023304,-0.03278117617833098,1.1114736952110797,-0.6831740444568489,-1.2110871795638642,-0.24786954740914877,0
0.5962848269418627,0.18282711979734398,0.8203876827893665,1.0911342807776405,-0.7802825567093576,0.5458902327572109,-1.2048562398776788,-1.3774878297524016,-0.9057098815385903,-0.8721894837454046,-1.2526769838326373,-0.030829213514218662,0.9802127900620999,0.7953333191337452,-0.8778787233433576,0.6646380708766011,1.4100222518871441,-0.21565295271307142,0.5795508461385076,0.7072237715089532,0.7886502948917355,0.37521212542816057,-1.7805191469636494,-0.6742626599808599,-0.24065537011875152,0.35576520658385474,-1.1135379615996834,0.8011609916607079,0.5341399378930154,0.7318909508067882,1.5793905842335376,-0.6934767937607188,0.22762883026022698,-0.7943294998308702,0.01598149552561677,0.3986502803616559,1.2207462345023272,1.1348817439885819,1.1107223877600934,-1.0819519784362674,0.6496670408250399,0
1.1275443320912846,0.8289375050436966,-0.09888140486590132,1.395390477798941,1.0164092427778084,1.581088037359173,0.706590169264844,-1.3173979871531536,-0.009255355303303188,0.6127849610569993,0.17827256571329964,0.6288692221263689,-0.11838496554095465,0.5865246074877418,-0.08380713179069037,1.502599474369113,-1.441341395523826,0.29121218518900016,0.8391371985883594,-0.7761621889239683,1.2347027165382627,0.21681498468535473,-0.43271497971596845,-0.9387212599679955,0.4652206716752706,0.6726813191441553,1.0479280598836997,-1.2069380782379253,0.0862456710080577,2.114001916095548,0.15986679599532685,-1.0006016846721288,0.05619656287878477,-0.2790378772175594,1.5438205205269333,-0.4213276061931855,-0.10213497393157152,-0.708230518984274,0.7618972257964639,-0.4492639216624059,1.160638153560258,0
0.07243480182841036,-0.3787280411568478,-0.06080982882931852,-1.5747809700342261,0.48669639567914313,-0.15195575129157257,-1.6045057128395874,-1.3184747061470492,-0.9689690626219395,0.7651168800827859,-0.8673223909477508,0.8830274867553327,-0.22182784668132463,0.5204452082426502,0.8406718799172611,-2.026024727331717,0.5183428039790354,-0.7511261067074143,-0.885421312070893,-1.1332484552769446,-0.3223288837357397,-0.28682932484416906,-0.22194486765341231,0.9309830471424295,-0.009617514604861932,-0.016722475755232242,1.0409166799655674,-0.915064380144072,-0.29918268564535394,-0.6875009102887054,-0.4453222408306176,-0.025744395926962618,1.520346683482635,-0.6745221686447113,0.13321061361759326,-2.2210716759428424,1.0040623789406864,-0.056452922955467194,-1.4046927569530612,0.2332477069990903,0.435102449631512,0
0.2803730987930221,1.5525827555913132,0.20644671299162762,-0.24413454660439998,-0.6973330806150286,1.328316516817305,-0.7146086887265106,-0.2981449321090354,0.12843517037922098,-0.6881099123090338,0.888746974159296,-0.8739191501810518,0.4803704144790219,0.6812817428627569,-0.9514802244449682,0.1035344204750304,-1.5514471808373966,-0.021275665707509654,-1.2239844401461324,0.5388286152535773,2.527679735562823,-0.7309672857863333,-0.9432947589683829,0.5459365009216803,-0.4913982514210186,-1.4819307101764705,-0.1985798986477424,0.9132618914330983,-1.9012728709257658,1.155687922041421,0.8397524705100948,-0.5823514850394617,-0.02799788725476616,-0.26488872415258663,-0.25463482807749166,-1.9904256107040197,-1.0184151851351022,-1.3479379270375031,0.9752536422657984,-1.543165477864521,0.9934680460429028,1
-1.647365317692884,-0.4901090606422967,-1.4435682652467872,0.7189141502343982,-0.22966939265652425,0.5393658611872512,-0.628390932579556,0.0019339882157324937,1.382220920464003,0.7139697668266729,-1.295316042253873,-1.1732164192491341,-0.8520779853427072,0.4192684675796427,-0.10358637383480197,-0.8411735498238443,1.542210668669877,0.3156849356948491,-1.501525851212462,1.648928841890894,-1.0958723773754435,-1.124038948032962,0.9883251705658347,-1.2025947293374577,2.0497378447621046,1.0367205865618194,-0.9756133315959419,0.5832958824401966,-0.35980943357885825,-1.2478858853734,0.6816866924460556,-1.0949618991786474,0.5870266992694355,1.4389489331464664,-0.16465446404520714,0.5780061135157073,-0.6824728961052147,0.40156235098144427,0.15170836836160137,0.5460388190891946,-1.5643528128054769,1
-0.43885401216436637,-0.5030978116234631,-0.13994424309685208,0.6199101918191392,-1.046313053602496,0.2310586242059765,-0.8039522590841668,-0.9830046458555031,-0.6693012244261953,0.570211176408142,-0.7476686553336757,-0.5223743889587719,0.35185118452665926,2.2918673221756816,-0.42638797200881845,-1.4071204743597792,-0.0070187442702719155,0.8457084119442566,-1.299311966550217,0.8900903993163981,-0.2996913925149992,-0.9323059621814913,0.43798167381487235,-1.5434922878136783,1.6863795076478463,0.5655097026457719,-0.5157533414861181,0.8429483327579577,-1.0966074364627059,0.6057166564042968,1.1405467728616483,-1.2499895870573476,0.2637061757703511,0.7509159287648318,-0.40935273781042614,0.436751089050015,-0.7619426435795785,-0.5175199647650484,-0.6814625097010105,0.09969469945273776,-0.46485805676278963,1
-1.1711405374671544,-1.7498393041605125,0.8632359575335287,0.4484490736180586,1.432346773182197,-0.9170098825683679,0.7903542583142675,-0.3020899258595091,-1.0467654090522198,1.0756660172046788,-1.5831824121558673,0.16068022159084563,-0.9779800072185725,-0.23808822055926823,0.1851442423300652,0.49286808754390343,-1.177881118286907,-1.5163121967396105,0.29744351036964034,-1.1411405353796138,0.22301667494417313,-0.49965284762355916,-1.0064229555913748,-0.6946664870951413,-0.8690505528717901,1.7335548610440565,1.8341923987346738,-1.8443507333831985,1.4259002049107399,-0.29496201405538475,-1.8262039909307712,-0.604340732910682,1.6523512255550912,-1.1481276195422532,0.817825944061991,0.04528693670873268,0.4417042086202368,1.0642620282302715,0.16391033547581815,-1.0373718379316148,0.00034993893155044615,0
-0.06637359205442135,0.02557643616199482,-0.18742630976928398,0.5761466318098581,-1.8307817418487689,-0.5378867408226436,0.4325048193067487,-0.9813480430454783,0.9357877887163898,1.1460175065149207,0.32404663408927165,1.9531578104276923,0.36863255660028454,-2.175939909328964,0.7437030133954211,0.9821524421592811,-1.6975748841610938,-2.2104900645520975,-0.1289854859784716,0.9345898763382139,1.57643983384283,0.6543409875414162,0.5358706612597361,-0.9243485650593746,-1.3497275740450867,0.43687017068677797,0.9605090002272958,1.1849697782050388,-0.2674279615149222,0.8215731049319691,1.1073411450703778,2.0938095293350605,0.30572174176336125,0.22216215626097596,-0.4159805507748185,-0.7120400681932711,1.787319550666797,0.9159609046639574,1.5693391298844672,0.589568856851827,-1.4106146755317277,0
-0.6213296296452596,-0.5118827502706139,-0.9134494630653442,0.6528113444739763,-1.0149892760594683,0.12071685948122685,-1.4514793818427396,-0.6302623841253375,0.7651722510825831,1.0366799555362172,-0.6151405289339006,-0.5446028908445532,-0.09479567470545196,0.47340704115920534,-0.24622480173504543,-0.6430604401511576,0.49224498737369454,0.12576478329706117,-2.226980419683792,1.7319293639685687,-0.7785742049510888,-1.1350635365127246,0.8265312548621362,-1.1530155245368718,1.8353312203266579,0.24286144270422344,-0.5186458748292884,0.15890793125443156,-0.9151642987138547,0.09352236043041606,1.3706531525132157,-1.1201492203305008,0.6262687004119817,1.2209092472076644,0.12256302041801492,-0.06837520419017686,-0.11140229728864336,-0.09911380730440228,-0.03588021979526308,0.8762968344325938,-1.3146848563525604,1
0.06186839586015532,0.24514203214570307,-0.5264026525701345,-1.2357787873411679,-0.835697920490567,-0.20671589736033077,1.1281975506076831,1.2996886310090414,1.7796312999433654,-0.8574693765857947,1.8510747605701117,0.19273174172397078,-0.7974743211769681,-0.5310305331235982,1.307551328688454,0.5579837606283359,0.18228195964269506,0.18882330429751293,0.42179048483075743,-0.8749934796401105,0.000917105000133882,-0.18633260892146286,1.290768086771582,0.7131700616769864,-0.2589467306385152,-1.0004882349424793,-0.5347926102263068,1.154490293046531,-0.9511068341477689,-0.9663776804330098,0.11339211458903789,0.7033542999936916,-1.5345831915232304,1.01054386455597,-0.5835352596286049,1.273967702448251,-0.981342566015729,-1.0660806672001344,0.0017609891762749416,0.7545186592586064,0.6802165116820015,1
-0.9233447131133024,-0.7684260004719984,0.7263583250237191,1.4116831935310914,0.3514085333588408,0.21559024870935406,0.8772426176506029,-0.23606697254679443,1.2093216472302337,1.1981048754661652,-0.7792552732069716,-1.6124897712592812,0.28142149407906497,1.479393507468437,0.42782299439970395,0.40901809305846465,-0.6624267257335964,-1.0815432093037418,-0.4403344109927489,-0.20313746011254583,0.20148350688875602,-1.1961654978588174,-0.8211182442136145,-1.1383753547967674,1.2089772872531672,1.1293784699720393,1.0182862464618394,-1.3011974762200138,-0.33521760870294515,1.30981848761059,0.29810349624335053,-0.738369628742985,-0.23521649433426878,-0.39991657735324787,0.06483098425697666,2.561827267693176,-0.7455980362701697,0.48395128449300656,0.17712105352248864,-0.7394719684752398,0.2922081571305308,0
0.33394379776043076,0.7191403034715693,-0.6722260487823567,2.286179838190631,0.3082577275412259,1.5732590646784257,1.5225034124589685,0.45698904473366136,0.5034621837686055,1.016341043230592,-0.0505327487981549,0.7035093316388449,1.4520278351717875,-1.2399565715690504,-0.7790953505427061,1.8540419854380437,-1.5409965646675716,-1.0693269409055626,0.9719851617650275,0.8458914972357839,0.8391068719727212,1.62459908908899,-0.3660765998867692,-1.153893665030964,0.2163516972075979,0.692001020880714,0.5976323662700591,0.9901512666992252,0.14937238045490858,1.9451473688827954,-0.16621864120327176,1.2604012636479762,-0.27373839281386353,0.3339215305180175,-1.117886410719912,1.0647691249182099,1.3703816683765646,-1.1056098881522065,-1.5541940842854676,0.6214856714126589,-2.217820573540878,0
0.5773226727988192,-0.07923745825454695,-0.5181053994422743,-0.6188544420162604,0.5900347349836851,1.013303062757097,-1.5336066180995875,-0.575426409197135,0.07526250828756077,0.7786301216235918,-1.213036520381291,0.7026851043238109,0.4386005000879425,0.2858695403602121,-0.03819300102567209,-1.3950387470543137,0.6280504296958132,-0.8094526641288132,-0.4925441024458402,-1.3042902049783505,-1.3425267910122574,-0.21304497248031676,-0.3723478720253028,0.7830295105096277,-0.17068646643730104,-0.3908860163811791,0.8309731899324534,-0.6640373264373093,0.7771583716401504,-0.8479823631820582,-0.48283251571123753,-0.1552939977355842,1.3896774291790424,-0.2953209145302711,-0.8555279716478125,-1.5228957320197747,-0.4246224374729186,-0.4320340989490446,0.1433196446710531,0.3877438437977321,-0.9584207463983782,0
0.4077506630965085,0.6997883438808767,1.5610265255721405,1.0075033154578872,1.2761105811954803,-1.427045102669295,2.0821328768821283,0.1230903366835442,0.5966162492238796,-1.3960621526189592,0.002815356071869261,0.32761093003925856,0.45074249187695586,-0.0012123465207660973,-0.5041085416245615,-0.44818430218792504,-1.0804296426794653,0.4816105424572331,1.3300855710283706,-0.4706711398080519,0.08200570930856967,2.1468322632545718,-1.8691627230442545,1.0701732950103116,-0.8885954834304923,-0.27525501933469215,1.3894359605684143,-0.7283584759667673,1.7552796722139856,0.5385138360764586,-1.291752799361422,-0.5911482156987933,-0.26545919759793085,0.2956776335957176,-1.1368933815621767,1.9356049500261279,-0.5720863020398645,0.530707636439132,-0.7408784437572526,-0.6619576286004433,0.11027360000547805,1
-1.9877340689787157,-2.401839616482658,-0.5629442267199777,-1.8547600736472403,0.6782253818221449,1.9418554981841807,1.053225624222273,1.7577322662884924,0.7449851461176096,-1.3060773195421864,0.6247557443362115,0.184740606177516,-0.6692008955274554,-2.16473523705671,0.24381884049966512,0.3782581555584796,0.48769876865119327,0.7366220165438714,0.061762050229712116,-0.5889089626088136,-0.005306120411849662,-0.09430065111172628,0.536131839360763,0.8261545768513489,0.39226215377207246,-0.5379027805135831,-2.137097266994151,0.20936037082562903,-1.547405167417406,-0.9728270808238918,-2.0790947166149065,1.1774988536687092,-1.5509502667694577,1.3264914239595849,-0.9387187877764308,0.16483834719638685,0.18565451713145342,-0.28062833716463537,0.3504974010563697,1.098015306486678,0.9236886822785616,0
2.103195639616693,1.5543366591461183,-0.7551366168041669,2.0992908443876703,-1.403016038094241,0.670096712102357,0.5947279301909913,-1.9899322181712993,0.6722155546842556,2.459961879739374,0.7291849985201089,2.2013627601761736,1.7225789320260643,-0.11090726557958158,0.9382995802809254,1.0368364359246078,-1.459293570922278,-0.8899543816620966,0.5396754148297792,0.39986391179909714,0.6373018558163496,0.882573154211278,0.4064449597313884,-1.3307900396268995,0.6027949118907036,0.721394598322801,0.8984667148304587,0.6665345197345109,0.43402237781732217,2.773498416781446,1.7638303493145446,1.5202719659978006,-0.1372902194181533,0.5929958752369288,-0.39186813208007276,0.09046380387022031,-0.05712688802722572,-0.3555705872463394,0.17849874872544208,1.3023305010197843,-0.949387212081036,0
-1.3564117136065041,-1.124483456255596,-0.3599411244044685,-1.7131890425661984,0.8891197310861119,0.845890086190663,1.9675590163676784,1.4898679524025997,-0.5859897294375563,-0.1063523857530936,1.233572871012869,-0.5350246342753051,-1.2554909739212419,-2.192463106676389,0.8066845013223907,-0.48327929605662906,-0.780930098732827,0.2543777510572776,-0.5880196666739698,-0.7612290844637492,0.049387167552974585,-0.7290747075051881,1.098440919739604,1.8162726109957323,0.35181046428964324,-1.3814839895530635,-0.035443003029361826,-0.9666457161056006,-1.1229329093981737,-1.2649340708270138,-2.345402425730869,1.1745159257096907,-1.230353292593477,0.8027072258982935,-0.647562573275343,-0.23430815419277215,-0.4750042912264416,-0.9174077029304435,-0.6921360374901401,0.7708752529320089,0.49015224002327723,0
1.0940222379370956,0.2694539885535141,1.008937788193512,-0.6503445597610666,-0.05227087501331637,0.9133646415326645,-1.1716043755983838,-0.12988357560416852,-3.641036121095395,-0.5235689988696136,0.6422246899642367,-1.1640264834220184,-0.8126534648681998,0.95916025166207,-1.7421498249096217,-0.9875574573101568,-1.9320772185311408,0.8934219970984371,0.10768361599485192,0.8686876650657728,1.6336233486893263,1.3024826861412357,-0.5071874792048003,1.2900009251357099,-1.3127877081176007,-0.9877186427773422,1.534341268797665,1.4238618938377303,-1.7102352994797856,1.0720259897408795,-0.7258703481998544,-0.6951234121123463,1.19240567165081,-1.8209061076509634,1.8300421358087515,-0.8239479611367647,0.1297299395997333,-0.8208438989200926,-0.6661599592991666,-1.356816216016207,-0.12453622212184123,1
1.2457217410267418,0.1381353683097338,1.240793485921828,1.0182351854162146,-1.3440965407914016,0.8004742960298882,-1.5109957359346335,-1.7340789003363049,-2.538176609727217,-0.8956040134748042,-1.5233728457791627,-0.024115699589254653,0.8823163842835048,0.41621583987156685,-1.1444979419376136,0.5596240287121235,1.6065263032717363,0.06910428460255641,1.0002878629173948,0.8736644955746972,0.06034933210390407,0.5440291353985633,-0.4298442964825056,0.130015492183482,-0.8225421121793686,0.31646352323093624,-0.9147828549937128,0.7014048395280318,1.030675128314961,-0.2547451340912746,1.0782442273428745,-1.1579317970973737,0.5359633700318523,-0.638361537020407,1.0096170005357112,0.8729814012077796,-0.1878329874341983,-0.524010112792696,-1.8293318600605115,-1.3922916114630648,-0.01762138916173261,0
-1.8327434021811293,-0.8442469506139813,-2.6603461645816058,-0.0068292887208697035,-0.11222235546084185,1.7833394632966848,-0.8789698929771386,0.5870105851090263,-2.1755665498513443,1.3563950531294218,-0.7549556969383698,0.010456281700998694,-0.9806910361603874,0.34727783156315595,0.17027013118611029,-0.7137759559911059,0.7847706046696677,0.6411482144936295,-1.5909855289914876,0.7378008364497365,-0.6232805137748698,-1.2768384699508368,1.9373402619278648,-2.164288152582022,2.525524234899452,1.1406378630964098,-1.138398653360076,0.1564296005273539,-1.4094924697523574,-0.21755783931586517,0.10800341151795918,-0.3166523550355141,-0.028889838354244725,1.5333930055766696,0.25002889570225634,-1.0281343737481687,-0.4164137209760884,1.9858943753026783,1.043951402534664,1.2386407310009142,-1.1345811302931883,1
1.8606003079079054,-0.37961980688514196,-1.9666397332125394,-1.9586835865192165,-1.4539588061300655,0.7091833411213321,-0.34995591538812454,-0.47041955703403626,-0.38934517713774774,-0.5637821915290547,2.057150247129632,0.4769366478345505,-0.9947327621206973,-0.9967504181262079,1.7076909618795826,2.03805030097665,0.8440549588150965,0.7758325408647754,1.3403800934897256,-2.444044543161148,-1.127012737163091,-1.436933272692249,2.6007571646686913,0.8786883586539468,-1.3346930736068803,-1.674737134534061,-0.05844671702386175,0.25233836141630145,-1.5147647245226243,-0.89185883561556,0.6478004747326304,1.6583451301656393,-1.7184449493420955,0.4257313199835548,0.9367362791726321,0.6534780698436516,-0.26085391801078883,-1.8583064242416445,2.298042908546646,1.5645526462333255,-1.3424283302635356,1
-0.47833965739876594,1.289332357823891,-0.47487533966221984,-0.7606454780550709,0.612595560500792,-1.7089115154242105,-0.6665398707599853,2.017509432518679,-0.866524018392005,0.6445429018587538,0.9619434710560464,-1.0448334799785088,0.8746764970464124,1.2513072175281335,-0.4946447787649218,-0.7239410860124414,-0.06931578044387737,-0.7597237792301026,-1.7482973870941918,0.8153803559741744,-0.34735624810525734,-0.9759643590986038,-1.0234835033393261,0.28395991574359547,-0.027961017074876783,-0.5462508003855391,-0.5383305810545591,0.9450831326907047,0.40408506767630614,-0.744903220840474,0.5998806842275679,-0.009149593124719609,0.25807021561457516,-0.6699114261832745,-1.5353026455303076,-1.442717354921713,-0.667026506550877,1.4817593211106708,1.3347474973643156,0.427632910849089,0.06727566671665729,1
-0.4448616982719198,-0.9038031957671898,0.1474624045166526,-0.5579742580302837,1.6687251160982068,0.10596044412301224,-0.6122329494051476,-0.40756595689230174,0.47292286036241976,0.24980667229386455,-1.510669388103169,0.7301605665916434,-0.924982284852214,0.1452984233700543,0.2742831189262304,-0.47966578595085424,0.31843710828856253,-0.6941528108260476,-0.14608668759699617,-0.43726643378420754,-1.1654775381267362,-1.1993277730927492,-0.5877666515129778,1.100211054852274,-0.4181122679704173,1.5052469245890858,0.08226998835884644,-0.9851932229842251,1.7383488401325655,-1.8754384002119167,-0.02888086576134648,-1.6741176251602197,1.6698435612111602,-0.2865326417360142,0.599057542688194,-0.8385835709284207,0.4329740840977413,-1.0882806017170559,0.6419156956056707,1.0038170655596534,1.2522606254065363,0
-0.36146299953366284,-1.3380750683736746,0.10558707642655744,-0.6964788253695972,2.026470674677456,-0.41426569208795017,0.009961343619411514,-1.1712860218865593,-1.8083214000346948,0.6339369578180892,-1.3775908103632353,0.26329397157087053,-0.18447691339339,-0.31936641303111357,0.24111148547292227,-0.4797750615603307,0.41215904070476644,-0.6689977411453067,-0.9002806632505027,-0.3453934192439118,-1.1193410616803374,-1.9874787927769337,-1.1943761478354076,2.084641155881535,-0.513929471215502,0.5493353752254544,0.18788974285563198,-1.1868998041424124,1.1387538960382242,-2.2346038076161774,-0.0680287001562151,-1.470364157943846,1.5436672372416067,-1.185235929107056,-0.36526761252883727,-1.4545372938683927,1.237494630417262,-0.7392080172579515,0.6860734950221761,1.7742052470487044,0.4650306850145792,0
0.5876396041959894,0.7940572843081541,0.08425658031726492,1.1646158301560197,-0.6875928874550981,-0.16162452882565448,0.8008363158759595,0.17070835358317746,1.9325423773610548,0.5146317841656485,0.22592794065125973,2.1071671275908725,1.4651020837095405,-1.2284865783478438,0.059989029926287185,1.489081752820406,-1.3182902440510054,-1.029962885955835,0.9167488071819452,0.8401627207230431,-0.3075783525233823,1.840798952123918,1.9234767924444527,-0.7434190900901554,-0.16686810335591878,1.489932027866377,0.5354399133376969,0.6140014965109752,-0.032609105872937603,0.7617434120543974,-0.2528708784918778,0.6009784490067279,-0.398810863620771,1.1326745374160965,0.15532727524242598,0.3506414310293247,-0.10820259600300136,1.2716661914172243,-0.9241525817837509,1.5904682934722336,-1.8152597068907452,0
-0.1262714875256576,-0.5215754984128894,0.03197587222440149,-0.7198438985875513,0.995253620357839,0.5235806291975548,-0.5705344068952167,-1.2651148331012632,0.820263607427833,-0.05688474014021475,-1.55764227170222,1.4151224315255604,0.45718779895122785,-0.6210641490188609,0.1376555298573448,-0.926945294109005,0.4364796907860038,-0.8597770002381115,-0.44720894170908704,-0.3087351407349801,-0.7051622366457314,-1.4498173352345813,-0.8875393896143757,1.5185301497611408,-0.9340814742780439,0.4683087517394553,-0.5896403877953956,-0.45075474414012034,1.650945311730449,-1.9308626876398396,0.8095868273948956,-0.6693543923957849,1.18841667507702,-0.2347533342165602,-1.065024351735895,-1.652559261423342,0.3728590400743337,0.15008863611524026,-1.1313488712649233,1.6570739436818114,0.9916595839518153,0
-1.5892888925845436,-1.7882116290477816,-1.7799659337371596,-1.337629433991515,1.6572393794395737,0.9633584868189081,0.7031437611885878,1.4090338628139167,-0.70210013880914,-0.6123445442001303,0.6734702585226398,-0.9736640752364195,-1.8187770577785436,-1.6013738386953216,0.13419906542856616,0.5169521381834699,0.1452836426354376,1.2353264241790944,-0.44602310483623814,-0.9850539109300205,-0.43056735315097644,-0.603604680205774,0.4025957870428542,0.16361331401047513,0.847571292377812,-0.9372837930481122,-0.5752123633327982,-1.047439390811359,-1.2750438195962055,-0.5442023693263226,-2.1356093836496646,0.7173320310204497,-1.0010667067901287,0.9949429630849551,-0.3448350764253481,-0.2903434518159909,0.7583570179006365,0.15340313314751314,1.1375921101031756,0.9995037786391838,-0.9975420185154844,0
-0.2631751690459077,-0.592967724717679,-1.1227541381971855,-0.17889030720057572,0.862317555937813,1.4987768932645527,-0.15232783138726513,-0.5646153545577602,-0.7709300665167165,0.8688602536954633,-1.1446622118626455,1.466142828457562,-0.9842776654333608,0.45776881180356177,1.5654270425523187,-0.551007641755851,1.142450994288499,-1.074747590019331,0.006651723373725631,-1.6059525055930652,-0.43689919743047667,-0.33123052268148145,-0.6007489618873348,-0.2919921965176442,0.511003588723495,1.1808573883323534,0.13749180142097395,-0.0846014801346344,0.9034200741726889,-1.1507288756972782,-0.09628902404468531,-0.9352682567685141,0.9295451151075409,0.49293071864388927,-0.5373296255903275,-0.7768698601215939,-0.4140608103967942,-0.2214538545436316,0.4314071730226754,1.0653915566556484,1.3027305633825255,0
0.48699974707717725,0.28411561920303297,0.02530251898068055,-0.46411691907060265,-2.0009452685017832,0.24137587447407263,0.4321900683851715,-2.8269153931887634,0.7704819104157601,-1.0901954783699153,0.6959308093507519,0.22842103180438555,-0.8197450725386303,-1.1958716928307287,2.088052235101254,0.5016354675734804,1.4602360223737096,0.3213184070086688,0.4525810388932656,-0.42495080909217464,0.8428840302083407,-1.517986445696689,0.9423443835867339,0.9322823316731103,-0.030496539037223165,-1.132443693161527,-0.7070840061319053,-0.3912945104609146,-0.7107524947337425,-0.5639331211475288,2.106495553827363,1.1310163930807962,-1.3155398652273196,0.8179428354575332,0.4228683192747737,0.8190894494529626,0.6127457005673339,0.8153286417727644,0.5515445258024964,-0.28282399268247904,1.098687623666377,1
0.13972394990113765,1.3963726470109312,-0.657610980807988,-0.4396530772084294,-0.5898968638258448,0.33123656136563995,0.8737400147589693,-0.0189346614616869,-0.36680888597373573,-0.9090226091026452,1.6044565956086807,-0.2680348799370719,-0.13378638176350174,0.021070623822584577,1.5748099269684275,0.9925036411837354,-0.49536130862791616,-0.5604907937142417,0.00034042024809655976,-0.5129119956886521,0.94969315236014,-0.6851808850927276,0.687419204216873,1.2486389937503735,-0.04191803754955813,-0.7996919715863562,0.2625007764887434,0.6352320343645558,-1.7636373424707321,0.10660495796535417,1.1529679721671284,0.38220726508235026,-1.2745860977960535,0.9045577253661832,-0.5133852330300496,0.6608558635979381,1.6716185920346702,0.4956950413116975,-1.2000653139544117,0.6210984145866901,-0.28837374978132285,1
-1.3760616072921454,-0.9667943222162821,0.7710665951557724,1.1678793416463737,0.2775814441953696,-0.14970811752887755,1.0706891103996332,0.5333230684793516,2.1782684977814437,1.2122181271182377,-1.1005369024028004,-1.170551404249423,-0.1370430515424458,0.6018806787119213,-0.23081879952911574,0.7262979697767593,-0.8980303644994975,-1.7739957613994548,-0.8226197543430832,0.16033598593528683,0.7059160543405004,-1.1217941190179064,-0.7392117156131721,-1.111098425804217,0.287960005882163,1.1206988375888376,0.8812656023998433,-0.5380989555343036,0.17950065529793613,-0.25166145043754595,-0.41566914608140343,-1.5953911655930986,0.7503136476716878,-0.81539888270108,-0.17214717860526435,1.0013445551978772,-1.3451304717476378,-0.7680587633623336,-1.1263605163197357,-1.1020363649202876,0.07005820814423222,0
-1.6944632100777843,-0.5664562280301108,-1.6790673981839082,-2.020329631701581,1.1539680931430183,0.17026865734812555,1.0961531105737257,2.4596719159120823,-0.6428882213245001,-0.06438440688488055,2.025332597595759,-2.4259843219103385,-1.0996192072960747,-0.6147876034370198,0.47986976805663273,-0.2806525482019415,0.12247372805661783,1.764346170758196,-1.193451674335905,-0.574969705617746,-0.796076733368759,-2.177681766512391,0.9350200514487109,0.9307414361092052,1.2837645448902357,-1.4451066072296908,-1.6313165504368337,-0.7025939978866981,-1.3870750396629778,-0.9699971166233594,-1.7353474836626965,1.2111818180367895,-1.600405927787755,1.2751398636759106,-0.7894659260513741,-0.2739358607453494,-1.7306901116727622,1.1168097819214415,0.4529921265117002,0.3260194460084944,0.7165379448044104,0
0.6184251482868478,1.0387505894979385,-0.007162396912129706,-0.40920589842066407,-0.7279242122715712,-1.5358741749165008,-1.3041899365404899,1.3982749112136599,-1.5198369282892639,1.1283719680241902,1.17442883844582,0.0923605905900181,1.234926802345806,0.48322172701329386,-0.502515708443903,-0.9086378445249008,-0.4604863104550664,-0.6633258612296471,-1.8658477079549158,1.187202717709046,-0.2886026245857757,-0.6137606710488179,-0.906231360667496,0.2393706866768238,-0.19439932476906477,-1.071381374468247,-0.5847911023612797,1.0152590261931673,0.6679265443028393,0.2137227341440839,1.3978412527531916,0.6049458694433433,0.32959780711570846,-0.33306881517745696,-1.2846406622060182,-1.3137435389530712,0.451322756832033,1.0369300582034457,-0.999734076138962,0.5048437214269991,0.545418292127598,1
-1.4237837522513213,-0.8701242923646029,0.1526496003607715,-1.4152239179782413,0.422146249369138,0.22385528967243803,1.7433094763366148,1.6476420061681123,1.3794617501288862,-0.8157657924160964,0.9102704761607798,-0.5472110461401688,-0.09441609615704233,-0.6745583449608018,0.5281741461142773,-0.7119058759105419,0.115921301483647,0.7285192333291886,-0.3999953650808692,-0.7679298867573907,-0.6347969901646272,-0.778044200651619,0.946405384000575,0.8442795566331767,0.6736805641472705,-0.8755218322609976,-1.1345272244031313,-0.3181308229126883,-0.9719351321207549,-1.2706630905840786,-1.4790581190849859,0.3650821562224663,-1.5327592364765896,1.0657904572944883,-1.343704045134749,0.6098468997616386,0.4599148859683774,0.5990900045639036,-0.7443445484053284,0.6547012811392688,1.404819288757908,0
-0.06295596190508311,-0.6023749906823186,1.2100990162105576,0.5985181012921214,1.0301293034933643,0.24788131601618846,0.18789523981491638,0.27055198762108124,1.6128685861106877,-0.8193932507199349,-1.1930328556002665,-0.614048361995204,0.5829817927271737,-0.1758654386045879,-1.3276082326148788,1.2353698402600857,0.8260138071575184,0.9661817903182643,2.0714347406918043,1.1264742651635078,-0.0011910349937243243,1.251007367134776,-0.16443939961836462,1.205146558372733,-0.9885423710914186,2.115342547646554,-1.4400474093973483,0.5949889981595363,0.6780428314272965,-0.9558298341130934,-2.2522842422176503,-0.6364257920202949,0.48557833072602763,-0.6997066041638529,2.0462378057675683,0.3982886492187026,0.32786456243145695,1.1911765062684228,0.714553899305961,-1.4580112479325338,-0.4258010490296056,0
0.5683031202776586,0.4410480743895173,0.20976682869547691,0.858578272134779,-0.466274571775867,0.3214745762332687,0.028388037213938892,-1.5559515026974697,0.5025344258352846,-0.6313626383188844,0.19414634860498342,0.45739019349125226,-1.3862928704792654,0.7082519660835924,0.519046005870396,1.946399845195934,-1.003856304338542,-0.9760948678289689,0.7614317047229995,-0.918610333329975,1.9192107246806698,-0.16833296880470638,-0.589931319434977,-1.401812717382614,-0.7007707567214198,0.36426068339683443,1.4346054361769216,-0.3613720887017538,-0.4595479992162312,1.537749573813368,1.6754241455380658,-1.2275790378391227,-0.22633038669094657,-0.7199650075715385,1.528775841209424,0.8629122832264284,2.1682427245243128,0.6869679601307329,0.8498193325413721,-0.7468822514968635,1.174523191093193,0
-2.1353252719663,-0.9300583390438404,-0.6874942350328201,-1.0604979324157227,0.8261738791339699,1.298370782304877,1.009031192677715,1.0611716247450347,-0.7018757281658518,-1.4600625935063867,-0.0988865381535289,-1.4560546231887677,0.3979866469367866,-0.14892707105728786,1.000082821229256,-0.9180730443043429,2.629356117018687,1.3505520998648326,-0.72287108249729,-0.5851931394277952,-1.8747101592161997,-1.9017742532486928,0.6644214127172303,0.8734000646539593,1.9979142941678874,-0.5357263929844851,-2.41239812493585,-0.8847305666830267,-1.2464705813514823,-1.3986818164316357,-0.0791836424324627,0.07171871207546537,-1.8705151093925858,1.833860045585275,-1.8351612252510534,1.3164934665842687,2.4133016115056622,2.9233677440433516,0.12295922585501035,1.5866055499588616,0.8578511392231242,0
0.1540329828404557,0.7139207570083063,-0.00021271604731968108,0.02038308883806571,0.15779842637434133,-1.4443790741666005,-0.4443080634669628,1.3274107224993619,-0.6809688395131753,1.523138895936168,0.23904528427930916,-0.1716165748163977,1.6026271946672772,0.7889362362442948,-0.22825050973023076,-0.7178561371801988,0.2174913956829791,-1.557816673268396,-1.4341203180861128,0.06727469225059962,-0.6947496629675851,-0.5869354045710173,-1.3087646021604513,-0.3324028914689604,-0.07616749884348627,-0.7191064116014736,0.23788411737553913,0.17093251237294674,0.9585017819468895,-0.15039714284816486,0.5662824137808637,0.5074532239004053,0.3412019700386149,-1.387220975556802,-2.0278921715568226,-1.1528559945547907,-0.1515800493045968,0.0019005967003091248,-1.6226674515233361,0.5544283549319552,-0.3250917176963416,1
-1.6962096353309497,-0.18146020732852786,0.8586235702362326,-0.7834550013294906,1.8143833942479326,0.9373855032357986,-0.26166110098645284,1.5472079590310652,-0.37687986902028053,-2.127960891394076,-0.5651879362987585,-1.3995329975279784,-0.670395914527178,-0.09333849229416488,-2.4926363270895577,-0.7344801922389521,-1.9443232054974977,0.6519170604695618,-0.2065325963296963,1.2456061938600071,1.3446822876412987,1.2636100299803181,-0.8195782509505364,0.7820523695668038,-0.8389324891981007,-0.07590204274340955,0.23289413748300614,0.6532156790961351,-1.3349024178395787,-0.013845635295749656,-2.035093323770636,-1.5948327097134434,0.7244372160022942,-0.5806861664650564,0.1610370446925012,-0.9757535510921417,0.08670590881287409,1.5451186302326627,-2.0410827334111628,-0.706975615061723,-0.721608172827858,1
0.10528860370271656,-0.6728696556894751,1.1340730796907177,0.8538479021116115,0.7898772605677106,-0.3822064555938967,-0.9601154757168444,0.6426866641341468,0.00228281978348698,-0.6213698620965498,-0.6107712547670469,-1.021011676401161,0.9841679499835261,0.8088774249522427,-1.8235295065222925,1.34854871647739,0.4869648395149259,0.6385627295021912,0.37287661199197775,2.2318562347691504,0.60151415261626,1.1368675791256457,-1.9940243637660788,0.5548188204703313,-0.4128047067593378,1.5519986586300518,-1.71281605618613,1.6667547591755583,-0.27534342618511953,0.44350256398262605,-0.222650947922542,-1.5309146354427734,0.9577774481560946,-1.2573019424954162,1.509366781690809,0.013573373483958914,1.3247988681546186,-0.1662422616442661,0.4925279350856699,-0.8190697080673093,0.25362446766750446,0
-0.23412870559322582,-1.025968308289612,0.1271960297246852,-1.3689665387239203,1.1495785508691458,0.298931129997785,-0.6061495639122223,-0.6033773151687226,0.44341340582162747,-0.25951114468326064,-1.013776179982616,0.8954101365730912,-0.7147588882945503,-0.42753175396719684,0.9464972611261213,-0.25710700463204006,0.6419389886519987,-0.926967475449338,0.1658318979114508,-1.7743733867005418,-0.8060997312550722,-0.8684410657094523,-0.5254027300826818,1.8487871878796012,-1.2204901137222157,0.4569236075671288,0.29574223489906437,-1.1289430599046502,0.8857417485341385,-1.7976132133130438,-0.766790445944085,-0.5389073942915718,0.7617857082240157,-0.08989067416167704,0.037629666470749654,-1.1010362400098743,0.08134320028247656,-0.19694560615821405,1.6574305442669066,0.31642563427440723,0.8056807050011322,0
-0.7382044625736631,-1.1889358660382483,0.003570154458177805,-0.11233510008710774,1.1363642700037173,0.950562848505166,-0.7650421646280536,-1.0134736665566042,0.12670994293283488,0.9440840149874841,-2.0832806196418763,0.26264316792717296,-0.11062336176739421,0.35531590251646944,0.1446450824353871,-1.2894745382829236,1.14974800474544,-0.6838403378130443,-0.8728128533754312,-0.10852605051104666,-0.9088165175189415,-0.8445118289340681,-0.8006302893217869,0.6604665914477066,0.621103246854678,1.1152725333045268,-0.1187519892443253,-0.6842750702740671,0.6434808521559275,-1.532794675290221,-0.6002537930778056,-1.3683256865519826,1.8770418666648587,-0.18977085839646207,-0.19134401389628633,-1.2103382031859453,0.24377529011969665,-0.7599839268907738,1.8698761879541765,0.34681874434610005,0.18276693608289266,0
0.34023404342474184,0.618181606600717,-0.6026196617553421,0.8936770473162905,-1.4637458206405867,-0.21866562508491905,0.24159666964608323,-0.13191817724496688,-2.286545415432205,0.7376207685116821,0.30575892077132694,2.6133488220146046,0.9952232331090737,-1.7261545480439107,0.34321774997284127,0.8899023847064312,-1.4372262777804505,-1.3613568278403396,0.18762627333257717,0.6920687349548045,0.4868319969760675,1.6009952516826556,1.2492698873322199,-1.2990600322713792,-0.2810755451105017,0.6876945476782228,0.47031953858202025,0.9947002783334831,0.1498432447131571,1.1331763478445351,0.5409370587463871,1.4863961008482163,-0.14718792659678048,1.3483215052768724,-0.7079699286032712,-0.567466503512821,-0.23593860528310825,0.22973566815423863,0.5576960598115229,1.3760163263379812,-1.6455679868137585,0
0.11706194793645253,-0.14704153218859858,0.5300750271111797,0.11185276645307662,0.6481865614130822,0.41369140294923845,-0.794798910931609,-0.17328459876574523,-0.0015707825762165568,-0.8980763367514183,-0.09643313020889696,-0.16219474625844882,-0.6722821922965677,0.6067650036943184,-1.736553316208612,-0.3517380800336732,-1.3597366814763776,1.256645343163894,-0.6018056361985914,1.0482930481091781,1.470797110099282,1.3762844174233444,-0.9630961862895366,-0.3815359795993079,0.0910319792368537,-0.33438861674538567,0.37852172689899416,0.7212272476692575,-1.290760332882346,1.061993270093327,-0.6609348127750951,-1.96273940935999,1.2025406470240214,-0.43240314493618526,1.0355472646057096,-1.3073790607601146,-0.6064231255354192,1.4006659444848422,-1.404871487769766,-0.7082649895203955,0.08948604548209879,1
0.1481285700777562,-0.49647957779742236,-0.29370586327138754,0.37863462223680455,-1.6773283908719228,-0.5492171347067268,-1.2980380551932835,-1.1467048568959965,-2.201352365766397,0.46970594077424804,-0.12840540718617222,-0.5768376020773298,-0.12848885513354516,2.4907076568692554,-0.1662821738526005,-1.2886192478670455,-0.08747957812036884,0.6810328120084312,-1.463975856269067,1.2429738983474843,-0.9274594339382446,-0.46153802787492965,0.8182393715093925,-0.9683658030798441,1.3330953495935798,0.33980890639141165,0.15653014598980602,1.961043456935945,-1.5738854714977872,0.1819731008468699,1.439626253817749,-1.577872246009083,0.5545873173444152,1.002763128854188,-0.09339882280657698,1.3859224052589856,0.37494768183610727,0.909467110790116,-0.4274791965107282,0.8358585119451006,-1.4255892749143009,1
-1.5663657369940118,-0.5463556981536759,0.24618971456659014,-1.9162611077280272,0.12512477503019442,-0.7706509043602285,1.069341372823447,1.305654435297613,0.744988374296789,-1.412299021173466,0.6950978447852948,-0.301895508178838,-1.4925564980911814,-0.81416473947297,0.7933735050556255,-1.6571592426557675,0.017097305816365604,0.8151449575411422,-0.03379770625826921,-1.0771059117213133,-0.824303830843318,-0.3721447976264123,1.7713381296324506,-0.17850612849394074,0.6560545680654654,-1.053874874761104,0.1301158639690593,-1.2323932050787174,-0.6423038004351231,-0.9990521273304607,-0.673975279233672,0.7843485378776875,-1.4986693719408375,0.9674078050623893,-0.5335198019654042,1.0726935337859111,-0.6999755514212235,-0.527930404946297,1.1428096608372447,0.6116932650666416,0.9855839680228079,0
-0.5549808018918384,-1.4913561348511652,-1.7809399841837992,0.11094814532403229,0.2224731542936047,-0.04029675802572913,-0.8931525356574957,0.15242025665748407,-0.20395210772479272,1.2564865705973138,-0.16509098436915662,-0.49843252046974884,-1.0935371628730302,1.2640974919379622,0.37775993531190427,0.2563799474382007,0.4646687310954097,0.7821438048652491,-0.4510969308621091,0.13344950182969825,-1.4480553541816854,-0.5864754805889916,0.8543276277037761,-1.322643832059217,1.405394308954328,1.3971257849731293,-0.1903857852457407,0.4671689990421199,-1.0189047720176203,0.13263127367841598,-0.24509906519591582,-0.16327896171865777,0.3703782026112781,0.8974366452885012,0.8964722191413846,0.791548891044457,-1.6082469247603357,-0.4621140741413093,-0.766097123050403,0.8347025190570291,-1.6675337830417503,1
-0.6418180197837084,1.4207904629448593,-1.2414623649340157,-1.1251928380687526,0.19623768983978881,-1.466358800548118,-0.714020277722858,1.8030777326238339,-0.06575629156661027,0.515208236245278,0.9081249241459262,-0.4546157181447973,0.07949944298231194,0.8428360309634279,0.6049784527679,-1.2474972130060142,1.6993953667047343,-0.4191424094282637,-0.9990953170314961,0.4574037543617281,-0.27589320971097886,-0.1489824278203671,-0.46309931566837087,0.077185483310398,0.4684557320410809,-0.27849871305034457,-1.0167174680967452,1.4171609122153217,0.42947437847036746,-1.1833955954858748,0.34070876991232124,0.9691068551326373,-0.08562940921984682,0.09978791193814536,-1.209178843491554,-1.4273232115301828,-0.9531297776223328,-0.35435837889409727,0.20367281986614144,0.038589845083747326,0.37278707896333296,1
1.264084539816945,1.1605449535830759,-0.0451284965155334,2.22268789829785,-2.0799053368337628,0.3916718863063546,1.0343366861287084,-1.4048476167680957,-1.198839890908437,1.1289485721184347,0.08643528299472585,2.12630619008217,1.4863428036390425,-0.7671202191035504,0.4668806887152825,1.3974995852586352,-0.7895700262953442,-0.7343122419012863,0.6899424017910104,0.586483924613783,0.5153955180076265,0.7447481535553341,0.9177836489997082,-1.6551894595352135,0.40062509486161557,0.7756191362043947,-0.29841826123691695,0.6948330929421709,1.2552737641950462,1.406866417044212,1.5070656389383923,0.6295041191262304,-0.4785751204597314,1.2968555532298534,-0.5892870322196919,0.8664062023158697,0.626915987973991,-0.21684320596547102,-1.820148538397605,0.20693063979193613,-0.6313908470887742,0
-2.319765715350379,-2.0529588123621267,-0.3102437377382636,-1.940900539474027,0.7205239734584438,0.922058664688386,0.6401499893005309,1.6117132908160812,1.3021084184727543,-1.3394308117001659,-0.046513384194056935,0.1554840317024228,-1.5055160255095126,-1.866697497360427,-0.28821841773977364,0.09149922750304439,-0.6986273818077068,-0.18697356721419753,0.286841006120344,-0.820542869697443,0.43782745430052944,-0.09756533329502627,0.6551477618059345,-0.0738010966339774,-0.8208980816439618,-0.16623157432374652,-0.6452672775634463,0.01576760779699612,-0.9764599460496729,-1.2578597761379673,-2.108953051396775,0.9867984174963434,-0.8025636437350679,0.5946131856574098,-0.6137245953002735,-0.3229823219869291,0.32843338566943864,-0.9850630301998757,-0.17447019933048402,0.1522633257571054,-0.38850147127229306,0
-0.723925122791424,-0.00711320526218303,0.16487898756306438,-0.9303248483655017,2.2344892590264642,-0.2926244442378368,-0.3473474441917376,-0.8958153705419102,0.5461765808192538,0.6020375905500902,-1.5132588980683268,0.1910704944427065,-0.1925557304381002,0.3531464466681876,0.5121485390170152,-1.6466060353807845,0.7261730092418169,-0.5122647539386579,-0.5364674417393777,-0.16104059696860215,-1.1033835985015819,-0.9320039499385459,0.31543757605695083,1.200260292792657,0.6835832816354728,1.1872069800255876,0.9379560273102852,-1.92579292603093,0.4602149290474559,-1.3924540288008966,-0.3143324417159071,-0.9996142142277401,1.162301965023343,-1.4060871778661361,0.8535623747669938,-1.7716845004469353,0.6310420948362395,-0.4435018557579665,0.2561236158828619,1.7308967454873865,0.7958545765746822,0
1.193883218824561,-1.0689868177051947,1.7501393526758626,1.1300824757009076,-2.0046747729125935,-0.5048275736269213,-0.5052125370958805,-1.7364348496859066,0.43858493516363023,-1.322345268326723,-1.3585312680721908,0.8304520836735535,2.117342579505218,0.3278432539756258,-1.46209050138843,1.3618698923543702,0.9938187297322413,-0.017349249174939064,1.0216917602923965,0.7488798853453467,0.14799868971509197,0.9250528051024413,-0.6052816977782066,-0.6720789139755217,-1.716104340751541,0.3011978585286543,-1.4389916090774857,1.9082797840862273,0.275553803703181,-0.06042864707339569,0.9009608804529927,-1.3375183585887367,-0.26371784384628005,-0.9056704862449519,-0.48154929613033526,1.0520121682704568,-0.6495592696643925,-0.2837380594540944,0.04743553087315781,-0.7154078310471962,-0.40748651823666876,0
-0.1273286189076767,0.8526461440265265,-0.15051119193712065,1.3453086813322717,-0.6788963868573326,0.13821869640275244,0.7668884032723794,0.6299179883910454,0.165938430503438,0.2989510327536485,-0.5514334547806762,1.0896363229565234,0.9161982438719922,-1.4918047014696296,-0.6455813553498719,0.7781184293219288,-0.6852176241717278,-0.726516404336699,0.5398721753276653,1.4516935595895888,-0.3809168385633573,1.0817819703861933,1.3773451282556215,-0.6369676561744712,-0.14726354997290161,1.0466582802802473,-0.3772558688048648,1.1688038254936728,1.3218708946098972,-0.723200372245293,-0.14143388088142667,0.4115103149741681,0.133278929942715,1.3335988166524846,-0.6353413688667844,0.505376848110363,0.9533029276364051,0.5099342024794384,-0.393452393080615,0.2667921487122608,-1.9621290652899823,0
-0.22165032285725034,1.307911777605148,0.45514413136867626,-1.2838855657997106,-0.4310177026085293,-1.4671638430320353,-0.8986383636784103,1.927340817021005,1.4083473959976873,0.5098675744715909,1.0486180015758153,-0.4188341499707331,0.3283435559290317,-0.2579439577178771,0.18827788867984005,-0.7459222193552574,0.4840594110584456,-1.770841472793156,-1.1697645792432285,1.082590591350881,0.06766491653090075,-0.2648161235409483,0.379981080110033,0.7660528260362195,-0.5312986121994889,-0.6636985268121305,0.08250142482466392,0.3457849955660992,0.31978983290946816,-0.9302646301606068,1.0407760070527894,0.671879030313185,-0.32497607510931054,-1.5327615000256192,-0.09087964792858463,-0.9518569131584621,-0.46927292403497906,0.3697196034754583,1.2660073645832597,0.531276072841761,1.5370893865368565,1
0.6939500587405705,1.2364258096662029,-0.4296601328131576,0.99175664244654,-1.6424383050496607,0.08498909716327492,1.0995111225666538,-0.35086214396474813,-0.029028077688933722,0.021905684370546658,0.4725904828922119,2.7229281676650583,0.9102599372712795,-1.5479060372323294,0.7332115800917751,1.5489345384910185,-1.0977060221294594,-1.1976081175444513,1.216837887460985,-0.16839671985668866,0.7328372223851243,0.7917068930116833,1.657280261241023,-1.7102487125105164,-0.6163369340068208,0.5395233055712227,0.04089142419103618,0.4896650252851473,0.9185916898623905,0.9115557265726985,1.4957542957132657,1.318729248077911,-0.9329072739549026,0.9516683960903906,-0.6248563594870624,0.07957879703636735,0.23864890792592047,0.13221441478985635,0.8807068703247902,1.2899883009446047,-0.4477111956945609,0
-0.7985246585140401,0.23840513479049555,-0.5109462127754734,-1.1317921900554158,0.8423685320651326,-1.428138306240248,-0.2245732180531364,1.6434849296701202,1.3889092113829324,1.3048919518922606,0.6115511954127185,-1.379459717248089,0.24637145059372093,0.37085455697101705,-0.2520883346549955,-0.6923103473190637,0.17554659402621947,-0.7419942919730663,-1.7950018589669197,1.1965984172171933,-0.7243995607793818,-1.8639745616407462,-0.019847712827177344,1.1310210678714923,0.020522974246224467,-0.1074352397954765,-0.5216953525240454,0.7650714939067119,0.08736178764338036,-2.0564137430178735,0.21374758612888856,-0.17812269575909037,0.5405415952422183,-1.1903381397425497,-0.6972897285121937,-1.4261576927165565,-0.0260837607027229,-2.435690457427106,-0.87859462826085,1.1134710731290958,-0.18458598542243831,1
-0.050563779015721455,-0.9069480249790484,-0.2897304133741373,-1.0056339961298273,-0.4981636106435722,1.1354945997234471,0.8078473244843962,0.5745739297622708,-0.8838210926265856,-0.8846431934940883,0.7466392683566254,0.41646344261147245,-0.13838268077177474,-0.7432910074847577,0.8747852328951238,0.26136788244532333,1.1569758502359906,0.8763002626698195,0.578699036813586,-1.4715774319318609,-0.3818104719350591,0.09138079271313485,1.193669646286741,-0.060071840842633624,0.5502871344437882,-0.9763310499723717,-0.9403928602659395,-0.13668514951880334,-1.2118760623948006,-0.3683024646775885,-0.6910184203775157,0.694811428842082,-1.5860440791189445,0.8378230368539955,-0.5413032636359266,0.6431588855779495,0.3180294273111065,-0.32245040396112634,-2.2297600213775968,0.6226263846686678,0.803798117311263,0
-0.6813198939931548,-0.4892854532235508,0.3880746130109851,0.9600087258479965,1.2882308036489514,0.4980211853904437,1.0404318292728567,0.9439296753268905,-0.527926614866511,0.8391187714064238,-0.8505864133036445,-0.2549722472625062,-0.8414346453956537,-0.557243193571529,-0.9723278847842667,1.1767982768129244,-1.8505778362971614,-0.9734422237721599,0.5801527796897898,-0.7692725242407188,0.7808589375689166,-0.1915126952353508,-0.1641340643556452,-1.3570463053411512,-0.675200799164828,0.831713785651164,1.5761870210847844,-1.4732203131930257,1.3381642240427971,0.420524620853501,-1.7714499172094191,-0.5709153704424241,0.8391481046315818,-1.052225450077254,0.7965684723231986,-0.0468591543043067,1.0939298351816598,0.5938240314178778,-1.227439917105132,-1.315405343480815,-0.436195124204339,0
0.031992268743605355,1.074513139335077,-0.5828679257199209,0.3626775187725058,0.7160167169894971,-0.3514724937412583,-0.7827600769710729,0.14690998888435705,0.49774250619538407,-0.2617617823368824,0.6186397797409371,-1.1084165827472063,-1.3318934885901215,1.103970796983104,-0.947524760775655,-1.0687818438952728,-0.8572113607505866,1.0760906755427522,-1.3522801770161144,1.483274563172165,1.382562574697431,0.6317204161796804,-1.8314830980171057,-0.2478548027183243,0.8497237996051715,-0.7827165274133361,0.43314455981800937,0.9995737585537743,-0.7129602019186069,1.0850218482800746,0.8841226397003605,-1.2218751602493214,1.2106937690798811,0.07400754852018498,0.15383575784728462,-0.9407820098883787,-0.27411716161514865,1.0869212195517939,-1.117100424157803,-0.35559355725869934,0.07883279155255131,1
0.6650365824312571,0.5519643688472482,-0.2548727271700313,1.5993556284337331,-0.46571316844243854,0.7189958634879867,0.5823783254306657,0.03630375641302694,-1.03441789629984,1.1575437609989914,-0.015167222937157004,1.1390088734156043,0.6804507912642672,0.01053971467308043,0.2821756288971683,0.8877698694691595,-0.5754047747458823,-0.9141443979076854,0.9839214586521583,0.43433081755066527,0.13758531561228138,1.7652975683307437,0.6333870755181762,-1.3685308320831175,0.7240232767838919,1.2894281204008227,0.9110956143705812,0.8606809346512688,0.0035601953012501008,1.5408740547426227,0.2212270344946551,0.5023280120401755,-0.2392912386395076,0.35184275864671377,0.16123230665714003,1.5937989953028866,0.8584481422868931,0.20425001719826397,-0.3430341041349773,0.8620846456122858,-1.218603658671667,0
0.926426755837036,1.3907686988640158,1.3659068525110463,0.18951497040146617,-0.3427525110346333,-1.4119951106602489,1.9594527672313715,0.057045435473609664,-0.21742976132598532,-0.9545853721756572,0.8548669783094751,-0.5309152307688924,0.8215689972419951,-0.13833489573085597,0.4345362327908125,-0.32775599280510725,1.0860501374042195,0.635949764830137,1.3700116524806052,-0.7096518476441328,0.1558094394164866,0.8863258479559827,0.3297386117329863,0.7111255614177368,-0.2893439266618114,-1.361749478468216,0.2965869240962632,-0.7987150376294522,0.7744003173254769,-0.1870530311466011,-0.13439838085790606,0.8157016221957534,-1.3944360544782193,-1.0339527377751743,-0.5241770604237871,1.165012121063985,0.45730187326091626,-2.1553798389288965,0.566329541152094,-0.936507340472969,1.555332948686509,1
-0.3599708404630011,-0.728146106600794,-0.43346484517020917,0.7423133344674154,-1.0695192601350825,0.5562494758960714,-0.4226189111686223,-1.207638247507704,-1.038937625529623,0.3878931337620109,-0.9232616226615447,-0.08147390263511647,-0.39191350517108087,1.023780231388077,-0.43950142689189314,-0.6875685418143044,0.9208506771732526,1.6541220126294216,-0.30347834217615755,1.572314554753651,-0.42658947875721537,-0.02863856191014613,1.2751118681393994,-1.2267466141964782,1.5081163808684839,1.3852215088557673,-1.3201163319037692,1.7471374877455579,-0.7009290149878202,-0.5930966545243942,0.3396401581245862,-1.1020399481306513,0.47221233205612007,1.1948459046335156,0.843771280702394,0.5200453658926846,0.9847304651222398,1.0419813074103395,1.4827735286679573,-0.15006445278910627,-0.992670133025416,1
0.8357376234070354,0.2548524858636755,1.2896839135114193,-0.6726608471924793,-0.05112092213852203,0.38797453484580496,-1.3450315604899306,-1.1939236378338496,0.30688376137372575,-0.8573411718253743,-0.21572901685428167,-1.436648211714984,-0.9094571951761042,0.5352428670537381,-2.3606659342551244,-1.7633441640951237,-1.5894259266807866,1.4627372084862882,-0.8257834742437192,1.3644172438381228,1.6866102115036519,0.7584005265870978,-0.10512326948448181,0.9327222615350184,-0.9757510962452299,-1.6310739538718182,1.4261534496804458,0.4212294347320784,-1.4263651353362339,0.17919927237266403,-0.4966190983614406,-1.923821677657814,1.7970026571169981,-2.246747038632499,1.8742507823195804,-1.8520201185657281,-1.1865859546423507,-0.660329000569931,0.9036539484704442,-1.5353589708529012,-0.006168880584447942,1
-0.6208187889148169,-0.5342332463401126,0.6665683058842016,0.853507632402095,0.42203479929224946,-0.17836330584445725,0.8578364413581666,-0.34365092752657206,-1.4827718635318012,0.47527740299519927,-0.5260626028517765,0.09618516908605791,-0.8440907970988603,0.26711646757519003,0.3777403869098106,0.9314022695540983,-0.9971053948975244,-1.079518148467761,0.26928453061498414,-0.6143268906206252,1.142573396090706,-0.11491263712186753,-0.57455330983615,-1.2315788135005399,0.12132789748334635,1.1066120246254962,1.218144456367704,-1.1069609337256208,0.1766240872556897,0.8776464192447961,-0.18173036215065522,-0.7996579796092219,0.23631796303014285,-0.6376233856485474,1.0259252484644266,0.6293523378536249,0.8560101134510877,1.8256586107133428,0.5897800513384708,-1.0167109858964394,1.1986504605498685,0
1.4456812282458988,-0.3078553817236307,0.8213351907061994,0.6749737968933732,-0.8227812308269395,-0.4503631125518839,-1.0905629384235696,-1.9734135398997903,-0.3977819979576659,-0.06571257461177307,-0.3367231914787941,0.3388508333120497,0.4232880956968068,1.5816513341639125,-0.3509774343383419,0.18242952691174635,0.8442263129781512,1.5018894802888165,1.6301759268294982,0.6720948566957672,0.15492300681536145,0.8280747762802227,-0.8508281026101906,-0.18675539229311885,-0.26138565575754663,1.3853449452604418,-1.0384446092454387,1.3311961305134492,0.5136197105980256,0.9357740898537978,0.7493618254982042,0.24305555002643953,0.5717580566006054,-0.4153419795958426,1.7840022833744387,0.9377173931674375,-0.7857691239817528,-0.9450167158946307,0.05870917137733123,-1.1705560953132728,0.778153645035585,0
1.9636117163839804,0.9474648874539351,-0.5439704432764307,0.4125038125716811,0.08788872332339973,1.9145723746246406,-1.5351622804447962,-0.8208910153009211,0.26602664989268165,-0.47170106564924047,0.7968841797747346,-0.1571160656539748,-0.17710251769694807,1.1854574009853256,-1.0616300521180961,1.0121338231836123,-0.7907641878215382,1.5259852246130987,0.9543057225776056,0.10872509724827757,1.153551566919299,0.8820912101027094,-0.9364112752539742,0.2225113716490348,-0.4088648518764107,-0.43135998435547585,-0.07894060869343314,1.2347368274682862,-0.9146108128910562,1.9248010518085883,0.5169976538701271,-0.27268976066665057,0.34784866840109907,-0.27243140058172943,1.5991085896093846,-0.5998810172303871,-0.09577908749355762,-1.720877920312562,0.7087712711840024,-0.9028487559589683,-0.38711010798635487,1
-0.22504038849679767,0.5449463713609896,0.06329879940734458,1.193115199546235,-0.8589422731121653,-0.6003962632706648,0.3400978031813898,-0.16553158090996517,1.112827581147125,0.6714313537963884,-0.18960014575082232,1.5524032729333654,0.7974645948563037,-1.8233427580911075,-0.002963821380807358,1.221186858474167,-1.1399599632321071,-1.0160040915153643,0.05954584277243583,1.7547209810429993,0.06982682015429138,1.3372655367735677,1.849116884150455,-0.702544885311168,0.1850711456774788,1.6027451385130693,0.22763621994572067,0.0978445353806292,0.13568603447773947,0.32318089123367083,-0.11692380011834191,0.5830572788939753,0.24061277770013803,1.4740267873477675,0.8220214656250031,-0.11986326509129082,0.27912423510877543,-0.4199484426643581,0.4588555550646394,0.6501577185033655,-1.953339141794546,0
0.12202507958101921,1.0084453259426345,-1.2222770884899317,-0.06097362473098973,-0.20573394348140606,-0.16512384856390858,0.20396000013866614,-0.6661982949324906,1.211744371271224,-0.964672634533422,1.3463492402351178,-0.5204733476618035,-1.056514971534451,-0.12567193549641376,0.8806267258766515,0.5286889393183485,-0.14712995703822102,1.1357274812293265,-0.12597792260631235,0.17137367194502692,0.7787306102043664,-0.7009344290719766,0.27374269744831375,-0.03962753638329607,0.7263546725080631,-0.8958619314844597,-0.2529443179165578,-0.06354259141352009,-1.0935342028012562,0.8376922355877721,1.6788090501248818,0.6399379859506396,-1.0212446326635551,1.1357338831068158,0.09551734551124978,0.5759641655870467,-1.1524369550816855,0.2626222376220491,0.10562191107916906,0.5061226987311253,-0.35283450447094167,1
0.2588851426981597,0.3316443685158141,1.143481191840122,-0.7526574442873507,0.19955099797443335,-1.6271426126461657,0.6187655940708133,0.7232906392194159,0.1746869394291361,-1.175949086086841,1.0056779869299601,-0.37389146274320245,0.8900466297903941,1.4541157942268415,0.6440759909485421,-0.5467889426113512,0.6194165685045335,0.6443606673064277,0.6541802109297887,-1.5013678324431308,0.17393461493993287,0.6578358360148978,-1.729092624210108,0.8956193782450722,-0.478549249169618,-0.774956471833415,-0.3700375985850118,-0.3711537589279594,-0.15197759148518603,0.6781164551222442,-0.515133553333292,0.7105559659294275,-1.0336413524669867,-0.2469637725174976,-1.076798590731537,0.46545832024233913,0.9530902278720601,0.056586718555344806,-0.228960548088755,-1.1272758493296078,2.278718447124922,1
0.7106349360745072,0.12716722396643057,-0.6708371600205735,-0.9596732322240683,-1.7235621362125941,-0.013944836083294951,0.8549776528668865,-1.010462402353446,-0.01824905244646111,-0.7306751386726797,1.2340288461576536,0.9501457496608604,-0.3240936208903245,-0.9313565419065145,2.0239997120936146,0.39491932791271195,1.7893318203567092,0.29765904262710396,0.5046022907847607,-0.48312404328630076,0.2373640825186401,-1.0639860773595935,0.8780659566462914,0.9688093624698898,-0.33565754457499186,-1.020632468821657,-1.4565716865123204,1.6233249567497816,-0.4201105171591076,-1.4698811779839271,1.8314749275630064,1.0943192708082963,-1.4172307408671991,0.7332962618013803,-0.8174470820586877,0.5243855834086917,0.12798126615904554,-0.9600311010378019,-0.5531001972915923,1.3808776898422073,1.476507217125958,1
0.5453172473532185,0.26332144031717936,-0.22351404871232342,1.6263855613249654,-1.8125063515933266,0.10637034488559437,-0.07762502627657211,-1.040743592688529,-1.0117580431281488,1.1042553737972305,-0.31666920183529507,2.3817960782642693,1.457717619132102,-0.46606024471287943,0.35957390577152704,0.3775440562305426,-0.7797144470168543,-0.37294979202580303,0.03948562690589585,1.1750490442437647,-0.5381269780833141,1.452173974667518,1.1687051291071255,-1.373913464995906,0.9067877588974627,1.6419423182292385,-0.5024433567146996,1.1734798667942832,0.33296901671083423,1.3045324055653589,0.6576930620318495,0.5325885127192195,0.14602214145559184,2.2137225363041475,-0.4747959082477062,0.5835444353018672,0.26422267827180546,0.24069440787009022,-0.04271496429211948,0.9962592563384357,-1.4065981824853875,0
1.454093285552251,1.3246579310116473,-0.8901571081418052,-0.5190208573057068,-1.1594564266753509,1.4685933284758355,0.19841156033719515,0.8274008841987905,1.1476125774939439,-0.8748960631742815,1.9698264811668738,0.11952042446433749,-0.5153219480286537,-0.5783436834209255,0.1151198166070972,0.21970238023849537,0.06176354578760908,1.9862120535503922,0.8636378311650634,-0.1360588401897448,-0.07551269798231086,0.13192127919217722,1.715242532809611,0.5470567780979001,0.36477474668800597,-1.700908053027024,-0.9370403100394862,0.9128171222135485,-0.5133012612775891,0.18690474545025457,0.8207581437687043,0.9843000028070772,-1.5268208115144997,1.236516977021786,0.26398538946527145,0.9971377451938997,0.2094946398971765,0.5509543090318257,-1.477643892728573,0.3812536219036624,0.5873771744602598,1
-1.4217078903563103,-1.8455217005705256,-0.7961328488384648,-1.6807799856838355,1.0627327331061966,0.8085452147120307,0.4274501238752362,1.7245121892270145,1.7214811305133062,-0.26701440141415106,1.0767853350072387,-0.9801195305317465,-1.295118921516357,-1.2447622314450144,0.3751449129901225,0.19894650572378997,-0.05750948994472636,0.8755307576167776,-0.22082831376487702,-0.8828527478684779,-0.2177624331381356,-0.3109672654849039,0.527786198457277,0.24081302626704784,0.7885454348134365,-0.7034921806860924,-0.6425981148565263,-0.9912771692773646,-1.583248698566444,0.21107719355822382,-2.1555729393959115,1.446739960336943,-1.2250065574180244,0.5742194407701064,0.2586274434211024,0.13816365830048458,0.663969944199708,-2.066905469199978,-0.9526151865815925,0.4140443840376776,0.30832149621916854,0
0.18918166962964644,0.5314348192510184,0.0420790294632824,1.9204217097123966,-1.1729998021075656,0.6365719413888565,1.3694160147932117,-1.1443534950098164,-0.5228801354714598,1.0013532529965679,-0.4398678381950105,1.35452356911189,0.7810500079517563,-1.232062327792338,0.36545077839716983,1.160460573557383,-0.8212975550735264,-1.2440731079151135,0.689456902140268,0.9707387126645748,0.968333414008076,0.8391641422612688,0.4130646599070061,-1.145449998703835,0.16650529048620025,1.1467814626037374,0.11904849645417222,0.9403486276218231,0.7316729172857813,0.7176229009057417,0.8013643112942845,0.7992912053157455,-0.059675059548492164,0.7323494303613425,-0.4534386344947395,0.932326887648995,0.56946483941491,-0.706585350702268,-0.22374418273976257,-0.0037697326102806294,-1.123665463809752,0
-1.6393464174486034,-1.4472946339097528,-1.5679995820061767,-1.567522921925033,1.020032928792147,1.2851639424946288,1.383666299559075,1.2366798525031923,-1.067292540286698,-0.2446269828868768,0.800588665971497,-0.06661284193022367,-0.9402986340500453,-1.5036058678047604,0.8219490237304548,0.4638977704846035,-0.19556865807863194,0.5124918037740028,-0.6457797493917379,-1.1355430785842524,0.059734993237466755,-1.2318267944782317,0.9265207620038055,0.6142863171290786,0.6035432940034229,-0.6076777700410414,-0.9932549105277041,-0.4344960650585657,-1.5788306177566769,-1.2516960518059108,-2.067673596038997,0.6338069747274169,-1.107973659837297,1.230869943152503,-0.8814741384724373,-0.9576249267974595,-1.1727629935172041,-0.5013918010281839,-0.89965695804242,1.083206618806064,-0.26173836265173844,0
1.1723871206317171,-0.1903176550810503,1.7769878282870342,0.5261736742669318,-0.490645145519508,0.7077704887287887,-0.9764556761593349,0.040744535849915615,-0.04176463918037161,-1.6896258746604988,-1.2956138560968045,0.07923988335323974,1.5694083250684843,0.11581789960897841,-2.132194937186245,0.5271740587263657,0.6045178415299396,0.5161398556805089,1.7546463900558538,0.790014428406507,-0.5515836305788325,1.2366617940953186,-0.09524725344347998,0.48082548428949873,-1.7950781493706465,0.1354983905183244,-1.044706401660717,0.9076094274274923,1.0213427313715702,-0.27811307033282223,0.13181734106206955,-0.9561078947520544,-0.24015794391053202,-1.3656625150736574,0.42846218842425826,1.164184942377214,-0.4849262817109964,1.3131570098753367,0.2832199352139672,-0.8002862719204477,-0.08029205669132199,0
0.13420312173056734,0.7955979742821593,0.10864746018724726,-0.5215192587886958,-1.068486524472625,-1.3959326091601458,-0.7625709722519897,1.328149064438872,-0.41133084187582103,1.0786865951086337,0.8262162045299197,0.3003274986950566,0.848999524826354,-0.43037700259713235,0.06148392622224539,-0.81555027589672,0.4941643615912148,-1.073588942491117,-1.4085079331276893,1.1716647435374823,-0.029890467227918195,-0.37766764747113685,-0.32444948234897764,0.3529325174151033,-0.3095080487816012,-0.7297042887747976,-0.856473363957153,1.1400566704415143,0.8941561305101474,-0.7687196957219463,0.9994973835180231,0.9733418691633092,0.10939062867427629,-0.28615356211315035,-1.0511734276929388,-1.2208944749790682,-0.6590296338182466,-0.14286853402600913,0.6070989327661048,0.10427444529213792,0.8469407921934584,1
-0.993226037017533,1.2308861510133409,-0.06979712219189277,-0.11003420135092713,0.5958018144050106,-1.4292908251376888,-0.37697043813755876,1.3295374367150599,-1.077277653825223,0.9059985985151554,-0.1621478936466399,-1.179964009978147,2.1897563052456444,1.458115944566665,-0.35707923400690555,-0.8174963167431132,0.34404474858651485,-1.514757272759854,-1.8191376805666153,0.6013347063690541,-0.3692328273228622,-1.531741257299334,-1.0904566935555389,-0.21813582430478928,0.45301588667568216,-0.14145874267655711,-0.42549843752861094,-0.019767213544788602,-0.02623539489973328,-0.2939743054468995,0.8351649918641135,0.33263021704172774,-0.0012460058813013814,-1.2146595928237809,-2.270925272896363,-1.5659309207344911,1.0131549546363388,-0.061755938958415815,2.1447880952854463,0.5495146630569895,-0.6748958472102328,1
-0.35561525353959483,1.847535239758662,-1.8208394415249676,-0.48327099767491916,1.2636207639085224,-0.5360910462647493,0.07415327232340956,-1.138915861200779,-1.748038664242837,-1.6864656432859504,1.3597407080946629,-0.5338906715289633,-1.1380270757162747,1.4687355196622016,1.926191227518064,1.4911870418454254,-0.6264390512108255,0.8491201906620716,0.5092787199534358,-0.7828842270668532,0.8133775197711622,-1.7479900418524654,0.01105593397318189,0.7815033609676898,0.46979358434468876,0.7821343998616921,-0.03695466778284008,-0.7522861499343596,-1.4872855197415504,0.9946167407331343,2.000299232926672,0.01264615973446813,-0.9759124697380265,1.4740710294424058,0.831044537371381,0.19259442687966852,0.16149605455984248,-0.5805265190655026,-0.7044208011892434,0.9775237429181468,-0.3342696227866355,1
0.002088479903477133,-1.2938726387266475,0.26626897367724905,1.116342064396388,-0.5265694152001202,-0.1780463503003786,0.8018193033751706,-1.167320301661584,0.07233560193559949,0.5726392439096224,-0.5190902812135118,-0.20696351448326916,-0.48864162342068096,0.20211697090886502,-0.2201002242391763,1.1422778111046397,-1.4326120144016181,-0.5918290029073288,0.28809543361478096,-0.7176049686610875,0.5756659551865247,-1.5591248244748646,-0.9547246510019985,-1.175160970886614,-0.974999507309619,0.3229277237690262,0.6892241789185454,-0.07547160925108834,0.8392200370766022,0.3690186882186383,0.6560565491557426,-0.18853267524864822,0.3893564973556871,-0.07732805662707957,-0.5181698827128159,1.833565862210677,1.6628598394017085,-0.8712613228237187,0.8816315432242019,-1.0157926089120026,-0.9212015949268796,0
1.3048068694407922,1.3742457107797166,1.1462462914521456,1.3197505192409944,-1.6917340608924682,-0.8974291918602312,1.0569892795922424,-0.4289578651277256,-0.28928499194757096,0.9331904815507542,-0.10067497156224181,1.882762967519756,1.6657119999510763,-0.988588756538794,-0.20452254928171743,0.8139712370983816,-1.5516988699001344,-1.6699730681941733,1.2247362562223096,0.4655584365786892,0.15754753935022037,1.1516179699786058,1.554714101323117,-0.6214757519741343,-1.803818687209248,0.7629818949869118,1.2495335393744542,0.31994118849078496,1.8128184981789397,0.13616862251236447,0.29400790697179185,0.732713987600574,0.028652040453864224,-0.16148308912475937,-0.1401602793636918,0.3998928988982434,1.6581922243541511,1.007269098901694,0.8338921980748905,-0.3272141848604444,-1.0488998946357035,0
0.48158749949260155,0.2868812087981837,0.8166323467289056,0.019127554271467763,-0.3908054507508349,-0.10368937801597918,-0.3383531782610215,-1.5650972416373916,0.02884810594044695,-0.9498369621911247,0.19676598192563263,-0.279705753625712,-0.4342226690589266,0.2927393644476262,-0.7274417337322236,-0.34714247465277603,-0.7536571648064795,0.9299001807529435,-0.13091339677786973,0.3766780401106073,1.7248717037271715,1.1108136041961303,-0.5581328805346418,0.09354927500247377,-0.16657281085737413,-0.8809115194042626,0.6972495705053164,0.11810177544938892,-1.4482766777411666,1.035407923356263,-0.2296488277784402,-0.7058128233772447,0.25867964058251036,-0.5167253542868082,1.008877832917596,-1.033865979465404,-0.42598539038477246,0.3631646297077319,-1.0043352301572872,-1.3827967971612551,0.24547647758804964,1
0.5656844734424719,-0.6070498934149035,1.4014975589180048,0.925714740447064,-0.40648471177414014,1.0739544508996786,-1.5607144940464437,-1.0006323468589262,-0.9777106852990498,-0.36458530978051484,-1.5735141922074611,-1.2877475614084566,1.0882341742339308,-0.4951276889629634,-1.0705581883377644,1.4875905509337861,2.1519393888351814,-0.19626374374563482,1.0569179933194628,1.4413198403381788,-0.047443669733267683,0.12526503965743638,-0.6161293972446491,1.405421174139658,-0.6576634429140388,1.1266501411994143,-1.5913521805355348,-0.35783991302204937,0.6518853439294253,-0.284891497410096,0.09566178001633746,-0.2753377554394776,0.4402404764197076,-1.0935481484999248,2.3950575898949746,0.7562159975392618,-1.0686166619271265,1.2636860999068993,1.0124097071040399,-1.8278993589090784,-0.15248090230205996,0
-1.083161635228664,1.057345172543693,-0.2636824424312574,0.7440681363063147,0.004385029325039294,-0.47175222216154544,-0.8759953842068187,1.8884467567322696,2.0232659003369196,1.0228086234901907,-0.11280526250425885,-1.2005970036525533,1.5835677474671688,-1.2443929463722438,-1.5875397813961043,-0.37417916762503933,0.26816033054895977,-1.1950603284375196,-2.499844611802354,2.622508930839095,0.49120055359571996,-1.2056370348165026,-1.3098874622691146,-0.9601793100146934,0.8736582295334095,-1.1454747515389616,-1.623667482752089,-0.06022480453513873,1.1852936236511618,0.33428634903073906,1.8100153113871973,0.7840429836848272,-0.00244193726578812,-0.8238676491725526,-1.7795967329142828,-1.4988979650664958,0.8090746909033886,-0.012736196057760458,0.057095110380962905,0.34022588558385786,0.16523924923350095,1
1.0946056620576479,0.49367056636726936,1.371548204738473,-0.3398067523784135,-0.020947388979698646,-1.5645007176977594,0.5577885797264007,0.4490364233738584,-0.7711364305058191,-1.1277582647568014,0.8991587417496106,0.12392496829703802,1.219660944758216,0.7038088065359018,-0.08809027041221505,-0.4041160674055786,0.7289406795153662,1.0255456534038752,1.029830670268069,-1.152982296725249,0.13666759975888004,1.197898435789457,-1.7639820273460172,1.0296405853663697,-1.0646793037150786,-1.1959390061384312,-0.549168366871684,-0.24092226814692233,0.7517688693960406,0.6102243347823081,-0.609826816333998,0.7773352186484427,-0.8876025167880542,-0.6308839031251257,-0.9905111347477361,0.06953369467242936,0.127859863059415,0.4817832803849989,-0.17537417706820085,-1.2773888503696118,2.220626817229638,0
-0.8953441320072996,-0.1670954812136466,-0.48004555193159226,-1.8100676344767705,0.4463095995756291,-1.1170065545591532,0.21474083544120398,1.2101734295487172,0.3805127934763235,-0.14913515831964314,1.5463615578598444,-2.1298094771496285,-2.357084641495716,-0.2636593334816756,1.7322164957517983,-1.084459203077938,0.49928940457508086,1.0289606658895731,-0.22113634938035348,-1.11854136247852,-1.0557926321110207,-0.7116827959289224,1.425624103173133,0.740627173225671,1.1068086519023186,-1.0708246526862086,0.9888249847033385,-1.9246681470755898,-1.0598049986973483,-0.10300660917500269,-1.073683199073638,1.6444537506331256,-1.221914905201009,0.7602279834885416,1.2751310323537757,1.3820845655784866,0.6162979867353767,-1.3651799085401977,-1.31210100557971,-0.4656534262547973,-0.04102143307839608,0
-0.2682671095906192,-0.2046234674453385,-1.0341278402167968,-0.5370318344533647,1.819248405018606,0.5021943052998743,-0.8642491811468171,-0.03884169935163225,0.05132412482929079,1.4709710034458852,-0.6926039328599176,-0.0012502233541749207,-1.7456653702139941,0.38469566208123485,0.6846157350016201,-0.09382070029269442,-0.9986903485536904,-1.7454549626273714,-0.6130849987309192,-1.217641655713201,-0.41411152050167316,-1.3572974453138225,-0.21448543455027663,0.30044815542989933,-0.20792822970525118,0.7614442479161441,2.6937094860025548,-1.5227947750435218,0.4656449287827336,-0.5052253771701856,-0.06121626751715692,-0.8190650150186266,1.8915609615288305,-1.1542665978214077,0.9766556618323922,-0.9281120211244897,0.33308192217034877,1.7563134963697462,-0.5680717340724805,1.0886729040374592,-0.817336658474523,0
1.0913660869949755,0.47660458515642534,0.16340008988505847,0.4737760195491054,0.3022124600201908,-0.8142285106859112,0.559492860762762,-0.5630163981091064,1.8802170340789042,0.047183723603453645,-0.054155825004835706,1.0350542112144745,0.1561189373318182,-0.6727552234001848,-0.0710706029338618,-0.0475942346293188,0.5161293529339618,0.29142533581371804,0.23415028448587522,-0.8366025708827819,-0.06898480762726382,1.647870106432957,-0.3059138232839604,0.14469396160065995,-0.24534961038088568,-0.9182546197366929,0.8137344469532257,-0.4409426225941012,1.045522287784306,-0.41597039138608366,-1.5945915698804742,-0.507519179824789,0.38383382450175585,0.22520591296105108,-0.5469792045132932,-1.0823559010282844,-1.2755541479848653,-0.5481561478289897,1.7841165866330302,-0.49981711256578054,-0.7272721761051817,1
-1.2198939299572904,-0.11580497165595845,0.09986873841265355,-1.4879208652682296,0.8898398170322097,0.07403691389143995,0.36008589910702843,1.7092822845792544,-1.3607509312763584,-1.1966847730471597,0.9533071339447852,-1.7649761612755255,-0.0875068770921873,0.3899857962382706,0.4122709700072023,-1.1276331335555725,0.35195570151666394,1.1603245767236987,-0.24041908196397493,-1.0228373845323693,-1.4483388034241031,-0.8964007227402465,0.7664473169096621,0.6829989622146849,1.2253260847298029,-0.9809495254466962,-0.5522500655563654,-1.5123582005861675,-1.078442094925559,0.22264900320158587,-0.5499892004192436,0.800425389973814,-1.6800046985284824,0.9448060255450651,-0.6948141448476793,1.506285195518195,0.29642909428370257,-1.480538314265152,-3.133653322681822,0.4876095357653278,1.0033971544033338,0
-0.3002130570970155,1.2291971662203587,-0.3756476096800285,-0.2723382876704167,-1.189334691604113,-1.0582564607921574,-1.454780841860718,1.524097704356825,1.1827457102098455,0.1625071677908252,0.5726694662639809,0.26831337700562213,1.392410760967712,-0.9817192144981403,-0.5136724330456006,-0.5729403910238396,1.006767380469201,-1.0897982261760408,-1.585111601204129,1.4925453539810294,0.45676632669043987,-0.6935045692793579,-1.3988096565210222,-0.39349911776561647,-0.13955242345085847,-1.2680669497886825,-2.005811924941766,1.071057793149206,1.2846578983471884,0.045951318614681096,2.1479556097084656,1.789421556370904,-0.3433380894944519,0.07002493475670278,-1.992234686466464,-1.5037964813350257,0.4195488813803068,0.2789852465960636,0.8990688180072576,-0.010926664318335833,0.9559587081616041,1
1.5615432620297833,1.7815537579651317,0.5390195357679415,-0.07045544932126012,-0.9193145357686344,0.9585056243810476,-0.9428371637897274,-0.9950065965888529,-0.10961150102585346,-0.936401945380491,0.5895176269256712,1.0534209565289057,-0.4408965965954462,-0.3297645659433221,-0.8090950742594618,-0.5161116273890966,-1.0592413071626912,0.18531539224810756,0.0774259907578494,0.2595296895094051,1.9297792862789769,1.5328304642001729,-0.07411761818589327,0.17709013146236763,-0.9642369219911212,-1.5143766567973176,0.9916028649602445,0.527674864899429,-0.3842813854199868,1.0264667903582472,0.7076527019357983,-0.6485328185610663,0.39836129822421434,-0.4335893734005929,0.8675547419115719,-1.640288703409259,-0.3034466750569099,2.4392177431115942,0.4853443152126854,-0.9541406351862671,1.4320443143088246,1
1.0976272395659419,-0.6063709058504008,2.051526996854872,1.244429078586724,-1.5508921850245592,0.3474842398187599,-0.5773876860664454,-0.9370835109108919,0.17868980503568233,-1.5645807611666422,-1.7441784152203157,0.19622978289575202,2.2477388736106714,-0.09110220689098092,-1.9450498614560054,2.01001029058625,1.589635341497529,0.07419989766097104,1.5697046924335032,0.7523204189342694,0.04102520221556016,1.2302578258009995,0.40808363682169463,-0.4799175470522857,-1.6228959419302076,0.5141633084506565,-1.5737698483471778,0.771925888352424,0.299606561949947,-0.43415161587537543,-0.3227829103589825,-1.7866268471592877,-0.4152865925787241,-1.222911236387734,0.8311432913322453,0.718069234210039,-2.058032915817917,0.03310672450348237,-0.05796727000346401,-1.6068501263314887,-0.5410547693264742,0
0.42056367943594225,1.00795288301672,0.06099964651613666,1.3891883819628952,-0.43198150722788764,-1.0180070565961836,0.7226959791808067,-0.11652573510339068,-0.38829893965646034,0.8451004873526202,0.28198365857948293,0.6491348695473053,1.3922935658247688,-1.2819892725180284,-0.1279026946260891,1.297273991241396,-0.981229810845602,-0.9171722476628211,0.3111313574267705,1.1441065082816106,0.006777212366490949,0.7601665779474298,0.812673742273191,-0.6182263768272891,-0.04018644197732375,0.4974485907458753,0.5699107265719606,-0.3143213127039681,0.5577181901651683,0.9715737859817164,0.5119221350205169,1.3892545932602334,-0.3339874459288794,0.38696276216683934,-0.24890237399279372,0.3914704001755866,-1.3028933582504807,-0.46219536031021247,-0.2792451593267682,0.5540406724147917,-1.9460038942402358,0
0.3863214844503674,1.8109314928066507,0.08224858049396379,0.06048342908132597,0.10228476014042959,1.1328183138424555,-0.5246428028462503,0.48726206202897965,-0.8322780131298592,-0.9648307306267826,0.6825492337544625,0.572470730896138,-0.6623115184768154,-0.4805387782383085,-0.9848883726590935,-0.44785618420501805,-1.2381922436758206,-0.025397227877018223,-0.9309943984969786,0.7161825468230686,2.183555234031247,1.2481880778838979,-0.8396809920578255,-0.12839403209074826,0.019388056120892665,-1.4932642200159507,0.4840450286498065,0.3828947055684247,-0.5885913420045892,1.0691959906916304,0.5470432505394767,-1.183353578859131,0.3171706236747592,0.13498120786416998,0.022956847187923728,-1.8630141360220231,1.4705485293504832,1.4367522288547738,-0.4380555054043416,-0.6219235726889505,1.765537071289715,1
0.45824794232570587,0.6854287941829467,0.451045564109268,-1.490871640737955,-1.5767772540258578,-1.7655190498952082,-1.0348145513257012,1.510841670351635,-0.85452347737015,-0.35886820462856306,1.4058892960461813,0.04982466635214159,0.6625382237197067,-1.3668766904491962,0.35560591042020534,-0.6374695573048109,1.6312677959521271,-1.1478453524971013,-1.0198625670659847,0.9617605948871344,-0.7308707775916204,-0.40837522795939246,0.15051265558973034,1.0691809085032662,-0.9917847957039417,-2.0776828065567314,-0.760265249816748,0.49637420629103396,0.7830917944656308,-0.962974165112092,2.1567145041702855,1.7905487487541398,-1.0366982162159217,-1.0104938379885997,-1.1080424216454186,-0.10707824442292223,-1.1983674951563437,0.39229024903162263,0.6868271001529037,1.373684234775173,1.147902950441896,1
0.4700722935783874,0.10317201786999397,-1.0000145158286324,-0.7749344620930136,0.5912876000782513,-1.4751786681707182,-1.2528855470162796,1.3383787786166828,0.7725013289710317,1.8965288583052484,1.6321674127472066,-0.19605311474692302,0.4785726795985565,-0.4333984505803539,0.3677688181537541,0.910622459371197,-0.5504783186243134,-1.1537522985402568,-1.5287370863452776,0.6836137922421013,0.27527748445578626,-1.2940014750741244,-2.2040210978242283,1.3934229875518498,-1.0435488957439227,-0.48931403478332913,-0.49719031373828515,0.3836370230451212,0.348141223478456,0.44403632239487445,0.8853452680617901,1.5667748789871863,0.7270629018016138,-0.9703653100799509,-0.3525364022531218,-1.645911049152964,0.6988425140042066,0.9088511017304624,-0.5468825470830523,0.6363891891799471,0.16426921547896772,1
-1.9610018745701254,-1.208534802602073,-0.3759262531002563,-0.9574680967690824,0.9351108915202065,1.1539476178295227,1.6570719695593399,1.0045518278693955,2.0009474588416016,-0.6375625207162756,0.20130018951760645,-1.225824412849243,0.18792596212051355,-0.5726453785225576,1.2071534844250866,-0.964202541088389,1.601055435550789,0.9974238153016572,-1.029476422119424,-0.5892758109491643,-1.4515533784325378,-1.2921493159504582,0.7887761357034417,1.4663523904339126,1.8869426447029012,-0.5866387898360005,-1.5171556758423135,-1.0226724446348838,-1.5360715285143245,-1.39967956591513,-1.5164642738334613,-0.06973403912037128,-1.5510667158022438,1.7393632489518813,-1.493802573290343,0.7712406818462496,-0.3715568443027208,1.6943756525392923,-0.1638165921595949,1.2683294175365214,0.6053498020893359,0
-0.5910970875480989,-1.3263075859845705,-0.14420074988243295,0.07930304098685441,1.7568411841328557,0.5818572593094624,-0.45071464684118784,-0.13389569574845486,0.7514617301825153,1.5480393769309402,-1.3077666201410232,-0.9246437367459979,-1.4898752245787004,0.13917460527504635,0.011003007099547444,-0.3523170705695765,0.2005360969659807,-0.7775793035275219,-0.6793127849987382,0.028416970899624465,-0.7174595272811894,-1.5266985563103528,-0.8157587480506345,0.2910603164330819,0.5181049121028124,0.9916080146803011,0.9231674136105199,-1.3566476470238231,0.9933009604470351,-0.9755783289546316,-0.19622280827666339,-1.2138742154174815,1.7290416002983582,-1.4002038962516519,1.2201774186001828,-0.25454633314191694,-0.15902045226863745,-0.31244717201322464,0.25422956191340657,0.482979845847866,0.4125584358307736,0
-0.7008098684807215,0.26993275874618333,-0.7592772421044837,-0.25749799614396723,1.8191384243990363,1.1688076810861006,-0.5728839913070506,0.7317942629624126,0.8033799779614464,0.41968278826695293,-0.9717451100414503,0.17089273290053275,-0.8915527724816292,0.6534021405340699,0.06326760223135902,-0.5552579667507985,-0.12239989439266674,-0.6600869980980432,0.2915247370257653,-0.8606487615641772,-0.16126480395874865,-0.1276674552594713,-0.27431338338586025,-0.5124599443649007,0.5169597704051299,1.1736995841605298,0.8150134335434832,-1.0380095378966596,0.6312436611436363,-0.04258059836276301,-0.48721390444477325,-0.35423803948875077,0.8520024343228759,-0.5129821027648982,0.5068598709869425,-0.8885791001728427,1.3017115877515975,1.1955829504734448,-0.5341511561149112,0.3569777717821696,0.3306807041106256,0
-0.38652474375232504,-0.6245049070122473,-0.13308777490123744,0.946841504246304,-0.8528848324114732,1.2164700520569012,0.7341414559437254,-1.0085832242580874,-0.6416690554699507,1.087659549956175,-0.23799547203831348,-0.34065551460823396,-0.29859297832729775,0.31991378648232643,0.8089726630781742,1.1455101201487132,-0.9817894754883038,-1.619184232534914,-0.4145637385861286,-1.3480014133126443,1.6379184956657395,-1.4186762211276083,-1.121520644984366,-1.2803881358124467,0.03731060613342199,-0.09844982100487995,0.9441943245534236,-0.3115153107334346,-0.6951577160453393,1.039659613249971,0.4259180784120904,0.07421489916372193,-0.09183655002914551,-0.23232566938061952,-0.6378800696489755,0.44475326363608003,1.7933949886334246,1.4339634928886276,0.935055413379309,-1.4263942692927853,0.02635678935358744,0
1.749460492309119,1.2282942092112628,1.0306779665989019,0.28460347722759166,-0.2741147290016776,-1.7414047869705056,0.3564637499851574,-0.8472367293292093,-0.8030206520261686,-0.33676570165268815,0.6435864155221359,-0.43443512771926834,1.0165455897295539,0.6509025242721638,-0.45473024106269533,0.4741375992864534,0.15597071025156609,1.035170144586173,1.2873704154272827,-1.0926521899838302,0.2955972066015345,0.7828854495858592,-0.3431656797383127,0.25026109392909,-1.5049733169266484,-1.1004228606027966,0.673149106993212,-0.8277569816847737,0.9262100648561485,0.49370979113386415,-0.8536541981929985,0.7580579170341759,-0.3669426077976849,-1.416145111808674,0.30237107865743795,-0.7340192144775416,0.7672149924292366,0.6558874261773879,-0.7606949528285595,-2.036264326788689,-0.4349299503392685,1
-0.3214644908798545,0.693729459575322,0.009452812684567984,1.634604521087301,-0.935891923714939,0.49712515758184417,0.3889751173247041,-0.4895163559273692,-0.10461901388884047,0.609184527458026,-0.5099460266593955,1.0487030492459648,0.5365043629586698,-1.4717125092132257,-0.4302782791042412,0.26824837801958595,-1.2459245296286656,-0.6231181437940077,-0.6636117590155766,2.155154974447641,0.20622933250372322,1.1043688103433396,1.4641104841826904,-0.8215879615052335,0.9441061739690153,0.913305554725999,0.31793382267292913,0.23939607778269217,0.07539654140082105,0.5171299928336793,0.4423952535519599,-0.22789512791680172,0.42410637407428214,1.79082018540909,0.12149427910715516,0.46770018771223004,0.530517167535417,-1.1888719397946839,-0.2707168597961071,0.6930495339159507,-1.7750221327685776,0
0.525384142492402,0.8603348403714479,1.447327869505805,0.12936281033937075,0.23634616917524934,-1.4708496637916009,1.2581582071436508,0.4977507883285689,0.11627292077584737,-1.2193594088042483,0.7642288545865751,-0.8296614380156416,0.6437279646947829,-0.11213282488012187,-0.39170385912473715,-0.45484021026112753,-0.38737369178469977,0.6709739525432017,0.6681891761498743,-0.30201695484013935,-0.006658770240338349,0.6870564678198166,-0.2538764317564991,0.6087664139283359,-0.36673834787980364,-1.4105074422437736,0.7544347130898115,-1.2315591483957598,0.6037324520115408,0.5871909144768365,0.0614507606982282,0.42363035973873203,-1.1105651410898445,-0.7678321777970711,-0.5397826144691124,1.419647240933894,-2.834675268748834,0.04515986349066714,0.8272373491848727,-0.6000734907073683,0.9215759653852811,1
0.9884132961043218,-0.7909382214103938,1.675717003422701,0.908004394622655,-0.4176104806477055,0.2501152815854108,-1.1311548544961219,-0.42346856033923674,-0.062044400693383406,-1.2814493796460318,-0.809861672261231,-0.5819211534848755,1.2989121757970572,0.42689950746705213,-1.7463088607172736,1.557654217843926,0.9009950764197229,0.5776696025552336,0.6075822073955127,1.4075176574199177,0.06980400297733333,1.2989142832732432,-0.5386010760418962,0.5718669997188262,-0.6131504003688837,0.44636806551641184,-1.0923161852789556,0.6994871648390236,-0.6015466028450931,0.39098633563240776,-0.0992627854566837,-2.181452023730366,-0.04635902997649965,-0.9402452207047177,1.6602577484781182,1.0098193925706203,0.555125298736308,-0.03771042020730074,-0.4295702793487759,-0.8566304005239276,-0.12714011765171038,0
0.03039246537631965,1.0342655036728166,0.15504940903864922,-1.3334305223234213,-0.6667876818565425,-1.5625631573886687,-0.9352013408170506,2.206954232472152,0.5466025284771567,0.5538142795996903,1.276960082266492,0.10679929844429266,1.588000050262803,0.6041522924162681,-0.6445909974049726,-0.7208661725932647,-0.562707595408195,-1.0952458020552363,-1.526765990733438,1.041803163822491,-0.676138416590157,-1.3379443266325575,-0.011135416374698375,0.5108368051063119,-1.1209381581542859,-0.6984167418385052,-1.2174276480264896,1.8455463210039345,0.5977545211406842,-0.99625720198728,1.3289568546281023,0.6150818955296415,-0.33582863827249015,-0.7000816051253984,-1.736192249916274,-1.2864522002266008,0.9514420939004081,0.7637865359609257,1.0540006286675188,1.1297832876587217,1.012789396791239,1
-0.23291857049806877,-0.5573556512277891,-1.0066391585893473,0.7608654828235316,-0.6609000399080177,1.0961275320696113,-1.0979548155061685,-0.9721633505000423,-0.6699782498904657,1.3255894603434148,-0.47221641069214604,-0.015213742517406372,-0.6588146005598564,1.7457024015697198,0.5052664031755855,-0.5582172116935142,0.1189751782122535,0.4505969581304218,-1.0014409884169972,0.6225120017963437,-0.3866001105432734,-0.6495108831558982,0.5789586439524483,-1.4010821853893791,1.9190112548159528,1.279381283611765,-0.1994566622266008,0.3185986095274757,-0.9554578537083815,0.9309518926000147,0.8860390358168928,-0.970287607833292,0.6011035496854,1.2810956637312063,0.8847803438311722,0.7179775783588467,0.313670701636845,-0.227726847664627,0.4338176062953716,0.266349170919742,-0.45116189993057415,1
-1.8755916761161668,-1.013514604763377,-1.731355976291357,-1.0322310959137697,0.5030657642852034,1.1601618275091583,0.5021890157286792,1.2612749747545609,-0.6005051414233955,-1.3551436538559267,0.03815553053425183,-1.1104184908344321,-0.5103071950322403,-1.9192567074842866,0.7498221622749175,0.25812925458002856,3.191658894698114,0.8574708305822263,-0.4962519298680726,-0.3357385595543809,-1.4926241853610347,-1.248396358066677,0.6887068358349043,0.7286868747806214,1.2412500551347732,-1.131612197725933,-2.3948063778393722,-0.520782238497189,-0.5684610353315426,-2.0294911180242767,-0.3152153627033291,1.0171486066005455,-1.5909592174982128,1.815254187118137,-1.5865529128733105,0.6190028859287199,-0.08352547749711013,1.293927058214423,-1.0264449990499482,1.124647056801063,-0.9491923880009955,0
0.14680478849133116,1.111970887186605,-0.7911514589491934,-0.5992920416504025,-0.46473389423243006,-1.197671279712721,-1.070731810918775,1.1707188318575297,-0.4626483995651175,0.45125441282829526,0.1921072943046527,0.17889267933165,0.6389120284612536,-0.476659131348884,-0.36774301298730155,-1.3924292020927231,1.4957540599679133,-0.8973663141480607,-1.1062842898486323,0.8172214666033527,-0.2637324749278388,-0.5531212814775437,-1.2308644295793638,0.14692823585331605,-0.6080149267621598,-1.3198723108400907,-0.9718947631578935,1.5452765635352157,1.8598898309908958,-1.4155499822047415,1.5800391706766186,1.221106812890002,0.4212976400377987,-0.771944529720856,-2.106500208529251,-1.4781896727656265,-0.7755262615188834,-0.11107196934955124,0.16746093442043586,0.5362108337140072,-0.10240100209335896,1
0.8697759801548046,0.7306329354809421,-1.529491011256628,-0.7150853990480844,-0.19564928879151533,-1.0180275586856735,-1.6173228731873184,0.27739419092014217,-0.7319282369741761,1.3286534221274422,0.41151193711548356,0.707217641863577,1.3919830723646993,1.3099998992866095,0.1849299595677451,-1.0750421808599844,0.5621489279202947,-0.3590366376602344,-1.090728457375862,-0.32879824808799896,-0.9713128282680781,-0.8658669980991998,-1.2714023518152302,0.33483704844746087,-0.29815231784539786,-0.5154881871047383,-0.7364183271870912,1.5992360518014779,0.5667934539941507,-0.317759791552292,0.9022387592438857,1.1136201943214858,0.9462993462898454,0.05857097515038473,-2.0320929472635667,-1.9664102980820177,0.16738220204879,0.8799014834107106,1.9673957256686423,0.8180109849454685,-0.999413951165258,1
-1.6418815237162785,-1.3724080906200156,0.42311791388428893,1.739960473943984,-0.6974120057094463,-0.4763273236492967,2.203238386728663,-0.5576267684888452,-0.33177698831600555,1.5244552400118712,-1.2983583247614965,-1.222986147000476,-0.40129553981096067,-0.36905340533447584,-0.01963807564257672,0.47710792604897034,-0.9550172092012705,-1.3954380343080384,-0.8106808499107937,-0.030712317708423267,0.8255146336341987,-2.09332543200139,-0.4471370332187499,-2.0310635959438366,0.5196185091969606,0.28587608220951605,0.7991491451048793,-0.7004454306424744,0.9402200641109414,-0.30598142312780596,0.30186370342736873,-0.27773485450975777,0.13210235477715662,-0.3311078636154937,-1.2890745535578916,1.8731103909674445,-0.9337239963776436,-0.0798159810761118,-0.44306077185478654,-1.3253452953271065,-0.8684668006785411,0
1.0595995293916722,1.1295019219931084,1.857832694289297,0.33041796157674763,-0.9731106819990055,-1.3017303625939227,1.6836232618289317,0.25581922685303804,-1.306782185917469,-1.6274194489666254,0.6856495613154318,-0.05453877555828355,0.9453292611462263,-0.6917498631993784,-0.512273280029775,-0.0689350465894719,0.5592492790654904,0.6625535322942884,1.5556364215910232,-0.4666956346841848,0.5237736278461608,1.438310224399245,0.4995461550233807,-0.29065394256209043,-0.7991074997485792,-1.8257791138599522,0.286346026754372,-0.8271022567264436,0.8405864151756343,0.4079528551738593,0.12734802717168187,0.6536340362444926,-1.5635990187369444,-1.3899587178492092,-0.4268747094667961,1.3926691129829067,0.09859520027565559,0.7978503543467994,1.2771656192384904,-1.0708149117203984,1.897163872495793,1
0.9645396815808213,-0.1827603533558438,1.2555965934776583,0.20052271245506606,0.42040493698686204,0.7561677701223432,-1.3645530298271407,0.5705046887770311,0.9264480384137788,-0.9769116016651873,-0.7004211545945925,-0.2622756650132844,0.6763688046417053,0.39671843487259884,-1.4984081878762776,0.4528404859887343,0.2634845705151905,0.18314930573692337,1.5073120837387288,0.7932141187571418,-0.5550448721811668,1.2055821757706564,-0.490461787791478,1.03474201901264,-1.2039909976699321,0.687492915418269,-0.37568838905918583,0.48277368857428365,0.627761132583558,0.2589165567782821,0.04306043185777792,-0.571693855436818,0.21311574096908975,-1.3886986141035722,1.4670511878203236,1.2442225409084329,0.23516852153517215,0.965737049600958,1.546982470502734,-0.38013484318534996,0.14980833158257703,0
0.38248716567821756,-0.9932269598367337,0.09312428568766609,-1.5653602774584952,1.1979255163921276,-0.346155817476114,-1.2133610699448503,-1.9697987184153731,0.3879781680049879,0.832761096153268,-0.6220813014893063,1.0450742078822055,-0.557244759630065,0.11632683423620378,1.2247112871416124,-0.5405220019818178,0.19383582776685146,-1.403329422076567,-0.8078186812456195,-1.2240910380585277,0.353635460542922,-0.8623448471549696,-1.453621794717833,1.8764808273148679,-1.1022936955105547,0.21659307845966524,1.3368798965353863,-0.9702365345026973,-0.34622235728028117,-0.738405636092166,0.15060777480474266,-0.6218227476631304,1.7698605537051875,-1.9496341977505232,0.6665446120300026,-2.271645062203618,0.7903790948464466,-0.7775471922716597,0.9046235380125973,1.2019952564468448,1.415378036246538,0
-0.5830529924153546,-0.9302119986465819,0.9189782158373968,1.3089283576534894,-2.1594633642051306,0.12068752329246603,1.1646411071333609,-0.8301702734017476,0.8746024758571018,0.2312911415939763,-1.410162464920475,0.18234768558599782,-0.04359799263125536,-0.2172034146138598,-0.476495679207263,0.6025223287765685,-0.5664088818415999,-1.2578819059015787,-0.18985368809160308,0.08089135076825539,0.7670623710777346,-1.3128718979414535,0.4793579811245884,-1.6948702783782363,-0.6584510163713645,0.2527525430879414,-0.07811275691477101,0.7738528876467922,1.1012770324457342,-1.2530501800739706,0.7203258974702799,-1.398149797896967,0.13589305140180605,0.08707806392978978,-0.9000796976832679,1.5306747632613746,-0.025258311272216075,-0.6640312578330385,0.45242027640433785,-1.4592660700473126,-0.06459493494830694,0
0.34439026355577507,0.37632248167725446,-0.8520459635102683,-0.07050043070696493,0.8438197937051097,1.7896117254529902,-0.7644890378934642,0.8146753030114104,-0.40425054547218114,-0.9842218775154686,0.5613755885582041,0.16961770515274402,-0.9247732522570192,0.7161262836697819,-1.5188123639945788,0.7095269349121092,-1.7888583604529618,0.7780393013207325,0.43880103737276355,0.12779780555513384,1.8457300356464705,1.3130203376435003,-1.7015029379719013,-0.07649708069670809,-1.2118617500614697,-0.13881201505090537,0.00470924127518254,2.557379906261906,-1.1396326176354385,1.0839557589226483,-0.7506709669181002,-0.8140835117658421,1.086709655708924,0.17088088971447066,0.0770556099156752,-1.1912719812698325,-2.404777024021278,0.8538458885383305,-0.38489536280297665,-0.8318328751893014,-0.8093889858664318,1
-1.0842550939771545,0.42265144856089243,0.4761032071969216,0.019962776352095684,0.6311471663709134,-0.08366992938172362,-0.39451196251962306,-0.6301854957698306,-0.1872270949208065,-1.0015732151368446,-0.5956254356414865,-2.5122711076474773,-1.0506861577013797,1.3830124388026885,-0.8634509419011874,-0.8806770981465232,-0.613400539829734,0.36816062937436195,0.04110561671789421,1.3753272568118582,1.2383519808172592,0.3621127926042277,-0.5307757377309984,0.5178933622420545,0.2490811673297708,0.6015186007520946,0.8818349953247683,0.8953233756120839,-1.6320991370774236,0.11307874450515212,0.11033588698471535,-0.6396425021228375,0.8320428690085433,-0.8690429812697866,1.051875447295211,0.38019216134462797,-0.19524533799463384,-0.021080775173248065,0.3772553143920824,-1.060992308378955,-1.3099964824337054,1
-0.1211808753994319,-0.7685011682816077,-0.26050931952628853,0.4047207577367619,1.9545658090175058,1.2631465053743913,-0.3086204267308279,1.0635338262079908,0.3329508127806197,1.5782830494074649,-0.6375859657672629,-0.6000777146024779,-1.1356809317664336,1.2062389020079864,-0.6256762105991045,0.7097336439288751,-1.6493799815549346,-0.6290784567252649,0.5465846978409723,-1.4014401594204633,-0.2294415623963834,-0.7639610786538921,-0.6965934755859082,-0.801172828681109,-0.170127914413135,1.485505748722938,1.60179931490299,-1.334433662551631,1.0220113074998425,0.7053714877721452,-1.7351054556932195,-0.8198775894938747,1.5371849637348334,-1.0231454267264555,1.4502772729051148,0.12753450224079058,1.1885595266347357,-0.03347451050977778,-0.8900949074243106,-0.8345043802977968,-0.06595154398550605,0
-1.303432608548846,-0.749869660181809,-1.2952273758145307,0.2466605827223021,-0.19918041911914075,-1.0799891124863732,-0.4074750802965511,0.6710817607244018,0.3856802306490675,0.917293315797817,-0.06351025055872771,-1.49701277261651,-0.730640252574927,0.9565025947216658,0.2870364254553241,-0.18364118288989234,1.398106240820464,0.1417785404985461,-2.08324324815973,0.9454042846818266,-0.8967212842217885,-1.0692680422512089,0.7670684080939105,-1.463004431934043,1.9484997876294516,0.10238946476176396,-0.3038327209561531,0.10598613131430995,-1.2599357912580778,-0.574745348462611,0.45562738083446813,-1.2204276116308272,-0.15874663030546682,0.6439342871925003,-0.20737206208540584,0.16091962755068795,-1.7290475242651833,-0.9020036496883465,-0.38573834337618534,0.9049962712464175,-1.291047050580289,1
-1.5063560056516447,-0.8944902394118557,-0.3378538669010398,-1.7990138674343412,1.5748958908059874,0.14860535265914562,0.34869458687566984,1.4774997833718961,-1.0654119086650224,-0.753114412150151,0.20902740514094503,-1.0442770796090464,-0.8245026940784987,-0.010285638501593825,0.21074199389758305,-1.4207745477266638,0.05875798377823411,1.424117313027335,-0.45967665744035047,-1.2163004875334127,-2.44726282230826,-1.1324688278109523,1.6256002913241407,0.6260969673399723,1.2325487996708717,-0.34760231006800907,-0.14544206446477959,-1.947452705017025,-0.7016757338530086,-1.0417738940465955,-1.9508094963113274,-0.12986168920851981,-1.0718645475019426,1.1417551404964605,-0.17385284349315433,0.32619702587299054,-0.2582279043580871,-0.21740326127965076,0.9148808678717848,1.1542725354178325,-0.005131688499906467,0
-0.49330540000674594,-0.1567737251887571,-1.4443060267658268,0.6636629975233619,-1.482681797901816,1.6325231652094359,-1.0133108930186534,-1.6569886188607783,0.02446199639379061,0.35718936291267783,-0.9930614322671749,0.5085068357095186,-1.0958537938802804,-0.29406117070211085,0.16944860763677247,-0.5595349407581723,0.3549779798025107,-0.12521217454000194,-1.1376428906691045,1.1121498131216283,0.17320952459670097,-0.8259026152696228,1.1902570135996393,-1.3600975464153462,1.3236898470447138,0.2921547936632509,-0.28951209189580973,0.8535315150097793,-0.529323960487485,-0.3533247467224647,1.7544406127972807,-0.7254883290924903,0.5446418341667331,1.5056218685381888,0.0061965325789155035,0.07784925736591543,0.6933874899377771,1.2699226073720296,-0.7457078690410476,0.7662853295176685,-1.2909967343673046,1
-0.021016644098301483,-0.5511812373361558,-0.88266279882952,-0.06362311167295945,1.2841313066820867,1.4807321823437891,-0.6537667742117954,-0.502913930044313,0.5591260137318012,0.8508372072284008,-1.4509627975392305,0.3308240494859757,-0.09325715049666226,0.17325885107287312,0.27399855540465806,-0.7748103990208067,1.1622654367314154,-0.6260453293740669,-0.5353572987586525,-0.8352566523915967,-1.439986059632207,-1.3972674290180054,-0.9889800493614024,0.8817412956157303,0.3705501636977125,0.3159774422508786,-0.17340062237788906,-0.6354562824749884,1.433816099473743,-1.5245154788447917,0.12800101907458297,-0.8899756903970735,1.1809506470882885,0.022431051161593177,-0.9105493223751046,-0.8520317685242018,1.324739725872981,-0.8254158779183507,1.4187359676347004,1.0554840313882652,-0.03213760384037241,0
-0.40790188522381204,-0.5081729791763373,-1.3689662393045823,0.9246889527387421,-1.3849300543789707,-0.2670397673305726,-1.466598153985966,-0.5399730015231783,-0.35330578195548423,1.081039171920532,-0.6017374932856354,-0.029324798180537504,-0.13593131438469508,1.3164853121170963,-0.25660391571208274,-0.9906249019480307,1.0016038533597378,1.3064355577626117,-1.2579643693663922,1.6510311245768197,-1.2392908976043937,-0.1824993557037213,0.9285043032885397,-1.9260319374739683,2.1226315876786743,1.0157632480744814,-1.1635250931813157,1.2907294132500398,-0.47169589761976377,0.5025132518765354,1.1521568309609143,-0.3476071126616653,0.58487777438931,1.7302753645450184,0.07429411905477694,0.6271975100502638,0.3580042877080775,-1.8480206705362128,2.635962954554772,0.4265251745982426,-1.4873545255643557,1
-0.2654588155808349,-0.5820442645010013,0.3469383621641088,0.8789455564546378,0.7305215023643188,0.8602973459357584,0.39672519858992206,-0.5760473411697475,0.2970343452729121,0.666064903857792,-1.0054087510329164,-0.4041773016319593,-0.45220199499261204,0.5271868858194003,-0.45169360010623205,0.5514912598872641,-1.0797975950758576,-0.3801442797951604,0.44710910512114976,-0.5900661374839052,0.6049867077017042,-0.8407385438411318,-0.7697978020352131,-0.8232856660260306,-0.09859392527192691,0.9766505188866642,0.6612654918472108,-0.8570795688112463,0.7548896875779133,0.4320883629733913,-0.38827411766772946,-0.6241030156611054,0.8582847178580814,-0.5094239043847866,0.5542091186615347,0.31361406180924273,1.1109509562271391,-1.6203849221153193,0.15652760880567115,-1.2208155829777159,0.05180983302562474,0
-0.3461889600464946,1.2500745141940748,-0.7336121841205389,-1.3203860796193165,-0.0021344127235236265,-1.100988471241479,-0.7671556339919523,2.2625647233709594,0.4258583068056995,-0.17571005284785385,1.1598946551619358,0.18266216126885546,0.11487365659279991,-0.5220135439232018,-0.018385155065642072,-0.23027436307273474,0.7426247999620488,-1.4133251330967702,-1.0866438896230783,0.2824973008936943,0.3122230777737603,0.24790914245661683,-0.6641203966093664,0.4320260186183435,-0.8237889582168348,-1.2043019474780126,-0.6121574445302461,1.3993245169319284,0.4745583665533778,-1.1084228381954713,0.4926743578340611,0.62588897546786,-0.34972241721973907,-0.37016701901821103,-1.4580318334530367,-1.4300047644875304,1.0942311931529454,0.41938520979446864,0.039365033331450465,0.5073659849824635,0.7622988676795538,1
-0.16704236509640583,-0.08787967227192493,0.11363673023328676,0.8018190903752109,1.232025909682761,0.7062188611482252,1.0264661473720813,0.5407474403824188,0.4829779694303893,0.5966651264463153,-0.08875764417001285,0.5858141566751929,-0.9249548523030894,-0.022742719643631802,-0.012848920735821825,0.9694071909983273,-1.4907855438076953,-0.5682258424546804,0.5053329831256823,-1.2140673793238994,0.9360870813694124,0.33171651324274676,-0.48585935701925465,-1.2546086472535063,0.2201731644541755,0.7298900626452077,1.3314105666576723,-1.3619498866533197,0.6406813051408502,1.2365613172266356,-0.9527749413524544,-0.7584561617544581,0.1415497098696997,-0.25427830343660407,0.7813847832685814,-0.09281814322508751,1.2023588655461697,-0.16029958486676532,0.015722588618337113,-0.5916377425398152,1.329836966223185,0
-0.05665997935628222,-0.9906052845793768,-1.4890860719784635,-0.08276412030882417,-0.6817696161868504,-0.3062767037802711,-1.4911018268137186,-0.1716890227495672,-0.2805339634208986,1.0897608875063078,-0.23924388820204312,-0.5542297847203392,-1.0567956773955818,1.0666996938230082,-0.08465230320903425,-1.331513236699291,0.46713295910706065,0.3890700253788124,-1.4503223201084257,0.13129555020788417,-1.3955463846113096,-0.2942017988190418,0.536993231101123,-1.2200569090926527,1.2457986547128328,-0.5224870599876256,0.7811382464222268,0.6172696597455206,-0.8271138008542843,-0.05958857473058773,0.32960917273689666,-0.3356331372180367,0.8022196787417486,0.6599934902834033,-0.43575716510734075,0.26629107488077436,0.4947032158265765,0.33372435293570607,-0.8839948810984503,0.7417080186230566,-1.8833279805732224,1
-1.9154285051629134,-1.0070225799429822,-0.7488786526575825,-1.7044878983296592,0.6844403538669683,0.41627088219123537,0.90589402378861,1.543624450714811,1.244702916504875,-1.0390013301366654,0.49267604349729843,0.14498514493402162,-1.0132320778309214,-1.8732281365170587,0.41780080502395667,0.0005711261660373953,-0.0702550371764764,-0.03237478750595382,-0.11804672559105742,-0.8381727832581458,0.11745337176778753,-0.240278319719233,0.9919914969831177,0.0426333620404567,0.15892364187548924,-0.6640132158479893,-0.6336246935295311,-0.611351636196784,-0.9165673714234704,-1.0320602460221333,-1.4833024647755602,1.221994884469117,-1.1728061764727769,0.898456340466367,-0.8400521526928646,-0.5480496944086903,0.5071665489163265,-1.2067036390649986,0.610628127438963,0.7330806066453756,-0.21914578636247486,0
-0.7322251571049947,-1.5051730039325018,-0.6396051129291043,0.14023865020346854,-0.05268543046622573,0.9026379193251725,-0.5127441160716228,-0.44168230198876596,-1.2972021534870335,0.8091098687256439,-0.547334796050169,-0.8790829947603722,-0.6990746920070505,0.9622768007689531,-0.17781763316572838,-0.4903205361635898,-0.16458649956328625,1.357591768528768,-0.6527596371399191,1.0133014161373544,-1.440056392612119,-0.374887004748759,1.5958576658118337,-0.13772048115003732,1.4671541152991299,1.5096298953401681,-0.39861400537624647,0.6885100178157681,-1.5983862253424148,-0.6342373595727,-1.277132615512254,-1.0599764535799343,0.5942560531085521,1.532098932911112,1.308381897388458,0.8887927056712722,1.3434769701200349,-0.12971476777034213,-0.2870876680096686,0.2312511528865712,-1.7709035883545694,1
-0.25275583901856036,1.1398295177203002,-0.5473197455240433,0.11318730581825776,-1.9391926328505062,0.1221487345224065,1.6776253875023612,-0.9396696393738836,-0.5048370272260037,0.0035715309557199644,0.7173133128340545,1.1331450101768894,0.10235681412604623,-1.4926050140714777,2.078085798163887,0.1758033364276872,1.37267491652501,-0.7302661349433585,-0.6946276777083179,0.030769066243316594,1.4317166621092905,-0.304410483280321,0.8816290975287434,-0.0015124000538455367,0.5210900814921022,-0.9507824742356932,-1.07038514143317,0.9321462472561586,-0.47965050493731226,-1.3312198946179798,0.7550795358192196,0.54050203148178,-0.9768262099550828,1.3232677382143971,-1.2463560535543732,-1.1768290594240827,-0.9907734593165849,2.0383797792798783,-1.9072529620851748,-0.34559411176172145,1.3942792846464043,1
-2.473785610872962,-1.1298206062254346,-1.4303097152881072,-1.5816134932786916,1.7588833463565423,0.42478899473981985,0.23690576652281736,2.0984725296950284,0.607098559008254,-0.3107682449257874,0.5894123018511488,-1.388519153003433,-0.46405778005659865,-0.7430832673017467,0.14429627150544774,0.08074645637923832,0.13961753575447514,0.20606266580103808,-0.7292192418944691,-0.3773067207178807,-0.2229517672630733,-0.8547294182759092,-0.11903228342369904,0.1023148031216613,0.9491874385277579,-0.026284010998230745,-1.144156137146092,-0.709673697214101,-1.4537432257707663,-0.11967578994660093,-1.7509057929021195,1.4262491282808225,-0.9665989863983337,0.6335081377359544,-0.8148154409849784,-0.7250755339901731,1.3160061404959131,0.5965449316904028,0.09724740803555816,0.7528931276655392,-0.545425122007862,0
-0.38666750223318075,1.6156316322492668,2.019377368410156,0.4403305013932076,-0.06157152258114517,-1.368690643367147,0.5478794059715414,-0.1034615545661524,-0.818306590432239,-1.1881454881277185,-0.6615427672423783,-3.0865244113059376,1.7037769095719293,0.7974607902448344,-0.7620518585620737,-1.2247196588715425,0.4268283617349319,0.08748623772843972,1.2336652233719716,-0.0921608363955888,0.015078377076495434,0.02527627565377758,0.301048702599524,-0.11442714073010457,0.1833074035012691,-0.7912456883143831,1.0281499408586574,-2.3036695512462333,0.3148615828942793,1.1351084112132834,0.11742696630524925,1.8167562976723595,-1.1720215976164947,-2.0584014193741096,-0.18676229300814717,1.6487488536126014,-0.09255007218002961,0.5046588389317817,-0.04798323254605788,-2.1916732818805476,-0.6307913791272878,1
-0.259186720637581,-1.023863627582103,-1.4913506415956783,-0.5361938073322619,-0.4941574552465636,-0.5190429035446925,-1.3084672834809676,0.3188569067270596,0.6734158160321438,0.5386577935685976,-0.24175814768211207,-1.3948888892500149,-1.3392796722531068,1.085422452900508,-0.33920975534965986,-0.42406653046170334,0.6749306492866238,0.46971643720543627,-0.7852165920466748,0.14194359811365606,-1.685777364974264,-1.1272596659031247,1.0837078608845687,-0.7533659064627167,0.4661565579947771,-0.10686149126120237,0.2741674096113778,1.1933244828447604,-0.6963914176747756,-1.464356266882728,0.0784822217336129,-0.5039833871897306,0.6463307893107743,0.36864091855442105,0.03690448367285948,0.6133905854436362,0.4423170782171299,2.5049134997901272,-1.094085612662327,0.31085609534978353,-2.2390930355991343,1
0.8626163729097844,0.036976464263683104,-2.0718826261865066,-1.2212815270924986,-0.21728246694621994,-0.3738603548830228,0.06589217455588933,0.40271746561790345,0.8507499154648461,-0.4536864687955124,2.095784947208465,-0.05366632200752659,-1.029873473644751,0.255407160971346,1.396567014630143,1.4897411991753176,0.09857715335778712,0.47843217631079177,0.2537833856250952,-1.3411417053624937,-0.04690685482722716,-0.7947961469304775,0.6611664593578154,0.4207400215413079,-0.3658243826570985,-1.091986564139028,0.0898973605612178,1.2708176079325693,-1.7420527341304612,-0.03578877203288011,0.8711986692392094,0.7536978563285878,-1.1906112731175762,0.4459987141498167,-0.2308807857104002,0.5439754729166142,-0.5336781733110868,1.1221909548065212,-0.15053658498851444,1.8198674565221493,-1.1044641811700058,1
-1.7665130753666345,-0.176517580090386,-0.1388591290699287,-1.3607012652699573,0.8717443922232211,-0.3576961829094524,0.9483661603592684,1.143758364068624,0.024974663313972575,-1.4643488784028877,0.5509172802700938,-1.0668604939659896,-0.6063453537448094,-0.2742420978677554,0.6599676136265378,-1.1917419920176773,0.5256500209631547,0.8658304091605451,-0.37584140057396337,-0.6979981071488419,-0.3983118808556911,-0.5767676813016253,0.7225120067735217,-0.007240303308092356,1.2075016992792553,-0.8972358363389826,-0.3368657428010985,-1.2553809057113787,-1.2285496186219578,-0.18027426270695035,-0.17113436292984857,0.6510317116121955,-1.5298806115276389,0.7678438840572255,-0.9464321846822082,0.6490837546516255,1.3985211832164814,0.772645621191229,0.7527310484771481,0.9871591851307971,0.7039201370014341,0
-1.4528803975366327,1.1905097444483421,-1.5501935238150653,0.3466736551156394,0.06438895930227152,-1.2170482022018942,0.46051768801103843,0.7011076558945273,0.9821477986757251,0.9958325179743586,-0.39172237073884014,-0.5818430880055656,1.16807142433083,-0.8091439045352051,-0.4428089219310221,-2.046093065684309,0.8572191058084541,-0.4522099309206013,-2.6003655933121483,1.5877171772344645,-0.08780759096351674,-1.430149142924461,-0.3392345490380448,-0.9739919141384957,1.375500037669931,-1.395610408121159,-0.8633474585426156,0.29683580262917925,0.6577626394470897,-1.1074807874778172,1.3678000487718207,0.9681941980876738,0.010165834286549127,0.30430839646180735,-3.1859071857277224,-1.9379157524565576,-1.3799933173477066,-0.7608070372640384,0.7508310905730202,1.3766553714594256,-1.4365069394710255,1
0.07974739573358798,-0.8521818626357877,-1.1425871270598484,-0.21262262081297562,0.7900087838628579,1.284169340389275,-0.8636061888055424,-0.040049328001219325,-0.05584572283521419,1.1067177745001868,-0.3726723949629706,0.4657417044699099,-0.7023185833826209,0.4095112968437896,0.4888303651723846,-0.0010110609457583556,0.16348590562629522,-0.8878538844106427,-0.4573904181415032,-1.3624391083528484,0.46464991230487596,-0.35696135193094664,-2.058653111084697,-0.23050646208892656,0.016956770231410588,0.012989903904273162,0.30106164154963294,0.10417492110051205,0.10317117424539395,0.2555302249364332,-0.24869910735589068,0.025561351307222747,1.1576495647982994,-0.3825369719919664,-0.5833767792417375,-1.1222084351916455,-0.7965658432438887,-0.6001951843397968,-2.8778377926414187,-0.14352344595818234,0.38398970966587437,0
0.4601434778937528,1.3672697854980103,1.6083549438996785,-0.7161735703664432,0.27216094799198315,-1.6792635345568039,-0.26308349906277995,-0.03775536641149563,1.2800160019343065,-1.809702449006342,0.3553672641257741,-1.5841992588989822,1.4649940299120758,1.9646176883200994,-0.43972877219305406,-2.616328677231938,0.6487579614514941,1.521826642515296,1.0618109138329437,-0.3194588128301096,-0.7371237735779292,0.6708284571257424,-1.1145281420806736,1.190974148226282,0.04443438967878779,-1.1313035944436796,0.144853793884124,-0.933615420418649,0.21792923374946394,1.2139024943768395,0.7735773194729878,1.6041657792218664,-1.0744107110706418,-1.1188524711683225,-1.0283538832714556,1.283568058988444,0.005165122327042143,0.7198737247934374,0.22265304429236957,-0.8079369180071672,0.9254425433724391,1
1.8847104008527598,-0.7055509744482161,1.0594544738803602,0.2722565279245024,-0.2875833765597921,1.0727664503359564,-1.4345293772789256,0.3113476588311086,-0.5939158862647844,-0.4271913797410701,-0.7231347817443264,0.12097399639640087,1.7570769946618445,-0.30046203851149855,-1.792938252659741,1.0299725132223991,1.1722779562602963,0.8792964370291017,1.2436834155165972,0.38758124710378805,-1.9089898781320613,0.43734564438038204,0.14458806455528775,1.4822406277392215,-1.5869727027893141,-0.1508473656398059,-1.6247990243012012,0.47278918506998374,1.3424655246006632,-0.76818040844164,-0.5685663343619912,-0.49837814091642824,-0.05855987307526572,-0.8456567235583132,0.654536961891079,0.2366897084737027,-1.4651231794688093,-0.60262522641573,1.6018777086404676,-0.5740608735293986,-0.5187047460256892,0
-0.7828220856813705,-0.40670605331352033,-1.0396780210024263,0.850645206518578,-0.5035994783913559,0.05736161895846187,-0.6602235298962931,-0.4507498737522495,0.4686399512172994,0.5289862682055592,-0.5365806689653064,-0.5845634137452973,-1.1194457620480098,0.8068390443292542,0.24310850139902596,-0.23269391573807488,0.6301770315228922,0.2709769155875084,-1.1009122190143077,1.188427444080138,-0.5270686930523275,-0.48823550528622495,0.6206306088051173,-1.3137973388875568,1.7087462031621257,0.8737640032688127,-0.19109585215003275,0.44840127239766203,-0.5767752894592441,0.03530409989531735,1.0919338200446997,-1.1258905053440935,0.36490876268057704,1.3046327142899723,0.43354642447776903,1.3468239418510797,1.0467801801932377,-0.3557166519150471,1.9820267583365798,0.5674339033585738,-1.2084341879640368,1
1.3073729747706007,-0.08034040050831809,0.7989821070663699,0.5739793807073461,0.8263355040873895,0.6590649614104878,-0.9377096943904963,0.8512424768996685,1.9585301199606218,-0.17543044378101144,-0.36289076098687456,0.1131715001778005,0.3612487817838785,-0.35743285625151316,-1.7372935066420558,1.591642939153738,-0.3316967496197547,0.380772173853409,1.672150888716543,1.2556400309248683,-0.054105536201207824,0.6118929420983922,-1.0459178289465094,1.5809087820473076,-2.394059230657719,1.2961097246540334,-1.2771089734365737,1.2859358243872532,2.1689746868469872,-0.6510663054471466,-0.28936938030574033,-0.6863814663073484,1.3450607726436485,-1.1536152153119212,1.935289936632885,0.07919761763346522,-0.07306592423449831,-0.4550003632310441,-1.5860434366952527,-0.8963859783036922,0.40094889884237034,0
0.32719700974938837,1.0250109919639558,-0.36570968641619844,1.5567478756762065,-0.08974014431132359,1.155017901812054,1.2418283248507913,0.2650060277375446,-0.03685889207436429,0.1218736160394538,0.02732815301394837,1.620890541524821,1.2335550832833917,-1.5793509497949147,-0.35753030362481747,1.8401115266727477,-1.235964669402938,-0.7215433700354852,1.432248370876837,0.6520891499147627,0.5907143790352171,1.431132606729619,1.025668305971344,-1.048345058816697,-0.09380806943502579,1.1301296867010195,-0.10787889906513393,0.41588096781741646,0.5066279300103861,1.1971434421777312,0.09850308989909133,1.1037490968433743,-0.6072964303144897,0.8875496664218007,-0.2835846046829792,0.39613626923145606,0.9663256047703694,0.11341877324181625,0.4003986836591738,0.8188748510415904,-1.4673179305794484,0
-0.18683747440688858,-0.022312168992296797,0.7829145448483774,0.7796203375059223,0.5563738495362649,0.2628304955966724,-0.9450803095563594,-0.2095684034544637,-1.0275350499374118,-0.9302890179369036,-1.318562485650618,-0.7636707310296095,0.3686177241295757,0.8906938410577067,-0.8911131896480766,0.5978340646828805,1.6555839960420975,0.28807251949918916,0.6000462914620908,1.1950523767995065,0.10869651185767316,1.100470677896931,-0.8647465724116326,0.2989624505718911,0.35655597121401883,1.4540710650812254,-0.964623748932966,0.5126643592177608,-0.03430955067283412,-0.20542648461338722,-0.22344945128655133,-1.640726932555559,0.6565860742348456,-0.19246851890165625,1.3104184047808842,0.4671535718963183,0.5394627343228875,-1.9093437074645767,-0.3988041662521784,-0.9281705022363022,-0.2346423040631906,0
-0.5742779174199937,0.8488011882214181,0.821613302119172,-0.9326521407382856,-0.0027112105537869303,-0.43049593347459203,-0.756990253244318,0.11329830767941555,0.7490703170521354,-1.5064065148078527,0.04089592129587224,-0.7551082273867374,-0.44318296763276266,0.051618525865829656,-1.458891486085577,-1.694126529570803,-1.2026761706687963,0.48357003379552205,-1.2716103025434793,1.3349878545080118,1.4848345613183427,0.2909753263644376,-0.1518833347092824,0.6248064006619287,-0.4065733834431715,-1.274023546383997,0.3536442068686958,0.40992893835030386,-1.155054458818249,-0.19827579568517328,0.41191631378928995,-1.2163240350556754,0.5031778494407596,-0.5237235128437827,-0.028742783625342314,-1.6295561236620895,0.059303807393502425,0.14097128353621088,0.1607949553658429,-0.6874745947128655,0.42399162120808914,1
0.19748074026041024,0.3114404974136229,-0.8968428931134683,-1.0598241882159958,-2.172428548946018,1.6888995496031833,1.051532311267086,0.24996323503359572,-1.3930840747848203,-1.0626944126404896,1.3798511569852316,0.38255339212706,-0.9067291325552973,-1.2020660240698393,1.4426593009226412,0.33208388709993697,1.2913569394254942,1.240354173635524,1.0733590401982687,-1.1566295280695522,0.38229479293678637,-0.9112165583749624,2.3146338771609276,-0.3640186048793414,0.3947501871262669,-1.3853404498844197,-1.6134730426348673,0.7246600758200104,-0.8796469499366221,-0.9187408735341728,0.6468875380204441,1.6542116542228675,-2.01098474064567,1.4516364055531308,-0.255590755757908,1.019406167415411,1.4246171032926278,-0.7876975991484007,-1.3563050126151974,-0.3153111643435083,1.3499961575074046,1
-0.09687685811206755,-0.9786684667346697,-0.2693395900496928,-0.5190061973150077,0.4258009188328833,0.522823815183087,-1.579440647172523,-0.5384264740713262,-1.6452111074691826,1.5137400484416377,-1.1559406194697415,0.7293411066091194,-0.37020265712454453,0.6580638600181763,0.5896989756044628,-1.1751831000563653,0.7218513266354919,-1.2481473753058434,-1.1331843888503068,-0.6855891271743588,-0.3752914224892853,-0.08032718817869472,-0.7811618649541597,-0.08553117369271394,0.4584188539490212,0.5507296342240513,0.7893084453538716,-0.48690300500602757,-0.03630227004137791,-0.40251213001354935,-0.4743720391470049,-0.784775996159971,1.9052872451691176,-0.5272752946943174,0.1762131718307399,-1.5121305797986102,-1.5721600634765907,-1.1711889714318195,1.0498804195538411,0.2016881460361332,0.39923586846652076,0
0.18674234458500344,-0.28969537104670423,1.400036915178389,1.4337715665747532,-0.0212225189503545,-1.0337593744479288,1.1312673155264503,0.27128230095524314,-0.02308343723391775,1.212387185053218,0.46754375724218444,-0.1117716715880719,0.3206397668962941,0.009325078709020026,-0.03717528847902255,1.3309262308474348,-1.8005598323263128,-1.4039025052030394,-0.7320214044340212,0.12909520253285142,1.199475461624905,0.29223169187316034,-1.106974191818954,-0.8608502295125003,0.05604475931449001,0.16277707105686956,1.7108950091760045,-1.3796133783643174,0.07192343599391159,1.8772739434150976,-0.21176531087618802,-1.12580921881356,0.08589085361673385,-0.7890907602813315,0.8241191838399909,0.9338914766252082,0.21559589048450242,-0.2275226511499927,0.4551377278689303,-1.0954011902821124,1.5703193497225023,0
-0.9767015376527138,-1.1947497774667437,-0.23994850335711373,-1.182507451055542,1.8259981036979087,-0.14665888254692386,-0.02805762106505491,-0.062341786386614334,1.984940293139429,-0.05918751189611024,-0.9510147712189722,0.525878121518922,-1.070368974225243,0.007438034686010538,1.1157761675759104,0.05255726857831016,0.7976663875454445,-0.9407574850586577,0.2732009250536148,-1.7043977375512356,-0.2719323201629326,-0.6045664356111311,-0.7322987777566738,0.5091118737769146,-0.3289215557431599,1.0866088687073048,0.5038829409302333,-1.1862177026578655,0.2340179121331229,-1.1954326031896518,-0.9613270386664808,-0.45508991272604493,0.45101551039416315,-0.8762459466789088,0.2959082223020318,-1.0342873818597795,-1.1594936891176755,-0.34607708608802423,-0.3871162435503211,0.763321364397577,0.9667666239710033,0
1.7916363445727046,2.0826387747455297,0.7932702366651673,0.25735802644503,0.5033846102156777,-1.7386772233546606,0.2822916121255899,-0.9544816964693423,-0.18606303382833017,0.009732440403940057,1.218170302957762,-0.5983913196965646,0.9965087319077905,2.1030398340476424,0.7421359426600288,0.030518383813294664,-0.5319407570226242,0.747181368735425,1.193195433486115,-0.8335746174324346,-0.11439634894119664,0.902459425056584,-0.7171543899196704,2.156607694988195,-0.7788542108701203,-0.013499435745627902,1.408082749667311,-0.613634413537791,0.20622065421261337,1.016848894088773,-0.5242605503548318,0.6216655438652572,-0.09530685435076643,-0.30270771926681894,0.6285780113691246,0.05008787570787214,-0.24294376384677915,0.17226111383290363,0.5638792822515827,-1.3340543313333217,-0.6082930468269063,1
0.2907483976821275,-0.9957336354373968,-0.5933653865066527,0.9625226494882433,0.6757290967614623,1.5955282012857122,1.6280310955088078,-1.0296336435090325,1.8883995756409677,1.1355488357555115,-0.8706944277782365,0.8075794127706734,-1.4871916191459607,-0.7306368697082845,-0.6131238078154988,1.3704817001595397,-2.2205723595814875,-0.8335976007278743,0.9909437260542329,-2.397707880316152,1.558864971980449,-1.029520618754546,-0.9683256185560832,-1.563241187405454,-2.0767928864229988,-0.0815184918169473,1.8203304533054472,-0.49393070848310866,1.6556205977741572,-0.03231246334174614,-1.1704863963279402,-0.3242864775128532,1.36632236939113,-1.104549913170247,-0.5183895602793535,-0.7902287244390535,-1.746699478868934,0.2852711990377627,-0.1075296685754088,-1.4192935015682477,-0.6947675245673461,0
0.36873839288485694,-1.0455391761331965,1.184793824889483,-0.006970312505077072,-0.06748161550819398,-0.016789516427359614,-1.2454686333242073,-0.2517804295598829,0.1486752958445361,-1.216699640647641,0.07181078501893566,0.5183914065285631,0.10212093920918422,0.2926079833185568,-0.9868065404633999,0.23139988581438065,-0.4843049629949016,1.2023332545867982,0.896324733092319,0.7822309798399639,1.17313059731481,1.1851448880076834,-2.223576441468548,-0.1658379782853096,-0.660368141328089,0.5637239135566973,-1.3579742143908569,0.6575219695143413,-0.16533489410776978,1.9720022605264644,0.5715739116132043,0.31465278083976445,-0.0012069517081407962,-0.3333674307606579,1.2690763749355911,0.25010992146910055,-0.9698854795398203,0.35818436749162774,-0.4285139565102175,-1.015991076742053,2.7522802205486987,0
0.17552069353320712,0.978872377610471,0.0648462745196176,0.3261233474954282,1.4640618118578257,0.17549067241828772,-0.554796527168479,0.573327522193373,-1.1224320263705168,-0.846463751045672,0.1310654178098474,-0.22969519953292072,-1.7593687440358974,0.5125427553527855,-1.169365099341302,-0.6502245653772655,-0.8060672725760154,1.1521619174577489,0.5751360833958467,1.0546540650307488,1.291098824651154,2.067839404876757,-1.5190856138079276,-0.07854967419274117,0.20159273995114504,0.2614660156535149,0.7173687874566669,0.6776654100861262,0.16295509131963362,1.031283626038768,-0.3148731883254483,-0.897170633880085,1.3124140888672118,-0.41858217605451986,1.4427876390194894,-0.5747735149110484,-1.7159739047145743,1.5815675046989344,-0.3577373981407383,-0.6451077283596424,0.46039733028122326,1
0.34778261715900394,0.24531427665595498,0.7006859102883458,-0.43695338517803767,1.0128367716288373,-1.553492369384117,0.5808291255954027,0.469127848421207,-1.4790297792753053,-0.7825256770376804,0.2677969805055569,0.031074721765060754,0.5852675000786614,1.25570409212555,0.5430233573307366,-1.876904389714901,0.6327940812015346,0.7799903386514659,1.0852310905853246,-1.481576514664034,-1.4266408456117932,1.1557815265573486,-1.9270424045134544,1.1892208538269122,-0.22074663067040065,-0.4308552560999807,0.4482211617001186,-0.41029990963045104,1.2886137900843582,0.24234066362145246,-0.6924257732522483,1.1484270472353328,-0.4877824014977408,0.08421755166526904,-1.6924040464149905,1.3063995288809007,2.104978982254924,-0.6770927437990556,0.5458489835024043,-0.17012116337458513,0.2861183957347847,1
0.41794735306561326,0.8108696227066877,-0.03958611203605536,-0.7340934285728301,-1.335825045714691,-2.167901923640093,-0.6171275350963368,1.4818379468978264,0.9191504195806962,0.8589346637968647,1.2552281555049822,0.32870035831623534,1.4138079765863294,0.415960757621641,0.5955865943194815,-1.350748554314326,1.3873090823354608,-0.8348928638000177,-1.9854777522687874,0.42784016539909586,-1.3255236460694848,-0.12905170077044326,-0.7350380256943116,0.43257516671758167,0.07368245872780382,-1.574332696277684,-0.7868601256044511,1.3281494102397915,0.7725641380908613,-0.9753473697359634,0.8822334838735316,0.7233264282842954,-0.3612492038143654,0.3497369236623386,-2.452486115352938,-0.9638268022712015,0.6701359251324646,0.09407754036412966,0.6837213558155061,0.71174934804833,0.22350448976858223,1
0.7176035870588101,0.33862211936341285,1.6553852100235997,0.48460373282513297,-0.04065950877392907,0.7073285344767537,-0.8324083332428768,-0.07983290508007886,1.2901428630484766,-1.3018663178158782,-1.3601836332355721,-0.8913633319141041,1.4237622899640927,-0.3453800645761187,-1.4766952655641903,1.4980061095091082,1.2202140826243806,-0.3085224816434529,2.0727855021250616,0.8571855448633752,-0.1310604897679821,0.19402058502494518,-0.07299459791103749,1.9032371370785388,-2.370636691069764,0.9875259029670014,-1.3670458536963952,0.127247898874703,1.369077508468721,-1.1466504037733676,-0.071834498322876,-0.3116305376944582,-0.052839743967366765,-1.5426976564235815,1.5211067185116804,0.6977551883837935,0.6252295806984205,-0.9214263550816865,0.6584967036982907,-1.6939057469092462,-0.1807489355755696,0
0.8644523724431643,0.08844330341843416,-1.6549149024956344,-0.9208586166159691,-0.9054996594496566,-0.19921736420052638,1.2534314430387195,0.8545598459141595,0.20365147575777487,-0.5197158280536549,2.43397436654974,0.42731214361551056,-1.6489152483894696,-1.0317185317254336,1.7226365263748,1.060722300572501,0.4384112844863108,0.3608255380793465,0.3344926875854674,-1.2948075858068533,0.4630073264257025,0.2100288606064279,0.6877920182184069,0.07632922349906816,-0.12986657751268751,-2.0377592886975595,0.10802894883131181,1.429429341101649,-1.145254525135058,-0.22861987744768347,0.7168310167241163,1.125217627370823,-1.5915697762725631,0.6549126333169403,-0.7681157737980773,1.2532644788041325,1.7481867814195542,0.3083445570978634,-0.09177034473549539,1.5979038706007898,0.058440373060454874,1
-2.362551067456198,-1.7207035243724753,-1.3385307727041587,-1.300870782655771,0.7720711295929609,0.14408396091753012,1.2947224508697146,1.4755861260191685,-0.5274855282832844,-0.8856574637771558,0.6007830113696898,-0.36183164201656354,-0.8021562016957545,-2.3218883698863166,0.2232446632737809,0.4639547092549541,0.5829600845975639,0.4767699665805036,-0.7625036684979936,-0.023699642552823096,0.45353190881247,-0.5170311046505349,0.18696484504187685,-0.23237401987477133,0.6010959389017376,-0.9483472039168821,-1.6253173271420227,-0.04855993163126177,-1.3429048726312438,-0.9611100415875886,-1.2344278704486051,1.4476393747427925,-1.262675880632094,0.9564875649528521,-1.4398405613396228,-0.7473354838299422,-0.9112266221790207,-0.2664934725720474,-1.389498773131842,1.0481765026660412,-0.6871217482185775,0
-0.2851135796621578,-1.9088218696690342,-0.40255241804102543,-0.6469310538202884,-0.6468168161522333,-0.11017004925103427,-1.0890212083918702,-0.8104599477325538,0.7691745379902213,0.41996121975841416,-0.8302113124650566,-0.8460587840713002,-0.4191274964577643,1.168683447671136,-0.8981891480748638,-0.9564774323634609,-0.2685323250064313,0.978955171365302,-0.8500880895476656,0.49629370231385544,-1.3639446984976014,-1.2750594858981799,1.2586108846869182,-0.6233074026965199,0.3131474716692681,0.23835028163380081,-0.03578197070193038,1.2965860691195388,-1.2749059073161075,-1.3106263368302522,-0.17705547860586937,-0.9305447830470075,0.8730933457333747,0.012509135117112052,0.1007865524588716,-0.06315129890829693,-0.4649145949032654,0.1596294046588643,0.38352976252867627,0.4881542690714612,-1.95701840194725,1
-1.4812098851154198,-1.453733528610978,-0.7517667113876061,0.3244921191168267,0.19694019827355935,-0.21568315678363514,-0.5212060982892203,0.5877905123790501,-0.8563668746026833,1.0938094908729095,-0.5414368642787942,-1.6761145023022364,-1.1975134404871108,2.723949221830403,0.021020086251482478,-1.2730827501706432,-0.1789659004688868,0.7018685353796555,-1.4529448991821483,0.3848713358785094,-1.1593889096376715,-0.9117682729009223,0.33438335709692846,-1.4799196645804005,2.018488041893966,1.2563214283349997,0.2140781776871398,0.3700141858410572,-1.2975956853268624,0.18645897385846502,-0.3460824500299946,-1.5915782812264003,0.6643620814149093,1.0826469468244706,0.0962690267996679,1.6041389156364303,-0.24424142815814665,-0.15675925344459704,0.2929398399870267,-0.02052185605321005,-1.0778025630243984,1
0.6038452977062605,1.472832778586795,-0.11809334894022812,2.560801415211357,-0.02179644057426246,0.9910533357521948,1.4614537972717492,-1.2675474722334896,-0.33395034663552847,1.0550804447247657,-0.32631242019088413,1.301570438602978,1.6731034006300123,-1.0174275275502453,-0.06759938798239559,1.666075443296947,-0.6668176766560612,-0.5495894958549697,0.5573907356231995,1.5566005404188745,0.7419930232410367,1.450482987032411,0.9300648312267388,-1.3149590607295987,1.3018940932178793,1.4078961813184345,0.11941854319480914,-0.3461893711437644,0.0443505155626841,1.9013228562170894,0.7275819088079742,0.12337086157862805,-0.43760827734026486,0.621227249671066,0.3772649160643621,0.15244264887385028,1.6436026277531965,-1.9999741054438078,0.8729111854280366,1.2058392012454742,-1.189660334987371,0
0.6210833849510439,-0.002482707603623227,0.12235600140853695,0.5725849575485997,0.12141183822097508,0.73244114204236,0.6814215304564303,-2.577659440426032,0.571431052325358,0.8908943880286102,-0.7903995415788159,1.296161143277198,-1.5873148283231098,0.775826208824286,0.9024124227626308,0.4971009608149727,-1.306446978201295,-0.6489712954285921,1.3695847604927138,-1.891749875268302,1.3703413426513664,-0.25495351306659436,0.21562766325244262,-1.2630274427687354,-0.8193588345985023,1.3493935168787166,2.019995225923817,-0.6919181253029084,0.7114937377358566,0.4052503351367201,-0.07827556287722726,-0.6607863269812791,1.2359551138644904,-0.8245873775644842,1.622376046338836,-0.6356309431126151,0.414369484724836,-0.14041445804002367,-1.3124966368833952,-1.1391860213056442,1.0865817675476184,0
1.3903388237059204,-1.8566262236532405,0.8039552024483871,0.6427737163469648,-0.654543841843085,0.03267561939902673,-0.6163080147057839,-2.1031500933217084,1.7324435997771872,0.004820973519312786,-0.12481245818010682,1.5551956371534965,0.31485556735581816,0.6380262932679924,-0.1059013216719756,0.54665518405196,-0.5841912653875678,1.0037442706474717,0.4581648558512722,-0.2895597358390132,0.21620210011029656,1.0803146731375335,-1.6223453538382098,-0.12080792672387387,-0.3783716778342165,0.6404315056349649,-0.4867145739950238,0.7745375679502443,-0.08230120339385714,1.3846996851226712,-0.047068671284241054,-0.8907919689067391,0.7002979352609601,0.7380957645701135,0.5914097291491889,0.576858150195066,0.12209367423299938,-1.9616694320201475,-2.456804761154765,-0.3918681719849492,1.080349058475613,0
0.14201240524259215,-0.9519284509007856,0.5065725208564424,1.3257003470196052,0.04426002463316908,0.2604191591457526,1.1845570921066024,-0.8025540744711035,1.5128369298705653,0.9913392481462244,-0.36156505283694185,0.2173264610566024,-0.6456660370638442,-0.5511855599172003,-0.03316770630336964,1.5252273588303027,-1.2008845848569705,-1.0576766415553445,0.25520007638866593,-1.1432101423565975,1.494317274436559,-0.04921067185342541,-1.2404803700958518,-1.4816116141473656,-0.4246249324077059,-0.05291135025210605,1.44010022494108,-1.1020029895453174,0.5270645002506915,1.2627397204520778,-0.4352228408620819,-0.34528349873164926,0.2769339347283843,-1.0344586615634537,0.36415371490749826,0.3476368555593104,-0.2027841705673965,-0.23948455751865538,-0.29338301798389804,-1.4285494012584765,0.5154092348020717,0
-0.26231529186952474,-1.0313904099993825,1.1834133027178073,1.2336045785181382,0.0047394037398876265,0.945637568899488,-0.036259467648243573,-0.6044391286815817,-0.3919779645840281,-0.43600221405125944,-1.6233086336569396,-0.5590824892113124,0.5800961341076138,-0.9595191640896906,-0.602941312221479,2.369938298340143,1.7589377452399506,-0.7010356449514615,0.7225407083246826,1.3720036335813273,0.17200635593748298,0.16891991329670059,-0.13614569512568248,1.3060140227041126,-0.5983906497795917,1.8991462149950058,-1.6176673630896576,0.09212081894268644,0.49156256429742484,-1.5627140531725903,-0.8251190916896989,-1.898531337017944,0.47404425825624646,0.07439203384994372,1.9984525021010084,0.9059937566994158,3.2645332912702636,-1.0073782280997288,0.9551525936823969,-1.3806509578166253,-0.2932922168352096,0
-0.11817788006458911,-1.5833885094817934,-1.0057882125037567,-0.6277230738058739,-0.2604864208415204,-0.6896548520421636,-1.7543261375066173,-0.15305913057005308,-0.21611296248895656,0.9629272247131988,-0.053572685125320964,-1.380090996651466,-0.6664479468567116,1.7509842170878571,-0.3161852820192229,-1.16428975173737,-0.11917861084523695,0.4893665145988871,-1.7062181998546042,0.8211224280208682,-2.272011604574591,-0.7668945231801899,0.9123063987761061,-0.059913149852131364,1.0228152672892419,0.06232099824181365,0.9105280213207648,1.1218394237965308,-1.8687708182807405,-0.5318852655095547,0.2131909608053039,-1.028393487743634,0.9777278012187984,0.43572243946384864,0.17165237831055785,0.8563465278730136,0.7466618695685596,-1.0281127958258898,0.3158889433872706,1.8317734453926122,-2.3892236977215426,1
0.09953542122971094,0.7480916403999147,0.04674228752142394,-0.0024748097580624046,0.37900079990141394,0.7898807529799047,-1.0486827314686964,-0.9425426854968616,1.1467440082354852,-0.8950283028799315,0.10366766801133988,-1.742921182004209,-0.6668033255424239,1.4123194722967274,-1.3606000769970537,-0.825263611022989,-1.017870432487194,1.1979518303135985,-0.675326250367209,1.439606607915206,1.4939691794406895,0.2681309570221283,-0.7646679165065208,0.40305928898822685,0.37621575267458235,-0.5611147016675246,0.4918475511891879,1.267011288583669,-1.9241751754388285,0.8806586136686916,0.7695292625637531,-1.1931626574179344,0.8334692846753577,-0.7203133010961992,0.808760144572246,-0.8393278170446611,0.6538179387412237,-0.5650207466428924,2.3651803589503566,-0.5320271830418529,-0.8894729703381986,1
-0.8326404986387616,-1.4077281196867246,0.807459906721465,0.9108934247474306,0.7637848921721171,-0.03861575179281428,0.78439302587556,0.6082280797450642,1.153377569584153,1.9296986481879854,-1.3190912367990206,-1.6877321609104896,-0.786516044798451,0.5829691957372775,-0.7176254549581201,0.300679235273587,-1.4626647903830017,-1.2443622161360697,0.38062793334063605,-0.4256942857733607,0.12663376783765345,-1.1834076019503839,-0.4921818552087627,-0.9288885033708841,-0.6478798113204822,1.3799854130318738,1.7072471165198142,-0.9249879219656081,1.3292594964363182,-0.3273087568696621,-1.7000070108113126,-0.2947780444911241,1.6091334304669187,-1.7407402937358334,0.7862577975802348,1.3930878876470663,-2.1005702031426234,-0.517505989966909,0.7952875637214845,-1.806343862189722,-0.8638793464515503,0
-1.306547386461549,0.2604904632539611,-0.4802066570236547,-1.4457401112235226,0.9768812950019194,0.13969065730442284,1.12633619874722,1.276022709369395,-1.0634594635914132,-0.9894038085618462,0.20180115274695692,-0.326513989309751,-0.40248667433914365,-0.5373196564684585,0.09366443175586647,-1.8251491302755343,0.14497486860864237,-0.01064447767735264,-0.4002775734992411,-0.8123037295332246,-0.4794947331618292,-0.14181977355674422,1.0650261443279216,-0.18410935235255652,0.7346071114497107,-1.331544688032251,0.625488622013887,-0.6279653715442148,-0.7982532074779433,-1.0287851089759406,-0.2652597744172728,0.44114800853792724,-1.1613007797546686,-0.2533422541918249,-1.6859547331141453,-0.36781869184187455,1.8897788999159906,-0.9286472376597121,-1.5537206925578717,2.0653926408817593,-0.19821568661219097,0
0.5545537237066578,0.6281204775050606,-0.4442535599400464,-0.09782131981024327,1.4670251613501988,-0.34416764784469395,-1.1539583167034948,0.2724819035593346,-0.08603885907323572,-0.7525278165206533,0.9376842439353137,-1.164033205754058,-1.2651195545363136,1.374161976631669,-1.4115162063943927,-0.3929995705977753,-1.498598670543931,1.8600883455871908,-0.5210204019270477,1.4399680113642088,1.0182323532893065,0.8530286971258494,-2.0915191079083373,1.1654098909354116,-0.03168990333907612,-0.3212019117463795,0.361812764323655,1.462982615862763,-0.9527905755713407,1.1970436018537305,0.37138625981809886,-1.1664500633734123,1.4645527637168592,-0.12475490063530502,0.9260603909088259,-0.7416113227392397,1.4374981281345272,0.6886960221944568,-0.6950514819253321,0.04493616376052558,-0.678340069339566,1
-0.3390825011016662,-0.3430118160497384,1.4361413315056129,0.3803143495861492,0.8008388032771542,0.04470860281628516,-0.45680041308821595,0.2251267537426605,-0.41221902725758824,-1.2802936521270065,-1.3456952322265008,-0.6494484636454683,0.4904391073964487,0.44180221027056693,-1.1897457076775704,0.21436759791866025,0.7878335077056908,0.5961330001228226,1.5439710527021122,0.8484803310340597,0.08552813420596353,1.2677291097413879,-0.7328182065691086,0.6546252375658398,-0.47584020800062404,1.5588159854934014,-0.9129691046784286,-0.02579271786530649,0.5461918146409929,-0.14175000481447766,-1.0777882957008293,-0.6411868197707442,0.30310194478363484,-0.6571917746095884,1.4143263336870224,0.7756362747668453,-0.7985074678246631,-0.7038601128597533,-0.06820732710079372,-1.3716978514894498,0.41601942938185793,0
0.9746651347312986,1.5091446314015047,-0.5760403483814514,1.4614001236031808,-1.9508528587859915,0.23622793210158022,1.0939928811127133,-0.5066723285029764,-1.503906037048988,0.5095184520478082,0.5623893402235541,2.324772695914353,0.4418402508300147,-1.6366109771452921,0.43980679634593506,1.0929041699497217,-1.2038643570256287,-0.9496440763750953,0.396495256207876,0.21667395265189732,0.8896154627087146,1.0843687770517563,1.362859943902845,-1.5598128561303128,-0.13413142328192162,-0.27514189165698427,0.5140195733723021,0.6537329395300889,1.1373967591106355,0.7689205365985836,1.1021133261903973,0.6766278158451453,-0.48867301178448047,1.4282395986089969,-0.752830738339431,-0.03136234254798887,-0.8236623065209722,0.6872531279120643,-0.38314128786436125,0.3476475706886216,-0.8892413689217463,0
1.0763959515802068,0.9711795337012065,-0.5644624223907987,1.7485668497132025,-1.74675369339589,0.814930721723744,0.896886193705064,-0.48273712176058314,-1.4512092986581429,0.9124348258202886,0.3742997449066539,1.5784483646047667,1.0527571199309549,-0.7518505855313952,-0.049446918299276034,0.8529678531210596,-1.2929109327632213,-0.4324958593382912,0.24333628183052622,0.542899933840205,0.16072563472363188,0.2492562081549028,0.7088356291336042,-1.1147412325303094,0.13082957299085407,0.039139149275108996,-0.27006603722235323,1.3595547286783536,1.246442807909841,0.7614938669501535,1.2854681006871669,0.5667693205218404,-0.34889102030463554,1.6641170528945868,-1.3200162519005327,1.1298210793752896,1.6685596567157952,-0.581605739132939,0.26689636242314707,0.41020236101786767,-1.1719236235940331,0
-0.6160538422878857,1.1364276317997413,-1.0666961238376178,2.0172229708668277,-0.27990973431925414,0.9501429827258723,1.0058635006333065,-0.7104746169328656,0.7013869263235358,0.34375049684964293,-0.7863064327247912,1.4257997680413992,0.8117307246909139,-1.1975048159420028,-0.041943766414273144,0.7646182382698764,-0.6154218869736413,-0.4082053169298734,0.1258221548514219,1.4526905572117181,0.4768954565309559,0.3020049403255511,0.9236544358653924,-1.9713343944832482,1.3910617530025242,1.319178827712169,-0.6539608256746477,-0.109402374983432,0.9428953767274604,1.1501821152805205,1.7744080521566983,0.5579540024063491,-0.4587362684765647,1.523324996822497,-0.7842237551963114,0.41332852808447246,1.1828349130489406,0.7387835700857773,-1.3535577972997999,1.5380288288958972,-1.1313386708674054,0
-1.9688856394340621,-0.9837823855746483,-1.0686300355870333,-1.604179872699102,1.0961910551020881,0.7157369297246954,0.23716166570010838,2.227074576865801,0.992991529138282,-0.7188847002876585,0.8465957477664824,-1.9553871696074985,-0.835830585988772,-0.5973471294179532,0.06223883651600646,-0.658943169685765,0.9991496228953595,1.3232297972955511,-0.6831341684094394,-0.5449666637095523,-1.1870257409865677,-1.033973129767624,0.6369177017661475,0.0593445528400571,1.450975287864174,-0.9587527913958889,-1.4949181323966108,-0.9851545911113225,-1.0831852326246107,-0.43093382563696775,-1.4223357154998473,1.0962804401232593,-1.476998341022342,1.1301525914926855,-0.7521439621612095,0.5397757640087764,-0.08437179653269933,-0.6048650253634473,-0.13022279374684503,0.38044339279614237,0.39747004398169955,0
-0.4298453388002612,-1.157049503771478,0.2975942422246207,0.8852547720402414,1.3865373172879614,0.35655710803052754,0.8933487873105279,-0.13644670945496365,-0.8665234627388222,0.6644115821909358,-0.7973182808704004,-0.15749227565381535,-1.1010553030428365,-0.21404123805533481,-0.6177031174913556,1.2732131091945231,-1.6570570130619298,-0.6233620896134274,0.5132662067855746,-0.8337696102835359,1.0385893138011173,-0.563410467858531,-1.6759129725809208,-0.776745223999332,-1.0448935110131294,0.9439872667460536,1.0521034267143343,-0.9292382682292784,1.1218918983141997,0.40473095426477673,-1.1614736240739407,-0.7502833384714674,1.3301931783166654,-0.8544841785561241,0.5744297952022486,-0.01363967620354241,1.7975150535781101,-0.18293806292789322,0.9712652762337307,-1.2636448341251516,-0.029109060531109877,0
1.5696435313445851,0.8785141473453716,1.245714342941109,0.3499188411814336,-0.10136299232373987,-1.779860702691005,0.06024922752555437,-2.0341930432907542,1.7488659613405697,-1.0244910642494482,0.47893195989661574,0.14279275441226816,1.2067862965203073,1.773332114176095,0.2889577369322492,-0.9478056806969745,0.4380610855009843,1.4117843838124686,0.8130983141779031,-1.0334934122410524,-0.007502522038266934,1.6395860279101553,-1.7307539859343528,0.7325009142015301,-0.09341201506815189,-0.944868678723429,0.8909821577260892,-0.6900844009483915,-0.04296023454795593,1.6604223011274701,-0.016064375696739717,0.3475341045837424,-0.4407085227339919,-0.1879374455030606,-0.6174289659660691,0.3481502140321407,-0.7938333402507947,-0.7772040186478567,-0.02072648468895172,-1.0356496937856343,0.12059494458493615,1
0.15746723511581157,0.25176001754341215,-0.49521201310087987,1.5405286638616096,-1.3298461625246156,0.00804309387405738,1.0672566434565698,-0.36011330248704904,-0.3272979782695244,0.6484565426111314,0.2553140063325158,2.2280849562548495,1.0339228471702282,-1.2959232373233192,0.45994729519696087,1.346516259334392,-1.8891149626914858,-1.364828571215086,0.25150225347134303,0.07842570823556784,0.5291069020944249,1.2400116768479803,0.7469218089746091,-1.649740805391247,0.030563565927692313,0.6458754068541238,0.8559019435069691,0.5439493432121744,0.0534701104445525,1.7558421999198022,0.5350166184111821,1.1222857877377268,-0.4306061037335246,1.6877567242652192,-1.2819361510386698,0.9003588399806267,-0.8214297450903968,0.1491775036381531,1.149327085040303,1.0519513320828895,-1.7914128966164284,0
-1.2234306831657662,-0.2524461114879332,-0.46614320328631115,-1.7976081104261774,1.2492852610737837,-0.05977265473173886,-0.24939390336442613,2.0894671260557027,0.320796743933058,-1.4000967592228175,0.9694390261420648,-0.8933946783192658,0.07330153771178324,0.048758354052401934,-0.2753282019738704,-0.0839293599976893,-0.341700686748322,1.688115911874739,0.16237761001760004,-1.1641526514051677,-1.6865057064292144,-0.8899139017632861,0.9089679925538696,0.5947466719731891,0.508985556418194,-0.3001724825856566,-1.4149269083630787,-1.307740664452018,-0.5550813500547735,-0.013121564580086396,-1.6059480177580656,0.8969900357680619,-1.35892166586251,1.5811764568514297,-0.3916382584375437,0.12364708991914398,0.5710404755315169,0.1473957939141095,0.04970349313467493,-0.01310441513568735,0.20027571195856037,0
-0.27458261644585735,1.5602503843948283,-1.1862692016907075,-0.15070510315125896,0.09216317192017438,-1.5485821844270922,-0.6478718078915358,1.357723391021214,0.6574951972723062,0.5096202765335109,1.2502983169307038,-1.5261022775906923,0.3788145300550826,-0.064870570736151,-0.44060095796435456,-1.1783799252955356,0.398841872979368,0.05196910198201976,-1.8876801458774561,1.9563424765858024,0.1808395719059431,-0.8310330080468257,-1.227403027949394,0.09469342929426271,0.7194293848442269,-1.4874163000121416,-0.7339022859033042,1.0844954412248762,0.29987495593960867,0.08727636028616614,2.039297209210107,1.3229420288739981,-0.21825389650133167,-0.2659229697461781,-1.5931901933681791,-0.9039072168136723,1.5025093133829304,1.1083718611494453,0.4034803603907503,0.9982479433988669,-0.7638223195096681,1
1.4497398721673125,-1.213463470077028,0.14008946020944793,0.855660257898097,-0.26975639706514104,1.2752090614001907,0.7325150686680314,-1.5971502550350842,-0.43309147174480395,1.4091264922654123,0.02319392785898182,0.6320392992160725,-1.2833835938281069,0.6344465660607366,0.26561736176528883,0.8847197314472193,-1.376720929350267,-0.16971907429948668,0.9494092895120887,-2.0512774242562304,0.6874489175230201,-0.7467874943309489,-0.5376126350335577,-1.245508700747422,-0.6422118940844234,-0.09236217299577029,1.6735431628721456,-0.4699798315967213,0.746405742296199,1.000629427627733,0.1617431751834631,-0.5512259388322283,0.3556657059265956,-1.0604039990336425,0.7764019044057886,1.2113358305926223,-0.10263340317223518,-0.8643296281626347,-0.6130596240315808,-0.7408017697280691,1.1500367715704007,0
-2.7914319587368968,-0.6884948762155745,0.2122902171162613,-1.5409755400590102,1.764025489289505,-0.6017425108437179,1.3381321359804155,1.7224141940006565,0.20275275102377918,-1.2934084531987258,0.6861654878044985,-2.0433605413552,-1.0961086116299725,-1.485988505620773,-0.12267077962524904,-1.7071943077899434,-0.9912438474164654,0.8901960017181395,-1.275735667644394,-0.05418937273222016,-0.11881700311366936,-0.3770639500149345,0.5053807947785004,0.708052013184803,1.3019159802940863,-1.4590449276114534,0.4708614532746164,-2.3399683139114242,-1.4357016813814611,0.19891904365131893,-1.833747257631574,1.0026357145854647,-1.3091020345562336,0.9207762460330448,-0.8665337159446971,0.1868258909762138,0.1421812506994309,-1.4094824644101798,-1.0216451966914086,0.5584921681604994,-0.16759390729601625,0
0.9137699130247209,1.2762620762645058,0.8898626913337636,-0.49783773717222335,-0.5504782602707748,-0.20317313196746403,-0.9185417883592432,-0.6815042900600496,0.25997596473362067,-0.7398562162058167,0.8501012393029443,-0.10752223019484766,-0.6906285237393668,0.05161349353815493,-0.8334428511271347,-1.3241571908381828,-1.1436956557381446,0.543506067959148,-0.9643581359968562,0.8948115952344875,1.8092706653493311,1.0637549489833018,-0.37120082915784897,0.7929987552958834,-0.21606365530789945,-1.7458470307277072,1.1742200632384052,-0.02174307146374874,-1.1242578202439517,1.0241237391740132,0.510036241388356,-0.8648231454169535,0.4556933427906293,-0.7718086881970899,1.1236117770042626,-1.5486394241800805,0.33681110900851013,1.6016229918897258,0.15849921019253424,-0.9815902923487165,1.6428309674233634,1
0.27974093343438905,-0.7242194307005714,-0.07004395911936438,-0.14078642087406568,0.645330790887181,0.10629723399983808,-1.4393102180685036,-0.7498590650829194,-0.13762423674292684,1.2480144624114224,-1.5743810071144686,0.9533451678931621,-0.20112205029239638,0.7033301640989065,0.3616279985234149,-1.3479836983357056,1.2489316379545317,-0.5898019737453782,-0.615640588039616,-0.45998928584877286,-1.7627759553105746,-0.5013039053092098,-0.5441427590294172,0.27960029961650873,0.3693408226874647,0.9775962828017021,0.06368181419410518,-0.668572812512031,1.7810399200432343,-1.2885674823543545,-0.04851621024343552,-1.211550995457182,2.023560464327028,0.037867879402720656,0.11702523745275417,-1.0164745097306218,2.0619395955780204,-0.7504802322035768,0.19009683052393234,0.47632073544711656,0.6825089315832629,0
-0.3795017458052388,1.5873494713655023,-0.10590967424242233,-0.9464063793908314,-1.2069072845426883,-1.7246568843576775,-0.8376379094151671,1.8242575258605527,-0.29864824651504435,0.714959267318804,0.9779298674061764,-0.6173219832412973,0.4845029337381182,0.38080520856646843,0.04132158415294294,-1.2894837040358544,0.7363283432131509,-1.6937913735126227,-2.0678582922503432,1.1527677711132776,0.27322440694639144,-0.9374741198027922,-0.28633814556407783,0.041095075129304874,-0.36470587300612267,-1.2594459223462036,-0.39058706360289047,1.6979743749604779,0.5709156987315548,-1.5260558232266446,1.5217159599264563,0.30857535337685216,0.07679300818398847,-0.8615826101117364,-1.6071068135419204,-1.3346667058330222,-0.12635101161680254,0.2692052823616572,0.7667107171915974,0.005804685389882875,0.8098535800222252,1
-0.36120682311299074,-0.9112316282330533,-1.5886555402505427,-0.7853180055726118,2.430575898423376,-0.6637918757017723,0.2096298132071436,1.0162515523230755,1.262991139583646,0.9041504997487891,0.0832098080603201,0.7303489635548759,-2.42934683347243,2.3385161345807166,1.7449201679317885,0.3202877930002786,0.5247196271703809,-0.25670690060996004,0.7160187780571502,-3.0485063235465266,-0.8246408923716568,-0.08672221337369804,-0.707829713486575,-1.430729570892521,0.7343712817164588,1.7064773132305717,1.403325019317017,-1.0278057340139046,0.4555153626002832,0.07127241898813817,-1.0795014317213265,-1.2341811872513808,0.297420127903132,-0.8559406930813924,0.8997397296626265,-0.22130370626633147,-1.6770607770175243,-2.1549048502794177,-1.6683267580614574,1.4404819607979285,2.057814113428808,0
2.041016712149059,1.352267108618546,0.8933838512926567,0.71570368221593,0.40590573640721783,-1.431376399588426,0.8987456326007571,-1.0967242024898172,-0.39909370171090885,-0.6889506249883303,0.5920035386713913,0.16782586057401633,0.837816583142505,1.2789179650966516,-0.24152084200605345,-0.2723649372693214,-0.18405782469220666,1.6607116804561166,1.7767278393312558,-1.3927303277136573,-0.4984221510154761,1.6409147464991687,-0.7277527145195185,0.4826048217002115,-0.6412201687434559,-0.8666421476355531,1.2618233826300858,-0.6629542165293867,1.2199501549190614,0.9891214441941397,-0.7403148725221306,0.2590083604677047,-0.44053417578232834,-0.345644607450961,-0.3879257396757572,0.8108426725175385,-0.4989509917868706,0.5010119571130423,-1.3190391401239545,-1.0427819492373709,-0.5579396712367973,1
0.037616917304913594,0.11149197919133037,-1.9495519071020742,0.38238995497362455,-1.5918716031891675,1.044983700527546,-1.609885052200699,-1.0814005460497882,0.8281708212053072,0.6799645577136495,-0.1047508798325588,0.8701134277529736,-0.9057135257614538,0.9839312103542404,0.21035169567580528,-0.43451206583827967,0.2133802438276289,0.15091846449288268,-1.1923813042862041,0.6393546230667613,0.6377646273130422,-0.7728402988407053,0.8094710196970704,-2.4489126409586617,1.5818303859318645,0.08531026130629954,-0.3460756699491234,1.1415295076894032,-1.0115985344388103,1.2374312269504026,2.61913278887023,-0.34316698382114064,0.025636868537711934,0.6725162483027225,0.13772455391993638,-0.6231741926961991,-0.044075957968836545,-1.7203994238182834,0.17362782667094867,1.360507044246662,-0.058672183708843285,1
-2.8578329259564375,-2.0787297781122036,0.001995592621330153,-1.5227800634464417,1.2187608331994326,0.8414213244340172,1.5680267953670364,1.3693910524388737,-0.15089221589168253,-1.0429469913873384,-0.16552425280908425,-0.7973467537459838,-1.1010523231025036,-1.9436357348125344,-0.21346262987614095,-1.209128950559752,-0.37106624859461,0.18184524163084,-0.8816764343588765,0.0951681718153655,0.3859233152761928,-0.0756892630824242,0.368877863184578,0.4167276236221085,0.7601242066344658,-0.8035504934633583,-0.4010525426131758,-0.5733233558800963,-1.6599635152137602,-1.0976007497351021,-2.082858840998705,0.6004571704893193,-0.9818476826472045,0.45936259243121846,-1.2505363520366195,-0.24425866204162508,1.537418451718052,2.329545122985142,-0.9325022559676764,1.1335786599123414,-0.18161969450205548,0
0.041480563813521845,0.37918663602807023,-1.8057097351865437,-0.7034145602791156,-1.1155696436353277,1.8431718096465706,0.6376572779780124,-0.41156644401779624,-2.3772718327005466,-0.43696421261915647,0.8186646298769331,-0.28627653040652373,0.31032340297077876,-0.0889053876943267,1.37202458140769,0.6538655605767671,1.5566738892877174,0.22661079950220153,0.24526729575716819,-0.6833802605152339,0.26435325093652995,-2.3291775524340057,0.7956593040586929,0.6667846787880809,0.2541507390324092,-0.7539594648865678,-1.8692717598955366,1.9858674330371489,-1.1877361305169734,-1.3815996466978575,1.5177455431703837,1.1275709591787206,-1.3823170150784077,0.838673777295848,-1.470170266198929,0.17681605192789737,-1.0859177883040325,0.27224809968757907,-0.8105569047123709,0.8816960079779784,-0.26930865178144286,1
-2.580919145222416,-0.3150771745365252,-2.4576723841520147,-1.672130070469716,2.1273993892320266,-1.0293929606805208,0.03476829221822101,2.240494628406206,-0.16521887513461672,0.7754934409744517,1.3376153969337372,-3.1559478087889095,-0.8190067535150971,1.8890511209952305,1.0728590744442514,-0.4683011137291096,0.6146883733423627,1.4300611528865823,-1.516351695900355,-0.5001374930487064,-1.320295366635709,-2.242462327021059,0.27923066733717095,-0.13427977406872688,2.154948745488754,0.6135039022147438,-1.1817361349492836,-0.9568958124687551,-1.9352480608649583,-0.07500612915478702,-1.8380261502726565,0.9194544688153018,-0.8643739631969701,1.1923918211088584,-0.2882341834561639,-0.7159971134718403,-1.5206056468166165,-1.657387348725501,0.18655510529844496,0.25967573356366513,-0.7055985806980812,0
0.3796362657981896,0.5536716538339509,1.2397140600985408,0.7666572697586614,-0.5052282468182007,-1.5893274678803313,1.527930321572828,-1.053427501119453,1.1558631135949626,-1.093790819347494,-0.0929228745256554,0.6507573855619644,0.5014870527995122,-0.8653694808996774,0.20862953453351138,-0.24914645416920825,0.5081786162015679,0.05074500023215902,0.4523397934477159,-0.34565293947203657,0.7123428656469336,1.500931466611457,-1.5434457484134274,0.5998629977555048,-0.9702095340595753,-1.0523406812825082,0.1780887445289863,-0.26013399942464316,1.4946355676208931,-0.404388996488756,-0.5048496612504185,0.020496479881231867,-0.2868645843787159,0.5355778996015268,-1.4093856786823413,0.15871499995290833,-0.10578204862726587,0.08929189987960953,-0.5649635324561616,-1.45589113562552,0.2845711811887232,1
0.51451981633361,0.6312331296769266,-0.34872099191379385,0.5326694952308291,0.29703250851314045,0.875943334882747,-0.6063589402619924,0.07690329968792309,-0.46907242285673245,-0.22730244014771914,0.8454450636704196,-0.3747540542301752,-0.38878855436955934,0.45469960574757423,-0.9762386213324371,0.2462197005610167,-0.9179063821572938,1.3439127389689136,-0.4683742803114511,1.3436241881793762,1.5906729329332585,1.053503866093687,-1.4815896376521422,0.10842385962533549,0.5217998438263103,-0.3287460742371543,-0.5807986797641833,1.5109035938299284,-1.1209082488757236,1.569493732309806,0.17271959376311907,-0.5185438369634178,0.5433519947291647,0.4509669167853824,0.7031048725158453,-0.9038681007268439,-0.34144916986034446,1.323550774021218,-1.2324940918901999,-0.7481816253912935,0.27946406517953826,1
0.11069893928230247,-1.0850577943896431,0.9926503568383069,0.7386866871076267,-0.0720730292759133,-0.3436878429442152,0.6915849149577978,-1.6495693758529844,0.8723589987593688,0.06263408797921467,-0.6252198247595174,0.6341887353664931,-0.3269317839395633,-0.0643127766429417,-0.1920239516019802,0.9392306810146916,-1.5995938545209907,-0.6859681284204705,0.3108278505860324,-0.7776993669928342,1.3273129460891406,-0.3838906626867587,-1.511386137061388,-0.5159161092957638,-1.5861618789451282,0.5154001679343819,0.826666243521865,-0.4899084219928013,0.5924085597331187,0.5230133322589854,-0.16435444922774547,-0.8269082954203084,0.9655888101484659,-0.35433523987337234,0.20196687566553884,-0.023129683191673394,-0.3217444223979241,-1.021630307154439,0.1546049854576717,-1.431863668143169,0.7219752397533933,0
1.7042071522656888,0.7421470908409917,0.5967724098292033,-0.32099444704851227,-0.14206905673390433,2.434076630904731,-1.1901598477440778,-0.42825714185311947,0.3493923061926128,-1.2223591324663274,0.24747924856983178,0.1139705449530486,0.12528817745325652,-0.10161172281140038,-1.7845782466552982,0.5976702035830134,-1.1508995998795553,0.9944325840259162,1.0846336111865176,-0.2628092363529652,1.4299898133547229,1.215431582817106,-0.029807948432032782,1.0903985218981078,-1.9718611081764739,-1.1955726215031217,0.2515072019405861,0.7958292460101992,-0.8565177765285991,0.6694416532459722,-0.945314197824222,-0.6755815762456434,0.33342624462310105,-0.9827769438345726,1.366338757667747,-1.4148185122191184,-0.486192904647089,0.3568206979268661,1.1604115691307002,-1.557496729632473,-0.15169240156334732,1
-0.8874651345854773,-0.6071747229496164,-0.4983244462669453,-0.24356780487218693,1.7434757233723728,0.5505705688652364,-1.0785386778822297,-0.5513940626433339,-0.661531122500054,1.3313828053200176,-1.7423881634304181,0.23694052409047262,-0.3982218419023558,0.7889091640873377,0.5077912979927109,-0.9298906412356576,0.18848730586566864,-1.522093245194601,-0.7860353587389312,-0.6621489174252891,-0.5117451689224779,-0.2330147514321723,-0.6303982488199018,-0.12884421157828438,0.6964203440897399,1.4331441238801061,1.6732094659107146,-1.316689859257308,-0.1554283647254542,-0.22715181142072427,-0.74975947536179,-0.8315167149470793,2.0165923535747057,-0.9775188736168312,0.41771384244247173,-1.4024138069825196,-0.7875641339494612,0.3769631904772628,-2.523334999312336,0.8805941692754253,-0.7964751682885893,0
0.6704762243801431,0.44658574910894094,0.700160736422182,-0.9498235621222867,1.4625381205683592,-1.339535573804065,0.2611975268039916,1.0012415025399155,-0.8820192681816938,0.4352440722911605,0.8491345463808164,-1.7992117509871994,0.9251482899891027,1.8117870051953633,0.4836876320836514,-1.3163644041645215,0.019054508472937617,0.9046323358564423,1.4703734080230237,-1.7510531272502057,-2.266078562587275,0.08180215445690898,0.038720753645066976,1.3704964922981708,0.22071556630654648,-0.17936780223776003,1.3325893673017635,-1.782579633504352,0.19426303116096014,1.0027335252958995,-1.4458012630538928,2.2106663767302166,-0.9155068937950847,-1.5675509334734141,0.13847200281892236,1.4095761240775968,-1.5242525254892434,1.9043795329518722,-0.5582870796500633,-0.2942007763840634,-0.3331754227989347,1
-1.0241451465787703,-1.696539505425977,0.7908149696358485,1.1024617420111664,0.007682033863479405,-0.05279715232195977,1.0261339239853344,0.5524935129260585,-0.3678154391551838,1.1141020258708492,-1.198449263078724,-0.838685696153363,-0.2400329584792221,-0.2504558393582179,-0.6133861815892473,1.0808137588697837,-1.0624336813627382,-1.8193285482947128,-0.5952980815245461,-0.582201790307886,0.6301736986932468,-1.2700908933819726,-0.888801818179919,-1.4519822637601427,-0.5171340271459731,0.2714525047633699,1.0595856833123904,-0.8331825384987368,0.7912094065238728,-0.2257916834310235,-0.5810234519083869,-1.1246035530677922,0.5764083310144708,-1.2391373964465462,-0.5474972731692015,1.0527680352777142,1.592012996425842,-1.3531288568497315,-1.2470658765948737,-1.2700689511548948,-0.2775420305789864,0
-0.20220369013004164,-0.15276127114776514,-0.528540731784601,-1.5150298299068394,-0.7360416129541892,-0.9460505188107234,1.5360331856730913,1.0639636881284156,1.4627115083615356,-1.3177209212487493,1.7969946905903496,0.6725593852302836,-1.1406203675358972,-1.110048870626974,1.198549969165463,0.6656486340019732,-0.08520017659199372,0.26216638903950745,0.8410204371954504,-1.0713622445022888,0.5709681821921241,0.31036326955931665,1.217954613799676,-0.20383961725976008,-0.8562326479241803,-1.141217423911976,-0.2361912084224285,1.1699603987703846,-1.0707897797599197,-0.7247202950215217,0.18592038273959888,1.3087990887870478,-1.6368217828282208,0.45334310344882406,-0.7195913413407834,0.7623246956130921,-0.006774529692234387,-0.9481877265557282,0.3282119208469094,1.1390276178835521,0.39233172940042194,1
0.040277378824227036,-0.8471952735036248,-0.9707514654811101,-0.5049183213893098,1.4215806312539032,1.3340236085448722,-1.458041190642672,-0.42351052243218895,0.050000400153394915,0.7365160933862116,-0.8754149288754226,1.4534149928260331,-0.8673700093378542,1.0115344598842544,1.0285050661588249,-0.3724927936318676,0.20723125034359585,-1.3524787764975448,-0.13810283431824938,-1.6502682311733001,0.06927022756118889,0.4672919283381242,-1.7380227804410497,-0.5490303003845056,0.36827172648112844,1.0812094462299924,1.1971863962161406,-0.5211059642573758,-0.12848028370020942,0.8564097179752407,0.2167397309835858,-0.631264212540132,1.327919441066005,-0.644633106897169,0.1373839904543188,-1.0487721396664387,0.8385582548475572,-0.9374499841884234,-0.9889520910647984,1.6820402401851946,1.170645459102072,0
-0.5599043792143137,-0.49848357569867624,-1.2939501908844806,0.49354059949079093,-0.9631263706018378,0.8666350698996224,0.012242504103690844,-0.9494552933190744,0.6252817231218313,0.3733297203289538,0.09027369627661777,0.18098893120639772,-0.7153893587637409,1.1320464171701037,0.6374721826254584,0.2982784507759562,0.4058852277844588,0.7835940040943957,-0.5546056519888186,0.4106749989713059,0.7681785796355529,-0.3137754138900299,0.8576816500098323,-1.777516386710246,1.6577269852646048,0.8091941979945412,-0.7463928755184344,1.3011986106745974,-1.865998360644323,0.7160632553591547,0.7831871435544073,-0.6127514813744223,-0.449508575232379,1.0250661795690907,0.40510408357733935,0.08673011408666466,-0.648194582423509,1.982429743387328,-0.7545527912651658,0.3379439288823054,-0.27631039078768105,1
0.012696777433810822,1.5934232052522206,-1.6821233251460859,2.165222501788986,-1.246222842636344,1.9741365757320917,1.7893926292024245,-1.144636063292988,0.4254812875092974,0.30717492552575165,0.0931295851259288,1.88893934479653,0.03806335215171942,-2.083976587188023,0.5013560352459682,1.1693315156187656,-1.106452029309644,-0.7510897024562467,-0.11442374744499591,1.0307921357206833,1.3515466244920094,0.539540245541524,1.188543979310054,-1.8463272761017597,1.112291017680788,-0.06654351464300816,0.03669470563298322,0.6255090189663345,0.493263928764457,1.002364028440726,1.9539455791906875,0.37634367333042534,-0.6687202445432371,2.039914784417466,-1.1925495962053663,0.44082012711258506,0.20494822520232897,-1.0397265425143354,-2.1948605599838906,1.5002271905410212,-1.1988631197408868,0
-2.2786450817133876,-1.114919249314457,-1.5851887942041862,-1.8485590820446944,0.2453623821338364,0.05295512402803257,0.18039508472278298,1.8249255432242877,1.2915492341956993,-0.27731403629146545,0.39035692438543307,-1.1765211988985758,-2.2557469782450057,-1.1533998480770395,0.7834356689483662,-0.8214615259134331,1.6916431787386967,-0.22611832901940793,-0.1861496439873588,-0.2985939026966714,-0.033846470084265674,-0.4275322426398526,0.950260349211347,-0.8682601540693675,0.7786479863345507,-0.5022478273751793,-0.5991249142266973,0.3802244508653211,-0.9213318158678321,-1.4339068496301361,-0.5858131696514388,1.8787021173331615,-0.9838343083822207,0.0030812809330419983,-0.4686560289653083,0.23577916392361778,0.13085540685536742,0.5593058295048321,0.6371866614898762,0.48408497518904786,-0.5229133905933798,0
-1.0350476016003582,1.8758553393780117,-3.2323820528306464,-0.1532024817372581,0.3466692895817268,0.7613254844097577,1.5578453813027513,-0.0964331198974436,-1.5665845805922476,-1.2246231995248582,1.9336676777182378,-0.31584187123790475,-1.3175896333699757,-0.6948245878216581,2.2783732641481014,1.6319321623741425,0.20345974006609757,0.8944837927535851,0.015448984918293456,-0.3309960330629788,1.580897089408944,-1.1765610808066718,0.7511070144182007,-0.23945442092978395,1.2524095949341056,-0.4729190076463305,-1.0691820986471552,0.3596758697509528,-2.036251551007322,0.5189670815431077,1.4251628986858094,1.3023314251603266,-1.6720563221758546,2.236604617433616,-0.6138395951940145,-0.34128331305524734,1.521243217615242,0.0910070513700879,-1.0619452818816728,0.9823346243751906,-0.8095893685486062,1
2.0486518070506974,1.7480634647778746,0.28678495814577476,-0.06911333460350273,-0.9795292704327863,0.5158094677372805,-1.2042320493715037,-1.5828256190517611,1.4266766086898803,-0.6738896911387028,0.7775878474101703,1.5061228308389196,-0.2639069575215403,0.4803591441129491,-0.4189062966394854,-0.3079049109848634,-1.1663768544221156,0.4201401338149614,0.39947239956084823,-0.15675496095326277,1.6847993149338427,1.553713020236496,-0.4273179150856126,0.38650690166562174,-1.3005997698476677,-0.952342387674292,0.9132570771625417,1.1478305728990328,-0.3085568543595526,1.2128350085219755,0.7273544082218613,-0.5398390946038505,0.8499936460562768,0.05892993699155477,0.8570907487047371,-1.6408811799232557,-1.1862724146095667,1.0131859301108845,-0.05876679891249932,-0.9224942157232097,1.06399005442489,1
-0.8818128908636574,-0.5884351895015404,-0.3292660881392315,0.5412660170044375,0.7387282291236289,2.1728326942507574,0.31221760012551425,0.3916391026118939,-0.4732465996917935,1.134782639852357,-1.3730670991691722,0.06110822580666148,-0.285816029913242,0.3915920776433161,-0.04024248458949847,0.06025175512436654,-0.16419117417080828,-0.7730617557045741,-0.05033073738904878,-0.9849096105082437,0.18356609211161024,-1.1093946145993543,-0.052816580597484564,-1.0306246917679072,0.6674553474682571,1.1198419551523893,-0.12693383441570433,-0.7711354510931904,0.7125749290268488,-0.43436221369418365,-0.9929384828860334,-0.8015022508062251,0.5798531457759414,0.1137534489505047,-0.12955022799357596,-0.5304151808079742,1.5869170516249749,-0.7334291491721715,-0.7920284494749562,-0.8536577134761735,0.7796485210415882,0
0.6676294403908904,-0.9385857953961745,1.9901178727153936,0.7505032222968127,-0.9500769393794843,1.0413197063454722,-0.5274949313671103,-0.241222224044198,0.5443170095120049,-1.4557643095726667,-1.5617476554317042,-0.1930122572002088,1.309542900837989,-0.8274874866817767,-1.9142216821539357,1.0314195658142546,1.0146104285762105,0.05667237461377577,1.0434738650979163,1.2243159969254775,-0.2772958605644697,0.853181732079856,0.2896824900525557,0.8579012326776869,-1.4853282818497546,0.10671549125947144,-1.3334939785885467,0.5682459561704342,0.6808091768129739,-1.1007619622508915,-0.2634613947197926,-1.6614694212135883,-0.23684848922234605,-0.8894468619898525,0.8372987489593302,1.265934221818605,-0.15679338042832502,0.4402485245477324,-1.1842906664258972,-1.1074854961899696,0.030437620739681592,0
-1.0417289188092638,-1.5829349335786282,-1.289388271541445,0.4288625702687509,-0.10109270692530797,0.526989458339822,-0.5156098662978326,-0.6441527685750209,1.6289644273146973,1.3333505405259836,-0.8842584726863066,-0.8520810308080065,-1.9417436337756058,0.3972026090914435,0.27211834711781824,-0.6366749378898274,0.5612454940262194,0.5892912865509594,-1.0659084929317504,0.4162830255449316,-0.4312227738349083,-0.8371114342801758,0.3527231006580831,-1.1480940717607937,1.4825482173681241,0.7634339246039146,-0.06696676099035288,0.08170082074430081,-0.4467483059337681,-0.5873125915723229,-0.4626418917714723,-0.6601772331075662,1.1981145114404586,1.1044723480804253,0.6333240146080533,0.35722823288622707,1.1201609032426088,-0.38832018799004775,-0.6937711918912791,-0.5628931291049581,-1.2923399775859796,1
-0.21581152911798465,-1.3921530086113754,-0.023125644090164044,0.03708294334811947,1.3570989478209547,1.5769045770778303,-1.2479892120294032,-0.2828208621220632,0.33000428551383976,1.0926545219736252,-1.658347023744166,0.19210556038353907,-0.06016421884659507,0.48277031319401026,-0.3703962096903223,0.08562034333381699,-0.14265673106361001,-1.4769799725155546,-0.3892460353985209,-0.6239965428797207,0.007892819632906934,-0.2992267394645198,-2.0334390903533093,0.643346945138918,-0.5463304341504751,1.0904389265156216,0.6366762252106762,-0.27491212168889495,0.30965167366805857,-0.3342472456678382,-0.9142120681302296,-1.0283013836186505,2.315831311098737,-1.144462254516096,0.055591212877819415,-1.0524136005562386,1.1574169728275838,1.1590720974855002,0.9502684842463724,-0.15027616307379071,-0.40478795568949477,0
0.7250956768786164,-0.39759789677076696,0.8592536587516614,0.5402060011747934,0.6532842866606478,0.5661535620061771,-0.7381485804556167,0.3816096013003559,0.34043724003891807,-0.9179113783641912,-1.0644862750343778,0.8335261355946094,0.7470887307290097,0.5656615348395715,-1.9809348326447482,-0.7445572483644504,-0.5654975391051863,0.7396389229074134,1.0651019227760128,0.46095374876764705,0.12840761120260874,1.6789240844081963,-1.670824746903905,-0.8988998228163415,-0.6759359625919328,0.12588762804241965,-0.30150040829582925,1.068438480165513,1.2246343735732867,1.0069715224007794,0.26287807179292483,-0.5636798712042418,0.6209559183536935,-1.3060917276837405,-0.6187784006128185,0.11349833949325784,-0.5222684602364404,-1.9659417833016208,0.5349919015078933,0.29161659463230494,0.5686247653676442,0
0.2913802021684961,1.0281580613124917,-0.7126807590426607,1.3880586838984583,-0.6401536127478491,0.8696395194768642,0.9300887954630768,0.41286981615900165,-0.9927942699335931,0.7395997442508335,0.08670585519027535,2.2380717891799082,1.6201868940299458,-1.4766873770420363,-0.49909901322125827,1.0038173644512711,-1.8595278784993439,-1.4292166581630874,0.3403317889760947,0.7114147615776063,0.7716799008811986,1.7513614739665617,0.8637819380159734,-1.4630117210228006,-0.09963243889705681,0.5058673220126153,0.6441627633136213,1.3003312392447584,-0.02604214799204258,1.5011558981892852,0.28009094514932453,1.218522603509199,-0.26371903609073977,0.814771987796365,-1.475547693008703,-0.6302734155163933,1.2601746117282366,0.4554492807110672,-0.15670536607887695,1.687842417972204,-1.8796985552454293,0
-0.08416017808130302,0.4270290958861573,1.058087162291882,0.6502294784099025,0.01157501318938448,-1.6055944883027928,1.7338588458733666,-0.18633794136418724,0.04409781025574113,-0.9140681693468986,-0.3244468792173595,0.150811212446633,0.7400396265104223,-1.318207889685549,-0.32007131262734784,-0.12143029279690284,0.7649472872496494,0.15628318568464858,0.3653984402681857,-0.4116512229923443,0.41077374826236823,0.6965540064145,-1.148178037710927,-0.11910490703215783,-0.7708642813124225,-1.3114643597221194,-0.23751949269075157,-0.9695451604700512,2.0417423998250017,-0.6973496762137097,-0.5805667163227209,0.543863586176206,-0.5688429635288035,-0.13227595006510173,-1.6523499480038153,-0.3089197142786241,0.18245068607385775,0.3896641899697458,-0.5360711154617216,-1.3577883055286757,0.21075080423872375,1
-0.1109683134526674,-0.229096316205346,-1.2465801329268622,0.019527979613141025,1.1072361799524622,0.8891902317747649,-1.0093652765354115,0.25288350313899804,0.760252538724126,0.861029715571675,-1.2105901661799812,0.8038469381927356,-0.11866186430852124,1.270595230384758,0.3011244717965124,-0.8766806944431278,0.9441066987397384,-0.3731287874414678,-0.3584918248976623,-1.2151371397711257,-1.4695300928186181,-0.3504321093506909,-0.7490981478763412,-0.6071976498578365,0.7406472636380217,0.9004060212881776,-0.1052038573148986,-0.3027423365084234,1.2053362441106517,-0.6388975338051394,-0.2888815590450305,-0.9448914684766896,1.2380935081323539,0.6005540895193516,-0.8501522073534292,-0.9130390347496844,0.18267915655620937,0.4854826227151111,0.6388951610307237,0.6876227614284712,-0.10412802031022461,0
-0.5924349341378529,-1.6828432140330665,-0.07016342066706846,-1.090643068819603,0.536710586421872,1.5165148508350268,-0.9375305393081842,-0.8464876380423721,0.019986956502617535,-0.08806079467488173,-1.2930708626981047,0.6918564075157508,-0.5256111417113778,-0.5744369119108534,1.0557325034216098,-0.5864852352873152,1.4246200248198737,-1.1029890195511407,-0.012033347353183956,-1.807858787138354,-0.06020399018387943,0.02061138189328552,-1.0441828073472537,0.7938631129455476,-0.11700321761636091,0.05264095896082502,0.1979187408595794,-0.8559182750751164,-0.3897084668067084,-0.6018899152325793,-1.0032280073475002,0.362021764786496,0.3502241957841582,-0.1357524896941651,-0.359876022615841,-0.9041389843822082,0.44537073751439743,1.1022655015968692,-0.46408292775784743,-0.12616808585865943,0.3878980043561562,0
-2.1102820281074157,-1.7699499229067848,-0.9284946382342434,-1.4164594970185154,1.3104940390998394,1.0106885806829147,1.138300332024151,1.6224963613445125,-0.9749448225964827,-0.07730638154499954,1.3047893202311716,-2.7418998289290877,-0.8183764630960205,-0.1449451350981473,0.8578890087329517,-0.4463791464923694,-0.02937407745902344,1.679159220740147,-1.446656858825748,-0.8989383165380037,-0.614256521431312,-2.0702515526480085,0.13765439688329742,1.0348292929587606,1.9117993238395135,-1.0073065035999098,-1.2097217310630504,-1.4157430202001149,-2.338390340256403,0.17585608112358012,-2.123230886153015,0.7145073497662359,-1.5225061229743058,1.5442063280863576,-0.7070524132493583,0.7119941370725504,0.5899439236939468,0.35582256112488936,0.8565912867062865,0.07025290646847623,0.7127508495268102,0
0.10812164629437707,0.5352723128599243,0.5654288647960007,-0.31035970480631125,0.2925223076762099,0.3729525087316331,-0.8015114628467715,-0.7489427714866836,-1.6178198856456314,-0.9628271857530232,-0.00241594633939566,-0.9466802548844588,-1.7567517856679151,0.36489830737834755,-1.598132906134369,-1.6206275639558756,-1.1502529290383818,1.0359044607287022,-0.6954066180886139,1.36554168870017,2.138469143014917,1.438092056232918,-0.666623035024843,-0.2166477529010202,0.10472482965195835,-1.204831238179131,1.4563101474481406,0.8663145847819048,-1.5704388844066732,0.754846141814414,0.03705091113236591,-1.4119427159624003,1.3011667571774106,-1.625275724826634,1.360940031219857,-1.4491293742021354,0.9429779866820985,-0.6563351986850926,-1.2088697265364174,-0.8903539171234454,0.2152895710412169,1
-0.05254957530292433,-0.16058230749251273,-0.4421446102483806,0.03134460171378873,1.762828557094726,0.8049998624915641,-1.1778813425428694,-0.18400139262280024,-0.3863803725218062,1.0124781649829608,-1.2393752663937003,0.30222027096342163,-0.19276429284909694,1.1890961480398345,-0.16654458644205172,-0.8165203232713716,-0.11529269086773122,-0.4876676673445009,0.05152258137227958,-0.6300852241336028,-0.44844112615295334,-0.02949050367706244,-1.3005524254237768,-0.1959157589274932,0.4290225870224544,1.2794428965669282,0.7839504399597863,-0.9040027589268546,0.8026866553160531,0.4412836128169633,-0.34337959217839903,-0.3740338951028603,1.7703267208984452,-0.8617002747210625,0.44162139092497493,-1.1007400963606107,0.2705607819339491,-1.5470216433246364,0.6212123508922024,0.2810427318252226,0.11165418966251424,0
0.5132172188703047,1.087783758290497,0.4497705755990305,-1.0967509017216799,-1.4309893534058746,-1.8620887163566335,-0.8366742962604417,1.3893896583670489,0.5502267162293688,0.45694315397938434,0.9420274928180364,0.16647099495786444,1.0622886378687286,0.0017386486259702034,-0.06337273344019437,-1.073074058349262,0.32992244100543255,-1.7988409299621633,-1.6709674488571453,0.7090257936883814,-0.3397675580537104,-0.9758618636782271,-0.694560176231416,1.225791091132839,-1.868722167539194,-1.6098363835139768,-0.23359667007415336,1.780675867669036,1.2045153782800369,-1.809365002421286,1.655871841154667,0.38116288784848723,0.14779101357064994,-1.082709355265844,-2.054601892196598,-1.0924526754341448,0.3634517310836459,1.0207448765817881,0.45162908965088977,0.5152954164465867,0.5695860996917211,1
0.3277252609910745,0.2681694183215937,-0.5503718352175528,-0.7368635498987127,-1.6298106399478651,0.19654980813952044,1.0236615548957424,-0.36938583827681065,-1.2487423831572568,-0.4479120629872086,1.3650129567433722,0.27115769931719097,-0.30202345048957496,0.2927887020029223,2.0038500669602963,0.1319524399657838,0.982396619290397,0.17846015544898913,0.2560898331296363,-0.8029830842125804,0.43280354211295746,-0.901486031250514,0.7367329920145991,0.616579722107499,0.20403173944985215,-0.7288490381940382,-0.914483485491353,1.800886014597932,-1.1819778795450109,-0.8327286662644376,1.102402284832047,0.6930745348373528,-1.3372988528352658,0.9536562047823337,-0.9015512639659782,1.0718420783092149,-0.3561653886963733,-0.2625782459686684,-0.13055804410895946,0.42492850117592196,1.1801081364951669,1
-0.22912735433148482,-1.0919036346091635,-0.015910545294135537,0.6375521737644986,1.0627444324210358,0.14611102677678553,1.2094889098166965,-1.073037803296051,0.07560074330833413,0.7256956767725,-0.7895973137206487,0.5741324095615903,-1.3862599930716608,-0.1805605320270076,0.20636306739103094,0.994805286937309,-1.2924235194255769,-0.8117331946229848,0.4769434302407142,-1.4195905008984733,0.958445088236654,-0.5937842093221452,-0.9423240801060441,-0.9791015933476744,-0.8190654093800189,0.795916283267047,1.54001175056192,-0.846870843911038,0.8232385333478963,-0.05175601556315876,-0.6388287078395236,-0.9159404313143222,1.053356487614134,-0.8604074500123752,0.3120644903964747,-0.30971658703355875,0.410054935886492,1.401917468373776,1.914110102959327,-0.5286286816784346,0.092161622875272,0
0.10035366920191835,-0.1401071483240629,0.48745121153647597,-1.5958941653518937,-0.49382473417445166,-0.25612941467731354,0.4807933662312295,0.9159257268801948,-2.0114109007641305,-0.8612664759807539,1.3240904508810505,-0.49868321971580265,-0.5532319583211366,0.41673559424166423,1.1543663202888452,-0.863380859519441,0.5484899508758357,1.1239738775685613,0.63990917824155,-1.392465642623166,-0.8504169749446221,-0.21416898344619453,1.5895709269640874,0.4446642254216783,0.6183144667189819,-0.9400711503824726,-0.05406571889520721,-0.8475770326262975,-1.1420606837385319,0.041138460076971736,-0.2741827121691815,0.8738390548484796,-1.6630911171986174,0.4136518570108856,0.4914883214647683,1.5963847310960526,0.13060606776396674,-1.7174708226155229,-0.8180610524867811,0.12362278410440164,1.9385722885039571,0
0.6312432626593866,1.064053955378296,1.1434757643954805,-0.9984839280910005,-1.0419245339742922,-0.41719875602054046,-0.7547677957499516,-1.6536337341115508,-0.7612042425272714,-1.0179927502832977,0.2527562148427213,-0.9520796899563495,-1.1565802010364394,1.1600901199838363,-0.8491898186332046,-1.791317228572374,-1.3619841156018413,0.40188068488311124,0.17246309081506564,0.6179767921130529,1.8865016835190664,0.3801593975585177,0.2235451464525374,1.0654078486230423,-1.665173743776241,-0.9321446534326576,1.673389518193742,1.2677422414491482,-1.2717528629019859,-0.1458481667322524,0.5352808348772347,-0.46918172672432673,0.9766540533895985,-1.700282164764538,1.3520824508180904,-0.9710240868432046,0.8052084571273836,1.273538524421898,-0.4227722129358924,-1.6828152874241988,0.23847092277649254,1
-0.7985419350546216,-0.07413340488629064,0.14745186502647514,1.2315054985004563,-0.32570948692643525,-0.36864736967026424,1.3790681083980547,-0.3806865336811922,0.5044048191919014,0.6372808676486554,-0.3597101882058014,0.5284490632679081,-0.715165453290129,-0.25060109839069944,0.94521664819266,1.2555602913021509,-0.8987941989819468,-1.5407539518771527,-0.17586951643107507,-0.8176290851376806,1.0672462044475448,-0.4699771257688182,0.393656993105914,-2.055989513866252,0.5790368705707684,0.6555068303627237,1.4199995698555257,-1.271120428338966,0.20518205362479874,0.8783487915362854,0.5476238045958962,-0.6534451182646406,-0.40828950523600016,0.10550166175246711,0.1361660992912976,0.8775167055345492,-0.3741838500891675,-1.558671812812651,-0.7415818259757264,-0.46919895832439723,0.4350417189116687,0
0.05727742010388148,0.9212511964812706,-0.7285578838960923,-0.4917657861536256,-0.6012756508869531,-0.8024739861686248,-1.4685458604706503,1.8398050951897422,-0.4967664921525552,0.017484263124658832,0.9252107111498815,0.27364898963275763,0.853575288716516,-1.5847956611074174,-0.6103658473820305,0.5810602549579079,0.6986093517817067,-1.8123881432427862,-1.4817388179717719,0.9710750955811122,0.9086860073737729,-0.44570164081106645,-2.5149899838190275,0.34218060942469103,-1.5418189891038403,-1.8492306262225346,-1.4715054823508262,1.4674129805073497,1.3063823862529336,-0.1814713467052857,1.8750694117763282,1.5202290012364612,-0.13094350219342266,-0.7026321649052314,-2.055395631815275,-1.6117498502573562,0.15408782106528338,0.8556599964974431,0.8555575920754118,0.17167077707884135,0.6886504920040661,1
-1.0838905999711281,-0.8255170043880062,0.21983110447581644,-1.3284386898933092,0.5939527443893792,0.6107570432813403,0.3253328623857722,1.2066188678637553,1.5103238427492822,-1.2892068616364685,-0.07454393500672801,0.36792092393790693,0.4661098986786466,-1.057772087842011,0.1266766037733324,-0.2685653443440344,0.7604594455990853,0.33520472329901296,0.3752777805620792,-0.7185936126122784,-1.1935781817647497,0.18323044855663337,1.0311947910254888,0.7960728631272074,0.2906339946287076,-0.15551553068312635,-1.0986866318760915,-0.742424302899172,-0.5763520560555949,-0.8956783212904751,-1.3137584284163741,0.6429587039123131,-1.204094455202754,0.9249146916172658,-0.7194059868022444,0.04150596755999135,-0.49049486521603586,-0.46697830948818003,-2.084881316020644,0.9399233233652531,0.16148413804220635,0
0.4347546368244026,1.4833282803002334,0.9780631302461072,-0.6214465960054651,-0.9822709874774479,0.6783143069681737,-0.7432660657627647,0.5975461885056468,1.0095060279227472,-0.6366730491058069,0.9155206307698116,0.07655495032060328,-0.4313167820209008,-0.32825941135170356,-1.15525405275338,-1.3663611778837257,-1.681226041333607,-0.17664842479476983,-0.9521281444060167,0.7526591003813946,2.5162183869642796,1.0517482191817797,-0.4353707236346355,0.13840026250106427,-0.6929002969720166,-1.8898629057379075,0.7921462576467965,0.41863469427027866,-0.9985361804867902,1.2023519930424003,0.17952770023239298,-0.23961598987126617,0.259842684463219,-0.8479201863883968,0.500629880697378,-1.9050727650673165,-2.253826164947505,0.22917389389195988,-2.310942629805645,-1.688166455139743,2.593848446873268,1
2.2451111657565046,0.09280461987843465,-0.5303825341609955,-0.170425967738182,0.46192277092789974,0.5651826034275884,-1.7620925411919046,-0.7881238213967063,0.29173326519052406,-0.40704157521906603,1.0164575414186356,-0.5220147746057588,-1.7359869494008073,1.7583852579850714,-1.5537620881122367,0.025857761930824664,-1.3473472809076639,1.9080187297798867,0.30590640117476925,-0.04174569835813513,1.0912410123444523,1.4012271455041871,-1.48116052875386,-0.11352937474777287,-0.8542884231793523,-1.3837265274028572,1.7360757257836545,1.7585158605349878,-1.258612642710023,1.7349169426068416,0.2508254198997307,-1.2315110147221868,1.4091903671892965,-1.63284560745581,1.5945290857130423,-0.6282671157409558,-0.9893208213237012,-2.241085824938123,0.978142828589563,-0.30230524038767836,-0.915103053864703,1
1.1169828899288339,-2.9846649588917185,1.5687857843363033,0.5112087242094191,-0.9454263162168953,0.08020729163882274,-1.1075599906262257,-0.8163479573616823,0.9063850348372051,-0.40992101869839637,-0.37017834947975903,0.8581915900415038,1.077478126398519,-0.8182193231176547,-1.3453607167951795,1.8977876847320845,0.050652384668538504,1.0126878840823712,0.8177666793919278,0.6650892080884816,0.3044709840576756,1.284138483199091,-1.202008305339747,-0.04876568284466293,-1.3351570079924737,0.55939015006495,-1.7437735745151621,0.5082222383343844,-0.36631511185468923,1.2458724692481442,-1.0555443132234756,-0.3028264876565285,0.06628710693586932,-0.40620792644729137,1.784192548405671,0.34998217226846834,-1.0619468154715432,0.0157943757069905,1.6850645241802182,-1.1559650721365191,0.7972229767109645,0
-0.9093020891972263,-0.023944275161327345,-0.09576494759776825,-1.7162977890337103,0.24955993245129043,-0.8506212883996028,0.9733855575975172,1.5269371406733019,0.0587478931919144,-1.3637639358231828,1.404216740947418,-0.9515103995116008,-0.6447082794096706,-0.18636187619202058,0.8937732770251995,-0.9845781111994397,0.3289295229820219,1.3343687682904235,-0.35215303827660294,-1.356940007146021,-1.4226412799576231,-0.9601991750942342,1.4105109275909065,0.4357981503129452,0.9046597614143042,-1.569364862009625,-0.4026268356532694,-1.2919920110498169,-0.8261128530623048,-0.5902709222524137,-0.3715294555715357,0.613764623138077,-1.8391830656056376,1.324422422874281,-0.9486647060140195,1.3040409595559954,0.2901070733017145,-0.05520887399042951,1.271800455865917,0.7316242496223108,0.9716825901461512,0
1.7436023487842705,-0.5202838484705057,2.081885309678076,0.09917949997569885,-0.955184691701179,-0.26473562680241464,-1.1234499508037528,-0.317285436391837,0.6466174404640326,-1.3594456626407592,-0.33665224017060535,0.510011661221722,1.1505003338270094,0.5869903551846034,-1.5674987291429827,0.8083466371381853,-0.4828155797877778,0.7222424213067435,2.0399917783913457,0.2476612026528661,-0.18123287224169432,1.1130475258343584,-0.22064905278190117,0.9911154546616017,-2.7843360013832963,0.46275946404055257,-0.7351494383010596,0.8297385230443197,0.9201871532445519,0.27369952510903256,-0.08625507971712656,-0.6039201794004011,-0.029627555617128862,-1.1109005240631606,1.5630948897425163,1.2233125240155651,1.9898870922821859,-1.8404083843600865,0.19799405783321203,-1.418731819192546,1.0976597355935716,0
-0.5993521710562383,-0.31559499272426067,-1.360013708621696,0.6772283550899177,-1.5618906817038574,0.8554686753271297,-1.6955771202477652,-0.7884953802693364,-0.7515050194297277,1.0840429816526143,-0.5345427298382084,-0.3445076206898081,-1.078864792885738,-0.42998475201912156,0.4516145845145553,-0.9891908345871948,1.2453745653639454,-0.6309667806508662,-2.7551744384071735,1.3333108163491527,-0.11411868952626872,-0.6677076275657172,0.44351572767968966,-1.2398154973625297,2.105338479283451,-0.887634798883001,0.10706572298881116,-0.2573702536663756,-0.8881820129174803,0.2509167118729375,1.6650172786474917,-0.9117964726468395,0.5554438601937017,1.442584387908149,-0.22252452461228697,-0.08839686977778805,0.816936663335926,0.1735845417316475,-0.4862874774455928,0.6346264130914323,-1.099770842726371,1
-0.553519209830694,-0.43985827925054827,0.5007056438099144,0.7847828313002119,0.29095141517326306,0.14090124373607343,0.10190184743019375,-0.2908665292282656,-0.13433679818073357,-0.058706130827810274,-1.0941131175880128,-0.32784539150868824,-0.6805209216346647,0.08327596399014119,-0.8213134210056988,0.7204764488137594,-1.2305291290975187,-0.3609336803239742,0.6334843115219074,-0.10769943095519106,0.6403724987058086,-0.8086889428788528,-0.23438525174081018,-1.1110650451467468,-0.736688017991062,1.0315029886036586,0.4324966391832282,-0.7131598631362492,1.1492194224299823,0.1582531601072188,0.007581973611730784,-0.47376353364902696,0.7982943342285342,-0.2633783880543052,0.7480069283332266,0.5605186698096023,-0.4433831486939639,0.970780523632084,-0.7417546990480935,-1.44600906238725,-0.4614914069603039,0
0.5664000119309374,-0.1857014485076236,1.7729725727462122,0.6721540076090655,-0.5427101323514147,0.137793551564763,-1.2078133388480292,-0.08086277499435729,0.1268384941268386,-1.61051981748192,-1.2409414851541072,-0.2611936111529984,1.6341810984819587,1.0318614305528508,-1.757050373584779,0.6883542719406631,0.7798024123024334,-0.07368464415855257,0.5869861485548827,0.923960264375821,0.1771573254690479,1.2098309037462665,-0.766966909822193,-0.05196405162238521,-0.7982986940736438,0.3329807627731192,-0.874634629048757,0.7610045814389093,-0.25886197917700515,0.3569483181421859,0.2923299224130667,-1.9469528696185303,-0.09752075186642559,-1.140167671716206,0.3771324131190775,0.6531043826219552,0.4081512117354042,-0.05310426254917038,0.21447764094942817,-0.9100628026342995,0.31264250568571766,0
1.1233662134554607,1.1673737394408399,0.37205116937525146,-1.2566288269334556,-1.5740549968164774,-1.8242443267943793,-1.1581022790200295,1.1861427525330361,-0.4813617816486334,0.3854730927868364,1.1429555742761575,0.9578707951666507,1.3108187174597443,0.11001722712170997,0.32313989689244377,-1.6092282757161018,0.5089962996318814,-1.2568785386802137,-1.3194715803345891,0.15137219765193052,-1.2351449456334722,0.32956543572234365,0.12903879541797744,0.9581414921254464,-1.084155101160159,-1.7430876244490634,0.25616127418230034,1.160498602940345,0.7562581407553709,-0.8896662333162834,1.1977662977415262,0.7769694330881205,-0.27525706233243835,-0.38581977314668836,-1.8601521256166942,-1.031058593304814,1.379425809323505,0.985168975463644,-0.5259984853344417,1.2427245049131608,0.16288091623293594,1
-0.6418245800319193,-1.0367365117321514,0.309852710868733,-0.0015025037424381748,0.3835878247263589,0.3920006352046929,-1.3971974915898022,-0.4604366147728866,1.9079584214509582,1.6676347613341962,-2.0936779637409844,0.0756745088188471,-0.013621537292805068,0.29241033862477145,0.029749855868367592,-1.5685815108871481,1.5880152434024968,-0.9911225004925505,-1.5371420958275603,0.6764454690775535,-1.6345593415064046,-0.7982757618137944,0.2577192251116457,0.46332044995106986,0.9335414135965836,1.1682786414138486,-0.093925628204148,-0.782556782244171,0.8513373275302559,-1.9477521704693537,-0.6303801298048447,-1.7566016410544898,2.2351711038378843,-0.04693346046090239,0.5792453359886994,-1.1635926640822256,-0.34206410512736835,-0.9611402641065352,0.5395416584585535,0.01968235265542359,0.06474396881209153,0
0.11729645821341882,-0.31107706822315406,1.407579328250667,-0.7878203595758275,0.730569092921162,0.5463764126544268,-0.9982339176168968,0.10682683950546955,1.579901547977955,-1.35299736142839,-0.20864166527835143,-1.1217060333596207,-0.6124079401936344,0.28475427270350095,-2.1349093611866916,-1.3109398205630929,-1.5592114780099944,1.598327147637477,-0.059326478720111576,1.0613122368200139,1.0935675640275904,1.5389559544542548,-0.19948296616357708,1.3734664298820973,-0.711406319702033,-0.6398964027471082,0.8081076798272337,0.03039551981461047,-1.4479772049011643,0.5233978111940789,-2.0402484514018564,-1.3833157521080606,1.0616542853609634,-1.0415271160566502,1.8557271576905119,-1.0993729998127808,-1.2617591819143545,-1.537689475261942,-0.5713355447134663,-1.37619125470005,-0.06835692415106086,1
1.209136829313208,1.53230753212465,0.3916015482323066,1.8069664389967806,-1.5458965842537793,-0.5811577312150362,0.850205156625622,-0.5173643092883785,1.4750270942961048,0.9462265702956396,0.24846524304398795,1.358684810202754,1.5850054246513015,-1.6799153168020065,-0.532220388039532,1.4457776977058976,-1.000438675120114,-0.6971693952754402,0.1403733158618081,1.5688807430988223,0.29221464198511105,1.0941254346877851,1.4800314105019061,-0.49605361635211187,-0.39629869932837847,0.1835227980697107,0.031582433750318446,0.4064389617910228,1.171704309730427,0.18844173349360102,0.277980175227871,0.2796904601631178,0.004925377250163877,0.9277822053686432,0.02719006686622902,-0.4133742373160136,0.1564649824984444,0.2742187644036818,2.010982108105806,-0.2802705902406056,-1.5961070541870015,0
-0.8620916545292764,0.6747524733836958,-1.1628580885847102,1.9977107871922495,0.2573635561980891,0.7816559543161301,1.3672983615778134,-0.43808118578144245,0.38763566773993524,1.0274625607746035,-0.7989251754742288,1.1547801954043317,0.9972083237359904,-1.583496358335397,-0.26541257827272363,1.0597781801317074,-1.6373363762122783,-1.5959389389552112,0.34762625999351354,1.1325757540336132,1.0845918766935712,0.652121411250702,-0.24022594219755214,-1.711171395927771,0.4062339915997906,1.2447550547445745,0.6372763131678716,0.448966722436126,0.5794032251369934,1.5757147225802586,1.0351012655449738,1.7866865034133035,0.15851093277623635,0.5364292930373269,-1.5070165495978896,0.19372916758502165,-1.4839768090124232,-0.7763138199483958,-0.44421187118705524,1.2955142609997372,-2.195707063769949,0
0.5328389738174637,-0.6415970229084792,0.3537722459877819,1.5762376689109157,-1.3280121682013781,1.2186371594942191,1.3963957909000546,-0.8037559657347819,-1.6209467778765003,1.2124181913566816,-0.2353297077138305,-0.32199286843862523,-0.6489465346627754,0.12621052042466563,-0.2912207546195881,1.5834582240191772,-1.3087354047362678,-1.4171593436105316,-0.2641965970724898,-0.8163537273055383,1.319218983528947,-1.4677780804326424,0.14794716581215261,-1.8901974763672045,-0.25583798000871716,-0.6207627651661323,1.5786991206272982,-0.06049610122576651,0.08829816360615109,0.4133288654758376,0.9492146841181469,-1.5936820969851457,-0.2291941316777804,-1.318456862561204,-0.16131622472721083,1.6333766511409156,-0.7714118128726609,-0.6014432353595333,-0.21145793532857007,-0.8562108133676388,0.2630438465987746,0
-1.1105159339700026,-2.3793516107681767,-0.517273714127573,-2.2199390615509094,-1.2675462649187796,1.656676792745436,0.35250653176440155,1.1155050303313057,1.8740106278543514,-0.8466422763233992,0.6638567285218475,0.8743515891501585,-1.578480632712017,-1.6819941614743903,1.4575118916425884,0.44707696461226154,0.9981359972551873,0.2668543184755056,0.8589658381661607,-1.516673224900187,-0.19220520668251143,-0.4735332205527516,1.7121422578329302,0.318988988516214,-0.42501796928329894,-0.0632895773466985,-1.7825769473964497,0.8917462202610217,-1.1557125145052363,-1.7240859913038455,-1.5308043330580396,1.4518637916159283,-1.3680729387458166,1.5485411687049462,0.165096798085248,0.750666059436297,-0.6647447140699019,-0.4234939810313126,1.0544130195370867,-0.17763908476312157,1.1737576291283434,0
0.7183593923018508,1.2540583726807917,0.0006806806112915832,1.289224245379723,-1.9834369289011873,0.048665245188602727,0.9100980054866117,-0.6056794869608388,0.6226088641056886,-0.027922621225268195,0.29166589801014736,2.026185720417654,0.89196082196642,-2.080119953066934,0.13273844021027256,1.8707469684379119,-1.0728851656417682,-1.105499570102408,0.9411122959635311,0.5058374528116217,0.8574155101722138,0.2652225327662228,1.614739373185648,-1.389155823948074,-0.988495495940988,0.17159627002651096,-0.24450772542139781,0.12033858187833138,1.352261503724542,0.5321806954317068,1.6020086997635663,1.1775841884190408,-0.7741304278570109,0.9206794681210116,-0.2380585491104736,0.1738694705210497,-0.06922522411547341,0.6658026291362782,-0.42410904567412944,0.16536166463837182,-0.8104917472580452,0
-1.1990672952477721,-0.8293527527012668,0.6924554624885868,-1.765137334687768,0.5855541942908077,0.5240245991219583,1.4577826593336092,1.7128600096486628,0.6356036799722801,-2.1154275135152685,0.7544872065893615,0.5122934440279214,0.3324239813534295,-2.179799363686676,-0.6022672480930628,-0.52960180055472,-0.4344714722425055,1.334897044134152,0.1750140443094603,-0.2865018374895147,-0.4388384952208408,0.40566143743722166,1.3973542503275063,1.0959339211658186,0.04130120566685353,-1.3584477217929167,-1.4769240919857813,-0.8206397625209556,-0.6892990117361303,-0.9349196409573591,-1.6827399470804427,0.609463254876069,-1.7785434949703813,1.0807484430161083,-1.050405467581138,-0.20952949654337047,0.26782844059251215,0.19679207081786154,-0.9266862797073095,1.1757171742741672,1.6036451273739454,0
1.5850056425594434,1.3429124042919924,-0.5879001421295244,1.0934326517384552,-1.3611630812319173,0.15261146693988256,0.06288226985175945,-0.8235639475416874,1.5044433982909027,0.8385773835579595,0.7757672782605409,2.3419680277539046,1.139158631331383,-1.0968078591546624,0.6029216549448327,1.7062028283853792,-0.965717518208117,-0.5988829869390302,0.9483395758472036,0.5885584983157525,0.09614514840415526,0.7624753625149259,1.7758310366267662,-0.9890601506497635,-0.11251358889915905,0.8824459200552139,-0.031645153505713,0.32562422315144035,0.5735590595847528,1.291761750389257,1.496560067773241,1.1077162145372008,-0.5702730533353523,0.9530835323508492,0.7605707636085874,-0.10589847626423093,0.02867936354864186,-0.17222861940475692,0.39602151417275117,1.5929377326473206,-0.9039593643676017,0
-0.061294033713545595,1.1808070771295562,0.3793935091740534,-1.4836575252828164,-1.195326522396951,-1.5435568111795461,-1.2420627296887798,1.6223600493140051,-0.8761569341970739,0.6903068703911763,1.3098668885835687,-0.18987652231677582,0.25551277643299125,-0.6577246508660651,0.16012620123018506,-1.1355249852626517,0.24071154118539384,-1.299855702793556,-1.716761843260015,2.0615215292126328,0.05358348143320578,-1.01532797040192,0.4522252825600251,1.740726841272046,-0.7648098394354841,-0.7256537072207729,-0.8285896471481253,1.305115014025833,0.5177597946835524,-1.526793823004058,1.7169009165350997,0.8354223299456347,0.028368368115119648,-0.6116932337743405,-0.06548069103486072,-1.1656383508398707,-0.10448844367554097,-0.2668269969358156,-0.2621173674878021,0.6109987974346403,1.6862652287314162,1
-0.28589070339519224,-0.902254850501471,1.8408553266213654,0.9473304502417771,-0.6645594731817673,0.42649201881521703,0.007736456238699644,-0.6054055772467641,-1.0712259093157375,-1.836494007045307,-1.9573942307904817,0.06668605956777346,1.3793868006210224,-1.0904668495816388,-1.9283075084936554,1.795287761815537,0.9911317961429638,0.049193737848807095,1.318744609498821,1.458012188654728,0.9837923313908906,0.5740082327679729,-0.6119786115176514,0.17145400457077933,-2.0864310608351047,1.0496467449536386,-2.4085552821083756,1.0676446030288471,0.8946211806121712,-1.2577403964854688,-0.3281389700087756,-1.3056202782679018,0.06466815256503124,-0.7179634332104395,0.5865764880376878,-0.12019246794552518,-1.6822402687971374,1.6741592671925736,-0.6853086371286374,-1.9268247377022065,0.3207445257541708,0
1.142758911240818,1.347853428432334,0.07976952522180004,1.7229787680894515,-1.1409321146030535,-0.511732101647568,1.0399492200578508,-0.49358964314274045,-1.7807165261118587,1.6660984201269582,0.32724405904769205,1.1061250194759409,1.1643854806357212,-0.6475591783761676,-0.05505102218026718,0.6816098410624933,-1.8246910687544255,-1.4940196542114537,0.28630686040685993,0.3491755883741571,0.4353495280262846,0.4607361998766785,0.4712844829863712,-1.1510674400031888,-0.5246088989977041,-0.0712267999312046,1.7532618360577348,0.1899979720740921,1.3474679724453125,1.257616949709637,1.0917894874547618,1.148662081265611,0.09748346553131233,-0.03151897503329089,-0.9926496542265991,0.7198738990076674,0.4472116731057169,0.40912202675406395,0.22267681180745247,0.23420652948271561,-1.5161501288633945,0
-0.00830601259778906,-1.4883593221858133,0.7024817533250511,0.36550694608388345,0.5187503179570018,-0.8544512805423932,0.5492599383347332,-1.176389504598294,-0.8852614942841283,1.0878280327872047,-0.6904439058938446,0.9159908369964955,-1.402732250450268,0.40744585764736074,1.032898134325444,0.5710640199656857,-1.0975014050641494,-0.981674338884742,0.5822279685832175,-1.2660290787142254,0.14935128877512657,-0.4406231532548728,-0.42897847202988665,-0.6147261460372871,-0.7776832729661579,1.727880898970494,1.609669296104538,-1.1053344771796725,1.1585223116020165,-0.05454039284894952,-0.50349315580189,-0.9146123329302696,1.2485795651367981,-0.4087473420457563,1.4652833134486107,0.7697213182015955,0.4364185010883081,0.2075065528934645,-0.25151478767290664,-0.5809608354233412,1.1536581220578919,0
0.521330282461674,-0.4300232526493251,0.21745352383828773,-1.483172973299099,1.0023495291114906,-0.8798521787417938,-1.5871369147928063,-0.49477172542487285,-1.14890934150557,0.8727313683263537,-0.3840149820929243,1.146260943145032,-1.6732012206311107,0.1308766031979803,1.1976776814357704,-0.3634223639534942,-0.15610799399651148,-1.6789401695874926,-0.008469868484483644,-1.5668694093560975,-0.35005059725357107,-0.006010175240525003,0.14763085126865655,0.3771175255494649,-1.0873395832191408,0.6111663532651476,2.597173754356988,-1.6916462849757408,0.6132914827848024,-0.3537582652298759,-0.0264865726321754,-0.47692593640899195,1.5164766113929014,-1.9646425984487836,2.219275079674028,-1.3426484608036395,0.19505821965614697,-0.22035748684234754,-0.4772529070892348,0.8565247970626916,1.3014916193842494,0
-1.4070537623311012,-0.8611229306903196,-1.177668660396059,-1.5060021463296716,1.0260521675724046,-0.17981771795794096,0.24959431322599993,1.4656610596900082,0.4692516527684149,-0.2600817496710631,0.5195082699126743,-1.2934764018422928,-0.726298764732186,-0.08323553879915455,0.5088848504426391,-0.21625722761072785,0.9609630529596814,0.7151431252925317,-0.6464888946637256,-0.9605252128136512,-1.40378732265999,-1.2146471685340834,1.1592922925072742,-0.11645914928994916,1.0764146568069546,-0.4657823934465814,-0.5256837693038434,-0.9673588436098873,-1.1853531509463622,-1.0273693358808433,-1.2958489545615983,0.34066842918176754,-1.0555650449311238,0.5763683922868771,-0.39379166050493053,-0.22811634928955585,0.14426997468894057,1.1736460121777788,-0.42446192267824573,0.9358073223501778,-0.6815522984975375,0
1.0284084368239423,1.13590697059137,0.36299949076525884,2.118902551551878,-0.6935574053649893,-0.35253001251903066,0.8513500652727232,-0.20538822618476,0.784820510727884,1.3604864724943553,-0.21028190367256278,1.5026411509599542,1.308046060726661,-0.7330762643067985,-0.20619594823910287,1.2651664922630526,-0.8304619956342768,-0.9047719313305544,0.7371392182899356,1.0182718618438085,-0.1512541104413006,2.04698788777155,1.1372465260864353,-1.0437035082749688,0.3423779952296381,1.3336638314780795,0.8599441571436979,0.19364234733135455,1.0995324960652777,0.9288602842085669,-0.4486227131050788,-0.0447140088322585,0.3616326418800745,0.7854302242844731,0.4546883981874064,0.6218091797723788,0.1367201494964598,0.3699745578880491,0.04329794383871243,0.018922190505033576,-1.5706654132384752,0
0.09994266292927051,-1.0603637639687566,1.0819358011961282,1.033732666972228,-0.6985053035643025,0.17256944319487078,-0.3748227470450406,-1.4939676594312832,0.9780614771783548,-0.7029312305942538,-1.2916368161354663,0.6412822115698125,0.6250105669691276,-0.3357684752765565,-0.5066747398806137,0.998338324139409,1.4874241461203503,0.5569462679992809,0.6305740717732315,1.189525035423034,0.34643781454701256,1.080785154062121,-0.5242908474197834,-0.009985273512745124,0.1189167615492815,1.4607617155921233,-1.7504210381785896,0.7107553052616185,0.23515726301195086,-0.24123051446190205,-0.23811484453985046,-1.2270691649389183,0.38989469113366376,0.7074092810589386,1.186868450106906,0.379020933842288,0.6486058617836635,-0.5268299344173137,-0.037432830069794074,-1.127181267623113,0.47726349932364265,0
-0.27321247121346104,-0.9300817889210167,0.4933736522797196,0.3013126230137439,0.6491894907211646,0.05820454460912926,0.26373113882069854,-0.49410360777892176,0.0971947859855554,-0.3303594619806076,-0.5396555619961024,0.27549365349370863,-1.5302494602342445,0.22978664892380746,-0.07552201878622118,1.6753169184984735,-1.4691289043818043,-1.2661152728358525,0.9378847174166217,-1.1524641206228894,1.3933937477001876,-0.39680706467217225,-1.2264197952593887,-0.6792400517356616,-2.0491309700418525,1.144130072136216,1.3440502641698193,-0.3241940695790402,0.31473466854347787,0.23565441070342769,-0.07807720260783953,-1.0706871483223646,0.9259420791731865,-1.0694714045409897,1.166498793223156,0.44105858485655197,-0.3236960682227619,0.15187366691862503,0.9752249543968431,-1.0764371373867332,0.4110928443590984,0
-1.7902312245072152,-1.3568663420615297,-0.16900540986935003,-0.9889790119069508,2.409327890290222,-1.2034629510386385,-0.2145693170269933,1.2135437891870517,-0.5211099383590216,0.7676142594227309,-0.8246890097306969,-1.2895406760406405,-2.3596968274876735,-0.07207133755307382,0.5308680262948431,-0.032289222861896956,0.3633476673887937,-1.1765991223219483,-0.6926857598801148,-0.9043222860668614,-0.9913319592971419,-0.6665742284451746,0.12159346099721445,-0.3989026844534802,0.49689123451410994,0.9616267852999846,2.0765902706959003,-2.3783161713376857,0.22578957134450375,-1.124819478616958,-1.8828692288107634,-1.0154777457065962,0.9267132679404405,-1.6105812040351786,1.7213697814782318,-0.5232239829517058,1.0688776017163817,0.2604928042121888,-0.6706436800340714,0.47520314956505194,-0.3038465400872077,0
-1.4631836261763627,-1.1047782677176048,0.20340638329086355,-0.1375674682851449,2.6868295935488256,-0.5763234968809977,0.6312367160990675,0.42725835600138196,0.14049975315411792,0.40707825957097216,-1.8295487116275626,-1.4504380846906666,-0.8185020600124464,-0.4184954565001306,-0.4019048917809919,-0.9839781342089221,1.537785247814438,0.465798287479463,-0.33251724858557496,0.6635358642734851,-2.2460857372881073,-2.450013609002146,-0.3248512682893376,0.9608642797768846,0.7731282458076341,1.1851022588155158,-0.7627662273067595,-1.9150043608408964,2.549329679936055,-2.6861544522402934,-0.028961711143143352,-1.1620482955841156,0.6523243199644688,-1.1715455234466656,0.32659356474733064,-0.07599609187643405,0.2959561795033403,0.4097632151428826,0.051155397349592596,1.376397167623432,1.0624480400192517,0
-0.24056388050706326,0.8331290134872217,-0.19621141926229832,1.7369602102771828,-0.8964007350742587,0.12058891510139523,1.231984958013178,-1.183018207550016,-1.3250389622915477,0.5636439283774224,-0.46554084784308475,1.922520101209679,1.1198827837728607,-1.8452802313814962,0.17743726915770355,1.085550049532615,-0.9276859712974396,-0.9609360192168555,-0.11488359758809864,1.5259300252548988,0.8914262622113869,0.9483838895153929,1.0643577331251843,-1.2738190348722829,0.6063535948006205,1.087537301531733,-0.23558295311089442,0.21698849055871366,0.34492344941200587,0.7141496177146606,0.8582251938554832,0.46077858775618585,-0.20427295552258312,1.3274705404360496,-0.5036584769175875,-0.5574252953397365,1.6872685035430857,-0.8435703552928951,-1.8504738284746942,1.002960147503031,-1.2508984967008243,0
0.24515300984433083,1.1224052987962352,-1.8684372298866576,-0.5887376449350743,-0.6860322929684168,0.19557318488556055,-0.1478713872756808,-1.9451538116408922,-0.3393390563974513,-1.008037716478937,0.9102214048141898,0.7390907957174769,-0.2772534931309232,-0.4299084976975447,2.258252567699196,1.3448025681217486,1.4348632328610995,0.23071371591573742,0.48316242906818835,-0.58232043165561,0.7543893998481274,-1.52782559251662,0.47593826484059376,0.7223115848257942,0.03954452720766776,-0.02222192763714637,-1.3830270958294137,0.49436495362402416,-0.8795063330317443,-0.35606067941018266,2.11157748474731,1.1839839949900477,-1.0372566079250656,1.371079475664602,-0.12196383942211342,-0.7352766888325057,-2.756770078642491,1.5603461706362476,0.3312016237623741,0.7486980837067272,-0.1555267451660684,1
-0.3573085641978323,-0.7880948282088637,1.7296167150468427,1.0672683960004807,-0.1822003160739367,0.9617318341190413,-0.6421947738391763,-0.823059671955486,-0.675351503292728,-1.2649599061735224,-2.1531893286122576,0.18917195326244102,1.1623816773163842,-0.18132501179262686,-1.3151523073066398,0.8523160812208243,1.0331370692266475,-0.28343870629831336,0.9772536228275812,0.6810957925608893,0.8313697696381611,1.6898579932689206,-0.8592930928927625,-0.5529572329619808,-0.20612130817563282,1.2399363137019392,-0.9314253400971615,-0.33802762856258917,-0.07450935544521861,0.5524565708129106,-1.143569895291769,-1.2780597146212818,0.3362426367470856,-0.4795788457236678,1.061592186611355,0.010606343034448346,-1.3079213404935515,3.071394656367533,-0.797092168102813,-1.8539161456014104,0.38463409556982875,0
-0.504282796211474,0.3163525157405639,0.481764388217499,-1.3396681518927702,0.5803052372149661,-0.7962515394975408,1.5076583412642404,1.2301414609089383,-0.6736822386933674,-0.8695088642701664,1.7173831356869402,-2.378468276223974,0.5203068492845596,0.5947938875975385,0.884800239537551,-1.256350149914666,0.7349309692822886,2.293999475436575,-1.0341226002108779,-0.38780788045897285,-1.8388722459334412,-1.5876437675770947,1.3230806430448319,2.5496117453737583,1.61911271628633,-1.6089789903791425,-1.0422398871274041,-1.4755571108673673,-1.518243145181469,-0.7799769220769931,-0.881799853898944,-0.1737717766947007,-1.9259936087145682,1.3711332822573685,-0.6793153344823983,1.1351704430172396,1.4995513576544128,-0.46380726631364744,0.8775015540545984,0.5195254950245783,1.634226174575826,0
-0.7309694652098849,-1.4672413338504953,-1.3869579762209643,-0.3475680446381861,0.18978587993321985,0.9144400623709821,-1.139446925541626,-0.18372509883157248,-0.2846042113902984,0.7948116828010412,-1.1350191400455532,-0.4863145916727756,-0.7243041149147209,0.6491030043492534,-0.5560038156738824,-0.5788440365950093,0.2767873634969757,0.7290092464395218,-0.5541015960207675,0.5653641926047026,-1.865644806963639,-1.2884674992796583,1.6618020811784318,-0.8744255212331115,0.9669958243840069,1.1505389860238642,-0.3469110459335499,0.5533143615051604,-0.7465866115393406,-1.281987972625242,-0.16962918772287947,-0.6189298437142396,0.7787273218699394,0.5495280987751527,0.5973416408764607,-0.08888546750873028,-1.0633386645289584,-2.2867368433496824,-1.3403744462938099,1.2188743011245822,-1.9398001852969007,1
-0.6452069743034645,-0.3070125748651896,-1.636905949915638,0.286981807040111,-0.03943152383900165,1.7573141076048433,-0.7104336569410695,-0.971420472446557,-0.5611125812968173,0.7797832029323655,-0.9433617098674866,0.11695026345657727,-1.071030252078399,1.4443381682537972,-0.004482076138686038,-1.2631156137999413,0.19735747705364806,1.1298313661933583,-0.16762517639509017,0.38447816861499445,-0.027702859913312516,-0.7786367958126386,0.9456314279155658,-1.7024765157193895,1.6966366851635764,1.3120648271424664,-0.4921220274829569,0.7480435179959303,-0.6503077515156653,0.26640153136708045,0.7498414194864013,-0.2198909164281066,0.5069861430823693,0.7838341688055823,0.48059705189894725,-0.27013120267327,0.9895670821781082,-0.26703279199778535,-0.6208463374777086,0.47213798159423537,-0.6199839637776755,1
0.026352947025546716,-0.3832384931786249,-1.1228546126404764,-0.5097680549305187,1.856373660849932,-0.09119667828391732,-1.3235744244952792,-0.0743964883378105,0.1982533546615507,1.3461901418029967,-0.5748587832796691,1.2427153245708156,-1.610472009928262,1.6972204091666654,1.2912654577620637,-0.11313961271852982,-0.48059337806177826,-1.581930512727324,0.02861432500029096,-2.075385043361847,0.11854301052845206,0.5320151047486774,-1.3732586959081772,-0.9907620639956617,0.20073020930004717,1.601211103416824,2.5239074674159365,-1.0205411832615445,0.1451456884994537,1.0069438183535557,-0.26252894180479436,-0.735921408119435,1.9612296147334758,-1.2448080555283698,1.0881918781294797,-1.2128962648245358,-1.2146704601404008,-0.08076732128912943,0.06554079612311194,1.1585265114644796,0.6725211176645245,0
0.7992234738993795,-0.6052224679376574,-0.07909211794031282,-0.9151341508790277,0.5091473470377089,0.44205326306902853,-1.5638701604757381,-0.6545154300185578,-0.37695687727251653,0.4537692619776239,-0.7194822166674738,1.3403254174599384,-0.3208695558306868,0.36852040536032,0.2760551515306561,-0.8551086489759488,-0.18817704986150693,-0.6525251550497124,-0.05572744407947669,-1.5421888549434537,-0.8489041231125316,-0.18836806058538,-0.9094997911395375,1.0155472520852813,-1.185492922501386,0.13728792250810395,0.6328478158457836,-0.4386574976268884,1.1896002026729269,-0.6432197978266782,-0.2903997016897746,-0.4172901008871999,1.637783305938131,0.02828245503869996,-0.15334225276232247,-1.2545939393325662,-1.3895655034850138,1.9574646291994304,0.6904606799073878,0.09153967945507593,0.4658676921132773,0
-0.4955953317258101,-0.5421101892866121,-0.7554413977450205,-0.8973991529766578,1.6083475068398068,0.7671087232043641,-0.8870766852428768,-0.3545475719344974,-1.6717739602651693,0.793379989215272,-1.1075639747112709,-0.02852707988804913,-1.2921681978726143,0.6434698857401601,1.0026496179548583,-0.863160028606185,0.6062093377874964,-0.963699207947286,-0.15591052181202883,-1.7086611333908288,-0.7343710011896923,-0.7053094898237746,-0.4722870393589066,0.6610986724138145,0.278357458378439,0.7107466677960687,1.435444474608204,-1.3582389117019482,0.22612194610761815,-0.8626667585517156,-0.9960081809804866,-0.38938804524929665,1.293958172300678,-0.567879252377023,0.4946452998494762,-1.0092827456034001,-0.05570080559514825,-1.1564559907454004,0.4625482008028521,0.17638664985641458,-0.26886362947918285,0
-0.42928262241255444,-0.660365307210288,1.483551558862079,-0.864580207501525,-0.4627753949467769,-1.6440156970108728,0.38650550508331233,0.11196872984534816,0.17209448099898655,-0.8808423043964879,-0.20979453886425128,0.05888336988513073,1.3214712238946114,-0.4911754586458954,0.573114775239081,-1.1161734232862708,1.8225738220005112,-0.10728396023860434,0.7706351707920915,-0.967464719163265,-0.4657584174969458,0.647885426354071,-0.3910456244703427,-0.14828221249582005,-0.16108349454824977,-0.720560302945162,-0.4416913844223708,-1.3417008242564452,0.2698673688956396,0.3369836460497637,-0.3024600082487767,2.2015012348419343,-1.2325845896154275,-1.191378710077185,-0.9614086900838925,0.2962736558482661,0.9124312052557374,0.07565609381397419,-0.812616218760076,-0.7076442453892929,1.3593071720225052,1
-0.34230496302212116,-1.1321726689621638,0.35331434473060047,0.607214015584916,0.07603707539408511,0.6300827440723077,0.6298952746795701,-0.7173760079330871,0.6777771128176905,0.21916336314238646,-0.9771936588987776,0.3917510141804773,-0.5419753589550625,0.17523166088999176,-0.05417448257310853,0.6250528753732488,-1.1287120486503808,-0.8967489249458528,0.5695972206021593,-1.6682945193713712,0.8319064861335493,-0.6868026050537721,-1.1353341934553793,-1.1171862486895419,-0.9688674305144603,0.4415600361637308,0.8147322654715332,-0.5098539797050179,0.7814509104688732,0.29462163455447904,-0.36936342472446015,-0.2631738648683839,0.5053044952369784,-0.21550637089879884,-0.566800561486099,0.48386646149753243,-0.4531647050186712,0.3793215147389389,-1.1891753137423986,-1.3047877906077123,0.07381871075169931,0
-0.1263202134347717,0.8402182395340402,0.4520710576388914,0.3210046437172468,0.6242933337576192,0.6117385651799584,-0.43005128556112515,0.6554705715378439,-0.5387579801724387,-0.7180980643388379,0.6026628542931199,-0.9773642835290253,-0.40031545209451397,0.6102967154033999,-1.5707764812431566,-0.6682327073777321,-1.5523624187483978,1.07880842480663,-1.4433433487885425,1.5986081672958197,1.730202244022024,0.6967299469764732,-1.2415533699110761,-0.01062138811180018,0.7150428741769272,-0.9310123986655799,0.034923188176720535,0.4058533397399944,-1.2885688125209003,1.42235909169732,0.2380882576882255,-1.843107726802571,0.4941572146240146,0.04196859609598672,0.4092697637589673,-1.148817023790991,1.6428574732025758,-0.15844101502865143,-0.08251465996956563,-0.6385426818783778,1.2787832347829253,1
0.2581384680267764,-0.04123900064817109,0.6462901826035693,1.7706903876353273,0.23634049800684814,0.17937636290383355,1.5005064591671455,-1.509335630231588,1.0146634975080948,1.4740700564653044,-0.47995985292745097,0.1897065245153694,-0.5575308281000555,0.8048860273883826,0.6231631972868623,1.1269822146325854,-1.1139984958310827,-1.057532405311591,-0.015725232301564175,-0.4381943760531783,1.2142200593588837,-0.3806147879994281,-0.509914045944722,-1.3389202999168444,0.59573312617396,1.075572915649167,1.7323303359392728,-1.0978255744266718,0.382667766575935,1.0635793028783231,0.2823781691469962,-1.8200636545014584,0.5477439329939187,-0.7653270441958092,1.1392798211380573,0.8521519352254726,0.652569723092736,-0.5340779259419742,-0.5316968670537415,-0.8152375671388725,1.4878323737668648,0
-0.4861822693007352,1.1325811654023745,-0.6521281356249891,-0.1316982844129475,-0.07700739186084643,-0.8853245787216981,-0.7059519569025963,2.002841471919844,0.682427897190018,0.5846271726079971,0.5811933848628226,-0.5246281460855925,1.4673844795824569,0.07970397665699099,-0.8594262074336266,-0.374848606786668,0.040149946839587475,-1.522299049649266,-2.1770313920895323,0.7990550047016726,0.1980264068168488,-0.5088683123682424,-1.1437593389705742,-0.5574897930260246,0.2146057748535757,-1.460950351212089,-0.5421462061488854,1.0532789244455552,0.007682488330571996,-0.13801911547217616,0.8846416453308736,0.1547446820040244,-0.202901565810024,-0.597151579781225,-2.4981016877193607,-1.5124709191137116,0.5855354813944122,0.5893470665539537,2.1365332094165432,0.7524552809585686,-0.5359998525899458,1
-1.5997948270616866,0.70902364686758,-0.4150856724807457,1.5118810354869563,0.658358191211931,0.7664820353388255,0.9061502361121875,0.15361008006639792,0.29196541272630977,-0.12539590306222778,-1.3558596764238529,0.2099956439326749,0.5481748647843109,-2.2013283593435813,-0.7879297893416447,0.9897127164275823,-0.20142334917999363,-0.5011185632681454,0.33328518364241333,2.5998230444200865,0.38675278922183626,0.4941938065161283,0.9927654291142064,-0.5133329949124564,0.6892401249344225,1.88742385649603,-1.0645806744496522,0.049677722336428635,0.840338137427892,-0.5986891334344615,0.269521304753376,0.579225831023015,0.1661153847026152,1.0573044977729227,0.19681274470988663,-0.04096861978224171,0.30528514895031894,-1.064618302649264,0.30699218205770884,0.5713615572958206,-1.8900321759810326,0
-1.7960537317705707,-1.4890971789163756,-0.7104468419895452,-1.3752848646079165,0.7827973026924903,0.7762903222462076,0.6495263158271682,0.9942585220515086,0.3300258835197814,-1.3755521208774064,-0.24823272373571686,0.07956199984000382,0.09361067531383263,-1.2798541570902358,0.21762492609733824,-0.16371065983151387,1.5608370721708598,0.8187520120027058,-0.09651054110773456,-0.36928928263333394,-0.8349144547720577,-0.6648657996973606,0.6166532242366954,0.27997470308979927,0.7171814357333058,-0.26483597312582646,-1.9808136093572528,-0.20824607604777795,-0.9421297723634855,-1.387681434615696,-0.6197247076741846,0.6919104507462608,-1.2968961842667746,0.9949984158111032,-1.3294162325278411,-0.2920284099863573,-0.19707353003267755,-0.5530541973121775,0.7599483170076846,1.6478454740183586,-0.08340045403605092,0
1.5107651963143185,1.3742896258128072,0.5034251385694835,0.10018575396717265,-0.23543042785484677,1.4168283563593378,-0.9499808782708212,-0.39014185839394777,0.028461498481967502,-0.4989125690132014,0.875248432152806,-0.24426991267946221,-0.1019885524878262,1.0859717097257386,-0.8062947648223906,0.14500832662177307,-1.364506244325905,0.6328888973970073,0.8405280939662011,0.36412603204330185,1.375417841520903,0.7959480419925941,-0.41080718861583254,0.9403604419827034,-0.7885479574181153,-0.3479044261834134,0.5619469391094261,0.9283678060563229,-0.8117725425977627,1.557818150677582,0.5550115937851104,-0.12618842855813434,0.16574351308660665,-0.570539402292515,1.5724638185795348,-0.25804813781174457,1.515171836297078,0.5865059545714287,1.0119596536628048,-1.0993582325802207,0.8029242780244439,1
-0.5485629680036814,0.443500669434244,0.24575481457994816,0.1278371173915712,0.7618933514982887,1.0116623698843996,-0.25462660621820393,0.3041799587514001,0.3990523865970019,-1.0662129884684435,0.24727596243862193,-0.9633251179886226,-0.46916977547269273,-0.5151634852401481,-1.4835575984027989,0.0672368102774363,-1.0747493653732285,0.8704046491540046,-0.876312607746411,1.3507869015888998,2.09312258365126,0.7603735698345542,-1.3292061896983571,0.22943264509286765,0.27406248835152375,-0.8904268156857776,-0.35554219255846714,0.30870714987648934,-1.4118994545570245,1.0023564026299292,-0.2754885993897578,-0.8759371232503879,0.29976010293805677,-0.19232689624715588,0.41993548257261853,-1.535274340272015,-0.20698400522921442,-0.5760630719897857,0.3622316961451059,-0.9819905178101584,0.37031119727048906,1
-0.0742587132162485,-1.8998192522521498,0.7288231212932387,-1.2314600103349023,0.6685003879818704,-0.9893666740928958,-1.0843099220620729,-0.46889855971056826,-0.5544062780901696,0.3830276838024528,-0.8122708665182392,1.1111735934935578,-1.3323570018028552,0.20744881476007765,0.42967650662859946,-0.2337831574187427,-0.1777561823001842,-0.7726645510142129,-0.09606734968780406,-0.9053235982644763,-0.2090831453998631,-0.29055479371677984,-0.8065985750660438,0.6070008923837669,-1.5162547596430773,1.1973143961505066,0.4962741483501337,-0.6141740852554693,0.8734181469273127,-1.1635894555967674,-0.8061605558187626,-1.1787537113019861,1.8609045637834525,-0.8618157042464093,1.4856783842617793,-1.0934434284701464,-0.5390845003716259,-0.7716948913020073,0.3283595902765445,-0.3065496563752328,1.962848937323678,0
-0.029214701646026943,-1.1691463984768293,-1.732596650613559,0.2749778340687199,-0.5060124022629335,0.1990519591749701,-1.7402530682661126,-0.9145261219667452,0.7300101486547408,1.397515297035916,-0.46284182595933987,-0.37807995687080287,-1.1024985778755907,1.494857259131297,-0.029554581774226766,-1.0622094618633509,0.4485336767990738,0.9912607646585562,-0.8671301791277664,0.4185766111162293,-0.8790805628826152,-0.563829200489609,0.02189503837830247,-1.549245991750169,1.4574772102792366,0.503324708951336,-0.0247795113639339,0.8144016424657626,-0.6288110729471864,0.7552391357254823,0.8159601706840561,0.23863114995445414,1.1089755798326684,0.6733775294571503,0.2925969794802119,0.31611791311977017,-0.44814846795574065,1.0365545214766314,1.0509285299544424,0.36573846982366487,-1.5093682085022,1
0.057209097266633244,1.3479326224016666,0.6276146746076187,-0.033104441859183875,-0.24472836768600847,-0.155984958022634,-0.43286660683099887,-0.7342241030623944,-0.779655215755007,-0.5806783779061272,0.5701296719834862,-1.260460395206112,-1.061337132208034,0.4486524650800134,-1.0126692704712428,-1.4973296620663048,-1.1544972134870062,0.7060258194972746,-1.4697222115133954,1.429385796270191,2.364034871345472,0.37749104399448924,-0.9457899412091629,0.16465323158493722,0.384264049211871,-1.5610600911204469,0.8235980790119304,0.26990986047276966,-1.291774699881809,0.8691586297589093,0.7391059097982173,-1.1650740238947137,0.7624590767684858,-0.8310031060569215,0.7264070649533987,-1.6157245207744773,-0.09986131766431822,-0.07140651367417418,0.41628750193359326,-1.3919712161642017,1.4778855990512791,1
0.5558854509441715,0.30891389809893227,-0.7474296169678992,1.44049006105595,-1.5657691549204915,2.101899200746387,0.5981664162201502,0.42277039533160127,-0.1459455664307443,0.48807652307916916,0.02077403256552501,2.4106548707607134,1.2734298229528984,-0.8053921950030601,-0.40492113993567336,0.5162081775452703,-1.5729594799280486,-0.9393148278630211,0.6546179484573509,0.28658428928874713,0.4511539657677107,1.891873097176347,0.5324213170034463,-1.602244534093608,0.1457793219203353,0.4603846112255889,-0.03471275629689977,2.6527925787516224,0.038116792056868,1.5357376081593932,0.42242788650787105,0.9554796949670404,-0.35933380511751606,1.6324333345845465,-1.8983123168056475,0.9821840724147729,-1.807167109390673,-1.516215262271779,1.1352223025294716,1.2907157983857025,-1.511167344106903,0
0.5981699250972803,0.4313668241361058,-0.45202883432082197,-1.213386869749424,-1.2053113086396297,-0.6152672518226276,0.9556082342714244,-0.29267575311710503,-0.5414864416905198,-1.2083391512377897,1.6651018217929598,0.7722163072717826,-0.6936853173145285,0.18356421517934515,1.7192075427059148,0.6077281392337824,0.1680087039839102,0.617871198508976,0.8495896711266606,-1.4426049694053846,0.4107085905188133,-0.4242179454722556,1.323567934195188,0.08079198182154801,-0.46510962222710955,-0.8129186146041157,-0.2765205179975794,0.973794796460643,-1.2120224000434558,-0.43073286631856755,0.9667602890427026,0.5381354762052952,-1.5172548862952808,0.7593671779851152,-0.290928358242054,0.7350527418149336,-0.5259206419253454,0.7681961652050767,-0.4243163842702282,0.8462650182035762,1.0149150105183067,1
-0.6358161597858291,0.11842871967639514,0.6955307200471398,0.19086453871315362,1.0459911319634847,-0.4640537383079143,-0.10879256695023727,0.8391475714761837,-0.48412193830194733,-0.9554680186276225,0.08183227520417206,-1.005759312235042,-0.9951778511442005,0.27899824220852165,-1.2312640889209454,-0.7300053724902175,-1.1112439916092598,0.8914412254397961,-0.4001069347735469,0.8453849747261538,1.1162917683703044,1.6051217672796534,-1.4052103533305917,0.1329054156917515,0.2909268583304587,-0.2987030509716923,0.6696985075506875,-0.11029176338940236,-0.630867256616194,0.9089534501504252,-1.4579889159264767,-1.0556809063697166,0.7567287326695242,0.1648639019351272,0.5356232848875422,-0.36411268997566265,-0.7792807055505736,0.4501427321298778,-1.6272304813612921,-1.2328699491038233,-0.07668483840763328,1
0.4879567790045804,1.0727575195787802,0.46461713703072066,0.3454241819226648,-0.34607747537471006,0.9511441140626754,-1.1044325938675963,-0.3402432593634966,0.4043653710213273,-0.38000089938136306,0.4037934443348848,-0.949641865979385,0.3137535983114295,0.8395476791147403,-1.646473291336651,-0.8455964608022387,-1.2571832280242028,1.1587356815095153,-1.3175031533695787,2.0644236464807992,1.5465574515254294,0.31340798401704134,-0.5550608265033224,0.3500582672368651,0.5289878055149433,-0.8194599626725784,-0.37086201554261283,1.2319547270030011,-1.3894493315612468,1.1204077406809907,0.8389771529773467,-1.3766813926518382,0.7734453405160381,-0.11459219901149202,0.6614684418814761,-1.3204073901891187,-0.6814069610455615,1.8129392192875309,-0.6990376148564114,-0.7852203595227827,0.47446531321879837,1
0.1271915433635226,-0.8973347594742479,1.095702555982841,0.6968778032633356,-0.6950018196123585,0.1276776366866826,0.8071480929890418,-1.4862308747488036,-0.17995326602679262,0.536151630584771,-1.49289308161036,0.8858851974131615,-0.7133141594706115,0.3224264695639867,0.06619781275664194,0.9776031882996663,-0.9203031895387335,-1.6521930874633581,0.9430482308351797,-0.8688440048095887,0.7304349370665881,-0.4466611521129448,0.7306965443988643,-1.0061860355398258,-1.7348255443381608,1.5502604414097214,1.4897427810437933,0.006709057358142277,0.9010561833647365,-1.2568405937573308,-0.24054974376290547,-1.9147802241899918,1.1559191104594162,-1.2995147417028294,1.187783095127161,0.5211379153698688,-1.5242808539126054,0.8906252986301586,-1.4783299849423197,-1.0542310627064861,0.43592650328897836,0
1.0866741447118098,0.7768257967267885,0.3339404394737164,-0.3759198539309929,-1.2093414791273025,-2.284959675620522,-1.7267912574591413,1.051515508343452,1.128901608470984,1.7748242440895412,0.9356093398031325,0.4405022973504168,2.0891000685327796,1.079871181189548,0.32698875975782776,-0.8864309062211442,0.847499300693428,-0.8864460255548086,-1.5498024538937638,0.31821090292098,-1.552750275219287,-0.7675996809100796,-1.3455800393959616,0.1764201546166923,-0.418746269919377,-0.7233208607554513,-0.8276813777783242,0.1817005398577249,1.6688379765664245,0.2676664858699522,1.2309942587732534,1.418766193787195,0.36228206681984887,-0.3953826950733455,-1.5073128018292088,-1.2853059551935762,1.4865437250734652,-1.059450313374929,-0.09919185285869131,-0.21628301215038914,0.6266974970163209,1
2.1637380855507695,1.7388809934771723,0.15848801706904853,1.3161194097661009,-1.7917979117720857,0.2907404177152626,0.3857576707158187,-0.10876396941357558,-0.19995786153679923,0.1170172614931461,0.7259252843808747,2.731845038284953,1.945840974113705,-0.8884609686209661,-0.17684462027104286,1.6795039139410484,-0.8355828996566032,-0.13583594902527943,1.4254689505139726,0.17417833987168882,-0.558794813559676,1.6237057499588743,2.2797128184753217,-1.1244273859829266,-0.3385509310886983,0.3889323588656789,-0.3226377386091135,0.5263244156896514,1.04265012061207,1.081203223930885,0.7291228577379945,0.36687590169275686,-0.9093855439288786,1.2586653059041213,0.10753850453763718,0.14858054578144522,1.234839580026013,1.0571056476878167,-1.2142580440678423,1.1353236057513376,-0.7571153631564778,0
1.015558032181993,0.9344737344012308,0.9209497741369218,-0.09334844397178199,-0.982188656765644,-0.6978999231838764,-0.7534667740649881,-1.4081874648136168,1.138693804985348,-0.3261540042321027,0.583858756999151,-0.0904545874308415,-0.010957471468388007,1.4549500732692957,-0.39871924343949644,-0.7536640694462561,-1.1558705371223417,0.3360441951808336,-0.2719528459156009,0.5214733403936266,1.4012141899157606,0.6669362459788308,-0.45689467543606704,0.7054721385521032,-0.7022151553937003,-0.4508335572547813,0.9401673969760712,0.9898168696835261,-1.1021779184622278,0.8411674129738022,0.44082282420428137,-0.7234834267424511,0.7990729993985439,-0.460748387313776,0.9311551607824211,-0.8508591336212648,-1.6188253340165895,-1.3759266007670852,-0.11467585396327064,-1.3307173582055163,0.5180986953506954,1
-2.0348986130130284,-1.446165644286923,-0.6472161048409615,-1.1142047488488835,1.0573678253350398,1.0611715233472436,1.3542015133978875,1.1032574906017643,-0.6822454836103391,-1.0164191531713744,-0.2562186337334507,-0.2095930720711082,0.21495036831614767,-1.6903892003332668,0.3028540008933358,-0.5033512154383785,1.2391090960777371,0.5859956350798325,-0.813501574916992,-0.302028666265056,-1.122071749327035,-0.7641273621409408,0.7502586649850128,0.9492994865035214,1.0888861144062782,-0.7094440974802427,-1.5697298847371826,-0.6844102799883608,-1.0111184972851996,-1.7786099297622662,-1.449924976624933,0.236489534168756,-1.2825533946392025,1.354145529517343,-1.7921879551349236,-0.3404779465420988,-1.745672675500121,-1.0236272276687193,0.12132693727712897,1.8557774935012727,-0.4474514957681005,0
-0.07115930422318997,1.4377914981922597,-0.7028986831219338,-1.2027105544243475,1.3589953039794158,-1.7951035648910951,-0.5550672510539706,1.5057006393097347,0.6424629851979721,1.028858475839321,0.828624043534225,-1.0804940921155208,0.7952369582583299,2.044618432121916,-0.19672050362698937,-1.5427642048836585,-0.45570572434789847,-0.31973236761982277,-1.223958646104754,0.31780090848828396,-1.4538497453539874,-0.8076200934769393,0.01861070901428364,1.0157813593028606,0.13698629344496374,-0.09579620818207855,0.776013207322741,0.3273823586453405,-0.045649703415002976,-0.9177325299194208,-0.025985972765670686,0.10780571796083963,0.6278042589430517,-1.108549210722737,-1.0310945224982386,-1.5134982426915486,0.6627255928647245,0.2532022128861121,0.24845945439862416,1.4021882177263119,-1.1012262044350032,1
2.2769783250347118,-1.1421020775977513,1.6296475756953708,0.6489102659022875,-0.4362816153964072,0.5871202621060473,-2.160452545608439,-0.6547809100068986,2.3384580639986314,0.058634774374803494,0.12405480925707485,-0.02602599544150551,0.9128458765685221,0.7806733169575458,-1.436370738677225,1.2362997590179199,-0.28916735628293455,1.244047131514331,1.2192072911818816,0.9660365501588356,-0.13690736641677007,1.2690197194815576,-1.2110278207576677,1.1079295648737308,-0.9960854657121112,0.7126852305135895,-0.7837662769289164,0.16069749242522927,0.07820118457079432,1.9912170883958744,-0.128060250952168,-0.48664351581671633,0.6724040136870427,-1.0930239960442054,3.2766369339504067,1.1070265516294762,-1.1324861582351597,-2.137183682243515,-0.5106532315334457,-1.3313111983791444,1.3051819608139612,0
-0.09804491138201664,0.8789217350646877,-1.1394738246718266,3.011031141578711,0.6627832130909113,3.0486981749949136,1.040366131585497,-0.018020887608355657,-0.23539532431994895,1.1602271806353472,-0.8747479744715175,0.623975315751018,0.912749909669183,-0.2154154971926685,-0.6973445433359258,1.1094049677584021,-1.6394423159092721,-0.4066544443765543,0.9123613944722694,1.003057191436082,0.29595501025208415,1.24167214829119,-0.031013452681655465,-2.0029283695746516,1.7037791725112725,1.8102884784023063,0.5823922649377036,-0.08340721438882676,0.5824260303248991,2.9291414309657693,0.6287337001486477,0.5054125796034984,-0.10604774870602758,1.41715937692664,-0.5891407398374477,2.586718603615086,-0.7274213812257125,0.17148364716903997,0.7447678218934156,0.935438791778993,-1.8964744157699303,0
-0.26624526519514885,0.4982508062054786,-0.6816397461937922,1.9057870420264218,-1.0048816032166228,0.5703298124507953,1.1060804489646658,-0.5221141633392983,-0.30467828934356483,1.0254973333561876,-0.2803584753414984,1.6562373344059191,0.7087718721276222,-1.612475572488455,0.04805716758378423,0.9874436383519738,-1.1836918017028184,-1.446762016057247,-0.36123391460524834,1.1244747829476527,1.260166055532899,1.3564878582996216,0.2373458313856885,-1.7844677153795574,0.6542707280288448,0.4970902234839767,0.5253731554022947,0.8682868478005275,0.01622507954580684,1.4151145628324555,0.7272998816236873,0.7139646540727781,0.039563134787905435,1.0210785549622678,-1.1007954814039311,-0.08510139131703941,-2.3782072801728207,-0.3977388413403748,1.5061204490285618,0.7828965911892487,-1.5326473027757332,0
0.12792107918997764,1.4514493439881138,-1.8240228347457048,-0.2107356028461136,-0.1542786681609508,-0.24443902912621387,0.6673947426212813,-1.0909079749665078,0.6028175885825965,-0.6495291466247761,1.5873234929333155,0.3600862635114633,-0.7918797566437447,0.7008754955251889,2.7211993148185676,0.8375807313640983,0.7102290950642519,0.4617194926011191,0.12353833379395199,-0.5401092154993691,0.8981654901724017,-1.1771635797685387,-0.386488592058995,0.8480736837255141,0.6506943685768689,0.11225499522816394,-0.9629602513794915,0.9090028439756597,-0.9457042012054997,0.20328856671654805,1.9524027716020111,0.617889912308654,-1.0120662785630103,1.739436241126504,-0.45922353025441226,0.20452262322997902,-0.7800383043778317,-0.28795802123455705,-0.12820410273171082,0.7604571686159337,0.9884753941133988,1
-0.4331263449618874,0.6770064863886383,0.00646838855284371,2.153724812483105,-0.26089024017237455,0.6435806554168242,1.5944425232875594,0.1494566790548025,-0.585001571750895,1.2853183009246865,-0.3827653642398959,0.6961972702446882,0.6742367607540422,-1.562270896565342,-0.42779011749668594,1.2717069897806512,-0.9668880204955316,-1.302421823656504,-0.3596095142072993,2.0782749125566977,1.1716099381475655,1.622344494469259,0.5970358715786374,-1.0251873464858268,0.8078142327916065,1.104324175909789,0.4248478504209076,0.9132950526739017,-0.15765284541346555,0.5365575375255849,-0.36832025401875984,-0.36186964808778715,0.441945603696217,0.6242742742926054,-0.009069822747995891,0.049056146020136485,-0.770760228558473,0.1777930231820498,0.1290560847388596,0.21777714575677862,-1.5340538228066283,0
0.5156944175074418,-0.9551471044286804,-1.3423732310326877,-0.7154187810889623,-1.2245650429809791,0.8364641075781827,-2.188070223371,-0.4350750585454645,-0.14018548036048548,1.1999629036494728,-0.5040064145460613,0.49061615051303376,-0.6831954379337201,1.9893678459901654,-0.7028101538722465,-1.7774544293094914,-0.575729226687241,0.8798122071591695,-0.8873008063451728,-0.007761484338031148,-1.5351155146957398,-0.8136700781148648,1.7518723250037,-1.5588685485399674,0.7910232943344189,0.23376630927023195,0.37853959794132863,1.5029189323058296,-0.8850686649210905,-0.24997116614347278,0.5397443820791322,-0.741976718125723,1.1909890633791849,0.3970540873535171,0.31839566612277365,-0.6485975326791116,-0.44164729414635373,0.5010065063374652,-0.09148896317947987,1.0276918559777277,-1.428372254738978,1
1.0465023369830535,-0.1476214722764249,-1.01706663897624,-0.43322372630203404,-1.7922080464416914,-0.20652958349830994,0.48445906433672536,-1.2185549094732353,0.7028613405366372,0.2380061503593704,2.0994415043219385,-0.5235430593432986,-1.648288163625905,0.17494823851844024,2.7983699630639873,0.9471049876965221,1.566912505352552,1.3659404615956028,-0.5548476112587812,-0.8153505391065923,-0.14389498101863674,-1.255228584276836,1.341385934125788,1.0335668987736089,1.1196300170162257,-1.1620243300995685,-0.5561702924425185,0.0666962903487711,-1.710137848821061,-0.42430095847933597,0.653957165044443,-0.19066522779708045,-1.3032484719176218,1.807045659907481,1.2579526370970682,1.5164571858134426,-0.2910093004083882,0.1330842855974331,0.25288136978234044,-0.17733342021597076,0.8893123962797898,1
1.1971753988189908,0.2628573154065191,0.6792502233669236,1.9023976114512458,0.43255866588404923,0.8932590820586098,1.0576922312413342,-2.117721196915683,0.04517380509484039,0.5437007801432333,-0.11475785183145325,0.5326318752114411,0.24305642402418554,0.7506705777561771,-0.04717101435297451,1.7395012314236622,-1.3298577059892138,0.3094745916499224,1.1321433595112191,-0.26845860227293217,1.16451279019137,0.4109547771751553,-0.6042594379880449,-0.8980591993032064,0.3361343694605607,1.1981969225776359,0.8485507171573057,-0.9374109137294269,0.1635599597743636,2.1160220317301843,0.27168521661079076,-1.2295135664275925,0.06894097669966655,-0.22661894298204063,1.7812829627566522,0.9305235326854685,-0.5417201717550062,2.20912846407063,-0.764435965379593,-0.8170350086030119,1.0687431092476176,0
0.7588692634931816,0.4086838824969776,0.20922081060883674,-0.6907357755187853,-1.0817251859052035,-1.6776508341216898,-1.2210789651702172,1.2644154902734195,-0.06115473854677458,1.0854945266125833,1.3952579264634373,0.733329014116514,1.484607951332156,-0.862539829954417,0.22964154417228835,-0.10017420137948012,0.16357189470046493,-1.0140180964446968,-1.3867728831848056,1.015598359181894,-0.434160920237377,-0.3754723358972841,-1.087235511505502,1.1165455969201485,-0.9367692236912689,-1.0153999880879547,-1.1464887685241845,0.69121774234359,0.9635588725461912,0.1749859855077465,1.3083163281791903,1.8292530292049507,-0.2240766648418693,-0.09765157931133754,-1.1548383880845414,-1.179872233767099,-1.079657281704638,-1.6538480865981036,1.4079621429917104,0.6392262832516281,0.8523931314760427,1
-0.8788081095279286,-0.4159749940535455,0.257770023288406,0.34156563198616235,-0.42100049302690945,-0.2563501512221125,-0.5881029066529473,-0.19853155966837147,0.9726686757345634,-0.20506331342242864,-1.1333121045427803,-1.172470720870806,-0.1722828718445558,2.388771503405958,-0.6572851687961507,-1.649237797888063,-0.6132692158336112,-0.024646961061931823,-1.192032452694793,0.6507639649456558,-1.39391921263282,-1.1167473787465714,0.8310290341719062,-0.9798742424768448,1.0513791771303165,0.5395863812184649,0.7941532541200165,0.5369583348677023,-0.6922364826116649,-0.612456063601292,0.9720097818999033,-2.217901032212424,0.4761134184257761,0.6463913839762968,-0.7375650763760935,1.9173397617437722,0.1715898995855119,1.5314050045329797,-1.416694012741983,0.7415599222575779,-1.3704555264636644,1
-0.6313074235517414,1.3572975058275676,1.28917711156949,-0.15853100762446318,-0.8279790429052828,-0.6036850843601472,-0.4555438738255821,-0.05997580579774442,-0.15461063525071184,-1.2823309204721642,-0.1347531750241216,-0.8357556642609156,0.3737070012240495,0.4320667841777585,-0.9528046710885386,-1.3241698918433429,-0.9261227916032654,-0.192335835222104,-1.1476302397485403,0.9896419175300845,1.4594831438047569,0.07002413265553872,0.16857471794860254,-0.05232363505882893,0.09760384445508621,-0.9752799629590954,0.338586178345054,-0.4676924421227456,-0.8675716924925458,0.33512453164441697,0.6119242753110777,-1.0659828050145956,-0.13654322615523426,-0.0873976876417204,-0.05896027645399102,-1.0650425626350881,-0.8200735451108667,-0.019886330792045995,0.6497160579385529,-1.4890617334953369,1.09345781471688,1
-0.7808491825832912,-0.4944750412739419,-0.18665818020717517,-0.22544980359034833,1.155927304813966,1.1438969635918608,-1.3627841291007894,-0.27912319254980134,-0.3920096575819365,0.5730253991467398,-1.9807456838655535,1.146270712091134,0.27851581148347,0.501125807980258,0.2903341859116126,-0.7125293184617043,0.7589602587247423,-1.6436781261915325,-0.3260974891735381,-0.4583102970562553,-0.12471389111928824,0.29879271613706404,-1.2020941091937054,0.020101939980148448,0.17190833504091535,1.7366460330810611,0.11511950928265183,-0.29931301043265607,0.4812898553043382,-0.5335009207654469,-0.3665730100867849,-0.7882633025616261,1.90845662085394,-0.3199057739040703,-0.2514871612954317,-1.5494709298223317,-0.5596975424398072,0.4387397471419443,1.334681646415883,0.5064439933818596,0.31873175699780715,0
-0.36448259081809664,0.032933363340644346,0.1736481489460533,1.399673265797262,0.21881067963293208,1.3304734594301557,0.6504219097247191,-0.7272729624912979,-0.9678965048767748,0.6735428625631715,-0.6332246383043321,-0.9633680830027966,-0.38543207754670433,0.569920355864262,-0.020728769031020625,1.6720138259663366,-0.7515322817292611,-1.2205189373036334,0.09690336321646484,-0.16763111987574306,1.5101771015123817,-0.910075328537697,-0.5634018880066822,-1.2464552191946574,0.3811568449446859,0.8664464286291705,0.8673064342536734,-0.6332685477464801,-0.5114381687836378,0.9808955399007279,0.48586616865863935,-1.0829414997081457,0.11051466908251963,-0.9574202143818521,0.9560733758528946,0.6599150325705404,0.9990498458245192,-1.1858159347326485,-0.8635138116570956,-1.121221142223537,0.0991427886446809,0
-1.111936448935206,0.2700092979505092,-0.24926304392875107,-1.5385700277901855,0.13606015545324326,-0.8241098395172571,0.9120994445543082,1.3621477224766478,1.7187674016275671,-0.6938373739228505,1.4356146426724203,-1.4187568910200687,-0.039864573938981566,1.2045545855554032,1.1938438950789503,-0.9775814036307586,0.5359810064168807,1.2357299526252377,-0.5304902524562963,-0.9486665613479347,-0.5812037544157387,-1.123888473018368,1.1639796882443156,0.1838888674876512,1.2945085182313871,-0.7001982436554561,-0.793546486277634,-0.540496017416644,-1.7435726680803076,-0.2164905636244688,-0.46140556936325156,0.5867081280970934,-1.6342932958610834,1.0065308444226693,-0.7155121018149467,0.466715828426403,-1.5965337334520604,-0.0515365708972855,-1.5965096501609835,0.13038459820382947,1.2649930578703699,0
1.8088175160552407,1.4446532133372993,1.345697997166017,0.15269834634681712,0.21745431148848252,-1.7677772008165629,1.3347523954324443,0.10297846680226397,0.7386179920713838,-0.2462962544426732,1.2143168672866662,-0.5477758033483757,0.8516102528135351,-0.3711810394242214,-0.21682156800235697,0.4674935288070078,-0.18202244987271562,0.8223198091977123,1.672491818534236,-0.4859640370438559,-0.6118506471511048,0.8607666306143013,1.350593685296476,0.431336791867074,-0.7848382334642966,-1.1834411359667125,1.5977736327340548,-1.7736416052623103,0.8907509045864037,0.5803041220828035,-0.22550606278002508,1.1120103892601314,-1.2077441375033624,-2.299303205755953,1.307057393180929,0.7958307063918525,-1.3054459540431573,1.1295489471333051,-1.460045703570186,-0.32413683284465494,0.17650326750242026,1
-0.3281730562052604,-1.731456767800611,-0.31331824555438637,0.02510031658697751,-0.13532708497980162,1.8031810876873502,-0.8179154234490371,-0.9585266692260601,-1.3679482288082971,0.9575361970471798,-0.8726027510613663,-0.35697160280002854,-1.2514500894051837,1.1702323181487724,-0.28852437646095463,-1.3487847267077502,-0.5827260642799087,1.4236105476142507,-0.3164648454263958,0.4228280824100883,-1.007067957136325,-0.04235788753252913,1.230566696762229,-0.3231589779747318,1.2760469407595492,1.3157077955291467,0.1340538046307806,0.49648216522341004,-1.2378388202826935,-0.21558077797199912,-1.4976645100652857,-1.0135827162451967,1.1824456517239423,1.2556626467737761,1.542007446015948,0.7166658443057453,-1.3655614390358402,0.7448814303200634,-1.3282141166832293,-0.3717248669303409,-1.2145839814507462,1
0.07886451301405471,1.4061918819974761,-0.020994491599894274,1.2877116895183462,-0.7184989852832089,-0.8927975819203348,0.9331081972745995,-0.6507638660494897,-0.8123944014595026,0.5062824390129866,-0.19620149924414834,0.8345370615960717,0.36257321768381884,-1.4514135613469232,0.2550480934900162,0.7607465911521941,-0.03130366266488338,-0.9613983011521865,0.03946620216179886,1.3678086993742111,0.4480881439857014,0.4757972549742828,1.427537504963481,-1.0660553726196496,0.4410295479160413,0.4035822226290692,0.49548225982725025,-0.39291357982592495,0.9722160419575357,-0.1645394952162235,1.2303044164581785,0.3210011075923717,-0.3013284818989974,0.18145401152585394,0.29912093762048836,-0.10128550725017146,-1.3143459892988223,-2.3404151256511017,-0.9554938848108275,0.6999370688645791,-1.0682019110856205,0
-0.686091225963614,0.18247410995302712,-0.2958249599505157,-0.03876311125444096,0.6395165492734881,-1.4751751820724914,-0.4718402712679144,1.5200706252830072,1.3295748005916403,1.5809361036249816,-0.01918641595921014,-0.5946997125406784,1.9261726906479668,0.8824901356994577,-0.5013241381243393,-0.7125102905804822,0.5212687060842902,-0.7446221357250076,-1.955010616645622,0.740764228136443,-1.167119677214681,-1.4718277514783145,-1.4973875669881673,-0.06690566072427671,0.48131299984682313,-0.008218272721928842,-1.3363298624678628,0.25508816456325,0.9137107433330638,-0.6417575203646654,0.1533476053458259,0.31221022285982064,0.517857181774458,-0.3628701318203652,-2.1436074213730967,-1.5891085117712729,-1.6361308365848175,-1.5175228707989985,-1.010691885494461,0.41789889429739674,-0.23365921230352932,1
-1.471257485308708,-1.932676634010497,0.7108263778285581,-1.6057738016580052,0.16331395761274148,0.7771531022307092,1.3990651285468525,1.114518279284087,1.5259808444846052,-1.3940818779919655,0.43103208428495066,-0.09104394904831081,-0.23279574827742366,-0.2589079987590075,0.6163170040831332,-1.2633655232036765,0.4055980730983267,1.4879772414494428,-0.14775058139186042,-0.953555068865288,-1.100059204694573,-0.2896631620032012,1.2541556894042771,0.7492991056135808,1.081822680423355,-0.4360567886571392,-1.300867938114213,-0.5444798406132653,-1.594387218622022,-0.9211551702606137,-1.7475014226763872,-0.3270660193531464,-1.6493492441577036,1.4724420223114918,-0.7670568591856415,1.4947766467293935,1.201604558541123,-0.03978365392194635,-0.1821625890774263,0.8296179316846389,2.255000983664476,0
0.10678950722836163,-0.7355117562229704,0.48749441766387286,1.435668381421612,1.2030552425544998,1.3156537968994308,0.8174263770752693,0.1084750714175525,-0.29059128097844067,1.2569140283664726,-1.0233912408710695,-0.8589937916643035,-0.7066334143893027,0.2505485511215007,-1.0659008514662291,1.5733971620154446,-1.6431034781008729,-0.6326779847274411,1.0747669689909685,-0.7005572032645639,0.665854752168398,-0.42980498263393313,-0.2694728200504168,-1.3123531078804422,-0.42443822254858343,1.1891470763913157,1.668707345569647,-1.295432771202147,1.013450353887438,0.8406765838691124,-1.3145112675181598,-0.9799569950321422,0.9764676445562162,-1.748131556701523,1.7068732779447067,0.9083937541722928,-1.5624497076571864,0.6660003855905872,-0.48286989957938964,-1.383392189858975,-0.5328631000145309,0
-0.34498711093035866,0.9082805716804541,-0.9306194953676675,-0.3747956853918135,-0.07512422859378319,-1.2515053095451372,-0.2667365305787818,1.1706460863710457,-0.9086951346753105,1.580655158955469,0.7062345399474593,-0.11336162086822305,0.33737821276526836,0.22879950627014614,0.5927369915381638,-1.2306292396841878,0.6725641846340131,-0.5959760314468427,-1.2189646668475247,0.8780411920411274,-0.12516570152730724,-0.5632358553968886,-0.24176463589271263,-0.25652101426661716,0.6789484342955932,-0.1471140661784999,-0.5364944349702072,0.8505263028053869,0.5132962091799185,-0.5309641868267025,0.7168951274155416,1.2234046155847083,0.17979586682958162,-0.18555499791722044,-0.9856626999108794,-1.2122764320973778,-0.14697355119157524,0.11057730953192962,-0.6252369786310775,0.5129871286838773,0.2164852397707001,1
0.6462237694446575,1.1200545081063376,-0.8319180300705693,1.6230911060080706,0.054988042469427185,1.0166821465437108,0.6820864302945917,-0.441049084859519,0.5398291048066551,1.0357451217760651,-0.20473875829589147,2.292273366419945,1.5145832365258107,-0.5567160606439758,0.08850818304617973,1.1912353545757997,-1.3111444719399867,-0.7632729422747143,1.324661073769595,0.4545758881441106,0.27482565005938114,1.3114160810700308,0.7984236573104779,-1.514903708344523,0.4201743955657528,1.9237655903046342,0.11600409393655332,0.5032301495433104,0.7021172546351523,1.892914384302609,0.745067761061633,1.2542978699704226,-0.2347211324799164,0.7797712747708072,-0.3740374700024094,-0.09728719286579804,0.5393014087400181,-0.7298801717856139,-0.6870286203084414,1.7556553498238947,-1.2425623013488016,0
0.9887009477933213,0.7045091950635727,1.0791860517120235,-0.32970130593131647,0.05667995912226296,0.3355723949877496,-0.6837502404370471,-0.2753496700929667,2.332390578485468,-0.8610269592935218,0.33845416475178164,-0.34239765829594127,-0.7517863996220525,0.2680455124228509,-1.275236185700453,-0.9510176939968211,-1.2076636185477583,0.8819322035049966,0.3673933499277868,0.5884343690678175,1.1946337998728065,1.4630139551544699,-0.22240548670549615,1.170765577988767,-0.9909232277558513,-0.8705780213740115,1.144389734114469,0.38265363016542653,-0.5611643762343653,0.5064545052149388,-0.6533692171244785,-0.8329783898347533,0.777315123624228,-0.9552758592936564,1.535692963590529,-0.7541151671542249,1.366693975086498,-1.474894352254533,-0.4042130071820529,-1.299492453984466,0.5672825898141444,1
-0.025722417789193586,-0.38413570970898203,-0.7270749910973211,-0.11171897574747255,2.0466470863750117,0.6471926899575425,-0.7527968094547568,-0.004434266924920811,1.0555430320404837,0.8729671045070653,-1.06753513905512,0.421411243344984,-0.00868464458091925,1.3263150097624177,0.15349607108487967,-0.6283151719337542,0.4581535432511334,-0.3372051612619239,0.251474718199875,-1.2302398457698898,-0.6923369765091861,0.15795165733474922,-1.6855890340152386,-0.06912728704827802,0.450942516016066,1.155870952885812,0.5090307053747948,-0.7100093539856981,0.681117493383426,0.24911615414325916,-0.7746173247020013,-0.30736403540308677,1.3280552094376108,-0.8466008760872444,-0.2115088781351703,-1.0995824657961641,0.500522690877864,-0.4546686027240438,1.8897612933607273,0.6733191866884598,0.16612046399600702,0
1.3744574569142654,0.017635496281323305,-1.8195242856111158,-1.049847357773471,-0.9484562366194728,0.26916654340305063,0.7305577219101453,0.480357186608887,0.4745049671100886,-0.47690536590961957,2.079990862132401,0.717792833994952,-0.7807407170291002,-0.4701078966578495,1.006344283576788,1.358004296933405,0.13860867664810153,1.0514601010192348,1.0267046135964744,-1.6376292547762379,-0.009188258388690008,-0.30804149721723495,1.2152338044306883,-0.05299621898733622,-0.8216291967716083,-1.4552830488673822,-0.48319085882702123,1.8293278188620146,-0.9704358179141118,-0.44759577252887045,0.45791730693679633,1.1550696590356184,-1.4208375055203943,0.5921951267853259,-0.5674919482041039,0.4810610042883473,-1.1422349843481154,1.5411114247137465,-0.764961021634673,1.3254617917108693,-0.6778151732747689,1
-0.42956813563388535,-1.0304278334207058,-0.012488564275107996,-1.5270220794414981,0.0501283528652707,-0.34426948963088694,1.0148953005813044,1.4088525036319175,-1.0129060590803145,0.2332471494510554,1.542832069825845,-0.5988005715057756,-0.8892908149236555,-0.6781038649602862,1.3779841094937837,-0.25389271010580683,0.04948650108726127,1.1794812495754416,-0.06248645389956626,-1.1964513306769222,-1.4646973681180615,-0.7538230923195234,1.5994431902771526,1.3778538063913008,0.6471275493132527,-0.6095781146187573,-0.563969056257143,-1.0619100948858802,-0.736631939908037,-0.8520810707275993,-2.3240968485107656,1.0406857424779132,-1.3010101244947374,1.448184571091743,0.4796625431365999,0.9944104667396402,0.15852321621726279,-0.5722714858087177,-0.5398514163584198,-0.3322636856979886,0.940514288572153,0
0.25125165007044303,-0.566135038205855,-1.1712815469967095,-0.8946486273863363,-1.5022354227566639,-0.10071537236055486,0.8995594007860663,1.1394777433593797,0.5844148989843275,0.41249784670443274,1.9460857662116309,-0.4373847403138443,-1.7282705443040194,-1.0745275844051225,1.622410918510138,0.2916549171709935,1.0464617885065892,0.26981104714596615,-0.628305198678455,-0.697088807617889,-0.3064708946870707,-0.2508876651931642,1.4152276327589832,0.14319632774873992,0.6563621055402679,-1.898325201738656,-0.09317025399827712,0.8121490161140064,-1.155401379938936,-1.0405558569005722,-0.23998800265465317,0.7860769124949475,-1.328354897865564,1.0403651071261752,-0.3445978704162392,1.3951293325258989,-1.4236857605461033,-0.9556843006965877,0.05768917902871066,0.45295914812546617,-0.13823732491833837,1
0.8443723653487848,1.066471992447572,-0.4255924877417243,2.087208515638151,-1.415310652906826,0.40098043092245905,0.7478787689480331,-0.7520717213502165,0.34221174268510335,1.3622222228285426,0.4372683514707426,1.4748610709204981,1.3635872870681773,-0.6132652928355276,0.244704118948658,0.9409547410301068,-1.6379914896690122,-0.8241347553046325,-0.36388277882269293,0.9652218520320738,0.11198835224957512,0.9015707883702315,1.0771537359152665,-1.3776253916275492,0.9907606209306425,0.4107950798692782,0.8713591324395569,0.19990764031280087,-0.05812237737490373,2.0731952819814254,1.1665346560655303,0.4622901857224307,-0.38610104325711697,1.653880396149118,-0.7289844310250347,1.254553838259773,-1.985940613402617,2.035361946533985,-0.19402474255282318,1.26205000850425,-1.6750709938078407,0
1.0972976896484117,0.7310157654053759,0.5543916705556858,0.40205785217101114,0.47574397498690285,-0.7859724074203138,0.06647306661466566,-0.6050252879087161,-0.3121219436275073,0.3079018187932526,0.2631754186746134,-0.8844729466943786,0.942531898303371,0.6599735439190308,-0.31258494919610447,-0.7797860081403046,0.029029172385284702,1.2012157565999713,0.40778314315460085,-1.0892895453799962,-0.6016097862297658,0.7213083850601171,-0.12866463443961448,-0.07530120159811075,0.662543150417936,-1.1849774295367888,1.201680330697558,-1.8280297563326504,0.08163170258319909,1.5161210289044837,-1.1336224830102086,0.9476385908026457,-0.4976116172433443,-0.5979898000657685,-0.02770205235804184,-0.25450222689271,-0.3895954408871312,-0.6303510104236425,0.4400215772827409,-1.091407168203339,-0.8107988756184709,1
-0.9178438579202187,-1.416292679150051,-1.2940305654138913,-0.3653655048944667,0.5809275376545899,0.3642999545479691,-1.0290611367754716,0.3647640521600928,0.6139509449974512,0.9372355613160446,-0.5869010848434556,-1.4581161064169714,-1.4071222296182058,1.4627835814447907,-0.18763311764980703,-1.4120598706607264,0.06707959987881562,1.143836320708381,-0.8499285602282307,0.8046887088054917,-2.544836035634717,-0.3468770265226496,1.515546220657683,-0.05956805482052434,1.5549515569819274,1.2724922231236415,0.46066360628725794,0.6517211968269354,-1.344929903724542,-1.0473974427816084,-1.2169226855728728,-0.9412098834186989,1.02749235597446,1.23088819795333,0.9061760597973483,1.2612115931442065,-2.2676462747368356,-0.6357636999683385,0.2024824297328014,1.1338287172888246,-2.3109412393781725,1
-1.664129386283393,-1.6523516119845716,0.3654488215894048,-1.3161449403403769,0.20872571106689064,0.9691796458626962,0.568513378937641,1.1889907167109957,-0.9932389955662018,-1.7266399832861334,-0.2331007799147185,0.1161198772085544,0.0863133088140488,-1.5775047807874187,0.4364167677693316,-0.5113835725014548,1.540521417684406,0.651386580115121,0.3666650869333325,-0.5736774234162132,-1.4534111014025375,-0.3270506527563002,0.9093284768064149,0.6359685919056329,0.6852585778089983,-0.3785650650242396,-1.8563615030322433,-0.9123157381749941,-0.4124250101529822,-1.0195825976157424,-0.5746957817374794,0.9992584436333993,-1.6568191228204547,1.4015494100798331,-0.9905936518683999,1.56905969458604,1.677751478470424,0.21708160234062668,0.6355542170475449,1.0097578175191204,1.0271308564870059,0
-1.3465689065583442,-0.160958302845768,-0.824265339891742,-1.2434399869857145,0.36848999705010027,0.6109660852723562,0.8398454125897858,1.3477775410753383,0.7133707850768785,-0.7772753820182132,0.679035249005266,-1.2898928534830936,-0.015437343593700782,0.5117599058341155,0.9134260405287042,-1.3077434615436063,2.0950801308118914,1.2568898039300165,-0.7255173134978393,-0.6981389123621159,-1.1419532313204515,-0.718460671837868,1.2020508007271973,-0.14408512504868456,1.9825618596766956,-0.9784718287291009,-1.25964339149293,-0.39295639319695336,-1.7276166914257578,-0.7658199033100219,-0.43989640054053564,0.18934203317333176,-1.7155302809814523,1.0106387126406593,-1.2444561310767945,0.500574422156553,-0.2812812556391836,0.06834840725131552,0.8289228884582905,1.2517877038214111,0.890697497710925,0
-0.6087957249065886,-2.0326559616610775,0.116637461794892,0.5312086160291368,0.5400944048687356,0.43831537519061353,1.5121953019417993,-0.19730126739648274,-0.42025725992660723,2.181139828008534,-0.09876673330982766,0.018587179559568612,-1.8897562906430496,0.3178872727985787,0.7899538039734258,0.6594862152834449,-1.8238344258042212,-1.3148030732439453,-0.6150888483943956,-1.6197748763980124,1.2956996139510333,-1.3689084482275116,-1.371126167423349,-1.1118928707938964,-0.17739670084863582,0.5521559549028555,1.797623942461281,-0.6534138135358208,0.015922835154892043,0.3228903339477416,-1.2143399257159353,-0.9412178062113575,1.121866931236212,-0.8071980053749851,0.20963041389522236,0.19975043279152085,0.4856601401581594,-0.014553908838291468,-1.1930212006992709,-1.0498279753746715,1.4711223505272857,0
-0.027956903476605195,0.8195869845231969,0.342778657939865,-0.058063284616938354,0.24526239995014204,0.6963565632633804,-0.8277469821525533,-0.012139569027751046,-0.7527213554626304,-0.8708638577543415,-0.07146160467814842,-0.3475939315326314,-0.5035273110758112,0.4141090057917835,-1.0859073681044042,-0.39587527277964557,-0.906815258055366,0.4201861785576873,0.0012942462112921814,0.6091643699295861,1.5832960465950492,1.001815083986709,-0.8067700488180855,0.16551729976902346,-0.39303091441657284,-0.22532900658811145,0.18940858999929597,0.7170189651693234,-0.7678287510522045,0.6418141334354354,-0.3579688160185049,-0.5687208242462369,0.8644710149143972,-0.1666894858515977,0.6925557578202763,-1.242115306309533,0.07643642593101961,0.4781679377409637,-0.25207227311176067,-1.4379013990316345,-0.0021120165154260555,1
0.3890782537454598,-0.09700228458663965,0.45610564149539995,-0.15349963723785037,0.304760297642026,0.08812435551184157,-0.9775730762600507,-0.9575900724671228,-0.07182897663333244,-0.608479192899374,0.43995886890790586,-0.5497224839610907,-1.1266710230309136,0.8521307292611062,-0.9428479673812958,-0.41797481232427164,-1.3430624687305988,1.0722356006933687,-0.08475849381709046,1.0617505696907314,1.6539561880280529,1.571767280824734,-1.1096034239049262,0.6395784431529575,-0.20583277536152442,-0.030900261490494463,0.9675852342172012,1.2691465724127917,-1.9046667598053892,1.4199486978374987,-0.45882316020620717,-0.6650480188462944,1.2791172252999563,-0.480953818410918,1.7712152319465024,-0.7615700930413811,1.641546216634542,-1.7397743127919998,0.5767115888957793,-0.9320444359901572,-0.623592900208981,1
-0.9658762652068167,-0.6732857739491955,0.24537224270001795,-1.7017417982778706,-0.07186833528095295,0.3899849479620843,0.8674897530969711,1.3207621466449364,0.6245243798242491,-1.3506952479514913,0.4725034840151094,0.28489783944256347,0.4230924293656896,-1.137120281060001,0.48812212305002306,-0.5119701738009447,0.4743632366104091,0.47545637343475433,0.032080116926272974,-1.0802346035315755,-1.51359782376647,-1.2390013235425839,1.3950129271864284,1.3177607911981528,-0.03579288652956861,-0.8627982334878024,-1.5206409290749812,-0.6186692402348778,-0.13164315389734058,-1.7927668660395422,-0.6020559806499564,0.6477351229433385,-1.549095827458995,1.419107472587014,-1.4150548447064502,0.47028157172244683,-0.3840271405407017,0.8637383532253555,0.7870963737760017,0.8302697224370021,1.0051624534422199,0
-1.0847834851079992,-0.1375637012561504,-2.9239323399728447,0.32468162443216103,0.07098301626167194,1.5361532289801385,-0.7033922748385724,-0.208507059507525,0.7309599559062586,1.3348333044019294,-0.4200760232399677,0.04121184447054914,-0.6759732254227615,1.858286108143385,0.6905925349315674,-0.7862998922852626,1.2119283067476325,1.3828502215666407,-0.45569445261828456,0.6236860647664372,-0.45922445190122085,-0.7697379777988658,1.3209454061981463,-2.163646113515652,2.635675980356066,1.899212476343702,-1.3046396437447436,1.230738349706485,-1.3948240017284395,0.5997179580508879,0.7771914036475622,0.334275787334072,-0.17980669566939741,1.2992283005776046,0.32916288997448057,-0.44376119142627507,0.5491001384567749,0.7586043786258385,0.442982292860273,1.3782354831414916,-0.986724518808508,1
-0.380350093307727,0.7900712401994092,-0.30825645595612283,-0.2181946578595862,-0.4379070877260738,-1.3094642780734131,-0.7364213331438262,1.5144187833069942,1.3372048065044664,0.8246755240885212,1.0135436843237884,-0.5869944305511549,0.8653486182981807,-1.367973683041145,-0.08057712357134039,0.06868047340063585,0.5950521084678848,-1.4592907870259366,-1.8687326870009762,1.6297818855220108,0.4291994707483589,-1.0620569591596307,-1.1667611479319728,0.10474493164437526,0.12550815852963867,-1.3627634540682523,-0.9283735840310094,0.04597809670548235,0.6020591560254751,0.1620303759706214,2.0095443620643167,1.677966116264056,-0.4818040413777093,-0.8901479613545368,-1.249338068005236,-1.0162208001701545,0.6928823877912225,-0.17356096742364802,-1.026977607795082,0.8787009697521603,0.5762031953557754,1
-0.764720671673171,-1.7727780455938627,-0.11736578599773256,-1.0146058014340082,1.259914794910238,1.3147308734421324,-0.18759834021909239,-0.45301296241494166,-1.4754678372626593,-0.515811352009014,-1.372882413818511,1.561281141137538,-0.582234097654993,-1.0391872499135368,0.9211666427125171,-0.2018206869363598,0.19005916352289326,-1.3968465540145405,0.0418705054077624,-1.7880875499811242,-0.7039292449594249,-0.5914672770067125,-1.023770531158079,1.0940129441747497,-0.8687932357168008,0.4819461046644625,0.21632653091239798,-0.9168540372280675,0.7664664893065372,-1.2830389248334975,-0.20298899361683498,-0.46866981181345085,0.3331258339802377,0.35898522928160986,-1.0255351141540419,-0.5392988503359258,-0.9811658198285775,0.19408931121578835,0.9055272346869119,1.8019424247029725,0.760624629174168,0
0.29049742010767615,-1.0536842219676257,0.8552117607754325,0.663248469468268,-0.5426502174113708,0.2859198330608731,-0.22540557343621898,-0.9646107885156266,0.1717088834157022,1.1973820866554925,-1.8146340031223027,0.31146616694275725,-0.6173980743713066,0.6769901244810776,-0.19445781444175847,0.7845871110155876,-0.3827760403519036,-1.8976226913582253,0.5377344562435804,-1.0674727725583744,0.04113183063802917,-1.058408235248596,0.35419731549235905,-1.0395771798499787,-1.5368942726359518,1.2666118630533663,1.5137843102570883,-0.4210963307752306,1.5136774103184003,-1.3239070928617696,-0.14234477570895038,-1.7556777286899037,1.6844864777049842,-1.7591550756991872,1.0961388320980672,0.48987960699264477,0.7337244751986414,2.882274974107947,-0.3210267129599999,-1.2332098980819866,-0.019411195786216414,0
-0.8289570265518448,0.04403255309738947,-0.6862607433762551,1.1993278561742458,-0.9219426657151616,1.125946358252785,0.2709596462490379,0.16501292731012346,-0.9502636295112847,0.20944184091828327,-0.5865105576072792,2.172588418991453,1.1917786029339075,-1.306384597376188,-0.30450954163332083,0.40873296169520607,-1.7357538432190338,-1.135510732875426,0.10832889108707874,0.9492446138785544,0.43569588741155274,1.0327243241398378,0.7466108574924963,-1.826391500684666,0.4958340609418691,1.2904640841858566,-0.24010335697460658,0.9716782241377471,-0.016710430346458832,1.6922289190885387,0.9802902438004476,1.4303421857521483,-0.31701258695270906,1.7421578233826895,-1.4736392261055,0.4279373697655408,1.1610398279608862,0.018252383958739384,-0.373411869541588,1.6925348789349568,-1.625285005644664,0
-0.11534985677133694,-0.8567296765598723,-0.3429886022294517,0.7859963009200005,1.7790601074163244,0.8135507472027431,1.1909069991871282,-0.12830839830906848,-0.6547238128471395,1.3650742438348051,-0.7126160815558217,0.46709588620208264,-1.161394949819271,-0.5309062327367363,0.2927509689608997,1.0765507480580727,-1.1432281632787118,-0.8801397392797181,0.9819091326843791,-2.1120767655797965,0.5908949129142679,-0.14524227547394364,-1.0118066831893426,-1.1778896383818056,-0.2026943459774816,0.7472990111974074,1.8716462441842585,-1.8949263289583294,1.3995895167853125,0.8394456719573155,-1.5617335152183018,0.2098765582505197,0.637248047455594,-1.1654200654355147,0.5561627504816783,-0.2579724079015173,0.30073556201166507,-0.2834082636079895,1.673017485239685,-0.6120628953149561,0.19298052086707962,0
-0.6278630116941882,-1.058403749903674,0.0508603886705956,-0.7104125828670106,1.0488258870724425,-0.797341659826151,-0.154767308463361,-0.11625051800642286,-0.22182491002229932,0.749070720298099,-1.002805435343133,-0.1831194147285018,-0.9311601229613486,-0.8183830721007497,0.3919823106038777,-0.233767116102884,0.767544235965224,-0.9490491650466314,-0.9056664331498577,-0.4580516602754681,-1.0226997361064945,-1.4750651567743407,0.010191385082335686,1.1304682076586174,-0.429977380095732,0.08484973348387842,0.5288157866468043,-1.3226473823467375,1.129422136404779,-2.4069225607761,-0.803370666513919,-0.9115540847994871,1.1500703382164175,-0.6424223232310874,0.20532158113611856,-1.1137771911707444,-0.822339537208773,-1.402105051069299,0.23177496149771254,0.1751567099684313,-0.29906769587202664,0
0.4988473825993661,1.1491720452674188,-1.3375911768808426,-0.508765273356836,-0.40531109903138385,0.5722843911537511,1.2684302752489385,0.6004987069635556,1.4946921145438747,-1.1745378713467018,2.4251306403834954,0.060513273866770335,-1.3277325219188565,-0.8300827766928571,1.6769954456544185,1.2683940251991304,0.48553448181092174,1.2976581780017067,0.915472767916372,-0.13375742716224812,0.9765007270419521,0.12182840853852153,0.898747806584278,0.658270907887999,0.5627193540216541,-0.9861120436482392,-0.98526280136709,0.9312042284491885,-1.3527890735577146,0.46875597255801427,1.1919843690691696,1.2028306418287642,-1.8350977775372352,1.2390897246855774,0.48204828582334325,1.3079852114853374,0.9622437538485885,0.330632838688149,-0.33247173850176415,1.000162987211003,1.333883213959826,1
-0.5824052200274398,0.1574384593636484,-0.06600847479630027,0.6908970400079117,-1.7909774587057927,-0.9109238900998109,1.4409332175360343,-0.38510152269845854,1.101462302940052,-0.00489334881328621,-0.18993667559179264,2.254404641426943,0.15550963200388518,-2.1273123228610302,0.765724273349879,1.1886258650601618,-0.9608776808176486,-1.9414984381440006,0.623314458414203,0.19912343899431198,1.21520666356675,0.5666381720744021,0.9891125881168169,-1.5866885282409264,-1.4672008414481024,0.6181374387788783,0.19081186894104718,1.1247992524742896,0.9628939095102229,-0.42885850345910126,0.9651616010009014,1.318895746164154,-0.40283745069242277,0.6440455850544613,-1.095714261143019,-0.1082203091397344,1.41840325922012,0.8217789909691039,0.8112686432235133,0.3630742637194412,-0.9823250369944623,0
-0.2408859281217097,0.5709485196858121,-0.5347526798022135,-1.7185507306933776,-0.08903491078066275,-1.9879602814429318,-0.39672085043930866,1.7794982011776401,1.0201428493556322,-0.30969656657360356,1.1086589343331552,-0.8945837577073683,0.10060873997903946,-0.17104200618939416,0.4024082170776827,-0.7529284504516972,2.2880612573801624,-0.5869249257565169,-0.8592863819190351,0.21798061485834377,-1.0367277164617414,-0.6737614385443863,-0.5963067000802074,1.1010329664515632,-0.8446979349128735,-1.4920223912232968,-0.9039038276093476,1.3684657033183247,0.7574932147801159,-2.268161899719827,0.8132227444044032,1.0832049373542798,-0.6199385734747094,-0.9599713493475943,-1.7469931383978083,-0.6846685335914349,-1.9837244278877677,0.4151422281427549,-1.3228908330992613,0.8671053241331035,-0.07728478354939808,1
-0.6741810815448598,-0.15393813438795872,-0.24993198927170449,1.1964439024186926,1.0089117911730405,0.8112822818343208,1.1634313208344915,0.049215939837140704,0.4063571474522583,1.1398325421188393,-0.5178366785039773,-0.5710648254595592,-0.5004198798062792,0.16957495995480662,0.2750944836808918,1.239654829096493,-1.0673285250329367,-1.1412748934341532,0.29532978111879726,-0.7973975876628414,0.8060376406547384,-0.7243648327003267,-0.35207067273516807,-1.348661047435993,0.5586292673138665,0.992112182783615,1.3933441142097165,-1.2983471856270783,0.1316171812652845,1.0415517361816717,-0.2304006101353164,-0.17552198185100806,-0.01632373519030319,-0.6732043169478014,0.4144995714886459,0.7421429241945713,-0.10817099238816182,-1.2509548274632403,-0.8479085915347904,-0.5577363419490812,-0.42615939588769763,0
2.461295846595131,-0.5768061376908877,2.707266393205424,0.38011937321463485,-1.2503502300792324,-0.6306260151211397,-1.271270184140538,0.03764941964581802,0.04434363014980605,-1.4489484937960069,-0.17815646973122357,0.12677505689527677,2.340556552232023,0.9160444406273267,-2.2529489034269674,1.8107914277024681,-0.37762416675335303,0.8807093059594994,2.1910426728103234,0.5421534468078629,-0.724013020880319,1.3116375845122985,0.08403017816643783,1.5888543380737397,-3.472955421304944,0.4033944854154035,-1.1437985285076218,1.0292809025431322,0.5763482004713806,0.26022989683107023,-0.7103912804560912,-1.2890637480177152,-0.27107169960023597,-1.7090545563661879,1.9515237558083829,1.3409202181090139,-0.26483434092462543,-0.03389170766524615,1.5810463418110332,-1.7262986018589632,0.4897483905836468,0
0.6068343960908873,0.4089224028365772,-0.43145161403192317,-1.061017163295903,-2.0855988919530524,-1.0643364305064145,0.3021733424467682,-0.6272692676489948,1.0539526899172391,-0.041208813922060376,1.4845982420961839,0.7914911746118215,-1.116036033731187,0.03414583002404224,2.619741069737239,-0.4847977569187386,0.957258108111902,-0.01774266052635839,-0.7089714596967697,-1.00493913707567,-0.36206037951629316,-0.7844196309704908,1.4266527534995994,0.7002418449249964,0.33266023505985143,-1.075038458306824,0.00955626594484593,0.430793162529903,-0.6161070256366875,-1.2921779554530473,0.8831696282716018,-0.0076259544139730745,-0.9180544652582237,1.6181538941950753,-0.2771125734854581,0.42873299309439,-0.028931758892925243,-0.041868500034161746,-0.5186226236791917,0.2897248659917882,1.135824643886978,1
0.9770105425612771,1.0047528583035548,0.1787237105091073,1.614427527694897,-3.0867406957768257,-0.3636212614193695,0.698044992382613,-0.9610424954318886,-0.1731738629549755,0.9106411680676395,0.500130039139189,2.2889693527032047,0.8152351254109339,-1.2267145082051603,0.5997065727551909,0.5627775429649255,-1.3544923004251663,-0.9805433689383011,-0.6809212870755671,1.0167824400107879,0.13075559907066317,1.0727292136575217,2.045276820804406,-1.2292699485630432,0.418493610486415,-0.03633374637755766,0.6145430026482949,0.8933650778838998,0.43008604747143436,0.5175204881472808,1.052637717697538,-0.3011602003868596,-0.2838451136567029,2.316239729394093,-0.582508880510192,0.8536316040028396,0.8284051261724691,-0.25441623706591054,-0.4312899862157518,0.5295410781730419,-1.2310990741219159,0
-0.3586876725825051,-0.6897162361671331,-2.0872575846864976,-0.3357399363648268,-0.44603858024786036,0.5745202125378147,-1.502689600724817,-0.2644253517227208,-0.004861121433081794,0.6984840905061555,-0.1885210540697737,-0.2689771851445843,-1.3246635257512969,1.73235681218451,0.14842691461690674,-0.7952943347838763,0.19669497767557265,0.590986260451257,-0.6315998334680771,-0.0646694825217006,-0.6605191325366144,-0.9752894074310476,0.9420160235789463,-1.7826200531556053,1.3105607504198904,0.4748675603748811,0.19846523663522353,0.9959966184096575,-1.2356809042221715,0.41958360272633727,1.1572037239024648,0.023546577905037197,0.20391515989423836,0.4579044195991173,0.19648159425406853,0.2516321713230512,-0.015098533260702063,1.478045641939466,0.6644795643162764,1.2159792718161662,-1.397584239493293,1
0.695696758427228,-1.19459195322153,-0.21659004198637258,-1.0103724912075072,0.8054076983299601,0.1796925687711114,-1.4984578596359375,-1.2355178497321166,-0.11387475014675418,1.0513304063764208,-0.8631984419142056,1.2945311750589061,-0.01958068987969393,0.5674255849462595,0.8185488035581345,-0.7673011542614567,0.5229071747601246,-1.2679597941878704,-0.7459903235688338,-1.8372351168031285,-0.6567644452466717,0.13397788345649445,-1.1893541023129914,0.6452687031163779,-0.3879100861336862,-0.07331050518941289,1.4828149837208457,-0.759633685598472,-0.19049353023468896,-0.24971299702438657,-0.5081794838992161,-0.7397770288835274,1.5861252482659574,-1.1559787886037374,-0.24325793887097658,-1.7371653410208892,3.311224573914126,1.6922891623665517,0.6362423737042658,1.1891468032578956,0.17889357070493234,0
-1.9348051524018852,-0.40647951330116416,-2.1222581216443728,0.40246206659711226,0.5359655988854332,-0.16941488503581742,0.21298392105772412,0.618841369619249,0.6129013556366959,1.4546982321828599,-0.21427395675354768,-1.2412481173404837,-0.6600075302968335,1.052360919159037,0.9793169647788884,-0.4755510362088657,1.500359420367522,0.6640911050061091,-1.7522404189444374,1.4398022632843648,-1.239613805458677,-0.784697834098446,1.4097688384796574,-0.9887386813087675,2.7537871979501554,1.655851478788178,-0.9165146054652848,0.5462009970431028,-1.6582099196781435,-0.9139429229428496,-0.3928530720872702,-0.951094746682531,-0.015829015408976816,1.7074041632466925,0.17995955189459475,-0.03318371990869428,0.8779328973057331,0.1456564404946206,-0.1685622989784693,1.434970603387149,-1.5578583867153633,1
-0.14226828264625754,1.6133445096769385,-1.6958690431629575,-0.5839923761011377,-0.32072505841507415,-0.05899760989724699,1.271115311006149,0.7637035353669624,1.4356583439211295,-0.9499958633814896,1.6583057411814979,0.5560025005319058,-0.09487863417746682,-0.016230189130288137,1.526691702294761,0.5788802190380794,0.03564828564260838,-0.24007624571981728,0.27100728467977975,-0.5106203679639844,0.9853892994311904,-0.31449626003025816,0.16779133011022065,0.30196125186079614,-0.05581339232539371,-0.6525392109258864,-0.740256962237191,2.1937682057452603,-0.9730025534300455,-0.37558357792900204,1.3597234790396358,1.0104233952947812,-1.2702852086688308,1.0852149063411527,-1.752933285475594,-0.11924204169034774,1.3090390262571507,-0.39799694810231007,-0.2697281085852382,1.3591775047468264,0.03458676493891911,1
0.0563672863316866,1.1752222504425731,-0.2979411163054168,1.5457484650700715,-0.8137158628747373,-1.2865720733320682,0.6125258833443722,-1.3020785185559767,0.054518921487506575,1.1257302025222615,-0.2857360788218166,2.0418687499875694,1.2192924881681793,-1.1616324684703614,0.7304230201894066,0.7778488942953378,-0.6350414338133022,-0.868089975626834,-0.202349234342161,1.4026223984297994,-0.010378649544239126,0.9673689079387309,1.602900496082043,-1.5308466565379015,0.8858938499523985,1.5487322756775004,0.34107577135178524,-0.5584214892985905,0.6862798888572651,0.9209845420779225,1.0398607209165474,0.7029592455220744,0.000900104436619172,1.202274948356573,0.13245984837162986,-0.677328232527628,-0.850622601075423,1.135680001378645,0.7197834816825612,1.4779887688741251,-1.4809542672227691,0
-1.5917324931840067,-0.23603606869095253,-0.5110854890424796,0.09608487405805531,2.0116462387149006,-0.45568753000364504,0.06429243426956935,1.083556855191065,0.8037894512684433,0.5879727929134139,-1.4123700032663273,-0.4633185365174442,-1.0166689242095504,0.17343658923731964,0.06303596831444143,-0.2448520401446661,1.0120977006651222,-0.6005511152361465,-0.08808999568590223,-0.23974242067583504,-0.8417463179524087,-0.5394256717573366,-0.3574545444635109,-0.6797443630419073,0.7116459684371838,1.6012607128471323,0.006564408546094261,-1.2951845819240917,1.6592610800498147,-1.323508383843116,-1.1112163181384633,-0.7556805008688081,1.008119399399676,-0.2963885798170856,0.3417097664734345,-0.6878953586788725,-1.0804755671187167,1.1451512792502725,-0.5731392977162357,-0.16149731214245983,0.10902123314309108,0
-0.14487846728722475,-0.8029203107427747,0.2262985506210462,0.7417112007454265,1.82346514935308,-0.04005260898343774,0.2869393403809511,1.1599686498036488,1.947336133571023,2.014904152381022,-0.11657263337670896,-0.8872645022472202,-1.2050644218009425,0.9104622097071395,-0.17359339954423927,1.5527683261778285,-1.9809295400432803,-1.95712905898148,-0.24763672716279614,-1.1500858952968194,0.32429039105361307,-0.9612226794219801,-1.3157655801804002,-0.6930786621063674,-0.6421650477881846,1.1713426772315867,2.7100064716688275,-1.510111566331414,0.7766639430747768,0.7992904944470701,-1.029956498443491,-1.476911848754709,1.5306546305432243,-1.8511527833826802,1.3780389302490148,0.6912204445574381,-0.41669022558180885,-0.187585247904193,-1.5589796018935735,-0.5236672778424207,0.1338173500436106,0
-1.7422923952593605,-0.9463030028189388,-0.6234336586194603,-1.5673562045872451,0.39920073136820255,0.9452112993096637,1.1516655988774525,1.4016407119991134,-0.7432554889083436,-0.7008256496056743,0.6767309387075451,-0.2579164177740529,-0.291949174121574,-1.6128778101822565,0.9751164756063692,-0.27315518595887445,0.6378383959388706,0.11450198912141396,-0.2323473320252428,-0.42599196933706485,-0.12460541796766894,-0.8465500546897738,0.5287940274183135,1.5497212387493537,0.37485490615060113,-0.5359139764327993,-1.6175560303515644,0.08092406617546141,-0.9378702950165235,-1.4490300701761183,-1.1666798784175907,1.5162033503494727,-1.2862227305547516,1.3214952597896585,-1.2863536276919627,-0.058576517802614504,-0.6977163940996383,-0.7746433262466901,1.0681102501096116,0.5436486646116697,0.43791210411457626,0
-0.5256181774897166,-1.5426986298275194,1.079898871409153,0.6720948650164544,0.15301801699900996,0.007716170162077958,0.06175334411218027,0.9206303603417597,0.17685594579266506,2.0443342603187467,-1.4720807929777728,-0.9922630587318835,-0.34191895418899865,1.0309723302081508,-0.7987175689392462,0.1571001363316287,-1.4133995841362526,-1.7738722044659412,-0.2311858206902499,-0.6363216961969006,-0.5962849265620486,-1.455565196863579,0.07132506607396416,-0.9984738498912759,-0.8649012911085573,1.298130854742853,1.6443123697832147,-0.8334629692352467,1.4854023986980476,-0.8132154615888741,-1.4404138331123697,-1.399987385709383,1.7948479093741374,-1.5425418679165206,0.6422344775916127,1.1717366521358203,-0.6999603516659515,0.20068991704093198,-0.59709996359724,-1.5656035379227087,-0.25405140591646563,0
-0.17962838341688378,-1.492219564955622,1.065296415442095,0.28167129164191745,0.2561268306695755,-0.6592362915830182,0.1874815942927395,0.369638894108003,-1.8552496034787975,0.7798471795367817,-0.962074636054821,0.4917734798844591,-0.6471509035370079,-0.5725148966593634,-0.7838923249867206,0.8870126465435054,-1.6812071151563832,-1.41681126172332,-0.1711987908150341,-0.587512971100426,0.12135979371912939,-0.7155877327723789,0.10845275073449406,-0.6406823529401476,-1.9420584087140107,0.6642376551468973,1.414680304581604,-1.0412320578781533,1.4843093544918597,-0.863548740867308,-1.1786880212418571,-1.5354008984674934,1.4889453541746545,-0.9849077677607682,0.8501441311166569,-0.19136852444275432,0.31404178151416606,0.5647386474960637,-1.4645739354056968,-0.972056197024636,0.05945539564316828,0
-1.600629492796195,-2.19255009130664,-1.8028637566024275,0.18525990284325644,0.44514683933102767,0.10959121968445164,-0.7478525732283813,-0.24579533797401723,1.3242771937406335,0.8234762544589057,-1.4593107171610873,-1.6810996248705186,-2.0257066450342416,0.7357232647992001,-0.33822516873414343,-0.6052042654795374,1.3030849493804948,1.275084399262124,-0.37203200651311724,0.8429307607310419,-1.6434290004438123,-1.2412355577563379,0.6227945809057824,-1.276484654682239,1.3630368567518794,1.5549804227718895,-0.7149969830045544,0.8992824571155572,-0.2603443126531443,-1.4558349854247035,-0.30823465954394397,-0.2305908120852309,1.1705131045101076,0.7881194076514535,0.5403396794343396,1.2528774462732326,0.7601733757177951,-0.6709567075300238,0.4005626429793947,0.12669165312817593,-2.1929169357426757,1
-1.3990563113762646,-1.3586120228389047,0.8053232096795045,1.5403562487443125,-0.7850017499706514,-0.3241689000468193,1.9347585738603899,-0.5519772356172886,0.003009574624103484,1.139949059705224,-0.9868202518221777,-0.7294547624257597,-0.6918080251132177,0.22482373593335772,-0.22165361277820958,1.122842867869154,-1.9212019808626604,-1.7788746675262714,-0.9858952621592805,0.08017621498638491,1.4105602236876431,-2.1440159740202556,-0.4836005352161759,-1.6519582308552763,-0.3570967319524724,0.8179286377668527,1.093235692774187,-0.09620527646941403,0.29087222328276097,-0.40564193646887653,0.31531180562872757,-1.8983539661372217,0.7710380479981438,-0.2698591103857356,-0.5912670142028381,1.5086851014139944,-0.39548660345302256,0.39299042872335543,-0.06976468541396509,-1.4145717636798,-0.11422662499028222,0
0.05892504294213187,1.0201575898314539,0.4052241513930874,-0.20499055228068302,-0.02606262587922472,0.4033329089094596,-1.205015885295738,0.25991761714592226,0.5797966964924615,-0.5768058444238797,0.6430140984322136,-1.6068350960568798,-0.25368781471691243,0.9603934659854643,-1.284417811517658,-0.4007995653218597,-1.142619449054837,0.5270247518339278,-1.0203717477670056,1.427113939081804,1.8828345212029725,0.3303388482095023,-0.974064646763061,0.5983259432083751,0.038453379002885375,-0.7732071303680222,0.06563216433220691,1.003367250659748,-1.728372506100024,1.0770433663351133,0.3373551166433075,-0.7896502283686677,0.6817721735846887,-0.6725685281847312,0.9747918506003925,-1.3501193135530678,-1.1911535039375316,0.3398712109496293,-1.0625611781402147,-1.360150133252298,0.2871401911634366,1
1.2141608948796543,0.25737972307286494,-1.1370628024814762,-1.4837307422836854,-1.636347658785127,-0.3471261842090162,0.3122521274184661,0.6481798982233159,0.7802174114861443,-0.6361375846583275,2.551864221586433,0.5350171254347309,-0.8051650645402266,-0.7248109002474922,1.7896245307568501,1.4602751113360644,0.30895906378969024,0.8931861229882269,0.22001131205846094,-1.3292312109241604,-0.6002783834247915,-0.7494864927890218,2.308438392355792,0.828166442767108,-0.218572504386795,-1.5514864932420858,-0.49811885485799573,0.3769690131209735,-1.483621012051362,-0.5744339784123857,0.46467227827776414,0.7142515769934841,-1.7582660658016052,1.4585581481314411,0.5517274116939733,0.7510238394075781,0.42353472208210846,-0.009953616651375402,0.10688317881301537,1.0737656844168546,0.007927275638786216,1
-0.9393499995735913,-0.47105333586498516,0.613853236075009,1.4371226314462278,-1.278751320042103,-0.11690690872721375,1.2784188930948224,0.2583161570199679,0.1757778973055549,1.327063745620881,-0.4640168058304648,-0.42426159450563045,0.26335350261416696,0.4263987132318866,0.761070651833172,-0.02604720948142389,-0.557725793199987,-1.4636892432584847,-0.9389883362816428,-0.5627965768270772,0.31228049532013435,-1.2279164791689088,0.10830582498580481,-2.0614383827630007,1.279955105231571,-0.017435547245084112,0.8031832028689245,-1.2097820212832642,0.4243527188355251,1.02193198692254,0.7889625393098926,-0.21862589557375553,-0.6773820337378438,0.3886210482509665,-1.0413243068326261,2.372761234960393,0.1882850400149359,2.9707655636158705,-1.0908211735280098,-0.855055437107203,1.016902825585781,0
-0.6589948977861283,-0.9077407997760584,0.49096757979746997,1.3364925052124645,0.455521443074316,0.9596598352642719,0.9924745659451845,-0.24962882079589657,-0.3188000341185738,1.7569632117481446,-1.5268897293895318,-1.276966618015066,0.00014666985605046713,0.46846755862773315,-0.5463268020329768,0.5872366972994546,-1.0237869580551633,-1.3647705245080044,-0.01769985619260997,-0.5786768000198343,0.5004230202763021,-1.3841223439344217,-0.5177268684298747,-1.1860483226442433,0.07714932132314412,0.872157459126102,1.294126887272213,-0.9198091488867525,0.7736569028252548,-0.05515924289787008,-0.8816897186516497,-0.6717011898951728,1.035006189935404,-1.386820575688243,-0.08048006717490348,0.7108341301969983,-0.7344333391639183,2.023435435822715,0.7914303877663521,-1.483609523536409,-0.840099394223956,0
-1.2552389329573495,-1.6242172319811838,-2.0499651939513908,-0.025881595284307467,0.5605729215306324,0.38750901403316135,0.028590200067149994,0.08134441322213516,1.1086438270474956,0.6410290441214122,-0.3097829213831435,-0.6227622600462654,-1.3851390064895823,-0.3040921011311303,0.13413147373553955,0.6841506855771985,0.7618767763275175,0.8462869217465088,-0.5573365235466268,0.5675639653449802,-0.5574951256549584,-0.5258303909172798,1.2109604795041387,-1.1217639051765635,1.334651119304752,0.9512925789050113,-0.5448754391075076,0.5484845478382486,-1.487108992158954,-0.7915936169545903,-0.7461996575497541,-0.21301422228392097,-0.05978622392484935,0.7578185093963736,0.6890375278020807,-0.16516182712050864,2.9682438563819704,0.29463005844405354,-0.6632204836012096,1.2141611249338502,-1.920554104229575,1
0.9098626068864417,0.878768266542555,1.9228645939469358,0.7254309720705258,-0.8274814953478437,-1.943983749840364,1.4172419695460117,-1.6686638045279611,-0.13971818904153338,-1.771853775421376,0.34799012141588437,0.3350750654151912,0.9128174282346814,-0.19484239788917174,0.2516445967312441,-0.4589372022080853,0.49413672660440405,0.814757737498416,0.9886301468547654,-0.09448853710897649,0.4993505346708777,1.784152088116773,-1.1378040008466623,0.9274387648701008,-0.7258647441944781,-1.1192953082290327,0.39327725074178826,-0.6053312242325462,0.8547238949201605,0.5496793858485965,0.22240947306450082,0.17253645719403699,-0.8291458729241263,0.27567993365167237,-0.7989798748441655,1.481398818367995,-1.296398282971544,0.7816997811180298,0.08666738571515406,-1.2696081354192603,0.8350391124340714,1
0.052843123123858256,-0.16212152050218467,-0.4839319027420689,-0.6004497252679019,-0.47162387989132154,-1.114389108888962,1.127855438285039,-0.9429644340139557,-0.7221091173804783,-0.23241878486072884,1.8024201061701703,-0.14310625393059181,-1.323300218353757,1.3677504592947902,2.9736319276334733,1.0003220012184677,0.8050419735398381,0.8849148098336135,0.16907927725574723,-0.9073263414943458,0.7422812496372271,-0.9165352378728374,-0.029676672954495536,0.826993076988124,0.6183550500801822,0.5398473508563464,-0.7427159432287098,0.7080628055092909,-1.6876761747706344,-0.02665648674255128,0.5000592556489464,-0.09793742488635225,-1.0407715484052016,1.2273166885356181,0.9227594081078349,1.0399895835601969,0.02670961495934158,0.2632115149021586,-0.6414028204666429,-0.2734848796262342,2.1413476389254558,0
0.22390470782625999,0.8938580996600928,0.41470731119854704,-0.6642821189334098,-0.8395600106157839,1.4548204807777791,-0.8441309390086608,1.1701975415957884,-1.4079694552990067,-1.1893998278774327,0.5290954552709638,0.6922949167528638,-0.6475485867605032,-0.8340416740221123,-1.1385710460681047,-0.6620809196809775,-0.7185669695242934,0.1528166453407145,0.14846958585357786,0.4995644347299771,1.6022030105820968,1.6557526175412745,0.22068433599387088,-0.3083982771338262,-0.6772556433064078,-1.1657395383421736,-0.3161096711935519,1.2737099777061167,-0.45329402265567437,0.4346248325261633,-0.23127287967452795,0.05336363515310759,-0.2490577297855661,0.11673839374770145,0.31510226021551585,-1.193223007444289,0.41017822046652874,1.4524876224559369,0.8918682245575713,-1.0879945153944932,1.586413216415157,1
0.25473044764440844,-1.4969349567126469,0.25299474295237656,0.5642273155054265,0.9625292408771338,0.5359767698783278,0.8767036492438584,-1.2477585797885957,1.923257490591905,0.7549823270064241,-0.04383589266714624,0.34853948392823053,-1.8419275973115778,0.6966945260877159,0.8330809942614097,1.1219369012088847,-1.3871666986814823,-0.6257173836785143,0.4705784989018777,-1.7831439244850105,1.1552783709624745,-0.7436621143172176,-1.8648912925285412,-0.7339106914868333,-0.4346613749842049,0.7016045716580801,1.6329720399734964,-0.9271758704015414,0.15587076057794072,1.092436545799521,0.016084042972851674,-1.1136474040002844,0.5949581605752946,-0.8898237202889113,1.0203200764698386,0.942618584388389,0.04048947605967652,-0.10974429850883513,-0.014011561342681883,-0.5021239978780332,2.0180892786171163,0
1.8116905221302022,0.9289028799715083,1.4253753451091924,0.2752619624655468,0.41516164153019225,-1.179921880131041,0.08919457752495429,-0.3398829351368585,-0.3137039002265176,-0.6712600522475146,0.45080800388612186,0.11500601847846914,1.4818111355357435,0.8502878940585009,-0.6899424164253863,-0.522393711801125,-0.11676699483574281,1.319242051143979,1.5261262640418825,-0.7843194996564581,-0.6818461347520738,1.9442479594925581,-0.2672567696729338,0.6382942930067619,-0.36027869290425385,-0.7901207073012235,0.9923200191599075,-1.133019399005051,0.43617029138444036,1.585013574388673,-1.0144766834616452,0.6392754243726689,-0.6406525596217024,-1.1549115194596513,0.3089916720347481,0.34757654916276015,-1.553207205369687,-0.4894634220803179,-0.8115371647069075,-0.7379181340160468,0.10444658681026876,1
0.07763776589292785,1.5524715528154298,-0.03600291357919644,-1.237951114586892,-0.7563803948078404,-1.6695983382571715,0.2789338399632046,0.9635991648472926,-0.17603968609073173,-0.007088045668285291,1.1799910016659885,-0.39727816061772114,0.22466815770074006,0.4854684014125614,1.0333061306798055,-1.5984236049419007,0.3631367175409172,-1.7380344897377342,-1.3995929190307108,0.10238948026488567,0.06718292641794485,-0.08679767165124858,0.2909048735624067,1.048501393192506,-0.4386209665441565,-1.7912919344549014,1.6808655739942426,1.3294268990609848,-0.7653912166494884,-1.4003098750787897,1.3129335718166466,0.24725136043245652,-0.5265941785243546,-1.1831095680008399,-1.91473364024741,-0.5045037943511395,1.2547974725370554,-0.27933614433333154,-1.4019798764168439,1.7092045784633427,-0.6659034388383457,1
0.07948462036629657,0.5245435194542143,0.38390342113982007,0.06113655241431173,-1.269181817982052,-1.814609168273427,-0.27007900720405564,1.2745095360595793,0.9504718771249626,1.207847695962212,0.8568916144388622,0.3666209423281109,1.6922109240929926,-1.081443248237123,-0.33341603400524417,-0.5019521807968601,-0.07249426579342716,-1.2273467118791659,-1.7913459954016118,1.301115111789515,-0.003958062698713608,-0.9985068115436969,-0.8182290720113858,-0.6819299633256528,-0.22288774769856903,-1.4144289427853804,-0.9190728774874526,0.08502328173909734,1.4289387054495248,0.25644161664973153,1.8884610403146296,1.7344482310104126,-0.4719829760678311,-0.8174610088621995,-1.9590099614973169,-1.0348850869889041,-1.8476664187056078,-0.38096621398224945,1.2185826076546686,0.6851133692438391,0.8681907196005464,1
-0.762712761448841,-0.48418713667068797,0.14435877472858175,-1.5036760136883762,-0.575213260225408,-1.0131089860638722,0.8113006811626102,0.8322182451222057,-2.0081871883967692,0.26703873429294933,1.0163920799490918,-1.7563671944044108,-0.9832058442451319,1.4325913246051243,2.1638546578809916,-2.019384283092158,1.449523431877848,0.9229915759364111,-0.4440780210747487,-1.2403228182772357,-1.9158372962312733,-1.8898887990134028,1.5544724275225774,0.4009883043189495,1.4662992826257217,-0.5632979250095719,-0.12858651875474814,-0.9132063769616765,-0.8660058813370934,-1.1177871978608191,-0.0793211711765145,0.6801503217182382,-1.4049002551407392,0.7840455166491324,-0.2077709686701987,2.259527152580665,-1.058508445685313,0.24201491479693166,-1.2377367861141813,-0.0028561746769404195,1.6280339666801509,0
0.2617801809091831,1.2867347705437573,-0.6024579101648234,1.6723390207880349,-0.8816863374502635,0.9059659499364998,1.0686979225436577,-0.469853943516204,-1.3448244631226909,0.3603270194860696,-0.3764347210826925,2.4836034956461908,0.9184908775667524,-1.376566464245682,0.16902527999203998,0.9272357889189013,-0.47705592825148396,-0.6098128441321241,0.6194627787183445,1.1397987561652447,0.4462522473372978,2.006964512163766,1.808223390850355,-1.5415959452185048,0.8719749965122526,1.3593115115733356,-0.19082061695151115,0.953826131237775,0.39164780665728716,0.5465392704893778,0.3309715842127985,-0.03874851762058925,-0.3326890505152008,1.5926808695046102,-0.20699381923398838,-0.35602780112078525,-0.73127635447939,-0.0611696704083502,-0.21667121817308432,1.464605629613626,-1.1697850901905078,0
0.6575268423156081,-0.35619305997230766,0.7856751260076628,-0.05360398103804283,0.785481323598255,0.2983512695246586,-1.247202316769775,0.9723314824605856,0.1063519519699722,-1.0407981400921227,-0.3266453656779116,-0.31206228630764277,0.3644409828728316,0.5123040269667826,-1.6865326733029429,0.1196079674484965,0.23964253306235728,1.009031434938955,1.2576781938063826,0.7032152105134628,-0.15695441378168196,1.2198131148680371,-1.2012252844661657,0.2201144561178872,-0.8394874691502765,0.28772936175876057,-0.8368029139012205,0.829716413289581,0.5986590394289162,0.5668466583917051,-0.03906135318964698,-0.14770886084453314,0.1280107928750555,-1.3748127020848009,0.8197469492601116,0.4572424474522386,-0.09880548307790821,0.28065419748319215,-0.2857003052417064,-0.3314269275524449,0.5354932236156743,0
0.21552193899430414,0.9209358909313027,0.3645890574597152,-0.7003513310173083,-1.079511764192763,-2.1880365610848718,-0.5725434799362775,2.0640583752933894,0.4576649633496609,0.4062585575073474,1.7979308797036928,-0.11377496643346736,1.7019439784836496,0.209225756773423,-0.1967743917601702,-0.37531979671765325,0.05591071347118432,-0.6021180804387278,-1.5672747830088551,0.7158472649963394,-0.7779594975534744,-0.33601247350951147,-0.08497633493393818,-0.6493561071866466,0.1301368881059914,-1.5124158162485015,-0.7788654502355018,0.1827583489357532,0.21090738673874113,0.6982877595320498,1.3252760713574512,1.3817046700857605,-1.05648569720098,-0.4412191584957615,-1.6295112971663566,-0.5510969165581663,0.18413732295040358,0.12703727328230344,-0.05681686056481984,0.8728249972902458,0.901517496360832,1
-1.394555674170246,-0.48645610066048994,-0.848579998499184,-1.6248500219738466,-0.3726838011910651,-0.46656865637764056,1.0346520665525327,1.3485029461012283,-0.5025030643673296,0.07244571858979502,1.4367146484434739,-1.2902500362999598,-0.5831830648906171,-0.6764317520457633,2.227694310427278,-0.24150185467188678,1.268628181775592,0.11900332757949575,-0.9044737748573711,-0.9322189001065845,-0.9282743663264887,-1.9097806033664966,1.2632070305280634,1.2918547800798987,0.9903163746006626,-0.8871385472646652,-1.0832171950912708,-0.64627791109332,-1.2650518089901313,-1.4370573888693803,-0.7225106483063296,1.425948909179924,-1.5524362768430637,1.5685605773164628,-0.8281294282804081,0.6651350359495402,1.3496609831551247,1.514515957939648,-0.9772145159466615,0.037206147721354874,0.39465168549688456,0
0.8344346419569407,1.0037975400034167,0.2899781704784918,1.8118322540303324,-1.952759348294243,-0.21236321819557546,0.24859831438818503,-0.44065235456113055,0.926692490862304,0.9774920785374352,-0.16212082950281403,2.4434099526131257,1.8803204208208808,-0.8745695434647772,-0.37221548217426215,0.6283780525090785,-1.7837818232234257,-1.0241338194035159,0.09883184391050459,0.7572690418380702,-0.016492251594376187,1.3610668965552086,1.3233804358358985,-1.7761002092540386,0.20186444290898461,0.7285825249581197,0.4724720547047064,0.21900320850798075,1.0470030988870818,1.784390830702457,0.7922812549447121,0.7268535115230573,-0.09520266333040787,1.5628094614256958,-0.8963104975746039,0.2292569674641948,-0.20079316087529078,-1.1550500828590151,-1.1559834097690944,0.49031944478191325,-1.437094227385636,0
1.8275774677888177,0.3856917984218362,0.6647794294199243,-0.5135176961590296,-0.9568147568418869,0.5332034586285102,-1.4096959556541808,-1.3244881652079894,0.9692025374836956,-0.9910139275442573,0.8004984886399058,0.7187944885895762,0.5552951685540932,1.1393705013916953,-0.6934393500910164,0.3843558202326371,-1.1883487055389157,0.8672021417066963,0.756244852823467,-0.3822778266528197,0.9430304878409582,1.1182877756047749,0.0463502786576105,0.6413930198852866,-1.3499764147962379,-0.5746292462597392,0.48081778407591724,1.0563855870051213,-1.6102536767713982,1.588665999024077,0.2718760921534933,-0.26092798491413255,-0.14158647475797034,-0.32858736227033875,1.174063995815412,-0.7179375807778952,-0.465540299330329,0.2795997746140301,-1.2533591463793088,-0.6221768738115894,-0.03492588921422731,1
-0.3500206508191016,-0.7230005347637057,-0.44503566166271163,-0.42132411354593974,0.49363513426374656,0.4116748294811035,-1.0332595584353481,-0.5034651126989054,1.314458227125722,1.1442296302754351,-1.107779772311409,1.664794344858592,-0.6713669078050476,0.07972511231491587,1.0222205782613087,-0.17169473689698256,-0.30408219000530357,-2.0725320973892534,-0.9206006226153917,-0.8338265644474847,0.20855913971783527,-0.3880239289335743,-0.9993452325234158,0.2750940619799125,-0.7011767869081594,1.2729659937482405,0.7113408052335624,0.05192277346891128,0.6865935863254444,-1.086612163277892,-0.12861125362641018,-1.2530464100570577,2.315166014040599,0.2754637620362436,-0.20359950621129147,-1.6032195444038466,-0.4996501784144968,-1.2919514398387053,-1.091461243195814,0.4736373203692229,0.6073049363746305,0
-0.7127647966985738,0.5723716746773538,-0.4353243964655331,1.1979705827311196,-0.4304471213177275,-0.4951803569701714,0.7051274429593193,0.5878378910245923,0.1609146667891976,0.23332001076759204,-0.47662693883409774,1.0761597337933355,1.0909859745922164,-1.5481463050715887,-0.4121411116779207,0.9842631712441644,-1.2471889701107277,-1.23597273555318,0.551975381920956,0.9543138594770115,0.014645366213656169,0.41242253858383643,0.7440747142513054,-1.2595406213912363,-0.4077369827282819,1.0429745168649356,-0.06451824831609225,0.341200978752877,1.2220532280988246,0.4505953134408351,0.7014219675496169,1.7162433792240905,-0.26868297452143536,0.9827585158163739,-1.2288331705548197,0.6620194623777208,-0.48087567859429786,0.6932289864619251,-0.05300787254974051,0.6654923748119591,-2.0997905471905707,0
-0.46177181889844576,0.20983483303265607,0.3360125764329184,1.2614492300125237,0.19559668842726508,0.7625834811786603,0.9039051921951275,0.9720109927923116,-1.6715897671888211,1.3213659341263428,-0.42890426331742065,-0.05007803486279845,0.3798647516528371,-0.5773372399670154,-0.41322277583388173,0.8405268097273285,-1.2306707622425634,-1.3993734909372353,-0.32279868240439463,-0.8945489893188625,0.824259755600884,-0.2403010068893019,-0.03527483136974762,-1.7594839844177521,0.49015027269820777,-0.16673186098316872,1.1710182981978972,-1.770858636851231,0.8682821763475382,1.3222859789528632,-0.807356690170571,0.09178617933449132,-0.2425903798808132,-0.4373975382679489,-0.309284144576656,-0.1945007216670611,-1.122946673292518,-1.6219454107844924,0.54404707408294,-1.327657262857721,0.3314673598089754,0
0.2108181783230734,1.2495796008638296,-1.5410032544683936,-0.5400511983149594,-0.32230600836553613,0.48791426948352806,1.4365386325887943,0.38860539933347077,-1.3597473514941922,-1.283933958045549,1.7905219749416568,0.378231200601603,-0.4187436057214863,-1.0145496254549773,1.1841885417845865,1.3747730723238027,-0.14398317533037722,0.8056014623226428,0.8792771132395114,-0.933507376002957,0.7521800870794082,-0.5856135441994462,1.2949177500450677,0.032913104927216365,0.04062951643187816,-1.1109293631703838,-0.7347824405065113,0.3420585469181651,-1.0113518790681364,0.020400054154335365,0.9044473851850472,1.3207156651722354,-1.7643156522813148,1.2139239833944366,-0.6462627318132017,0.2176849119169443,0.9254536049643517,-0.5583827517800111,-0.9221085270012145,0.9304042887077949,-0.24408446839051723,1
-0.6768927239760192,0.2634636229195118,0.21981707066444428,-0.3147712651207033,0.5231864102865806,0.9797169594059263,-0.3890260429094617,0.44103092899175744,0.3375135924432018,-1.8487197435277687,-0.3860969209496629,0.30036565238966373,-0.8585754812269778,-0.7493851589967083,-1.6483415424220114,-0.4443467361324987,-0.8633192591739836,0.8914761913908155,-0.06782354969632613,1.157047005475391,1.5581130642948273,1.437429934106765,-0.278528827440929,-0.28032069265488846,-0.34146916906837377,-0.4549275008923313,-0.3977375744224067,1.2040465856481226,-0.8326414000601937,-0.022827444912503467,-0.3116500143259279,-1.0754517494180327,0.37386996104800296,0.15434441064890267,0.12425252998113258,-1.33704641980661,0.5499014496642322,0.9402877959943708,1.125940437889365,-0.3600062110992115,-0.15936490592134125,1
-1.7822162337911907,-1.0212656101622701,-1.4890502773793914,0.8635195026405847,1.0005270151680823,-1.005457365394925,-0.02469788461960763,1.0791124932280638,1.144524453769447,1.6390705534558774,-0.27244626054851684,-1.6766239349197791,-0.05916494543667105,2.2891200733785393,0.8111362879559297,-0.9542814704980906,1.7219532735613456,1.1437964799005444,-1.353870176928949,0.46433625912678483,-2.0801215690017996,0.22741326123904668,-0.02841922908645596,-1.8253812023464533,3.2639352761923766,1.5369312077556765,-0.5039820036309375,-0.6377362575203642,-1.1478635795105019,1.156152050634683,-1.0731078344724863,-0.15658575272559164,-0.302451001870825,1.4433537082301107,-0.3804067385363569,1.4591922252076899,-1.5557034055390786,1.9436049020728399,-1.0829370110994445,0.6618487937014286,-1.2974790349962928,1
-0.6816141999753181,1.8499944436026472,0.22773835684008434,-0.5262512448013458,1.0063301301667622,0.24004491510001616,-0.11174694292087448,0.7782905361687645,0.14307301897877991,-1.4783190131654236,0.5067137987207249,0.09525162288261668,-1.6925800860861258,-0.7691431162306339,-1.1326155356361112,-1.3328398103590993,-1.8853847185432289,-0.2868074079713811,-1.2913934913949519,0.7806463647402689,2.6429551724117752,1.1025282570161492,-1.5138865315129943,0.3629838021665441,-0.4939310528562968,-1.683288638320527,1.3880838560116393,-0.15919191799081356,-0.47743923258305765,0.5836720597748518,0.24299713489082747,-1.23059646631627,0.9176728735791053,-0.22608124632600457,-0.3355693704393808,-2.2027890524554903,0.3241606735558698,-0.0950309116240466,0.6519767228697669,-0.746247288756738,1.588646979562008,1
-0.3126798066806907,-0.6771103747209118,0.2998936335635716,-1.4091532959567237,1.066020529180388,0.23369763930640083,-1.2847232890665488,-1.3732840151653658,0.07959381392618867,0.18661314689013364,-1.686217380977208,0.3291376486577015,-0.0325600963884399,0.0448016700416165,0.48707381189446103,-1.2722926706322641,0.8885752921680214,-0.9721389753946729,-0.666185011098931,-1.0820149825183762,-1.1935677253438133,-0.8009590450025525,0.27176595388319275,2.122958072653481,-0.4225148254921429,0.37830332590138194,0.9821627514757856,-1.443727139517723,-0.05538033785543436,-1.982403443676558,-1.2580217532477642,-1.0094892946667742,1.5479879321352223,-0.5690793899883347,0.3696677354874049,-1.8517300817700437,-0.7077609595261565,1.194601666805654,1.1899077680258578,0.21894593475773896,-0.6723285128360661,0
0.42186121971210566,-1.2049759801917594,1.695181707815714,1.3228316774597235,-0.08835909053300474,-1.694523072493342,1.5963860683501316,-0.9090533890874128,0.48450338189281217,1.00299704533563,0.1536798481548918,0.41304105524644985,-0.590961036922697,-0.3545263871169585,0.34315805654291087,1.1573449893877925,-1.7232810748544731,-1.0706113239559005,0.23181883014803797,-0.15572579232493908,0.7832430186539543,0.5182507180659105,-0.9246758348825425,-0.8653138511979419,-0.8669948654053568,0.5869400762958067,2.2950443024867218,-1.3970206618406573,1.0544741752501139,1.2186720486081144,-0.17621341803864943,-0.7712755848360702,0.4172016200579377,-1.1458840359073903,1.3109370799772426,2.046849451644994,-0.25693706523083226,-0.24497015890749108,0.8280522178638594,-0.8948872754097191,1.1485229044202843,0
-1.1785976600785124,-1.5154534080536262,-0.9197395122295843,-0.6515738969028279,2.800219151756833,-0.30903420793778635,-0.23380322794928152,1.0561541252598505,-0.622849119593376,0.6528750501067633,-0.9523295256639713,-0.2730524059133138,-1.9984945997390244,1.0596358794124305,0.9353126325898895,0.15664872489767467,0.4044588232332872,-0.779677823202235,0.1944093137310398,-1.979294002004991,-1.9944839637690615,-0.9778901887093143,-0.5500858700952285,-0.5978397063607226,0.6407272451294489,1.6958108587978156,1.4583670273694742,-1.9707251325439177,0.9085715977839555,-0.6085879294955292,-0.9811805480662413,-1.1164185217462144,0.6077317096620812,-0.7666945410258589,0.8443290565872424,0.6627972224775014,2.230885628644248,0.12299215434188733,-0.3445457642959355,1.6870679206596002,0.24188377406832362,0
-0.3799792817402011,-0.1493851503566076,1.0322471691324413,1.4556932099744102,0.9984360069747255,0.07118881153191828,0.6265747735640258,0.09066115212570092,1.2184271616569458,1.1301881946024241,-0.9648712070285479,-0.9089036520403085,0.24075387264966372,0.5137789080682047,-0.0022734418476337646,0.505325459643682,-0.3884480444500275,-0.7202858073899286,0.4862249540045845,-0.003660536730420862,-0.09935747059002545,0.0848389971496537,-0.20733479462812116,-1.0315079031419874,1.0750363623389902,1.4655921239273153,1.1569860113892487,-2.223109802551454,0.8780204427013609,1.4509515515118057,-0.43815366401166195,-0.3898951331772626,-0.046362880895658036,-0.8992213500359486,1.5992771511783515,1.7277458342783873,1.4790674322478814,0.1246543194298915,-1.5569325947259383,-0.9200036068958529,0.8985123188349784,0
0.36404661778783054,-0.6527331642291536,-0.29231380404656604,-1.4315408730576187,1.1954259859661223,-0.12662700086473888,-1.5457176322477504,-0.5212116646329793,0.39054488631366946,0.810840065318797,-0.5401884961668236,1.0275528789249562,-1.2133529470844389,0.7850673267418137,1.123424151772228,-0.5152963795946011,0.09068877406150357,-1.3738991534067753,-0.44419100045269144,-1.7636436553388293,-0.6645878185444318,-0.2760575068569151,-0.2096198449654002,0.6278691480721154,-0.47246736477844825,0.5723645279703903,1.990410903217916,-1.1959445115535015,-0.028417888133032462,-0.5674709804627222,-0.28091219670145834,-1.1100199477048796,1.5077714889633715,-1.2178368424012556,1.194472021589657,-1.463014533632588,0.6906750895884479,-0.44313081592725845,0.04282553077594607,1.2482193520326064,0.8125517486969934,0
0.7968742266224762,1.2801061954181334,-0.5342742297860706,-1.2327303865582169,-0.2425974492072827,-1.2109790852106244,-2.1856920210804254,1.3098827739894947,2.431531357711918,0.7339211907117514,1.0013783232346798,0.16095775788408653,1.1757879485230296,0.7146604799393692,-0.3938719797536348,-0.5284001184069441,-0.08009168501732904,-0.7979772462982774,-0.8543260967424291,0.5723908327368005,-0.37651573415799644,-0.99877621176399,-0.7176057331854903,0.5933263817077299,-1.0825843685601222,-0.5937274364237277,-0.6704736876917875,0.9232925005299418,0.6447162525163681,0.178754024792086,1.669639693007308,1.4771671929644004,0.29094481357976637,-1.1558496740123092,-0.7151952291157676,-1.6791887414786104,0.2423837724557461,1.221132695235574,1.3254140576149656,0.6561312214116881,0.26995620531875564,1
0.6489508897741277,0.7752047062056329,1.3008698988760938,0.06776067747136613,-0.36054309999536194,-1.2469765119074088,1.166463237996186,-0.421079923255808,2.5988855333459813,-0.8711482583201485,0.30248227001570777,-0.10239477510309998,1.2109106656238144,0.04771639441192356,0.2658344592198717,-1.1018681509142167,0.8689151536175106,0.5848338013724667,1.1392790918591946,-1.0138911609990253,0.03636688302322262,1.1000728551847916,-0.4029043484232699,0.3375440542464683,-0.10931080282891208,-1.249317066105407,0.29435169691362967,-0.8931806787874346,0.5131087399184576,0.5785316815647996,-0.31999191192353177,1.4378687316261776,-1.116702718158606,-0.7201808902516172,-1.0989998210922374,0.6634258835794835,0.3644113092962671,0.8496013358008463,-0.3055195086731504,-1.0043038822876205,0.8545256869225133,1
0.947730526298484,0.6132029420143963,-0.8255780947585609,-0.19775760845645987,-1.507749064884415,1.1464534248037215,0.6439294672749486,-0.1406570738636405,-0.7155165333144287,-0.3877110968752196,2.107777955228242,-0.6804227214803807,-0.6939732371412728,-1.0188459882605052,1.2730268593448533,1.1094413619701742,0.43902588236072004,0.8435402321005712,-0.05582887685932392,0.02404735598047617,0.6914066464989762,-0.2558442347101348,1.2450423271228706,1.0878471387393025,0.6493147087662514,-1.800162789216875,-0.43024789012017184,0.5009265332225452,-1.8958732070437103,0.4245464178304803,0.774919523378479,0.9439548306586631,-1.5762306257588403,1.126516452394774,0.5391696090294043,1.2477793895352889,1.4633634618634117,1.179638137153157,-0.9572138360530449,0.13962885311549647,-0.11745346556948065,1
0.8834511919569465,1.0028369016886183,0.46359320034734514,0.7832070905229207,1.033007391184007,-1.0151198000587236,1.1709697228546483,-0.6695227548108602,-0.3643888821495686,0.6044380309410519,-0.4725613704371044,-0.056895352418850104,0.7505074553217221,-0.5553738367770643,-0.4449322442161015,-0.5339450745401398,-0.1162046919341664,0.24675606966622982,0.9106791374605951,-0.7996521355901663,-0.5725839693715035,1.1313130626512826,0.3003305645278269,-0.18310407005947096,0.05463916742157587,-0.7408511523943806,1.9608734328825657,-1.7085348698432492,1.4386313294507433,0.2081837154416099,-1.5978119220058626,0.8171375900244883,0.013922509723123856,-1.321290562875431,-0.36189927671833716,-0.6606129126158156,0.062395259876968166,0.5288195455725002,-0.3927461240403606,-0.5407614122264571,-1.4170243076639946,1
0.6776802943443954,-0.578304283468422,1.130577692831787,1.0612776513020403,-0.8932038072463511,0.1674719811286762,0.6506348598648597,-1.6792038741645208,-0.46374329318518304,0.34914456526180737,-0.5458499136600135,0.9046210314409002,-0.15223949130025832,0.4641389848613321,0.24484672140284863,1.598033606045558,-1.0756722907893628,-1.3162320863920551,0.6438551990815068,-0.7223350560202036,1.290847337595944,0.09104505358874036,-0.14867495155795374,-0.9245392904897882,-1.1905679713899229,0.9957293015180947,1.1797393258062485,-0.11777419393326963,0.043546678767249304,0.4548543610215922,0.19395848059319298,-1.7435052778279307,0.48374976021121824,-0.8294576452665524,1.2574411631221503,0.6340627347715028,0.9699434901852269,0.4305966332670776,0.9157974078751256,-1.1234118609275618,1.2075033448120165,0
-2.014497243272137,-0.44668590017820875,0.2832951857424227,-1.030431787209117,-0.3379438525191257,-0.8652422074197559,2.3008089276860058,0.7474956411756344,1.3885057394184226,-0.19172316757488944,0.9232959855556804,-1.667417131526265,-0.07976877217608248,0.03805554891099155,1.9585996199265538,-2.517365204798151,1.3241402402989448,0.16591025696059059,-1.5507890405040168,-0.05206563731234734,0.14649123414047488,-0.9395591206276329,0.606314671396072,0.06841289494650965,2.0900504449033526,-1.4621309721474658,-0.21846153761569642,-0.4841284345006285,-2.1515961978680593,-0.48042491900953066,0.24966823435315055,0.9250060798503652,-1.7925557360581428,0.3871202095057591,-1.938529106223017,1.2066997671724622,0.01621040357292554,0.043600133396691464,0.3775123502889393,1.2646069304123442,1.7856723790390212,0
-0.14955449811373836,-1.1472932175529846,0.7685968014244061,0.21311961522931844,0.6526386125436398,0.1791832100383739,-0.42986585215189466,0.21492990892646072,0.029386200273407107,-0.6957578925424728,-1.4215645340409084,0.556311650622534,1.315072337397986,-0.1692864331772319,-1.323142125179551,0.6921793914586806,1.290503008367957,1.030530879378083,1.2210189835924936,0.8936270026201926,-0.7056187704408767,1.408717547791576,0.12730764502722816,0.2538150830537034,-0.34231180778741555,1.794757784570708,-1.9443244653437688,0.97811664564171,0.12684007527843577,-0.8490434260266511,-2.1499436631489868,-0.5586273290201573,0.37448515646891745,-0.11561614449762858,0.7129177872138175,-0.8000691954303661,0.47302479787658286,0.04754951154797783,0.9540455056708036,-0.4751202206072685,-0.7973410113298148,0
-0.05140748498462627,-0.09229074243589525,-0.060299807035617714,-0.2472099110923433,0.3489427199194255,-1.5270580392934605,-0.202801467612723,-0.8362261209008742,1.3230098788022502,0.48854415792720707,-0.0021207047855592194,-0.6448200598559772,0.2610111673879209,1.1636826027138991,1.2251164812728201,-1.5042885505264945,0.6771848164562119,0.18400074025957017,-0.15219511457744458,-1.686171854147864,-0.923865729418846,0.17931437134152753,-1.2095820853443904,-0.007068838592891902,0.5696965549957339,-0.5497191959705591,1.2551864230009262,-1.2708702782784451,0.028925321113760217,0.7580626531354117,-0.7487339804519071,1.5477567714300946,-0.047538067624722284,0.273582913044092,-1.0977268049198186,0.03960256875782247,-0.5722826351500379,-0.5027313867287275,0.9400785084194461,-0.8980856921832694,-1.216340669920599,1
0.3506737425535027,0.8674192708338125,-0.556583481661892,-0.7545517014052445,-0.33417073695044247,-1.2460553588125325,-1.2576506421145217,1.0931292238870212,-0.9936685679071,0.8763412085119172,0.9875984962399493,0.41971587148718004,1.2878564431702986,0.02864018755605076,0.16900089560388798,-0.3408539154442089,-0.04080543052263325,-0.9701856618731809,-1.242132274026187,0.4658564483112293,-0.09744369091361225,-0.618083855247154,-0.9105563077608281,0.43261906418016444,-0.39786824234211426,-0.7060577230305146,-0.6172050042433483,0.614988278613203,0.20178371975556997,0.34987516967881405,1.1950181378259808,1.492597051024883,-0.058965687712948994,-0.29875732704886876,-1.2949214961237625,-1.5484245052784986,-0.6347327992222358,-1.9491261051467892,1.4859863619970568,0.7753333024858011,-0.027044258912825917,1
0.8759016608064123,0.4527434003221986,1.3377506689995358,-0.9031860527043211,-0.7653694101245273,-1.6223972028932838,0.48694113678556533,0.16164950544691167,1.2317139832188937,-0.34263025784509754,1.121454161411169,-0.06053504774853386,1.243704735085273,-0.33270108535698795,0.6891640904828614,0.383963224821557,0.8943590563121249,0.28375574650351715,1.023204528283151,-0.718311038940334,-0.04926221222889537,0.45557685148591437,0.9829833103743929,0.8071287282138488,-0.7694995753423999,-0.7285432875335653,-0.15484041440158844,-1.149174219692493,-0.390071335251226,0.30202547769035926,-0.5675129939267188,1.7082945072100097,-1.30611866320524,-1.3702917629470248,0.9013937513983508,-0.38529109418210356,-0.9967099563684579,-2.1358693182738655,-1.2702643246965017,-0.925382095137767,1.3879232204278233,1
-1.0977408347198347,-1.0421518339712537,-2.184143353246695,-0.3919586154630044,0.44254515442660375,0.9815033844407722,-0.832762394284367,0.21627986520069323,1.0771129344847228,0.6302126082496776,-0.6049145237584741,-1.2934907063541148,-2.2459287012535585,0.8083336382182955,-0.2269160877557999,-0.32651374199381844,0.4785482399304161,1.0771432145847306,-0.33616625560132224,0.6339919467441337,-0.9926336144045004,-1.342611691152602,1.4974192735522416,-0.964474092903432,1.1399285950627729,1.210291721522804,-0.33549976376891666,1.0774947473182381,-0.8965701742991108,-1.4481287377355887,-0.11218764255365389,-0.5667497894893113,0.7446840972919336,0.7018128176169471,1.180564911525561,0.27529521678103286,-0.19728356462108046,-0.7679838373551816,-0.6265710041397048,0.6186458236599898,-1.84050814361237,1
-1.2786449004295144,-0.7052637649226562,-0.032505174638953666,0.42761831475689815,1.1700131529035225,0.030539569372694732,0.23155156213808337,0.7987950460867819,0.5353656946532779,1.2392100998209403,-0.7902171633505958,-0.2958115633363317,-0.9670514792425874,0.5864175373152244,0.09870138580973457,0.5065862756707099,-1.42787454292522,-1.4967520514534762,-0.6231940947870787,-0.8852742641426037,0.48225783468051453,-1.2305146248640502,-0.8648116338724674,-0.9835549978429539,0.051562491512141095,1.2938793481848947,1.2748762846560533,-1.2180471524588077,0.6484714766054247,0.15099727189441736,-0.848740314488549,-0.9534087577868348,1.3131783616079495,-0.1851723759556463,0.22903401559893533,-0.30798075613227166,1.1376698402281906,0.9133428159276097,-0.08643372159073674,-0.8952131819271041,0.1467385010785384,0
-0.12286009182084583,1.492242973242886,-0.5607465750927765,-1.177343417585712,-1.1128381833170262,-1.180883863930656,-1.702704495916409,1.813533802708458,-0.9737953061106537,0.08717128757383205,1.18766528719884,0.16760210593664154,0.324683106880928,-1.2343640461708152,0.1427756852245745,-0.9682998721649121,1.8525595885558228,-0.8126608974754296,-0.8352011296570833,1.7983927504834138,0.3426091385011831,-0.315915206492283,-0.7265589540711891,0.4512115611690002,-0.28323981601989673,-1.006211030036424,-2.075901702373763,1.4884381968486817,1.470873280848419,-0.50265066092625,2.366030739174873,2.5841544791230144,-0.503391783035946,-0.32170991822842876,-0.7904741483368383,-1.155496104562689,-1.304816417543726,0.8994977577476657,0.9373883061753799,0.315946415261439,2.0600395363443793,1
0.09817675138370445,-0.3772948001766028,1.1961292711554237,0.42383448958259273,0.24413262887139647,-0.1334440054177165,-0.552734546252775,0.7199500730434975,-0.6317215871892252,-1.0811758980719737,-1.133208026344518,-0.409725994467796,1.2712861490566976,0.5916359596728245,-1.675166178533233,1.0296280288307835,1.1351030841410839,0.5049255405407698,0.9890580950575303,0.8230867385906444,-0.00887615552920786,0.9427919907045231,-0.44658012156189414,0.1510508167538318,-0.9899983477029295,1.0354033463033454,-1.6611996285561237,1.099170320034406,0.3488172673342132,-0.8381805865832834,-1.2339386009339741,-1.4227237482363584,0.23120608729851644,-0.8759953072407898,0.5969324746191265,-0.3666079085703204,-1.3466821200274655,0.37768033951644303,0.7165981388734468,-1.3229083193706952,-0.07607850982276593,0
0.744668817791951,1.7608554361661988,1.2086139522049018,0.8865785461115462,0.783755005465891,-1.7333325324161444,1.4634950200469918,-0.8989540178367336,-0.23034339078486993,-0.8390476409021979,0.2127427540003989,-0.28866296826262944,0.6236126815267957,0.10527572818358447,-0.0443964999576835,-0.631557123005027,-0.5949919891635606,0.10576593385200607,0.7025631582881622,0.08712467120247122,0.12353558540309754,1.2772203607894117,-0.8736756972955256,1.1654345930364352,-0.436337395988363,-0.6931726739226396,1.8980454688342074,-1.1241792478647674,1.2964563664533182,0.4085454578462054,0.15613916448440476,-0.029633167196930935,-0.2708517045946213,-0.4720405226285945,-0.660766698884341,0.911820603521994,-0.961071854014384,0.33604449755479954,2.1066516300530775,-0.4269925043297212,-0.6919156583750197,1
0.5766853543732687,0.6975319533546476,-0.42042185413009714,1.5899633359926941,-0.4610288082060185,0.8516131527074203,1.0158501749656432,0.0025021733446152126,-0.5307129472366667,0.9877807707045559,0.23375264684444583,1.2016366199111397,0.6774768276797929,-0.5814936743494054,0.3244151024293364,0.9602223853307897,-1.3469392307802484,-1.1341202614547163,0.9515262395842208,0.21923919221005822,0.2825847308978628,1.3957047973914214,0.5517921346605976,-1.1160401649539056,0.32727417625096555,0.814043989181401,1.280410959526456,0.6377532630076225,0.20409182168559659,1.6101179038166487,0.4014981349474343,1.04765472939611,-0.35673343272947267,0.7201275287192345,-0.5410647865583668,1.832602723504028,0.9172148902626844,1.0623300963267273,0.13653977777669518,0.9681380179323341,-1.572816846673138,0
-0.12393069039204514,1.1690239167098182,0.6618164565193431,-0.025306505297958325,0.4868786771227608,0.6634368561857178,-0.21513761105959953,0.3963852779319765,-1.0934737703225335,-0.822714552704817,0.5449362832436547,-0.68793694747329,-1.2530761633993757,-0.39778440659194786,-1.4044934217482758,-1.1346887624938735,-1.5705511775133314,0.6061857097332773,-0.7864441869388088,1.6834636276306907,2.378576167119285,1.2309081613402961,-1.11542254137564,0.6105950962278344,-0.009776218970582447,-1.05879680588077,0.6090762952008418,0.6103790363237487,-0.8737878119796418,0.8980905036767033,0.03966097252582574,-0.9015447425417116,0.8711921806237203,-0.6618846041152577,0.9626860721901899,-1.4272923406091043,0.23460242545292834,-1.800072627031939,0.2361319477492603,-1.125744195275435,1.558076277498968,1
-0.8038275483535176,-0.3177530589752693,1.0246135470516935,-0.4699210918172377,-0.06380289194727992,-1.1091689061672232,2.101742250475786,1.1586862481448905,0.2847499009831467,-1.4277327921612566,0.3277287633544814,0.6122407769922621,0.18952940493147402,-1.1772175822383535,0.3976914407792702,-0.7956955526114394,1.1553218193461983,-0.15463551018546817,0.2182677882329804,-0.965885856643222,0.6053522477383287,0.9781599719713344,-1.2016259000511473,0.05684841591855116,-0.39659534139232594,-1.4440698455641614,-0.8528009403007284,0.01530782295005169,0.919704649014248,-1.0398324284305123,-0.7537034049661577,0.3527922565080683,-1.2013082186679196,0.14276124486724662,-2.2058006790880103,0.24267777591450765,-1.3259521040512812,-0.24035753790088535,0.6966546371211447,-0.48817498625633354,2.9598949666904484,1
-0.6617955478982819,-0.8625185273306648,-2.274381062078114,0.365729127348861,-1.1976390660013723,0.46381519195911075,-1.8646796057966588,-0.5703927956336493,0.6095899245320543,1.4137876761437815,-0.7334460435115301,-0.6683436091054836,-1.584006420988522,-0.3316925007001439,0.10899208904234567,-0.27248984403165605,1.8052610355153975,-0.0666084707420362,-2.0759581997752257,1.173736047200271,-0.5900792139639454,-1.6627687036230732,0.8149435770300142,-1.6669474917820553,1.6855650023115099,-0.2836390282780721,-0.6053596632255401,0.258581361661658,-0.34495008289293794,-0.6992968258789418,1.542742916573649,-0.4031017984625092,0.853059850775116,0.8694328114002546,0.31824253715643497,-0.5283294120609313,0.041247543450075246,-1.2326686655843448,0.10870596214422361,0.5237046070110118,-1.5141100743841251,1
-0.1894450631188376,0.9764200673723619,0.18247147457390428,-0.5004233110334306,0.6045666454455426,-1.4664619037287656,-1.1030146051990644,1.877537882610763,0.5479611668453565,0.9671877695563424,0.596287104281377,-0.6765740869886778,0.9142811644769664,-0.7899468114732148,-0.5136301242505891,0.1961686888995551,0.3207882339974172,-1.8986539622757854,-1.4287437802229344,0.9877136665610949,0.16908160000453656,-0.34740838961889664,-1.4119766643470633,0.7266880157123252,-0.8469685167030527,-0.8184440390832185,-0.062042363725477424,-0.4569135654210403,1.105706462348333,-0.2669703416780412,0.5656357553597786,0.9271407519504781,0.42325228951087696,-1.8983891528059413,-0.6558958414842823,-1.6181348714631558,-0.7879268227255147,-0.2717618560491236,0.0022623665100665086,0.06108294034550684,0.31480486390864465,1
-0.5628235316924272,1.666240377431401,-0.7344489823916249,0.00391288630604207,0.49563932193839577,-0.6595489796279722,-0.9656799958542381,1.7030247149437705,-0.3328973180310867,1.251968582201349,0.4086928464753997,-0.38363023533668983,0.9957391661805036,-0.2229451282043967,-0.5503656491411634,-0.619445518093542,-0.16581806080133138,-1.5288571375484254,-1.6529109593141833,1.4112082809006194,0.5915260496408724,-0.40581520280013994,-1.134402321476277,-0.23477830716221587,0.37007159706260795,-0.3955134643729279,-0.40553978323026957,0.36710327475141225,0.6316523686367959,0.2778473304641102,1.0394855982406788,0.9616352288540608,0.5826634931640672,-0.8645393746447414,-1.179547935166973,-1.855518727740474,1.6808736706168845,0.9041212764213674,2.579741490325702,0.3660259570788312,0.11208017402200617,1
-1.0620831250295677,1.2276429323272424,0.8289436307490567,-0.6920363852110151,1.4156404540993177,0.5995754312900302,-0.41854782233891946,1.1135284462398998,1.2076862093800111,-1.9275983418383988,-0.28157391694441897,-2.1944193284303743,-0.8897139978493687,0.19067168313435434,-1.8500643833057184,-1.041181416452215,-1.3042997949098318,0.40816842974306855,-0.024832948034750477,0.9778807173376349,1.4222580526682969,0.3218756795564194,-0.6125257228059837,1.0957461738871166,-0.6961861058583533,-0.6682751955010955,0.6249066762230259,-0.3608914535433568,-0.5897700266173197,-0.08394917080191458,-0.297516722437004,-0.9207621289744179,0.2967532106535811,-1.1747868986668506,0.5800268775756539,-0.840691024408702,-1.9912044910399043,1.2845189377065998,-0.09954665093452829,-1.222826203844358,0.16434534810493676,1
0.8271005541168548,1.3498706109098417,-2.3483490612199307,0.11606843649647229,-0.5880109521980126,0.008343295135503003,1.498225923435754,-0.09197411859012738,0.12360965167757201,-0.05294131878285833,2.7179323399411817,-0.00714541241995345,-2.0812580233917055,-0.8973241656423173,2.4524146481877915,1.187308054408503,0.09881110967339678,0.9620590587624069,-0.3222610746687982,-0.7553647920933244,0.9447885499485079,0.2312835860869673,0.79700566384229,0.2523362294718598,1.1102408016074274,-1.8447315358611445,0.5347494164935535,0.17518341489465938,-1.4748499777763764,0.691441659259647,0.6429708056788337,0.7808371297060125,-1.3952646014497565,1.8957638238924517,0.03762861930434201,0.795076269643524,0.4198956375288355,-1.779934719517527,0.7451629438105601,0.6558677929585828,-0.44578136009541514,1
-1.4793844858629082,-0.419664189619082,-0.2063439411450207,-1.8381579912307071,0.9050912426114118,0.0070709040935927866,0.6936494524560046,1.058479697550608,-0.31761528044223264,-0.6410468060709181,-0.1496470215794819,0.6563064216649578,-0.6789718444849119,-0.940449648588637,0.578313988407043,-1.555785617658819,-0.8817868732934805,-0.379935858449886,0.03322788729971177,-1.4983632660230468,-0.954666099440933,-0.46002011241382995,1.4190004000863667,0.369320745513517,-0.11059189491179397,-0.21193460654749952,0.7839468962134176,-1.2121958332004439,-0.08694455957719809,-1.2717972666620194,-1.4124057466555717,0.882523036534903,-0.6500978731373419,0.7612704021464523,-0.9907171673887887,-0.6285468075131483,-0.6067032113934585,-1.6320716445601255,-0.1016828601831684,1.0853478792181204,-0.44438152328960895,0
0.7552214093926564,1.0291042814766578,1.802911715394164,0.18590130586498974,-0.1511989466005098,-1.4899735948140789,0.704829645014001,-0.5088174609205302,0.5179525855381214,-1.2163696033529994,-0.2482860814399686,-0.6035776129921749,1.8564896284334982,0.6818995619359652,-0.6156923356517631,-0.18014513246469516,0.7062991236075384,0.6701688814714,2.087060337590769,-0.9841062898341975,0.13659353966941254,1.1185400991750352,0.074487583356413,-0.22983865400186893,-0.9876271348288833,-0.4731960516488058,0.27307010356636785,-1.2389628799700365,0.5592651776348087,0.8462633070561276,-0.7120152038425674,1.411382498572468,-1.030354763419858,-2.007055639378647,-0.12299476661899628,0.22727125135760035,-1.0793869821212265,0.9595908452274567,1.6101529652038202,-1.7768771831031551,0.18722898488394246,1
-0.4674047983597489,1.2863065044089013,-1.003207537847664,-0.04033035729081244,-0.7280844153970153,-0.22782030320472768,1.436951348109975,-1.0623647848794016,0.12069159056368538,-0.5991662457844851,0.7441470959332246,0.39184626046394294,-0.4712687453222561,-1.2636862665759214,2.235173692430978,0.5673097436827312,1.6159789987892315,-0.5590602473933142,-0.2832712411973758,-0.030314734324241907,1.1464242386503602,-1.0070773461924007,0.45744418184020913,0.40865117383209604,0.5229880866325415,-0.7510946446091279,-0.8009717476977896,0.10304696169554484,-0.40677553419743595,-1.0824514630244708,1.60776431608566,0.7686791035539262,-1.14029406076334,0.9346489636179539,-0.901754890385466,-0.5562893754602065,-1.0245495040391577,0.5121162440732299,-1.2285095177719567,0.5178371200935964,0.8305203658973245,1
0.7998780922844874,0.8933176719341582,1.120864732735618,-1.0661441610049005,0.43119035728302674,-0.36235213000607114,-0.7238950111705713,-0.1365889933697671,1.3902492459131237,-0.8390554758192643,-0.0012795703463809904,-0.17694544938181858,-1.4673225759796484,0.030214459263935834,-1.039603476756167,-1.9711820020344286,-0.900582737410162,0.7112819216204629,0.47872147469760934,0.08079671691696254,0.7877797301874984,1.0600000672092182,-0.01928500166041093,1.5745238125370382,-1.5284514629729111,-0.9810971309314052,1.5059790978237002,-0.36876415890812847,0.7072489148793729,-0.6770839435533219,-0.8626764219848158,-0.6518752913851764,1.244043946290482,-1.3410826483403466,1.4954823643576087,-1.1923441816012796,-1.0938478555873075,-1.336513257656483,0.4211894403417795,-1.4256033952528009,1.2571590034849005,1
-0.8912847845317873,-1.0222682410559114,-0.16917443191112425,-0.4964045267274204,2.3823539934599283,-0.10487884033555223,-0.51601508528555,0.024754425708380278,0.2243040892503417,0.6396071942399659,-1.5247858760466906,0.3011890028667524,-0.15052208403301118,1.220756494957495,0.20428021365282834,-1.1054981763409562,1.1275093142241306,-0.3382123830344262,-0.23253738981024571,-0.6502639365616953,-0.8778652130303756,0.029327772543774368,-1.1521080695377413,-0.45824873152028045,0.9783252211563082,1.5406849587982934,0.37345387376221223,-1.2013547687413277,0.1840958634273841,-0.18749472707657194,-0.6957568143485449,-0.9499487743235134,1.0294950159672798,-1.561553281268738,0.23938400880639,-1.2599071177177794,-0.09114458425612565,-0.28954386984826613,-1.3177931456107173,1.6292846048108387,1.1328707415959645,0
-0.22969620687980255,0.06153703339150794,-1.2946564865608712,0.5956298761262191,0.16805242395713677,0.45814472347784563,-0.814132862133212,0.44534634261132644,-0.3850870664446198,1.663263810108886,0.17082545389807172,-0.8824989430593257,-0.17707949753735516,1.831201399708738,0.5234031417437215,-0.37724875116127937,0.6761706177747929,1.3146547046846149,-0.8557879844077775,1.0122619195509777,-1.9124889062399182,-0.09327117041512911,1.554350446116343,-0.5679952339103898,2.3587492748045973,1.7018759465895876,-0.5539759310084271,0.039733940808841746,-1.1208563032674217,0.29375449944838,-0.7420846615436378,-0.8183994793241103,0.24945388227142828,1.8318997058894937,1.5620969438830006,0.6650902069263992,1.6604154199384116,-0.4465492199811143,0.860570690767811,0.2974379644503238,-1.2795985256697093,1
0.32736973382265794,-0.15836444644389416,1.5417996096307849,0.5888829901224306,0.3696630753884916,0.053030729632353446,-0.07652311620437814,0.37097346570179557,-0.6465660473325923,-1.3445141103307605,-1.9823037018553473,-0.09475971386099301,1.4171823117494953,-0.41321325064608955,-2.3818533332631446,0.8495774336335502,0.8770120590201558,0.7446696366807622,1.9491582627379134,1.3770062862202272,-0.6228605457069665,0.8756095408446783,0.3653431683738287,0.977147386486754,-2.3467675935908296,1.36061545705709,-1.8412803293089486,1.4093809143905323,2.0167710980239284,-2.416219262209819,-1.4743499523135215,-1.3480938010443042,0.8004363950539664,-1.1845911400818439,0.6252562651483837,-0.3129936069358204,-0.6557363291427708,0.5335445373885475,-0.1495675912956879,-1.3506653611062018,-0.9049510603612926,0
0.7177147687406646,1.362030920792902,-0.2608592259213695,-1.3208704602312626,-0.3170207507153521,-1.3927226064510536,-2.2304633865220502,1.6948673299628814,0.4155103601410429,0.6140830042147818,1.4362583109309075,-0.5714387906349809,0.9747724607494301,0.816518676324895,-0.21264948397676356,-0.3161525087320325,-0.07128981812512511,-1.8147583004558752,-1.6905413540081409,1.0542714966427045,0.12459398348988471,-1.4390343581243439,-2.4232338451992455,2.3070023777114432,-1.971758431470481,-1.1044556862929533,-0.6519686489282623,2.141128841934294,0.6597734744847866,-0.5018835730969718,2.330102126211698,0.7963490424451037,0.711371497310304,-1.3590740441615485,-1.4006843386509469,-1.2693631384727926,-1.5218372261094026,-1.8620425170266062,-0.38623457396870414,0.7169968143510523,0.8459422474917054,1
-1.4807418009763902,-0.5292124598796853,0.4450819727168307,-1.7338852228600974,0.6989699285768325,-0.9085354404931315,0.24125030756567623,1.9646054700059286,0.45823060486419975,-0.9424769950641487,1.5615603709242802,-2.310708105696051,-0.6029230975782914,0.4168904149857937,0.5640294845146392,-0.9191124615405482,0.32633037237872525,1.7581917987314428,-0.0007310563150365106,-0.2137581456447823,-0.7988784536764674,-0.3966188895408005,0.7407128246812423,0.5581021284477938,1.3231557112726537,-0.4010462549365764,-0.9749652713597019,-1.3677512354107257,-1.517998001962238,0.8555649563497297,-1.06054382413335,1.5787045187311104,-1.7138242964516934,0.7463979751785451,0.7845717696485901,1.7310847434944099,-0.573661183727296,1.4493993233878686,0.7677545079621031,-0.45131078777991007,1.9099411115085276,0
-0.04440332705701825,-0.07370204338305443,0.2562539917077595,0.8586840143594485,0.6759940067886583,0.9235540586714465,-0.39800481868616905,-0.6149281019090745,0.10410423807989203,0.5209853087660689,-1.1276399346021397,-0.00035739494252480357,0.00251028680861558,0.06790835651777036,-0.09520534512349264,1.2880709224653433,0.10370894500210792,-0.890652911264111,0.40140726687758344,-0.2139092752634227,0.35777953333849366,-0.4393523588853502,-0.18695680437216267,-0.5862100176658983,0.1462142364867048,1.3168709672353396,0.2576317216177999,-1.1976906275039365,0.580325645299553,0.27935438257512846,-0.07070635432061069,-0.8767391776281181,0.6440482244627826,-0.5437055494642984,1.494726258422344,-0.2995738140712051,0.06611355264783408,-0.1440468928452451,-0.7042205009499812,-0.8158031137532405,0.09303241481262736,0
0.05078966752070935,0.20002776276182044,0.267846840356357,1.0262040715988705,-1.1926918096468435,-0.7382438478907333,0.09344105395228337,-0.5052911440653337,1.1218560171914198,0.6178165973433891,-0.01813275785458451,1.2924552182218507,1.1676111705753043,-0.7343941735055445,0.43890745362772965,0.6218760864543715,-0.6556548003933199,-0.8955336155714002,0.11597215903526442,1.0551180421056645,-0.07996641581290183,0.8817968882074495,0.9875541405862193,-1.1084737883150824,0.5374381085901281,1.0892726827548873,0.10987746645139228,0.02648790398074153,-0.14540023254581888,1.3196975372574598,0.9754518062751277,1.1199459521259243,-0.4434621790496818,0.834971888193468,-0.018868123851901102,0.8711465139735945,1.2811119489183858,-0.495531243364147,-1.0352111781497366,1.0257463779142046,-1.1847211764107648,0
0.7330561706348867,1.1870246513438254,-0.3705924027905512,1.6703171219040391,-0.6037283344779086,0.747933824642116,0.8609902964731254,-1.0967503651709856,0.6319827231703229,0.7424223085620295,0.06597639596213885,1.6462407560166665,0.9147154923544323,-1.1935878155096455,0.3471651946918912,1.25049774149533,-0.20772615722891322,-0.28294600464115277,0.5756605838677518,1.3927671862783442,0.5786646012502461,1.4279063594274353,1.295116990068881,-0.9360688037192524,0.920692172056977,1.1401648707311045,-0.24197136699929964,0.3976902587089495,0.04016422392581072,0.9914683447582575,0.7199665780637968,0.2706538807659551,-0.3852344088005018,0.93293738506001,0.7384758288742593,-0.16159618736806275,-0.11515705583567629,0.4209448964761987,0.9079159238269112,1.1903371696213751,-0.8790222988722234,0
-0.31868178493260796,-1.7181121618685604,-0.3278553954773165,-1.5974999657782119,-0.6663425871758272,0.8506288068976553,1.0393805388349304,0.9782578315733064,-1.1691776453447444,-1.017553084384512,1.3396395213232781,0.5364611753525306,-0.38641213006564235,-1.9485203431735665,1.1903277491355888,0.9224273216126484,0.7715772118003015,1.1871461813972033,0.3583832030189617,-1.309072070490329,-0.7208698481348119,-0.8866928754876608,1.2324260114384624,1.4098273743332899,-0.10362798352274255,-1.0930916699738862,-2.053983536075357,-0.21880454712871078,-0.8604928722779669,-1.1985504586171505,-1.1304504205602508,1.240136391745753,-1.7684596469278409,1.840496546644679,-0.5303364896452948,0.7369062785817286,-0.5063459710756948,0.8587403396734341,1.6113952637545332,0.36580680358532647,1.131704900418505,0
0.7181845161413595,1.5513070444166643,0.4863620869680249,0.26991134054619825,0.22675748053816538,0.8573433433588674,-0.7871520713430127,-0.3597152566206797,-0.047633387657958305,-0.6050566399128902,-0.08671084085502664,-0.2587615212603124,-0.6348963957142043,0.13968985415848145,-1.4021813830721375,-0.7424614583069837,-0.6628202188068443,0.5521414590920201,-0.08625680065721585,1.0744023962641915,1.8359794224467345,1.4422561732766026,-0.7266384804477503,0.3022683340663601,-0.31509686975615175,-0.7772291176932008,0.5794142985313026,0.7299099453541826,-0.2551312335068829,0.4326429217784443,-0.14222406030783086,-1.129271415243523,1.3240487257842581,-0.9959195921588072,1.1384969384833936,-1.6976877646098147,-1.0501812624092677,0.06818261915175393,0.8627303889657997,-1.4539702899029423,0.6125415647381472,1
-0.3127806972240238,-0.5080298572400662,-1.1668139289649155,1.0561834548130473,-1.575008359822468,0.3657451969759158,-0.521342085433515,-0.5496896581613118,1.640976653304974,1.6519738106616284,-0.0033708742787632935,0.24554589619346034,0.48841109850568715,-0.135580269072306,0.8541281879287029,0.5307184813161657,1.999206464259491,0.4466208439091896,-1.8696050731985794,1.1767032461414448,-0.32466159209133166,-0.1010776568358925,1.204863716275357,-1.4760859913372555,2.4593768518910473,0.3777714269157131,-1.502834913821534,0.01917432828752271,-1.3253387085338149,0.4443804001674635,0.14671611657680952,-0.6341810186951712,-0.3710173245439804,1.8241729667712028,0.45549987592952357,-0.6365183427113009,-1.015603811964846,0.3201644353119037,0.7471894878173552,0.03252152385577033,-0.672684000631272,1
1.8945334200185826,0.05977069957614916,-1.1134728632086792,-1.4152639530241253,-1.8273491904224255,1.2743864634684623,-0.19550895033720617,0.06128309687763136,0.5427765207668335,-0.9178075532539921,2.2862803875425706,0.17470543807752667,-0.4366430844380384,0.30675455265560253,1.108571910366963,0.9385285465217509,0.6747266532694363,1.7838129233529243,1.352657251551197,-1.2781607561070953,-0.6130690474423516,-0.6996152320698612,1.6989793318138322,1.005733157343397,-0.3760597211748493,-1.4516354813154764,-1.080926329059912,1.9872171239614227,-1.6295405785712078,-0.04235095794248488,1.1885653070412994,1.2682704604900137,-1.8180990394288665,0.8441027580467679,0.31912280521312486,1.9498064312530006,-1.7963053941460174,0.5714961878552927,0.20926256812776217,1.1298213137562458,0.20501543315284546,1
1.070292744111676,-0.7194979965416016,0.4382222032277663,0.8491590986589999,-0.34936178878265,0.6179541073477981,0.6773166716575869,-1.8502287239011357,0.12239696021517384,0.5255594305472259,-0.12947638834688252,1.2943664394868983,-0.789125936062792,0.2407818965483407,0.2752879340780356,1.491224402233659,-1.7188666954758258,-0.7496442360338138,0.6402911448117378,-1.7415036238529262,1.1714337937559325,-0.293095979473512,-0.34051454254817026,-1.1139692599958126,-1.2446949950259634,0.301659663286559,1.6576305190043386,-0.5740864653755198,0.3435162714623797,0.9138365558604278,0.15305261258760633,-1.3451874825472652,0.5101835548947776,-0.40804718571359344,0.8176644756269674,0.1630944992978673,0.22941477982257175,-1.1102131872313425,-0.7702166596383595,-0.7350660244576147,0.9324540341872853,0
-0.5489810398370119,-1.2210181566371456,-1.4265554122458155,0.25312634801963324,-0.3486619054853807,0.7965314479801655,-1.6239017620327283,-0.5909709268292769,-1.425049663610328,1.4108834609669987,-0.6396057035433168,-1.0511652878635727,-0.5846757830484657,1.3908232620541168,0.24426333733623784,-0.9234405117569101,1.3227216336052108,1.005513694498236,-1.2052048071295978,1.0658619742112128,-1.6403636466068998,-0.8322035168553391,0.9137813930083887,-0.9409782437703831,2.1494515214156986,1.0974238318768097,-0.6653623771739003,0.3825330374020076,-1.313365512988084,0.16242805255161852,0.39420114961247305,-0.32928537752726383,0.5473073732550292,1.1203584796280104,0.9532285060178273,0.6613327213652146,-0.5455927251704565,0.2530966890554624,1.3731427725616725,0.7323211604510654,-1.4667214024527284,1
0.7794953189609629,0.32758472125651494,0.9529824790981389,1.3186211292916004,0.3727099828624837,0.1827331281502525,0.7555364200655615,-1.0563494247267644,-0.2402361516435268,0.8816405867334862,-0.41197065415204887,0.2392645739802834,0.2532496785060066,1.0297888564722584,-0.24929237943699672,1.0304263159794658,-1.5649176666657796,-0.6130331237383613,1.0029452491872408,-0.4175477462908798,0.7069695102269977,0.279571851580368,0.1713028859773883,-0.8603405304971522,-0.23342787565432646,1.3224021119760574,1.772414462363489,-0.9689776590007133,0.3816519730695844,1.2937168936419359,-0.22392874198052132,-1.0218623094716077,0.5213211191501969,-1.0705057932188706,1.6559174706418927,0.7577821836301045,-0.7503271400691662,1.1010484607524365,0.881915579151679,-0.9207473868352011,0.3227124324738474,0
-0.30821209125394006,-0.8755495381713858,-0.6432808902088636,-0.1452834260429951,1.2652799835568056,1.3076592549978934,-0.8644292090349933,-0.20949490238493382,-0.5075741982453771,1.1226466176621135,-1.3827023490228634,0.37124509999311706,0.4157273918040132,1.4713797596053686,0.25482368419837026,-1.0510588404507744,1.5126735782556529,-0.2970679189383174,-0.7441205301904613,-0.71839739304309,-0.822123430375105,-0.3097847424720769,-1.3158869127475645,0.07666635610896709,1.0160367408394841,0.9988144193216411,-0.5577201656133467,-0.04392434891335298,-0.027472528891282016,-0.6280741042340902,-0.8692674271012009,-1.2206658569842224,1.2815276218364693,-0.17141688655355253,-0.6344172467031648,-1.4007843863569136,1.3907605250318122,0.418934272553691,0.4959289367467206,0.5630508836797121,0.7439657092378655,0
-0.7032172937647801,-0.20035294367428988,-1.8583657608074517,0.21762785322595193,0.19445033521692037,1.1079309064918055,0.0018146040740093974,-0.025181405692812613,-1.657834001206242,1.7748191130863213,0.3199814307619178,-0.42457459506445716,-0.9848771010583941,1.7698941501976106,0.9080573442019674,-0.9596085996118022,0.15525335525170234,1.5742929395772007,-0.9417025528381489,0.4561804705971879,-0.28999913919619197,-0.08369268130779954,1.3860785637391502,-0.9929294108233725,2.449790133272169,1.408626034168864,-0.4300866676809231,0.677886403793535,-1.8663410105887595,0.3078475777576568,-1.3396978955833128,-0.5721762166109764,0.26547989762499524,1.7139370843817485,1.066787716253618,-0.5739357481192079,-0.41481491904463635,-0.1983763527824661,-0.9149312832477732,0.027681997488215235,-0.8144574990219484,1
-0.2354446825141843,-0.8152472960167387,0.8895382081281439,1.0798681725336492,-0.04905784108637448,-0.8033161768568733,0.8588566571003813,0.40665652814956865,0.46695768165182383,1.3865784787908846,0.24860022449407623,-0.2676971798895465,-1.5203747910147072,1.0199231850065036,0.628518929432539,1.0391749389534028,-1.438408636531556,-1.521426965486946,-0.6847848919198383,-0.27607090096929077,0.9690369291888751,-0.5708574642351816,-0.7005439136721279,-1.3379725384851575,0.3138824301432019,0.8998558540581446,1.8799284104566965,-0.8701144840209212,0.2141283514687047,0.9546756100930838,0.3356204708444704,-2.063191946509079,0.4929752719456788,-0.7221813210662255,1.4432499059365624,1.9293022600171839,1.0919222957389945,-0.9295818917031509,-0.31147702619090567,-0.7997326824652383,2.3801860799120163,0
-0.6363876506654849,1.852222699190366,-0.0018556180244219545,-0.057514293289672586,-0.39906981889828486,-1.6384695291388331,-0.6990953960507288,1.8433242346796725,-0.34800449589619054,1.0017997551741495,0.2580825417669071,-1.3063769904824571,1.6063111180095002,0.7668702203365347,-1.0262901819588959,-1.5989843872102543,0.11398635418244883,-1.430346611486292,-2.543697980785452,1.6328667727697208,-0.2976975036663676,-1.074791712702856,-0.3690291116053023,-0.3835519038345812,0.31180296497116894,-1.186110024248406,-0.2816878892736807,0.9463473012652845,0.7130923334403224,-1.0985618561680581,1.1376259103209863,-0.1415747537047361,0.4854060512967197,-0.9503879822963158,-2.2911571747084465,-1.6195961811533535,1.1051971736097457,-1.4485677211793995,-0.9331129832425575,0.1658591640234688,-0.7936697485852833,0
-0.504898031780085,-0.4645821437877513,0.30116652962792834,1.2287866807384566,-0.14269711582127662,1.1933478375239799,1.446271927632408,0.07300460462523863,-0.5255825849473568,2.028488808357743,-0.8217867915067619,-0.7476654244557098,-0.6662803408907497,0.4436779471053095,0.10156632972381996,0.32295457916051784,-0.7701470888681087,-1.388031966860788,-0.3420791810905731,-0.5525510367575532,0.8040901986890485,-1.1780054804520619,0.41667417154618025,-1.644894491072462,0.7287268841306969,0.48379836208241017,1.4063776350692105,-0.7105098577235842,0.33809301428715294,-0.06767982767283251,-0.30813622984603783,-1.0434836316494787,0.26539690025332946,-1.2552081102174852,0.22583814521843334,0.7611661831979776,-1.3108753017903452,-1.6002255261609515,-0.6323115323150617,-1.007846991585036,0.7149667307404927,0
0.355749989087407,0.2854150594484605,-0.5712557439654666,1.270375692135131,0.7694024939888839,1.8127579216635006,1.5800054329905548,-0.20840163203535117,0.10565763274489823,1.3420504681894314,0.6291110146278199,0.288927442760427,-0.808588696834636,-0.2187912746236232,0.686806349391384,1.7321339975867998,-1.5512338763553741,-0.9315099374222163,0.32978293171977136,-1.6496757150148027,1.9294803249741657,0.04319986453453532,-0.8130010266417061,-1.5061260978967947,0.5827866508058661,-0.15243379992911987,1.809950055903364,-1.3329569312541227,-0.49998147100110274,2.3611149674348395,-0.29291842554530034,-0.020123354479958874,-0.4418349372738838,-0.7368379888286833,0.6165564596433925,-0.15501187178396708,-1.3591648829255405,-0.6696522287870054,1.4651098802776283,-0.692964430373777,1.298262199045845,0
0.6616256026879547,1.5069731671550257,1.4032746234026892,-0.9102693122981279,0.2147982630051248,-1.586508260666766,0.03347327263900439,0.8782151249906348,0.06807610712266612,-1.5083808204750804,0.9154418056974291,-2.1528976558822954,1.6004446525017926,3.071281460211476,-0.049180842572581825,-0.7974991129174539,0.7370521057086309,1.1687027288656786,1.7896982356192606,-1.4417107068268038,-0.7958813658262244,-0.041060444574723055,-0.309559369415978,1.001867731999159,-0.5614344411689544,-0.460098890001511,-0.13182519669568346,-0.6613241504218299,-0.2852367980469252,0.8543116105736178,0.06653103077812174,1.3053402505006486,-1.4092483178897959,-1.4378842457867629,-0.39586658388353413,1.5667802059673823,-0.051248045431830175,0.5463886809278934,-0.8293282339054673,-1.4331073990446974,1.1083707902211422,0
1.7396965849311776,0.003170909020781784,1.3926241869664324,1.158795474459083,0.05204398675642189,0.4868639930341667,-1.136310914630861,0.5330569842524512,1.3609567888263205,-0.33341506353887584,-1.0488526174684507,-0.003437630508594237,1.523193963590991,0.360422897652319,-2.0907515356865054,1.4347480683308738,0.5833307435870334,0.11974285905464836,0.9955174651826488,1.2964983381722155,-1.2281706192548656,1.1428787305136976,-0.33328981177700173,1.327385084387058,-1.6581113269632735,0.800397708441446,-0.9931056788536441,1.207083669885,1.6896385912564849,-0.9607835049382906,-0.6304506839717531,-2.3766723482065917,1.1766717152668023,-0.9203786155339206,1.1888429530090094,0.5960771689478689,-0.36521004992319006,0.5009721522930091,-0.28585506577552183,-0.8366583728798266,-0.6751621982484608,0
0.6045590808711141,1.7222617052693983,-0.626774367164414,0.45401451923317876,0.302220095586896,1.6782527648057366,1.3797172306655778,-0.03985820401996415,-0.7541203525311211,-1.2759913017985731,1.501482224181427,-0.552612626176826,0.5486963379916977,-0.26391406140103835,-0.008664621477852475,1.956322380031716,-0.48656868062615083,1.5064098589311126,1.3748996829326428,0.18120025317040328,1.4517038393613377,-0.26463066562300114,0.6068059501447147,0.476517241888314,0.30028750431179685,-0.3533562721934392,-1.3039793542777047,0.4219112057331253,-1.356190738928789,1.119574460805555,0.7803879162627054,0.6671102838178387,-1.5734524590242212,0.5604759349990552,0.5077844437262063,0.14745198992717734,-1.272150640021698,0.3541426932166519,-0.047661100271535486,-0.16731205022555132,0.5013788043373416,1
-0.09337678421218154,0.2841955124777388,-0.8896038593973001,-0.4292234450719886,-0.20377618699253125,-1.110819954724567,-0.4582521375723521,1.400604085768868,-0.31341340561220515,1.5388002068270756,0.09115112568213095,0.30319280203156435,1.835131992703352,1.0577288502800684,-0.4580523174042196,-1.0912312727424243,0.3280394866663563,-1.0690225068303365,-1.8265845395294222,0.07164425613705201,-1.1068831423328518,-1.6927605817282259,-0.9119357405041423,-0.5963671817297511,-0.04811497145885603,-0.687204228495069,-1.0532339416056042,1.6914425986262596,0.8821359024105281,-1.2236267580346962,0.8259014667849701,0.2619061422341429,0.33325674238241443,-0.6167122388324211,-3.0340732574349025,-1.6811258533553382,0.024568001331659917,0.39741470877773877,0.035198097914941905,1.308987003116486,-0.39343357761448366,1
-0.5752464480436262,-1.4721481419923823,0.42715365029837665,0.13037552546267353,1.1461500072911412,0.4651697546001559,-0.46237660644151324,-1.27373881402273,1.7641442934041707,1.2437141272987262,-2.1686470251316883,-0.439260556196387,-0.2914460185492196,-0.04207874118675006,-0.21150161908955986,-1.0860228575795232,1.345702857331476,-0.24015392556826742,-0.9025714095201102,0.7728567692456139,-1.2868120222026553,-2.1824354182295367,-0.8401593595563651,1.4362345758264903,0.3763750267695266,1.2531128341488955,-0.8590627348742802,-0.7944078529971947,1.838183532358679,-2.503698896799242,0.030008301164400366,-1.6404907552226542,2.1123679973732616,-0.6094535451321661,0.41935203817421474,-0.8413903762837797,1.048403676368251,-1.4385277558789038,-0.4878572534652847,0.06965189682475333,1.0185493575366111,0
0.8272514397021781,0.7597337452185751,-0.8369380280362281,1.5297207299464628,-1.8496905227795117,0.4267181361344455,0.9573075280850697,-0.8253708870433573,0.5722982250793186,1.0693219495347521,0.7499914204119643,2.2205786611046188,1.4649744185252935,-1.2312181933301087,0.5313377930922418,1.3137021410602086,-2.075561044422148,-1.2549864055364988,0.16074732340890635,0.0486147438789306,0.8589256711580807,0.3120368752242871,0.4280281968483525,-1.565512985509216,-0.22027925360987005,-0.04390745804456246,0.3841008365500491,0.8537699516263488,0.27122786911619207,2.1863572900757338,1.6923167217583328,1.9359017232441473,-0.6284931467206183,1.383426349808273,-1.714981295480227,0.4670637649651682,0.1867143874690748,0.6850201768689571,-0.445924037417616,1.1513402439919167,-1.40233520177819,0
-2.4591092808275725,-0.8547744332943235,-0.5167306191028007,-1.358149394430743,1.1560681195442797,0.9429761505971708,0.5586240411354203,1.7839416149076077,-0.7224450184256492,-0.8255245596965594,-0.1955356373202203,-0.6440737128813528,-0.26209753068168273,-1.5101809540008662,0.04691732819625543,-0.41670217500306833,0.2953381333937946,-0.689230367622299,-0.42683366903062825,-0.24783625998163283,-0.08016893035878826,-0.35080723878560394,0.2645153299186376,0.5233038300658367,0.4176245174242266,-0.24203050975178808,-0.7690986588643587,-0.5693985108963966,-0.8184629888667971,-1.0352347481802284,-1.4171980358032714,1.151690942713092,-0.906817536403548,0.5771199071933331,-1.2703577026134334,-0.42132277463833606,0.5973423784910514,0.1862687326184015,-1.1104776563040477,0.6814631465237307,-0.5308393702715215,0
0.9713903297337967,0.9700584929245419,-0.8004648701073301,0.32868743536360456,-0.27510080677379645,-0.984500468735473,1.586839390353879,-1.3926232523577566,-1.2529108940895892,-0.603884170691146,2.244084661347098,0.3843545929642244,-1.4805792859257592,-0.4665266465182243,2.2947927044747307,1.6330162468608764,0.24110420453786238,0.9957345399950296,0.5128716367278561,-0.35467236601922403,1.594871605213608,0.609007037685114,-0.3507925571865199,0.4028708411567459,0.4800286799634947,-0.7957731950929771,0.12175476101331506,0.19039695814745278,-1.2423191753672043,1.1644795204030944,1.0691576436078263,0.46329555856055193,-1.1953354108649439,0.8957934007393645,0.9332919796522067,0.6659660416006343,0.7376232405755984,-1.4092149207729558,0.0975809591428478,0.2470554222908664,1.2775340934021657,1
0.12002224866282664,1.8943659178592323,-0.17114660797954873,-0.9640601910638397,-1.2973660427110267,-1.5087597600579252,-0.494925108469275,1.4629618103721926,-0.5942214249559615,0.4680231721368746,0.6935440899972152,0.5861197679771643,1.1320128201566968,0.36224818366696315,0.4559227919352497,-1.4766492592243676,0.7062625781973049,-2.185840952389105,-1.3691234576536957,-0.13277328287482798,0.06195356360707425,0.06992924508141654,0.17643587152341764,-0.39539473750177684,-0.6672776221344627,-1.5132714683945327,0.6128237817449672,1.394495371177972,0.4229339126632744,-1.1415909684142465,1.2130729607853954,0.6989377394239746,-0.3190579353588952,-1.0520841791336937,-2.4008273974158856,-1.48618127746947,-2.160053631387959,1.755199355954215,-1.2743382316146443,0.7901099884188642,-0.004617528385671333,1
-1.0042170978864184,-1.4091799951832198,0.3510081723532271,-0.5125160364383368,1.4712250908815117,-0.23413952246980807,-1.1879188990911924,-0.002402949020836007,-0.1696531804108503,0.6855017481617145,-1.6749436857700746,-0.39242045304752154,-0.8977229673834135,0.19163791138567654,0.057520972945017276,-1.1576245254613398,1.0999929397428243,-0.5303705456969493,-0.6334917643312792,-0.1599551737493591,-1.2396975260044396,-0.2251984059225963,-0.47816275125115715,0.24349293753147488,0.6902584481700541,1.0817600798510718,0.5957912006225231,-1.6657564485614513,0.5763912084699867,-0.8114097961209783,-1.1998184606708544,-0.8517002065622156,1.515758661563214,-0.7027214476829658,1.1746198475892966,-0.7407596493626396,-0.5565125194367041,-0.011133442821417433,1.0180140939901003,-0.06422728496288008,0.20871804213203246,0
0.3455432465744044,-1.2101657403195556,-0.9803878191798875,-0.2471970933240204,-0.5186604959086364,0.6100194096532272,-1.048882142494323,-1.3683823837433233,-0.026720612199529967,0.829302745763197,-0.254598233625161,-0.5432190662846738,-1.3271439275241879,1.5176854691700818,-0.22251648104049682,-0.9536231347376539,0.1689650116664966,1.565333714644082,-0.2147217508450371,0.3323385836277585,-0.4701854553324589,-0.41371462266428355,0.8322023313677687,-0.7234940171702361,0.8507404340975782,0.46397922550786075,0.05597187005277415,1.456222497552909,-1.2477041252117858,-0.2783546447518863,0.0034477482152295235,-0.46993763166227115,0.8981377309994873,0.2109387370590316,1.141954179863251,0.07982416288653552,1.1911035157003214,-1.2294523969232227,1.0427648350123488,0.034942459183688504,-1.2914163396562812,1
-0.9423239417185943,-0.5124226511946881,0.2845151984950477,-1.117122896903815,0.7019135326994821,0.7701268280906105,1.557247897490563,1.3573810804893427,0.4077059478997034,-0.5858643241445838,1.270789431059342,-1.9151150883558696,-0.16576686617630731,-0.46964673818314584,1.2217164405019818,-1.2948207373000555,1.321171042334495,1.6635585348477049,-0.37621961555544,-0.43813977775599006,-1.3088792577766464,-0.7375045535706396,0.759415081752438,2.1398210763619563,1.7766171390425516,-1.2270983272318476,-1.1735622240781032,-1.2943011102283335,-1.2473786307733488,-0.38736816359612924,-1.1577033046917866,0.8740974803161937,-1.9017168546382315,1.239765257085958,-0.5571561992389865,1.9621920549613754,1.1267632251131654,-1.2394087033910104,-1.1520474005440824,0.5461570965480578,2.173083895467414,0
2.0976646270151433,2.2023436315132985,1.1700189958768823,0.546706779342573,0.2583532626859744,-1.2648048392804152,1.0929694742260858,0.9663713022312432,0.15493804398160083,-0.5444580220915936,1.5984031098514804,-1.1927690978693295,0.7264859646173284,0.9731834097348147,-0.4802185607148406,0.1547584005600218,-0.48990993830934293,1.019653055968579,1.3928461308894173,-0.6649008491796279,-0.32011011578187076,1.1567992967602327,-0.13680113772070238,1.3770910961288867,-0.7688981916425153,-1.5464746298396363,1.2149678220188012,-0.665110576214681,1.1961926336013107,0.7297194644601023,-0.3654977615683701,0.14687056362241738,-0.9298184030882569,-0.9219726572950577,0.12366368942991976,1.6815550133138628,-0.26064512245671234,-0.5328926146970882,-0.4713078650262236,-1.192557410111984,0.6863289404294337,1
0.803412659278705,1.772645719654448,0.42506161468266185,-0.1566471343831647,-0.3332752129219251,0.10429469290574765,-1.1332616156135245,0.16855299191401646,-0.6971663044686567,-0.7407657329691772,0.8966716847445005,-0.15046612742023305,-0.16350258517065758,-0.0071227025893994935,-0.8438233384182459,-0.7449502122250875,-0.7917204767125036,0.4720203043398311,-0.9435273625699889,1.17310237125605,1.3247099627707934,0.5875923645937304,-0.46789271449058206,0.8192053685050845,0.0670178034666897,-1.4081350176017629,0.09542434962162287,0.1198343824751633,-0.447474225254982,0.8886435521654377,1.0778766603316865,-0.6423217079336102,0.14151468423041244,0.02551933042862147,0.617630113305356,-1.3200773563974888,2.221209360186454,-0.46749506978936994,1.150690054079497,-0.6764344658410463,1.475358168287787,1
0.07583587269559072,0.7839225782636049,0.1875469188837397,-0.2799670609632834,0.5684986818178648,0.9413515403520923,-0.8590971410632614,-0.45205641178128897,-0.5735487186274784,-1.086205242482392,0.18734582350045625,-0.13412731040464,-0.6724743796340547,0.3660280205576634,-1.358194690120184,-0.33367584510401005,-1.5138225282261037,0.3559002827396414,-0.4879086752792053,0.8420846329138635,2.2848076147989844,1.2582750911783576,-1.1814024401176537,0.18305778720054122,-0.5216655565902528,-0.6688021481557229,0.8410277883265692,1.1334326443705625,-1.7747772645597693,1.1500643852810606,-0.0478914842957816,-1.0832499447626258,1.0828867210426396,-0.8651214033208442,0.6447233522214305,-1.8570417918957607,0.04936200811030923,0.6880778837018783,-0.3226347293721699,-0.7085510014673267,-0.16771205754603083,1
0.8738500063631053,-0.06540741422559751,1.9815396255147308,1.605610640188793,-1.0192723219071744,1.3500559069735218,-0.6171496928324689,-0.8431412704606249,-0.38557658868424355,-1.4484486257928177,-2.37460857302698,-0.23764478127556468,1.5225378596649488,-0.8461196679551586,-2.2717088388819158,1.3276147349875183,1.5522313659695666,-0.24864317296234134,1.342885559306909,1.662833471196194,0.0747769079062062,1.2209369486456825,0.08599872182363803,0.46909759648582156,-1.5532863951676517,0.43071124855367887,-1.3002124877741854,0.7847869262501982,1.5540811076824317,-1.3271399356566793,-0.05944139073039674,-2.164587896096066,0.4835178672079723,-1.035769767455563,0.9055333816542014,1.0185950879383505,1.1220617565626754,0.07699988754557757,0.7846701985706314,-1.6642536644477621,-0.7402492109770437,0
-1.4684511315976583,-0.44548575428659226,-1.152391345304824,0.30308685362419424,0.3102305584309253,0.9930533746549909,-1.026372752998848,-0.22207054252470443,-0.7638234847231712,0.36011930042039253,-1.4967927820756624,-1.2828800195469663,-0.3852144558590916,0.9875810716712725,-0.4103883834118414,-1.53653356631256,0.9161144411286524,0.1740056403757141,-1.3549525172509893,1.0495056110754726,-1.1889574730697494,-1.447174436785527,0.7154800268009527,-1.232014241247991,1.9354714916666715,0.5936117768590069,-0.26838705633805826,-0.24389495633092437,-0.6521319003546803,-0.3914012451171244,1.1854521036420307,-0.761323071472508,0.28633205959049934,0.5531447735441486,-0.489096433931987,0.42634992398262306,-0.19025932606857401,-1.7556148016871913,1.1481600797202849,1.3512213249368303,-1.3814329728120673,1
-0.13070174987905148,1.0252038886362131,2.1979243639026382,0.4180853948652769,-0.25765041296479924,-1.5267972004328305,1.9709296648270862,0.5819657128966191,-1.429508930770247,-1.7820981131501885,0.29524098680112987,-0.9797340488503912,1.4139396077585207,-0.05078558011359419,0.11695374527849536,-0.25933473600308277,0.7806844580376298,-0.04447260736514148,1.3048520894965372,-0.24000058283466322,0.06637987425867133,1.2046565767497073,0.1947312282535831,0.48852174079672206,0.0038513927503379818,-0.7471308672983192,0.29521374788886645,-1.327049251618363,0.25082550701879874,0.4525952247518591,-0.13486674280485458,0.5607085608085988,-1.6772605565729477,-0.7661536286639656,-0.6599422885414509,2.6193229372089486,-0.14985536531238067,-1.2952565980224393,1.0497945142885108,-0.9794070396347447,1.5095567137099732,1
-1.483230358722601,-1.2444850384893964,-0.8112203359720195,-1.8062519665291843,0.7239436619420001,-0.25430197492450013,0.149454696953664,1.6337159858178492,-0.7261176482034817,-0.7948029075106104,1.4446546371281812,-1.4739432805036434,-1.5679331162017243,-1.0139126469043116,0.8907757704997745,0.10105485929920306,0.6755724477810074,1.418086158955489,-0.13409120954329318,-0.5813229689558324,-0.4359170999386471,-0.36058093842089134,0.7278058383646094,0.3862523521232566,1.0395168876233687,-0.7490866071767726,-0.9320519049130515,-1.1441924680184703,-1.6046487537908862,0.3062642118597046,-1.32358833415538,1.8028783893414044,-1.5004882321919113,1.067374191040123,0.6543927920872677,0.7888062706679366,-1.5571927126717053,0.8204865484262112,1.678999061167387,0.077512265982007,0.29934330233268636,0
-0.42017209095089225,-0.9348580461055861,1.142031929571165,0.7831781120722706,-0.005951013293166894,-0.2872198388439119,-0.30536536386010765,-0.8166472279362881,-0.8551858231023348,-1.2124095202887615,-1.1855459759097255,0.5245306651319582,1.1053933695396077,0.06545317188684883,-1.092119935449607,1.5611198557146289,0.5910588527662605,0.39287581273620886,0.9123433411511281,0.7668180747851144,1.4657050335671773,1.140382323801543,-1.7476455209200532,-0.7653125050485573,-0.7597842628057303,1.531810151159545,-1.9345482900417974,0.8189400701205064,-0.3022733734026552,0.7266043205441447,-0.5448640093040676,-0.6978881640204403,0.28216894339475584,-0.34936218648110673,0.6921871742484007,-0.8979541738976322,1.3056767278588983,-1.8356258328683628,0.9300323109715675,-1.6784603867181174,0.8857803233371768,0
0.17257890270895743,-0.15838524269682946,-0.015751585363646032,1.0728372411330362,0.4266667864641602,-0.2189852055184031,1.0590493990997771,-0.6471898088525359,-0.27121278891759143,0.8438686910831623,0.6505553191906497,0.5453442050229002,-0.7459785087837463,0.6764940170709772,0.9678950004346427,1.6599449024909632,-1.9479521686349095,-0.9278179299705869,-0.10145870773436572,-0.9083871177910676,1.2460773264120582,-0.6574191296569318,-1.1550131504107064,-0.928111032677399,-0.02521174419923676,0.8569767677394471,1.3770195613313398,-0.6954130974369507,-0.15798547247105246,1.6866039665589139,0.5642280068171087,-0.878733909765755,0.12133632572237044,0.39345522387202886,0.4926596667273763,0.8544200255319774,-0.7312803405412601,-0.6912408591468706,0.2158111166917668,-0.31570747232397606,0.9326057729432249,0
-0.35678774259984547,0.8043421682917249,-1.1884481293090439,-0.6092453650156463,-0.6413401169783196,0.23241963303588303,0.85575784499181,0.8436588549521037,-0.6916600828594224,-0.8568921313962051,1.590402623313283,-0.3821638304521231,-0.39062786618486084,-0.799555809007911,0.9098922019521208,0.9903854889062986,0.7236917704216325,0.4549227849720418,-0.31285667785693033,0.31106930859835596,0.8195715861734684,-0.8255849352490074,1.1175381120628252,-0.03683696352399227,0.6449939290605174,-1.0256911600053256,-1.2537762267298325,0.8172224971499641,-1.5323362594535108,-0.34306749327863423,1.104436133223837,0.6697591941963472,-1.5547956643417087,0.8213365285631674,-0.3758557240668063,-0.07145110903750296,1.5150546126995796,0.1916907099418403,-0.38660434900610263,0.9213556585986465,0.43606345457460816,1
0.8345582277879613,1.4722091484730815,2.600924684429105,0.5595244409679281,-1.2191835584147184,-1.6840159423628904,0.9845791747931301,-0.6105331699130229,0.7886864452576512,-2.0147887259642205,0.35734585186929113,-1.4516454086249682,1.8920460590845694,-0.06796999486463019,-0.8661187929169751,-0.31864155342791095,0.5099565281302956,0.9653360306114319,1.3396018175874727,0.2701752475502438,0.576860765836219,1.0760775623096275,0.18676076168788422,0.22575087779354203,-0.5444350462590005,-1.6654220520968106,0.10590041713933664,-1.5630934607408327,0.26513942149769143,1.3049178989987658,0.5032788916006725,1.0366777041076982,-1.5779291402638143,-1.5464460839271525,-0.024211989310136735,1.607975683545586,-0.5033915972919202,-0.6478707491440528,0.23231581980005858,-1.9842269457208275,1.2586352830057113,1
0.5978366628419729,0.6321335997770235,-0.8905722820207448,-0.21280154996600242,-1.9141861634717847,-0.08001775447771993,2.18019029490856,-1.2506585647341617,-0.6409163658265767,-0.5380865599342389,1.8318261946839116,1.3113576398002165,-0.597855725529202,-1.7058956454707142,2.959876326851463,1.2364410955751406,1.1072606965211829,-0.08899840281022849,0.7130656642258378,-0.8751128707258242,1.3442375013831807,0.18175858880258233,0.6957493983231873,0.9187147013288144,-0.27578145930123554,-1.100790273792215,-0.8999245238106302,1.5405336915432102,-0.8821068178708563,-0.7509085934720562,0.7857277464123522,1.5683524743999293,-1.5383346499577066,1.519261987971551,-0.8572870989410646,0.3263740735589887,-1.211641153873516,-1.0508045100264631,0.9539409202504301,0.18547185100163108,0.9314448241266673,1
1.3031021488692418,1.3667036500559986,1.9478093368781446,1.0683976041548924,-0.36002561357702445,-1.447863225569703,1.4869198240246206,-0.6219639067634196,0.5912315801679903,-1.5982271687841898,0.32434867189278993,-0.4346104627599106,1.0032501666895794,-0.41253273343666474,-1.1421048620480057,-0.6463634229870159,-0.26650784614820505,1.4699790585018728,1.3877561650420749,-0.2700519176605918,0.7702331909679162,1.7221366524681236,-1.1214437169430171,-0.34089178693196487,-0.671955317336245,-2.0964393740789347,0.6997988816897557,-1.2673859903161582,1.70051006777482,1.4072538288827459,0.044594642887701194,0.649163633580451,-0.9781397778887744,-1.0769802066291165,-0.786525276747337,1.1696424112942085,0.2349487370579464,1.3982202821734182,-1.158149873657629,-1.8492883698370248,1.164692216373504,1
1.7299324497272985,-0.9389316224648433,1.3307736409496624,0.257369995221674,-0.4139665500029496,-0.19620459931873685,-1.9862695287353018,0.38230679294795894,0.022147041546988194,-0.42893279478273705,-0.03477740165431282,0.1501243473325549,1.399506678690301,1.018323257898543,-1.6753761198534696,1.208963362803935,0.17913593071749204,0.7342753817451739,0.7011679489488349,0.9306905429471076,-0.6563061478233382,1.0353953980695187,-0.8702735451126846,0.7208894378515431,-1.3750814515536174,0.5196500396594754,-1.206627098551056,1.2188390570486471,0.02737422965123387,0.7523068107690232,-0.03802447100490643,-1.1311028692719114,0.4382630482943328,-1.1240140480913992,1.5991515406974124,0.3591422065211851,-2.4231146230808447,-1.486484611745778,0.3728702072237578,-0.5961775449928508,0.4561557557586102,0
-0.6061187232829839,-1.6301174725157843,1.72910203600474,0.7412250366263176,-0.1029888532445908,-0.1958468487745397,0.39861921605130934,-0.3600878245434714,0.5059955843502273,-1.64117962238783,-1.5659517211621654,0.1775036222780424,1.0382954112183538,-0.789976986797342,-1.3501293825669445,1.5998809796148186,1.0145580079159615,0.503008162677819,1.1866125290472804,0.7857766759081876,0.639261297172763,1.3796338427686206,-0.532411912891285,-0.07091626050239605,-1.0278284138937146,1.2370637826131035,-1.8291993155899164,0.35168633459991466,-0.05593266428473474,-0.61672543303872,-1.996974656847755,-1.309552981317176,-0.20411915412248527,-0.08214900551129521,0.8086694514665566,0.16420075410299625,-1.4147705830751904,-1.8115705117910303,-0.6140617901166489,-1.7233744753431233,0.09672438578791867,0
0.25722577729499757,0.5911560246325889,-0.3964504939971725,1.1963571325036948,-1.2578091729089362,-0.5272696250685256,0.9367780082634354,-0.25574301947695194,0.5882223276917471,0.8093873096997996,0.02931812205777039,1.5227344414280921,0.7189761442417004,-0.9524997295559017,0.36214921417100726,0.756831788308544,-1.1769322600664658,-1.3060402677772358,0.6351543403507368,0.16746759687389406,0.3635538377517762,0.3038360976350114,0.4714164600407587,-1.3944816212657254,-0.628613957049016,0.5180727404099985,0.45275893135732515,0.8837564148813672,1.3450641944330366,0.5693556193591064,1.178532598377849,1.5091779069824431,-0.2536703027051964,0.6804640469052459,-1.2843793968200772,0.8690029260250811,-0.5934567381104198,-1.6512254592063047,0.9093576348495435,0.4726195832790363,-1.3637448426435266,0
1.2235943941931544,1.0453596905544125,-0.7157048223047477,-0.30645317433419006,-1.971018031502105,0.11379073927842887,-0.33232869189281294,-2.6773713933172156,0.48353096299454434,-0.8294247063925755,1.276654026228029,0.35639734977687715,0.283838757918489,-0.5738248056128027,1.910126368392842,1.1980243254935499,1.3982553487032319,0.8623807082657018,0.15481347544965585,-0.10588504663980605,0.5269923129169326,-1.7654862115262484,0.9062185990292255,1.4414828342231794,0.06797504247873899,-0.957513568489305,-1.4770221960099514,0.09302128196569885,-0.9417855843805121,-0.09974945917915293,2.34090400521971,1.0374311634076427,-1.2464930891971817,1.3807153004038015,0.4497872134024216,-0.16404895197002142,0.33588448890373823,-1.4226876395320143,0.28707764807505076,-0.04720680763392507,0.3798402055506234,1
1.21921289872412,1.0580581422042747,-0.3791604631604447,1.3224799224324448,-1.0904187844918998,-0.21510930740998205,0.4053341898490461,-0.8012657681231724,0.9995818502177611,0.9820288957911654,0.37336676114449485,1.2742584767394003,0.9302212282326023,-0.4902579549753454,0.4143669029122097,0.6384036300167126,-0.9589590220719673,-0.6692907675032516,0.668929694718643,0.22541655650257683,-0.3135432873094407,0.5953010124678274,0.7801789969651579,-0.9086771514419262,0.0799774378583572,0.21349590645098365,0.8558433485592634,0.2470984797081491,0.9703615158587975,1.1617582713050034,1.2457493477838926,1.2439697080261625,-0.33734322411934525,0.7393868162882521,-0.5793197081850852,1.1832728823423933,0.4178241760249278,0.3604373025731828,-0.5843587710994262,0.8640074631379586,-1.4653971895090123,0
-0.02734091418250519,0.12504390713330232,-0.9440475439411586,-1.502712780756594,-0.6912833737482215,-0.8418011508639675,1.4846748886629155,0.022933369504043434,-1.608597519799257,-1.4408837056464054,1.8402101018656598,0.7441002468310063,-1.7159002154245662,-0.9560587771508379,2.4350109586569424,0.7583212978505454,0.6087723047017696,0.2657876210655672,0.7192525847675,-1.2318327405857838,0.48849914443748965,-0.6497368587044453,0.8976037466571528,0.8936087359485633,-0.6278167060920601,-0.9499511892073016,-0.46370455535477834,0.933925730099465,-0.8540176117613046,-1.2054586786964459,1.1656830783267729,0.9635069806682037,-1.6065154795701917,1.078267372423048,-0.5731877183041508,1.1482089451209256,0.39767533914524017,-1.6031469940246328,-0.939035898533556,1.517610811729363,1.0949122226537276,1
0.11585447521722733,1.282325062466419,-2.1268229057835466,-0.4650347089221834,0.4243992515510202,-0.7454508284732677,-1.8663875379193515,1.1297956066119663,0.42929072992557277,1.4235217756928544,0.8014934162141407,0.37137365822425167,0.8042593113532588,-0.5646970566760898,-0.03293958340767086,-0.23786333195515635,0.30209674616603566,-0.6149971011856257,-1.0629815808495144,1.0652508586194636,0.4170331005338166,-0.6726757825622305,-2.147503879133228,0.5572486631213169,-0.27164156566846187,-0.23720492535756174,-1.5021293523067698,1.2118618794557885,1.1577175706908114,0.44630177621840494,1.2718966822097169,2.6096874141209856,1.1035107816027427,0.1844501738330998,-1.2236485019387497,-2.353883453024345,1.6665434838321191,-1.553158251000709,0.5870147299902747,0.1842662579444286,-0.7008364076240524,1
-0.8167816588523156,-0.909257065317954,-0.917099278781898,-0.13794963391406184,0.8233439071747432,0.2819371815800442,-0.4724729929061613,-0.11842449580634436,0.9700775273458159,1.6989462174692853,-0.7050676261395525,0.9209647649507617,-1.826161937364063,-0.6161251576468103,1.1899727682433714,-0.5121766252558089,-0.6267356243496343,-1.9472384076998557,-1.2277628335207496,-0.2900357283722499,0.07604786307439626,-0.8690865277848177,-0.355188454674263,-0.7005081519115133,0.4896793394371636,0.7434806927982741,1.7105250346322918,-0.9899269985675692,0.6204975069601159,-0.2966929800528645,0.6689133798026113,-0.4282637958297368,1.482094967177961,-0.25952699927544076,0.2709700973355088,-0.6618596780834008,1.2485865621639296,-0.05635374701609333,-0.853723425567814,1.68839182737603,0.37433727450816767,0
0.33407798807336697,0.4384436181262601,-1.0384734201512886,1.414894797525622,-0.6225521910943942,0.6447100115977619,0.42977801193601184,0.7719857595018839,0.15810378283057613,0.19001149639237863,0.2339249085653549,1.4939931114581864,1.4410195221740114,-1.1216443000732874,-0.46460637472462496,1.7080759446359395,-1.2331817370116476,-0.7372241617807412,0.9145807489247182,0.34240042779866947,-0.2558879299947584,1.2098771625111868,0.7450806267930923,-1.505458258835147,0.02793037840312232,0.6179899743727615,-0.12848677703898517,0.9790234618200262,0.25619586277058803,1.6244010936529254,0.5347993070296095,1.54820876056501,-0.6958744612047866,1.2949519878354319,-1.2782869972244324,1.2583868201178163,-0.2581993541068068,0.5485477659411382,-1.580886844145628,1.432347747742418,-2.232876772659143,0
1.5006504076057716,-0.7124514231707236,1.3758735456414146,-0.13519036386407957,-0.3464178975586778,0.02930993098138463,-1.5454707617475867,0.3439089341291381,0.6528736537130644,-1.1380442481208233,0.10492290325964208,1.0490473887871785,0.48457286892622997,0.1294657496538779,-1.3504536016938187,0.24947844044013112,-0.31768258327081894,1.4494527109000717,1.8124515489224655,0.9915296071686528,-0.5091826425329452,1.8291819804214091,-0.40089214348109425,0.9842689314313343,-1.5747692282251458,0.8954084147686451,-1.24219530676425,1.3957616878425727,0.8619480720484692,0.7243473403367106,0.031721478991092324,-0.04148150257778875,0.1710089610740248,-0.08553834991917268,1.8836920321685984,1.1242872980337555,-0.8926887877894208,-0.8810674209748659,-0.5136751298952758,-0.39900819539027166,1.4099764849542262,0
-0.0020286775604002934,1.602596143701342,-0.942772946608747,-0.1722852998888974,0.21404341508552285,0.761189337459236,0.25173426044480096,-0.4478994256057473,0.6062329964044143,-1.197031425827888,1.1041529760721522,-0.8156168900979929,-0.541616953326989,1.6231015114601473,1.2985819538659111,0.6662031855295896,-0.3830734249760179,0.8137170009954013,0.7472751558345585,-0.6880799754515063,0.6393983096165828,-1.2814548740974891,0.24735292614459142,0.838742429418569,0.4646923761105287,0.3663343381375676,-0.45806946829532263,0.2244956549210572,-1.1353436900195746,0.5710282514401902,1.314123826162782,0.1433351963844228,-0.9998387828221807,1.4196157952577126,0.2243014140087178,1.1243046384892885,-0.07305481538972376,0.23994665944790078,-1.8762593558484266,-0.3211596892699465,0.2919506558541354,1
0.40818518952263777,-0.36904924769526604,1.0639297375593566,0.2682334496694303,0.5748092480279192,0.9977574022324145,-1.2756830708015021,0.15522430366598206,-0.889130666518677,-0.9757362203127348,-1.1631971700994204,-0.560423768694697,0.6261658128026096,-0.40739147584877244,-1.8231284136554111,0.482323924236069,0.5635737581540133,0.7396857137303732,1.4698271953407236,1.0645947996646958,0.39248654822563767,0.6255671481814558,-1.3749277738538264,0.8218240527987515,-1.3943759135381517,0.6105353053692605,-1.4861907772940206,0.32524381467200414,1.229996268850424,0.05900048876527745,-0.11752787820415148,0.2640355298569305,0.6119697914011926,-1.3988897564194664,1.2311376349207512,-0.24075871468862584,-1.4593369873513888,1.5492804834163754,2.5705395621141607,-1.4080818828947905,0.4957144287474203,0
-1.6067789510020591,-0.20706659750080955,-1.1737614247309975,-1.0349674877601285,1.1467031481840577,0.11547133491993088,1.6179906358521567,1.363184142178952,-1.349162000910364,-0.8958770382729659,0.5733066669840647,-1.7292415458904158,0.002460814998565199,0.0015929425065163612,0.5444041435810765,-1.5169497363215065,1.3793880269847416,1.515645188871194,-1.3359647245370725,-0.8337323207926896,-1.8805242897865495,-1.7634435987104586,0.6902436533253821,0.6086619650249413,1.8191535728308161,-1.6536909345482003,-1.100501408991678,-0.8577690961516509,-0.9104054861979453,-1.5868567666507114,-0.4692927731693839,-0.2230091739631373,-1.5915853329138565,1.442999717263471,-2.469654251629714,0.5249023036207362,0.45504891435813066,1.7466739366912831,-0.062077980344148055,1.8395793319247686,-0.19970672466109168,0
-0.4243011219527901,-1.5516541743157086,-1.177829701969011,0.05548798189579832,-1.0851777326021526,1.3027419895305548,-2.050334922882238,-1.021586903348917,-2.9498047772983167,1.2393352373412048,-1.2093514585170977,-0.2116561349112951,-0.5396526319793016,0.7073287814482327,-0.37375800437767676,-0.9378176240188189,0.5204914620927491,0.6331850686625224,-1.2956249189383076,1.2973756109519319,-1.7850852934256576,-1.3750549202992726,1.6244252674507342,-0.8963698083013022,1.4113643975028514,1.1306502487176058,-0.7371999836814729,0.854529242819021,-0.9203778928372518,-0.7637379698947422,0.6475836098186869,-0.7773415260529954,1.1914538734951408,1.2483693807903493,0.9420001575511592,0.1484651756125639,1.0144677227220804,0.7770007741120679,-1.2090012499142793,0.8473163941284665,-1.7435508773695132,1
-1.0094065434854833,-1.0504048519681044,-0.4078292563690057,-0.9739642689597722,2.1778776937486026,-0.3570796867043307,-0.0227555438871895,0.45313541543998753,-0.7308252101114268,0.6166192518979611,-1.0378891675902924,-1.387776706635486,-0.8666908010009252,0.2971702434634751,0.17554508709612926,-1.302090550359985,1.1287750515907697,0.17877239319090366,-0.5684453363470504,-1.1818032352229515,-1.702282314581789,-1.286080464222959,-0.3363820986041745,0.7511689135568503,0.7099652201200012,-0.002535966466165017,0.6558391900190884,-1.8544753309294097,0.5106531868268296,-1.5438768407063952,-1.76549058639143,-0.3781269079248585,0.531136048180818,-0.9467344291355025,-0.1614128127224543,-0.8982322440496268,-0.07198594264246407,-0.8611729885093387,-0.21584707380536475,0.3466297187314407,-0.4562732267007374,0
1.617517341233006,-1.4717222826880885,2.5246512673321155,1.3333861108226182,-1.014771685622821,1.691816517953612,-0.5326056037577404,-1.1443033555215774,2.8432490120426293,-1.0486352787635072,-0.9864997701488043,0.3367550807479077,0.9114793909637984,-1.6481898281574163,-1.8806753120716224,2.32611049140566,-0.7902969889708625,-0.28785950789608195,1.6556482923986258,0.9196899197555973,0.9226412862137492,0.9371850299013689,-1.0762852790652049,1.2511274259638638,-2.8755632376744393,0.1006526133509974,-0.7222645204278805,-0.4147705196938816,1.2657298573599758,0.7283918689229794,-0.08221667524921446,-1.1327399598594503,0.16490382114234053,-1.2206340639293554,2.3693557495170854,1.8289475390255394,1.431872833548819,-0.7683098979451869,-0.01890347079722978,-1.9799933922594797,1.5247629700207774,0
-1.003678747188781,-0.4875917923183095,0.009751913392534802,0.795140329244767,1.5041935786513863,0.7588489293366569,0.33908842632007463,-0.3344124437662891,0.005752214801754205,-0.540611559540915,-1.1351250618505258,0.23077094518241068,-1.1072407807454971,-0.7095274487984919,-0.8771750387287134,2.0778702582083164,-1.5346645721024494,-0.6336170377321384,0.6501449681091679,-0.4812060677553707,1.7774793591767257,-0.4053047720218608,-1.4225897413748405,-0.9863511861097098,-1.321816611683701,1.3304742406787302,0.2649068405075962,-1.0233087877249354,0.7115561959813069,0.4662544829902587,-0.7671882320332355,-1.0410577525062235,1.246506122611038,-0.28870121240234126,1.0904997078617236,-1.0800423386809284,0.209510506034667,0.8912201978611505,0.12412371149692317,-1.4979269991309812,-0.21241614366771078,0
-1.3949280417232028,0.5487277594380929,0.09131180441580462,1.5224226619456498,0.23655353616592703,-0.56861635442297,1.391899533267992,0.08886197723457907,0.47212906068559,0.8333887989146489,-0.944554078964,-0.2619753132826593,-0.2928543941377253,-2.0207868062656296,-0.2667735640591072,0.6927745286425409,-0.8837035896089982,-1.7326203657583688,0.007803856300539017,1.795343968075587,0.9672359307138442,0.6919521774142917,0.37273646141829,-0.7462482861014182,0.0866854509589335,1.0300043477949834,1.1693465683418602,-0.23691204290207898,0.8953473515494862,-0.33732246631038904,-0.04794330348264886,0.8886087817638432,0.7859468940134448,-0.06517133898919988,-0.018503931778079224,0.4814798440732864,-1.7979920154842899,-0.06699023418110668,-0.157073191881306,-0.4165291548794327,-2.0182343752212466,0
0.45054842718084376,-0.6562383983616344,0.09585086506804855,-0.7811893189327905,0.8377777740161312,-0.2281087826022472,-1.731724814114929,0.47137081312927037,0.16175189541582408,0.7887174102674771,-1.1811674030743389,0.6310763816523333,-0.5089825643740719,0.08539307215471405,-0.060849551538550345,-0.36089633349962014,0.32362079648480213,-1.5301291285020377,-0.06675822162285072,-1.5203345907051597,-1.8644104364375966,-0.047131212760312256,0.07103922291431071,0.30434067815496474,-1.1250762763885895,0.24278490507851622,1.770314757561133,-1.270794682560272,1.5194977134774912,-1.1281691972106915,-0.8570678683521432,-0.6832135080552296,1.6398512000359484,-1.1217964505076161,0.5100979838156862,-0.8132482327444053,-0.10538268354050809,0.4751421509957524,0.11765110150183264,0.28051748156613665,-0.848943211280268,0
0.253247963274499,0.026878406905098167,0.8579194406942476,-0.7005969271513195,-1.3073080350567632,-2.0920748361765575,-0.43020069549791806,1.6094454281084436,0.29815796258399824,1.4995662136275039,1.5247912223657005,-0.575345613564459,0.9237972445517338,-0.5637957034696086,0.11952894811447715,-0.7571989879380605,0.38840159355133774,-0.6683713574079605,-1.8332607477369676,2.1352828481377686,-1.0681290678049478,-1.2422569948454933,0.14710488578020464,1.2525914007062524,-0.10261781141265613,-0.765292724187403,-1.187857134037744,0.704961708724092,0.8933557984201237,-0.9680002896075236,1.444463129765547,0.9666394111871494,-0.4189438822702208,-0.6934863300339456,-0.3350853454841488,0.007948677922436297,-0.04228971130381254,0.8990451901022833,0.22749274201679776,0.8173224671475422,1.8674164933314417,1
0.2635054833142517,0.3826611603157747,-0.826957527568644,-0.8009869445108607,-1.0160661272955216,0.49482033862254654,0.40348110149987493,-0.8629848001465044,-1.7788714840398816,-1.300961947613041,1.0916455409767494,0.3119925802251871,-0.620076009411914,-0.04590175213492586,1.4644767848586009,0.795980289237016,0.3435552992415002,1.1593339679346626,0.9095208970995888,-1.2384237328669754,0.24996747172125403,-1.4090933886770363,1.1048903705117759,0.42725624772708254,-0.09593351882860905,-0.4249008245689213,-1.143618745057737,0.26609993661463255,-0.799918250979053,-0.3607616020369543,1.0405809433730902,0.8243120491302126,-1.3562340940124757,1.6019349112831436,-0.07311428149708266,0.8048918628077345,-0.9713631422138077,-0.39876134700876315,1.1347908713597163,-0.1861815869156299,0.4174133827505,1
0.6194635229417776,1.2995058088691809,1.2676869164037048,0.8043560701540099,0.368484092142769,-2.2428191622241416,-0.08787239464488729,-1.659940786278442,-0.6643434558989355,-1.177353931636227,-0.43040868066481247,0.057304592591545946,1.2089781957571675,1.3746300323228335,0.06988795327573336,0.025528659363674884,0.32812009437032186,-0.011086780297274163,0.6533983812873911,-0.33872444415155123,0.14106845616176034,1.3620545118780485,-2.1504022475387226,0.7559283821562355,-1.0212590838412687,0.22795893963806357,0.8910852732524774,-0.7898452988565539,1.1015850650351624,0.7100156550442636,0.024688937247117713,-0.2552894759597543,0.6024613458044156,0.0396165610951229,-0.6090330946933259,-0.04654594402085517,-0.9610548065942669,0.5251097491693579,-1.806219264934066,-1.4943400940239548,-0.9876299344806033,1
-0.38287582642142926,0.9772437316504174,-0.03499998709845688,-1.1201080222033821,-0.7465111774033988,-1.7751652830090943,-0.9243880194429679,2.126202380943261,1.3527732348173602,0.11852851467733734,1.2555717238256108,-0.7915320211494402,0.6496112604546335,0.32742466793321634,-0.22596060029142828,-0.6023461005254919,0.9279322275407078,-0.8691570579179423,-1.8662318738073167,1.0907825070631396,-0.34696988362452497,-1.061188142542192,-0.5065027187519007,0.3900946457179184,-0.2932157424063618,-1.1720762191817622,-1.3080028468659888,1.391725265923704,0.5216263642471966,-1.3138672084892913,1.2362767383780904,0.20675831585281323,-0.4116521104709553,-0.2569222645739607,-1.4452051520593336,-0.968609563529729,-0.4565962950861883,-0.8366051272341234,1.0548715500858594,0.19968537608614054,1.1657705364558342,1
-1.9772053465290993,-0.4203901836258505,-1.5086791375176767,0.8351694520770211,-0.20087916806674605,1.9591509753488312,-0.6258569933499213,0.2301082340127497,1.4753035710472107,0.9525295594704459,-1.3261190663795515,-0.6136853264903633,0.37953108028599447,0.842128695138251,0.12153450029813333,-0.7747118029096023,1.309484994006232,0.2044302590140946,-1.7471288483548992,1.2013215537402135,-0.8524952397104925,-1.2406436690434186,1.2997666376134385,-1.844167384207996,2.947073973872007,1.3271642904419323,-1.4137256241835614,-0.3142717784575418,-1.2966671890390653,0.2619793489532597,0.6437750551636726,-0.8568272614459909,-0.34822857364545956,1.7223090197349487,-0.4053606871610395,0.008410124467471441,1.736286757334641,1.826331568551634,0.11239086289485942,0.9878810835055086,-0.9117663527786659,1
0.8803405790670612,-0.06357623139589559,-1.1966571167647444,-1.451714947333614,-0.09816242673228287,-1.1474636223651362,-1.6124144718000202,0.7962612293277945,0.5030069569403587,0.6578768020245055,0.7164507319400206,0.9242234399661052,0.4326466781199687,-0.44994445236151787,0.6742368590399905,-1.0628302603152018,2.2926191992649936,0.4558154781785753,-0.4223361760843137,0.03135049752976658,-1.9127329813890102,0.10936813495269655,-0.46853004954488886,1.2899358918101271,-0.104773110819451,-0.6924688364581492,-1.418495643588177,0.9450207326206971,1.0940360473364086,-1.0920147836022656,0.4395581065835525,1.6931481065607696,0.02051536808005366,0.3475140923141705,-0.8803229029809685,-1.345206869352766,0.9184639675388468,1.3791787622780003,1.1301592617558287,1.3603586596773078,-0.06398917952707939,1
-2.0592999632433875,-1.499447522090738,-1.8338687279263166,-1.6716783821246197,1.1378467338814875,0.5756098345123368,0.15697425767401582,1.6952250387288157,2.3715211569794215,-0.09912975441667134,0.4903384767095148,-1.58397107620226,-1.8629488479440504,-0.43875974033188064,0.7429365690364641,-0.39281832079079726,1.1893418906151518,0.8938953767215434,-0.6960702471756363,-0.9518807893129554,-1.093541558911485,-1.0373386416533805,0.9396814289385276,-0.26092611357893936,1.385823155621889,-0.31122626780773816,-0.762422122490165,-0.7361522595256352,-1.386503786010284,-1.095367021215638,-2.030150611110292,0.7075372962891938,-0.9287671742516785,1.0619745623259365,-0.18434735553911574,-0.004201136495970441,-1.0524203666571754,-0.06622285582173558,0.6010394940624773,0.45162989767228595,-0.7734434225476227,0
1.5953731811342104,1.619012022379216,-0.0711290426483394,-0.4820813916549909,-1.3846600254017631,-0.2626602248125018,-1.5820606425713644,-0.8664452308477422,0.9233652543855572,-0.3516645576143394,1.372896138095987,0.7870553908056254,-0.6517185077109325,0.3855737870579177,-0.30688508444023255,-0.7906053420215449,-0.7213736390933791,0.4666860275250344,-0.9802271577238133,0.8346123887958101,1.7651607445672837,0.9160800822008608,-0.461873181076452,0.08388725237092103,-0.237702545911238,-1.655236255679398,0.4377624618974987,1.421421226925482,-0.9669750441877148,1.2093961428477566,1.6865569288707578,-0.39256902833723734,0.4493515354433876,-0.21696094229841456,0.7414201672716868,-1.7529356632846633,1.2055331912352327,-0.6467596121724631,-1.0422841270711483,-0.3484062088146511,1.632178935363668,1
-0.5874473045377633,-1.256167173340411,-0.3011297577266737,0.6375875093541163,-0.48464550741939183,0.008632828596864803,-1.5297869660138685,-0.35184591636168067,-0.7058678298923906,1.6228155750353392,-0.5857386474826382,-1.3469689691342237,-0.543842733899098,1.718399603941418,-0.08776798474110738,-1.5131715509065797,-0.2063977433799802,-9.162195665662607e-06,-2.406388380545141,0.5128891987716412,-0.7880784191221737,-0.9678816766456249,-0.680080363634153,-1.2050129659202353,1.9478326419991112,-0.1448569553104888,0.6987448145945699,-0.7203050862786846,-0.8913786374699985,1.1772637528298104,0.45525785207417585,-1.1672014175166339,1.1358919344708733,0.8858249828394096,-0.13346137275145664,0.7188583339209501,-0.538861253193373,-1.019352570531899,0.3777600057239707,-0.3884380346189861,-0.8415752740885798,1
2.7154062116689115,-0.12444212708327616,1.1634058690666924,0.6186966084236365,-0.9776354145889367,-0.2395628303795407,-1.4694466563961124,-0.6788505181409481,-0.1353132788887099,-0.7585017637705963,-0.27171086297147234,0.9421593589929325,1.2938490257291828,1.6444539182481563,-1.7980485698962596,0.01984788685344158,-0.2187489765242834,1.351320304484855,1.6241843378086955,0.1645217757805664,-1.1270101295421544,1.3019136397417521,-0.8796786065335933,-0.1513699385844132,-1.8973134176350352,-0.22452842118233546,-0.47078325846661395,2.0774432761052233,1.5825918910112693,0.6405510579888554,0.9472684484462702,-0.8797077085354078,0.4821692420219205,-1.0311954977019242,-0.050092386237567746,1.3263451129355528,-0.3602482586585234,-1.6621782501250262,1.2259851007156273,-0.19421633071975417,0.018872825141437344,0
0.0953497225609599,0.828146257692076,-1.6896990703010737,0.6334924156164157,-0.6608697662952754,1.5695880603823218,-1.7036160995204928,-0.905473823760711,-0.7910636098710537,0.7247181887165127,-0.661468676932843,0.18141550621534755,0.18449384182815295,1.8681739365379118,0.06584207789805681,-1.278191434304575,0.6387249628163244,0.508396043509209,-0.6391863966107942,0.7999964400162,-0.8149928011475739,-0.6572276845486604,0.9311973737746877,-1.5743895844530844,1.9719302428385612,0.8097565451115746,-0.37822670767464805,0.6313495645320633,-0.5753737397649562,1.0445723268932072,2.130061101778348,-0.09160514152999892,0.11611454484212487,1.0069739943537814,-0.07921632207464299,0.236028998720523,-1.2328262198126514,-0.1796880513956671,0.013266806519528601,1.4113238062340976,-0.9973130341804317,1
1.3203708179049272,1.5852218869339463,-1.271780972644738,0.38545101440187385,-1.0894023854169854,1.4748833422050316,1.4133210595278172,-0.16658012400915115,1.526520300141268,-0.3915625974362576,1.9074186941707199,0.5013232641787362,0.5085709179434192,-0.6413876905398467,1.1426682011208893,1.2433457755791804,0.5060658256412749,1.1157588138343573,0.9236721659886737,-0.48132732742450735,1.005467990922078,0.07526956512739838,0.36197991641230604,0.7235203306423823,0.28122242788128243,-1.24330666127619,-1.4922854571566941,1.631396902070105,-0.638161181408037,0.4217012074140759,0.7679483397367456,1.3683419818047706,-1.4941612625922889,1.383056009029346,-0.9044515993759156,0.17034428470480448,-0.6945214578250808,0.05810651909288684,-1.6673670685241881,-0.188416301419121,0.6128916104605877,1
1.4309186785833357,0.9034151897428642,-1.0842859186239542,-0.6942068213240203,-0.5339477785148018,0.5584385893188412,0.4809750571405609,-0.5798557863215185,-0.48791637759630874,-1.6077117552456193,2.3097777645322157,0.34410302775509377,-0.5759620098793775,0.35575823816887153,0.9959686762778083,1.822208378958235,-0.7658900183444114,1.7082464072326042,1.5906672915856945,-1.3095333747622009,0.8476726771390458,-0.34514510485757316,0.8212403473206521,0.43137684342435295,-0.6161034640514379,-0.9076807705939941,-0.4280522776546075,0.8779612456301888,-1.726187296997279,1.2858699868882124,1.36962239633907,0.939335811630227,-1.6822474251073967,0.8802112197759763,0.6147017318560016,1.1380877042818789,-1.2803792441083615,-1.0927410887607947,-0.05044552303162669,0.7590309887731576,0.2104357757310016,1
0.2031178527793083,1.1330855678852199,0.19327392612023775,-1.3969193406812226,-0.4266207375683187,-1.7871710475826041,-0.8575478309625744,1.8082362441589654,-0.033561696437977837,-0.006176614022240753,1.3262768150225326,-0.46854435976715275,0.3877170229635712,0.22214023272804512,0.16092353853569402,-1.263456057307244,1.2476770304471745,-0.4234165666076816,-0.9365598465012237,0.8782238215972847,-1.0180992286989463,0.26947101026281506,0.2803864358061778,1.0725630585651584,-0.11479458099647027,-1.0625263540435728,-0.42481336313758455,0.9299597130728936,0.33372788427521555,-1.0915111740899222,0.719763053247275,0.7440174805507669,-0.5224345346858252,-0.5666780568174401,-0.667101118494705,-0.5596211874522339,0.07844849416189423,1.6504843453304243,0.26210866625410123,0.7866046821157909,0.665119760529474,1
-0.2943492486020345,-0.7426872655139631,-0.3422756469606276,-0.8862007345183821,1.3239406387263748,-0.9393866019103846,-0.6912225745953033,0.18585812494659773,-0.5780776425696252,0.6458908328298539,-0.7614717617842821,0.5706580287090385,-0.6759689337563412,0.6002127043111584,0.5906757296957036,-0.7890133680339343,0.6074236480749924,-0.48836702777945273,-0.30242156687565547,-1.5942491417455185,-1.106096068829998,-0.09788896927434852,-0.461982216960942,-0.20172817363498335,0.09905413282525782,0.49446078139542615,0.9203429107189278,-1.221310429705317,0.762656000291531,-0.7783807372620479,-1.299187800383118,-0.451980123614238,1.0707202521860677,-0.4754163064107326,0.007004835088088769,-1.2936466120739978,-1.2949056936543668,-0.47595746429634567,-0.20469011875030074,0.23856567070005247,0.05228118305102476,0
0.6285642706785598,1.008659025342731,-0.05028623734448998,1.4830810341555893,-1.1626023371988579,0.12374257791385186,0.4590628445922553,-0.4893023958715166,0.18835783094970587,1.2343712432378393,-0.0820711222331273,1.3558280151718134,1.6369463978231247,-0.693531526732322,-0.3809654588886038,0.11695512021186977,-1.607655068735698,-0.7649851947392,-0.08543478652699071,1.243039477867603,-0.22523792034234805,0.4264417767987618,0.8962058547582978,-0.7430840901639781,0.17427682866609223,0.6099356012493625,0.21993631173707204,0.8141957374648269,0.8902622035712645,0.8536096545600165,0.9798366650886596,0.9662324133423029,0.18758833216920873,1.1527727076695753,-1.1072542432862182,0.34936225052002773,-0.2422446101059925,0.9445131372511384,0.9093529432984789,0.8593653809441073,-1.6739979878307727,0
0.22379197052151267,-0.05303838978526173,0.6768252648601831,1.315516451436939,-1.5583544867222825,-0.7420520930309448,0.47309657073035766,-0.12686750194433433,-0.7126687383670232,0.6208364039591598,-0.4221321569061949,2.032434371356437,1.6870864183972571,-1.1243477181805381,-0.3269654038970866,0.7374352456136608,-1.2546963705957415,-1.2646179388040155,0.3680253398371903,0.7701060096129084,0.17315946610690147,1.7402282880286537,0.6298157880456143,-1.1722037904833935,-0.566716138242299,1.0194351068823087,0.16450676005994525,0.8917051345766256,0.5989916846195427,0.956975673356034,-0.21578002003097602,0.8928802811709035,0.12302105294699216,1.0141796107254144,-0.8954920432408331,0.29239185052722094,0.032960899725838565,0.7114280007248708,-1.2998892585100328,0.000966740594280018,-1.5094796141327196,0
-2.405374553533719,-0.4251321577000967,-0.21783094593685584,-1.359756533396311,1.6102158822237875,0.5344823357249721,1.3996126090444045,1.7054007574932195,1.3451858022105052,-0.697841169535519,0.47290558628013285,-2.003927602805866,-0.7472076308105894,-0.01969874411951802,0.39330635228039873,-1.975025964778783,-0.49713072324455104,0.3998155949718854,-1.110092923257006,-0.826360103454404,-0.48062506088560614,-0.8103730715557075,0.48602939362212405,0.4368855622648417,1.5991842407519614,-1.0036490646851746,0.4581569204842092,-1.5021143670890877,-1.6043516436991245,-0.19992022611905622,-1.547494174366027,0.299873311922686,-1.263688536542515,0.7075505804793991,-1.3728184120242248,0.5886373517353961,2.2969989744841417,-0.03068654103532717,1.485759502716449,0.9077216253335871,0.3708233939389916,0
-1.4158351269833391,-1.9113656536800203,-0.22073567118061688,-2.0758036775390387,-0.4542901122926905,1.4311747318845949,0.3243455405364533,1.152952906448251,1.5738808721385316,-1.4006777224766318,-0.058852633268782976,1.465138501405879,-0.6408392096320813,-1.6505247462267203,1.0226871998959686,0.28049459579681457,0.36402462418889797,-0.07075522970927224,0.7727558583192414,-1.869480814712507,-1.0845435300068595,-0.40628594218213165,1.8669166933861854,0.41109102178906054,-0.6181358733493466,0.3065459758417197,-1.4909409233704642,-0.21328941892894668,-0.5210041295690921,-1.883657656344408,-1.8018425984502713,0.7573469489655401,-1.2396621191124386,2.0152775073014735,-0.5726140131333677,0.24389530736590548,-0.5969456309088965,-1.0697642009062298,-1.1640936524248267,0.47144898744843766,0.5102375265169582,0
-0.6550900756157857,-1.7979596772808506,0.15740972181990634,-0.28631561805706385,1.1213794860551447,0.4237348764281404,-0.4392047254920336,-0.4218712659068392,0.030791220511558342,0.6556989358091857,-1.3483819181034917,-0.08116036797415795,-1.631393010255784,-1.0813574444186562,0.1592672272813461,-0.278021478838509,-0.14289151488766685,-0.9724277587122331,-0.50328089932358,-0.38150132901261835,-1.0419250400255038,-1.7194900780083868,-0.4278532501375809,0.6356170072577308,-0.30612390134057876,0.3539384815477333,0.852260599421521,-1.6542639471651286,1.5694676722033356,-1.3661907028696099,0.1260677966735166,-0.5930502018472265,1.1607093044757668,-0.4872499043510942,0.6018365009988877,0.3383058334056709,-0.31040551370819824,-1.7249008132468455,0.7879334794805006,0.6018413348199144,0.07833710345820463,0
0.8607620616013603,0.597989259492041,1.0365039523895359,0.35657460605087754,-0.011596656740262399,-1.3620168292670831,1.0751814752600628,-1.4009975568706798,-0.41239543412778557,-0.41800667414999004,0.09046170666674658,-0.041813543711359605,1.0175654483118088,0.33343682656417645,0.4045977420514593,-1.6006279885953678,1.092820004564999,1.4008616765862159,1.0916501462504746,-1.1808447667803914,-0.20716056992434953,1.410668932012345,-0.5793921916528726,-0.23067501462340967,0.5946589790307578,-1.1940933618795773,0.6995303539500501,-1.3768528836764449,0.5145090111109822,1.1858559411102312,-0.6763368401748155,1.5899902977052842,-0.881494440248926,-0.5999826188320796,-0.8481438196021905,0.32933370215554114,-1.242242691538581,0.7480853708773095,1.2818637612839325,-1.024144601690186,0.3132119129252989,1
-1.6578160883998767,-0.6447360619173514,-0.07674710054615398,-1.3088348593357026,0.5858292865140813,0.2011907075806254,1.238406038400768,1.3041200931436692,-1.5498362250415743,-0.7956466064064658,0.6785298158254738,-1.5488347236102658,0.05792992648302598,-0.09315701963176849,0.823982923385952,-0.9607544216372642,1.3302443314546293,1.0699843361273318,-0.871208709423321,-0.4028074546738621,-1.0175582707801907,-1.1129536355283842,1.163528048966684,0.7036451535773042,1.6377929341395516,-0.8103552373104496,-1.1874510550727795,-0.8931705100615969,-1.7261305278010295,-0.966223908551602,-0.9332960892381584,0.10155206142116481,-1.66583850882369,0.9716030041509335,-0.9171086257041646,0.5896470570383963,-0.19586747281121378,0.29213777415231856,1.8899789077616624,0.960534555459409,1.0425239039563954,0
-1.176860817675682,-0.3212133359057382,-0.5438455059123722,-0.7458401007520084,1.7065220026120178,0.7463494666055537,-0.23944006770313245,-0.6926725378076585,0.3707937890412085,0.4189334635967042,-1.344166486562689,0.7877720551346026,-1.0682837228321753,-0.5990052081166569,1.2975876627557277,-1.2932877662385782,0.5142051438221852,-1.2898438887347712,-0.33553259201386704,-0.7090882145729607,-0.0916133305977139,-0.701410041521474,-0.5977212600487571,0.572332572385783,0.5087903068153997,0.9357486247634086,0.8462876998824722,-1.5007898123269323,0.7076365780484752,-0.8047755870492317,0.24203981952183515,0.1354102650650278,0.8499138173406738,-0.3596284416355245,-0.06886789890419327,-1.1870568823467436,1.6685980960012874,1.3441031916198583,-1.228614352093554,1.500630821327302,0.9997561467464244,0
-1.0155623933086664,-1.2502945714809777,-1.8546109762279326,0.15849808001512908,-0.501901571099826,0.18396361646858472,-1.1647668451260274,0.06595289968920483,1.4667838989470847,1.3180416498094487,-0.5695705772483456,-0.758932759668342,-1.6009080962298636,0.5994012703433244,0.02235243513524687,-0.5284140173526737,0.8097393109536204,0.5422559791407463,-1.5391628808135205,0.8924197252825826,-0.9590209904428929,-1.0978469416722219,1.0623326693591921,-1.479628859029506,1.6505268247157492,0.6577478547167402,-0.423815420356297,0.6625594474186585,-0.7810148340350791,-0.7486313349133066,0.21838325029459427,-0.7686245354172101,0.9041990397509445,1.1402035643163593,0.5367717627551423,-0.01946325406997069,-0.3568367005546845,1.2118594365674002,-1.0229347014183725,0.3514095443941489,-1.57001621318386,1
-0.0600192305816675,-1.5117310712389267,-1.533958839624434,-0.29029940267646076,-0.05807634762991216,1.4743215483143821,-0.905128658744192,-0.5495656832353188,0.18864262049249933,0.608309601657685,-0.7131371028377035,-0.42729325856253997,-0.9088961331691784,-0.013127499983364823,-0.7733901013923019,-0.28412977736667255,0.6427213966019079,1.708072693836539,-0.01789458973633897,0.7494302134880126,-1.3659452623328479,-0.18881473866481888,1.7279797124337557,-0.4375690193346426,0.8093901028600229,0.6220713000718543,-0.6755021068879203,1.46708824279327,-1.11729597882773,-1.3512846072566471,-1.1133435989747944,-0.27423156212913563,0.6734038497621292,0.6564127237243108,1.0010507022462585,-0.36228019798602973,-0.17974059236208356,2.9108910583836205,-1.3640971374667448,0.6547116222116475,-2.2010123966550106,1
-0.08333365948306866,-0.5168523780846882,-0.7041316404814147,-0.27566010467076485,1.9384179427595363,0.7314942378202199,-0.8681766093740728,0.5187197813186969,0.4105923096965975,0.7091913135734553,-0.93775440523447,1.067983056229272,-1.2298403608002404,1.0070961120566895,0.5551367355373247,0.4090230877194484,-0.713352267589768,-1.4383701426173223,0.33705313016656185,-1.7500837626542676,-0.7540180681350591,-0.20113594779450084,-0.9395370612414742,-0.03870077326064919,-0.5864777916634916,1.7687040467279582,1.5012339576190157,-0.8382403373722748,1.198598675395732,-0.3543989527620112,-0.569964419060151,-1.470713834594899,1.797678176895938,-0.25469466075280295,0.6299141486732579,-0.5589431918871051,0.05939411642348006,-0.9125375458144139,0.35877485645383855,0.9622503815777399,0.31964734112483645,0
0.6329788579985978,-0.8875206587116727,1.3134041198963793,0.16989505205377753,0.2916236510156437,0.5716524432906013,-1.1280291248697876,-0.12250120202376934,-0.8346189453748976,-0.886008272130986,-0.797585883271861,-0.334212414300979,0.883294281888848,-0.05383858403178882,-1.011398305692014,0.3112202380621868,1.0023702098544314,0.7930315744309111,1.2341595584317382,0.6811846955042286,-0.85773041158606,1.0696051015168837,-0.6496049486907263,1.617098784308408,-0.5030348828643241,0.6930651035938439,-1.060305253100438,-0.151676904624629,0.3129867299877692,0.2081754624033884,-0.6623034012545427,-0.07114861050218198,-0.05895098702409797,-0.34100493949446814,1.3247154451915768,1.1099469546492136,0.1389645338844349,-0.6965935283048701,-0.7195253403337516,-0.7980367944887928,0.14288742202121765,0
0.4253648739510282,0.9089379070220114,1.9425845931751977,-0.5970554695799989,-0.5278479846551128,-1.6299010293127358,1.230007810381693,0.8490344613763425,1.2694460952882918,-1.0399572932690424,1.4377835204026548,-1.7263979283623643,0.9193833698818387,-0.6952860248569341,-0.09696967176789081,-1.202508829400727,0.21354472337216698,1.004458523636677,0.5252979460145584,0.2175397756630871,0.22820288816317577,0.24659659087807465,0.22507077342996176,1.2234946007009515,-0.005703263044909379,-2.1324645510687574,0.015603222937049648,-1.6709136647885472,0.15865048570812829,0.8831330544870575,0.35684145862751027,2.0386489587718386,-1.7445989164543654,-1.4340045661826013,-0.0819190688687827,1.3908759192170808,-1.0981255165080483,0.17600822461904694,-1.0293511357511522,-1.0583812388536722,2.677591023906044,1
-0.7062008146780548,-0.7196156963674248,-1.5600911039415368,0.1915442677878667,-0.6857341590690692,0.5638283379684845,-0.9134737399834479,-0.43849103656475463,-1.0703054945571988,0.16101996027040882,-1.1331607977586229,-0.018195228175472304,-1.3249863939711715,0.3365967284535402,-0.6820115464060834,-0.6512899291508212,1.1541206625985616,1.1813793321357051,-0.36256844394955606,1.3839363520882821,-0.871218682760969,-0.6165719193830919,1.7460650242060614,-1.6694179237146782,1.1901912684465468,0.9812667446349882,-1.0113858171761099,1.7501082960091872,-0.23130260740781225,-1.4663262540910877,0.903408955968473,-0.8543098533994565,0.5668880817233459,0.7319513244135517,0.5546659138006321,0.0524624093936605,-0.018850138107812827,-0.043184443703001944,-0.5140529661755835,1.0107661805356485,-1.5414973188660257,1
-1.5318525838299721,-1.1664945022348638,0.6359285426399228,1.0019779151553148,0.15891320072020898,1.2441280134887325,-0.1407161806255504,1.1340930770667021,0.018599906068493464,0.835564513922725,-2.3731700108107536,-1.9417557147430464,0.16193900556148946,0.30960370869355985,-1.719259839880997,0.8397471425269529,-1.0542463294201827,-1.9002091044596194,-0.5119591878832048,0.12947464624697802,-0.14302163804919413,-2.46054109219262,-0.1191907776130428,-1.1139830489929936,-1.0950769800359172,1.040260381748157,0.18731406141958815,-0.32632577023531556,1.5544156774905982,-1.716372456273688,-0.6771247735339162,-1.750496966370031,1.61226223326715,-0.9740941905519482,-0.5315961943876779,0.7937349080325099,-0.08700964867031016,1.121349803339007,-1.261989469045014,-1.8414566670685035,-1.3440082418485577,0
0.5228842672623156,1.10138732775427,-0.15087965203572604,-0.7394368982765527,0.18165636943236746,-1.4305246235448843,-0.3968651351992941,1.3280498546617028,-1.7985918810391512,1.246917629873652,0.6524917744892618,0.5505627210668007,1.810366646364823,1.3656753810153917,0.048235416294897415,-0.6638614978884846,-0.7485115050726131,-1.7802112713669078,-1.0750590332193513,-0.8175284863159055,-0.7830129373323111,-0.06704773944330321,-0.2957387843948238,0.2155204165470208,-0.9299514899408036,-0.5691740841588863,1.1809032809628468,0.6985502574929368,-0.05040187513348869,-0.27015312556236004,-0.08778847409496189,0.3424084470622413,0.286328821837237,-1.220331564088879,-2.054948611428668,-1.5909157326819943,-2.313691076345456,0.7005253722728958,-1.8064824275723739,1.1767658442182978,-0.9980723032059269,1
0.975381328503347,1.274423770919291,-0.35582500668314193,1.3729049003232854,-1.290020046442719,-0.2912123731419106,0.5811619142601789,-0.3658016397388752,-0.06333526085399618,0.5584707605616058,0.6530780055668624,1.5217288578669161,1.2726440694676056,-1.6849305396021284,-0.04861835098808596,1.6777019433084075,-0.8767613165561825,-0.5500409356389871,0.25000127600381067,0.9851950461115533,0.451756203299399,0.8263471315220746,1.238380861439862,-0.9127620523077533,-0.02835597064884861,-0.009439844440046755,-0.18865922517286798,0.17024558808940293,0.5165410312379652,0.9902559213436094,0.892170454010043,1.0376366044161152,-0.5684407045626165,1.0222383173011966,-0.17220982061706921,-0.34879865238781527,0.48577997967096453,-0.14820776186368523,-1.1211672010956113,0.5620579193229509,-1.3829857868204416,0
-1.5352083214323704,-1.7728404351320743,0.7715191117309214,-1.826964687031656,0.37759628740561507,0.6592807156325735,0.4325661437474189,1.838879931412326,-0.19471758290950886,-1.2951650126973715,0.5175011748708601,-0.7407645253434716,-0.21914327607231215,-1.0152567138001516,-0.0810068096519149,-0.8334567015674118,0.5269315560526371,0.8296054033127658,0.1356795361309473,-0.25590187936197384,-0.9865661480209217,0.11737947203976208,0.9283074772745932,0.9842525430119796,0.5805891758680084,-0.5130170128424189,-1.3214258411332427,-0.6820985656655558,-1.1697733509407284,-0.5375312282604189,-1.6985223264118778,0.8769800076558093,-1.5308743234052071,0.6669608616840832,-0.16753343999648765,1.3939445389192384,-0.3869691795557296,0.5212916200856299,0.9026362394542116,0.3936526626858858,1.709845661370486,0
0.9487987584359648,0.27290896425824424,1.1849608930892284,0.4027570002636668,0.6356326461743179,-0.6940216642125336,1.0705361239341906,-0.05361544117956473,-1.463744268373095,-0.5004212896753293,-0.17417231912766662,-0.5932878369562914,0.8269473429117428,0.3082305100644653,-0.6380351452128116,-1.503024579086713,0.4322266454971979,1.4431144948316752,1.3863164164515938,-1.2545872856889422,-0.8149410510967513,1.4251043801415846,-0.8518388574420165,0.43030082317169255,0.09993814895680611,-1.2432805334471824,0.732534479323032,-1.1416561338573092,1.2800182678327745,0.5722815019951224,-1.772844629214103,0.8659323800336571,-0.6244065889011079,-0.7833870446505419,-0.9341437275226354,1.0349317511585934,-0.5355994799351506,1.5226734249102964,0.0028151962692499004,-1.205726201543702,0.1016933653016532,1
1.9635502057125218,-0.47785303977443044,1.5037464230996331,0.3233071852455034,-2.0702652594059687,0.7728157327244694,-1.2768564335551926,-1.9848022256183695,0.554335347294113,-1.2994957769180937,-0.45483694264716834,1.3340478970941436,0.3372777722079991,-0.6697429440004787,-0.902754449439242,0.4697905758862049,-0.2353070069706468,0.5938396534858758,1.9011751437589932,0.13743898596047435,0.5095897535954532,0.3101140618863877,-0.786263528333405,0.5452158879329857,-2.764061936645549,-0.28815361968143705,-1.1336699293361399,0.8583915045995577,2.041813221533585,0.3690455264122071,1.7007734608853302,0.42233706804529186,-0.019961247885085524,-0.13538987150717485,0.8952648420561393,1.3201218976295443,0.4120553959293619,1.0557896169828958,-0.33219836505203587,-1.3760564386471172,2.0868321349708863,0
2.228551417622229,-1.158121623873834,1.4654502361757016,0.5610030486193096,-0.7770856380929967,0.4610088200037721,-1.2978848757631385,-0.11800172239130585,-0.9910319918402584,-0.6261470599847998,-0.1728457971714685,0.9209450904844556,1.2581502730985734,-0.45793043763406205,-2.0660489767273296,0.9991519977907879,-0.14129771730276044,1.5988876179334097,1.4901632725283356,1.156823048394357,-0.728123047575959,1.3305390034196416,-0.3295062057849161,0.4835088823865504,-1.7599874249210816,0.05607606901671629,-1.5770294825868787,1.251214940772948,1.284863355099287,0.5684451987659431,0.14667803970101143,-0.46518791473362514,0.09133463907537782,-0.8571167098389366,1.4389045333059505,0.80058752146753,0.9602284046041021,-0.10439775058131694,-0.8621371613985276,-0.38360565458351,0.8095979711943355,0
-1.1799705188198497,-1.068485645425686,0.34851064373757196,0.911836934584623,0.7278051605286663,0.1989201205544313,0.4295200036312908,0.17758793840839873,-0.6629847160888869,1.5485221889802094,-1.8504917516263202,0.24613273486811363,-0.08748396618195761,0.2664683846293672,-0.23288924322558283,0.1820320152186454,-0.8660998379791108,-1.1937817553268668,-0.32046711277308226,-0.6474584331662964,-0.23913270587461702,-1.1703128091231725,-0.36650758610709255,-1.1282972517669996,0.1339051136467207,1.8083539538759916,0.3616557410251507,-1.157556185116332,1.7928530243713308,-0.7013047098456994,-1.4571029416912005,-1.0468310956040947,1.704498662377654,0.27507920586417994,-0.1343457596262487,-0.3892758970304173,-0.5897959202440786,0.910406616763576,0.9006908956496525,-1.2891713901830117,-0.13961501651308017,0
0.990733443118646,0.4322870104628984,-0.6582942273053167,1.6230768052990336,-1.8076014418493203,0.2648445578457308,0.6935055424113187,-1.7862465979452837,0.10708890358002769,1.5633652076329532,0.7648992029209087,2.2927871014198296,0.7861619353613098,-0.9780124809375665,1.5219094106584703,1.5443226414880475,-1.220023681660335,-1.1817889601530043,0.2138302284410393,0.30953061210015026,1.199745781000712,0.9915846031769424,0.4327857373106018,-1.5902114257660172,0.5489507514256191,0.7291887294803938,0.5896908010810128,0.5305386805670318,-0.4597268297518015,2.539429939459315,1.5165340368843276,1.4366939737145725,-0.4574495737608505,1.0772688580522198,-0.052796462442498644,0.3834917436510955,-0.39220585690945736,-0.170067714340244,0.14704118787719922,1.023238413401328,-0.6900503338559161,0
0.21599312223180783,0.44295882852000623,0.5086765559146255,-1.1019958682174291,0.4893982485457445,-1.3995841580944615,-0.7030023434575142,1.4949676935065535,0.6412132763120494,0.8275053374239896,0.6815977477507457,-0.5557497339054452,0.3344375623521586,-0.34528111186148475,-0.0994273755217208,-0.5298732497409792,0.5205889623674927,-1.0485984193466735,-0.637670879594223,1.0256856484949468,-0.8377013760300867,-0.48541586071432197,-0.1411217971853316,1.8933139945757835,-0.920463337195754,-0.21796387761381622,-0.09648458441054278,0.10956782106595064,0.9787709954803498,-1.3577096631835015,0.43529626247526776,0.5625207092409917,0.22669014511863508,-1.7810858322069065,0.28627716651157387,-0.7549233947585887,-0.6914249908045392,0.2171151586774849,1.4900362709967334,0.7961148668165956,0.9167046145048596,1
-0.7691454969077458,-1.4614344065311478,-0.30548462272508065,-0.9621951980569902,1.4557112996981736,0.5094664549721033,-0.5425389920987391,0.0209598339752441,2.133965957509713,0.4836783596214565,-1.2899639853555505,0.17770686400066898,-1.663531887507822,-0.353303760170568,1.0337696951367965,-0.8103793540989972,0.685300570268697,-1.0718549827489277,-0.1274741528964004,-1.777451253603863,-1.6626037848621662,-0.993304916429666,-0.1294639663942179,0.7018918009296528,0.09770013680602552,0.49161219381647303,1.302369548531693,-1.7869579314092143,1.0603706231348253,-1.473212839457402,-0.8969706546747513,-0.4150725605958317,0.7960685011660009,-0.15485858271282213,0.251143393164655,0.04216105865488568,1.4375472378491383,0.5202844879418141,1.2328553126553854,0.698291660645227,-0.04664350940446456,0
-1.0574456770618725,-1.0419040928554313,0.6976471313321694,0.8014795285887281,0.6952742017211838,0.28879097325154507,0.8841076462618891,0.8441445769539182,-1.4205364775547606,0.8295197185170948,-0.6232461199374085,-0.6146125558267107,-0.614947025026413,-0.1928585411644539,-0.5830036440239109,1.2043094663740654,-1.879566005105974,-1.7854028428478534,-0.5496005598079903,-0.9977277546032928,1.3417607251380774,-0.7735991056318835,-1.1003640725523314,-1.3682896856028905,-0.550972985437245,0.2175196556447507,1.7418767783239841,-1.4151172498975668,0.15533907314703851,0.8467334432191282,-1.0699086032629472,-1.0377164289179623,0.5630902780413302,-1.2319815817723443,0.08718853570305127,0.03373842581745323,0.15058369646324596,-0.9832450254940677,0.6227846509918444,-1.4166769932999375,0.4482429295994144,0
0.15765908531268852,0.6749385167861658,-0.9005959106517629,-0.867117657891599,-0.7276720287499507,0.32684042501704924,0.47546409558019187,0.3600443398290343,-0.95175538572767,-0.7136657453966923,1.5434488715914552,-0.655711710091979,-0.6503012940160263,0.5312994377084673,1.1850060362433654,0.4249362236473937,0.07759837115618304,0.5544096373156246,0.1921808779334659,-0.6281104498297602,0.35682453448384344,-0.9030362908248111,1.0650146380536893,0.5314972930552394,0.324803541646211,-0.7771353529685079,-0.31195925140335934,0.933563360255921,-1.6350266735700465,-0.19265926686092508,0.7879192158423054,0.544018195479909,-1.2823092872884703,0.8352743580870258,-0.18010982891703806,0.919202534544504,-1.0578303346750333,-1.0289712193952285,0.6893191596187451,0.37300801048820464,-0.08285521939311712,1
-0.6764343746246957,-0.4513792801292115,-0.8142993379251414,1.6651189601775012,-0.665133983565458,1.2141337802346466,0.4544203275118399,-0.47054104228957905,-0.12212291288989252,0.77952051058295,-0.455395624999149,1.0464340866286668,0.5068189616250374,-1.1384564344401704,0.19499223574693536,1.0991740164610733,-0.8808737229166437,-0.7935012610274897,0.11614098241416852,1.4786924569949922,0.4908154129936977,0.8971370159474124,0.2191920251806903,-1.1960974492040812,0.8995559908291025,1.6741049479897394,-0.44534501047124847,1.2208489475435425,-0.4034419132111768,1.333236548908672,0.6753979942391123,0.9784103545128191,-0.025916874138915157,1.6571230099041314,-0.41347974279372035,1.514564540942351,0.037702566665387745,-0.6360015884946951,2.412665412262976,0.9270817990146489,-1.7673160960215786,0
0.14234899725287,-0.8505754387787917,0.9701067928290348,0.9559699664860898,-0.06016174826425259,-0.25521225504391504,0.47532986465075416,-1.2649378879059412,0.700752667748309,1.4491929213077426,-0.7375952881682637,-0.06777325798007289,-0.68402934959386,0.970259240171747,0.06165062405513976,0.6463316665265935,-1.7142086672812287,-1.0609150426304776,0.37116699522948415,-0.7302760197933095,0.8484110329164999,-0.5529097499587461,-0.3441206711021888,-0.9127834810447079,-0.7056700695248944,1.339075448729127,2.003213354895991,-0.8826186249710984,0.4333310704603443,0.6946166480980446,-0.6173189055262428,-0.8755668524457938,1.4489364129773865,-0.9827535652637265,1.5280245888392487,0.7101416607772225,-0.010498364654191773,-0.10966346121248212,-0.22651876313080602,-1.6628019405025378,0.1536735009941755,0
0.10143056444229458,0.24953764118378502,0.7141383483539201,-0.2298298801035932,-0.40102184181912043,-2.315549952096289,0.017117424703388423,-1.6384536650042711,0.5043843923317853,-0.6751937892393316,-0.2742419056756953,0.09136799165436546,0.6418170307981454,0.29547402851677546,1.1177999051523948,-1.030958581248655,1.6736836284416363,0.06122471863820628,0.3552750040377256,-0.8907647020337084,-0.6746139481422861,0.40548224227743684,-0.9145097811920033,0.08160533607106324,-0.36956430474764873,-0.5562422160606002,0.5012568334601041,-1.0101303958452055,0.9053141452657856,-0.14186607557303213,0.4156263726317352,1.4383162634066249,-0.36662072825105174,-0.20564586397161053,-1.06944236643639,0.02041804547604884,-0.7661843541855572,-0.8313437863428303,-1.062427410439142,-0.7612174000349476,-0.8979250865986965,1
0.3020035297931652,0.9682841494381424,0.19107197053903546,1.5704630147669651,-1.026676804898107,-0.6408021937562255,0.7538199188451449,0.33446862236035785,-1.2872704585388457,1.3805059982974552,0.08833609345127375,1.154472883246797,0.8915015218008694,-1.3625191333584057,-0.3224443359838849,0.7393620565467611,-1.4742956738206325,-1.4664546235071432,-0.37015925176932735,1.381337069740254,0.3388051765314092,1.6217579068492793,1.15869699283713,-0.8643612096210778,0.08575475975843447,0.4774442993613372,1.3571459072874712,0.485052235312034,0.44243003176508694,0.5537938251767444,-0.34152964171780426,0.31857892000772614,0.5936802198380493,0.8469055909598904,-0.2675548964440891,0.023358467838855437,-1.4384647865942168,-1.2012420915528497,1.2198049795905694,0.10970685471718991,-1.9728016273601696,0
0.8027277051247027,1.2367347732226206,-1.0077802437003522,1.8634211381213432,-0.6803280155224816,1.1719254289688408,0.7835266672399269,-0.9629907834353806,-0.583179195665945,1.3297933586675226,0.2067298503297625,1.8743728874341496,1.2049108230944439,-0.6466007378898047,0.20936270257580245,0.922882444937594,-1.8391443514738235,-0.966194293656921,0.5898847413434186,0.2814750758807552,0.8219034734063744,0.4728695696052017,0.34538227965361906,-1.881857949916928,0.553350210106707,0.6370254923660073,0.759489638712972,0.12691428455041182,0.6414628759878359,2.6330113756525444,1.8567101655024236,1.621481084364588,-0.399596096332959,0.6974201718309907,-0.9748461300556033,0.41457344795527856,1.4358939902844647,1.9334452222662095,-0.07354305393513945,1.4649532334895463,-1.1125745221182028,0
1.3405720862928936,1.8686255995757122,-0.4999757299058147,0.22662925357911023,-0.056020814971167,-0.5675306865833543,1.0478031060109836,-0.5509531041146227,-0.2963182959567256,-0.9329905586690482,2.321591407926101,0.35767422997261894,-0.8598280651377552,0.13014801540752757,1.6898044283640914,0.8317166655330497,0.4962349496563106,1.602700286220214,0.6296541579467568,0.4404493229159787,0.9615641846469413,0.8439062282300672,0.0782884350568806,1.1555243051545168,0.8284521042823777,-0.6506111234285221,-0.46653829126082735,0.5859110698186426,-0.8637641845074981,1.075281529257508,1.5789972913241686,0.08069057097207633,-1.300538040736055,1.0570999836501473,1.0383416914081722,0.9819010057496189,0.4689367508207109,0.4514058912919999,0.34905937666081555,1.0232589807555574,2.299451884569262,1
-0.85917741188295,0.3732205866530363,-1.9004116115022474,-1.1077410281260505,1.2698079692267032,-0.244477511326812,-0.14220048888515008,1.5343325087029225,1.923202003621348,0.6843811040085892,0.7518746642247488,0.17114497692501954,-0.8201381356043361,-1.3643654065688204,0.5936885022983007,-0.12850025791199957,0.9537650200747928,-0.3322709215568983,-0.48734771342952293,0.49271403698308847,0.10855921924828536,-0.054755280427535066,-0.09138401872245552,0.4347746605719458,0.46256472246463054,-0.0871270993690432,-0.8050129229569934,0.1555140218480819,0.21515636035835367,-0.8344953360557844,-0.1738140020970466,1.6216145210994282,-0.2477247361767588,-0.061108419682546704,-0.28631581454448557,-1.5952113987406602,0.6478876289359716,0.28359448318567543,0.14540042406025727,1.3921479524469182,-0.03902050234659655,1
1.2689721799863731,1.1809127031828786,-0.5372971171525204,0.04121145009429191,-0.7608808497435007,0.705765366449844,0.15039544826968848,-1.7917996075270919,-0.9694797477620486,-0.29597997219463984,1.41194894462216,-0.5194994158047032,-0.6429294436796116,1.7774940953585154,2.159082881808337,0.7276843075545877,0.9369197699470005,1.3161178785895047,0.44050057704558787,-0.7507518796646422,0.24119493353355306,-1.40812791037081,0.6390636716200936,1.3841317800279986,0.8787473377875945,-0.027365071575170426,-0.6147533842324673,0.054438088137568466,-1.1341294679114589,0.25583143220216953,1.4044118206180285,-0.5931940870753701,-1.005667180952941,1.3137708339237075,1.3722182697706207,1.280293794975372,-0.5650960683167301,-0.9538982019235619,0.7706233621096893,-0.3999793452514666,1.7916118456902372,1
0.37370011449263135,0.271828450135914,0.1494848892541519,-0.15483239724669806,0.9205782300747207,1.06707071607137,-0.9357163845523684,0.3198593406311815,-0.08921130023223263,-0.8988259311724135,0.6597210612787446,-0.8777244350932214,-1.2936992106800027,0.1261840315110274,-1.3047038822163373,0.024826145158255333,-1.2747662821458055,1.4724285703533786,0.22971264836562777,0.6683020480472975,1.622933722190535,1.5250085758000285,-1.4122833136923085,0.7786723331390971,-0.21014925339802487,-0.5645541545523373,0.37969565543167777,0.49608481446356945,-1.2418737466369103,1.552803950250678,-1.0706428634071175,-0.2911492505896987,0.7461105869478681,-0.14826153035450082,1.6283051157701072,-0.8733068989157147,0.26221823625453566,0.19508961750507697,0.3313417887880005,-1.3227277938453912,-0.11726684451515387,1
0.3010358166922115,1.1965650087430286,1.2263888829008402,0.35067214112340506,0.7509156236522077,-1.2756686251173361,0.4907095896948083,0.1922875356664961,-0.45964240098123177,-0.7795209491865687,-0.0650272462620887,-1.4102665133661618,1.272354523043866,0.8926665290488041,-0.6400479558614028,-0.22981425071481354,0.09259714691912731,0.3660956081343529,0.6136687812574853,-0.48065521508725495,-0.15214619824603326,0.5190083118632765,-0.2196729125203606,0.1544445311483553,0.09798899595733983,-0.6216899117909497,0.8619738537939385,-1.6462983978639087,0.2153989480688136,0.7891654779897754,-0.5242438532988111,0.16281151591602833,-0.6945895446120484,-1.315880493391616,-0.1596282396742777,0.12228496330717936,-0.827089881004964,0.9305577073662041,1.4068942595865808,-1.0918408261331725,-0.2472728365827937,1
2.355095387944734,-0.9793355273978234,1.4731283795794627,0.6293084652634274,-0.7741374740098238,-0.12131631947669383,-0.7307125227150961,-1.4157509320839694,-0.8597639717929817,-0.22858633763019556,-0.2686009337793487,0.8113059070179479,0.7757899444740605,-0.2966319693958145,-0.9390988354128879,1.5162033792225924,-0.21833393039015772,0.8469057987916864,2.1989876559359276,0.6920118639406199,-1.1697590617743177,0.4009662031604391,-0.1376361830434365,2.274657927688455,-2.925973396329939,1.160679781035896,-1.052605700459655,1.1482359196939882,2.0740558405868925,-0.7184333578910149,0.17739119075237755,-0.3584801609407592,0.7291020161955097,-0.3137017807491828,2.0576191325758235,1.8676063516133508,-0.23305141845069682,0.7058081625542096,1.4630915438062368,-0.8271569428690251,0.01250088086339824,0
-1.0135022910301168,0.3460526697440981,0.45725758499883984,-0.32893950019388396,0.8123465033291613,1.2697449351992343,-0.5425430405966463,1.2717391204478334,-0.6102435261766254,-0.9145141839593832,0.40388495755459686,-1.5673586547533322,-0.4838538434918268,-0.13268522022058143,-1.816863507116335,-0.3829192195036319,-1.7316233765093516,0.5428747084102155,-0.8423897259861248,1.7080066518026105,2.0069126364178893,0.774948684997502,-1.230720718724974,0.9081850743373209,-0.15179424112671838,-0.40972930306027056,-0.366866914474483,1.1724322585831268,-1.6298432339557067,0.8012814527987445,-0.995955274139827,-0.5995800300788026,0.6879426220798991,-0.16361970826669162,0.5344817214109475,-1.275834951552638,-1.2228506459467865,-0.19961123781773976,-1.395950910750464,-1.3162766549944964,0.13190280687425898,1
-0.49776836644583894,0.6687894318166832,1.6057012086360478,-0.006622783114339557,0.37594244925347753,-1.2176624135251914,1.569417128186236,0.9011027103020655,0.01581475187179109,-1.141498420982533,-0.17016369464785885,-1.7095157053487813,1.2084706403754308,0.08749872937976884,-0.499840217701894,-1.2198066548290862,0.690582518618602,0.4398843818772057,1.1332326763887184,-0.7923883653486639,-0.027600048499452558,0.45807459106485754,-0.4820537651232284,0.27353818875178865,-0.1445093528089199,-1.0565605081559453,-0.00038846189662859537,-1.324379927879181,0.8441917226776761,0.02336290017031316,-1.0957867713046403,1.3827399200482082,-1.203304168953645,-1.2570313223744678,-1.267977809617916,1.0617761151889837,-0.9617718048049445,1.219546597192875,-0.11851973608001526,-1.658262293525131,0.8384183004954486,1
-0.4896084785390787,-1.6328921296801595,0.6239352103508866,1.378283640130268,-0.9634972305153929,-0.390409740928229,1.4266443195726943,-1.4339800213081075,-0.12574278082835122,0.9957432407728051,-0.782790887223221,-1.0973077108129232,-0.19293983701379552,0.29869428553439353,0.04049298884591298,0.5401232601911663,-1.2750082268856568,-1.1048758365707085,-0.0889065974241457,-0.9780378199455546,0.9070550149004325,-1.7033723980507187,-1.5447485845694118,-1.5327648096438409,-0.41186484937566187,-0.2671635386925771,1.3094029837992986,-0.4263245453776489,0.44102794503858106,0.7864216243924661,0.6212486654837368,0.43650195786047447,0.026763196560700073,-0.7737603013955122,-1.2945186145438081,2.5123191584871796,0.4419824803633974,0.22433633463948294,-1.7905742923430297,-1.484507218861129,-0.9503412907575628,0
-0.9730057743216697,-0.011077662997057553,-0.14039251446915427,-1.7369160534323953,0.1654144561449514,-0.6701436107792405,0.6239544695399123,1.5879403431994108,0.19786851344328854,-0.8762534031008944,1.1423574607779634,-0.5902029082679485,-1.2295998459049617,-0.5192154926753194,0.44822801947967084,-1.100845251235081,-0.4518567171215164,0.5755806628288802,0.05183169526711056,-1.1683472204718721,-0.3075916119429537,0.057290712689280744,1.3683366761561073,-0.21816171396413916,0.3479170610291329,-1.22884555058188,0.5094004420402711,-0.8467646748953063,-0.816596191020533,-0.2942517536862401,-1.113163986933977,1.2245731561788686,-1.253861010099528,0.5752210454245216,-0.3960565145025724,0.4112473563286778,-1.1600946215952377,-0.2639277275236885,2.2357895379138437,-0.05605898966842871,0.16885518561822757,0
-1.4224303174411261,-0.309129359545674,-0.9585066210142372,-1.7781480408916204,0.5633025743805624,-0.7393785110062938,0.9037206538247609,1.3674409380767785,0.43183807492507664,0.16337174270689764,1.2438351824612537,-0.6592308292392125,-1.150998941638686,-0.5438911925433045,1.035654897134417,-0.9018907177672935,-0.21565679762134898,0.32709176740288565,-0.6185975881207441,-0.6347643200048203,0.28073421659335324,-0.4052459431232474,1.1035027366242522,-0.23381250366704234,0.8217737782899838,-0.7135275365751307,0.19302099180397156,-0.5185422260711876,-1.582455857018073,-0.32739225087540036,-1.2291355916191993,1.5093533335694005,-1.0141415504746125,0.19898405189850807,-0.311420573810892,-0.844211782799986,0.858573775262017,1.3269958114968654,1.0930145672803142,0.570109718500676,0.06333445384471312,0
1.8744971122130585,-1.188277781822632,1.8299372231193518,-0.4464253446452456,-0.3882293223740715,-0.3915063630057462,-1.4416768104105462,0.605943731738234,-1.498070075324692,-1.142055289378785,0.0018116877883511229,-0.11872474970744319,1.6377572743151043,0.40805742179624305,-2.2133920485883025,0.6019006865290686,-0.01994464228002705,1.868291066152027,2.0332780882876573,0.6429893940365375,-1.2193794101813922,0.9582582132534345,-0.20478400516356418,1.3176231643481164,-2.539907861010631,0.027108035502112937,-1.5808912048696289,1.1106471019451916,0.6840637942404859,0.2521220014147173,-0.5042448551613739,0.353068761589165,-0.35226497048894234,-1.8396768347307895,1.3392363835509402,0.8862315484530303,-0.23841679103983915,1.605706454915789,0.15341586407461055,-0.8677394237253465,0.41612377758894364,0
-0.5973416330341154,-1.0032026792045659,1.4356016245413228,0.7956550979207618,0.8275273846563636,1.4146466207189605,0.5327659977719715,0.5425043497293617,-1.4824520820402272,-1.5996381837780336,-2.1947982764410026,0.18596090634946064,0.8588505979308385,-1.462553498158347,-1.8195197167890649,0.763458528602004,0.71684607400101,-0.08051133710300871,1.2694154483591125,0.48271105437750944,-0.034963379120781006,1.3776422038608485,-0.43529168620083414,0.3567770981057502,-1.0108416471951303,0.5302937539060435,-1.045752488383985,-0.34018653975913216,1.321646529809491,-1.23418304182118,-2.054066966425717,-1.348886071644597,0.002120414713762597,-0.3441937768719154,-0.2261451624418938,0.35871286554058546,0.5170382347351531,0.09649401790822615,0.0666467954771604,-0.9872436664947932,-0.36875217358869217,0
-0.6216993199789687,0.03060353006656807,0.2473197301335598,0.11142219643799466,-1.116474845995352,-1.1388701183627175,0.2571398239756347,0.11497448618581797,-0.2767501384629989,0.3791066706032535,0.08559485614761164,1.249590612505119,0.14493129117214265,-2.3366073574039166,0.16388673905414597,0.7834084994805957,-1.464673378122998,-1.9808881267313367,0.06265004023619726,1.1088084133014307,0.8488112968173568,0.7485611784299799,1.0608809802484638,-0.4839969671327059,-1.6671053802850402,0.5051661125173936,1.0472104860695883,0.390474272126282,0.10341289702842936,-0.06940132723662751,0.35377733177389903,1.8798548679597427,0.22358209371749346,0.09354264025238418,0.015508366742573634,-0.46376516793586914,0.722369501095212,-0.253682363830238,-1.4727466946153105,0.34386358952836105,-1.7813511627617191,0
-0.11753316863813464,1.2147251685618414,-0.5188461741115785,-0.4432818075143533,-0.07475681229490763,0.886473095423467,-0.7643207886436116,0.1296453395021715,-1.8297894529978829,-0.6598321752503378,0.7580205170163286,-0.6116478170922041,-1.4497083407642648,0.48346239061456026,-0.9418547548363756,-0.7114458734348246,-1.5249041452594216,-0.12334337653014067,-0.8950693534140286,1.0141257156209984,2.6179602840627023,0.6209856771690012,-1.2306941127216557,-0.09590892976806166,-0.44200550871752725,-1.0841016335332971,0.8478396661032541,2.197459760522717,-1.7123085235668845,0.837117798545877,0.8216996050070771,-0.4748027143339603,0.9616913665416715,-0.7438437832190516,0.06817309582533829,-1.5843073379473693,0.15005892703088763,0.6918618368823164,0.23372957244574377,-0.7670024436763847,0.02928332808508367,1
0.8575151734648708,1.269823701746274,0.3163358940904696,-0.6977238404357312,-0.5565429377601808,0.2899602060364804,-1.5734083788765119,0.12313845037367044,1.8808119018011011,-1.0374430438524183,0.5645785978532278,0.7671390226097508,-0.1565863310977754,-0.24805750559739947,-1.4767731246369575,-0.9730420940672269,-1.1960430457934423,0.3638233034939272,-1.3451581059288868,0.7792783997081004,1.5895143256879345,0.8665215506204247,-0.34642805768504215,-0.06712694721008212,-0.6738748416057301,-1.9409464560749219,0.28385942417902316,0.6397463199008144,-0.673778178961412,0.6291796578443976,0.7912341857386854,-1.3155413905057458,0.6734706050847703,-0.3362583882896122,-0.02877934193045156,-2.3785693235616088,-2.1596956518281076,-0.42148994442533183,1.0881810329226698,-0.3758374799882976,1.2372098889051217,1
1.9206535592507001,1.3343470030890527,1.0689224974352234,-0.5440749234288906,-1.0620472154012894,0.4963200710445958,-1.401057625684857,-1.4952510618099495,1.5790552325150613,-0.7712920319726319,0.5604940127563024,0.9745874654664783,0.10884450569557053,-1.0385746991772824,-0.6176281917414875,-0.5238177954308091,-0.38459811488266304,0.42377836804226626,0.23722372905714087,0.15125043717303643,1.4876927689093222,1.646582101497403,0.2156167440633934,1.3187626958213792,-1.175249158114978,-1.7586493461930748,0.7463781369092668,-0.6668195764225137,-0.34828348953933924,0.9961053682006049,0.02821306801620599,0.22684376691543773,0.1719983648917504,-0.8079649253949391,1.8130903128228275,-1.9663597874591048,0.04366512401114398,1.9251300566967238,-0.007080631113304572,-1.3882190693854208,1.6633494269659126,1
-1.109652221924219,-0.5245574062665981,-1.1146812709979146,0.24883481032690283,0.8071204811196813,-0.5806688474186357,-1.0116371065324812,0.7974752842216588,0.8442522347000465,1.9020266145029692,-0.7940917886208987,-1.7159983417572617,-0.17030514476205288,3.4730065573838815,-0.2564913327637097,-2.1654847621366935,0.23986819753573532,1.0551652825987405,-1.4650495440942342,0.79756630564997,-2.4679849421117424,-1.2856791441427573,0.6176686975850884,-1.2070833336710929,2.2653970652115176,1.79763890328414,-0.1174813171532793,0.23939768564482444,-0.5193233826959542,-0.20959906706598916,-0.23563910954707515,-1.2358051951824687,1.275871780593564,0.7757552433645857,-0.013809430055964146,0.4694310834106774,-0.45704896576870313,1.415895663950933,-1.1288224518714876,0.6253404296143356,-1.2634760500825113,1
2.1688809579709627,-0.11342895229429133,1.533175773832268,1.2626461903893715,-1.4079083356464783,-0.2630411486351427,-1.277196827218678,-0.7859474830772841,-1.0033856233453242,-0.5707651081835516,-0.9482886329964743,0.9607519833093251,2.0764563308929316,1.4177136534802226,-1.4372411701481098,1.4927168195724416,0.8469851530157763,0.07019348309395333,1.133969250948436,0.4561085857053053,-1.0191682124136994,1.5076852907532738,-0.09783569425353555,-0.08766213422075506,-1.46256940200561,0.8449860454496274,-0.8713584917798993,1.6148808460398674,0.850251372742766,-0.010156261064251597,-0.002469802651934155,-2.3313650832898816,0.5537141337267246,-0.3832239247365882,0.652362151357824,0.8328132786277569,-0.1889378507533185,-1.1299311805686563,0.638297501012032,-0.874850944082902,-0.5162256891232619,0
0.7444154259030683,1.3571314273009694,1.2744662875054076,0.805691518766393,1.3803076128345961,-0.670651519240946,1.1535551780558835,0.15085806852371395,-0.6232740263536353,-1.367599042770652,-0.28692684562774884,-0.1574419375611147,1.1335660341185052,0.9608898721978263,-1.055999443420154,-0.5091250225709979,-1.0462307020764463,0.7422435332944948,1.6397262680867175,-0.8946381861882614,0.020656990883592446,1.5738160212825252,-1.5293412288094521,0.9053503212293408,-0.9338003531386234,-0.30711827020346955,1.064727611796298,-0.7646262601477264,1.4064136786948362,0.8530921661877467,-1.1704259158416068,-0.2939600873191238,-0.26063185992288684,-0.31404141554394,-1.070940734184311,0.8581139225616751,-1.2179333265848586,-0.9554103522948076,-0.6305427500848592,-1.040947979950539,-0.3099585138153217,1
-0.5899059035480813,-1.0330197967263874,0.16042396972500497,0.7244934530662049,0.589018152068959,2.4114876701638774,0.49446251506762096,-0.692055296318159,-1.4915407703900687,0.9405166067054372,-2.3684204065361643,0.023110547606455794,-0.6511922575518838,-0.04488480851961728,-0.6813628540609606,0.48701442369280534,-0.646897854750641,-1.2045582595095172,0.9428823001923791,-1.8244945730036244,0.6551676571961261,-1.1922097326875494,-0.0561314819058732,-1.397450425561766,-0.8120571400708257,0.9518190843912949,0.9576107620323022,-0.9492236530785996,1.4091161512598054,-0.8827466229037128,-1.4965158619117187,-0.7148013526219847,1.324780521460086,-1.3785037255111054,0.09203817801060993,-0.6071043170671638,-0.15535885510255448,-1.87787482025334,-0.9481081307533482,-1.7368309734055662,-0.42211460181778954,0
-0.39644460586708025,0.665305483860691,-0.16941038692247148,-0.2606161007121702,0.604313544698372,0.5595689429749926,-0.6160038291567128,0.9082907465897968,-1.6846415434251987,-0.9589217665460269,0.6166272397020494,-0.36437455177787287,-1.2710576523861705,0.7175541837302944,-0.8100810548621301,-0.39026486527917414,-1.4857051154236909,0.07644950813515632,-0.10148595353144223,0.39876955017449717,1.811359520811582,1.6193846735166004,-1.4784721591598704,-0.03743736775450795,-0.26911474601009494,-0.2541237905963649,0.9212549270273753,1.5122200325594357,-1.4139311473423775,1.3142337355715705,-0.5007953429297247,-0.3316840737890662,0.7109814539671361,0.1787994609609065,0.1731359792795107,-0.6598563935978449,1.3062434085533048,-0.45036630700059416,0.19987116433746874,-0.9025261943845787,-0.43444156603512385,1
0.1893212189362452,0.057453063257190067,1.1533587177237998,-0.11701001041741889,0.967667526889364,-1.2873292967200032,1.2381561394190541,0.7683961300828155,0.7526445479942939,-0.5337463694312529,-0.07666698373700073,-0.39921283002151536,0.7749056151095499,-0.3450475699866706,-0.5060685330954114,-1.0588697999324745,0.6786639394288227,0.8583756429642838,0.9751324899841276,-0.8245067364047706,-0.6546004621836302,1.1748671178517378,-0.6485364425990551,0.5621024362557888,-0.24354654005465257,-0.8804275182104749,0.21313758553890877,-1.1596372826577472,1.2573622501580621,-0.23077827780619334,-2.012127599224969,0.86695435157475,-0.6380792007252011,-1.09577999321836,-0.8442527146784433,-0.007068952629365498,0.1685045909455723,-1.1643286664394916,1.2061790608028835,-0.8508611923114411,0.5211306605135066,1
1.6536251695050015,0.9163945979479655,0.7898987529291608,0.434884995988379,-0.00478991825659382,-0.9289906420756134,1.9456838975020807,0.3253866861951636,-1.2515002675479625,-0.6966924020668103,0.9836957732695443,1.0601886428731744,0.24838193768745687,-0.3323424694794562,0.08025693230669038,-0.09138836389486932,0.09584868112524202,0.9211028411425034,1.4369115857099746,-1.274967667652097,0.3368491059834648,2.013033689149098,-1.0313968862250251,1.0720120899562529,-1.2740298969963815,-1.3168128797581797,0.16739444241367923,0.8506087624938091,1.6911447789157714,-0.464914045480682,-1.504743652989625,-0.12037136001839328,-0.56038001547313,0.3327660917874352,-1.2067866373132001,0.36374056570879126,-0.04547910193915608,1.4571908616107467,-1.2408035333612402,-0.9472410352629748,1.4214182084466758,1
0.6995400931098299,-1.743471056575323,1.3349817258807581,0.7095591185286709,-0.17368333383725204,0.7907423238721132,-0.40947349990550735,-0.7662897909405669,-1.7338057429910119,-0.40408931955386984,-1.1684942706113,0.39997052045475384,0.8762485086171621,-1.3696212995680692,-1.5299229537507162,1.6978420129048795,0.34327535283291627,0.6679892702421961,1.4626798717966147,1.1004617616870194,0.31149911780431655,0.5319783013049915,-0.7315599939921893,0.9317963250428016,-1.95130473332091,1.073474108322664,-1.9610421846095445,0.574124231721773,1.208261466203224,-0.5521839408477557,-0.9860314974879963,-0.1559566771182575,0.6402823468504459,-0.6710932854879824,1.6118322549779345,-0.07934516683728503,0.8759338710272639,-1.1158315091755884,-1.2905282750897462,-1.4700282703793441,0.20691348996042253,0
-1.135285913755031,-0.8255380289509999,-0.17611430461118247,0.27623316204785786,-0.8476518677913998,0.5307039554974995,-2.1231907209710448,-0.5490173709451858,1.0692183478635247,0.05613239695128791,-1.9151019131521445,-2.2566148474698107,-0.27394660679446803,1.4733198383286437,-0.8999371440447567,-1.9306291786608616,1.044338313555414,-0.32910219229935694,-2.129130452878897,1.9478265371385322,-2.357021264926918,-2.131025264593343,0.9797389991018307,-0.4517895982985039,1.484983866836391,0.25174162312363846,-0.03417550837373068,0.49908148005118314,-0.6514039926607063,-1.5139897555359532,1.9877870018166892,-2.0980626842026555,1.0029967994686642,0.6185472092936604,-0.40672447589943717,1.9457155270363804,0.877851894262347,1.5875395195252617,0.08666931820604577,1.316296204472587,-1.972427686338669,1
-0.4145356228987065,-1.3438079032215522,0.842198595099483,0.8530532315777932,0.4023281459950766,-0.8923382506213203,1.0609090985242795,-0.35320933339834026,-1.3687255212720073,0.9190335383222035,-0.6698626725973003,0.8962071093892707,-1.1268919974299003,-0.39968703359578195,0.08326962355055023,0.9048273153587083,-1.6569805473110588,-1.1631102100839903,0.054066610018650964,-1.0012325917813194,1.093589002546128,-0.19082597359219342,-1.4376812351225552,-1.1259996478971321,-1.1895836468904588,0.9568256054255546,1.218566548976944,-1.0265399070936707,1.661734544956866,0.27930328867292564,-0.9723605309356136,-0.9687639906451895,1.4016367186654375,-0.27163850282961655,0.40921023875515466,-0.06723610520352767,-0.07797379114267303,0.5105794609303484,0.5221049344840282,-1.4701715946391913,1.4178218952490986,0
0.6017649175306742,0.48263000666868927,-0.7791681966166707,1.4302793931467404,-1.400962749812293,0.4237643748423262,0.3831274063233331,-0.5867399916101819,0.4647731790888292,1.3800179461887547,0.05615433085003806,1.644769806075925,0.6653279753806751,-0.2854782000061152,0.5242734821623043,0.40986752357298245,-1.3946579036215683,-1.4710309629463671,0.541515034699114,-0.0689622969680934,0.45598213803814164,0.6358425918296506,0.21136129700754477,-1.9265126069475378,0.1970098006522782,0.5127134101047378,1.2161705423819205,0.9787582605805106,0.6338377639721687,1.9172258541942726,1.6781810522718184,1.6776265005554711,-0.20854709290222095,0.46971360091251013,-1.2229314321100644,1.4302292390042461,0.602668897544973,0.24453480346425702,0.2499991805315802,1.1113316074653456,-1.3482522195967845,0
-0.6182239312386604,-1.0416357148965274,-0.0916223254650827,-0.3965333645587536,1.2877740088301537,0.41626074378626976,-0.786656151977699,-0.9007264140283981,-2.101755415490642,0.7045067400916377,-1.6345801143126868,0.11916665073015403,-0.2818948443221753,-0.19961443441489995,0.4108411997302318,-0.9670740509765466,1.1145739384109667,-0.7822445624611267,-0.5522372068683086,-0.590987769100755,-0.6895467210328629,-0.749213696360844,-1.2107542386101098,0.9416192488232008,0.24590417055323038,0.5738351463111551,0.216501531741497,-1.1661807700397642,0.7848170492706186,-1.0844512035936968,-0.563589967249435,-0.2553434086026363,1.4514579930539946,-0.49490779699986714,-0.19889627392749168,-1.190406781602115,-0.7056686098491521,-0.9469041840349605,-0.31539381678439987,0.09449196409736962,-0.0836532639908221,0
1.5147809809882091,-0.763679156253697,2.4210991604647356,0.35735846911171965,-2.368228003993728,-0.08742553316555407,-1.933040951023709,-1.2882355448853704,-0.34045682027515833,-1.7174578991527902,-0.8596168450863809,0.4638809314646435,1.857428353808327,0.5570004299365873,-1.685043716086159,-0.27504591103971937,0.7694285341257608,1.1453860395045325,1.0555996819938558,0.9082031687925931,0.08306486986141584,1.2802218561827765,-0.8636294375117074,0.31120079844861354,-1.3799289304466893,-0.3466440338818805,-1.7193536319222427,0.8530889387018573,0.3909612708240148,1.050335491357794,0.8033063901037819,-0.29305177132973187,-0.32457901080562446,-0.41729279339340497,0.62375004292187,1.1061384529776401,-0.6807121558949969,1.110364190851901,2.2657858017604187,-1.802537071622589,1.7941503575576845,0
0.13377876069946978,0.5392551539283481,-1.2810152552322565,-0.30179976661868985,0.6135301374466913,-1.1068292577085406,-0.6010669072417498,1.1600179784928448,-0.2389662292240381,1.4043803968514876,1.1347786393056378,-0.07722647598328684,0.5646813126824038,-0.3665297352834097,0.1750321568256626,-0.4729401460486073,0.05212545599816231,-0.282817358200078,-1.3361477735792437,1.0639245126482963,-0.12834467568050978,-0.34395245352846215,-1.6082005681238924,0.8831261450246801,0.3450677003916903,-0.5780552971774724,-0.7197930583742408,0.8674049149285115,0.37511673585987354,0.2586663262581478,0.7669875935901972,1.544503412779741,0.33950090412070416,0.010001216014196838,-1.1895534543575472,-1.2701167528351984,-0.009127635608453125,0.783423303475966,-0.1262552060340931,1.2147997215058084,-0.46032174175074636,1
0.9508301367699574,1.421487361282867,1.3953846128550458,-0.8038985505675839,-1.0474993479976507,-0.028334621930874847,-0.9387918044451822,-0.052841799531357564,-0.11558584222608233,-0.879040855635827,0.5950132691201918,-0.0878449723676539,-0.469623151087005,-0.0809649751999191,-1.1084016480417067,-1.479668109046519,-1.4396547523404442,-0.3031907538027793,-0.3847805768017434,0.5183512791538365,1.750013595010732,1.176229393966225,0.1966289953555111,0.9807705761423202,-1.4991933707451963,-1.7742339768787938,1.7056288860432993,0.16456670367201126,-0.7031649339645334,0.4551745352985932,0.0999641294799515,-0.577451611771206,0.49966581967569135,-1.4023951284879317,1.0242543881457424,-1.3340716375359252,-1.0718991009958054,-0.5659455536344266,-0.41037825849873943,-1.540408812820778,1.4200728735046924,1
-1.3025337232916119,-0.6618648351741798,-0.6915010750904572,-1.3501188538585325,0.6763577083762021,0.6607434851873177,1.3333659411837058,1.2748406956749552,-0.8033490595929194,-0.35784384096655103,0.37048917372009854,-0.3812043603926206,0.14573575328364377,-0.562473621308161,0.8337242147500051,-0.9086109394889759,0.8158260650265817,0.2669328331120591,-0.5902239093750611,-0.9650093180778319,-1.3690317232328448,-1.347174438295677,0.9943781693485996,1.0118084440813064,0.824734196031426,-0.7149023098496798,-0.9731326211515607,-0.3332735343197776,-0.7157318323938593,-1.8579804275777354,-0.9745352740766787,0.37620403451736,-1.2451292239882978,0.9940018985855842,-1.7546264013280146,0.02605896736733041,-0.049425086665400395,-0.2597853897525455,1.0282971600911333,1.5256176131522314,0.16934628586453854,0
1.4239050418837602,1.2861321239754604,-0.4116704592000957,2.121603880628898,-1.2145079037898279,0.6979999040113327,0.4641613119733626,-1.6398148348837225,0.34359280126631303,1.7750518700164122,0.45483712982902014,1.6159635687100429,0.898890214851494,-0.46287703494535176,0.6926346051180848,0.9816567351154789,-1.7924426296217588,-1.0168287327398908,0.2201050179182176,0.5737929991330724,0.3443189639209042,0.9470924625066575,1.0868121466417242,-1.4422175605338499,0.9029729495546065,0.6112709768640114,1.9182852277632068,-0.4831519430934546,0.11282831924654975,2.7410183213227404,1.5700503814661508,0.7989579742888462,-0.23216554076326587,1.0005936167038756,0.3347316779351825,1.3972235202437029,-1.5662042436861008,-0.0825991585344923,1.1978313197010506,1.290477674448132,-1.4182688969447912,0
-1.0371188387678922,-0.81818268453546,-0.8571117774945332,-1.734099515510873,0.3937617209411852,0.11937424386599318,0.6933202194074785,1.6685987001817943,-0.627270569819333,-1.0714450860885316,1.1915978792525979,-1.0476126687837712,-1.2021757565684958,-1.0416061901123133,0.5219450215236049,-0.22822034687862114,1.2130140828360594,1.473699108993415,-0.19583481811373024,-0.8365482874336384,-1.1409203693012857,-0.7469625975568592,1.3457398293040779,0.3817879154014529,0.8704465995915966,-1.4046754743723942,-1.1613425027964452,-0.6690106303900528,-0.9480427047443235,-1.1486764256414892,-0.9520367211975972,0.8348755016136032,-1.6537410957732037,1.0801357705599384,-0.4843656750258817,0.7377604564504177,0.5297563454667419,-0.4690287600906183,-0.32103067023121945,0.7644430604238981,0.39083822861076173,0
-0.428814078973102,-1.3961226791763068,0.7230077283631724,0.9573606408530465,-0.436330635880181,-0.4790363190684506,0.7336473179241387,-0.6217073329870229,-0.3706770169697412,1.1870007464659387,0.014165128646045484,-0.1092617272673653,-0.6639834519993294,0.10559481096309019,0.7914598939496418,1.4071134729711685,-1.366123286745206,-1.6035196943441492,-0.7194390547285121,-0.6571772265732949,1.2914627801023857,-0.9115729504146695,-1.316117953094585,-1.001179799879113,-0.1567098066392679,0.5081884730183222,1.2610479321964685,-0.9046888150433815,-0.358178554817452,1.162066705154007,0.08530298388321618,-0.7548032503149943,0.34025439476935554,-0.2596970708530843,0.5241169162579163,1.0469571451953088,-0.02918739629034731,0.48282958714865987,0.20521412543119408,-1.225533880011599,0.9659266387351336,0
-1.3350882426326127,-1.236093725002452,-0.05931099712261087,0.7504991675366571,0.6663278125106458,0.45400688886656554,0.9189489030619052,-0.4296984602358041,-0.009625242470158946,0.4737083028537941,-1.387900499635746,-0.12046220028573619,-1.264600955419286,-0.09863531411782381,-0.3358444772710138,0.5810120672645012,-1.4119227276666433,-0.6902860314099944,0.09886333295499419,-0.768404489314347,0.7315025446878789,-1.8139660677352136,-0.8425772561734131,-1.21604980336074,-0.5762158174980653,1.1549727581718514,0.3802097145520433,-0.6451100781780527,1.3560555966061356,-0.5676908685209626,-0.2844385794680917,-0.6777235654946147,1.163577543492469,0.24793379630634857,-0.3760852951022322,0.295944291679753,0.0841979294790012,0.07389481707890629,-0.516494198734392,-1.2484673815015628,-0.3990220077613497,0
-0.7599231433391782,-1.3074609358460558,-2.331539444050299,-0.3265992375789361,0.7161801404792115,-0.6969484787336795,-0.9759991950442062,0.9970434851675017,1.2791945747303157,2.225193923664557,0.3523630293082245,-1.1669614004432418,-1.4339757474547254,1.9172796115274358,0.6384529060072347,-0.7659872739390806,0.34952691963538474,1.1522560613172943,-1.203527804454409,-0.11347187573756819,-2.199517615529161,-0.46575695706339115,0.9764415348623463,-1.1718765961451418,1.989650764865716,1.1238681488272073,0.33947793950247684,0.044977829385416945,-1.231417867908696,0.06605863260227572,-1.6850031293334777,-0.038690018667200655,0.7926846086567165,1.1561445787713955,0.79935725957538,0.09610942748796278,-1.202092489576769,1.4580991942562862,-1.9327790156102578,0.6178224585368192,-1.8696433477753305,1
-0.9384689098437016,-1.1571100918445938,-1.5784075881317303,-0.1519846794331988,0.058175772110822074,-0.6755248863628772,-0.5653687268147279,-0.45365798100105537,-1.1449661106826123,0.3410756376519612,-0.353536586003489,-1.0401829716741777,-1.2302464242681521,0.7388162056730561,0.09558134590809651,-0.7992264602504381,0.5094216157469409,0.8677923917731507,-0.9541764759629063,1.386891823637501,-1.7974664908806983,-0.23490137953385337,1.3440056328142345,-0.22469275365363833,1.2660638278435452,0.9068177775499576,0.20123585891180507,1.690648362227147,-1.5673280322128529,-1.3324221858209064,0.11676696006552484,-0.6438012675314078,0.6191561619321748,1.1564267790481983,0.12091649639299848,1.197516577023902,0.6023181354813991,-1.87914603390128,-1.7651735677579992,2.030608073636932,-2.712528867485829,1
-0.49875182163634524,-1.0988906173529829,0.5513028359504917,-2.056585751874544,-0.08024518393102636,-0.6162269316923138,0.18482942532066673,0.5139935427648235,-1.2010380918429944,-1.403424223454781,0.33880110532951063,0.20392369158840865,-1.995749719608338,-0.5356467603489927,0.49688158448000425,-1.1960797246631862,0.06436365051747146,0.8539459255907205,1.0681164865670751,-1.2831843612426557,-0.7306033011659899,0.47012198550665474,1.9303479918129107,-0.15779284896208884,-0.23105416300604004,-0.5123420384151677,0.9290714755497982,-0.8776090586445069,-0.730053876298121,-0.8455070692519954,-0.8244283424578568,0.588283206890632,-1.0343704973601315,-0.12012866220809428,1.140596950563375,1.138281766397032,0.5837702582481413,1.392287236306046,0.51623392304331,0.4440209736222456,0.5368626285166375,0
-0.3972906349245921,-1.7778996625468617,1.1007328768162097,0.5036455712060877,-0.4371398909202711,-0.9309766122534024,-0.022529096432463838,-0.9627078931185697,0.02397301276309676,-1.0393530819130787,-1.2035114144930923,1.1307363100090553,1.5184471888434201,0.7577373192797273,-0.8321382107626228,0.3667906225362336,1.1558794277210493,1.406684118458108,0.565104714696817,0.5970702398608829,0.24338603121889638,1.7956972444931616,-0.6924001686529073,-1.0245405416475606,0.343168547421036,1.5596929793961234,-2.0598281130671743,1.4556704998784042,-0.876392766930877,0.394039994493911,-1.4780267978903774,-0.9429234960467628,-0.0892201576194362,0.5766663902412282,-0.24827010114398862,-0.6085736658368142,0.8436068188761118,-1.2482886690399502,0.2583597732267754,-0.7100092013452876,0.1573314384818431,0
-0.5818765026123165,-1.4008802660064297,0.38113895178972523,1.539689245875045,-0.3470566469914398,1.902156172519479,1.3040545181440164,-0.38550782218953145,1.0877047851832355,1.428907442936885,-1.3943825113756874,-0.9541293047955326,-0.3371146218957642,-0.18193958013461767,-0.4460202551836162,1.5468971654178814,-0.7820308311792177,-1.7111224077316303,0.006941982720653076,-0.9939340966532023,1.1656543733351554,-1.405628496091493,-0.38586596999392614,-1.7445781010552999,-0.060904143356317025,0.2877220366440718,1.0390961220501893,-0.608906917751485,0.20782689014553601,0.042237821933772124,-0.49780191033788634,-1.0170355517552896,0.26544502328815117,-1.4398043082364482,-0.17457322761926694,1.0716618189195284,2.576970526208124,0.6309322485148784,-0.10627971220279217,-1.579477633095695,-0.44144473436004117,0
-0.7453458957187242,-0.5460583900696565,1.323326478784674,1.0052495677936417,0.5321906917189818,0.3005969086544153,-0.38590041730906116,-0.14956141424391808,-0.03460583403697717,-1.2370304881756458,-1.891602632279717,-0.5822540382478163,0.8587712835527744,0.0410445499780768,-1.3115926636922928,0.689491650629484,1.4519863761080638,-0.02089239356432468,0.5935184375783663,1.4712056282438188,0.4243784876924539,1.4833951801805891,-1.0753450172370358,0.1794736798104233,0.14744586439498528,1.4722820799967533,-1.1902197149860978,0.4069331139884574,-0.027647177284941347,-0.3190209225757036,-0.9015724047636593,-1.6596781013979927,0.5681661628467727,-0.3417510582218968,0.7790771175618585,0.329972059264011,-0.15635424222129538,-1.1438753938363184,2.871822617967903,-1.16656997144822,-0.3277636529395733,0
-1.2736980990824256,0.5732067807522746,1.4406687088243668,-0.6488183743283419,-0.05767800254134667,-2.0103931038053964,1.06742838904126,-0.43082991589726005,0.39978825702592924,-1.6716722936206143,-0.4247704053432381,-0.391881460706527,1.7108732684620027,1.081889488139184,1.378062141600124,-1.0759084381936936,1.8972964037132132,-0.36136082547337056,1.0569701188151501,-1.029728623983994,-0.06131952177978043,0.3416529668674189,-0.6031178992160053,0.26350321100786894,0.009776783756912693,0.41475981145124086,-0.5056974391185984,-0.9136401616654416,-0.3026662137083191,-0.00404657248344911,0.11200042769016368,1.6696342988047745,-1.3123333515200424,-0.42374033810427725,-1.532143863937444,0.6160764754621981,-1.2131969504130071,-0.8126498956906508,-0.0728991000704536,-0.8503490337811893,0.786935542945691,1
-0.16407262440957027,-1.4360844020547774,-0.40005569184268497,-0.9523050371886701,1.4378718452295676,0.17298416502133301,-1.4370402583324235,-0.1276570128512769,0.19911365106895185,0.4306708068931608,-1.2068569164823226,0.6745551859774052,-1.163224506869196,1.3966299020098865,0.6841870613795555,-0.6227019048335143,0.8973443130599972,-0.5592359503448615,-0.1168828592235961,-1.8081002161799273,-1.5869854805400327,-0.28878592300610684,-0.5828498924841293,-0.15378857111846386,0.27733523013822375,1.158618386795616,0.8688605971173798,-1.0262940786143695,0.4090757388668113,-0.6886685420444988,-0.7244766180553291,-1.4656264502838647,1.3040444240253362,-0.3929559142091193,0.6843912858532228,-0.639127958942564,-0.5602712548519213,0.4875554442849768,0.014362411985105985,0.9272842744021024,0.6034492837159534,0
1.2883053926880077,1.0488749082363213,1.0868958943996816,-0.558424439662657,0.9222202264404998,-1.618462865083016,-0.03237698331366848,0.1842017773615041,0.7260426852510244,-0.6538764470073698,0.7142122185583316,-1.0673772643192003,1.5303432511637534,2.763861119044469,0.29821911216083935,-0.8593771326948296,0.39200448943068644,1.3442081591386292,2.0954583241090017,-1.667509158755558,-2.075390596366306,0.8462945616249394,0.019313169352423845,1.1992863748677336,-0.1564920073505732,0.15978983328544238,0.9757355880656131,-1.179272289276754,0.008144265890282087,1.2678949113022122,-0.7171017734316697,1.4452832865310943,-0.9861005665998266,-1.199602805494695,0.18807168120802273,1.632084986685793,-0.9406186068178337,1.1843654391787994,0.9621216478641699,-0.44678881864089964,-0.41753128751252366,1
0.9357226959965457,0.07420114024673075,-0.9673378206454414,-0.8237984107765602,-0.9461429167416064,-0.46474377601631867,0.6704850687513702,0.6473691910107703,-1.6299208121680344,-0.36983111924308715,2.37917849576936,0.3845213068482242,-0.9866672639508721,-0.21885887389791617,1.641745107868995,1.568144814496942,0.3099525682161207,0.8536377534315656,0.09897373907027798,-0.9679859906259055,0.38349516263552363,-0.18352982842363322,0.9321171433176287,0.4447601770619937,0.09622671879685563,-1.030025938572185,-0.6448494075014408,0.8905990550696545,-1.4442768928354404,-0.008246871018747519,0.23489656518522647,0.18387429393819033,-1.3769003184702902,1.1041043587149648,0.5346460686199791,0.5082485852975828,-0.3822323681964943,-0.1465141650267359,-0.18518815867565347,0.4986174996370193,1.0438949792112413,1
-0.3882461267106735,-1.0912375470524416,0.012088214100022053,-0.7332733750874424,1.4117196050578262,-0.5038986566807404,-0.8564165099295504,-0.6741526069678625,-1.4366252809112068,1.3067350130979911,-1.3172233033989103,-0.4985395844516114,-0.4375266862322285,0.3490244041928945,0.27833489300521536,-0.6760231896560512,0.6654778923162741,-0.9299404271039088,-1.4096191506781492,-0.5035050324630771,-1.2875200448284625,-1.403397496580023,-0.3543138200094775,1.6434546993177166,0.05140779404451546,0.45176166415081376,0.9897852557388557,-1.2981626921309346,0.24689064236879793,-2.0708050135235863,-1.3929012653665163,-1.7103172581064228,2.1213161521577395,-0.865021774165725,0.45323280341068467,-1.6320581632034614,0.6788869793126976,-0.022734620951223496,1.6192653285702403,0.1970119061794931,-0.780517352286766,0
-0.3933006753803816,-0.9257738345603576,-1.50529926202788,0.034319116916859356,0.09637745297695169,0.19615894590403932,-0.5443604427808374,-0.3622225563082914,-0.5991422824048782,1.0531861469121264,-0.11718808006488084,-0.5569315935096784,-1.4677517016059665,0.8545482258167105,-0.03615394630266278,-0.21415141153490092,-0.14161006300159723,1.0140475274642138,-0.6575682859596108,0.5526638098515979,-0.4454902528751632,-0.6813856703598534,0.9304532548675924,-0.9103465259561463,1.0605127233286664,0.8372328792479585,-0.027833735917061696,0.8578643996442549,-0.957178024894028,-0.4746196869827797,-0.23870890957918436,-0.6049522648986861,0.8530793672808574,0.7324907999402723,0.9586098471469149,-0.1812916380180975,1.427614670019796,1.2858003333238697,-1.1236280591040275,0.28969717601047806,-1.4748278956163592,1
0.4614956776771665,0.9924313216311553,-1.2267053625343955,-0.7243465367165147,-0.8955735270427599,0.3296701024980824,1.1249860098425046,-0.3899279282812967,0.3560063330820068,-0.6859600226345766,1.130534581356724,0.7351441436716555,-0.945528475935971,-1.1879343171233714,1.652262566133573,0.48937848244465326,0.7480961746632794,-0.43167572923264574,0.6035056789015562,-1.082596021373046,0.6599850039210851,-0.35327236077273627,1.248156040173501,0.057421863622164004,-0.3323589719432092,-1.3894218971234542,0.27894136754681603,0.6111612023115259,-0.5156607016090908,-0.9777850441921274,1.2259380569935325,1.0910619890058395,-1.279886504564386,0.2677112223815951,-0.7755885096344811,0.005910424579198657,0.6454763535784144,0.04508041406335466,1.936588113260019,1.2720767942339506,-0.09785918038468243,1
-1.0289882513244644,-0.44309977073524287,0.03609852615559542,-0.672695151940538,1.9673671762675882,0.8183606097612328,-0.40215368935940227,-0.8089192186017983,-0.2671708719590042,-0.07801483725058739,-2.0814846837191285,0.1372325217300645,-0.05751956516934726,-0.4531098946031713,0.6068310254498851,-0.3688991611370462,1.62038334098171,-1.3565713064002562,0.08365169997663555,-0.9279845761407113,-0.4992351317383477,-0.5232264180749143,-0.7556746015343135,1.7727891047386999,-0.1968464708623114,1.074534845394584,0.3778888157987392,-1.444335751444514,0.5801735448024389,-1.8771130919817376,-1.140153539999337,-0.5969781611212127,1.143509366586883,-0.9371235852162821,0.015879801521835688,-1.5175023258537375,-0.45473955678486766,0.9498100050701835,0.6304055862819469,0.3213808239289318,-0.3015495395179685,0
0.08355324506269564,-1.2573475472910707,0.28407316154503337,-0.5193562731869319,1.1360954604336015,0.6582392580136823,-1.72768169661111,-0.9237574382998326,-0.12183786176475357,0.9845550509040195,-1.918409028102162,-0.07286777620704923,-0.33654300192698144,1.0661761414835678,-0.19972847944129496,-1.388437542776631,0.8376660580360263,-0.3355478248222332,-0.7129026116661923,-0.33528061850544666,-2.388343276221444,-1.0290339561156192,0.1950482020790832,1.18326885110475,0.4170176286932277,1.0531164276008462,0.6774106044424623,-1.2031177160549151,0.7209041093662272,-1.575159616947447,-0.682490767254059,-1.938963055471729,2.105550621809261,-0.47103929014382917,1.064197212079379,-0.7332110766079041,0.771319418038897,0.19313399310069784,-0.5534938995027415,0.5854375158719559,-0.3927343396428428,0
0.3121113767127042,0.6698653961958958,-1.2696245914108362,-0.555755766244749,-1.1408083579081385,0.8141363275274178,0.4886676055719406,0.009713030723204175,-0.31042238347781675,-0.6201370703586692,1.5615359721989643,-0.20498287327173711,-0.6974886821349847,-0.5481280591041275,1.118385697684229,1.2702764830522504,-0.4498765674227598,0.5166199352712395,-0.1101257367731219,-1.1446950338061685,0.49882359993748876,-1.2378608092210523,1.5926592878323977,0.2683846914388571,0.14895659103811362,-1.2724729661545142,-0.24701448827764955,-0.09644105899880988,-1.491429577878173,-0.16708096655307317,0.25234201464777367,0.4671551070190602,-1.2777901299321137,1.617381247853206,-0.023780396299280103,0.1107687015631067,-0.7540084134937537,0.12622173382306137,-0.8652212272883847,-0.4188748341708374,-0.8558515025356079,1
0.8528669702842303,0.6391006949742534,1.021762257443684,0.0026857463506235525,0.22535768467387712,-0.49852969966323407,1.2959555838088492,0.1573124187820068,1.278316997892741,-0.4752572872840689,0.5538581294063176,-0.3228808508267304,0.9883411296984917,-0.11740196130628323,-0.26576433902080654,-1.2363321639457046,0.2391506974742607,1.1757600869228664,0.9795532394596543,-1.1190535786752014,0.0571342203840321,1.018583105003474,-0.22920791948541086,0.2608522355149044,0.2537117098062333,-1.6504591451277162,0.39343953099830153,-1.0978953674327272,0.3311598722180532,0.8665023076529221,-0.9633591031509482,1.3141778716219772,-1.1280768962867813,-0.9589565758954713,-0.9138083938736593,0.19691426703387865,1.3621158230055048,-1.7622803169642376,0.0355419172578443,-0.8008959048885331,1.1995174686579289,1
1.1505233510223394,1.8558637476839732,0.07958350585685144,0.34014619572775834,0.14429026188957988,0.5258613643614716,-1.362931742949539,-1.4859300349087432,0.7572945295128805,-0.32146923701146723,0.6811266499582039,-0.757350575772893,-0.788097158276155,0.7075930780442655,-1.0054819542406845,-0.5957374180043168,-1.0984020744425291,0.7451101939521348,-1.1660502369253503,1.2185568173652446,2.220357732812949,0.629454693994902,-1.3675400324907405,0.30582072927185966,0.3681925236333062,-1.48209512248622,1.171284696693814,-0.00960395783206513,-1.1953377657934416,1.8108749875198642,1.2730317691908137,-1.1797543978860618,1.1910732109608473,-0.9625129014470066,1.393433846090507,-1.855302991090688,0.5536269327465837,0.49915875712274765,-0.26333579747590785,-0.9541516164814694,0.7697966461195791,1
-0.8688498586065007,-0.547403088449423,-0.07318948672601745,-0.3381191489677767,1.6424880697225175,1.3105287377833,-0.36959770291050753,0.0555924178109184,1.3193484077588848,-0.20211710723025766,-1.649691619097233,0.37096876434919396,-0.44344212572950265,-0.20302783231085433,0.22684821825684343,0.10280340469550595,1.1197376215443735,-0.9193247717163223,0.4452880797465677,-0.7085790196635147,-0.07640147449381242,-0.6132960211047074,-1.4059037512117534,1.2974719342376149,-0.5694393891486442,1.4072405822608733,-0.6904131289336994,-0.494493112921165,1.3451088463620136,-1.7056677660628425,-0.7564983010770747,-0.8033963767587491,1.174490832751898,-0.1437796064941575,-0.049537022586432965,-1.013809716341831,1.0574459581716418,-0.11667895413386321,0.1965437669505874,-0.35120145770392613,1.0052881673671767,0
-1.1955173653342337,-0.19089840592853222,-0.3555533068022041,0.9298593683963794,-0.6725392705981732,0.20296487810066505,-0.1460571740954829,-0.13229657113154694,0.23395638060573618,0.5206283381342032,-0.7965003766169486,-0.7331186650584792,0.16529849304966332,0.9814440573722788,-0.22175184460014297,-0.8245982716773551,0.5323646486157171,0.3620222754172166,-1.8388094719327557,1.5923255495777235,-0.6720657054859013,-0.5791004377117087,1.1238943255838705,-1.1841588074637337,2.1288128262151185,0.7076801735553712,-0.6511309988514141,0.37911303768299887,-1.0497042496786262,-0.3784240994017912,0.5072614034416385,-1.9298427800042874,0.06763782600386256,1.533813824381613,-0.32171980949047657,0.5359149198162995,1.532810877914454,0.20303675667879417,0.8495688309781532,0.5045069377984864,-1.044950174973865,1
-1.4544501609486014,0.12408074284702104,-0.6076236554888527,-0.3483637557347955,0.275661287629394,-1.5032823488160896,0.13629515473834955,1.747782971434372,1.0794253294707894,0.48512294622108415,0.8296189697026094,-1.6777529757354186,0.24754097793094643,-1.7804506465597234,-0.327989863005804,-0.30081781956446535,1.5182744116613294,-0.17194074316758148,-1.965240157441693,2.29907890711269,-0.08234387869601659,-1.2505179475668478,-0.4600148719287512,0.11695301838064638,0.9110525844622701,-1.1579216631224527,-1.790335496429397,-0.0491691965583459,0.42475543748323624,-0.977037252475655,1.167377493299,1.4571877928845667,-0.7005703562909845,-0.34292068730450714,-1.0749596863866038,-0.7980656573319745,1.7833064127749236,-0.3907418510206357,2.5284894732552696,1.0460651013874602,0.06258626717830515,1
-0.10113882446522238,0.11537719447089113,-0.9638191953819696,0.28485663890117635,-1.544890677908013,0.04223128769865856,-0.7890622421369777,-0.6437899517148891,0.6813412071512626,-0.22265762576752182,-0.47763062647913995,-0.08162227488662466,-0.25283829702301375,1.7659698591002924,-0.2753846417148246,-0.15125944414634007,0.8345708759238613,0.23138130450708133,-0.48897926368421474,0.3479662873422671,-0.035345897092982886,-1.222255637563923,1.1354320296162623,-2.0203105088780666,0.8631162594017966,0.1430222707341753,-0.5164965045657086,1.6899737337819956,-0.7327320133165252,-0.3613929470857785,2.1038672242382486,-1.0905649229150192,-0.3692749188788293,0.07751638568433374,-0.47126886784029837,0.46912352573672333,-0.8537598259117483,-0.2733804268705022,0.6549624829523025,0.7456844093446364,-0.8240631143995788,1
-0.1294678975188847,0.870394524124244,0.24934258626433609,-0.04468102554717726,1.2086686638078137,1.397202194316074,-0.5328006930898864,0.6054864051056849,0.0709984730699685,-1.1293067590199608,0.22368826911441478,-0.8848922733380892,-1.1125333183661827,-0.603689933990108,-1.4896206415798858,-0.22645901029556348,-0.9347298378025397,1.0365118992709448,0.04525640898371849,1.414439897311374,1.7214886020457005,1.234396529292235,-1.0441462605340566,1.0478233812175155,-0.04287653336538558,-0.49036205046027964,-0.08501546561367077,0.3152331612868939,-0.6627265314106446,0.6716397619775916,-0.41481565603390286,-0.5771511311862009,0.6266942975366215,-0.4290028028495317,1.3675702965531649,-1.1923833090916633,-0.24192116127148663,0.35032857635917203,-1.769729173216851,-0.9084899542531221,0.5202616092835713,1
-0.42103602861931383,-0.2655141012555597,0.05682805259057017,-0.9475014385875136,1.5335666123812641,-0.23337306505065308,-0.8132280750620775,-0.41814408322601193,0.06751490205432058,0.36450355092711145,-1.4572286316557297,0.8654478106470788,-0.606349553796279,-0.36830938065585567,0.7497539690048641,-0.4599013064657361,0.5051604439635663,-1.6497270849563601,-0.38369598261220406,-0.9176147884766873,-1.0970116203602358,-0.755631539939405,0.026990946065602733,1.4403592229113105,-0.7431336493219829,0.9727526829272393,1.1839663495808603,-1.4876541328205086,1.2575719407517645,-2.0005256179411006,-0.3881264530962864,-1.1689635442409883,1.598125301541731,-0.6740634064134752,0.4657190598605569,-1.470336059140925,1.1546924598854222,-0.37334626152360834,0.8084642254410168,1.0827362135708674,0.08443275815789934,0
-0.5329708005952845,-0.437413863944534,-0.47629301474601476,0.00973143173385323,1.775641677336078,1.4575129683298242,-1.0995893580495713,-0.9551040980564687,-0.006061873120871134,0.7498406219054043,-2.233077738525681,0.112285080564639,-0.28607286115129715,0.5533060179080809,0.15513870959535514,-1.4009806649026484,1.0270148123699159,-0.6313513587297198,-0.17065328670023,-0.304638798255908,-1.7478795372828035,-1.1741820559407223,-0.37396566101354545,0.3983910682200735,0.8484116332335179,1.3915071144264695,0.4450341623116036,-1.430471289622766,1.339722514225194,-0.9492208769414472,0.3628085531419578,-0.7704039470207845,1.4940925414413553,-0.43960833023414564,0.1719096157041872,-0.5677292632227888,-0.6857892416603747,2.049096590673057,0.23450457762581287,1.3756895457393734,-0.25545494322135054,0
1.4497087993938191,-1.1857133234601458,1.4081714284191031,0.7870338901556668,-0.8954625873164883,0.21508557481112128,-0.4890018443357761,-1.9436091483599658,-2.1876658221599787,-0.9821665303321886,-0.685963880301259,0.9737160807088593,1.1480969897812345,0.016702195012958023,-1.0311791049936723,1.1663624249953635,0.3093476676531837,1.4317467613348014,1.6273615540902808,0.0029397736466720875,0.3562107610158925,1.4748525190571544,-0.6995457583994422,-0.0314518453327328,-1.1483079680041606,0.49574737796640894,-1.1822971618013633,0.5061315012485631,0.13689763251616155,0.8928733352531114,-0.7111650584635847,-0.48956072274910456,-0.05598858901218903,0.03037316076193331,1.0940869210032156,0.3138287224124248,1.7382585427670898,1.353879129735594,0.9832592651727164,-1.4536234939756492,0.34983061402225274,0
-0.07168033187089155,-0.10490728446977853,-0.45616901729278875,-0.7184136575277904,1.3362097565694049,-0.00462061877102883,-1.0252390837127001,-0.21264345343453245,0.006213365468914915,1.2957828547228727,-0.9359426462686181,0.9265984212907495,-0.8763389308579498,0.37020858450401606,0.683305725750985,-0.4189929418554928,-0.13293256351722205,-1.9732572970186688,-0.7137988279000868,-0.9070134345627403,0.1024932562486527,-0.15168651747903378,-0.5744520646764367,0.29443532626662605,-0.485410672854445,0.8400415047174782,1.920368469700529,-0.7254452480984679,0.39015798956882297,-0.896560284231421,-0.3005491155342854,-1.1550197053690483,2.168871305618665,-1.537558036195649,0.5774191065125304,-1.8789937666912564,0.11285294735994847,-0.039116292951773914,-0.20479665161981714,0.9995321556565615,0.24081606038069103,0
-1.0548932238623132,-0.8035790634538515,-0.9405298569080836,-0.3453915822268989,2.0330983313281505,-0.21983379446396709,-0.8124552887451715,0.9195689518165776,0.32279670390565685,1.036627520516351,-1.3233894211351733,-0.358613290554175,-0.3483494077834925,0.01096883249842722,-0.10186072445639988,-0.6454645655038476,0.37868330147558854,-1.4241903136290368,-1.1876806996001,-0.9379784332958574,-1.4315931196550924,-0.4007244458363431,-0.9425495188043245,-0.27734381318904194,0.5278002750052919,0.1492135447524167,1.549918144464282,-1.5150613252146152,0.5281645646939308,-0.6745975145708145,-1.134365057736882,-0.5653109990279764,1.374156316383805,-0.8746627247943881,-0.8402175368501246,-1.1279440392782987,0.4568611186729715,0.8775733745332529,0.11715307666591894,1.2408083646765586,-1.4013558645415918,0
-0.7403131905688181,-0.21642046638274307,-0.668034404018492,-0.20253636641888556,1.650865215638245,0.23567228396158751,-1.1269784968311083,0.5483167998903559,-0.059525633485219095,0.9150990885295602,-1.2066353917411416,0.7882452043991804,-1.3152307114427322,0.1728603727393596,0.3793765865009466,-0.5213111653021806,-0.22803797814736917,-1.672878795604108,-0.5412165622766746,-0.4356622132978605,-0.4272233196281356,0.024409976780117262,-0.47716324819563655,-0.7151390658247415,0.4073335973920411,1.3127979162878305,1.657323482288985,-1.2115870099457124,0.9665454974365157,-0.13262520086845644,0.17181924738620588,-0.9241155226671853,1.7194442849066347,-0.7338249941039826,0.6927665493656737,-0.9171617734771933,-0.22615457476251827,0.35240415235645794,0.9574639670017385,1.4568417548143717,0.1924916482701115,0
0.2538955884095132,0.16551005009861916,1.4220272213097294,0.8795862739726983,-0.23690909677362929,0.31870259040404303,-0.6615705833206734,-0.49518093236741717,-0.6056598982562833,-1.0564850695309047,-1.4546479844853886,-0.8542979033445803,0.7409203242938479,-0.024339852930819597,-1.2016178553423715,1.1662900733145858,1.1683230602118766,-0.515695745863093,1.4665118226681382,1.31747121278364,0.4986893447450464,0.20132103534173004,-0.8114788836723045,0.7247617753107763,-1.5438947001876342,1.1962461891030967,-1.1305726233291402,0.7095650767925369,1.2391347138286941,-0.7641122137324711,0.7753961183208963,-0.7027585642242332,0.3836647876547677,-1.442990686288083,1.2668697959647068,1.1303064049305096,-0.752382470843988,3.205877715792275,-0.41608002139695566,-1.4641904445998393,0.23926758926441014,0
-1.113446251898363,-0.003017190240777083,-1.2619776944445906,0.9002196292351362,0.026683866332769424,0.2975863995941486,0.0449018092699134,-0.4817576519337225,0.2259110891043654,0.6531243181155914,-0.2532987534514147,-0.6533045524481088,-0.7854937303295052,0.8627816894314217,0.4598670239347784,-0.1666605172230814,0.4425416810668741,-0.003895361015090746,-1.587704281667733,0.9275508123353202,0.6564881760455044,-0.7411222285424861,-0.1340111892229339,-1.6007600943849611,2.046374844893253,0.36923983576148717,-0.15215027322114805,0.0814442989205531,-1.167126480382438,0.7143091071147445,1.276222801521233,-1.0979204893458165,-0.07875149224987964,0.7535306015263789,-0.2623428921121924,0.044173155013971156,0.6920281029569728,-0.5827219290353075,0.10686524709345198,0.7574052264917105,-0.3127237323818277,1
1.2057218655892894,1.5019960708745446,-0.25464905164653784,0.022434867366830893,-0.7816688268860197,-1.3753675011182869,-0.9551184804228314,-0.9408460792109414,-0.013863439431356043,-0.2673157271304953,1.4788733735957327,-0.21586944129992044,-1.1568878642763976,1.4006956244250721,0.08083011809650009,-0.7069823751854815,-0.8811353034280636,0.3974081246224594,-0.9180415982339252,0.8218827505335667,1.4539017143723807,0.47095370189230407,-1.4718946397409607,-0.10253340743634975,-0.11211014903445646,-1.3072119868043612,1.2186316424016004,1.4829856620543553,-0.7068684436012068,1.3280033907944064,2.189218734584226,-0.3194074253021954,0.5771522816206631,-0.3723290230365591,0.16173476216088306,-0.48123043677194605,0.617340640855123,-0.23806128338156,0.22900181159888974,-0.13960126730339215,0.34889249475611295,1
0.03154047700072046,-0.4850355918299053,1.1842732577108528,0.3465424428127669,0.5825072752537775,0.07359124964273019,-0.6326972723610191,0.2079626323124717,-0.2899239012899643,-1.4986877238580012,-0.9868716110155853,-0.594598412669449,0.6821294227570452,0.6908669297181428,-1.7761270989433113,0.14182176477535893,0.75004720270845,1.469260812725651,1.5390261832329084,1.0273228019245266,0.4831512815565592,1.7037200179895182,-0.9317291909636459,-0.44099716052073284,-0.2431584708990274,0.8390430226435974,-1.156034771243312,0.877704274382907,-0.21885201121478634,0.6688707217994588,-0.6182296782759826,-0.35492462843902944,-0.07948016034538082,-1.345648916817466,1.0221312527146185,0.2948470857017742,-1.3410013423865288,2.2774578672981445,-0.47989298028407873,-1.017641615313534,0.19728268337735816,0
0.7765720908170592,0.39213798859223487,-0.9014813919793531,-0.7102218113377871,-1.7422413566401824,-0.1284897798380703,0.19638832632557057,-2.6695412408151586,1.7284628805315403,-0.565540820449627,0.8851434548954475,0.8136304731091152,-0.6099623578423952,0.3118096242841003,3.025367768069273,0.41553636026758395,1.6337211237282057,-0.0815483778780698,0.16794310222336908,-1.5162921051786922,0.318586627855708,-1.8680588179432094,0.3178674409565304,1.0949313329219064,-0.12156604672491751,-0.5992018486939232,-0.6991432889652192,0.6696942980632532,-0.6191735468771746,-0.9812008665393008,2.0863143347363065,0.488182682375329,-0.9732063686936614,1.3029941571260224,-0.6113519961008026,0.42655449619060254,-0.31557370284204633,-0.2719424032004642,1.4151661397154776,0.35869071499256444,1.085484677893825,1
0.6903154036724519,0.8856085881185137,-1.6417866141592248,-1.227442773194285,-0.6821389333752953,0.7116266365872667,-0.20339921206189282,0.3783081713801335,-1.5414220714880669,-1.306730784359358,1.7381848436709237,0.31243918362204837,-1.1978090459259554,0.24490656753340476,1.213542068227142,0.6373963453114555,-0.0027415213199697393,1.3201695374976714,1.313257868025993,-1.2944331418353974,-0.0497385800070045,-0.6266317585737674,1.289636655172911,0.2363466444615921,-0.16443231989691057,-0.6488164694308288,-0.6434666819549244,0.9263992222181354,-0.8719595336969328,0.16828546939615321,1.189201111955247,1.359339775040734,-1.4092678297703012,1.4172462586707844,0.1611070313939169,1.1982199522159782,-1.8446958422048185,0.1629988837292864,0.7276458596201609,0.6483793686588433,-0.16181438589610542,1
-0.8282709355504181,1.1765768997317538,-0.7877013117667103,-0.8055842549214866,-0.3545745701055484,-0.7106006385976962,1.4543151101723324,0.9460511142365908,0.4719784282875447,-0.9070036583592445,1.7272223544070586,-0.22545653910398955,-0.638003631761507,0.24233719278722984,1.5589078895338155,0.531348729357652,-0.6909400154974822,-0.17893727876192936,-0.42730140072309664,-0.8328718013861833,0.9473741431480391,-0.47909268807436295,1.1778193391021305,-0.1462685159901695,0.4833081862465749,-0.7039078557011659,0.2614314311759127,0.24547272666920267,-1.8899250096637719,-0.06374380104083156,0.20088129388232295,0.16425507949751067,-1.385321522097107,1.2359544332967567,-0.716120476656761,0.05983000844808975,0.4935565510059743,-0.41859626998296395,-0.6239017366799391,0.2789928149552553,0.09453908489516541,1
0.42599161332216695,-1.4083798797239446,1.635182092552399,0.8138701750617917,0.1704198400568205,1.3904973798110813,-0.06330535302494837,-0.7641277892631528,0.9820506427766897,-0.9565840028109301,-1.1386761940544428,-0.002872378639572998,0.2798186120762323,-1.7677279327815385,-1.2570741396668268,1.901905295433324,0.5923220742558472,1.1112932690867494,1.492281945401073,0.8715856150212248,0.41003530168011126,0.7769097751929347,-0.2462730259026221,1.8401211460189633,-1.2971328916817784,0.9796989828007517,-1.8717295400988179,-0.7589075860636206,1.086494203263947,-0.7136615948190398,-2.276377553105073,-0.9881259417061917,0.28358531378175095,0.43509088447704514,2.72671451937215,0.22557716825448756,-0.16718844838033325,1.0215490712725832,-0.9251067847626651,-2.3121649953948755,0.9544124597330428,0
-1.5124729724657637,-0.8228858701689918,-1.3154840287983707,0.12103765769739559,-0.7696661014875801,0.9012132640759182,-0.5980755717820908,0.01259850879251369,-0.773356599456802,0.27430617859421136,-1.0198765876622327,-1.6206908518269427,-0.6263234784754933,-0.47728114306375075,-0.17542421515870701,0.01163238681629068,1.673298784877443,-0.43532475292974454,-1.9643796106640878,1.0286464995249203,-0.6869412900031444,-1.890313842027889,1.3607991731405857,-0.751952112924553,1.3644700195187625,-0.3897857748806813,-0.702254866756507,0.2779816959431948,-1.1996635335818056,-1.9930065614427428,0.502705337164983,-1.2431812169831546,-0.11916594358528673,0.8783465883258482,-0.5293914509561474,-0.14826325020123265,-2.5165162014520246,-0.4475070813576908,1.079073047474686,0.47145668877772656,-1.8451891155775861,1
1.3958874571221744,0.41413481913437405,0.6021850667679912,-1.2841399639832358,-0.12298861712428037,-2.0864111275671267,-1.0332413559957037,0.6975701977480434,0.6971561524784881,1.2516185277854608,1.5728249470511686,0.24635480645289048,0.6720535428836517,0.1608650282992825,1.0057750446148817,-1.1081005056637063,0.29625781197445156,-0.5645585517981949,-0.6236853152378555,0.8126059518584885,-1.4181687470181767,-0.0224456438285905,-0.8544760396013944,3.013428783389933,-1.0886320254342765,-0.5048497883550478,0.24833990286645205,0.4078612526715758,0.8550890235019516,-0.34104616799087123,1.0474073244702915,1.5151079582739844,0.2416520014264964,-1.1239025619194223,0.0947421838846848,-0.3520401003496919,0.25022068240349066,1.4008630464903504,0.46912100761620024,1.3728876535196601,0.9448662546540572,1
0.5430025785972082,0.6428423809826117,-0.37540211664796447,1.097212325809653,-1.9341339736037992,-0.5930017548132664,0.574058992733627,-0.07261613517248536,-1.770616131310968,0.6973750876568555,0.5799186509273899,2.1545726695216016,0.9260512763872725,-1.7505595010567794,0.5505543916845372,1.7804893553024614,-1.6424006310870007,-1.4237170373456713,0.7009695021326937,0.3360215069534491,0.27870456511975655,0.546987084086349,1.4070504665923351,-1.148514005623009,-1.1896167197042822,0.7576724564701837,0.2021327131940951,0.6538719864116173,0.9854072360000506,0.7859033534468538,0.8860675083287318,1.7355445420827533,-0.4281987054322017,1.5488359053915828,-0.5203812405527104,0.6617156393256518,0.49958346887839394,-1.39332266781983,1.2896580892406713,0.37206177310203137,-1.6763110709147149,0
-0.8624492780164565,-0.007148363884666194,0.6596347234065535,-1.7844886496245813,0.5237764981768538,-1.403996125904494,1.07593003093981,1.485976724390905,-0.19867812412055194,-0.32069326155291433,1.9599068746245292,-2.1488290146062354,-0.3452913206830601,0.33310635976347425,0.8900705602105216,-1.3751196602659186,-0.8990643822203571,1.0804338344958877,-0.8977277271389315,-0.7141751851242305,-0.6520530821668072,-1.2285305957040822,1.0708660293796795,1.0917368457698031,0.9668211084969379,-1.4741213724770157,0.6291664346204693,-1.9299864717818962,-1.5518047252753344,0.5589375110049009,-0.7580930901696392,1.1400804828445255,-1.6027363622685562,0.25919287763955273,0.02792799943735204,0.9062443566198655,1.6362160486529036,-0.6377890361930921,-0.127104540996038,0.03519978058956916,1.5458295888851998,1
0.11957895997746228,0.635731746681686,0.5633428351623778,-1.9140077194412772,-1.640578362336861,-2.3783411312258718,-0.01598964044405884,1.702781132487021,0.0323714443482402,-0.2859083361370323,2.076901077007898,-0.2887861999051437,0.7317382747402826,-0.3040166083862917,0.8687820261808162,-0.860077076042791,0.8379593826505523,-0.5705664928440605,-1.09645221182232,0.6462067638631059,-1.1813905983689772,-0.5751990861630696,1.3351391728863768,0.6413942435520136,-0.36969514428602057,-1.6966024277989755,-0.3508393996172644,0.6094694004330724,-0.5021599167053643,-1.0294505950870867,1.460475850914409,1.4425593348615555,-1.4600171708803737,-0.6461745966441798,-1.0147464821376515,0.36661730064907,1.0319564755371826,0.40625279185299207,0.3289489458678966,1.7336876996118962,0.842826980181153,1
0.8941387150187265,1.4438915711347147,-0.8834136522249026,-0.8379396678972152,-2.386583723986992,1.2480360306667744,0.06730248285039682,-0.7549988726473535,-0.6000072167022547,-1.1869404924166755,1.73829496604526,0.5261271599446535,-0.046238694248906524,-1.4802518000161617,1.6828472571563795,1.0099345834320934,0.025146736593503242,-0.3957151877724892,-0.1397232182861271,-0.684677787750206,0.6110534295267928,-1.0307730676419642,1.8782818845226974,1.5882350860215546,-0.47692446168705516,-2.0541261620321336,-0.26748563944000575,0.3173379377904356,-1.491189552735521,-0.3918442810809107,1.6631446694524394,1.1175329134003134,-1.6066725496818546,1.7522988184322066,-0.5240792186661811,0.28485125164665315,-0.1278634502939178,0.830050997620956,0.8047439798189605,0.43713068504813535,-0.6993077364362043,1
0.7718714519444091,-0.19862166670679599,-0.6051111994344159,-1.3069673854459147,-1.4009470252413923,-0.7408892329981556,0.572703430466742,-0.7666672900057769,1.085964143628529,-0.8892784114467565,1.4794900073672084,0.29191999930418916,-1.0082048477080199,0.2137531314773123,1.8963520509702763,0.40141524031902015,1.3207174044747538,0.6780028202228136,0.9283760728567149,-1.136345591587971,0.05946462081883802,-0.8347757980886374,0.9252284279053506,0.367440404216725,-0.4535337786921875,-0.8911527778393294,-0.5117822991299698,1.4898010631528216,-1.0400325782361766,-0.8608147763811519,1.4998042546203074,0.9875056255921312,-1.4170574217803606,0.14148201325965815,-0.20829425001297436,1.4418010398472618,0.031066440038117017,-0.35220411477919217,-2.308888440067167,1.1133489267331462,0.7509224472018924,1
2.365069121232759,2.431372221039457,-0.724209754497021,2.0452602562155233,-0.3166195066307046,1.0675766837545262,0.4968356821391376,-0.5751483287059651,1.014609072564745,1.027474179295533,0.7417620630921591,1.3118175885300447,1.5239717896758953,-0.03700220388821109,-0.19306014921062423,1.126374186440197,-0.7148606626043337,0.4012874918840257,1.019383057729217,0.636427023129727,-0.8040478948185638,1.4436530770089147,1.6702421003464667,-0.9970321664197577,1.1152175492774408,0.15845721798249526,0.828596226314684,-0.2514321114943991,0.6629091025090692,1.9989454891499803,1.1744473138593083,0.17292451818543875,-0.6988817011948903,0.7314182551597735,0.4269106547232172,0.9408715956010155,-0.8156060259472798,-0.161083540332066,0.8338143865961939,1.9261542991587552,-1.3177452035082995,0
0.7331270101382525,0.18628073654266034,-0.336598400017386,1.3638171690162701,-1.4774700051100549,0.7339821839955333,0.05148761781742982,-0.8100516365590575,-0.47120751621228796,0.9828101046863973,0.04242188665920728,2.3837365679086995,1.2558270151151771,-0.43400012518225556,0.3973438825016798,0.7898046192764042,-1.2304601737052292,-0.8574199284290741,0.6767308092007696,0.4448908758116502,0.3386168474081605,1.482435449706204,0.7088173841499035,-1.6216517733669649,0.4307140661208604,1.3232249734075892,0.1468337604932842,1.186544424890902,-0.13350606490883382,2.145072674614427,0.9558904983514597,1.1962213683047753,-0.2730941792636347,1.1896893940997546,-0.4564250841197301,0.699960663437883,0.3981231894868547,-0.5792537986125714,1.0996045283664082,1.2837098641448703,-1.1042860536948258,0
0.4812602443744497,-1.0564409902461585,0.7039293662710739,1.0125425487960729,-0.005718861017969828,0.5583722553191387,0.20155777487686524,-0.6709740887511748,1.3649026167172722,1.313221704753767,-1.1570862963227362,0.2857211167520581,0.4057437948884424,0.431180870962232,-0.2537108995785049,0.7717569052149347,-0.8127335400012367,-1.2019755380230703,0.37348454795667646,-1.3840420220864051,-0.13285154814389846,-0.449134586938956,-0.44686451509838393,-0.9692879397868799,-0.5480877317053483,0.5759793164323108,1.307705392869893,-1.0310081910858606,1.0431302663636073,0.3854204298375137,-0.7374454360166148,-0.7062305501237969,0.7825515759570123,-0.914105032804177,0.09350612723567604,0.6371592329194307,1.3598394429442495,0.5213243833841625,-0.6040906506067977,-1.0518281163834593,-0.3375927184642834,0
0.5562638138859295,1.0942759842718643,-0.42064826814004086,-1.0859832193043368,-0.03547079972570343,-1.8778980389928968,-0.8379379701923478,1.0140738448593838,-0.049122801945316145,0.86448566306468,1.111115428955538,0.3936033145669093,1.1168703009366512,0.8794817974701366,0.558775376572172,-1.0336626996664924,-0.02538133047216234,-0.6702175984753148,-1.0838895107373956,-0.09052504605426062,-0.9542568645389411,-0.46515973128698795,-0.5903177110042664,0.9137154746798462,-0.601917354490971,-0.6718264311548781,0.054567045199707516,0.5732350908091204,0.5038956326463617,-0.37959198099613867,0.6732054661294055,1.1072638375924582,0.1604199237213959,-0.23958746157981411,-1.4853509528738276,-1.4384734137537827,0.4013645513015655,-0.46720810505411803,0.1537644529494652,0.873564521761196,-0.4466751120824772,1
0.65036903500287,1.5088514352572386,-0.5435023173078622,2.2947211965342578,-0.8610302224024462,1.342759808766315,1.7671965491241348,-0.8624254777850062,0.34283903775734936,1.1516498513953037,0.37746709923337013,1.5027291486534702,0.36502877384413235,-1.8923028052075865,0.24838417604537275,1.6854205968561933,-1.3591095446880312,-0.8814897237325785,0.11747844013384849,1.4697690562530692,1.2670188593845306,1.4813883671200843,1.3498034667927903,-0.987421350058517,0.768935266513449,0.5650798911267547,0.7710323436255001,0.4352456201889803,0.08281256518402268,1.0287975353218053,0.37798533135027,-0.14966866347151994,-0.1908843592196912,1.3979211974323569,0.4410657117566048,0.22730601780963589,1.050417157268657,-0.938008422033485,-0.8434513268002621,0.5322964018527518,-1.3315178844686073,0
0.1508820102170314,0.6012528347845366,-0.984182512873551,-0.45996806142662877,-1.3373832582783907,-0.7395883376007236,0.9910099104593091,-1.2072475276312282,-1.9978920707139987,-0.3133560635189552,1.566147076685136,0.8435889571086175,-0.8642055680019903,-1.0807178489395564,3.1888079630245283,1.1861748481061394,1.1314878902021803,-0.019110091070239085,0.027716235068564875,-0.8690084810666564,0.6687952719004855,-0.7425502565583524,0.8531238440364955,1.0626816524223066,0.28100091733149973,-0.39442532053023727,-0.8108077733271393,-0.14157007688459272,-0.7801727945925143,-0.5811727260517249,0.7099892549271675,1.1018788654538352,-1.1835523596612618,2.016740376472915,0.15291011431733909,-0.01472506078280069,-0.40940814135097403,-0.6711592522624225,2.304578740397444,-0.2470728274519497,0.7415103730803029,1
0.30131919084081354,0.5281899639184603,1.3896518367013924,0.17565370343207767,0.1422696181562035,-0.8744682689261599,0.9436145953448758,0.5763839550444187,-1.1134302985772917,-0.7942012997641944,-0.2623891294605761,-0.6652539549796934,1.0169090948703359,-0.48104571082224623,-0.9502759742455946,-1.2784083071251098,0.6173830602483681,0.7295960067587376,0.9166312448751064,-0.6197499463065568,0.19570993721663316,1.2457042601416557,-0.561963331926319,-0.13687513651531236,-0.21623478729917123,-1.5393743643022617,0.15971027117238115,-1.0962492756300426,1.1033218345598372,0.30359007957188605,-1.3711179795960229,1.0877665335993196,-0.7769467907762874,-1.3212076412635616,-0.9968753009025302,-0.09476279679533244,-0.007075995499611616,-0.8803159436754703,-1.071205276896785,-1.5783569129779382,0.7288245904365526,1
0.3882739254613216,0.6426446359507784,-0.5569544851847005,1.081103323461252,-2.0286917039906815,0.039421796638829665,0.3419422065942451,-0.14524376344720866,1.7327219410087598,-0.05537806755544864,0.045795659451969714,2.38954571415447,1.442619146619956,-1.3642594447877618,-0.011992610070883841,0.8893508772576522,-1.059563153948015,-0.21508773835845757,0.5797396693848613,0.8419765808144402,-0.9129001535660378,0.3560591465655851,1.7422874399484145,-1.0023594619430891,-0.2995970230727926,0.9632115368329963,-1.329924007563747,1.4628597707315334,1.3868743819709393,-0.012057086489950882,1.1158496512377365,1.1153426579360906,-0.5373657995233763,2.6503204863379435,-1.3029636050550113,0.7892772426054907,0.08764961727462671,-1.8948148941654368,0.6444430168942957,1.0251575010301321,-1.6252799159237539,0
-0.7445801057870604,0.054447503874821085,0.5444585239138254,-0.45539524900766937,-1.2723628451345577,-1.5554587702973528,0.10450683909253607,1.7787898146454593,0.3601152642984328,0.8410898578668435,1.1813663121092182,-0.11752475176692419,1.4695855379441918,-1.2045574426802454,-0.26658965249224215,-0.07061150115504572,-0.22753750725756053,-1.3235870808742605,-2.5475671352505174,1.8178715543469233,0.0969059463112608,-1.5084816402346635,0.22390848458864748,-0.12191694179754199,0.22959251680314582,-1.2459541304991912,-1.372925820834344,0.3438911963589625,-0.11303413581969318,-0.5208898292003892,1.4542288377514307,0.5674893537589504,-0.826629858300185,-0.27665263911931504,-1.52469848869217,-0.9298613323070684,-0.9854317365243287,0.2520907581216185,0.6587279274714816,1.2300301677442547,1.5071513588864804,1
1.0668281342540906,1.300105746805207,0.4858545281442792,0.28921169983671663,1.4852776977176156,-1.4021523664200843,0.381559819382672,-0.26638869715235075,-0.25229826675337047,-0.23262290859950147,0.4482479511020062,-1.4748389972641347,0.8968584818854134,2.2092826353465185,-0.39208332670649937,-1.7609332085741387,-0.4947474540885629,1.6934849839980433,0.758845598416143,-1.4792296296954917,-0.8857268133590211,0.5141062000880147,-2.1155927435746067,0.7824865405654345,0.2476786238582649,-1.119831766623161,1.376445619354167,-1.3238398210378586,1.0482182460091383,1.4872482699255622,-0.5778663140929443,1.0074867332489048,-0.23044284141580038,-0.655278199256987,-1.2817144226344472,0.40483214503268955,0.5904465047393772,-1.6047898755504735,-1.2557333092684506,-1.0050450136592504,-0.717626526000312,1
1.839421085391245,-0.5776982368763536,1.2911288499438105,0.5005985776692925,-1.1706302962740296,0.030290921193233716,-1.6219567790638163,-0.8764382896363186,0.33852905317616494,-0.5240761954659262,-0.3823323600445292,-0.1539291397577249,1.4111140253222887,1.103240207802129,-1.1721004878193264,0.9991638119347037,1.2857209156656277,1.048879288460687,1.0003402084940483,0.7540674652097187,-0.904522268618531,0.5752481644651547,-0.20494747269228542,0.9544116251794964,-0.9593155018637608,0.42149693863405374,-1.4502640351909588,1.1667811922064366,0.1662535821490599,0.04579123566992542,0.25155634164308727,-0.9929911644886799,0.06845464163300125,-0.5672070122261061,1.4634916452993443,0.918051276211769,-0.6070007418631725,0.58910950349459,-1.4366255654921904,-1.0591749437463533,0.04894783035102892,0
-0.7872316048175291,-0.4330536065210869,-0.20751671841034625,0.7458297843857464,0.84030521428734,1.202763852806796,0.3227896303647995,0.34959458900990303,-0.25066464719041287,-0.02057161994903631,-0.7003672905102276,-1.1151682192762873,-0.9007407199048992,0.6157385740951892,-0.8965527095738661,1.227952020495993,-1.4783890999146752,-0.6847154366743382,0.46627949699761045,-0.6546633120278796,1.3503632031622583,-1.076705913126612,-1.311239608176778,-1.2147301713325487,-0.7198619857217706,0.6319695855126407,0.638996277491951,-0.12779494284785223,0.09947162013887884,0.635353123199002,-0.05920234954610518,-0.5335589506309172,0.6101365953384283,-0.8565594248698855,0.027044155778445763,0.3672804496551922,0.33773705679942245,-0.6385341142546277,-0.18405081282852104,-1.3552916048801058,-0.6803641764698678,0
-0.9330001445714311,-1.2165210027273654,-0.03798127449308648,-0.5648985800410544,1.0698570663592766,1.205336735169592,-0.9938284437357551,-1.0709986919839485,-0.1223882143690041,0.479511470411051,-1.7705090176828893,0.20279157544638812,-0.11738902910129982,-0.6945935313203514,0.4461064136741016,-0.7984210116766779,0.8826398474662397,-1.3916587684888249,-0.7826327617147752,-0.4008760345567079,0.00849079271415726,-0.8053679921207711,-1.5387931921116655,1.4625752894283863,-0.05643153295505699,0.4471515904418842,0.12611467463008016,-0.9330884077242297,0.17511895387482554,-1.01258372465764,-0.35551151376261186,-0.009415325562378458,1.4791780042802407,-0.44308181730652946,-0.441444848992255,-1.3767955310076803,0.14821394137492738,0.9406279935545462,-0.732983465143731,0.09653696449301036,-0.2263855096682489,0
-0.30187241484285937,1.1520542828791436,-2.2706651553084574,-0.0773560138997712,-0.25780754068229517,0.21387696476926032,1.0081133154423518,-0.41561150522964685,-1.0360087480542217,-0.5377838720558891,1.2520782051681056,0.20683822544766783,-0.6618635710332644,-0.7946425925363412,1.4319150337700122,1.1602684821478602,0.019906456200777307,-0.49695953039418583,-0.18979493463770689,-0.5860412685262352,1.6232363134061787,-0.23585322244513315,-0.07888413148734007,-0.5075980078328741,0.23140897372018,-1.0865011724884088,0.12009970667330214,1.1092774268542491,-1.5730234710662903,0.3287310794982184,1.0973929880485904,1.2522303059330273,-0.9642791002438115,0.7189030020228729,-1.2930618856223774,-0.7975829886109495,0.45539730498833425,-0.3237226770458498,0.2688340866534101,0.7658619103083444,-1.2717307684178225,1
-1.1473188152491223,-0.48633455782034285,0.46344863917218554,-1.5758639615104553,0.6531122859057352,0.4202220740916717,1.2152915695724216,1.2260611888115613,1.2780831505278343,-1.1430023354414722,1.1358248001081561,-1.4843115339675605,-1.6025047393954777,-1.1071161047168265,0.7891616594319306,-1.7223559375898132,-0.3236626663977134,1.2346829540897761,-0.4183893295794,-1.0351447009911416,-0.6052977212130541,0.19265113621186786,1.4752591066424767,1.222270358938414,1.3146073086099843,-1.867742775535269,0.9709646724066593,-2.163884801656646,-1.5394042371091263,0.09367742338843262,-1.8427391430720135,0.6969513824722937,-1.631456552495282,1.0681972547383598,0.16314277105850508,1.5290265439967217,-0.46527510836328795,-0.668622802436018,-2.1146703274284726,0.17015779309573176,0.9278369156978661,0
-0.537482875911437,0.06704310913161293,2.0627291667846896,0.04769214699451611,0.7214509604766364,-1.9115672577564482,0.5508359510057478,0.31651000603944823,-1.8350034416979795,-1.2939666960863447,-0.7989259290701944,-1.4962594539804492,1.1293032119040145,0.6038690441203037,-0.5178282788501901,-0.7187094767128113,1.0977229544629274,0.2694370586616986,1.1430766861799329,-0.21194975142398365,-0.7124694628623139,1.1045597258580682,-0.4379081877095675,0.28124265462968434,-0.1777491228452249,0.1554428723247123,0.5016113921377471,-1.778334727715876,0.5890207451017723,0.2253789411396882,-1.2757107243234234,0.4790203338998739,-0.6997173423759768,-1.6074433435708129,0.19385841908911164,1.2055921939289702,1.4833196924925547,-0.005337218578699443,-0.05870243883499063,-1.4066371148858479,0.1385646705838794,1
-1.9099733994798178,-1.555418184893319,0.7115267584332302,-1.1901894737012433,1.001892440581217,1.5276976249113732,0.5469040266316257,0.9764306547761229,0.8448522252317665,-2.2915133332427176,-1.1679454874063007,-0.14404460818121725,-0.0794614165429923,-1.7449126661258785,-0.5905427234781891,-1.0433440034441581,0.7864084681974812,0.40269698815403426,0.3022762882062403,-0.424281981023871,-1.0447237128280769,0.30005507197165826,0.7045083178652009,0.7808352327250132,0.45513835909155165,-0.6609247609267165,-0.7601614612974281,-1.3188981262364592,-0.5202963851555185,-1.0903312678570505,-1.114014382675728,0.10418399122671967,-1.2551234133476499,0.7036711970606049,-1.0432248791992509,1.0087324202616552,-0.7498460256749755,0.07832354278510975,1.0158422759222359,1.1848257717447666,0.06972943801690941,0
0.33405624775314813,1.6833514026883336,0.14220661523694983,-0.11418665324208652,-0.3684922866929969,0.6760126735569685,1.8368882684504197,0.5846483703623452,-0.606636169605616,-1.6734268543540054,1.7339762531984706,0.1410789193873746,0.252428063120986,-1.4181665527497391,0.48196752506925655,0.8152445858509495,-0.16261296460055957,0.5879588762256758,0.9110191953026057,0.7252892019867337,1.2269113231874864,0.27214932115808205,0.7798214562723003,1.321627092588818,-0.038675926555770276,-1.1942051175187236,-1.0290890459973834,0.8327968818002907,-0.7872905395818728,0.12916042961613455,1.4719017312554326,1.020380901119314,-1.8311896636942506,0.5350010479737322,-0.47469526425660447,0.9397339946116493,0.28532096303824955,1.2005149273508322,-0.31507473188462487,1.1177632001168785,1.6040073550512048,1
1.6246764709346344,1.5966123223033564,-0.34146397542161433,2.123215915843083,-1.445970885701775,1.7303563079165065,0.88098665140894,-0.571147043004077,0.404839154371139,1.291317256120873,0.17506937934360958,1.8589819618605272,1.2161838243265057,-0.18565049637470138,-0.20549832087661082,0.3700532946041189,-1.7580757405103897,-0.6436543107534917,0.701105563181617,0.5073925745196121,-0.20801269306099993,1.3144076899449906,1.3435781864306646,-1.1788743473571712,0.5051241332726419,0.45330481080269036,1.1148124618106259,1.2264959683938437,0.9881095427966708,1.3958394471269187,0.9115362107553281,0.12226509980450415,-0.1308527233448027,1.4795182666471787,-0.8756759622803477,1.6864308425883503,1.0749418014461862,1.3008755484883234,1.552799334971301,1.0451856056329558,-1.4796278486519134,0
-2.033883746350282,-1.1209761434184622,0.07592922851870054,-1.394620821518411,1.5514732134093197,0.31973804076391277,0.7995288946540905,1.690768690466636,0.3633639446061456,-1.4849533088050886,0.45756762234803766,-1.2082829700234288,-0.15952771255314183,-1.0081723357900743,-0.37870460253506594,-0.6182330348383823,0.330119841374926,0.9771606088177026,-0.30684182202208,0.009329469219028845,-0.13547684454508646,0.10146534478645093,0.1971942317353669,0.0022346814525171944,1.1489709585249015,-0.8048265649871474,-0.8789890401253171,-1.156819835696887,-1.5932445501919454,0.3992728740543857,-0.8730961506064905,0.9312096298388406,-1.5629833562210638,0.004449335845167382,-0.7264656576998044,0.2891979665515009,0.20200207307934745,0.047902555661150446,-0.6198096278132355,1.5491024294022389,0.7925896540908328,0
-0.408916918746882,0.8415139448550044,-0.6102161237929123,1.2705480795041266,0.47592841649881945,-0.6214171616274939,0.5434019759340368,0.5642662657004347,0.8148107807227458,0.37732126989731746,-0.04006695755261221,0.7738306401639665,0.6281978006947609,-1.517382607050979,-0.08641803974684657,1.770669406725588,-1.0077226617460366,-0.7886309855721167,0.9065868607799691,1.0574491468305012,-0.16013818898081397,0.9322449527582467,1.285776107895124,-1.0986193174703156,0.3020401739437087,1.6168925603331934,0.4382948769592125,-0.7919872883688766,0.6016543484511568,1.089497614839886,0.17204651689035502,1.4046007135852236,-0.37614905652711494,0.8166471800835237,0.7381543337962375,0.6407874785399685,0.016557365691361396,-0.16461848175397337,-0.6734355848957153,0.9196153430611365,-2.0821122273279387,0
-1.3838764866426463,-0.5378629501048799,-0.48810516292349415,-1.6143957569415892,0.3320769492147826,-0.013354082146896373,1.084842974488352,1.3099365316244307,-1.4828907259227198,0.12990753820392115,0.8731791814087775,-1.1245607335030914,-1.0925952353321642,-0.9610850277369678,1.5635291428814715,-1.3820611595768844,0.8214258027894543,0.1258044830169284,-0.7914349847380406,-0.774465963180311,-1.1060457758041946,-1.15523021521989,1.348602246162434,1.1967623689660651,1.0898534861101503,-1.035450485787662,-0.10379474958699543,-1.0970115241117313,-0.8334245775897793,-1.4654045270482787,-1.138611938181623,1.1370646276377745,-1.2265840833348938,0.9427222630753687,-0.6465505410545385,0.5393289204819157,0.6868457826975773,-2.3475085808049134,0.3688544875075437,0.6031100712584199,0.421310077801208,0
0.22926537723547738,0.8401335414549962,0.6879396314376535,0.542625331277085,1.0259839103032766,-1.184773036078251,1.4883357801966,-0.5058906076974028,0.20359798552296882,-0.13077813703102587,0.3674644090425667,-0.09584402437839305,0.4979708890372082,0.33186793789223584,0.5589488567942213,-1.517723131275089,-0.4739365459506955,0.38740621273688847,-0.06177949172661955,-0.798997919392821,0.32776399661120365,1.3606288415611383,-1.9432546750119706,0.976447616170727,0.555341174876669,-0.9674710248521899,1.4266765584035974,-1.0772649314492457,0.38769367966738766,1.0204355347402823,-1.0992360670393841,0.4594316728413227,-0.24536439209160368,0.32829679584165133,-1.44529574881837,0.04119409135954997,-0.2172497682427394,1.4301329379701202,-1.7876719932725866,-0.6217232917575799,0.14025543272908952,1
-0.08806679703874223,-1.615125032516371,0.659216183481871,0.35929024583422053,-0.16658750681299522,-0.36890076030331526,-0.2890429708952206,-1.6961192815944337,1.413150135200635,0.42316163171392607,-1.2642126010589092,0.7975426106920676,-0.9290827257637746,0.2763454669760878,0.11114334117900572,0.8900433519427234,-0.9900545588620653,-0.7878154776208512,0.1863957360367789,-0.651454372876997,0.2582130561666409,-1.09839670823453,-0.27018776892107405,-0.4903329357311894,-1.398376643424056,1.5863807125872036,0.5262373913746167,-0.46508665640842634,0.9425965800733288,-0.765824799453112,-0.15625829002494154,-1.545074027315306,1.7198859679600293,0.1469331178307646,1.19544840202817,0.031241025832876742,0.372469761502111,-0.1768318898776904,-1.104773648407756,-1.0479442377768693,0.08430445993714292,0
0.7934683732495292,1.6547557233697008,-1.4120391537851722,0.7586218514142195,-0.765838420508033,3.282464926185606,1.978943966188918,-1.0127682737123322,-0.5750484994920281,-1.1105076448397793,1.4708995094195674,-0.07348045049172498,-0.3938582053363044,-2.05824399274885,0.7048944209368241,1.6037353928054825,0.8609718806637595,1.5328241415890327,1.423650159070388,0.20229600153944458,2.0031931356394352,-0.172710750493642,0.7171473466969163,0.03329682854067632,0.7571368365256157,-1.6640001264234174,-1.6262370478074053,0.5720766950168582,-0.8877181153212539,0.8000399061479997,1.539305724974681,1.7801130755955483,-1.9440996095495444,0.841485897739396,-0.09915334388767359,0.46050533442854713,-0.37382005251075395,-0.7366733127428733,1.4581788491687349,-0.11756662549001087,1.048507431433518,1
-0.9414892526505482,0.45838122079316473,-1.5205124666486394,-1.0733503029848013,1.4449217503458984,-0.08232651677544295,0.7230107623729594,1.1462871342116319,-0.9464859241555984,-0.1518544514543559,0.9161399818937246,-0.6198326246346413,0.15725973397563456,0.04490756055277085,1.0082773981713575,-0.6532223893222938,0.16812467613118914,0.7422341068649806,-0.7132421886882971,-1.2336312061662125,-1.0908774187697483,-0.7569944516421957,0.676407676893707,0.49375480884732315,1.3472250023014989,-0.7481651528619135,-0.05823472697586008,-1.3105019309511852,-1.1287393626676918,0.02407814871756502,-0.9736314311357491,0.876736563960791,-1.124371029921859,1.123149730992195,-1.2128482890293308,-0.7440281104955547,-0.2667597225193185,-0.9973197204921281,-0.80120905706722,1.4404828111112058,-0.789506084587047,0
1.3824713215417792,1.7537892683176437,2.0847024908130924,0.3759548870266904,-0.7412241309189443,-1.561889781960885,0.9305630940729552,-1.0619623322846334,-0.02506636844960982,-2.151231615460739,0.8457012847461044,-0.5381806089587952,1.7304937956830853,2.0306164503004003,0.22983239526699603,-1.1991238335301277,0.858437981104345,1.5636209975744624,1.6804982173935052,-0.7604067982075391,0.2927154904367936,1.7488130723159436,-1.1000504819969654,0.8716380062897555,0.10939038490126138,-1.212926958793854,0.15739502206746495,-0.5476606367490863,-0.20769901729971982,1.8497459425635718,0.6848744334392024,0.6411190531555635,-1.5252981655921998,-0.39668598005292327,-0.8157930384326477,2.2884197015979963,0.7729510300711555,1.9325772886761947,-0.47564902701714634,-1.2804136341128178,2.2002602481877704,1
0.18809741339178362,0.8807640056319379,-0.40558043543539046,-1.4748974515540694,-0.5631462936719284,-1.8306000880028919,-1.2314334669824327,1.3285925843824382,0.005084565556068771,0.5008075196054194,1.0767647260948123,0.2391630759898147,0.1531179731565597,-0.6205227841356228,1.2605178243924209,-0.8194501303791035,2.2041318405735297,-1.328125658837239,-1.2232960211099164,0.37547917074109727,-0.6166131694799647,-0.0866061855683677,-0.9163401837664975,1.6973900503391453,-0.7198600295300135,-1.117199245908074,-0.6088741456855863,0.7489987504189205,1.0368238516985728,-1.5551136651454422,0.8991797612830605,1.3514471216378776,-0.020596797023874135,-0.2556651954843933,-1.0491798506415395,-1.2754477366988461,-0.36335781589118454,0.9249599814786089,-0.7005408326683931,0.40414119861533654,0.6639951438073498,1
-0.3640600253809195,0.16405263877711965,1.6801112503470743,-0.5983936508976805,0.5274438646330301,-1.9388899692987098,0.6241330445690976,0.3175394104203958,-1.6183600841187715,-1.3315479431148776,-0.27170077702366235,-0.8679749139763527,1.7367278306991898,0.9549975183296474,-0.028652649849381828,-1.059263310456236,1.2811224937779289,0.4841704423025053,1.3745946592711513,-1.0845500229849434,-0.7720285960376969,0.6479612457689423,-0.6131901155630901,-0.04884536241883014,-0.22007948149421871,-0.22248751500521696,-0.09155373212883387,-1.531962667227964,0.30754947772380886,0.6754489037125034,-0.47877087498444953,1.725753081705232,-1.2250672227315826,-1.7204408794287855,-0.8904283972907581,0.6823785099932307,-0.7033929458070228,-0.29642159135700374,-0.4525395914443164,-0.8557024957289032,0.7735559013921074,1
1.1360805745700926,0.10410590211952755,-0.43481980941362786,-1.3014478117002728,-0.9668447128611111,-0.5191996744130648,-0.17535706823410874,0.3226183437575185,-0.7138855658297292,-1.1908803814103874,1.9237970957350023,0.44964819160074937,-0.37374456001431317,1.0847708218962222,0.9287016793965651,0.6645318105126767,-0.31439545102940086,1.436270476694842,0.9935519131193035,-1.2271796364634207,-0.39927473460751717,-0.430069208382099,0.8178854220582321,0.5800853828103048,-0.6921786110704589,-0.5939852038935348,-0.708325730803815,1.3560533572120246,-1.0893831166400367,0.28211969563732064,0.9396252915184645,0.5857101720201687,-1.3170518764011836,1.0010819993223354,0.07208830993109008,1.4344117505368577,-0.7435785380350675,-0.7124160178853925,-0.503948053902604,0.7099548265143837,0.660158854756237,1
-0.4123430194327196,-1.276063813488604,0.004124496227603871,-0.6445249261897714,1.8754786876502116,0.6117407314927245,-0.7180266565331056,-0.5276838517118427,0.07077566252366484,0.35529043123318244,-1.4985388604852485,-0.08515059379112007,-0.3769816491117375,0.7239843340133469,0.025228188973155027,-0.8477220239822217,0.6231457067042722,-0.08713756977622414,-0.04279947378339298,-0.9655684579468242,-1.2775050696276098,-0.9668407559485643,-1.0585435754528718,1.1185130410075195,0.1481509079934368,0.9915104971484981,0.13812591966344048,-1.1141471875273097,0.6868996803683206,-1.0692073870973735,-0.9080128733858379,-0.8953117552761352,1.2818458086774152,-0.6393490786831378,0.18028421467789257,-0.8242543287807844,-0.14659722907877076,-0.580405093380831,-0.3724258921272735,0.4559087231178588,0.2645381715990962,0
-1.6764200009215413,-0.7476299993632292,-0.8087120830709961,-1.6620915442126134,1.3099475708267547,-0.44597708279375514,0.44155930399199045,1.1572663308729816,0.19150269162552688,-1.1618083543415239,0.29580400257587236,-1.0280907340373024,-1.657644110994578,-1.3222965347006421,0.46866170712211425,-1.0185234676984787,0.45438959333270473,0.7621521249337042,-0.4900212734405996,-0.8422046239401072,-1.3611769495497983,-0.45649035250227527,1.1026097200590494,0.587125729676825,0.8289688722566821,-1.1346880919057967,0.43803981780964585,-1.7290947619529282,-0.6889037333920977,-1.0746759472051983,-1.167882020802792,0.732843442931533,-1.027575059139851,0.935266316520522,-0.5049787845527636,0.2951238315012376,-0.9338486766763404,1.6619887556732578,0.7039888723123991,1.2248556241798008,-1.1043250493081624,0
-1.5298002623827975,-1.1713557068956277,-0.7415598499668936,-1.492234980707898,-0.23578037774031643,0.4663362558356805,1.543133378030595,1.2383345357029627,-0.5526898466672723,-0.7404336634874982,0.7628664877843171,-0.0623017771184116,-1.2316496433475257,-1.8388090821689143,1.2477075827175463,-0.5280149752401828,0.8727996049207624,0.2031888889803434,-0.3730313964896701,-0.8797584412093815,-0.3577746308948774,-0.6367620216237285,1.1485071668262454,0.605407412552772,0.5103521093337751,-1.2535570700223064,-0.8937554618583184,-0.02546186200007644,-0.809340861780737,-1.8621361387371222,-1.0454300739584135,1.11725243133956,-1.4194319552221881,1.4094083732551184,-1.3887192937122141,0.6369689743913625,-0.6582153979147513,1.837659621237964,0.2449000634385571,0.7245359407665357,0.11791782749197079,0
-1.409999688192766,-0.8924506287081544,0.2691343574717354,1.2810459176529676,0.5195997999021122,0.31747912986297866,1.3328252778935925,0.3521662020182085,-0.6909426532852928,0.7566528222637077,-1.2147944622142282,-0.6898313472851261,-0.9890506923771666,-0.42823810087014846,-0.5109277231139093,1.125574003885642,-1.2674273332546058,-1.2851678991236417,-0.2635155019257788,-0.28458708293592705,0.9142988454275489,-1.49054005158337,-0.4549372235606561,-1.649117157860221,-0.012997360657523997,0.8023119157585692,0.8020813575788547,-1.0453185961139428,1.177038823554965,-0.21266626922644968,-0.19415541726460264,-1.0758467775069966,0.5767292124021672,-0.41432809272923043,-0.1376922968707893,0.8061395223618367,-0.37380229235313417,0.4411366900231565,0.2545396195496822,-1.2036681950931754,-0.22962532244730496,0
-1.3814660802020966,-0.4379406600682356,0.6326988096960585,-0.21476404885303182,1.7187730582884657,1.0935663397939022,-0.1453520212058113,0.6368954867014782,-0.5367426005642415,-1.4601092241053744,-0.7467639994143469,-2.9136091469152334,-1.393601737895463,0.9264198561361162,-2.300761143287218,-1.0621106097473951,-1.5794123890499772,1.5535853752351103,-0.1538858326835226,1.606811317697921,1.230041145403759,0.5382467575450193,-0.8430340226388136,0.824341707530596,0.06135324559034224,0.16720872990919303,0.48639414103565404,0.918636459048914,-1.6266488896953994,-0.10298908275346236,-1.4550454673175832,-1.763484147971433,1.1938951435136858,-0.9574190534919811,0.9662557721474817,-0.1483896800945992,0.10385101816415558,-0.501416487562248,-1.8223405703996602,-1.0096774905146464,-1.1708237146096456,1
0.3233506028918372,0.24306233957582146,-0.8694781027560764,1.879411026728904,-1.3652516247773556,0.5562005950004997,0.9814063577874942,-1.949349713082792,-0.3950789252643896,0.9828758091862665,0.14221014868222084,2.1900465466696812,0.8640221753608396,-1.4336691543361388,1.3212579080606253,2.0162964205741205,-0.31263570770025256,-0.6400047622773551,0.5593318500323812,1.1306334140187326,0.9958751533650678,1.052224809884766,0.7809042890438156,-1.4471392846340498,0.8884232388657309,1.7366939276534628,-0.7624554002232012,0.8874103302569398,-0.3749049350877553,1.6151799621906118,1.2291208444766604,1.0739486187073857,-0.49789477062838633,1.6089413116304079,0.32095708499651354,0.35773709120870517,-0.20529557803360643,0.23599759783722352,0.11605456908875879,1.1446999082119254,-1.0219005213142862,0
0.6250394317333042,1.3151572144749788,-0.252245579873293,1.9073496919443151,-1.0480413956888757,0.25034146092752163,1.2348874174776834,-0.07600617649625492,-2.003680017254651,1.1665215908860984,-0.16094008733458487,1.5491046760425193,0.8633376988897028,-0.7768001059014147,-0.18237536887171016,0.4482418457910272,-1.7555610505858728,-1.2754823790276157,0.5877306756715859,0.25650412707183595,0.28410437704123065,0.9025285882850558,0.7068162319273029,-1.536826213515438,-0.09943785764363355,0.38968440753369976,1.298119857569997,0.5338140533812232,1.7863781081563481,0.9658391396855552,0.7267786204177648,0.833034654957542,0.11288488871883774,0.9649399193606433,-1.3366983545098252,1.1150293316223385,-0.8889987918062195,-1.4886588373181595,1.2844379315986674,0.1939069214814616,-1.5738833781531223,0
-1.3170695381551087,-0.13047416485115873,-1.1276460924058391,0.4844678359598297,-0.6460908484842516,1.1944956068946717,-1.2978789550871654,-0.2013177105615784,1.2290587377442446,0.27938434192963435,-1.7942833865826127,-0.6121100450755261,-0.46955401619408677,1.6930425309813129,-0.5344994329404038,-1.8613412481578784,1.2150078145060907,0.3759324095808366,-0.993192271407206,1.0159426837548347,-1.0902925616371133,-1.5227082076195533,1.1114242009053323,-2.048999486368589,1.9515178266459272,1.0061329971576298,-0.8611348049336469,0.6101210193725772,0.020351639539119483,-0.5675215457386308,1.7529812037150074,-1.029514701693962,0.3458072964045216,0.79693454291119,-0.5077056157722487,0.6237886807550159,-0.8390691702496786,-0.28433724570979224,-0.07881521601316348,0.7208923947625646,-0.8412405123774452,1
-0.9645482153718675,-0.7196415491072856,0.32553039452677757,0.87066868441518,1.1969878675652021,-0.5034821809183645,1.2740027138623513,-0.9657243468576847,0.07317820777956859,0.9716956412484686,-0.7370375708055515,0.628513996601421,-1.1724566786072306,-0.013629061798448657,0.8052096022065875,0.698760633281996,-1.3595543166528823,-0.9968679034795337,-0.23470979182599955,-0.8779851632371312,1.3147769700158338,-0.36803788993522113,-1.435206384323519,-0.9626802221213611,0.15820388813324449,1.4404808828822042,1.279312527703661,-1.446911956436323,0.6869247344405909,0.6038567301093772,-0.8419284887315258,-1.0279331838814805,1.2595433154591156,0.03568932719614009,0.5946622170231917,-0.6774630600729172,0.8113314739118085,-0.3564549742245238,-1.7488816363136122,-0.9972014626732555,1.3294306213825031,0
-1.2976732296235134,-0.3826024405832547,-1.3287418762016496,0.6914217357569047,0.4756966818076613,-0.20729985363093822,-0.25491706365751965,-0.37648297624561783,0.0060011147624394355,1.484977191541768,-0.3440905788424287,-1.0951150655508914,-1.1425697287194414,0.9712288098925627,0.7811216125812015,-0.6586474496574364,0.6928874389114078,0.7017992479088552,-1.6241444779522343,1.6634086138918072,-0.7659663602624249,-0.7736604959084015,0.7806513350208779,-0.7116969360425899,2.406651112747938,1.6209273343203439,-0.3583073989061935,-0.11953612252723889,-1.0129134164991147,-0.22194630185016112,0.22332809190151615,-1.1245221969401749,0.7706110086958802,1.4861287104652523,1.1200462491658818,0.32346652442971713,-0.4588755452912945,-0.43863576768717827,1.4065689611097398,0.7963008494406516,-1.0956868916406468,1
-1.6318045392269636,-0.5074356798081666,-0.618988087710473,-1.6125584479013322,0.5778849552252566,-0.7087109030917284,1.845889863387779,1.600230234145869,-0.5463102180013714,0.19031614145681455,1.6464161367920924,-1.9276513266801867,-0.605539043488495,0.05332476304851439,1.3424082256219694,-1.366050238476703,0.2516468427564397,1.2430326118866335,-1.4184121307550803,-0.5607541042909259,-0.6609525738969524,-1.8596693653053697,0.9792279174261446,0.8268923555111599,1.5920646943878252,-1.2259870644999769,-0.8214076299299066,-0.7196621267363051,-1.6335557897472757,-0.9646674696170522,-1.171514879133246,0.7410434663087343,-1.5483518530873315,1.0568947308956302,-1.160625584186231,0.2175828155199731,1.0354347532793187,-1.3157614025246587,-0.8578859097826529,0.621590556118927,1.3145069101849722,0
1.495946858771862,-0.9963353784003951,1.0897918624985123,0.5746961820388375,-0.3669250053435545,0.9986028839521367,-1.4650446661222456,-1.0038880258447738,-0.9811448454363298,-0.612143197909358,-0.6037920328021213,0.28831516695244364,1.0096175296390058,1.0311038527198633,-1.2686538485362553,0.7669690408323508,0.14387734091988327,0.6320604770026926,0.9715415382310362,-0.26845696286329795,0.2146510735320088,1.3283537372238852,-1.0005663587701237,-0.6324974715181922,-0.3660963178205939,-0.049844210560891035,-0.0778449929705024,0.06882409795265157,-0.6455993071636197,1.864341270761422,-0.0006180980744577181,-0.7560086080917529,-0.057676104311001036,-1.3083477087634967,1.0854445103722161,0.5245045524276535,0.5381235455648735,0.5128706571070188,0.34099009107124517,-0.6848465258550344,0.2691164954337642,0
1.9291805581455599,1.7421005330993133,-0.745965664023824,1.7760265759318932,-0.6030252504254118,0.8428053121790418,1.0418591814647398,-0.17722346322368937,-1.0709654163673819,1.344888506062167,1.0989556086689003,1.1082989567254573,1.498200945876272,-0.6184628272857559,-0.22004886112879593,1.3898655756346938,-1.6741345972742068,-0.7426066883916529,0.5453385238616696,0.22396186497341544,0.409962433996281,1.237014893044964,0.6792986761545057,-0.8677496089051494,0.17638956634509112,-0.6214393110405011,1.5461051643704402,0.5614459758179438,-0.02823346374664446,2.125981307579015,0.798724085817073,1.0282695341405599,-0.5801355421349699,0.1946994723791674,-0.8399336593288937,0.5982698179926648,-0.7657758242367521,0.7351504844233144,0.4003903641204958,1.3966055904065173,-1.7747006700506658,0
-0.12254889012170014,1.3458702442719594,-0.01423543740311257,-0.6047639223973793,-0.9326097987289934,-1.4749687886151286,-0.8587360106674227,1.3551041399352208,-0.09630567051037137,0.5758282463640546,0.7716572210787506,0.031526810774018595,1.1617107124017427,-0.207781347765884,0.4436869728244208,-0.936819170758642,0.9360252497008054,-1.797375836836843,-1.8916605508008286,0.5360480296694576,-0.08105615803343844,-0.19424724532912852,-0.21289552137096612,-0.14197649229541837,0.2725250655177886,-1.4829997732626807,0.13091869528528413,0.037226774433209105,0.0132057184256885,-0.18687723810026852,1.3395850658115216,0.8245206176462552,-0.4732476549219346,-0.628902878981948,-1.6767083647800163,-1.2192911232851147,-2.754140461661779,-1.3433019627970442,0.3167009983937236,0.8047533026937227,0.19270754739935964,1
0.2814157099604239,-0.5533588678422341,0.278126011850862,1.078108352504572,0.7318538764196714,0.41145763493353343,0.9315010428778215,-0.6521124610234641,-0.12353460928514688,0.9345806515771605,-0.0507708430751318,0.8312871990347833,-0.7561168698202844,0.17155798221834098,0.27283389009809417,1.201802535635149,-1.321444508809622,-0.36095195807738145,-0.05536031204893808,-0.7545494174783413,1.0056320308953564,-0.15033872846548593,-0.929211967521387,-1.0077597604303858,0.27324888231280525,0.8086648905005488,0.7784325893892828,-1.032181832921476,0.5450797772741107,1.0882988158700049,-0.26105039367243876,-1.539067501765809,0.5436336935567855,0.08066690188898895,0.9492545517558069,-0.17606744786277512,-0.27913173215512205,2.321418048288585,1.5769235445857155,-0.5292833959132083,1.970494292376428,0
0.2004698652506727,-0.8537239794284381,1.577460735168439,0.8202554593939555,-0.5579221880339593,1.0062918056330203,-0.7453506647374047,-0.5238946274470013,0.6271789537858485,-1.324356617967194,-1.5888907568200576,-0.08295104500583472,1.1925789485664244,-0.36631358234278827,-1.615972356552207,1.1139435542847895,1.0779074757872966,-0.015016877062381667,1.0303356121778453,0.7781983341645109,0.6611210965978996,1.118838520718293,-0.45009171449405433,-0.6430080670233971,-0.6060352084146993,0.400071170946829,-1.1275951969362346,0.03614007370031886,-0.10763863512875925,0.4402658412492585,-0.11224612177332875,-0.9550540539643673,-0.29359247584642384,-1.3089550092399433,0.9532806525627617,0.35781496516409017,0.5001303893469106,0.8452738028467435,-0.11257985995199145,-1.2845979047377705,0.4330118749005285,0
1.1661588304051624,1.4023261744329967,-0.35204659145300654,1.8533399184573653,-1.3796500349324703,0.3448683934641235,0.6444491083802246,-1.1479633826748574,-1.7729275220038092,0.44410830053190103,0.1956609049767007,2.3003066653747335,1.2997442163924104,-1.02528111639951,0.4468950425766629,1.7326108714205048,-0.4159801247859891,-0.10905811228800255,1.062335730483179,0.7667214600663093,0.11285467592898986,1.3145361599768104,1.931335616418831,-1.620182860638574,0.7779786206042085,1.223828212985529,-0.4088708703510588,-0.0727310708059143,0.6441848178537621,1.4772255282065907,1.1300599951712604,0.4692835506944277,-0.7431633310744767,1.5154341632696247,0.661396167395504,0.39146121202803374,0.12030249481448815,1.2767805278292197,-1.5391514820013499,1.0525959216906857,-0.9074996228909952,0
0.648938751765934,0.3130295866899352,-0.20178866162314765,1.0461714945862062,0.11958419048831391,-0.27618642687967404,1.355046744271191,-1.0947819591907466,0.3243557318140941,0.7596787422095667,-0.05872599892440854,1.7852736478194158,-0.714828951022068,-0.7548418635720151,0.6115203461620125,1.1520189386206627,-1.5673045195945092,-0.7509285595605458,0.7355883512712144,-1.557108108775608,0.7395784745432271,0.18038752677758874,0.46564734934591473,-1.549381578179186,-0.5487429793961297,0.3196282083836416,1.7785941573393607,-1.2254569762361707,1.5541344669449964,0.7215429513327111,0.03492300577245962,-0.23039089224099746,0.1595923917584338,0.29752538537219225,0.176008920572001,-0.3404597970063293,1.4928784259195778,0.5966741296836636,1.535788645502079,-0.19337021618948605,0.07274940750240096,0
0.4404989935917941,0.5397212094599307,-0.7646192078274906,-1.3764563009947746,1.0302365550932906,-1.7504677050082693,-1.3660624045379322,1.6002945738186052,-0.27674838568156523,1.0625941865612323,1.0726334708954839,-1.0481013268013724,1.0211023188504984,2.053296584682225,-0.37690156196680913,-1.1702580280071604,0.47515615573775694,0.5156262430400013,-1.0980864576180047,0.5334665081368632,-2.111326130047518,-1.060252613653295,-0.81391628265125,1.344017379474918,0.03968484822897813,-0.15875151724202272,-0.7467573989480992,1.038715333330482,0.2736868966513653,-0.7277471838629755,0.3264127450289348,0.552357190351341,0.431305746561823,-0.89768562664262,-0.935645918990904,-1.2160557030964312,-0.6658043425422417,-1.7347944255086019,-1.804970856956789,1.3712603256188118,-0.5778246488431689,1
0.049212704757831814,0.9480404299381763,-0.43042614762358566,-1.0225664780306492,0.004536903273638656,-2.0014398226313013,-0.4153725055212472,2.2542483366792947,-0.7820500970644478,0.6712529668789164,1.8378125263552783,-0.5988280400184898,0.6359195338442509,0.47858700591926573,-0.05570410365479479,-0.2617571355092455,0.15458553460433114,-0.6174106777496359,-1.325750247942028,0.5721048583521566,-0.3576943249678119,-0.20002135974810759,-0.7722680730562181,0.15620581541348325,-0.33756035594097517,-1.1144364047798108,-0.5101449890431388,1.2155803108059164,0.2693042016686035,-0.3084062026688666,0.5302638626436127,0.9696775978340473,-0.46322776796768445,-0.7061363025390432,-1.3451199708782546,-0.9214584054800916,0.8641302832106237,-0.006319793996103344,-0.28617206435500475,0.6153260625064401,0.38421578298807113,1
-1.403448721345398,-0.20069036538183965,-2.2494421402508182,0.6760975886327534,0.058888432321545794,0.7997377758818586,-0.8392973628125587,0.2831540022192214,-0.062053880960236577,1.4776195515829835,-0.458679191560486,-0.3860911693928431,-0.5356388442658324,0.7303432242390694,0.8457062554144195,-0.5946268792991508,1.6818932270234077,0.8903709211041476,-1.3872718570358733,1.4978699435363505,-1.4473685130974367,-0.41997468173834834,1.5915282521032166,-1.529137015653992,3.0570004351809703,1.7509506717581504,-1.1902546321999294,-0.06837665297490116,-1.1430835720276233,0.267369988718061,0.38833414674655675,-0.2416750769935555,-0.11372950373241757,2.0470134538954436,0.8156788958360538,0.19094389499093012,-0.3559381647113274,2.113310391626434,1.38162021343179,1.4121100470443462,-1.2683177448957448,1
0.14197197008865128,-0.2876924347619081,-0.1631417910004913,0.9516014696449682,2.0258225374258663,1.0079027686099529,0.10167353474543665,0.3441957877873611,-0.2419421920744187,0.9166782429917787,-0.025954661942011355,-1.565014339856664,-0.8739412587857227,1.1280290395795411,-0.15011055414821767,1.7233203813842501,-1.1235957068484064,-0.7311408238018482,0.7595218402556904,-0.9110667061614454,0.6877339250675408,-0.4741001823815585,-1.801303961534321,-0.5399355910087683,0.20123560801500606,1.0360580863156326,1.730068124672853,-1.4086585379024807,-0.1309519337922796,1.9039112108910812,-0.18933272763698938,-0.43614047724549776,0.3955376726824924,-1.76925235049081,1.6886083262823237,1.2366851522403401,-2.1952315307344095,-1.0052098574285613,0.6144624975094134,-0.5043984905798515,-0.07263216369547332,0
1.5919448862083228,1.354240722037338,1.4777383057010922,0.9856173703658356,0.2734611509135254,-1.0385117879803372,1.9276572759010122,-0.5711296815355819,0.17935064859972918,-1.1317627205758536,0.26626718618927964,-0.6850970003991641,1.000806157873491,0.3432028511087004,-0.93071939674656,-0.8608500551876441,-0.19560104273684223,1.8483855327819179,2.103565353671643,-1.3244821645430338,0.198555770693934,1.3898250786769655,-1.1276541184879891,0.12287608286353574,-0.7416515131348227,-1.8099968026605606,0.8157883703598748,-0.9974742940441826,2.0040468250549934,0.9082919249773835,-0.7679489578135095,0.8863224244640292,-0.9115113664821123,-1.0635817337362985,-1.182551383569336,1.4598617274799377,-0.8259659016777174,0.46364596258603047,0.6876581336474795,-1.8380146835734779,0.5048555179510995,1
-2.5886942573256753,0.09238875495371078,-0.9945688912463647,-1.394383923919249,1.5415081886528184,-0.3431147810065797,1.0055929710920664,1.7471656567073521,-2.3821462062286267,-0.7491716059357875,0.6512404734442686,-2.033987449445413,-0.9456555023035556,-0.5788572620462166,0.8132598353929388,-1.6072682863872607,0.01336502468144059,0.45492765070527935,-1.289642537176805,-0.7176855473648676,-0.9745545388142598,-1.0153643807830544,0.823650706860032,0.36763645612628487,1.707884259958239,-1.101434295685953,0.27524358692899104,-1.952432977241886,-1.2266082055878564,-0.3730686118212109,-1.2705684772214405,0.9634017253239945,-1.3023106574165586,1.388178578704407,-1.3246027797625644,0.2630663417284832,-0.7665172352877652,0.3526889194741617,-0.31841042886007215,0.8125078399203584,-0.807766708401175,0
