This is pdfTeX, Version 3.141592653-2.6-1.40.28 (MiKTeX 25.12) (preloaded format=pdflatex 2026.1.25)  27 JAN 2026 02:25
entering extended mode
 restricted \write18 enabled.
 %&-line parsing enabled.
**./main.tex
(main.tex
LaTeX2e <2025-11-01>
L3 programming layer <2025-12-24>
(C:\Program Files\MiKTeX\tex/latex/base\article.cls
Document Class: article 2025/01/22 v1.4n Standard LaTeX document class
(C:\Program Files\MiKTeX\tex/latex/base\size12.clo
File: size12.clo 2025/01/22 v1.4n Standard LaTeX file (size option)
)
\c@part=\count275
\c@section=\count276
\c@subsection=\count277
\c@subsubsection=\count278
\c@paragraph=\count279
\c@subparagraph=\count280
\c@figure=\count281
\c@table=\count282
\abovecaptionskip=\skip49
\belowcaptionskip=\skip50
\bibindent=\dimen148
)
(C:\Program Files\MiKTeX\tex/latex/geometry\geometry.sty
Package: geometry 2020/01/02 v5.9 Page Geometry

(C:\Program Files\MiKTeX\tex/latex/graphics\keyval.sty
Package: keyval 2022/05/29 v1.15 key=value parser (DPC)
\KV@toks@=\toks17
)
(C:\Program Files\MiKTeX\tex/generic/iftex\ifvtex.sty
Package: ifvtex 2019/10/25 v1.7 ifvtex legacy package. Use iftex instead.

(C:\Program Files\MiKTeX\tex/generic/iftex\iftex.sty
Package: iftex 2024/12/12 v1.0g TeX engine tests
))
\Gm@cnth=\count283
\Gm@cntv=\count284
\c@Gm@tempcnt=\count285
\Gm@bindingoffset=\dimen149
\Gm@wd@mp=\dimen150
\Gm@odd@mp=\dimen151
\Gm@even@mp=\dimen152
\Gm@layoutwidth=\dimen153
\Gm@layoutheight=\dimen154
\Gm@layouthoffset=\dimen155
\Gm@layoutvoffset=\dimen156
\Gm@dimlist=\toks18

(C:\Program Files\MiKTeX\tex/latex/geometry\geometry.cfg))
(C:\Program Files\MiKTeX\tex/generic/babel\babel.sty
Package: babel 2025/12/11 v25.17 The multilingual framework for LuaLaTeX, pdfLa
TeX and XeLaTeX
\babel@savecnt=\count286
LaTeX Encoding Info:    Redeclaring text command \ij (encoding OT1) on input li
ne 2068.
LaTeX Encoding Info:    Redeclaring text command \IJ (encoding OT1) on input li
ne 2070.
LaTeX Encoding Info:    Redeclaring text command \ij (encoding T1) on input lin
e 2072.
LaTeX Encoding Info:    Redeclaring text command \IJ (encoding T1) on input lin
e 2073.
LaTeX Encoding Info:    Ignoring declaration for text command \ij (encoding ?) 
on input line 2074.
LaTeX Encoding Info:    Ignoring declaration for text command \IJ (encoding ?) 
on input line 2076.
LaTeX Encoding Info:    Ignoring declaration for text command \SS (encoding ?) 
on input line 2101.
\U@D=\dimen157
\l@unhyphenated=\language79

(C:\Program Files\MiKTeX\tex/generic/babel\txtbabel.def)
\bbl@readstream=\read2
\bbl@dirlevel=\count287
Package babel Info: Configuration files are deprecated, as
(babel)             they can break document portability.
(babel)             Reported on input line 4196.

*************************************
* Local config file bblopts.cfg used
*
(C:\Program Files\MiKTeX\tex/latex/arabi\bblopts.cfg
File: bblopts.cfg 2005/09/08 v0.1 add Arabic and Farsi to "declared" options of
 babel
)
(C:\Program Files\MiKTeX\tex/generic/babel/locale/pt\babel-portuguese.tex)
Package babel Info: Importing font and identification data for portuguese
(babel)             from babel-pt.ini. Reported on input line 4320.

(C:\Program Files\MiKTeX\tex/latex/babel-portuges\portuguese.ldf
Language: portuges 2021/07/09 v1.2t Portuguese support from the babel system
Package babel Info: Making " an active character on input line 143.
))
(C:\Program Files\MiKTeX\tex/latex/base\inputenc.sty
Package: inputenc 2024/02/08 v1.3d Input encoding file
\inpenc@prehook=\toks19
\inpenc@posthook=\toks20
)
(C:\Program Files\MiKTeX\tex/latex/float\float.sty
Package: float 2001/11/08 v1.3d Float enhancements (AL)
\c@float@type=\count288
\float@exts=\toks21
\float@box=\box53
\@float@everytoks=\toks22
\@floatcapt=\box54
)
(C:\Program Files\MiKTeX\tex/latex/amsmath\amsmath.sty
Package: amsmath 2025/07/09 v2.17z AMS math features
\@mathmargin=\skip51

For additional information on amsmath, use the `?' option.
(C:\Program Files\MiKTeX\tex/latex/amsmath\amstext.sty
Package: amstext 2024/11/17 v2.01 AMS text

(C:\Program Files\MiKTeX\tex/latex/amsmath\amsgen.sty
File: amsgen.sty 1999/11/30 v2.0 generic functions
\@emptytoks=\toks23
\ex@=\dimen158
))
(C:\Program Files\MiKTeX\tex/latex/amsmath\amsbsy.sty
Package: amsbsy 1999/11/29 v1.2d Bold Symbols
\pmbraise@=\dimen159
)
(C:\Program Files\MiKTeX\tex/latex/amsmath\amsopn.sty
Package: amsopn 2022/04/08 v2.04 operator names
)
\inf@bad=\count289
LaTeX Info: Redefining \frac on input line 233.
\uproot@=\count290
\leftroot@=\count291
LaTeX Info: Redefining \overline on input line 398.
LaTeX Info: Redefining \colon on input line 409.
\classnum@=\count292
\DOTSCASE@=\count293
LaTeX Info: Redefining \ldots on input line 495.
LaTeX Info: Redefining \dots on input line 498.
LaTeX Info: Redefining \cdots on input line 619.
\Mathstrutbox@=\box55
\strutbox@=\box56
LaTeX Info: Redefining \big on input line 721.
LaTeX Info: Redefining \Big on input line 722.
LaTeX Info: Redefining \bigg on input line 723.
LaTeX Info: Redefining \Bigg on input line 724.
\big@size=\dimen160
LaTeX Font Info:    Redeclaring font encoding OML on input line 742.
LaTeX Font Info:    Redeclaring font encoding OMS on input line 743.
\macc@depth=\count294
LaTeX Info: Redefining \bmod on input line 904.
LaTeX Info: Redefining \pmod on input line 909.
LaTeX Info: Redefining \smash on input line 939.
LaTeX Info: Redefining \relbar on input line 969.
LaTeX Info: Redefining \Relbar on input line 970.
\c@MaxMatrixCols=\count295
\dotsspace@=\muskip17
\c@parentequation=\count296
\dspbrk@lvl=\count297
\tag@help=\toks24
\row@=\count298
\column@=\count299
\maxfields@=\count300
\andhelp@=\toks25
\eqnshift@=\dimen161
\alignsep@=\dimen162
\tagshift@=\dimen163
\tagwidth@=\dimen164
\totwidth@=\dimen165
\lineht@=\dimen166
\@envbody=\toks26
\multlinegap=\skip52
\multlinetaggap=\skip53
\mathdisplay@stack=\toks27
LaTeX Info: Redefining \[ on input line 2950.
LaTeX Info: Redefining \] on input line 2951.
)
(C:\Program Files\MiKTeX\tex/latex/amsfonts\amsfonts.sty
Package: amsfonts 2013/01/14 v3.01 Basic AMSFonts support
\symAMSa=\mathgroup4
\symAMSb=\mathgroup5
LaTeX Font Info:    Redeclaring math symbol \hbar on input line 98.
LaTeX Font Info:    Overwriting math alphabet `\mathfrak' in version `bold'
(Font)                  U/euf/m/n --> U/euf/b/n on input line 106.
)
(C:\Program Files\MiKTeX\tex/latex/graphics\graphicx.sty
Package: graphicx 2024/12/31 v1.2e Enhanced LaTeX Graphics (DPC,SPQR)

(C:\Program Files\MiKTeX\tex/latex/graphics\graphics.sty
Package: graphics 2024/08/06 v1.4g Standard LaTeX Graphics (DPC,SPQR)

(C:\Program Files\MiKTeX\tex/latex/graphics\trig.sty
Package: trig 2023/12/02 v1.11 sin cos tan (DPC)
)
(C:\Program Files\MiKTeX\tex/latex/graphics-cfg\graphics.cfg
File: graphics.cfg 2016/06/04 v1.11 sample graphics configuration
)
Package graphics Info: Driver file: pdftex.def on input line 106.

(C:\Program Files\MiKTeX\tex/latex/graphics-def\pdftex.def
File: pdftex.def 2025/09/29 v1.2d Graphics/color driver for pdftex
))
\Gin@req@height=\dimen167
\Gin@req@width=\dimen168
)
(C:\Program Files\MiKTeX\tex/latex/hyperref\hyperref.sty
Package: hyperref 2025-07-12 v7.01o Hypertext links for LaTeX

(C:\Program Files\MiKTeX\tex/latex/kvsetkeys\kvsetkeys.sty
Package: kvsetkeys 2022-10-05 v1.19 Key value parser (HO)
)
(C:\Program Files\MiKTeX\tex/generic/kvdefinekeys\kvdefinekeys.sty
Package: kvdefinekeys 2019-12-19 v1.6 Define keys (HO)
)
(C:\Program Files\MiKTeX\tex/generic/pdfescape\pdfescape.sty
Package: pdfescape 2019/12/09 v1.15 Implements pdfTeX's escape features (HO)

(C:\Program Files\MiKTeX\tex/generic/ltxcmds\ltxcmds.sty
Package: ltxcmds 2023-12-04 v1.26 LaTeX kernel commands for general use (HO)
)
(C:\Program Files\MiKTeX\tex/generic/pdftexcmds\pdftexcmds.sty
Package: pdftexcmds 2020-06-27 v0.33 Utility functions of pdfTeX for LuaTeX (HO
)

(C:\Program Files\MiKTeX\tex/generic/infwarerr\infwarerr.sty
Package: infwarerr 2019/12/03 v1.5 Providing info/warning/error messages (HO)
)
Package pdftexcmds Info: \pdf@primitive is available.
Package pdftexcmds Info: \pdf@ifprimitive is available.
Package pdftexcmds Info: \pdfdraftmode found.
))
(C:\Program Files\MiKTeX\tex/latex/hycolor\hycolor.sty
Package: hycolor 2020-01-27 v1.10 Color options for hyperref/bookmark (HO)
)
(C:\Program Files\MiKTeX\tex/latex/hyperref\nameref.sty
Package: nameref 2025-06-21 v2.57 Cross-referencing by name of section

(C:\Program Files\MiKTeX\tex/latex/refcount\refcount.sty
Package: refcount 2019/12/15 v3.6 Data extraction from label references (HO)
)
(C:\Program Files\MiKTeX\tex/generic/gettitlestring\gettitlestring.sty
Package: gettitlestring 2019/12/15 v1.6 Cleanup title references (HO)

(C:\Program Files\MiKTeX\tex/latex/kvoptions\kvoptions.sty
Package: kvoptions 2022-06-15 v3.15 Key value format for package options (HO)
))
\c@section@level=\count301
)
(C:\Program Files\MiKTeX\tex/latex/etoolbox\etoolbox.sty
Package: etoolbox 2025/10/02 v2.5m e-TeX tools for LaTeX (JAW)
\etb@tempcnta=\count302
)
(C:\Program Files\MiKTeX\tex/generic/stringenc\stringenc.sty
Package: stringenc 2019/11/29 v1.12 Convert strings between diff. encodings (HO
)
)
\@linkdim=\dimen169
\Hy@linkcounter=\count303
\Hy@pagecounter=\count304

(C:\Program Files\MiKTeX\tex/latex/hyperref\pd1enc.def
File: pd1enc.def 2025-07-12 v7.01o Hyperref: PDFDocEncoding definition (HO)
Now handling font encoding PD1 ...
... no UTF-8 mapping file for font encoding PD1
)
(C:\Program Files\MiKTeX\tex/generic/intcalc\intcalc.sty
Package: intcalc 2019/12/15 v1.3 Expandable calculations with integers (HO)
)
\Hy@SavedSpaceFactor=\count305

(C:\Program Files\MiKTeX\tex/latex/hyperref\puenc.def
File: puenc.def 2025-07-12 v7.01o Hyperref: PDF Unicode definition (HO)
Now handling font encoding PU ...
... no UTF-8 mapping file for font encoding PU
)
Package hyperref Info: Option `final' set `true' on input line 4066.
Package hyperref Info: Hyper figures OFF on input line 4195.
Package hyperref Info: Link nesting OFF on input line 4200.
Package hyperref Info: Hyper index ON on input line 4203.
Package hyperref Info: Plain pages OFF on input line 4210.
Package hyperref Info: Backreferencing OFF on input line 4215.
Package hyperref Info: Implicit mode ON; LaTeX internals redefined.
Package hyperref Info: Bookmarks ON on input line 4462.
\c@Hy@tempcnt=\count306

(C:\Program Files\MiKTeX\tex/latex/url\url.sty
\Urlmuskip=\muskip18
Package: url 2013/09/16  ver 3.4  Verb mode for urls, etc.
)
LaTeX Info: Redefining \url on input line 4801.
\XeTeXLinkMargin=\dimen170

(C:\Program Files\MiKTeX\tex/generic/bitset\bitset.sty
Package: bitset 2019/12/09 v1.3 Handle bit-vector datatype (HO)

(C:\Program Files\MiKTeX\tex/generic/bigintcalc\bigintcalc.sty
Package: bigintcalc 2019/12/15 v1.5 Expandable calculations on big integers (HO
)
))
\Fld@menulength=\count307
\Field@Width=\dimen171
\Fld@charsize=\dimen172
Package hyperref Info: Hyper figures OFF on input line 6078.
Package hyperref Info: Link nesting OFF on input line 6083.
Package hyperref Info: Hyper index ON on input line 6086.
Package hyperref Info: backreferencing OFF on input line 6093.
Package hyperref Info: Link coloring OFF on input line 6098.
Package hyperref Info: Link coloring with OCG OFF on input line 6103.
Package hyperref Info: PDF/A mode OFF on input line 6108.
\Hy@abspage=\count308
\c@Item=\count309
\c@Hfootnote=\count310
)
Package hyperref Info: Driver (autodetected): hpdftex.

(C:\Program Files\MiKTeX\tex/latex/hyperref\hpdftex.def
File: hpdftex.def 2025-07-12 v7.01o Hyperref driver for pdfTeX
\Fld@listcount=\count311
\c@bookmark@seq@number=\count312

(C:\Program Files\MiKTeX\tex/latex/rerunfilecheck\rerunfilecheck.sty
Package: rerunfilecheck 2025-06-21 v1.11 Rerun checks for auxiliary files (HO)

(C:\Program Files\MiKTeX\tex/generic/uniquecounter\uniquecounter.sty
Package: uniquecounter 2019/12/15 v1.4 Provide unlimited unique counter (HO)
)
Package uniquecounter Info: New unique counter `rerunfilecheck' on input line 2
84.
)
\Hy@SectionHShift=\skip54
)
(C:\Program Files\MiKTeX\tex/latex/datetime\datetime.sty
Package: datetime 2015/03/20 v2.60 Date Time Package

(C:\Program Files\MiKTeX\tex/latex/fmtcount\fmtcount.sty
Package: fmtcount 2025/12/02 v3.12 Displaying the values of LaTeX counters (NT,
VB,NE)

(C:\Program Files\MiKTeX\tex/latex/base\ifthen.sty
Package: ifthen 2024/03/16 v1.1e Standard LaTeX ifthen package (DPC)
)
(C:\Program Files\MiKTeX\tex/latex/xkeyval\xkeyval.sty
Package: xkeyval 2022/06/16 v2.9 package option processing (HA)

(C:\Program Files\MiKTeX\tex/generic/xkeyval\xkeyval.tex
(C:\Program Files\MiKTeX\tex/generic/xkeyval\xkvutils.tex
\XKV@toks=\toks28
\XKV@tempa@toks=\toks29
)
\XKV@depth=\count313
File: xkeyval.tex 2014/12/03 v2.7a key=value parser (HA)
))
(C:\Program Files\MiKTeX\tex/latex/fmtcount\fcprefix.sty
Package: fcprefix 2012/09/28

(C:\Program Files\MiKTeX\tex/latex/fmtcount\fcnumparser.sty
Package: fcnumparser 2017/06/15
\fc@digit@counter=\count314
))
\c@padzeroesN=\count315
\fc@tmpcatcode=\count316

(C:\Program Files\MiKTeX\tex/latex/fmtcount\fc-portuges.def
File: fc-portuges.def 2017/12/26
)
\@DT@modctr=\count317
\@ordinalctr=\count318
\@orgargctr=\count319
\@strctr=\count320
\@tmpstrctr=\count321
\@DT@loopN=\count322
\@DT@X=\count323
)
(C:\Program Files\MiKTeX\tex/latex/datetime\datetime-defaults.sty
Package: datetime-defaults 2013/09/10
)
\@day=\count324
\@month=\count325
\@year=\count326
\c@HOUR=\count327
\c@HOURXII=\count328
\c@MINUTE=\count329
\c@TOHOUR=\count330
\c@TOMINUTE=\count331
\c@SECOND=\count332
\currenthour=\count333
\currentminute=\count334
\currentsecond=\count335
Package datetime Info: No datetime.cfg file found, using default settings on in
put line 308.
\@dtctr=\count336
\dayofyear=\count337
\dayofweek=\count338
LaTeX Info: Redefining \today on input line 736.
\dt@a=\toks30
\dt@b=\toks31
)
(C:\Program Files\MiKTeX\tex/latex/caption\caption.sty
Package: caption 2023/08/05 v3.6o Customizing captions (AR)

(C:\Program Files\MiKTeX\tex/latex/caption\caption3.sty
Package: caption3 2023/07/31 v2.4d caption3 kernel (AR)
\caption@tempdima=\dimen173
\captionmargin=\dimen174
\caption@leftmargin=\dimen175
\caption@rightmargin=\dimen176
\caption@width=\dimen177
\caption@indent=\dimen178
\caption@parindent=\dimen179
\caption@hangindent=\dimen180
Package caption Info: Standard document class detected.
)
\c@caption@flags=\count339
\c@continuedfloat=\count340
Package caption Info: float package is loaded.
Package caption Info: hyperref package is loaded.
)
(C:\Program Files\MiKTeX\tex/latex/caption\subcaption.sty
Package: subcaption 2023/07/28 v1.6b Sub-captions (AR)
Package caption Info: New subtype `subfigure' on input line 238.
\c@subfigure=\count341
Package caption Info: New subtype `subtable' on input line 238.
\c@subtable=\count342
)
(C:\Program Files\MiKTeX\tex/latex/pslatex\pslatex.sty
Package: pslatex 2021/01/13 v1.3 pslatex emulation (DPC)
LaTeX Encoding Info:    Redeclaring text command \textsterling (encoding ?) on 
input line 51.
LaTeX Font Info:    Redeclaring symbol font `operators' on input line 66.
LaTeX Font Info:    Overwriting symbol font `operators' in version `normal'
(Font)                  OT1/cmr/m/n --> OT1/ptmcm/m/n on input line 66.
LaTeX Font Info:    Overwriting symbol font `operators' in version `bold'
(Font)                  OT1/cmr/bx/n --> OT1/ptmcm/m/n on input line 66.
LaTeX Font Info:    Redeclaring symbol font `letters' on input line 67.
LaTeX Font Info:    Overwriting symbol font `letters' in version `normal'
(Font)                  OML/cmm/m/it --> OML/ptmcm/m/it on input line 67.
LaTeX Font Info:    Overwriting symbol font `letters' in version `bold'
(Font)                  OML/cmm/b/it --> OML/ptmcm/m/it on input line 67.
LaTeX Font Info:    Redeclaring symbol font `symbols' on input line 68.
LaTeX Font Info:    Overwriting symbol font `symbols' in version `normal'
(Font)                  OMS/cmsy/m/n --> OMS/pzccm/m/n on input line 68.
LaTeX Font Info:    Overwriting symbol font `symbols' in version `bold'
(Font)                  OMS/cmsy/b/n --> OMS/pzccm/m/n on input line 68.
LaTeX Font Info:    Redeclaring symbol font `largesymbols' on input line 69.
LaTeX Font Info:    Overwriting symbol font `largesymbols' in version `normal'
(Font)                  OMX/cmex/m/n --> OMX/psycm/m/n on input line 69.
LaTeX Font Info:    Overwriting symbol font `largesymbols' in version `bold'
(Font)                  OMX/cmex/m/n --> OMX/psycm/m/n on input line 69.
\symbold=\mathgroup6
\symitalic=\mathgroup7
LaTeX Font Info:    Redeclaring math alphabet \mathbf on input line 75.
LaTeX Font Info:    Overwriting math alphabet `\mathbf' in version `normal'
(Font)                  OT1/cmr/bx/n --> OT1/ptm/bx/n on input line 75.
LaTeX Font Info:    Overwriting math alphabet `\mathbf' in version `bold'
(Font)                  OT1/cmr/bx/n --> OT1/ptm/bx/n on input line 75.
LaTeX Font Info:    Redeclaring math alphabet \mathit on input line 76.
LaTeX Font Info:    Overwriting math alphabet `\mathit' in version `normal'
(Font)                  OT1/cmr/m/it --> OT1/ptm/m/it on input line 76.
LaTeX Font Info:    Overwriting math alphabet `\mathit' in version `bold'
(Font)                  OT1/cmr/bx/it --> OT1/ptm/m/it on input line 76.
)
(C:\Program Files\MiKTeX\tex/latex/listings\listings.sty
\lst@mode=\count343
\lst@gtempboxa=\box57
\lst@token=\toks32
\lst@length=\count344
\lst@currlwidth=\dimen181
\lst@column=\count345
\lst@pos=\count346
\lst@lostspace=\dimen182
\lst@width=\dimen183
\lst@newlines=\count347
\lst@lineno=\count348
\lst@maxwidth=\dimen184

(C:\Program Files\MiKTeX\tex/latex/listings\lstpatch.sty
File: lstpatch.sty 2025/11/14 1.11b (Carsten Heinz)
)
(C:\Program Files\MiKTeX\tex/latex/listings\lstmisc.sty
File: lstmisc.sty 2025/11/14 1.11b (Carsten Heinz)
\c@lstnumber=\count349
\lst@skipnumbers=\count350
\lst@framebox=\box58
)
(C:\Program Files\MiKTeX\tex/latex/listings\listings.cfg
File: listings.cfg 2025/11/14 1.11b listings configuration
))
Package: listings 2025/11/14 1.11b (Carsten Heinz)

==> First Aid for listings.sty no longer applied!
    Expected:
        2024/09/23 1.10c (Carsten Heinz)
    but found:
        2025/11/14 1.11b (Carsten Heinz)
    so I'm assuming it got fixed.
(C:\Program Files\MiKTeX\tex/latex/underscore\underscore.sty
Package: underscore 2006/09/13
LaTeX Info: Redefining \_ on input line 42.
)
==> First Aid for underscore.sty applied!
(C:\Program Files\MiKTeX\tex/latex/firstaid\underscore-ltx.sty
Package: underscore-ltx 2023/09/20 LaTeX firstaid to make underscore protected 

)
(C:\Program Files\MiKTeX\tex/latex/placeins\placeins.sty
Package: placeins 2005/04/18  v 2.2
)
(C:\Program Files\MiKTeX\tex/latex/biblatex\biblatex.sty
Package: biblatex 2025/07/10 v3.21 programmable bibliographies (PK/MW)

(C:\Program Files\MiKTeX\tex/latex/logreq\logreq.sty
Package: logreq 2010/08/04 v1.0 xml request logger
\lrq@indent=\count351

(C:\Program Files\MiKTeX\tex/latex/logreq\logreq.def
File: logreq.def 2010/08/04 v1.0 logreq spec v1.0
))
\c@tabx@nest=\count352
\c@listtotal=\count353
\c@listcount=\count354
\c@liststart=\count355
\c@liststop=\count356
\c@citecount=\count357
\c@citetotal=\count358
\c@multicitecount=\count359
\c@multicitetotal=\count360
\c@instcount=\count361
\c@maxnames=\count362
\c@minnames=\count363
\c@maxitems=\count364
\c@minitems=\count365
\c@citecounter=\count366
\c@maxcitecounter=\count367
\c@savedcitecounter=\count368
\c@uniquelist=\count369
\c@uniquename=\count370
\c@refsection=\count371
\c@refsegment=\count372
\c@maxextratitle=\count373
\c@maxextratitleyear=\count374
\c@maxextraname=\count375
\c@maxextradate=\count376
\c@maxextraalpha=\count377
\c@abbrvpenalty=\count378
\c@highnamepenalty=\count379
\c@lownamepenalty=\count380
\c@maxparens=\count381
\c@parenlevel=\count382
\blx@tempcnta=\count383
\blx@tempcntb=\count384
\blx@tempcntc=\count385
\c@blx@maxsection=\count386
\blx@maxsegment@0=\count387
\blx@notetype=\count388
\blx@parenlevel@text=\count389
\blx@parenlevel@foot=\count390
\blx@sectionciteorder@0=\count391
\blx@sectionciteorderinternal@0=\count392
\blx@entrysetcounter=\count393
\blx@biblioinstance=\count394
\labelnumberwidth=\skip55
\labelalphawidth=\skip56
\biblabelsep=\skip57
\bibitemsep=\skip58
\bibnamesep=\skip59
\bibinitsep=\skip60
\bibparsep=\skip61
\bibhang=\skip62
\blx@bcfin=\read3
\blx@bcfout=\write3
\blx@langwohyphens=\language80
\c@mincomprange=\count395
\c@maxcomprange=\count396
\c@mincompwidth=\count397
Package biblatex Info: Trying to load biblatex default data model...
Package biblatex Info: ... file 'blx-dm.def' found.

(C:\Program Files\MiKTeX\tex/latex/biblatex\blx-dm.def
File: blx-dm.def 2025/07/10 v3.21 biblatex datamodel (PK/MW)
)
Package biblatex Info: Trying to load biblatex style data model...
Package biblatex Info: ... file 'numeric.dbx' not found.
Package biblatex Info: Trying to load biblatex custom data model...
Package biblatex Info: ... file 'biblatex-dm.cfg' not found.
\c@afterword=\count398
\c@savedafterword=\count399
\c@annotator=\count400
\c@savedannotator=\count401
\c@author=\count402
\c@savedauthor=\count403
\c@bookauthor=\count404
\c@savedbookauthor=\count405
\c@commentator=\count406
\c@savedcommentator=\count407
\c@editor=\count408
\c@savededitor=\count409
\c@editora=\count410
\c@savededitora=\count411
\c@editorb=\count412
\c@savededitorb=\count413
\c@editorc=\count414
\c@savededitorc=\count415
\c@foreword=\count416
\c@savedforeword=\count417
\c@holder=\count418
\c@savedholder=\count419
\c@introduction=\count420
\c@savedintroduction=\count421
\c@namea=\count422
\c@savednamea=\count423
\c@nameb=\count424
\c@savednameb=\count425
\c@namec=\count426
\c@savednamec=\count427
\c@translator=\count428
\c@savedtranslator=\count429
\c@shortauthor=\count430
\c@savedshortauthor=\count431
\c@shorteditor=\count432
\c@savedshorteditor=\count433
\c@labelname=\count434
\c@savedlabelname=\count435
\c@institution=\count436
\c@savedinstitution=\count437
\c@lista=\count438
\c@savedlista=\count439
\c@listb=\count440
\c@savedlistb=\count441
\c@listc=\count442
\c@savedlistc=\count443
\c@listd=\count444
\c@savedlistd=\count445
\c@liste=\count446
\c@savedliste=\count447
\c@listf=\count448
\c@savedlistf=\count449
\c@location=\count450
\c@savedlocation=\count451
\c@organization=\count452
\c@savedorganization=\count453
\c@origlocation=\count454
\c@savedoriglocation=\count455
\c@origpublisher=\count456
\c@savedorigpublisher=\count457
\c@publisher=\count458
\c@savedpublisher=\count459
\c@language=\count460
\c@savedlanguage=\count461
\c@origlanguage=\count462
\c@savedoriglanguage=\count463
\c@pageref=\count464
\c@savedpageref=\count465
\shorthandwidth=\skip63
\shortjournalwidth=\skip64
\shortserieswidth=\skip65
\shorttitlewidth=\skip66
\shortauthorwidth=\skip67
\shorteditorwidth=\skip68
\locallabelnumberwidth=\skip69
\locallabelalphawidth=\skip70
\localshorthandwidth=\skip71
\localshortjournalwidth=\skip72
\localshortserieswidth=\skip73
\localshorttitlewidth=\skip74
\localshortauthorwidth=\skip75
\localshorteditorwidth=\skip76
Package biblatex Info: Trying to load compatibility code...
Package biblatex Info: ... file 'blx-compat.def' found.

(C:\Program Files\MiKTeX\tex/latex/biblatex\blx-compat.def
File: blx-compat.def 2025/07/10 v3.21 biblatex compatibility (PK/MW)
)
Package biblatex Info: Trying to load generic definitions...
Package biblatex Info: ... file 'biblatex.def' found.

(C:\Program Files\MiKTeX\tex/latex/biblatex\biblatex.def
File: biblatex.def 2025/07/10 v3.21 biblatex compatibility (PK/MW)
\c@textcitecount=\count466
\c@textcitetotal=\count467
\c@textcitemaxnames=\count468
\c@biburlbigbreakpenalty=\count469
\c@biburlbreakpenalty=\count470
\c@biburlnumpenalty=\count471
\c@biburlucpenalty=\count472
\c@biburllcpenalty=\count473
\biburlbigskip=\muskip19
\biburlnumskip=\muskip20
\biburlucskip=\muskip21
\biburllcskip=\muskip22
\c@smartand=\count474
)
Package biblatex Info: Trying to load bibliography style 'numeric'...
Package biblatex Info: ... file 'numeric.bbx' found.

(C:\Program Files\MiKTeX\tex/latex/biblatex/bbx\numeric.bbx
File: numeric.bbx 2025/07/10 v3.21 biblatex bibliography style (PK/MW)
Package biblatex Info: Trying to load bibliography style 'standard'...
Package biblatex Info: ... file 'standard.bbx' found.

(C:\Program Files\MiKTeX\tex/latex/biblatex/bbx\standard.bbx
File: standard.bbx 2025/07/10 v3.21 biblatex bibliography style (PK/MW)
\c@bbx:relatedcount=\count475
\c@bbx:relatedtotal=\count476
))
Package biblatex Info: Trying to load citation style 'numeric'...
Package biblatex Info: ... file 'numeric.cbx' found.

(C:\Program Files\MiKTeX\tex/latex/biblatex/cbx\numeric.cbx
File: numeric.cbx 2025/07/10 v3.21 biblatex citation style (PK/MW)
Package biblatex Info: Redefining '\cite'.
Package biblatex Info: Redefining '\parencite'.
Package biblatex Info: Redefining '\footcite'.
Package biblatex Info: Redefining '\footcitetext'.
Package biblatex Info: Redefining '\smartcite'.
Package biblatex Info: Redefining '\supercite'.
Package biblatex Info: Redefining '\textcite'.
Package biblatex Info: Redefining '\textcites'.
Package biblatex Info: Redefining '\cites'.
Package biblatex Info: Redefining '\parencites'.
Package biblatex Info: Redefining '\smartcites'.
)
Package biblatex Info: Trying to load configuration file...
Package biblatex Info: ... file 'biblatex.cfg' found.

(C:\Program Files\MiKTeX\tex/latex/biblatex\biblatex.cfg
File: biblatex.cfg 
)
Package biblatex Info: Input encoding 'utf8' detected.
Package biblatex Info: Document encoding is UTF8 ....

(C:\Program Files\MiKTeX\tex/latex/l3kernel\expl3.sty
Package: expl3 2025-12-24 L3 programming layer (loader) 

(C:\Program Files\MiKTeX\tex/latex/l3backend\l3backend-pdftex.def
File: l3backend-pdftex.def 2025-10-09 L3 backend support: PDF output (pdfTeX)
\l__color_backend_stack_int=\count477
))
Package biblatex Info: ... and expl3
(biblatex)             2025-12-24 L3 programming layer (loader) 
(biblatex)             is new enough (at least 2020/04/06),
(biblatex)             setting 'casechanger=expl3'.

(C:\Program Files\MiKTeX\tex/latex/biblatex\blx-case-expl3.sty
(C:\Program Files\MiKTeX\tex/latex/l3packages/xparse\xparse.sty
Package: xparse 2025-10-09 L3 Experimental document command parser
)
Package: blx-case-expl3 2025/07/10 v3.21 expl3 case changing code for biblatex
))

Package biblatex Warning: 'babel/polyglossia' detected but 'csquotes' missing.
(biblatex)                Loading 'csquotes' recommended.

\@quotelevel=\count478
\@quotereset=\count479
(main.aux (titlepage.aux)
Package babel Info: 'portuguese' activates 'portuges' shorthands.
(babel)             Reported on input line 11.
 (content.aux) (apendice_gerado.aux))
\openout1 = `main.aux'.

LaTeX Font Info:    Checking defaults for OML/cmm/m/it on input line 155.
LaTeX Font Info:    ... okay on input line 155.
LaTeX Font Info:    Checking defaults for OMS/pzccm/m/n on input line 155.
LaTeX Font Info:    Trying to load font information for OMS+pzccm on input line
 155.

(C:\Program Files\MiKTeX\tex/latex/psnfss\omspzccm.fd
File: omspzccm.fd 2000/01/03 Fontinst v1.801 font definitions for OMS/pzccm.
)
LaTeX Font Info:    ... okay on input line 155.
LaTeX Font Info:    Checking defaults for OT1/cmr/m/n on input line 155.
LaTeX Font Info:    ... okay on input line 155.
LaTeX Font Info:    Checking defaults for T1/cmr/m/n on input line 155.
LaTeX Font Info:    ... okay on input line 155.
LaTeX Font Info:    Checking defaults for TS1/cmr/m/n on input line 155.
LaTeX Font Info:    ... okay on input line 155.
LaTeX Font Info:    Checking defaults for OMX/cmex/m/n on input line 155.
LaTeX Font Info:    ... okay on input line 155.
LaTeX Font Info:    Checking defaults for U/cmr/m/n on input line 155.
LaTeX Font Info:    ... okay on input line 155.
LaTeX Font Info:    Checking defaults for PD1/pdf/m/n on input line 155.
LaTeX Font Info:    ... okay on input line 155.
LaTeX Font Info:    Checking defaults for PU/pdf/m/n on input line 155.
LaTeX Font Info:    ... okay on input line 155.

*geometry* driver: auto-detecting
*geometry* detected driver: pdftex
*geometry* verbose mode - [ preamble ] result:
* driver: pdftex
* paper: a4paper
* layout: <same size as paper>
* layoutoffset:(h,v)=(0.0pt,0.0pt)
* modes: 
* h-part:(L,W,R)=(85.35826pt, 455.24411pt, 56.9055pt)
* v-part:(T,H,B)=(85.35826pt, 702.78308pt, 56.9055pt)
* \paperwidth=597.50787pt
* \paperheight=845.04684pt
* \textwidth=455.24411pt
* \textheight=702.78308pt
* \oddsidemargin=13.08827pt
* \evensidemargin=13.08827pt
* \topmargin=-23.91173pt
* \headheight=12.0pt
* \headsep=25.0pt
* \topskip=12.0pt
* \footskip=30.0pt
* \marginparwidth=35.0pt
* \marginparsep=10.0pt
* \columnsep=10.0pt
* \skip\footins=10.8pt plus 4.0pt minus 2.0pt
* \hoffset=0.0pt
* \voffset=0.0pt
* \mag=1000
* \@twocolumnfalse
* \@twosidefalse
* \@mparswitchfalse
* \@reversemarginfalse
* (1in=72.27pt=25.4mm, 1cm=28.453pt)

(C:\Program Files\MiKTeX\tex/context/base/mkii\supp-pdf.mkii
[Loading MPS to PDF converter (version 2006.09.02).]
\scratchcounter=\count480
\scratchdimen=\dimen185
\scratchbox=\box59
\nofMPsegments=\count481
\nofMParguments=\count482
\everyMPshowfont=\toks33
\MPscratchCnt=\count483
\MPscratchDim=\dimen186
\MPnumerator=\count484
\makeMPintoPDFobject=\count485
\everyMPtoPDFconversion=\toks34
) (C:\Program Files\MiKTeX\tex/latex/epstopdf-pkg\epstopdf-base.sty
Package: epstopdf-base 2020-01-24 v2.11 Base part for package epstopdf
Package epstopdf-base Info: Redefining graphics rule for `.eps' on input line 4
85.

(C:\Program Files\MiKTeX\tex/latex/00miktex\epstopdf-sys.cfg
File: epstopdf-sys.cfg 2021/03/18 v2.0 Configuration of epstopdf for MiKTeX
))
Package hyperref Info: Link coloring OFF on input line 155.
 (main.out)
(main.out)
\@outlinefile=\write4
\openout4 = `main.out'.

Package caption Info: Begin \AtBeginDocument code.
Package caption Info: listings package is loaded.
Package caption Info: End \AtBeginDocument code.
\c@lstlisting=\count486
Package biblatex Info: Trying to load language 'portuguese'...
Package biblatex Info: ... file 'portuguese.lbx' found.
 (C:\Program Files\MiKTeX\tex/latex/biblatex/lbx\portuguese.lbx
File: portuguese.lbx 2025/07/10 v3.21 biblatex localization (PK/MW)
)
Package biblatex Info: Input encoding 'utf8' detected.
Package biblatex Info: Automatic encoding selection.
(biblatex)             Assuming data encoding 'utf8'.
\openout3 = `main.bcf'.

Package biblatex Info: Trying to load bibliographic data...
Package biblatex Info: ... file 'main.bbl' found.

(main.bbl)
Package biblatex Info: Reference section=0 on input line 155.
Package biblatex Info: Reference segment=0 on input line 155.
\openout2 = `titlepage.aux'.

 (titlepage.tex
LaTeX Font Info:    Trying to load font information for OT1+ptmcm on input line
 7.
 (C:\Program Files\MiKTeX\tex/latex/psnfss\ot1ptmcm.fd
File: ot1ptmcm.fd 2000/01/03 Fontinst v1.801 font definitions for OT1/ptmcm.
)
LaTeX Font Info:    Trying to load font information for OML+ptmcm on input line
 7.
 (C:\Program Files\MiKTeX\tex/latex/psnfss\omlptmcm.fd
File: omlptmcm.fd 2000/01/03 Fontinst v1.801 font definitions for OML/ptmcm.
)
LaTeX Font Info:    Trying to load font information for OMX+psycm on input line
 7.

(C:\Program Files\MiKTeX\tex/latex/psnfss\omxpsycm.fd
File: omxpsycm.fd 2000/01/03 Fontinst v1.801 font definitions for OMX/psycm.
)
LaTeX Font Info:    Trying to load font information for U+msa on input line 7.

(C:\Program Files\MiKTeX\tex/latex/amsfonts\umsa.fd
File: umsa.fd 2013/01/14 v3.01 AMS symbols A
)
LaTeX Font Info:    Trying to load font information for U+msb on input line 7.

(C:\Program Files\MiKTeX\tex/latex/amsfonts\umsb.fd
File: umsb.fd 2013/01/14 v3.01 AMS symbols B
)
LaTeX Font Info:    Font shape `OT1/ptm/bx/n' in size <12> not available
(Font)              Font shape `OT1/ptm/b/n' tried instead on input line 7.
LaTeX Font Info:    Font shape `OT1/ptm/bx/n' in size <9> not available
(Font)              Font shape `OT1/ptm/b/n' tried instead on input line 7.
LaTeX Font Info:    Font shape `OT1/ptm/bx/n' in size <7> not available
(Font)              Font shape `OT1/ptm/b/n' tried instead on input line 7.
 [1{C:/Users/Felipe/AppData/Local/MiKTeX/fonts/map/pdftex/pdftex.map}{C:/Progra
m Files/MiKTeX/fonts/enc/dvips/base/8r.enc}


])
\openout2 = `content.aux'.

 (content.tex (main.toc
pdfTeX warning (ext4): destination with the same identifier (name{page.1}) has 
been already used, duplicate ignored
<to be read again> 
                   \relax 
l.45 ...: GP - F1 SCORE}{39}{subsubsection.6.2.22}
                                                  % [1



] [2])
\tf@toc=\write5
\openout5 = `main.toc'.


pdfTeX warning (ext4): destination with the same identifier (name{page.2}) has 
been already used, duplicate ignored
<to be read again> 
                   \relax 
l.3 	\newpage
              [2]
LaTeX Font Info:    Trying to load font information for TS1+ptm on input line 2
4.
 (C:\Program Files\MiKTeX\tex/latex/psnfss\ts1ptm.fd
File: ts1ptm.fd 2001/06/04 font definitions for TS1/ptm.
) [3]
Overfull \hbox (3.38979pt too wide) in paragraph at lines 28--29
[]\OT1/ptm/b/n/12 Simula[][]ao de Es-ca-las Dis-tin-tas: \OT1/ptm/m/n/12 Para v
a-li-dar a ne-ces-si-dade das t[]ecnicas de normaliza[][]ao,
 []

[4] [5]
<plots/Global_Averages/accuracy/summary_heatmap_accuracy.pdf, id=607, 722.7pt x
 578.16pt>
File: plots/Global_Averages/accuracy/summary_heatmap_accuracy.pdf Graphic file 
(type pdf)
<use plots/Global_Averages/accuracy/summary_heatmap_accuracy.pdf>
Package pdftex.def Info: plots/Global_Averages/accuracy/summary_heatmap_accurac
y.pdf  used on input line 76.
(pdftex.def)             Requested size: 218.51521pt x 174.80792pt.
<plots/Global_Averages/f1_score/summary_heatmap_f1_score.pdf, id=608, 722.7pt x
 578.16pt>
File: plots/Global_Averages/f1_score/summary_heatmap_f1_score.pdf Graphic file 
(type pdf)
<use plots/Global_Averages/f1_score/summary_heatmap_f1_score.pdf>
Package pdftex.def Info: plots/Global_Averages/f1_score/summary_heatmap_f1_scor
e.pdf  used on input line 76.
(pdftex.def)             Requested size: 218.51521pt x 174.80792pt.
<plots/Global_Averages/g_mean/summary_heatmap_g_mean.pdf, id=609, 722.7pt x 578
.16pt>
File: plots/Global_Averages/g_mean/summary_heatmap_g_mean.pdf Graphic file (typ
e pdf)
<use plots/Global_Averages/g_mean/summary_heatmap_g_mean.pdf>
Package pdftex.def Info: plots/Global_Averages/g_mean/summary_heatmap_g_mean.pd
f  used on input line 90.
(pdftex.def)             Requested size: 218.51521pt x 174.80792pt.
<plots/Global_Averages/roc_auc/summary_heatmap_roc_auc.pdf, id=610, 722.7pt x 5
78.16pt>
File: plots/Global_Averages/roc_auc/summary_heatmap_roc_auc.pdf Graphic file (t
ype pdf)
<use plots/Global_Averages/roc_auc/summary_heatmap_roc_auc.pdf>
Package pdftex.def Info: plots/Global_Averages/roc_auc/summary_heatmap_roc_auc.
pdf  used on input line 90.
(pdftex.def)             Requested size: 218.51521pt x 174.80792pt.
 [6 <./plots/Global_Averages/accuracy/summary_heatmap_accuracy.pdf> <./plots/Gl
obal_Averages/f1_score/summary_heatmap_f1_score.pdf>] [7 <./plots/Global_Averag
es/g_mean/summary_heatmap_g_mean.pdf> <./plots/Global_Averages/roc_auc/summary_
heatmap_roc_auc.pdf>]
Overfull \hbox (0.89487pt too wide) in paragraph at lines 97--98
\OT1/ptm/m/n/12 n[]ao []e me-ra-mente uma etapa acess[]oria, mas um fa-tor de-t
er-mi-nante para o su-cesso da classifica[][]ao
 []


Overfull \hbox (1.73065pt too wide) in paragraph at lines 101--102
[]\OT1/ptm/m/n/12 As t[]ecnicas Quan-ti-le-Trans-for-mer (QT) e Ro-bustS-ca-ler
 (RS) apresentaram-se como as op[][]oes
 []


Overfull \hbox (15.0908pt too wide) in paragraph at lines 109--110
[]\OT1/ptm/m/n/12 Expandir o es-tudo para Re-des Neu-rais Pro-fun-das (Deep Le-
ar-ning) e ava-liar se a normaliza[][]ao
 []

[8]
Overfull \hbox (1.10547pt too wide) in paragraph at lines 117--117
\OT1/ptm/m/it/12 per-for-mance de classifica[][]ao em cen[]arios de-sa-fi-a-do-
res: des-ba-lan-ce-a-mento e sobreposi[][]ao
 []


Overfull \hbox (11.75432pt too wide) in paragraph at lines 117--117
\OT1/ptm/m/it/12 en-tre clas-ses\OT1/ptm/m/n/12 . Pro-jeto de Pes-quisa PIIC416
3-2025. Uni-ver-si-dade Fe-de-ral de Ala-goas (UFAL),
 []

) [9]
\openout2 = `apendice_gerado.aux'.

 (apendice_gerado.tex
<plots/Global_Averages/accuracy/avg_lineplot_AdaBoost_accuracy.pdf, id=859, 722
.7pt x 433.62pt>
File: plots/Global_Averages/accuracy/avg_lineplot_AdaBoost_accuracy.pdf Graphic
 file (type pdf)
<use plots/Global_Averages/accuracy/avg_lineplot_AdaBoost_accuracy.pdf>
Package pdftex.def Info: plots/Global_Averages/accuracy/avg_lineplot_AdaBoost_a
ccuracy.pdf  used on input line 7.
(pdftex.def)             Requested size: 145.68144pt x 87.40396pt.
<plots/Global_Averages/accuracy/avg_lineplot_Bagging_accuracy.pdf, id=860, 722.
7pt x 433.62pt>
File: plots/Global_Averages/accuracy/avg_lineplot_Bagging_accuracy.pdf Graphic 
file (type pdf)
<use plots/Global_Averages/accuracy/avg_lineplot_Bagging_accuracy.pdf>
Package pdftex.def Info: plots/Global_Averages/accuracy/avg_lineplot_Bagging_ac
curacy.pdf  used on input line 8.
(pdftex.def)             Requested size: 145.68144pt x 87.40396pt.
<plots/Global_Averages/accuracy/avg_lineplot_DT_accuracy.pdf, id=861, 722.7pt x
 433.62pt>
File: plots/Global_Averages/accuracy/avg_lineplot_DT_accuracy.pdf Graphic file 
(type pdf)
<use plots/Global_Averages/accuracy/avg_lineplot_DT_accuracy.pdf>
Package pdftex.def Info: plots/Global_Averages/accuracy/avg_lineplot_DT_accurac
y.pdf  used on input line 9.
(pdftex.def)             Requested size: 145.68144pt x 87.40396pt.
<plots/Global_Averages/accuracy/avg_lineplot_GLQV_accuracy.pdf, id=862, 722.7pt
 x 433.62pt>
File: plots/Global_Averages/accuracy/avg_lineplot_GLQV_accuracy.pdf Graphic fil
e (type pdf)
<use plots/Global_Averages/accuracy/avg_lineplot_GLQV_accuracy.pdf>
Package pdftex.def Info: plots/Global_Averages/accuracy/avg_lineplot_GLQV_accur
acy.pdf  used on input line 10.
(pdftex.def)             Requested size: 145.68144pt x 87.40396pt.
<plots/Global_Averages/accuracy/avg_lineplot_GNB_accuracy.pdf, id=863, 722.7pt 
x 433.62pt>
File: plots/Global_Averages/accuracy/avg_lineplot_GNB_accuracy.pdf Graphic file
 (type pdf)
<use plots/Global_Averages/accuracy/avg_lineplot_GNB_accuracy.pdf>
Package pdftex.def Info: plots/Global_Averages/accuracy/avg_lineplot_GNB_accura
cy.pdf  used on input line 11.
(pdftex.def)             Requested size: 145.68144pt x 87.40396pt.
<plots/Global_Averages/accuracy/avg_lineplot_GP_accuracy.pdf, id=864, 722.7pt x
 433.62pt>
File: plots/Global_Averages/accuracy/avg_lineplot_GP_accuracy.pdf Graphic file 
(type pdf)
<use plots/Global_Averages/accuracy/avg_lineplot_GP_accuracy.pdf>
Package pdftex.def Info: plots/Global_Averages/accuracy/avg_lineplot_GP_accurac
y.pdf  used on input line 12.
(pdftex.def)             Requested size: 145.68144pt x 87.40396pt.
<plots/Global_Averages/accuracy/avg_lineplot_KNN_accuracy.pdf, id=865, 722.7pt 
x 433.62pt>
File: plots/Global_Averages/accuracy/avg_lineplot_KNN_accuracy.pdf Graphic file
 (type pdf)
<use plots/Global_Averages/accuracy/avg_lineplot_KNN_accuracy.pdf>
Package pdftex.def Info: plots/Global_Averages/accuracy/avg_lineplot_KNN_accura
cy.pdf  used on input line 13.
(pdftex.def)             Requested size: 145.68144pt x 87.40396pt.
<plots/Global_Averages/accuracy/avg_lineplot_KNORAE_accuracy.pdf, id=866, 722.7
pt x 433.62pt>
File: plots/Global_Averages/accuracy/avg_lineplot_KNORAE_accuracy.pdf Graphic f
ile (type pdf)
<use plots/Global_Averages/accuracy/avg_lineplot_KNORAE_accuracy.pdf>
Package pdftex.def Info: plots/Global_Averages/accuracy/avg_lineplot_KNORAE_acc
uracy.pdf  used on input line 14.
(pdftex.def)             Requested size: 145.68144pt x 87.40396pt.
<plots/Global_Averages/accuracy/avg_lineplot_KNORAU_accuracy.pdf, id=867, 722.7
pt x 433.62pt>
File: plots/Global_Averages/accuracy/avg_lineplot_KNORAU_accuracy.pdf Graphic f
ile (type pdf)
<use plots/Global_Averages/accuracy/avg_lineplot_KNORAU_accuracy.pdf>
Package pdftex.def Info: plots/Global_Averages/accuracy/avg_lineplot_KNORAU_acc
uracy.pdf  used on input line 15.
(pdftex.def)             Requested size: 145.68144pt x 87.40396pt.
<plots/Global_Averages/accuracy/avg_lineplot_LCA_accuracy.pdf, id=868, 722.7pt 
x 433.62pt>
File: plots/Global_Averages/accuracy/avg_lineplot_LCA_accuracy.pdf Graphic file
 (type pdf)
<use plots/Global_Averages/accuracy/avg_lineplot_LCA_accuracy.pdf>
Package pdftex.def Info: plots/Global_Averages/accuracy/avg_lineplot_LCA_accura
cy.pdf  used on input line 16.
(pdftex.def)             Requested size: 145.68144pt x 87.40396pt.
<plots/Global_Averages/accuracy/avg_lineplot_LDA_accuracy.pdf, id=869, 722.7pt 
x 433.62pt>
File: plots/Global_Averages/accuracy/avg_lineplot_LDA_accuracy.pdf Graphic file
 (type pdf)
<use plots/Global_Averages/accuracy/avg_lineplot_LDA_accuracy.pdf>
Package pdftex.def Info: plots/Global_Averages/accuracy/avg_lineplot_LDA_accura
cy.pdf  used on input line 17.
(pdftex.def)             Requested size: 145.68144pt x 87.40396pt.
<plots/Global_Averages/accuracy/avg_lineplot_LR_accuracy.pdf, id=870, 722.7pt x
 433.62pt>
File: plots/Global_Averages/accuracy/avg_lineplot_LR_accuracy.pdf Graphic file 
(type pdf)
<use plots/Global_Averages/accuracy/avg_lineplot_LR_accuracy.pdf>
Package pdftex.def Info: plots/Global_Averages/accuracy/avg_lineplot_LR_accurac
y.pdf  used on input line 18.
(pdftex.def)             Requested size: 145.68144pt x 87.40396pt.
<plots/Global_Averages/accuracy/avg_lineplot_MCB_accuracy.pdf, id=871, 722.7pt 
x 433.62pt>
File: plots/Global_Averages/accuracy/avg_lineplot_MCB_accuracy.pdf Graphic file
 (type pdf)
<use plots/Global_Averages/accuracy/avg_lineplot_MCB_accuracy.pdf>
Package pdftex.def Info: plots/Global_Averages/accuracy/avg_lineplot_MCB_accura
cy.pdf  used on input line 24.
(pdftex.def)             Requested size: 145.68144pt x 87.40396pt.
<plots/Global_Averages/accuracy/avg_lineplot_MLP_accuracy.pdf, id=872, 722.7pt 
x 433.62pt>
File: plots/Global_Averages/accuracy/avg_lineplot_MLP_accuracy.pdf Graphic file
 (type pdf)
<use plots/Global_Averages/accuracy/avg_lineplot_MLP_accuracy.pdf>
Package pdftex.def Info: plots/Global_Averages/accuracy/avg_lineplot_MLP_accura
cy.pdf  used on input line 25.
(pdftex.def)             Requested size: 145.68144pt x 87.40396pt.
<plots/Global_Averages/accuracy/avg_lineplot_OLA_accuracy.pdf, id=873, 722.7pt 
x 433.62pt>
File: plots/Global_Averages/accuracy/avg_lineplot_OLA_accuracy.pdf Graphic file
 (type pdf)
<use plots/Global_Averages/accuracy/avg_lineplot_OLA_accuracy.pdf>
Package pdftex.def Info: plots/Global_Averages/accuracy/avg_lineplot_OLA_accura
cy.pdf  used on input line 26.
(pdftex.def)             Requested size: 145.68144pt x 87.40396pt.
<plots/Global_Averages/accuracy/avg_lineplot_Percep_accuracy.pdf, id=874, 722.7
pt x 433.62pt>
File: plots/Global_Averages/accuracy/avg_lineplot_Percep_accuracy.pdf Graphic f
ile (type pdf)
<use plots/Global_Averages/accuracy/avg_lineplot_Percep_accuracy.pdf>
Package pdftex.def Info: plots/Global_Averages/accuracy/avg_lineplot_Percep_acc
uracy.pdf  used on input line 27.
(pdftex.def)             Requested size: 145.68144pt x 87.40396pt.
<plots/Global_Averages/accuracy/avg_lineplot_QDA_accuracy.pdf, id=875, 722.7pt 
x 433.62pt>
File: plots/Global_Averages/accuracy/avg_lineplot_QDA_accuracy.pdf Graphic file
 (type pdf)
<use plots/Global_Averages/accuracy/avg_lineplot_QDA_accuracy.pdf>
Package pdftex.def Info: plots/Global_Averages/accuracy/avg_lineplot_QDA_accura
cy.pdf  used on input line 28.
(pdftex.def)             Requested size: 145.68144pt x 87.40396pt.
<plots/Global_Averages/accuracy/avg_lineplot_RF_accuracy.pdf, id=876, 722.7pt x
 433.62pt>
File: plots/Global_Averages/accuracy/avg_lineplot_RF_accuracy.pdf Graphic file 
(type pdf)
<use plots/Global_Averages/accuracy/avg_lineplot_RF_accuracy.pdf>
Package pdftex.def Info: plots/Global_Averages/accuracy/avg_lineplot_RF_accurac
y.pdf  used on input line 29.
(pdftex.def)             Requested size: 145.68144pt x 87.40396pt.
<plots/Global_Averages/accuracy/avg_lineplot_SVM_lin_accuracy.pdf, id=877, 722.
7pt x 433.62pt>
File: plots/Global_Averages/accuracy/avg_lineplot_SVM_lin_accuracy.pdf Graphic 
file (type pdf)
<use plots/Global_Averages/accuracy/avg_lineplot_SVM_lin_accuracy.pdf>
Package pdftex.def Info: plots/Global_Averages/accuracy/avg_lineplot_SVM_lin_ac
curacy.pdf  used on input line 30.
(pdftex.def)             Requested size: 145.68144pt x 87.40396pt.
<plots/Global_Averages/accuracy/avg_lineplot_SVM_rbf_accuracy.pdf, id=878, 722.
7pt x 433.62pt>
File: plots/Global_Averages/accuracy/avg_lineplot_SVM_rbf_accuracy.pdf Graphic 
file (type pdf)
<use plots/Global_Averages/accuracy/avg_lineplot_SVM_rbf_accuracy.pdf>
Package pdftex.def Info: plots/Global_Averages/accuracy/avg_lineplot_SVM_rbf_ac
curacy.pdf  used on input line 31.
(pdftex.def)             Requested size: 145.68144pt x 87.40396pt.
<plots/Global_Averages/accuracy/avg_lineplot_XGBoost_accuracy.pdf, id=879, 722.
7pt x 433.62pt>
File: plots/Global_Averages/accuracy/avg_lineplot_XGBoost_accuracy.pdf Graphic 
file (type pdf)
<use plots/Global_Averages/accuracy/avg_lineplot_XGBoost_accuracy.pdf>
Package pdftex.def Info: plots/Global_Averages/accuracy/avg_lineplot_XGBoost_ac
curacy.pdf  used on input line 32.
(pdftex.def)             Requested size: 145.68144pt x 87.40396pt.
 [10



 <./plots/Global_Averages/accuracy/avg_lineplot_AdaBoost_accuracy.pdf> <./plots
/Global_Averages/accuracy/avg_lineplot_Bagging_accuracy.pdf> <./plots/Global_Av
erages/accuracy/avg_lineplot_DT_accuracy.pdf> <./plots/Global_Averages/accuracy
/avg_lineplot_GLQV_accuracy.pdf> <./plots/Global_Averages/accuracy/avg_lineplot
_GNB_accuracy.pdf> <./plots/Global_Averages/accuracy/avg_lineplot_GP_accuracy.p
df> <./plots/Global_Averages/accuracy/avg_lineplot_KNN_accuracy.pdf> <./plots/G
lobal_Averages/accuracy/avg_lineplot_KNORAE_accuracy.pdf> <./plots/Global_Avera
ges/accuracy/avg_lineplot_KNORAU_accuracy.pdf> <./plots/Global_Averages/accurac
y/avg_lineplot_LCA_accuracy.pdf> <./plots/Global_Averages/accuracy/avg_lineplot
_LDA_accuracy.pdf> <./plots/Global_Averages/accuracy/avg_lineplot_LR_accuracy.p
df>] [11 <./plots/Global_Averages/accuracy/avg_lineplot_MCB_accuracy.pdf> <./pl
ots/Global_Averages/accuracy/avg_lineplot_MLP_accuracy.pdf> <./plots/Global_Ave
rages/accuracy/avg_lineplot_OLA_accuracy.pdf> <./plots/Global_Averages/accuracy
/avg_lineplot_Percep_accuracy.pdf> <./plots/Global_Averages/accuracy/avg_linepl
ot_QDA_accuracy.pdf> <./plots/Global_Averages/accuracy/avg_lineplot_RF_accuracy
.pdf> <./plots/Global_Averages/accuracy/avg_lineplot_SVM_lin_accuracy.pdf> <./p
lots/Global_Averages/accuracy/avg_lineplot_SVM_rbf_accuracy.pdf> <./plots/Globa
l_Averages/accuracy/avg_lineplot_XGBoost_accuracy.pdf>]
<plots/Global_Averages/f1_score/avg_lineplot_AdaBoost_f1_score.pdf, id=2159, 72
2.7pt x 433.62pt>
File: plots/Global_Averages/f1_score/avg_lineplot_AdaBoost_f1_score.pdf Graphic
 file (type pdf)
<use plots/Global_Averages/f1_score/avg_lineplot_AdaBoost_f1_score.pdf>
Package pdftex.def Info: plots/Global_Averages/f1_score/avg_lineplot_AdaBoost_f
1_score.pdf  used on input line 40.
(pdftex.def)             Requested size: 145.68144pt x 87.40396pt.
<plots/Global_Averages/f1_score/avg_lineplot_Bagging_f1_score.pdf, id=2160, 722
.7pt x 433.62pt>
File: plots/Global_Averages/f1_score/avg_lineplot_Bagging_f1_score.pdf Graphic 
file (type pdf)
<use plots/Global_Averages/f1_score/avg_lineplot_Bagging_f1_score.pdf>
Package pdftex.def Info: plots/Global_Averages/f1_score/avg_lineplot_Bagging_f1
_score.pdf  used on input line 41.
(pdftex.def)             Requested size: 145.68144pt x 87.40396pt.
<plots/Global_Averages/f1_score/avg_lineplot_DT_f1_score.pdf, id=2161, 722.7pt 
x 433.62pt>
File: plots/Global_Averages/f1_score/avg_lineplot_DT_f1_score.pdf Graphic file 
(type pdf)
<use plots/Global_Averages/f1_score/avg_lineplot_DT_f1_score.pdf>
Package pdftex.def Info: plots/Global_Averages/f1_score/avg_lineplot_DT_f1_scor
e.pdf  used on input line 42.
(pdftex.def)             Requested size: 145.68144pt x 87.40396pt.
<plots/Global_Averages/f1_score/avg_lineplot_GLQV_f1_score.pdf, id=2162, 722.7p
t x 433.62pt>
File: plots/Global_Averages/f1_score/avg_lineplot_GLQV_f1_score.pdf Graphic fil
e (type pdf)
<use plots/Global_Averages/f1_score/avg_lineplot_GLQV_f1_score.pdf>
Package pdftex.def Info: plots/Global_Averages/f1_score/avg_lineplot_GLQV_f1_sc
ore.pdf  used on input line 43.
(pdftex.def)             Requested size: 145.68144pt x 87.40396pt.
<plots/Global_Averages/f1_score/avg_lineplot_GNB_f1_score.pdf, id=2163, 722.7pt
 x 433.62pt>
File: plots/Global_Averages/f1_score/avg_lineplot_GNB_f1_score.pdf Graphic file
 (type pdf)
<use plots/Global_Averages/f1_score/avg_lineplot_GNB_f1_score.pdf>
Package pdftex.def Info: plots/Global_Averages/f1_score/avg_lineplot_GNB_f1_sco
re.pdf  used on input line 44.
(pdftex.def)             Requested size: 145.68144pt x 87.40396pt.
<plots/Global_Averages/f1_score/avg_lineplot_GP_f1_score.pdf, id=2164, 722.7pt 
x 433.62pt>
File: plots/Global_Averages/f1_score/avg_lineplot_GP_f1_score.pdf Graphic file 
(type pdf)
<use plots/Global_Averages/f1_score/avg_lineplot_GP_f1_score.pdf>
Package pdftex.def Info: plots/Global_Averages/f1_score/avg_lineplot_GP_f1_scor
e.pdf  used on input line 45.
(pdftex.def)             Requested size: 145.68144pt x 87.40396pt.
<plots/Global_Averages/f1_score/avg_lineplot_KNN_f1_score.pdf, id=2165, 722.7pt
 x 433.62pt>
File: plots/Global_Averages/f1_score/avg_lineplot_KNN_f1_score.pdf Graphic file
 (type pdf)
<use plots/Global_Averages/f1_score/avg_lineplot_KNN_f1_score.pdf>
Package pdftex.def Info: plots/Global_Averages/f1_score/avg_lineplot_KNN_f1_sco
re.pdf  used on input line 46.
(pdftex.def)             Requested size: 145.68144pt x 87.40396pt.
<plots/Global_Averages/f1_score/avg_lineplot_KNORAE_f1_score.pdf, id=2166, 722.
7pt x 433.62pt>
File: plots/Global_Averages/f1_score/avg_lineplot_KNORAE_f1_score.pdf Graphic f
ile (type pdf)
<use plots/Global_Averages/f1_score/avg_lineplot_KNORAE_f1_score.pdf>
Package pdftex.def Info: plots/Global_Averages/f1_score/avg_lineplot_KNORAE_f1_
score.pdf  used on input line 47.
(pdftex.def)             Requested size: 145.68144pt x 87.40396pt.
<plots/Global_Averages/f1_score/avg_lineplot_KNORAU_f1_score.pdf, id=2167, 722.
7pt x 433.62pt>
File: plots/Global_Averages/f1_score/avg_lineplot_KNORAU_f1_score.pdf Graphic f
ile (type pdf)
<use plots/Global_Averages/f1_score/avg_lineplot_KNORAU_f1_score.pdf>
Package pdftex.def Info: plots/Global_Averages/f1_score/avg_lineplot_KNORAU_f1_
score.pdf  used on input line 48.
(pdftex.def)             Requested size: 145.68144pt x 87.40396pt.
<plots/Global_Averages/f1_score/avg_lineplot_LCA_f1_score.pdf, id=2168, 722.7pt
 x 433.62pt>
File: plots/Global_Averages/f1_score/avg_lineplot_LCA_f1_score.pdf Graphic file
 (type pdf)
<use plots/Global_Averages/f1_score/avg_lineplot_LCA_f1_score.pdf>
Package pdftex.def Info: plots/Global_Averages/f1_score/avg_lineplot_LCA_f1_sco
re.pdf  used on input line 49.
(pdftex.def)             Requested size: 145.68144pt x 87.40396pt.
<plots/Global_Averages/f1_score/avg_lineplot_LDA_f1_score.pdf, id=2169, 722.7pt
 x 433.62pt>
File: plots/Global_Averages/f1_score/avg_lineplot_LDA_f1_score.pdf Graphic file
 (type pdf)
<use plots/Global_Averages/f1_score/avg_lineplot_LDA_f1_score.pdf>
Package pdftex.def Info: plots/Global_Averages/f1_score/avg_lineplot_LDA_f1_sco
re.pdf  used on input line 50.
(pdftex.def)             Requested size: 145.68144pt x 87.40396pt.
<plots/Global_Averages/f1_score/avg_lineplot_LR_f1_score.pdf, id=2170, 722.7pt 
x 433.62pt>
File: plots/Global_Averages/f1_score/avg_lineplot_LR_f1_score.pdf Graphic file 
(type pdf)
<use plots/Global_Averages/f1_score/avg_lineplot_LR_f1_score.pdf>
Package pdftex.def Info: plots/Global_Averages/f1_score/avg_lineplot_LR_f1_scor
e.pdf  used on input line 51.
(pdftex.def)             Requested size: 145.68144pt x 87.40396pt.
<plots/Global_Averages/f1_score/avg_lineplot_MCB_f1_score.pdf, id=2171, 722.7pt
 x 433.62pt>
File: plots/Global_Averages/f1_score/avg_lineplot_MCB_f1_score.pdf Graphic file
 (type pdf)
<use plots/Global_Averages/f1_score/avg_lineplot_MCB_f1_score.pdf>
Package pdftex.def Info: plots/Global_Averages/f1_score/avg_lineplot_MCB_f1_sco
re.pdf  used on input line 57.
(pdftex.def)             Requested size: 145.68144pt x 87.40396pt.
<plots/Global_Averages/f1_score/avg_lineplot_MLP_f1_score.pdf, id=2172, 722.7pt
 x 433.62pt>
File: plots/Global_Averages/f1_score/avg_lineplot_MLP_f1_score.pdf Graphic file
 (type pdf)
<use plots/Global_Averages/f1_score/avg_lineplot_MLP_f1_score.pdf>
Package pdftex.def Info: plots/Global_Averages/f1_score/avg_lineplot_MLP_f1_sco
re.pdf  used on input line 58.
(pdftex.def)             Requested size: 145.68144pt x 87.40396pt.
<plots/Global_Averages/f1_score/avg_lineplot_OLA_f1_score.pdf, id=2173, 722.7pt
 x 433.62pt>
File: plots/Global_Averages/f1_score/avg_lineplot_OLA_f1_score.pdf Graphic file
 (type pdf)
<use plots/Global_Averages/f1_score/avg_lineplot_OLA_f1_score.pdf>
Package pdftex.def Info: plots/Global_Averages/f1_score/avg_lineplot_OLA_f1_sco
re.pdf  used on input line 59.
(pdftex.def)             Requested size: 145.68144pt x 87.40396pt.
<plots/Global_Averages/f1_score/avg_lineplot_Percep_f1_score.pdf, id=2174, 722.
7pt x 433.62pt>
File: plots/Global_Averages/f1_score/avg_lineplot_Percep_f1_score.pdf Graphic f
ile (type pdf)
<use plots/Global_Averages/f1_score/avg_lineplot_Percep_f1_score.pdf>
Package pdftex.def Info: plots/Global_Averages/f1_score/avg_lineplot_Percep_f1_
score.pdf  used on input line 60.
(pdftex.def)             Requested size: 145.68144pt x 87.40396pt.
<plots/Global_Averages/f1_score/avg_lineplot_QDA_f1_score.pdf, id=2175, 722.7pt
 x 433.62pt>
File: plots/Global_Averages/f1_score/avg_lineplot_QDA_f1_score.pdf Graphic file
 (type pdf)
<use plots/Global_Averages/f1_score/avg_lineplot_QDA_f1_score.pdf>
Package pdftex.def Info: plots/Global_Averages/f1_score/avg_lineplot_QDA_f1_sco
re.pdf  used on input line 61.
(pdftex.def)             Requested size: 145.68144pt x 87.40396pt.
<plots/Global_Averages/f1_score/avg_lineplot_RF_f1_score.pdf, id=2176, 722.7pt 
x 433.62pt>
File: plots/Global_Averages/f1_score/avg_lineplot_RF_f1_score.pdf Graphic file 
(type pdf)
<use plots/Global_Averages/f1_score/avg_lineplot_RF_f1_score.pdf>
Package pdftex.def Info: plots/Global_Averages/f1_score/avg_lineplot_RF_f1_scor
e.pdf  used on input line 62.
(pdftex.def)             Requested size: 145.68144pt x 87.40396pt.
<plots/Global_Averages/f1_score/avg_lineplot_SVM_lin_f1_score.pdf, id=2177, 722
.7pt x 433.62pt>
File: plots/Global_Averages/f1_score/avg_lineplot_SVM_lin_f1_score.pdf Graphic 
file (type pdf)
<use plots/Global_Averages/f1_score/avg_lineplot_SVM_lin_f1_score.pdf>
Package pdftex.def Info: plots/Global_Averages/f1_score/avg_lineplot_SVM_lin_f1
_score.pdf  used on input line 63.
(pdftex.def)             Requested size: 145.68144pt x 87.40396pt.
<plots/Global_Averages/f1_score/avg_lineplot_SVM_rbf_f1_score.pdf, id=2178, 722
.7pt x 433.62pt>
File: plots/Global_Averages/f1_score/avg_lineplot_SVM_rbf_f1_score.pdf Graphic 
file (type pdf)
<use plots/Global_Averages/f1_score/avg_lineplot_SVM_rbf_f1_score.pdf>
Package pdftex.def Info: plots/Global_Averages/f1_score/avg_lineplot_SVM_rbf_f1
_score.pdf  used on input line 64.
(pdftex.def)             Requested size: 145.68144pt x 87.40396pt.
<plots/Global_Averages/f1_score/avg_lineplot_XGBoost_f1_score.pdf, id=2179, 722
.7pt x 433.62pt>
File: plots/Global_Averages/f1_score/avg_lineplot_XGBoost_f1_score.pdf Graphic 
file (type pdf)
<use plots/Global_Averages/f1_score/avg_lineplot_XGBoost_f1_score.pdf>
Package pdftex.def Info: plots/Global_Averages/f1_score/avg_lineplot_XGBoost_f1
_score.pdf  used on input line 65.
(pdftex.def)             Requested size: 145.68144pt x 87.40396pt.
 [12

 <./plots/Global_Averages/f1_score/avg_lineplot_AdaBoost_f1_score.pdf> <./plots
/Global_Averages/f1_score/avg_lineplot_Bagging_f1_score.pdf> <./plots/Global_Av
erages/f1_score/avg_lineplot_DT_f1_score.pdf> <./plots/Global_Averages/f1_score
/avg_lineplot_GLQV_f1_score.pdf> <./plots/Global_Averages/f1_score/avg_lineplot
_GNB_f1_score.pdf> <./plots/Global_Averages/f1_score/avg_lineplot_GP_f1_score.p
df> <./plots/Global_Averages/f1_score/avg_lineplot_KNN_f1_score.pdf> <./plots/G
lobal_Averages/f1_score/avg_lineplot_KNORAE_f1_score.pdf> <./plots/Global_Avera
ges/f1_score/avg_lineplot_KNORAU_f1_score.pdf> <./plots/Global_Averages/f1_scor
e/avg_lineplot_LCA_f1_score.pdf> <./plots/Global_Averages/f1_score/avg_lineplot
_LDA_f1_score.pdf> <./plots/Global_Averages/f1_score/avg_lineplot_LR_f1_score.p
df>] [13 <./plots/Global_Averages/f1_score/avg_lineplot_MCB_f1_score.pdf> <./pl
ots/Global_Averages/f1_score/avg_lineplot_MLP_f1_score.pdf> <./plots/Global_Ave
rages/f1_score/avg_lineplot_OLA_f1_score.pdf> <./plots/Global_Averages/f1_score
/avg_lineplot_Percep_f1_score.pdf> <./plots/Global_Averages/f1_score/avg_linepl
ot_QDA_f1_score.pdf> <./plots/Global_Averages/f1_score/avg_lineplot_RF_f1_score
.pdf> <./plots/Global_Averages/f1_score/avg_lineplot_SVM_lin_f1_score.pdf> <./p
lots/Global_Averages/f1_score/avg_lineplot_SVM_rbf_f1_score.pdf> <./plots/Globa
l_Averages/f1_score/avg_lineplot_XGBoost_f1_score.pdf>]
<plots/Global_Averages/g_mean/avg_lineplot_AdaBoost_g_mean.pdf, id=3453, 722.7p
t x 433.62pt>
File: plots/Global_Averages/g_mean/avg_lineplot_AdaBoost_g_mean.pdf Graphic fil
e (type pdf)
<use plots/Global_Averages/g_mean/avg_lineplot_AdaBoost_g_mean.pdf>
Package pdftex.def Info: plots/Global_Averages/g_mean/avg_lineplot_AdaBoost_g_m
ean.pdf  used on input line 73.
(pdftex.def)             Requested size: 145.68144pt x 87.40396pt.
<plots/Global_Averages/g_mean/avg_lineplot_Bagging_g_mean.pdf, id=3454, 722.7pt
 x 433.62pt>
File: plots/Global_Averages/g_mean/avg_lineplot_Bagging_g_mean.pdf Graphic file
 (type pdf)
<use plots/Global_Averages/g_mean/avg_lineplot_Bagging_g_mean.pdf>
Package pdftex.def Info: plots/Global_Averages/g_mean/avg_lineplot_Bagging_g_me
an.pdf  used on input line 74.
(pdftex.def)             Requested size: 145.68144pt x 87.40396pt.
<plots/Global_Averages/g_mean/avg_lineplot_DT_g_mean.pdf, id=3455, 722.7pt x 43
3.62pt>
File: plots/Global_Averages/g_mean/avg_lineplot_DT_g_mean.pdf Graphic file (typ
e pdf)
<use plots/Global_Averages/g_mean/avg_lineplot_DT_g_mean.pdf>
Package pdftex.def Info: plots/Global_Averages/g_mean/avg_lineplot_DT_g_mean.pd
f  used on input line 75.
(pdftex.def)             Requested size: 145.68144pt x 87.40396pt.
<plots/Global_Averages/g_mean/avg_lineplot_GLQV_g_mean.pdf, id=3456, 722.7pt x 
433.62pt>
File: plots/Global_Averages/g_mean/avg_lineplot_GLQV_g_mean.pdf Graphic file (t
ype pdf)
<use plots/Global_Averages/g_mean/avg_lineplot_GLQV_g_mean.pdf>
Package pdftex.def Info: plots/Global_Averages/g_mean/avg_lineplot_GLQV_g_mean.
pdf  used on input line 76.
(pdftex.def)             Requested size: 145.68144pt x 87.40396pt.
<plots/Global_Averages/g_mean/avg_lineplot_GNB_g_mean.pdf, id=3457, 722.7pt x 4
33.62pt>
File: plots/Global_Averages/g_mean/avg_lineplot_GNB_g_mean.pdf Graphic file (ty
pe pdf)
<use plots/Global_Averages/g_mean/avg_lineplot_GNB_g_mean.pdf>
Package pdftex.def Info: plots/Global_Averages/g_mean/avg_lineplot_GNB_g_mean.p
df  used on input line 77.
(pdftex.def)             Requested size: 145.68144pt x 87.40396pt.
<plots/Global_Averages/g_mean/avg_lineplot_GP_g_mean.pdf, id=3458, 722.7pt x 43
3.62pt>
File: plots/Global_Averages/g_mean/avg_lineplot_GP_g_mean.pdf Graphic file (typ
e pdf)
<use plots/Global_Averages/g_mean/avg_lineplot_GP_g_mean.pdf>
Package pdftex.def Info: plots/Global_Averages/g_mean/avg_lineplot_GP_g_mean.pd
f  used on input line 78.
(pdftex.def)             Requested size: 145.68144pt x 87.40396pt.
<plots/Global_Averages/g_mean/avg_lineplot_KNN_g_mean.pdf, id=3459, 722.7pt x 4
33.62pt>
File: plots/Global_Averages/g_mean/avg_lineplot_KNN_g_mean.pdf Graphic file (ty
pe pdf)
<use plots/Global_Averages/g_mean/avg_lineplot_KNN_g_mean.pdf>
Package pdftex.def Info: plots/Global_Averages/g_mean/avg_lineplot_KNN_g_mean.p
df  used on input line 79.
(pdftex.def)             Requested size: 145.68144pt x 87.40396pt.
<plots/Global_Averages/g_mean/avg_lineplot_KNORAE_g_mean.pdf, id=3460, 722.7pt 
x 433.62pt>
File: plots/Global_Averages/g_mean/avg_lineplot_KNORAE_g_mean.pdf Graphic file 
(type pdf)
<use plots/Global_Averages/g_mean/avg_lineplot_KNORAE_g_mean.pdf>
Package pdftex.def Info: plots/Global_Averages/g_mean/avg_lineplot_KNORAE_g_mea
n.pdf  used on input line 80.
(pdftex.def)             Requested size: 145.68144pt x 87.40396pt.
<plots/Global_Averages/g_mean/avg_lineplot_KNORAU_g_mean.pdf, id=3461, 722.7pt 
x 433.62pt>
File: plots/Global_Averages/g_mean/avg_lineplot_KNORAU_g_mean.pdf Graphic file 
(type pdf)
<use plots/Global_Averages/g_mean/avg_lineplot_KNORAU_g_mean.pdf>
Package pdftex.def Info: plots/Global_Averages/g_mean/avg_lineplot_KNORAU_g_mea
n.pdf  used on input line 81.
(pdftex.def)             Requested size: 145.68144pt x 87.40396pt.
<plots/Global_Averages/g_mean/avg_lineplot_LCA_g_mean.pdf, id=3462, 722.7pt x 4
33.62pt>
File: plots/Global_Averages/g_mean/avg_lineplot_LCA_g_mean.pdf Graphic file (ty
pe pdf)
<use plots/Global_Averages/g_mean/avg_lineplot_LCA_g_mean.pdf>
Package pdftex.def Info: plots/Global_Averages/g_mean/avg_lineplot_LCA_g_mean.p
df  used on input line 82.
(pdftex.def)             Requested size: 145.68144pt x 87.40396pt.
<plots/Global_Averages/g_mean/avg_lineplot_LDA_g_mean.pdf, id=3463, 722.7pt x 4
33.62pt>
File: plots/Global_Averages/g_mean/avg_lineplot_LDA_g_mean.pdf Graphic file (ty
pe pdf)
<use plots/Global_Averages/g_mean/avg_lineplot_LDA_g_mean.pdf>
Package pdftex.def Info: plots/Global_Averages/g_mean/avg_lineplot_LDA_g_mean.p
df  used on input line 83.
(pdftex.def)             Requested size: 145.68144pt x 87.40396pt.
<plots/Global_Averages/g_mean/avg_lineplot_LR_g_mean.pdf, id=3464, 722.7pt x 43
3.62pt>
File: plots/Global_Averages/g_mean/avg_lineplot_LR_g_mean.pdf Graphic file (typ
e pdf)
<use plots/Global_Averages/g_mean/avg_lineplot_LR_g_mean.pdf>
Package pdftex.def Info: plots/Global_Averages/g_mean/avg_lineplot_LR_g_mean.pd
f  used on input line 84.
(pdftex.def)             Requested size: 145.68144pt x 87.40396pt.
<plots/Global_Averages/g_mean/avg_lineplot_MCB_g_mean.pdf, id=3465, 722.7pt x 4
33.62pt>
File: plots/Global_Averages/g_mean/avg_lineplot_MCB_g_mean.pdf Graphic file (ty
pe pdf)
<use plots/Global_Averages/g_mean/avg_lineplot_MCB_g_mean.pdf>
Package pdftex.def Info: plots/Global_Averages/g_mean/avg_lineplot_MCB_g_mean.p
df  used on input line 90.
(pdftex.def)             Requested size: 145.68144pt x 87.40396pt.
<plots/Global_Averages/g_mean/avg_lineplot_MLP_g_mean.pdf, id=3466, 722.7pt x 4
33.62pt>
File: plots/Global_Averages/g_mean/avg_lineplot_MLP_g_mean.pdf Graphic file (ty
pe pdf)
<use plots/Global_Averages/g_mean/avg_lineplot_MLP_g_mean.pdf>
Package pdftex.def Info: plots/Global_Averages/g_mean/avg_lineplot_MLP_g_mean.p
df  used on input line 91.
(pdftex.def)             Requested size: 145.68144pt x 87.40396pt.
<plots/Global_Averages/g_mean/avg_lineplot_OLA_g_mean.pdf, id=3467, 722.7pt x 4
33.62pt>
File: plots/Global_Averages/g_mean/avg_lineplot_OLA_g_mean.pdf Graphic file (ty
pe pdf)
<use plots/Global_Averages/g_mean/avg_lineplot_OLA_g_mean.pdf>
Package pdftex.def Info: plots/Global_Averages/g_mean/avg_lineplot_OLA_g_mean.p
df  used on input line 92.
(pdftex.def)             Requested size: 145.68144pt x 87.40396pt.
<plots/Global_Averages/g_mean/avg_lineplot_Percep_g_mean.pdf, id=3468, 722.7pt 
x 433.62pt>
File: plots/Global_Averages/g_mean/avg_lineplot_Percep_g_mean.pdf Graphic file 
(type pdf)
<use plots/Global_Averages/g_mean/avg_lineplot_Percep_g_mean.pdf>
Package pdftex.def Info: plots/Global_Averages/g_mean/avg_lineplot_Percep_g_mea
n.pdf  used on input line 93.
(pdftex.def)             Requested size: 145.68144pt x 87.40396pt.
<plots/Global_Averages/g_mean/avg_lineplot_QDA_g_mean.pdf, id=3469, 722.7pt x 4
33.62pt>
File: plots/Global_Averages/g_mean/avg_lineplot_QDA_g_mean.pdf Graphic file (ty
pe pdf)
<use plots/Global_Averages/g_mean/avg_lineplot_QDA_g_mean.pdf>
Package pdftex.def Info: plots/Global_Averages/g_mean/avg_lineplot_QDA_g_mean.p
df  used on input line 94.
(pdftex.def)             Requested size: 145.68144pt x 87.40396pt.
<plots/Global_Averages/g_mean/avg_lineplot_RF_g_mean.pdf, id=3470, 722.7pt x 43
3.62pt>
File: plots/Global_Averages/g_mean/avg_lineplot_RF_g_mean.pdf Graphic file (typ
e pdf)
<use plots/Global_Averages/g_mean/avg_lineplot_RF_g_mean.pdf>
Package pdftex.def Info: plots/Global_Averages/g_mean/avg_lineplot_RF_g_mean.pd
f  used on input line 95.
(pdftex.def)             Requested size: 145.68144pt x 87.40396pt.
<plots/Global_Averages/g_mean/avg_lineplot_SVM_lin_g_mean.pdf, id=3471, 722.7pt
 x 433.62pt>
File: plots/Global_Averages/g_mean/avg_lineplot_SVM_lin_g_mean.pdf Graphic file
 (type pdf)
<use plots/Global_Averages/g_mean/avg_lineplot_SVM_lin_g_mean.pdf>
Package pdftex.def Info: plots/Global_Averages/g_mean/avg_lineplot_SVM_lin_g_me
an.pdf  used on input line 96.
(pdftex.def)             Requested size: 145.68144pt x 87.40396pt.
<plots/Global_Averages/g_mean/avg_lineplot_SVM_rbf_g_mean.pdf, id=3472, 722.7pt
 x 433.62pt>
File: plots/Global_Averages/g_mean/avg_lineplot_SVM_rbf_g_mean.pdf Graphic file
 (type pdf)
<use plots/Global_Averages/g_mean/avg_lineplot_SVM_rbf_g_mean.pdf>
Package pdftex.def Info: plots/Global_Averages/g_mean/avg_lineplot_SVM_rbf_g_me
an.pdf  used on input line 97.
(pdftex.def)             Requested size: 145.68144pt x 87.40396pt.
<plots/Global_Averages/g_mean/avg_lineplot_XGBoost_g_mean.pdf, id=3473, 722.7pt
 x 433.62pt>
File: plots/Global_Averages/g_mean/avg_lineplot_XGBoost_g_mean.pdf Graphic file
 (type pdf)
<use plots/Global_Averages/g_mean/avg_lineplot_XGBoost_g_mean.pdf>
Package pdftex.def Info: plots/Global_Averages/g_mean/avg_lineplot_XGBoost_g_me
an.pdf  used on input line 98.
(pdftex.def)             Requested size: 145.68144pt x 87.40396pt.
 [14

 <./plots/Global_Averages/g_mean/avg_lineplot_AdaBoost_g_mean.pdf> <./plots/Glo
bal_Averages/g_mean/avg_lineplot_Bagging_g_mean.pdf> <./plots/Global_Averages/g
_mean/avg_lineplot_DT_g_mean.pdf> <./plots/Global_Averages/g_mean/avg_lineplot_
GLQV_g_mean.pdf> <./plots/Global_Averages/g_mean/avg_lineplot_GNB_g_mean.pdf> <
./plots/Global_Averages/g_mean/avg_lineplot_GP_g_mean.pdf> <./plots/Global_Aver
ages/g_mean/avg_lineplot_KNN_g_mean.pdf> <./plots/Global_Averages/g_mean/avg_li
neplot_KNORAE_g_mean.pdf> <./plots/Global_Averages/g_mean/avg_lineplot_KNORAU_g
_mean.pdf> <./plots/Global_Averages/g_mean/avg_lineplot_LCA_g_mean.pdf> <./plot
s/Global_Averages/g_mean/avg_lineplot_LDA_g_mean.pdf> <./plots/Global_Averages/
g_mean/avg_lineplot_LR_g_mean.pdf>] [15 <./plots/Global_Averages/g_mean/avg_lin
eplot_MCB_g_mean.pdf> <./plots/Global_Averages/g_mean/avg_lineplot_MLP_g_mean.p
df> <./plots/Global_Averages/g_mean/avg_lineplot_OLA_g_mean.pdf> <./plots/Globa
l_Averages/g_mean/avg_lineplot_Percep_g_mean.pdf> <./plots/Global_Averages/g_me
an/avg_lineplot_QDA_g_mean.pdf> <./plots/Global_Averages/g_mean/avg_lineplot_RF
_g_mean.pdf> <./plots/Global_Averages/g_mean/avg_lineplot_SVM_lin_g_mean.pdf> <
./plots/Global_Averages/g_mean/avg_lineplot_SVM_rbf_g_mean.pdf> <./plots/Global
_Averages/g_mean/avg_lineplot_XGBoost_g_mean.pdf>]
<plots/Global_Averages/roc_auc/avg_lineplot_AdaBoost_roc_auc.pdf, id=4690, 722.
7pt x 433.62pt>
File: plots/Global_Averages/roc_auc/avg_lineplot_AdaBoost_roc_auc.pdf Graphic f
ile (type pdf)
<use plots/Global_Averages/roc_auc/avg_lineplot_AdaBoost_roc_auc.pdf>
Package pdftex.def Info: plots/Global_Averages/roc_auc/avg_lineplot_AdaBoost_ro
c_auc.pdf  used on input line 106.
(pdftex.def)             Requested size: 145.68144pt x 87.40396pt.
<plots/Global_Averages/roc_auc/avg_lineplot_Bagging_roc_auc.pdf, id=4691, 722.7
pt x 433.62pt>
File: plots/Global_Averages/roc_auc/avg_lineplot_Bagging_roc_auc.pdf Graphic fi
le (type pdf)
<use plots/Global_Averages/roc_auc/avg_lineplot_Bagging_roc_auc.pdf>
Package pdftex.def Info: plots/Global_Averages/roc_auc/avg_lineplot_Bagging_roc
_auc.pdf  used on input line 107.
(pdftex.def)             Requested size: 145.68144pt x 87.40396pt.
<plots/Global_Averages/roc_auc/avg_lineplot_DT_roc_auc.pdf, id=4692, 722.7pt x 
433.62pt>
File: plots/Global_Averages/roc_auc/avg_lineplot_DT_roc_auc.pdf Graphic file (t
ype pdf)
<use plots/Global_Averages/roc_auc/avg_lineplot_DT_roc_auc.pdf>
Package pdftex.def Info: plots/Global_Averages/roc_auc/avg_lineplot_DT_roc_auc.
pdf  used on input line 108.
(pdftex.def)             Requested size: 145.68144pt x 87.40396pt.
<plots/Global_Averages/roc_auc/avg_lineplot_GLQV_roc_auc.pdf, id=4693, 722.7pt 
x 433.62pt>
File: plots/Global_Averages/roc_auc/avg_lineplot_GLQV_roc_auc.pdf Graphic file 
(type pdf)
<use plots/Global_Averages/roc_auc/avg_lineplot_GLQV_roc_auc.pdf>
Package pdftex.def Info: plots/Global_Averages/roc_auc/avg_lineplot_GLQV_roc_au
c.pdf  used on input line 109.
(pdftex.def)             Requested size: 145.68144pt x 87.40396pt.
<plots/Global_Averages/roc_auc/avg_lineplot_GNB_roc_auc.pdf, id=4694, 722.7pt x
 433.62pt>
File: plots/Global_Averages/roc_auc/avg_lineplot_GNB_roc_auc.pdf Graphic file (
type pdf)
<use plots/Global_Averages/roc_auc/avg_lineplot_GNB_roc_auc.pdf>
Package pdftex.def Info: plots/Global_Averages/roc_auc/avg_lineplot_GNB_roc_auc
.pdf  used on input line 110.
(pdftex.def)             Requested size: 145.68144pt x 87.40396pt.
<plots/Global_Averages/roc_auc/avg_lineplot_GP_roc_auc.pdf, id=4695, 722.7pt x 
433.62pt>
File: plots/Global_Averages/roc_auc/avg_lineplot_GP_roc_auc.pdf Graphic file (t
ype pdf)
<use plots/Global_Averages/roc_auc/avg_lineplot_GP_roc_auc.pdf>
Package pdftex.def Info: plots/Global_Averages/roc_auc/avg_lineplot_GP_roc_auc.
pdf  used on input line 111.
(pdftex.def)             Requested size: 145.68144pt x 87.40396pt.
<plots/Global_Averages/roc_auc/avg_lineplot_KNN_roc_auc.pdf, id=4696, 722.7pt x
 433.62pt>
File: plots/Global_Averages/roc_auc/avg_lineplot_KNN_roc_auc.pdf Graphic file (
type pdf)
<use plots/Global_Averages/roc_auc/avg_lineplot_KNN_roc_auc.pdf>
Package pdftex.def Info: plots/Global_Averages/roc_auc/avg_lineplot_KNN_roc_auc
.pdf  used on input line 112.
(pdftex.def)             Requested size: 145.68144pt x 87.40396pt.
<plots/Global_Averages/roc_auc/avg_lineplot_KNORAE_roc_auc.pdf, id=4697, 722.7p
t x 433.62pt>
File: plots/Global_Averages/roc_auc/avg_lineplot_KNORAE_roc_auc.pdf Graphic fil
e (type pdf)
<use plots/Global_Averages/roc_auc/avg_lineplot_KNORAE_roc_auc.pdf>
Package pdftex.def Info: plots/Global_Averages/roc_auc/avg_lineplot_KNORAE_roc_
auc.pdf  used on input line 113.
(pdftex.def)             Requested size: 145.68144pt x 87.40396pt.
<plots/Global_Averages/roc_auc/avg_lineplot_KNORAU_roc_auc.pdf, id=4698, 722.7p
t x 433.62pt>
File: plots/Global_Averages/roc_auc/avg_lineplot_KNORAU_roc_auc.pdf Graphic fil
e (type pdf)
<use plots/Global_Averages/roc_auc/avg_lineplot_KNORAU_roc_auc.pdf>
Package pdftex.def Info: plots/Global_Averages/roc_auc/avg_lineplot_KNORAU_roc_
auc.pdf  used on input line 114.
(pdftex.def)             Requested size: 145.68144pt x 87.40396pt.
<plots/Global_Averages/roc_auc/avg_lineplot_LCA_roc_auc.pdf, id=4699, 722.7pt x
 433.62pt>
File: plots/Global_Averages/roc_auc/avg_lineplot_LCA_roc_auc.pdf Graphic file (
type pdf)
<use plots/Global_Averages/roc_auc/avg_lineplot_LCA_roc_auc.pdf>
Package pdftex.def Info: plots/Global_Averages/roc_auc/avg_lineplot_LCA_roc_auc
.pdf  used on input line 115.
(pdftex.def)             Requested size: 145.68144pt x 87.40396pt.
<plots/Global_Averages/roc_auc/avg_lineplot_LDA_roc_auc.pdf, id=4700, 722.7pt x
 433.62pt>
File: plots/Global_Averages/roc_auc/avg_lineplot_LDA_roc_auc.pdf Graphic file (
type pdf)
<use plots/Global_Averages/roc_auc/avg_lineplot_LDA_roc_auc.pdf>
Package pdftex.def Info: plots/Global_Averages/roc_auc/avg_lineplot_LDA_roc_auc
.pdf  used on input line 116.
(pdftex.def)             Requested size: 145.68144pt x 87.40396pt.
<plots/Global_Averages/roc_auc/avg_lineplot_LR_roc_auc.pdf, id=4701, 722.7pt x 
433.62pt>
File: plots/Global_Averages/roc_auc/avg_lineplot_LR_roc_auc.pdf Graphic file (t
ype pdf)
<use plots/Global_Averages/roc_auc/avg_lineplot_LR_roc_auc.pdf>
Package pdftex.def Info: plots/Global_Averages/roc_auc/avg_lineplot_LR_roc_auc.
pdf  used on input line 117.
(pdftex.def)             Requested size: 145.68144pt x 87.40396pt.
<plots/Global_Averages/roc_auc/avg_lineplot_MCB_roc_auc.pdf, id=4702, 722.7pt x
 433.62pt>
File: plots/Global_Averages/roc_auc/avg_lineplot_MCB_roc_auc.pdf Graphic file (
type pdf)
<use plots/Global_Averages/roc_auc/avg_lineplot_MCB_roc_auc.pdf>
Package pdftex.def Info: plots/Global_Averages/roc_auc/avg_lineplot_MCB_roc_auc
.pdf  used on input line 123.
(pdftex.def)             Requested size: 145.68144pt x 87.40396pt.
<plots/Global_Averages/roc_auc/avg_lineplot_MLP_roc_auc.pdf, id=4703, 722.7pt x
 433.62pt>
File: plots/Global_Averages/roc_auc/avg_lineplot_MLP_roc_auc.pdf Graphic file (
type pdf)
<use plots/Global_Averages/roc_auc/avg_lineplot_MLP_roc_auc.pdf>
Package pdftex.def Info: plots/Global_Averages/roc_auc/avg_lineplot_MLP_roc_auc
.pdf  used on input line 124.
(pdftex.def)             Requested size: 145.68144pt x 87.40396pt.
<plots/Global_Averages/roc_auc/avg_lineplot_OLA_roc_auc.pdf, id=4704, 722.7pt x
 433.62pt>
File: plots/Global_Averages/roc_auc/avg_lineplot_OLA_roc_auc.pdf Graphic file (
type pdf)
<use plots/Global_Averages/roc_auc/avg_lineplot_OLA_roc_auc.pdf>
Package pdftex.def Info: plots/Global_Averages/roc_auc/avg_lineplot_OLA_roc_auc
.pdf  used on input line 125.
(pdftex.def)             Requested size: 145.68144pt x 87.40396pt.
<plots/Global_Averages/roc_auc/avg_lineplot_Percep_roc_auc.pdf, id=4705, 722.7p
t x 433.62pt>
File: plots/Global_Averages/roc_auc/avg_lineplot_Percep_roc_auc.pdf Graphic fil
e (type pdf)
<use plots/Global_Averages/roc_auc/avg_lineplot_Percep_roc_auc.pdf>
Package pdftex.def Info: plots/Global_Averages/roc_auc/avg_lineplot_Percep_roc_
auc.pdf  used on input line 126.
(pdftex.def)             Requested size: 145.68144pt x 87.40396pt.
<plots/Global_Averages/roc_auc/avg_lineplot_QDA_roc_auc.pdf, id=4706, 722.7pt x
 433.62pt>
File: plots/Global_Averages/roc_auc/avg_lineplot_QDA_roc_auc.pdf Graphic file (
type pdf)
<use plots/Global_Averages/roc_auc/avg_lineplot_QDA_roc_auc.pdf>
Package pdftex.def Info: plots/Global_Averages/roc_auc/avg_lineplot_QDA_roc_auc
.pdf  used on input line 127.
(pdftex.def)             Requested size: 145.68144pt x 87.40396pt.
<plots/Global_Averages/roc_auc/avg_lineplot_RF_roc_auc.pdf, id=4707, 722.7pt x 
433.62pt>
File: plots/Global_Averages/roc_auc/avg_lineplot_RF_roc_auc.pdf Graphic file (t
ype pdf)
<use plots/Global_Averages/roc_auc/avg_lineplot_RF_roc_auc.pdf>
Package pdftex.def Info: plots/Global_Averages/roc_auc/avg_lineplot_RF_roc_auc.
pdf  used on input line 128.
(pdftex.def)             Requested size: 145.68144pt x 87.40396pt.
<plots/Global_Averages/roc_auc/avg_lineplot_SVM_lin_roc_auc.pdf, id=4708, 722.7
pt x 433.62pt>
File: plots/Global_Averages/roc_auc/avg_lineplot_SVM_lin_roc_auc.pdf Graphic fi
le (type pdf)
<use plots/Global_Averages/roc_auc/avg_lineplot_SVM_lin_roc_auc.pdf>
Package pdftex.def Info: plots/Global_Averages/roc_auc/avg_lineplot_SVM_lin_roc
_auc.pdf  used on input line 129.
(pdftex.def)             Requested size: 145.68144pt x 87.40396pt.
<plots/Global_Averages/roc_auc/avg_lineplot_SVM_rbf_roc_auc.pdf, id=4709, 722.7
pt x 433.62pt>
File: plots/Global_Averages/roc_auc/avg_lineplot_SVM_rbf_roc_auc.pdf Graphic fi
le (type pdf)
<use plots/Global_Averages/roc_auc/avg_lineplot_SVM_rbf_roc_auc.pdf>
Package pdftex.def Info: plots/Global_Averages/roc_auc/avg_lineplot_SVM_rbf_roc
_auc.pdf  used on input line 130.
(pdftex.def)             Requested size: 145.68144pt x 87.40396pt.
<plots/Global_Averages/roc_auc/avg_lineplot_XGBoost_roc_auc.pdf, id=4710, 722.7
pt x 433.62pt>
File: plots/Global_Averages/roc_auc/avg_lineplot_XGBoost_roc_auc.pdf Graphic fi
le (type pdf)
<use plots/Global_Averages/roc_auc/avg_lineplot_XGBoost_roc_auc.pdf>
Package pdftex.def Info: plots/Global_Averages/roc_auc/avg_lineplot_XGBoost_roc
_auc.pdf  used on input line 131.
(pdftex.def)             Requested size: 145.68144pt x 87.40396pt.
 [16

 <./plots/Global_Averages/roc_auc/avg_lineplot_AdaBoost_roc_auc.pdf> <./plots/G
lobal_Averages/roc_auc/avg_lineplot_Bagging_roc_auc.pdf> <./plots/Global_Averag
es/roc_auc/avg_lineplot_DT_roc_auc.pdf> <./plots/Global_Averages/roc_auc/avg_li
neplot_GLQV_roc_auc.pdf> <./plots/Global_Averages/roc_auc/avg_lineplot_GNB_roc_
auc.pdf> <./plots/Global_Averages/roc_auc/avg_lineplot_GP_roc_auc.pdf> <./plots
/Global_Averages/roc_auc/avg_lineplot_KNN_roc_auc.pdf> <./plots/Global_Averages
/roc_auc/avg_lineplot_KNORAE_roc_auc.pdf> <./plots/Global_Averages/roc_auc/avg_
lineplot_KNORAU_roc_auc.pdf> <./plots/Global_Averages/roc_auc/avg_lineplot_LCA_
roc_auc.pdf> <./plots/Global_Averages/roc_auc/avg_lineplot_LDA_roc_auc.pdf> <./
plots/Global_Averages/roc_auc/avg_lineplot_LR_roc_auc.pdf>] [17 <./plots/Global
_Averages/roc_auc/avg_lineplot_MCB_roc_auc.pdf> <./plots/Global_Averages/roc_au
c/avg_lineplot_MLP_roc_auc.pdf> <./plots/Global_Averages/roc_auc/avg_lineplot_O
LA_roc_auc.pdf> <./plots/Global_Averages/roc_auc/avg_lineplot_Percep_roc_auc.pd
f> <./plots/Global_Averages/roc_auc/avg_lineplot_QDA_roc_auc.pdf> <./plots/Glob
al_Averages/roc_auc/avg_lineplot_RF_roc_auc.pdf> <./plots/Global_Averages/roc_a
uc/avg_lineplot_SVM_lin_roc_auc.pdf> <./plots/Global_Averages/roc_auc/avg_linep
lot_SVM_rbf_roc_auc.pdf> <./plots/Global_Averages/roc_auc/avg_lineplot_XGBoost_
roc_auc.pdf>]
<plots/Granular_Grids/AdaBoost/accuracy/grid_AdaBoost_accuracy_ds_1-10.pdf, id=
5985, 1445.4pt x 867.24pt>
File: plots/Granular_Grids/AdaBoost/accuracy/grid_AdaBoost_accuracy_ds_1-10.pdf
 Graphic file (type pdf)
<use plots/Granular_Grids/AdaBoost/accuracy/grid_AdaBoost_accuracy_ds_1-10.pdf>

Package pdftex.def Info: plots/Granular_Grids/AdaBoost/accuracy/grid_AdaBoost_a
ccuracy_ds_1-10.pdf  used on input line 140.
(pdftex.def)             Requested size: 145.68144pt x 87.40396pt.
<plots/Granular_Grids/AdaBoost/accuracy/grid_AdaBoost_accuracy_ds_11-20.pdf, id
=5986, 1445.4pt x 867.24pt>
File: plots/Granular_Grids/AdaBoost/accuracy/grid_AdaBoost_accuracy_ds_11-20.pd
f Graphic file (type pdf)
<use plots/Granular_Grids/AdaBoost/accuracy/grid_AdaBoost_accuracy_ds_11-20.pdf
>
Package pdftex.def Info: plots/Granular_Grids/AdaBoost/accuracy/grid_AdaBoost_a
ccuracy_ds_11-20.pdf  used on input line 141.
(pdftex.def)             Requested size: 145.68144pt x 87.40396pt.
<plots/Granular_Grids/AdaBoost/accuracy/grid_AdaBoost_accuracy_ds_21-30.pdf, id
=5987, 1445.4pt x 867.24pt>
File: plots/Granular_Grids/AdaBoost/accuracy/grid_AdaBoost_accuracy_ds_21-30.pd
f Graphic file (type pdf)
<use plots/Granular_Grids/AdaBoost/accuracy/grid_AdaBoost_accuracy_ds_21-30.pdf
>
Package pdftex.def Info: plots/Granular_Grids/AdaBoost/accuracy/grid_AdaBoost_a
ccuracy_ds_21-30.pdf  used on input line 142.
(pdftex.def)             Requested size: 145.68144pt x 87.40396pt.
<plots/Granular_Grids/AdaBoost/accuracy/grid_AdaBoost_accuracy_ds_31-40.pdf, id
=5988, 1445.4pt x 867.24pt>
File: plots/Granular_Grids/AdaBoost/accuracy/grid_AdaBoost_accuracy_ds_31-40.pd
f Graphic file (type pdf)
<use plots/Granular_Grids/AdaBoost/accuracy/grid_AdaBoost_accuracy_ds_31-40.pdf
>
Package pdftex.def Info: plots/Granular_Grids/AdaBoost/accuracy/grid_AdaBoost_a
ccuracy_ds_31-40.pdf  used on input line 143.
(pdftex.def)             Requested size: 145.68144pt x 87.40396pt.
<plots/Granular_Grids/AdaBoost/accuracy/grid_AdaBoost_accuracy_ds_41-50.pdf, id
=5989, 1445.4pt x 867.24pt>
File: plots/Granular_Grids/AdaBoost/accuracy/grid_AdaBoost_accuracy_ds_41-50.pd
f Graphic file (type pdf)
<use plots/Granular_Grids/AdaBoost/accuracy/grid_AdaBoost_accuracy_ds_41-50.pdf
>
Package pdftex.def Info: plots/Granular_Grids/AdaBoost/accuracy/grid_AdaBoost_a
ccuracy_ds_41-50.pdf  used on input line 144.
(pdftex.def)             Requested size: 145.68144pt x 87.40396pt.
<plots/Granular_Grids/AdaBoost/accuracy/grid_AdaBoost_accuracy_ds_51-60.pdf, id
=5990, 1445.4pt x 867.24pt>
File: plots/Granular_Grids/AdaBoost/accuracy/grid_AdaBoost_accuracy_ds_51-60.pd
f Graphic file (type pdf)
<use plots/Granular_Grids/AdaBoost/accuracy/grid_AdaBoost_accuracy_ds_51-60.pdf
>
Package pdftex.def Info: plots/Granular_Grids/AdaBoost/accuracy/grid_AdaBoost_a
ccuracy_ds_51-60.pdf  used on input line 145.
(pdftex.def)             Requested size: 145.68144pt x 87.40396pt.
<plots/Granular_Grids/AdaBoost/accuracy/grid_AdaBoost_accuracy_ds_61-70.pdf, id
=5991, 1445.4pt x 867.24pt>
File: plots/Granular_Grids/AdaBoost/accuracy/grid_AdaBoost_accuracy_ds_61-70.pd
f Graphic file (type pdf)
<use plots/Granular_Grids/AdaBoost/accuracy/grid_AdaBoost_accuracy_ds_61-70.pdf
>
Package pdftex.def Info: plots/Granular_Grids/AdaBoost/accuracy/grid_AdaBoost_a
ccuracy_ds_61-70.pdf  used on input line 146.
(pdftex.def)             Requested size: 145.68144pt x 87.40396pt.
<plots/Granular_Grids/AdaBoost/accuracy/grid_AdaBoost_accuracy_ds_71-80.pdf, id
=5992, 1445.4pt x 867.24pt>
File: plots/Granular_Grids/AdaBoost/accuracy/grid_AdaBoost_accuracy_ds_71-80.pd
f Graphic file (type pdf)
<use plots/Granular_Grids/AdaBoost/accuracy/grid_AdaBoost_accuracy_ds_71-80.pdf
>
Package pdftex.def Info: plots/Granular_Grids/AdaBoost/accuracy/grid_AdaBoost_a
ccuracy_ds_71-80.pdf  used on input line 147.
(pdftex.def)             Requested size: 145.68144pt x 87.40396pt.
<plots/Granular_Grids/AdaBoost/accuracy/grid_AdaBoost_accuracy_ds_81-90.pdf, id
=5993, 1445.4pt x 867.24pt>
File: plots/Granular_Grids/AdaBoost/accuracy/grid_AdaBoost_accuracy_ds_81-90.pd
f Graphic file (type pdf)
<use plots/Granular_Grids/AdaBoost/accuracy/grid_AdaBoost_accuracy_ds_81-90.pdf
>
Package pdftex.def Info: plots/Granular_Grids/AdaBoost/accuracy/grid_AdaBoost_a
ccuracy_ds_81-90.pdf  used on input line 148.
(pdftex.def)             Requested size: 145.68144pt x 87.40396pt.
<plots/Granular_Grids/AdaBoost/accuracy/grid_AdaBoost_accuracy_ds_91-100.pdf, i
d=5994, 1445.4pt x 867.24pt>
File: plots/Granular_Grids/AdaBoost/accuracy/grid_AdaBoost_accuracy_ds_91-100.p
df Graphic file (type pdf)
<use plots/Granular_Grids/AdaBoost/accuracy/grid_AdaBoost_accuracy_ds_91-100.pd
f>
Package pdftex.def Info: plots/Granular_Grids/AdaBoost/accuracy/grid_AdaBoost_a
ccuracy_ds_91-100.pdf  used on input line 149.
(pdftex.def)             Requested size: 145.68144pt x 87.40396pt.
 [18

 <./plots/Granular_Grids/AdaBoost/accuracy/grid_AdaBoost_accuracy_ds_1-10.pdf> 
<./plots/Granular_Grids/AdaBoost/accuracy/grid_AdaBoost_accuracy_ds_11-20.pdf> 
<./plots/Granular_Grids/AdaBoost/accuracy/grid_AdaBoost_accuracy_ds_21-30.pdf> 
<./plots/Granular_Grids/AdaBoost/accuracy/grid_AdaBoost_accuracy_ds_31-40.pdf> 
<./plots/Granular_Grids/AdaBoost/accuracy/grid_AdaBoost_accuracy_ds_41-50.pdf> 
<./plots/Granular_Grids/AdaBoost/accuracy/grid_AdaBoost_accuracy_ds_51-60.pdf> 
<./plots/Granular_Grids/AdaBoost/accuracy/grid_AdaBoost_accuracy_ds_61-70.pdf> 
<./plots/Granular_Grids/AdaBoost/accuracy/grid_AdaBoost_accuracy_ds_71-80.pdf> 
<./plots/Granular_Grids/AdaBoost/accuracy/grid_AdaBoost_accuracy_ds_81-90.pdf> 
<./plots/Granular_Grids/AdaBoost/accuracy/grid_AdaBoost_accuracy_ds_91-100.pdf>
]
<plots/Granular_Grids/AdaBoost/f1_score/grid_AdaBoost_f1_score_ds_1-10.pdf, id=
7270, 1445.4pt x 867.24pt>
File: plots/Granular_Grids/AdaBoost/f1_score/grid_AdaBoost_f1_score_ds_1-10.pdf
 Graphic file (type pdf)
<use plots/Granular_Grids/AdaBoost/f1_score/grid_AdaBoost_f1_score_ds_1-10.pdf>

Package pdftex.def Info: plots/Granular_Grids/AdaBoost/f1_score/grid_AdaBoost_f
1_score_ds_1-10.pdf  used on input line 157.
(pdftex.def)             Requested size: 145.68144pt x 87.40396pt.
<plots/Granular_Grids/AdaBoost/f1_score/grid_AdaBoost_f1_score_ds_11-20.pdf, id
=7271, 1445.4pt x 867.24pt>
File: plots/Granular_Grids/AdaBoost/f1_score/grid_AdaBoost_f1_score_ds_11-20.pd
f Graphic file (type pdf)
<use plots/Granular_Grids/AdaBoost/f1_score/grid_AdaBoost_f1_score_ds_11-20.pdf
>
Package pdftex.def Info: plots/Granular_Grids/AdaBoost/f1_score/grid_AdaBoost_f
1_score_ds_11-20.pdf  used on input line 158.
(pdftex.def)             Requested size: 145.68144pt x 87.40396pt.
<plots/Granular_Grids/AdaBoost/f1_score/grid_AdaBoost_f1_score_ds_21-30.pdf, id
=7272, 1445.4pt x 867.24pt>
File: plots/Granular_Grids/AdaBoost/f1_score/grid_AdaBoost_f1_score_ds_21-30.pd
f Graphic file (type pdf)
<use plots/Granular_Grids/AdaBoost/f1_score/grid_AdaBoost_f1_score_ds_21-30.pdf
>
Package pdftex.def Info: plots/Granular_Grids/AdaBoost/f1_score/grid_AdaBoost_f
1_score_ds_21-30.pdf  used on input line 159.
(pdftex.def)             Requested size: 145.68144pt x 87.40396pt.
<plots/Granular_Grids/AdaBoost/f1_score/grid_AdaBoost_f1_score_ds_31-40.pdf, id
=7273, 1445.4pt x 867.24pt>
File: plots/Granular_Grids/AdaBoost/f1_score/grid_AdaBoost_f1_score_ds_31-40.pd
f Graphic file (type pdf)
<use plots/Granular_Grids/AdaBoost/f1_score/grid_AdaBoost_f1_score_ds_31-40.pdf
>
Package pdftex.def Info: plots/Granular_Grids/AdaBoost/f1_score/grid_AdaBoost_f
1_score_ds_31-40.pdf  used on input line 160.
(pdftex.def)             Requested size: 145.68144pt x 87.40396pt.
<plots/Granular_Grids/AdaBoost/f1_score/grid_AdaBoost_f1_score_ds_41-50.pdf, id
=7274, 1445.4pt x 867.24pt>
File: plots/Granular_Grids/AdaBoost/f1_score/grid_AdaBoost_f1_score_ds_41-50.pd
f Graphic file (type pdf)
<use plots/Granular_Grids/AdaBoost/f1_score/grid_AdaBoost_f1_score_ds_41-50.pdf
>
Package pdftex.def Info: plots/Granular_Grids/AdaBoost/f1_score/grid_AdaBoost_f
1_score_ds_41-50.pdf  used on input line 161.
(pdftex.def)             Requested size: 145.68144pt x 87.40396pt.
<plots/Granular_Grids/AdaBoost/f1_score/grid_AdaBoost_f1_score_ds_51-60.pdf, id
=7275, 1445.4pt x 867.24pt>
File: plots/Granular_Grids/AdaBoost/f1_score/grid_AdaBoost_f1_score_ds_51-60.pd
f Graphic file (type pdf)
<use plots/Granular_Grids/AdaBoost/f1_score/grid_AdaBoost_f1_score_ds_51-60.pdf
>
Package pdftex.def Info: plots/Granular_Grids/AdaBoost/f1_score/grid_AdaBoost_f
1_score_ds_51-60.pdf  used on input line 162.
(pdftex.def)             Requested size: 145.68144pt x 87.40396pt.
<plots/Granular_Grids/AdaBoost/f1_score/grid_AdaBoost_f1_score_ds_61-70.pdf, id
=7276, 1445.4pt x 867.24pt>
File: plots/Granular_Grids/AdaBoost/f1_score/grid_AdaBoost_f1_score_ds_61-70.pd
f Graphic file (type pdf)
<use plots/Granular_Grids/AdaBoost/f1_score/grid_AdaBoost_f1_score_ds_61-70.pdf
>
Package pdftex.def Info: plots/Granular_Grids/AdaBoost/f1_score/grid_AdaBoost_f
1_score_ds_61-70.pdf  used on input line 163.
(pdftex.def)             Requested size: 145.68144pt x 87.40396pt.
<plots/Granular_Grids/AdaBoost/f1_score/grid_AdaBoost_f1_score_ds_71-80.pdf, id
=7277, 1445.4pt x 867.24pt>
File: plots/Granular_Grids/AdaBoost/f1_score/grid_AdaBoost_f1_score_ds_71-80.pd
f Graphic file (type pdf)
<use plots/Granular_Grids/AdaBoost/f1_score/grid_AdaBoost_f1_score_ds_71-80.pdf
>
Package pdftex.def Info: plots/Granular_Grids/AdaBoost/f1_score/grid_AdaBoost_f
1_score_ds_71-80.pdf  used on input line 164.
(pdftex.def)             Requested size: 145.68144pt x 87.40396pt.
<plots/Granular_Grids/AdaBoost/f1_score/grid_AdaBoost_f1_score_ds_81-90.pdf, id
=7278, 1445.4pt x 867.24pt>
File: plots/Granular_Grids/AdaBoost/f1_score/grid_AdaBoost_f1_score_ds_81-90.pd
f Graphic file (type pdf)
<use plots/Granular_Grids/AdaBoost/f1_score/grid_AdaBoost_f1_score_ds_81-90.pdf
>
Package pdftex.def Info: plots/Granular_Grids/AdaBoost/f1_score/grid_AdaBoost_f
1_score_ds_81-90.pdf  used on input line 165.
(pdftex.def)             Requested size: 145.68144pt x 87.40396pt.
<plots/Granular_Grids/AdaBoost/f1_score/grid_AdaBoost_f1_score_ds_91-100.pdf, i
d=7279, 1445.4pt x 867.24pt>
File: plots/Granular_Grids/AdaBoost/f1_score/grid_AdaBoost_f1_score_ds_91-100.p
df Graphic file (type pdf)
<use plots/Granular_Grids/AdaBoost/f1_score/grid_AdaBoost_f1_score_ds_91-100.pd
f>
Package pdftex.def Info: plots/Granular_Grids/AdaBoost/f1_score/grid_AdaBoost_f
1_score_ds_91-100.pdf  used on input line 166.
(pdftex.def)             Requested size: 145.68144pt x 87.40396pt.
 [19

 <./plots/Granular_Grids/AdaBoost/f1_score/grid_AdaBoost_f1_score_ds_1-10.pdf> 
<./plots/Granular_Grids/AdaBoost/f1_score/grid_AdaBoost_f1_score_ds_11-20.pdf> 
<./plots/Granular_Grids/AdaBoost/f1_score/grid_AdaBoost_f1_score_ds_21-30.pdf> 
<./plots/Granular_Grids/AdaBoost/f1_score/grid_AdaBoost_f1_score_ds_31-40.pdf> 
<./plots/Granular_Grids/AdaBoost/f1_score/grid_AdaBoost_f1_score_ds_41-50.pdf> 
<./plots/Granular_Grids/AdaBoost/f1_score/grid_AdaBoost_f1_score_ds_51-60.pdf> 
<./plots/Granular_Grids/AdaBoost/f1_score/grid_AdaBoost_f1_score_ds_61-70.pdf> 
<./plots/Granular_Grids/AdaBoost/f1_score/grid_AdaBoost_f1_score_ds_71-80.pdf> 
<./plots/Granular_Grids/AdaBoost/f1_score/grid_AdaBoost_f1_score_ds_81-90.pdf> 
<./plots/Granular_Grids/AdaBoost/f1_score/grid_AdaBoost_f1_score_ds_91-100.pdf>
]
<plots/Granular_Grids/AdaBoost/g_mean/grid_AdaBoost_g_mean_ds_1-10.pdf, id=8565
, 1445.4pt x 867.24pt>
File: plots/Granular_Grids/AdaBoost/g_mean/grid_AdaBoost_g_mean_ds_1-10.pdf Gra
phic file (type pdf)
<use plots/Granular_Grids/AdaBoost/g_mean/grid_AdaBoost_g_mean_ds_1-10.pdf>
Package pdftex.def Info: plots/Granular_Grids/AdaBoost/g_mean/grid_AdaBoost_g_m
ean_ds_1-10.pdf  used on input line 174.
(pdftex.def)             Requested size: 145.68144pt x 87.40396pt.
<plots/Granular_Grids/AdaBoost/g_mean/grid_AdaBoost_g_mean_ds_11-20.pdf, id=856
6, 1445.4pt x 867.24pt>
File: plots/Granular_Grids/AdaBoost/g_mean/grid_AdaBoost_g_mean_ds_11-20.pdf Gr
aphic file (type pdf)
<use plots/Granular_Grids/AdaBoost/g_mean/grid_AdaBoost_g_mean_ds_11-20.pdf>
Package pdftex.def Info: plots/Granular_Grids/AdaBoost/g_mean/grid_AdaBoost_g_m
ean_ds_11-20.pdf  used on input line 175.
(pdftex.def)             Requested size: 145.68144pt x 87.40396pt.
<plots/Granular_Grids/AdaBoost/g_mean/grid_AdaBoost_g_mean_ds_21-30.pdf, id=856
7, 1445.4pt x 867.24pt>
File: plots/Granular_Grids/AdaBoost/g_mean/grid_AdaBoost_g_mean_ds_21-30.pdf Gr
aphic file (type pdf)
<use plots/Granular_Grids/AdaBoost/g_mean/grid_AdaBoost_g_mean_ds_21-30.pdf>
Package pdftex.def Info: plots/Granular_Grids/AdaBoost/g_mean/grid_AdaBoost_g_m
ean_ds_21-30.pdf  used on input line 176.
(pdftex.def)             Requested size: 145.68144pt x 87.40396pt.
<plots/Granular_Grids/AdaBoost/g_mean/grid_AdaBoost_g_mean_ds_31-40.pdf, id=856
8, 1445.4pt x 867.24pt>
File: plots/Granular_Grids/AdaBoost/g_mean/grid_AdaBoost_g_mean_ds_31-40.pdf Gr
aphic file (type pdf)
<use plots/Granular_Grids/AdaBoost/g_mean/grid_AdaBoost_g_mean_ds_31-40.pdf>
Package pdftex.def Info: plots/Granular_Grids/AdaBoost/g_mean/grid_AdaBoost_g_m
ean_ds_31-40.pdf  used on input line 177.
(pdftex.def)             Requested size: 145.68144pt x 87.40396pt.
<plots/Granular_Grids/AdaBoost/g_mean/grid_AdaBoost_g_mean_ds_41-50.pdf, id=856
9, 1445.4pt x 867.24pt>
File: plots/Granular_Grids/AdaBoost/g_mean/grid_AdaBoost_g_mean_ds_41-50.pdf Gr
aphic file (type pdf)
<use plots/Granular_Grids/AdaBoost/g_mean/grid_AdaBoost_g_mean_ds_41-50.pdf>
Package pdftex.def Info: plots/Granular_Grids/AdaBoost/g_mean/grid_AdaBoost_g_m
ean_ds_41-50.pdf  used on input line 178.
(pdftex.def)             Requested size: 145.68144pt x 87.40396pt.
<plots/Granular_Grids/AdaBoost/g_mean/grid_AdaBoost_g_mean_ds_51-60.pdf, id=857
0, 1445.4pt x 867.24pt>
File: plots/Granular_Grids/AdaBoost/g_mean/grid_AdaBoost_g_mean_ds_51-60.pdf Gr
aphic file (type pdf)
<use plots/Granular_Grids/AdaBoost/g_mean/grid_AdaBoost_g_mean_ds_51-60.pdf>
Package pdftex.def Info: plots/Granular_Grids/AdaBoost/g_mean/grid_AdaBoost_g_m
ean_ds_51-60.pdf  used on input line 179.
(pdftex.def)             Requested size: 145.68144pt x 87.40396pt.
<plots/Granular_Grids/AdaBoost/g_mean/grid_AdaBoost_g_mean_ds_61-70.pdf, id=857
1, 1445.4pt x 867.24pt>
File: plots/Granular_Grids/AdaBoost/g_mean/grid_AdaBoost_g_mean_ds_61-70.pdf Gr
aphic file (type pdf)
<use plots/Granular_Grids/AdaBoost/g_mean/grid_AdaBoost_g_mean_ds_61-70.pdf>
Package pdftex.def Info: plots/Granular_Grids/AdaBoost/g_mean/grid_AdaBoost_g_m
ean_ds_61-70.pdf  used on input line 180.
(pdftex.def)             Requested size: 145.68144pt x 87.40396pt.
<plots/Granular_Grids/AdaBoost/g_mean/grid_AdaBoost_g_mean_ds_71-80.pdf, id=857
2, 1445.4pt x 867.24pt>
File: plots/Granular_Grids/AdaBoost/g_mean/grid_AdaBoost_g_mean_ds_71-80.pdf Gr
aphic file (type pdf)
<use plots/Granular_Grids/AdaBoost/g_mean/grid_AdaBoost_g_mean_ds_71-80.pdf>
Package pdftex.def Info: plots/Granular_Grids/AdaBoost/g_mean/grid_AdaBoost_g_m
ean_ds_71-80.pdf  used on input line 181.
(pdftex.def)             Requested size: 145.68144pt x 87.40396pt.
<plots/Granular_Grids/AdaBoost/g_mean/grid_AdaBoost_g_mean_ds_81-90.pdf, id=857
3, 1445.4pt x 867.24pt>
File: plots/Granular_Grids/AdaBoost/g_mean/grid_AdaBoost_g_mean_ds_81-90.pdf Gr
aphic file (type pdf)
<use plots/Granular_Grids/AdaBoost/g_mean/grid_AdaBoost_g_mean_ds_81-90.pdf>
Package pdftex.def Info: plots/Granular_Grids/AdaBoost/g_mean/grid_AdaBoost_g_m
ean_ds_81-90.pdf  used on input line 182.
(pdftex.def)             Requested size: 145.68144pt x 87.40396pt.
<plots/Granular_Grids/AdaBoost/g_mean/grid_AdaBoost_g_mean_ds_91-100.pdf, id=85
74, 1445.4pt x 867.24pt>
File: plots/Granular_Grids/AdaBoost/g_mean/grid_AdaBoost_g_mean_ds_91-100.pdf G
raphic file (type pdf)
<use plots/Granular_Grids/AdaBoost/g_mean/grid_AdaBoost_g_mean_ds_91-100.pdf>
Package pdftex.def Info: plots/Granular_Grids/AdaBoost/g_mean/grid_AdaBoost_g_m
ean_ds_91-100.pdf  used on input line 183.
(pdftex.def)             Requested size: 145.68144pt x 87.40396pt.
 [20

 <./plots/Granular_Grids/AdaBoost/g_mean/grid_AdaBoost_g_mean_ds_1-10.pdf> <./p
lots/Granular_Grids/AdaBoost/g_mean/grid_AdaBoost_g_mean_ds_11-20.pdf> <./plots
/Granular_Grids/AdaBoost/g_mean/grid_AdaBoost_g_mean_ds_21-30.pdf> <./plots/Gra
nular_Grids/AdaBoost/g_mean/grid_AdaBoost_g_mean_ds_31-40.pdf> <./plots/Granula
r_Grids/AdaBoost/g_mean/grid_AdaBoost_g_mean_ds_41-50.pdf> <./plots/Granular_Gr
ids/AdaBoost/g_mean/grid_AdaBoost_g_mean_ds_51-60.pdf> <./plots/Granular_Grids/
AdaBoost/g_mean/grid_AdaBoost_g_mean_ds_61-70.pdf> <./plots/Granular_Grids/AdaB
oost/g_mean/grid_AdaBoost_g_mean_ds_71-80.pdf> <./plots/Granular_Grids/AdaBoost
/g_mean/grid_AdaBoost_g_mean_ds_81-90.pdf> <./plots/Granular_Grids/AdaBoost/g_m
ean/grid_AdaBoost_g_mean_ds_91-100.pdf>]
<plots/Granular_Grids/AdaBoost/roc_auc/grid_AdaBoost_roc_auc_ds_1-10.pdf, id=98
40, 1445.4pt x 867.24pt>
File: plots/Granular_Grids/AdaBoost/roc_auc/grid_AdaBoost_roc_auc_ds_1-10.pdf G
raphic file (type pdf)
<use plots/Granular_Grids/AdaBoost/roc_auc/grid_AdaBoost_roc_auc_ds_1-10.pdf>
Package pdftex.def Info: plots/Granular_Grids/AdaBoost/roc_auc/grid_AdaBoost_ro
c_auc_ds_1-10.pdf  used on input line 191.
(pdftex.def)             Requested size: 145.68144pt x 87.40396pt.
<plots/Granular_Grids/AdaBoost/roc_auc/grid_AdaBoost_roc_auc_ds_11-20.pdf, id=9
841, 1445.4pt x 867.24pt>
File: plots/Granular_Grids/AdaBoost/roc_auc/grid_AdaBoost_roc_auc_ds_11-20.pdf 
Graphic file (type pdf)
<use plots/Granular_Grids/AdaBoost/roc_auc/grid_AdaBoost_roc_auc_ds_11-20.pdf>
Package pdftex.def Info: plots/Granular_Grids/AdaBoost/roc_auc/grid_AdaBoost_ro
c_auc_ds_11-20.pdf  used on input line 192.
(pdftex.def)             Requested size: 145.68144pt x 87.40396pt.
<plots/Granular_Grids/AdaBoost/roc_auc/grid_AdaBoost_roc_auc_ds_21-30.pdf, id=9
842, 1445.4pt x 867.24pt>
File: plots/Granular_Grids/AdaBoost/roc_auc/grid_AdaBoost_roc_auc_ds_21-30.pdf 
Graphic file (type pdf)
<use plots/Granular_Grids/AdaBoost/roc_auc/grid_AdaBoost_roc_auc_ds_21-30.pdf>
Package pdftex.def Info: plots/Granular_Grids/AdaBoost/roc_auc/grid_AdaBoost_ro
c_auc_ds_21-30.pdf  used on input line 193.
(pdftex.def)             Requested size: 145.68144pt x 87.40396pt.
<plots/Granular_Grids/AdaBoost/roc_auc/grid_AdaBoost_roc_auc_ds_31-40.pdf, id=9
843, 1445.4pt x 867.24pt>
File: plots/Granular_Grids/AdaBoost/roc_auc/grid_AdaBoost_roc_auc_ds_31-40.pdf 
Graphic file (type pdf)
<use plots/Granular_Grids/AdaBoost/roc_auc/grid_AdaBoost_roc_auc_ds_31-40.pdf>
Package pdftex.def Info: plots/Granular_Grids/AdaBoost/roc_auc/grid_AdaBoost_ro
c_auc_ds_31-40.pdf  used on input line 194.
(pdftex.def)             Requested size: 145.68144pt x 87.40396pt.
<plots/Granular_Grids/AdaBoost/roc_auc/grid_AdaBoost_roc_auc_ds_41-50.pdf, id=9
844, 1445.4pt x 867.24pt>
File: plots/Granular_Grids/AdaBoost/roc_auc/grid_AdaBoost_roc_auc_ds_41-50.pdf 
Graphic file (type pdf)
<use plots/Granular_Grids/AdaBoost/roc_auc/grid_AdaBoost_roc_auc_ds_41-50.pdf>
Package pdftex.def Info: plots/Granular_Grids/AdaBoost/roc_auc/grid_AdaBoost_ro
c_auc_ds_41-50.pdf  used on input line 195.
(pdftex.def)             Requested size: 145.68144pt x 87.40396pt.
<plots/Granular_Grids/AdaBoost/roc_auc/grid_AdaBoost_roc_auc_ds_51-60.pdf, id=9
845, 1445.4pt x 867.24pt>
File: plots/Granular_Grids/AdaBoost/roc_auc/grid_AdaBoost_roc_auc_ds_51-60.pdf 
Graphic file (type pdf)
<use plots/Granular_Grids/AdaBoost/roc_auc/grid_AdaBoost_roc_auc_ds_51-60.pdf>
Package pdftex.def Info: plots/Granular_Grids/AdaBoost/roc_auc/grid_AdaBoost_ro
c_auc_ds_51-60.pdf  used on input line 196.
(pdftex.def)             Requested size: 145.68144pt x 87.40396pt.
<plots/Granular_Grids/AdaBoost/roc_auc/grid_AdaBoost_roc_auc_ds_61-70.pdf, id=9
846, 1445.4pt x 867.24pt>
File: plots/Granular_Grids/AdaBoost/roc_auc/grid_AdaBoost_roc_auc_ds_61-70.pdf 
Graphic file (type pdf)
<use plots/Granular_Grids/AdaBoost/roc_auc/grid_AdaBoost_roc_auc_ds_61-70.pdf>
Package pdftex.def Info: plots/Granular_Grids/AdaBoost/roc_auc/grid_AdaBoost_ro
c_auc_ds_61-70.pdf  used on input line 197.
(pdftex.def)             Requested size: 145.68144pt x 87.40396pt.
<plots/Granular_Grids/AdaBoost/roc_auc/grid_AdaBoost_roc_auc_ds_71-80.pdf, id=9
847, 1445.4pt x 867.24pt>
File: plots/Granular_Grids/AdaBoost/roc_auc/grid_AdaBoost_roc_auc_ds_71-80.pdf 
Graphic file (type pdf)
<use plots/Granular_Grids/AdaBoost/roc_auc/grid_AdaBoost_roc_auc_ds_71-80.pdf>
Package pdftex.def Info: plots/Granular_Grids/AdaBoost/roc_auc/grid_AdaBoost_ro
c_auc_ds_71-80.pdf  used on input line 198.
(pdftex.def)             Requested size: 145.68144pt x 87.40396pt.
<plots/Granular_Grids/AdaBoost/roc_auc/grid_AdaBoost_roc_auc_ds_81-90.pdf, id=9
848, 1445.4pt x 867.24pt>
File: plots/Granular_Grids/AdaBoost/roc_auc/grid_AdaBoost_roc_auc_ds_81-90.pdf 
Graphic file (type pdf)
<use plots/Granular_Grids/AdaBoost/roc_auc/grid_AdaBoost_roc_auc_ds_81-90.pdf>
Package pdftex.def Info: plots/Granular_Grids/AdaBoost/roc_auc/grid_AdaBoost_ro
c_auc_ds_81-90.pdf  used on input line 199.
(pdftex.def)             Requested size: 145.68144pt x 87.40396pt.
<plots/Granular_Grids/AdaBoost/roc_auc/grid_AdaBoost_roc_auc_ds_91-100.pdf, id=
9849, 1445.4pt x 867.24pt>
File: plots/Granular_Grids/AdaBoost/roc_auc/grid_AdaBoost_roc_auc_ds_91-100.pdf
 Graphic file (type pdf)
<use plots/Granular_Grids/AdaBoost/roc_auc/grid_AdaBoost_roc_auc_ds_91-100.pdf>

Package pdftex.def Info: plots/Granular_Grids/AdaBoost/roc_auc/grid_AdaBoost_ro
c_auc_ds_91-100.pdf  used on input line 200.
(pdftex.def)             Requested size: 145.68144pt x 87.40396pt.
 [21

 <./plots/Granular_Grids/AdaBoost/roc_auc/grid_AdaBoost_roc_auc_ds_1-10.pdf> <.
/plots/Granular_Grids/AdaBoost/roc_auc/grid_AdaBoost_roc_auc_ds_11-20.pdf> <./p
lots/Granular_Grids/AdaBoost/roc_auc/grid_AdaBoost_roc_auc_ds_21-30.pdf> <./plo
ts/Granular_Grids/AdaBoost/roc_auc/grid_AdaBoost_roc_auc_ds_31-40.pdf> <./plots
/Granular_Grids/AdaBoost/roc_auc/grid_AdaBoost_roc_auc_ds_41-50.pdf> <./plots/G
ranular_Grids/AdaBoost/roc_auc/grid_AdaBoost_roc_auc_ds_51-60.pdf> <./plots/Gra
nular_Grids/AdaBoost/roc_auc/grid_AdaBoost_roc_auc_ds_61-70.pdf> <./plots/Granu
lar_Grids/AdaBoost/roc_auc/grid_AdaBoost_roc_auc_ds_71-80.pdf> <./plots/Granula
r_Grids/AdaBoost/roc_auc/grid_AdaBoost_roc_auc_ds_81-90.pdf> <./plots/Granular_
Grids/AdaBoost/roc_auc/grid_AdaBoost_roc_auc_ds_91-100.pdf>]
<plots/Granular_Grids/Bagging/accuracy/grid_Bagging_accuracy_ds_1-10.pdf, id=11
125, 1445.4pt x 867.24pt>
File: plots/Granular_Grids/Bagging/accuracy/grid_Bagging_accuracy_ds_1-10.pdf G
raphic file (type pdf)
<use plots/Granular_Grids/Bagging/accuracy/grid_Bagging_accuracy_ds_1-10.pdf>
Package pdftex.def Info: plots/Granular_Grids/Bagging/accuracy/grid_Bagging_acc
uracy_ds_1-10.pdf  used on input line 208.
(pdftex.def)             Requested size: 145.68144pt x 87.40396pt.
<plots/Granular_Grids/Bagging/accuracy/grid_Bagging_accuracy_ds_11-20.pdf, id=1
1126, 1445.4pt x 867.24pt>
File: plots/Granular_Grids/Bagging/accuracy/grid_Bagging_accuracy_ds_11-20.pdf 
Graphic file (type pdf)
<use plots/Granular_Grids/Bagging/accuracy/grid_Bagging_accuracy_ds_11-20.pdf>
Package pdftex.def Info: plots/Granular_Grids/Bagging/accuracy/grid_Bagging_acc
uracy_ds_11-20.pdf  used on input line 209.
(pdftex.def)             Requested size: 145.68144pt x 87.40396pt.
<plots/Granular_Grids/Bagging/accuracy/grid_Bagging_accuracy_ds_21-30.pdf, id=1
1127, 1445.4pt x 867.24pt>
File: plots/Granular_Grids/Bagging/accuracy/grid_Bagging_accuracy_ds_21-30.pdf 
Graphic file (type pdf)
<use plots/Granular_Grids/Bagging/accuracy/grid_Bagging_accuracy_ds_21-30.pdf>
Package pdftex.def Info: plots/Granular_Grids/Bagging/accuracy/grid_Bagging_acc
uracy_ds_21-30.pdf  used on input line 210.
(pdftex.def)             Requested size: 145.68144pt x 87.40396pt.
<plots/Granular_Grids/Bagging/accuracy/grid_Bagging_accuracy_ds_31-40.pdf, id=1
1128, 1445.4pt x 867.24pt>
File: plots/Granular_Grids/Bagging/accuracy/grid_Bagging_accuracy_ds_31-40.pdf 
Graphic file (type pdf)
<use plots/Granular_Grids/Bagging/accuracy/grid_Bagging_accuracy_ds_31-40.pdf>
Package pdftex.def Info: plots/Granular_Grids/Bagging/accuracy/grid_Bagging_acc
uracy_ds_31-40.pdf  used on input line 211.
(pdftex.def)             Requested size: 145.68144pt x 87.40396pt.
<plots/Granular_Grids/Bagging/accuracy/grid_Bagging_accuracy_ds_41-50.pdf, id=1
1129, 1445.4pt x 867.24pt>
File: plots/Granular_Grids/Bagging/accuracy/grid_Bagging_accuracy_ds_41-50.pdf 
Graphic file (type pdf)
<use plots/Granular_Grids/Bagging/accuracy/grid_Bagging_accuracy_ds_41-50.pdf>
Package pdftex.def Info: plots/Granular_Grids/Bagging/accuracy/grid_Bagging_acc
uracy_ds_41-50.pdf  used on input line 212.
(pdftex.def)             Requested size: 145.68144pt x 87.40396pt.
<plots/Granular_Grids/Bagging/accuracy/grid_Bagging_accuracy_ds_51-60.pdf, id=1
1130, 1445.4pt x 867.24pt>
File: plots/Granular_Grids/Bagging/accuracy/grid_Bagging_accuracy_ds_51-60.pdf 
Graphic file (type pdf)
<use plots/Granular_Grids/Bagging/accuracy/grid_Bagging_accuracy_ds_51-60.pdf>
Package pdftex.def Info: plots/Granular_Grids/Bagging/accuracy/grid_Bagging_acc
uracy_ds_51-60.pdf  used on input line 213.
(pdftex.def)             Requested size: 145.68144pt x 87.40396pt.
<plots/Granular_Grids/Bagging/accuracy/grid_Bagging_accuracy_ds_61-70.pdf, id=1
1131, 1445.4pt x 867.24pt>
File: plots/Granular_Grids/Bagging/accuracy/grid_Bagging_accuracy_ds_61-70.pdf 
Graphic file (type pdf)
<use plots/Granular_Grids/Bagging/accuracy/grid_Bagging_accuracy_ds_61-70.pdf>
Package pdftex.def Info: plots/Granular_Grids/Bagging/accuracy/grid_Bagging_acc
uracy_ds_61-70.pdf  used on input line 214.
(pdftex.def)             Requested size: 145.68144pt x 87.40396pt.
<plots/Granular_Grids/Bagging/accuracy/grid_Bagging_accuracy_ds_71-80.pdf, id=1
1132, 1445.4pt x 867.24pt>
File: plots/Granular_Grids/Bagging/accuracy/grid_Bagging_accuracy_ds_71-80.pdf 
Graphic file (type pdf)
<use plots/Granular_Grids/Bagging/accuracy/grid_Bagging_accuracy_ds_71-80.pdf>
Package pdftex.def Info: plots/Granular_Grids/Bagging/accuracy/grid_Bagging_acc
uracy_ds_71-80.pdf  used on input line 215.
(pdftex.def)             Requested size: 145.68144pt x 87.40396pt.
<plots/Granular_Grids/Bagging/accuracy/grid_Bagging_accuracy_ds_81-90.pdf, id=1
1133, 1445.4pt x 867.24pt>
File: plots/Granular_Grids/Bagging/accuracy/grid_Bagging_accuracy_ds_81-90.pdf 
Graphic file (type pdf)
<use plots/Granular_Grids/Bagging/accuracy/grid_Bagging_accuracy_ds_81-90.pdf>
Package pdftex.def Info: plots/Granular_Grids/Bagging/accuracy/grid_Bagging_acc
uracy_ds_81-90.pdf  used on input line 216.
(pdftex.def)             Requested size: 145.68144pt x 87.40396pt.
<plots/Granular_Grids/Bagging/accuracy/grid_Bagging_accuracy_ds_91-100.pdf, id=
11134, 1445.4pt x 867.24pt>
File: plots/Granular_Grids/Bagging/accuracy/grid_Bagging_accuracy_ds_91-100.pdf
 Graphic file (type pdf)
<use plots/Granular_Grids/Bagging/accuracy/grid_Bagging_accuracy_ds_91-100.pdf>

Package pdftex.def Info: plots/Granular_Grids/Bagging/accuracy/grid_Bagging_acc
uracy_ds_91-100.pdf  used on input line 217.
(pdftex.def)             Requested size: 145.68144pt x 87.40396pt.
 [22

 <./plots/Granular_Grids/Bagging/accuracy/grid_Bagging_accuracy_ds_1-10.pdf> <.
/plots/Granular_Grids/Bagging/accuracy/grid_Bagging_accuracy_ds_11-20.pdf> <./p
lots/Granular_Grids/Bagging/accuracy/grid_Bagging_accuracy_ds_21-30.pdf> <./plo
ts/Granular_Grids/Bagging/accuracy/grid_Bagging_accuracy_ds_31-40.pdf> <./plots
/Granular_Grids/Bagging/accuracy/grid_Bagging_accuracy_ds_41-50.pdf> <./plots/G
ranular_Grids/Bagging/accuracy/grid_Bagging_accuracy_ds_51-60.pdf> <./plots/Gra
nular_Grids/Bagging/accuracy/grid_Bagging_accuracy_ds_61-70.pdf> <./plots/Granu
lar_Grids/Bagging/accuracy/grid_Bagging_accuracy_ds_71-80.pdf> <./plots/Granula
r_Grids/Bagging/accuracy/grid_Bagging_accuracy_ds_81-90.pdf> <./plots/Granular_
Grids/Bagging/accuracy/grid_Bagging_accuracy_ds_91-100.pdf>]
<plots/Granular_Grids/Bagging/f1_score/grid_Bagging_f1_score_ds_1-10.pdf, id=12
430, 1445.4pt x 867.24pt>
File: plots/Granular_Grids/Bagging/f1_score/grid_Bagging_f1_score_ds_1-10.pdf G
raphic file (type pdf)
<use plots/Granular_Grids/Bagging/f1_score/grid_Bagging_f1_score_ds_1-10.pdf>
Package pdftex.def Info: plots/Granular_Grids/Bagging/f1_score/grid_Bagging_f1_
score_ds_1-10.pdf  used on input line 225.
(pdftex.def)             Requested size: 145.68144pt x 87.40396pt.
<plots/Granular_Grids/Bagging/f1_score/grid_Bagging_f1_score_ds_11-20.pdf, id=1
2431, 1445.4pt x 867.24pt>
File: plots/Granular_Grids/Bagging/f1_score/grid_Bagging_f1_score_ds_11-20.pdf 
Graphic file (type pdf)
<use plots/Granular_Grids/Bagging/f1_score/grid_Bagging_f1_score_ds_11-20.pdf>
Package pdftex.def Info: plots/Granular_Grids/Bagging/f1_score/grid_Bagging_f1_
score_ds_11-20.pdf  used on input line 226.
(pdftex.def)             Requested size: 145.68144pt x 87.40396pt.
<plots/Granular_Grids/Bagging/f1_score/grid_Bagging_f1_score_ds_21-30.pdf, id=1
2432, 1445.4pt x 867.24pt>
File: plots/Granular_Grids/Bagging/f1_score/grid_Bagging_f1_score_ds_21-30.pdf 
Graphic file (type pdf)
<use plots/Granular_Grids/Bagging/f1_score/grid_Bagging_f1_score_ds_21-30.pdf>
Package pdftex.def Info: plots/Granular_Grids/Bagging/f1_score/grid_Bagging_f1_
score_ds_21-30.pdf  used on input line 227.
(pdftex.def)             Requested size: 145.68144pt x 87.40396pt.
<plots/Granular_Grids/Bagging/f1_score/grid_Bagging_f1_score_ds_31-40.pdf, id=1
2433, 1445.4pt x 867.24pt>
File: plots/Granular_Grids/Bagging/f1_score/grid_Bagging_f1_score_ds_31-40.pdf 
Graphic file (type pdf)
<use plots/Granular_Grids/Bagging/f1_score/grid_Bagging_f1_score_ds_31-40.pdf>
Package pdftex.def Info: plots/Granular_Grids/Bagging/f1_score/grid_Bagging_f1_
score_ds_31-40.pdf  used on input line 228.
(pdftex.def)             Requested size: 145.68144pt x 87.40396pt.
<plots/Granular_Grids/Bagging/f1_score/grid_Bagging_f1_score_ds_41-50.pdf, id=1
2434, 1445.4pt x 867.24pt>
File: plots/Granular_Grids/Bagging/f1_score/grid_Bagging_f1_score_ds_41-50.pdf 
Graphic file (type pdf)
<use plots/Granular_Grids/Bagging/f1_score/grid_Bagging_f1_score_ds_41-50.pdf>
Package pdftex.def Info: plots/Granular_Grids/Bagging/f1_score/grid_Bagging_f1_
score_ds_41-50.pdf  used on input line 229.
(pdftex.def)             Requested size: 145.68144pt x 87.40396pt.
<plots/Granular_Grids/Bagging/f1_score/grid_Bagging_f1_score_ds_51-60.pdf, id=1
2435, 1445.4pt x 867.24pt>
File: plots/Granular_Grids/Bagging/f1_score/grid_Bagging_f1_score_ds_51-60.pdf 
Graphic file (type pdf)
<use plots/Granular_Grids/Bagging/f1_score/grid_Bagging_f1_score_ds_51-60.pdf>
Package pdftex.def Info: plots/Granular_Grids/Bagging/f1_score/grid_Bagging_f1_
score_ds_51-60.pdf  used on input line 230.
(pdftex.def)             Requested size: 145.68144pt x 87.40396pt.
<plots/Granular_Grids/Bagging/f1_score/grid_Bagging_f1_score_ds_61-70.pdf, id=1
2436, 1445.4pt x 867.24pt>
File: plots/Granular_Grids/Bagging/f1_score/grid_Bagging_f1_score_ds_61-70.pdf 
Graphic file (type pdf)
<use plots/Granular_Grids/Bagging/f1_score/grid_Bagging_f1_score_ds_61-70.pdf>
Package pdftex.def Info: plots/Granular_Grids/Bagging/f1_score/grid_Bagging_f1_
score_ds_61-70.pdf  used on input line 231.
(pdftex.def)             Requested size: 145.68144pt x 87.40396pt.
<plots/Granular_Grids/Bagging/f1_score/grid_Bagging_f1_score_ds_71-80.pdf, id=1
2437, 1445.4pt x 867.24pt>
File: plots/Granular_Grids/Bagging/f1_score/grid_Bagging_f1_score_ds_71-80.pdf 
Graphic file (type pdf)
<use plots/Granular_Grids/Bagging/f1_score/grid_Bagging_f1_score_ds_71-80.pdf>
Package pdftex.def Info: plots/Granular_Grids/Bagging/f1_score/grid_Bagging_f1_
score_ds_71-80.pdf  used on input line 232.
(pdftex.def)             Requested size: 145.68144pt x 87.40396pt.
<plots/Granular_Grids/Bagging/f1_score/grid_Bagging_f1_score_ds_81-90.pdf, id=1
2438, 1445.4pt x 867.24pt>
File: plots/Granular_Grids/Bagging/f1_score/grid_Bagging_f1_score_ds_81-90.pdf 
Graphic file (type pdf)
<use plots/Granular_Grids/Bagging/f1_score/grid_Bagging_f1_score_ds_81-90.pdf>
Package pdftex.def Info: plots/Granular_Grids/Bagging/f1_score/grid_Bagging_f1_
score_ds_81-90.pdf  used on input line 233.
(pdftex.def)             Requested size: 145.68144pt x 87.40396pt.
<plots/Granular_Grids/Bagging/f1_score/grid_Bagging_f1_score_ds_91-100.pdf, id=
12439, 1445.4pt x 867.24pt>
File: plots/Granular_Grids/Bagging/f1_score/grid_Bagging_f1_score_ds_91-100.pdf
 Graphic file (type pdf)
<use plots/Granular_Grids/Bagging/f1_score/grid_Bagging_f1_score_ds_91-100.pdf>

Package pdftex.def Info: plots/Granular_Grids/Bagging/f1_score/grid_Bagging_f1_
score_ds_91-100.pdf  used on input line 234.
(pdftex.def)             Requested size: 145.68144pt x 87.40396pt.
 [23

 <./plots/Granular_Grids/Bagging/f1_score/grid_Bagging_f1_score_ds_1-10.pdf> <.
/plots/Granular_Grids/Bagging/f1_score/grid_Bagging_f1_score_ds_11-20.pdf> <./p
lots/Granular_Grids/Bagging/f1_score/grid_Bagging_f1_score_ds_21-30.pdf> <./plo
ts/Granular_Grids/Bagging/f1_score/grid_Bagging_f1_score_ds_31-40.pdf> <./plots
/Granular_Grids/Bagging/f1_score/grid_Bagging_f1_score_ds_41-50.pdf> <./plots/G
ranular_Grids/Bagging/f1_score/grid_Bagging_f1_score_ds_51-60.pdf> <./plots/Gra
nular_Grids/Bagging/f1_score/grid_Bagging_f1_score_ds_61-70.pdf> <./plots/Granu
lar_Grids/Bagging/f1_score/grid_Bagging_f1_score_ds_71-80.pdf> <./plots/Granula
r_Grids/Bagging/f1_score/grid_Bagging_f1_score_ds_81-90.pdf> <./plots/Granular_
Grids/Bagging/f1_score/grid_Bagging_f1_score_ds_91-100.pdf>]
<plots/Granular_Grids/Bagging/g_mean/grid_Bagging_g_mean_ds_1-10.pdf, id=13736,
 1445.4pt x 867.24pt>
File: plots/Granular_Grids/Bagging/g_mean/grid_Bagging_g_mean_ds_1-10.pdf Graph
ic file (type pdf)
<use plots/Granular_Grids/Bagging/g_mean/grid_Bagging_g_mean_ds_1-10.pdf>
Package pdftex.def Info: plots/Granular_Grids/Bagging/g_mean/grid_Bagging_g_mea
n_ds_1-10.pdf  used on input line 242.
(pdftex.def)             Requested size: 145.68144pt x 87.40396pt.
<plots/Granular_Grids/Bagging/g_mean/grid_Bagging_g_mean_ds_11-20.pdf, id=13737
, 1445.4pt x 867.24pt>
File: plots/Granular_Grids/Bagging/g_mean/grid_Bagging_g_mean_ds_11-20.pdf Grap
hic file (type pdf)
<use plots/Granular_Grids/Bagging/g_mean/grid_Bagging_g_mean_ds_11-20.pdf>
Package pdftex.def Info: plots/Granular_Grids/Bagging/g_mean/grid_Bagging_g_mea
n_ds_11-20.pdf  used on input line 243.
(pdftex.def)             Requested size: 145.68144pt x 87.40396pt.
<plots/Granular_Grids/Bagging/g_mean/grid_Bagging_g_mean_ds_21-30.pdf, id=13738
, 1445.4pt x 867.24pt>
File: plots/Granular_Grids/Bagging/g_mean/grid_Bagging_g_mean_ds_21-30.pdf Grap
hic file (type pdf)
<use plots/Granular_Grids/Bagging/g_mean/grid_Bagging_g_mean_ds_21-30.pdf>
Package pdftex.def Info: plots/Granular_Grids/Bagging/g_mean/grid_Bagging_g_mea
n_ds_21-30.pdf  used on input line 244.
(pdftex.def)             Requested size: 145.68144pt x 87.40396pt.
<plots/Granular_Grids/Bagging/g_mean/grid_Bagging_g_mean_ds_31-40.pdf, id=13739
, 1445.4pt x 867.24pt>
File: plots/Granular_Grids/Bagging/g_mean/grid_Bagging_g_mean_ds_31-40.pdf Grap
hic file (type pdf)
<use plots/Granular_Grids/Bagging/g_mean/grid_Bagging_g_mean_ds_31-40.pdf>
Package pdftex.def Info: plots/Granular_Grids/Bagging/g_mean/grid_Bagging_g_mea
n_ds_31-40.pdf  used on input line 245.
(pdftex.def)             Requested size: 145.68144pt x 87.40396pt.
<plots/Granular_Grids/Bagging/g_mean/grid_Bagging_g_mean_ds_41-50.pdf, id=13740
, 1445.4pt x 867.24pt>
File: plots/Granular_Grids/Bagging/g_mean/grid_Bagging_g_mean_ds_41-50.pdf Grap
hic file (type pdf)
<use plots/Granular_Grids/Bagging/g_mean/grid_Bagging_g_mean_ds_41-50.pdf>
Package pdftex.def Info: plots/Granular_Grids/Bagging/g_mean/grid_Bagging_g_mea
n_ds_41-50.pdf  used on input line 246.
(pdftex.def)             Requested size: 145.68144pt x 87.40396pt.
<plots/Granular_Grids/Bagging/g_mean/grid_Bagging_g_mean_ds_51-60.pdf, id=13741
, 1445.4pt x 867.24pt>
File: plots/Granular_Grids/Bagging/g_mean/grid_Bagging_g_mean_ds_51-60.pdf Grap
hic file (type pdf)
<use plots/Granular_Grids/Bagging/g_mean/grid_Bagging_g_mean_ds_51-60.pdf>
Package pdftex.def Info: plots/Granular_Grids/Bagging/g_mean/grid_Bagging_g_mea
n_ds_51-60.pdf  used on input line 247.
(pdftex.def)             Requested size: 145.68144pt x 87.40396pt.
<plots/Granular_Grids/Bagging/g_mean/grid_Bagging_g_mean_ds_61-70.pdf, id=13742
, 1445.4pt x 867.24pt>
File: plots/Granular_Grids/Bagging/g_mean/grid_Bagging_g_mean_ds_61-70.pdf Grap
hic file (type pdf)
<use plots/Granular_Grids/Bagging/g_mean/grid_Bagging_g_mean_ds_61-70.pdf>
Package pdftex.def Info: plots/Granular_Grids/Bagging/g_mean/grid_Bagging_g_mea
n_ds_61-70.pdf  used on input line 248.
(pdftex.def)             Requested size: 145.68144pt x 87.40396pt.
<plots/Granular_Grids/Bagging/g_mean/grid_Bagging_g_mean_ds_71-80.pdf, id=13743
, 1445.4pt x 867.24pt>
File: plots/Granular_Grids/Bagging/g_mean/grid_Bagging_g_mean_ds_71-80.pdf Grap
hic file (type pdf)
<use plots/Granular_Grids/Bagging/g_mean/grid_Bagging_g_mean_ds_71-80.pdf>
Package pdftex.def Info: plots/Granular_Grids/Bagging/g_mean/grid_Bagging_g_mea
n_ds_71-80.pdf  used on input line 249.
(pdftex.def)             Requested size: 145.68144pt x 87.40396pt.
<plots/Granular_Grids/Bagging/g_mean/grid_Bagging_g_mean_ds_81-90.pdf, id=13744
, 1445.4pt x 867.24pt>
File: plots/Granular_Grids/Bagging/g_mean/grid_Bagging_g_mean_ds_81-90.pdf Grap
hic file (type pdf)
<use plots/Granular_Grids/Bagging/g_mean/grid_Bagging_g_mean_ds_81-90.pdf>
Package pdftex.def Info: plots/Granular_Grids/Bagging/g_mean/grid_Bagging_g_mea
n_ds_81-90.pdf  used on input line 250.
(pdftex.def)             Requested size: 145.68144pt x 87.40396pt.
<plots/Granular_Grids/Bagging/g_mean/grid_Bagging_g_mean_ds_91-100.pdf, id=1374
5, 1445.4pt x 867.24pt>
File: plots/Granular_Grids/Bagging/g_mean/grid_Bagging_g_mean_ds_91-100.pdf Gra
phic file (type pdf)
<use plots/Granular_Grids/Bagging/g_mean/grid_Bagging_g_mean_ds_91-100.pdf>
Package pdftex.def Info: plots/Granular_Grids/Bagging/g_mean/grid_Bagging_g_mea
n_ds_91-100.pdf  used on input line 251.
(pdftex.def)             Requested size: 145.68144pt x 87.40396pt.
 [24

 <./plots/Granular_Grids/Bagging/g_mean/grid_Bagging_g_mean_ds_1-10.pdf> <./plo
ts/Granular_Grids/Bagging/g_mean/grid_Bagging_g_mean_ds_11-20.pdf> <./plots/Gra
nular_Grids/Bagging/g_mean/grid_Bagging_g_mean_ds_21-30.pdf> <./plots/Granular_
Grids/Bagging/g_mean/grid_Bagging_g_mean_ds_31-40.pdf> <./plots/Granular_Grids/
Bagging/g_mean/grid_Bagging_g_mean_ds_41-50.pdf> <./plots/Granular_Grids/Baggin
g/g_mean/grid_Bagging_g_mean_ds_51-60.pdf> <./plots/Granular_Grids/Bagging/g_me
an/grid_Bagging_g_mean_ds_61-70.pdf> <./plots/Granular_Grids/Bagging/g_mean/gri
d_Bagging_g_mean_ds_71-80.pdf> <./plots/Granular_Grids/Bagging/g_mean/grid_Bagg
ing_g_mean_ds_81-90.pdf> <./plots/Granular_Grids/Bagging/g_mean/grid_Bagging_g_
mean_ds_91-100.pdf>]
<plots/Granular_Grids/Bagging/roc_auc/grid_Bagging_roc_auc_ds_1-10.pdf, id=1503
1, 1445.4pt x 867.24pt>
File: plots/Granular_Grids/Bagging/roc_auc/grid_Bagging_roc_auc_ds_1-10.pdf Gra
phic file (type pdf)
<use plots/Granular_Grids/Bagging/roc_auc/grid_Bagging_roc_auc_ds_1-10.pdf>
Package pdftex.def Info: plots/Granular_Grids/Bagging/roc_auc/grid_Bagging_roc_
auc_ds_1-10.pdf  used on input line 259.
(pdftex.def)             Requested size: 145.68144pt x 87.40396pt.
<plots/Granular_Grids/Bagging/roc_auc/grid_Bagging_roc_auc_ds_11-20.pdf, id=150
32, 1445.4pt x 867.24pt>
File: plots/Granular_Grids/Bagging/roc_auc/grid_Bagging_roc_auc_ds_11-20.pdf Gr
aphic file (type pdf)
<use plots/Granular_Grids/Bagging/roc_auc/grid_Bagging_roc_auc_ds_11-20.pdf>
Package pdftex.def Info: plots/Granular_Grids/Bagging/roc_auc/grid_Bagging_roc_
auc_ds_11-20.pdf  used on input line 260.
(pdftex.def)             Requested size: 145.68144pt x 87.40396pt.
<plots/Granular_Grids/Bagging/roc_auc/grid_Bagging_roc_auc_ds_21-30.pdf, id=150
33, 1445.4pt x 867.24pt>
File: plots/Granular_Grids/Bagging/roc_auc/grid_Bagging_roc_auc_ds_21-30.pdf Gr
aphic file (type pdf)
<use plots/Granular_Grids/Bagging/roc_auc/grid_Bagging_roc_auc_ds_21-30.pdf>
Package pdftex.def Info: plots/Granular_Grids/Bagging/roc_auc/grid_Bagging_roc_
auc_ds_21-30.pdf  used on input line 261.
(pdftex.def)             Requested size: 145.68144pt x 87.40396pt.
<plots/Granular_Grids/Bagging/roc_auc/grid_Bagging_roc_auc_ds_31-40.pdf, id=150
34, 1445.4pt x 867.24pt>
File: plots/Granular_Grids/Bagging/roc_auc/grid_Bagging_roc_auc_ds_31-40.pdf Gr
aphic file (type pdf)
<use plots/Granular_Grids/Bagging/roc_auc/grid_Bagging_roc_auc_ds_31-40.pdf>
Package pdftex.def Info: plots/Granular_Grids/Bagging/roc_auc/grid_Bagging_roc_
auc_ds_31-40.pdf  used on input line 262.
(pdftex.def)             Requested size: 145.68144pt x 87.40396pt.
<plots/Granular_Grids/Bagging/roc_auc/grid_Bagging_roc_auc_ds_41-50.pdf, id=150
35, 1445.4pt x 867.24pt>
File: plots/Granular_Grids/Bagging/roc_auc/grid_Bagging_roc_auc_ds_41-50.pdf Gr
aphic file (type pdf)
<use plots/Granular_Grids/Bagging/roc_auc/grid_Bagging_roc_auc_ds_41-50.pdf>
Package pdftex.def Info: plots/Granular_Grids/Bagging/roc_auc/grid_Bagging_roc_
auc_ds_41-50.pdf  used on input line 263.
(pdftex.def)             Requested size: 145.68144pt x 87.40396pt.
<plots/Granular_Grids/Bagging/roc_auc/grid_Bagging_roc_auc_ds_51-60.pdf, id=150
36, 1445.4pt x 867.24pt>
File: plots/Granular_Grids/Bagging/roc_auc/grid_Bagging_roc_auc_ds_51-60.pdf Gr
aphic file (type pdf)
<use plots/Granular_Grids/Bagging/roc_auc/grid_Bagging_roc_auc_ds_51-60.pdf>
Package pdftex.def Info: plots/Granular_Grids/Bagging/roc_auc/grid_Bagging_roc_
auc_ds_51-60.pdf  used on input line 264.
(pdftex.def)             Requested size: 145.68144pt x 87.40396pt.
<plots/Granular_Grids/Bagging/roc_auc/grid_Bagging_roc_auc_ds_61-70.pdf, id=150
37, 1445.4pt x 867.24pt>
File: plots/Granular_Grids/Bagging/roc_auc/grid_Bagging_roc_auc_ds_61-70.pdf Gr
aphic file (type pdf)
<use plots/Granular_Grids/Bagging/roc_auc/grid_Bagging_roc_auc_ds_61-70.pdf>
Package pdftex.def Info: plots/Granular_Grids/Bagging/roc_auc/grid_Bagging_roc_
auc_ds_61-70.pdf  used on input line 265.
(pdftex.def)             Requested size: 145.68144pt x 87.40396pt.
<plots/Granular_Grids/Bagging/roc_auc/grid_Bagging_roc_auc_ds_71-80.pdf, id=150
38, 1445.4pt x 867.24pt>
File: plots/Granular_Grids/Bagging/roc_auc/grid_Bagging_roc_auc_ds_71-80.pdf Gr
aphic file (type pdf)
<use plots/Granular_Grids/Bagging/roc_auc/grid_Bagging_roc_auc_ds_71-80.pdf>
Package pdftex.def Info: plots/Granular_Grids/Bagging/roc_auc/grid_Bagging_roc_
auc_ds_71-80.pdf  used on input line 266.
(pdftex.def)             Requested size: 145.68144pt x 87.40396pt.
<plots/Granular_Grids/Bagging/roc_auc/grid_Bagging_roc_auc_ds_81-90.pdf, id=150
39, 1445.4pt x 867.24pt>
File: plots/Granular_Grids/Bagging/roc_auc/grid_Bagging_roc_auc_ds_81-90.pdf Gr
aphic file (type pdf)
<use plots/Granular_Grids/Bagging/roc_auc/grid_Bagging_roc_auc_ds_81-90.pdf>
Package pdftex.def Info: plots/Granular_Grids/Bagging/roc_auc/grid_Bagging_roc_
auc_ds_81-90.pdf  used on input line 267.
(pdftex.def)             Requested size: 145.68144pt x 87.40396pt.
<plots/Granular_Grids/Bagging/roc_auc/grid_Bagging_roc_auc_ds_91-100.pdf, id=15
040, 1445.4pt x 867.24pt>
File: plots/Granular_Grids/Bagging/roc_auc/grid_Bagging_roc_auc_ds_91-100.pdf G
raphic file (type pdf)
<use plots/Granular_Grids/Bagging/roc_auc/grid_Bagging_roc_auc_ds_91-100.pdf>
Package pdftex.def Info: plots/Granular_Grids/Bagging/roc_auc/grid_Bagging_roc_
auc_ds_91-100.pdf  used on input line 268.
(pdftex.def)             Requested size: 145.68144pt x 87.40396pt.
 [25

 <./plots/Granular_Grids/Bagging/roc_auc/grid_Bagging_roc_auc_ds_1-10.pdf> <./p
lots/Granular_Grids/Bagging/roc_auc/grid_Bagging_roc_auc_ds_11-20.pdf> <./plots
/Granular_Grids/Bagging/roc_auc/grid_Bagging_roc_auc_ds_21-30.pdf> <./plots/Gra
nular_Grids/Bagging/roc_auc/grid_Bagging_roc_auc_ds_31-40.pdf> <./plots/Granula
r_Grids/Bagging/roc_auc/grid_Bagging_roc_auc_ds_41-50.pdf> <./plots/Granular_Gr
ids/Bagging/roc_auc/grid_Bagging_roc_auc_ds_51-60.pdf> <./plots/Granular_Grids/
Bagging/roc_auc/grid_Bagging_roc_auc_ds_61-70.pdf> <./plots/Granular_Grids/Bagg
ing/roc_auc/grid_Bagging_roc_auc_ds_71-80.pdf> <./plots/Granular_Grids/Bagging/
roc_auc/grid_Bagging_roc_auc_ds_81-90.pdf> <./plots/Granular_Grids/Bagging/roc_
auc/grid_Bagging_roc_auc_ds_91-100.pdf>]
<plots/Granular_Grids/DT/accuracy/grid_DT_accuracy_ds_1-10.pdf, id=16336, 1445.
4pt x 867.24pt>
File: plots/Granular_Grids/DT/accuracy/grid_DT_accuracy_ds_1-10.pdf Graphic fil
e (type pdf)
<use plots/Granular_Grids/DT/accuracy/grid_DT_accuracy_ds_1-10.pdf>
Package pdftex.def Info: plots/Granular_Grids/DT/accuracy/grid_DT_accuracy_ds_1
-10.pdf  used on input line 276.
(pdftex.def)             Requested size: 145.68144pt x 87.40396pt.
<plots/Granular_Grids/DT/accuracy/grid_DT_accuracy_ds_11-20.pdf, id=16337, 1445
.4pt x 867.24pt>
File: plots/Granular_Grids/DT/accuracy/grid_DT_accuracy_ds_11-20.pdf Graphic fi
le (type pdf)
<use plots/Granular_Grids/DT/accuracy/grid_DT_accuracy_ds_11-20.pdf>
Package pdftex.def Info: plots/Granular_Grids/DT/accuracy/grid_DT_accuracy_ds_1
1-20.pdf  used on input line 277.
(pdftex.def)             Requested size: 145.68144pt x 87.40396pt.
<plots/Granular_Grids/DT/accuracy/grid_DT_accuracy_ds_21-30.pdf, id=16338, 1445
.4pt x 867.24pt>
File: plots/Granular_Grids/DT/accuracy/grid_DT_accuracy_ds_21-30.pdf Graphic fi
le (type pdf)
<use plots/Granular_Grids/DT/accuracy/grid_DT_accuracy_ds_21-30.pdf>
Package pdftex.def Info: plots/Granular_Grids/DT/accuracy/grid_DT_accuracy_ds_2
1-30.pdf  used on input line 278.
(pdftex.def)             Requested size: 145.68144pt x 87.40396pt.
<plots/Granular_Grids/DT/accuracy/grid_DT_accuracy_ds_31-40.pdf, id=16339, 1445
.4pt x 867.24pt>
File: plots/Granular_Grids/DT/accuracy/grid_DT_accuracy_ds_31-40.pdf Graphic fi
le (type pdf)
<use plots/Granular_Grids/DT/accuracy/grid_DT_accuracy_ds_31-40.pdf>
Package pdftex.def Info: plots/Granular_Grids/DT/accuracy/grid_DT_accuracy_ds_3
1-40.pdf  used on input line 279.
(pdftex.def)             Requested size: 145.68144pt x 87.40396pt.
<plots/Granular_Grids/DT/accuracy/grid_DT_accuracy_ds_41-50.pdf, id=16340, 1445
.4pt x 867.24pt>
File: plots/Granular_Grids/DT/accuracy/grid_DT_accuracy_ds_41-50.pdf Graphic fi
le (type pdf)
<use plots/Granular_Grids/DT/accuracy/grid_DT_accuracy_ds_41-50.pdf>
Package pdftex.def Info: plots/Granular_Grids/DT/accuracy/grid_DT_accuracy_ds_4
1-50.pdf  used on input line 280.
(pdftex.def)             Requested size: 145.68144pt x 87.40396pt.
<plots/Granular_Grids/DT/accuracy/grid_DT_accuracy_ds_51-60.pdf, id=16341, 1445
.4pt x 867.24pt>
File: plots/Granular_Grids/DT/accuracy/grid_DT_accuracy_ds_51-60.pdf Graphic fi
le (type pdf)
<use plots/Granular_Grids/DT/accuracy/grid_DT_accuracy_ds_51-60.pdf>
Package pdftex.def Info: plots/Granular_Grids/DT/accuracy/grid_DT_accuracy_ds_5
1-60.pdf  used on input line 281.
(pdftex.def)             Requested size: 145.68144pt x 87.40396pt.
<plots/Granular_Grids/DT/accuracy/grid_DT_accuracy_ds_61-70.pdf, id=16342, 1445
.4pt x 867.24pt>
File: plots/Granular_Grids/DT/accuracy/grid_DT_accuracy_ds_61-70.pdf Graphic fi
le (type pdf)
<use plots/Granular_Grids/DT/accuracy/grid_DT_accuracy_ds_61-70.pdf>
Package pdftex.def Info: plots/Granular_Grids/DT/accuracy/grid_DT_accuracy_ds_6
1-70.pdf  used on input line 282.
(pdftex.def)             Requested size: 145.68144pt x 87.40396pt.
<plots/Granular_Grids/DT/accuracy/grid_DT_accuracy_ds_71-80.pdf, id=16343, 1445
.4pt x 867.24pt>
File: plots/Granular_Grids/DT/accuracy/grid_DT_accuracy_ds_71-80.pdf Graphic fi
le (type pdf)
<use plots/Granular_Grids/DT/accuracy/grid_DT_accuracy_ds_71-80.pdf>
Package pdftex.def Info: plots/Granular_Grids/DT/accuracy/grid_DT_accuracy_ds_7
1-80.pdf  used on input line 283.
(pdftex.def)             Requested size: 145.68144pt x 87.40396pt.
<plots/Granular_Grids/DT/accuracy/grid_DT_accuracy_ds_81-90.pdf, id=16344, 1445
.4pt x 867.24pt>
File: plots/Granular_Grids/DT/accuracy/grid_DT_accuracy_ds_81-90.pdf Graphic fi
le (type pdf)
<use plots/Granular_Grids/DT/accuracy/grid_DT_accuracy_ds_81-90.pdf>
Package pdftex.def Info: plots/Granular_Grids/DT/accuracy/grid_DT_accuracy_ds_8
1-90.pdf  used on input line 284.
(pdftex.def)             Requested size: 145.68144pt x 87.40396pt.
<plots/Granular_Grids/DT/accuracy/grid_DT_accuracy_ds_91-100.pdf, id=16345, 144
5.4pt x 867.24pt>
File: plots/Granular_Grids/DT/accuracy/grid_DT_accuracy_ds_91-100.pdf Graphic f
ile (type pdf)
<use plots/Granular_Grids/DT/accuracy/grid_DT_accuracy_ds_91-100.pdf>
Package pdftex.def Info: plots/Granular_Grids/DT/accuracy/grid_DT_accuracy_ds_9
1-100.pdf  used on input line 285.
(pdftex.def)             Requested size: 145.68144pt x 87.40396pt.
 [26

 <./plots/Granular_Grids/DT/accuracy/grid_DT_accuracy_ds_1-10.pdf> <./plots/Gra
nular_Grids/DT/accuracy/grid_DT_accuracy_ds_11-20.pdf> <./plots/Granular_Grids/
DT/accuracy/grid_DT_accuracy_ds_21-30.pdf> <./plots/Granular_Grids/DT/accuracy/
grid_DT_accuracy_ds_31-40.pdf> <./plots/Granular_Grids/DT/accuracy/grid_DT_accu
racy_ds_41-50.pdf> <./plots/Granular_Grids/DT/accuracy/grid_DT_accuracy_ds_51-6
0.pdf> <./plots/Granular_Grids/DT/accuracy/grid_DT_accuracy_ds_61-70.pdf> <./pl
ots/Granular_Grids/DT/accuracy/grid_DT_accuracy_ds_71-80.pdf> <./plots/Granular
_Grids/DT/accuracy/grid_DT_accuracy_ds_81-90.pdf> <./plots/Granular_Grids/DT/ac
curacy/grid_DT_accuracy_ds_91-100.pdf>]
<plots/Granular_Grids/DT/f1_score/grid_DT_f1_score_ds_1-10.pdf, id=17621, 1445.
4pt x 867.24pt>
File: plots/Granular_Grids/DT/f1_score/grid_DT_f1_score_ds_1-10.pdf Graphic fil
e (type pdf)
<use plots/Granular_Grids/DT/f1_score/grid_DT_f1_score_ds_1-10.pdf>
Package pdftex.def Info: plots/Granular_Grids/DT/f1_score/grid_DT_f1_score_ds_1
-10.pdf  used on input line 293.
(pdftex.def)             Requested size: 145.68144pt x 87.40396pt.
<plots/Granular_Grids/DT/f1_score/grid_DT_f1_score_ds_11-20.pdf, id=17622, 1445
.4pt x 867.24pt>
File: plots/Granular_Grids/DT/f1_score/grid_DT_f1_score_ds_11-20.pdf Graphic fi
le (type pdf)
<use plots/Granular_Grids/DT/f1_score/grid_DT_f1_score_ds_11-20.pdf>
Package pdftex.def Info: plots/Granular_Grids/DT/f1_score/grid_DT_f1_score_ds_1
1-20.pdf  used on input line 294.
(pdftex.def)             Requested size: 145.68144pt x 87.40396pt.
<plots/Granular_Grids/DT/f1_score/grid_DT_f1_score_ds_21-30.pdf, id=17623, 1445
.4pt x 867.24pt>
File: plots/Granular_Grids/DT/f1_score/grid_DT_f1_score_ds_21-30.pdf Graphic fi
le (type pdf)
<use plots/Granular_Grids/DT/f1_score/grid_DT_f1_score_ds_21-30.pdf>
Package pdftex.def Info: plots/Granular_Grids/DT/f1_score/grid_DT_f1_score_ds_2
1-30.pdf  used on input line 295.
(pdftex.def)             Requested size: 145.68144pt x 87.40396pt.
<plots/Granular_Grids/DT/f1_score/grid_DT_f1_score_ds_31-40.pdf, id=17624, 1445
.4pt x 867.24pt>
File: plots/Granular_Grids/DT/f1_score/grid_DT_f1_score_ds_31-40.pdf Graphic fi
le (type pdf)
<use plots/Granular_Grids/DT/f1_score/grid_DT_f1_score_ds_31-40.pdf>
Package pdftex.def Info: plots/Granular_Grids/DT/f1_score/grid_DT_f1_score_ds_3
1-40.pdf  used on input line 296.
(pdftex.def)             Requested size: 145.68144pt x 87.40396pt.
<plots/Granular_Grids/DT/f1_score/grid_DT_f1_score_ds_41-50.pdf, id=17625, 1445
.4pt x 867.24pt>
File: plots/Granular_Grids/DT/f1_score/grid_DT_f1_score_ds_41-50.pdf Graphic fi
le (type pdf)
<use plots/Granular_Grids/DT/f1_score/grid_DT_f1_score_ds_41-50.pdf>
Package pdftex.def Info: plots/Granular_Grids/DT/f1_score/grid_DT_f1_score_ds_4
1-50.pdf  used on input line 297.
(pdftex.def)             Requested size: 145.68144pt x 87.40396pt.
<plots/Granular_Grids/DT/f1_score/grid_DT_f1_score_ds_51-60.pdf, id=17626, 1445
.4pt x 867.24pt>
File: plots/Granular_Grids/DT/f1_score/grid_DT_f1_score_ds_51-60.pdf Graphic fi
le (type pdf)
<use plots/Granular_Grids/DT/f1_score/grid_DT_f1_score_ds_51-60.pdf>
Package pdftex.def Info: plots/Granular_Grids/DT/f1_score/grid_DT_f1_score_ds_5
1-60.pdf  used on input line 298.
(pdftex.def)             Requested size: 145.68144pt x 87.40396pt.
<plots/Granular_Grids/DT/f1_score/grid_DT_f1_score_ds_61-70.pdf, id=17627, 1445
.4pt x 867.24pt>
File: plots/Granular_Grids/DT/f1_score/grid_DT_f1_score_ds_61-70.pdf Graphic fi
le (type pdf)
<use plots/Granular_Grids/DT/f1_score/grid_DT_f1_score_ds_61-70.pdf>
Package pdftex.def Info: plots/Granular_Grids/DT/f1_score/grid_DT_f1_score_ds_6
1-70.pdf  used on input line 299.
(pdftex.def)             Requested size: 145.68144pt x 87.40396pt.
<plots/Granular_Grids/DT/f1_score/grid_DT_f1_score_ds_71-80.pdf, id=17628, 1445
.4pt x 867.24pt>
File: plots/Granular_Grids/DT/f1_score/grid_DT_f1_score_ds_71-80.pdf Graphic fi
le (type pdf)
<use plots/Granular_Grids/DT/f1_score/grid_DT_f1_score_ds_71-80.pdf>
Package pdftex.def Info: plots/Granular_Grids/DT/f1_score/grid_DT_f1_score_ds_7
1-80.pdf  used on input line 300.
(pdftex.def)             Requested size: 145.68144pt x 87.40396pt.
<plots/Granular_Grids/DT/f1_score/grid_DT_f1_score_ds_81-90.pdf, id=17629, 1445
.4pt x 867.24pt>
File: plots/Granular_Grids/DT/f1_score/grid_DT_f1_score_ds_81-90.pdf Graphic fi
le (type pdf)
<use plots/Granular_Grids/DT/f1_score/grid_DT_f1_score_ds_81-90.pdf>
Package pdftex.def Info: plots/Granular_Grids/DT/f1_score/grid_DT_f1_score_ds_8
1-90.pdf  used on input line 301.
(pdftex.def)             Requested size: 145.68144pt x 87.40396pt.
<plots/Granular_Grids/DT/f1_score/grid_DT_f1_score_ds_91-100.pdf, id=17630, 144
5.4pt x 867.24pt>
File: plots/Granular_Grids/DT/f1_score/grid_DT_f1_score_ds_91-100.pdf Graphic f
ile (type pdf)
<use plots/Granular_Grids/DT/f1_score/grid_DT_f1_score_ds_91-100.pdf>
Package pdftex.def Info: plots/Granular_Grids/DT/f1_score/grid_DT_f1_score_ds_9
1-100.pdf  used on input line 302.
(pdftex.def)             Requested size: 145.68144pt x 87.40396pt.
 [27

 <./plots/Granular_Grids/DT/f1_score/grid_DT_f1_score_ds_1-10.pdf> <./plots/Gra
nular_Grids/DT/f1_score/grid_DT_f1_score_ds_11-20.pdf> <./plots/Granular_Grids/
DT/f1_score/grid_DT_f1_score_ds_21-30.pdf> <./plots/Granular_Grids/DT/f1_score/
grid_DT_f1_score_ds_31-40.pdf> <./plots/Granular_Grids/DT/f1_score/grid_DT_f1_s
core_ds_41-50.pdf> <./plots/Granular_Grids/DT/f1_score/grid_DT_f1_score_ds_51-6
0.pdf> <./plots/Granular_Grids/DT/f1_score/grid_DT_f1_score_ds_61-70.pdf> <./pl
ots/Granular_Grids/DT/f1_score/grid_DT_f1_score_ds_71-80.pdf> <./plots/Granular
_Grids/DT/f1_score/grid_DT_f1_score_ds_81-90.pdf> <./plots/Granular_Grids/DT/f1
_score/grid_DT_f1_score_ds_91-100.pdf>]
<plots/Granular_Grids/DT/g_mean/grid_DT_g_mean_ds_1-10.pdf, id=18906, 1445.4pt 
x 867.24pt>
File: plots/Granular_Grids/DT/g_mean/grid_DT_g_mean_ds_1-10.pdf Graphic file (t
ype pdf)
<use plots/Granular_Grids/DT/g_mean/grid_DT_g_mean_ds_1-10.pdf>
Package pdftex.def Info: plots/Granular_Grids/DT/g_mean/grid_DT_g_mean_ds_1-10.
pdf  used on input line 310.
(pdftex.def)             Requested size: 145.68144pt x 87.40396pt.
<plots/Granular_Grids/DT/g_mean/grid_DT_g_mean_ds_11-20.pdf, id=18907, 1445.4pt
 x 867.24pt>
File: plots/Granular_Grids/DT/g_mean/grid_DT_g_mean_ds_11-20.pdf Graphic file (
type pdf)
<use plots/Granular_Grids/DT/g_mean/grid_DT_g_mean_ds_11-20.pdf>
Package pdftex.def Info: plots/Granular_Grids/DT/g_mean/grid_DT_g_mean_ds_11-20
.pdf  used on input line 311.
(pdftex.def)             Requested size: 145.68144pt x 87.40396pt.
<plots/Granular_Grids/DT/g_mean/grid_DT_g_mean_ds_21-30.pdf, id=18908, 1445.4pt
 x 867.24pt>
File: plots/Granular_Grids/DT/g_mean/grid_DT_g_mean_ds_21-30.pdf Graphic file (
type pdf)
<use plots/Granular_Grids/DT/g_mean/grid_DT_g_mean_ds_21-30.pdf>
Package pdftex.def Info: plots/Granular_Grids/DT/g_mean/grid_DT_g_mean_ds_21-30
.pdf  used on input line 312.
(pdftex.def)             Requested size: 145.68144pt x 87.40396pt.
<plots/Granular_Grids/DT/g_mean/grid_DT_g_mean_ds_31-40.pdf, id=18909, 1445.4pt
 x 867.24pt>
File: plots/Granular_Grids/DT/g_mean/grid_DT_g_mean_ds_31-40.pdf Graphic file (
type pdf)
<use plots/Granular_Grids/DT/g_mean/grid_DT_g_mean_ds_31-40.pdf>
Package pdftex.def Info: plots/Granular_Grids/DT/g_mean/grid_DT_g_mean_ds_31-40
.pdf  used on input line 313.
(pdftex.def)             Requested size: 145.68144pt x 87.40396pt.
<plots/Granular_Grids/DT/g_mean/grid_DT_g_mean_ds_41-50.pdf, id=18910, 1445.4pt
 x 867.24pt>
File: plots/Granular_Grids/DT/g_mean/grid_DT_g_mean_ds_41-50.pdf Graphic file (
type pdf)
<use plots/Granular_Grids/DT/g_mean/grid_DT_g_mean_ds_41-50.pdf>
Package pdftex.def Info: plots/Granular_Grids/DT/g_mean/grid_DT_g_mean_ds_41-50
.pdf  used on input line 314.
(pdftex.def)             Requested size: 145.68144pt x 87.40396pt.
<plots/Granular_Grids/DT/g_mean/grid_DT_g_mean_ds_51-60.pdf, id=18911, 1445.4pt
 x 867.24pt>
File: plots/Granular_Grids/DT/g_mean/grid_DT_g_mean_ds_51-60.pdf Graphic file (
type pdf)
<use plots/Granular_Grids/DT/g_mean/grid_DT_g_mean_ds_51-60.pdf>
Package pdftex.def Info: plots/Granular_Grids/DT/g_mean/grid_DT_g_mean_ds_51-60
.pdf  used on input line 315.
(pdftex.def)             Requested size: 145.68144pt x 87.40396pt.
<plots/Granular_Grids/DT/g_mean/grid_DT_g_mean_ds_61-70.pdf, id=18912, 1445.4pt
 x 867.24pt>
File: plots/Granular_Grids/DT/g_mean/grid_DT_g_mean_ds_61-70.pdf Graphic file (
type pdf)
<use plots/Granular_Grids/DT/g_mean/grid_DT_g_mean_ds_61-70.pdf>
Package pdftex.def Info: plots/Granular_Grids/DT/g_mean/grid_DT_g_mean_ds_61-70
.pdf  used on input line 316.
(pdftex.def)             Requested size: 145.68144pt x 87.40396pt.
<plots/Granular_Grids/DT/g_mean/grid_DT_g_mean_ds_71-80.pdf, id=18913, 1445.4pt
 x 867.24pt>
File: plots/Granular_Grids/DT/g_mean/grid_DT_g_mean_ds_71-80.pdf Graphic file (
type pdf)
<use plots/Granular_Grids/DT/g_mean/grid_DT_g_mean_ds_71-80.pdf>
Package pdftex.def Info: plots/Granular_Grids/DT/g_mean/grid_DT_g_mean_ds_71-80
.pdf  used on input line 317.
(pdftex.def)             Requested size: 145.68144pt x 87.40396pt.
<plots/Granular_Grids/DT/g_mean/grid_DT_g_mean_ds_81-90.pdf, id=18914, 1445.4pt
 x 867.24pt>
File: plots/Granular_Grids/DT/g_mean/grid_DT_g_mean_ds_81-90.pdf Graphic file (
type pdf)
<use plots/Granular_Grids/DT/g_mean/grid_DT_g_mean_ds_81-90.pdf>
Package pdftex.def Info: plots/Granular_Grids/DT/g_mean/grid_DT_g_mean_ds_81-90
.pdf  used on input line 318.
(pdftex.def)             Requested size: 145.68144pt x 87.40396pt.
<plots/Granular_Grids/DT/g_mean/grid_DT_g_mean_ds_91-100.pdf, id=18915, 1445.4p
t x 867.24pt>
File: plots/Granular_Grids/DT/g_mean/grid_DT_g_mean_ds_91-100.pdf Graphic file 
(type pdf)
<use plots/Granular_Grids/DT/g_mean/grid_DT_g_mean_ds_91-100.pdf>
Package pdftex.def Info: plots/Granular_Grids/DT/g_mean/grid_DT_g_mean_ds_91-10
0.pdf  used on input line 319.
(pdftex.def)             Requested size: 145.68144pt x 87.40396pt.
 [28

 <./plots/Granular_Grids/DT/g_mean/grid_DT_g_mean_ds_1-10.pdf> <./plots/Granula
r_Grids/DT/g_mean/grid_DT_g_mean_ds_11-20.pdf> <./plots/Granular_Grids/DT/g_mea
n/grid_DT_g_mean_ds_21-30.pdf> <./plots/Granular_Grids/DT/g_mean/grid_DT_g_mean
_ds_31-40.pdf> <./plots/Granular_Grids/DT/g_mean/grid_DT_g_mean_ds_41-50.pdf> <
./plots/Granular_Grids/DT/g_mean/grid_DT_g_mean_ds_51-60.pdf> <./plots/Granular
_Grids/DT/g_mean/grid_DT_g_mean_ds_61-70.pdf> <./plots/Granular_Grids/DT/g_mean
/grid_DT_g_mean_ds_71-80.pdf> <./plots/Granular_Grids/DT/g_mean/grid_DT_g_mean_
ds_81-90.pdf> <./plots/Granular_Grids/DT/g_mean/grid_DT_g_mean_ds_91-100.pdf>]
<plots/Granular_Grids/DT/roc_auc/grid_DT_roc_auc_ds_1-10.pdf, id=20181, 1445.4p
t x 867.24pt>
File: plots/Granular_Grids/DT/roc_auc/grid_DT_roc_auc_ds_1-10.pdf Graphic file 
(type pdf)
<use plots/Granular_Grids/DT/roc_auc/grid_DT_roc_auc_ds_1-10.pdf>
Package pdftex.def Info: plots/Granular_Grids/DT/roc_auc/grid_DT_roc_auc_ds_1-1
0.pdf  used on input line 327.
(pdftex.def)             Requested size: 145.68144pt x 87.40396pt.
<plots/Granular_Grids/DT/roc_auc/grid_DT_roc_auc_ds_11-20.pdf, id=20182, 1445.4
pt x 867.24pt>
File: plots/Granular_Grids/DT/roc_auc/grid_DT_roc_auc_ds_11-20.pdf Graphic file
 (type pdf)
<use plots/Granular_Grids/DT/roc_auc/grid_DT_roc_auc_ds_11-20.pdf>
Package pdftex.def Info: plots/Granular_Grids/DT/roc_auc/grid_DT_roc_auc_ds_11-
20.pdf  used on input line 328.
(pdftex.def)             Requested size: 145.68144pt x 87.40396pt.
<plots/Granular_Grids/DT/roc_auc/grid_DT_roc_auc_ds_21-30.pdf, id=20183, 1445.4
pt x 867.24pt>
File: plots/Granular_Grids/DT/roc_auc/grid_DT_roc_auc_ds_21-30.pdf Graphic file
 (type pdf)
<use plots/Granular_Grids/DT/roc_auc/grid_DT_roc_auc_ds_21-30.pdf>
Package pdftex.def Info: plots/Granular_Grids/DT/roc_auc/grid_DT_roc_auc_ds_21-
30.pdf  used on input line 329.
(pdftex.def)             Requested size: 145.68144pt x 87.40396pt.
<plots/Granular_Grids/DT/roc_auc/grid_DT_roc_auc_ds_31-40.pdf, id=20184, 1445.4
pt x 867.24pt>
File: plots/Granular_Grids/DT/roc_auc/grid_DT_roc_auc_ds_31-40.pdf Graphic file
 (type pdf)
<use plots/Granular_Grids/DT/roc_auc/grid_DT_roc_auc_ds_31-40.pdf>
Package pdftex.def Info: plots/Granular_Grids/DT/roc_auc/grid_DT_roc_auc_ds_31-
40.pdf  used on input line 330.
(pdftex.def)             Requested size: 145.68144pt x 87.40396pt.
<plots/Granular_Grids/DT/roc_auc/grid_DT_roc_auc_ds_41-50.pdf, id=20185, 1445.4
pt x 867.24pt>
File: plots/Granular_Grids/DT/roc_auc/grid_DT_roc_auc_ds_41-50.pdf Graphic file
 (type pdf)
<use plots/Granular_Grids/DT/roc_auc/grid_DT_roc_auc_ds_41-50.pdf>
Package pdftex.def Info: plots/Granular_Grids/DT/roc_auc/grid_DT_roc_auc_ds_41-
50.pdf  used on input line 331.
(pdftex.def)             Requested size: 145.68144pt x 87.40396pt.
<plots/Granular_Grids/DT/roc_auc/grid_DT_roc_auc_ds_51-60.pdf, id=20186, 1445.4
pt x 867.24pt>
File: plots/Granular_Grids/DT/roc_auc/grid_DT_roc_auc_ds_51-60.pdf Graphic file
 (type pdf)
<use plots/Granular_Grids/DT/roc_auc/grid_DT_roc_auc_ds_51-60.pdf>
Package pdftex.def Info: plots/Granular_Grids/DT/roc_auc/grid_DT_roc_auc_ds_51-
60.pdf  used on input line 332.
(pdftex.def)             Requested size: 145.68144pt x 87.40396pt.
<plots/Granular_Grids/DT/roc_auc/grid_DT_roc_auc_ds_61-70.pdf, id=20187, 1445.4
pt x 867.24pt>
File: plots/Granular_Grids/DT/roc_auc/grid_DT_roc_auc_ds_61-70.pdf Graphic file
 (type pdf)
<use plots/Granular_Grids/DT/roc_auc/grid_DT_roc_auc_ds_61-70.pdf>
Package pdftex.def Info: plots/Granular_Grids/DT/roc_auc/grid_DT_roc_auc_ds_61-
70.pdf  used on input line 333.
(pdftex.def)             Requested size: 145.68144pt x 87.40396pt.
<plots/Granular_Grids/DT/roc_auc/grid_DT_roc_auc_ds_71-80.pdf, id=20188, 1445.4
pt x 867.24pt>
File: plots/Granular_Grids/DT/roc_auc/grid_DT_roc_auc_ds_71-80.pdf Graphic file
 (type pdf)
<use plots/Granular_Grids/DT/roc_auc/grid_DT_roc_auc_ds_71-80.pdf>
Package pdftex.def Info: plots/Granular_Grids/DT/roc_auc/grid_DT_roc_auc_ds_71-
80.pdf  used on input line 334.
(pdftex.def)             Requested size: 145.68144pt x 87.40396pt.
<plots/Granular_Grids/DT/roc_auc/grid_DT_roc_auc_ds_81-90.pdf, id=20189, 1445.4
pt x 867.24pt>
File: plots/Granular_Grids/DT/roc_auc/grid_DT_roc_auc_ds_81-90.pdf Graphic file
 (type pdf)
<use plots/Granular_Grids/DT/roc_auc/grid_DT_roc_auc_ds_81-90.pdf>
Package pdftex.def Info: plots/Granular_Grids/DT/roc_auc/grid_DT_roc_auc_ds_81-
90.pdf  used on input line 335.
(pdftex.def)             Requested size: 145.68144pt x 87.40396pt.
<plots/Granular_Grids/DT/roc_auc/grid_DT_roc_auc_ds_91-100.pdf, id=20190, 1445.
4pt x 867.24pt>
File: plots/Granular_Grids/DT/roc_auc/grid_DT_roc_auc_ds_91-100.pdf Graphic fil
e (type pdf)
<use plots/Granular_Grids/DT/roc_auc/grid_DT_roc_auc_ds_91-100.pdf>
Package pdftex.def Info: plots/Granular_Grids/DT/roc_auc/grid_DT_roc_auc_ds_91-
100.pdf  used on input line 336.
(pdftex.def)             Requested size: 145.68144pt x 87.40396pt.
 [29

 <./plots/Granular_Grids/DT/roc_auc/grid_DT_roc_auc_ds_1-10.pdf> <./plots/Granu
lar_Grids/DT/roc_auc/grid_DT_roc_auc_ds_11-20.pdf> <./plots/Granular_Grids/DT/r
oc_auc/grid_DT_roc_auc_ds_21-30.pdf> <./plots/Granular_Grids/DT/roc_auc/grid_DT
_roc_auc_ds_31-40.pdf> <./plots/Granular_Grids/DT/roc_auc/grid_DT_roc_auc_ds_41
-50.pdf> <./plots/Granular_Grids/DT/roc_auc/grid_DT_roc_auc_ds_51-60.pdf> <./pl
ots/Granular_Grids/DT/roc_auc/grid_DT_roc_auc_ds_61-70.pdf> <./plots/Granular_G
rids/DT/roc_auc/grid_DT_roc_auc_ds_71-80.pdf> <./plots/Granular_Grids/DT/roc_au
c/grid_DT_roc_auc_ds_81-90.pdf> <./plots/Granular_Grids/DT/roc_auc/grid_DT_roc_
auc_ds_91-100.pdf>]
<plots/Granular_Grids/GLQV/accuracy/grid_GLQV_accuracy_ds_1-10.pdf, id=21467, 1
445.4pt x 867.24pt>
File: plots/Granular_Grids/GLQV/accuracy/grid_GLQV_accuracy_ds_1-10.pdf Graphic
 file (type pdf)
<use plots/Granular_Grids/GLQV/accuracy/grid_GLQV_accuracy_ds_1-10.pdf>
Package pdftex.def Info: plots/Granular_Grids/GLQV/accuracy/grid_GLQV_accuracy_
ds_1-10.pdf  used on input line 344.
(pdftex.def)             Requested size: 145.68144pt x 87.40396pt.
<plots/Granular_Grids/GLQV/accuracy/grid_GLQV_accuracy_ds_11-20.pdf, id=21468, 
1445.4pt x 867.24pt>
File: plots/Granular_Grids/GLQV/accuracy/grid_GLQV_accuracy_ds_11-20.pdf Graphi
c file (type pdf)
<use plots/Granular_Grids/GLQV/accuracy/grid_GLQV_accuracy_ds_11-20.pdf>
Package pdftex.def Info: plots/Granular_Grids/GLQV/accuracy/grid_GLQV_accuracy_
ds_11-20.pdf  used on input line 345.
(pdftex.def)             Requested size: 145.68144pt x 87.40396pt.
<plots/Granular_Grids/GLQV/accuracy/grid_GLQV_accuracy_ds_21-30.pdf, id=21469, 
1445.4pt x 867.24pt>
File: plots/Granular_Grids/GLQV/accuracy/grid_GLQV_accuracy_ds_21-30.pdf Graphi
c file (type pdf)
<use plots/Granular_Grids/GLQV/accuracy/grid_GLQV_accuracy_ds_21-30.pdf>
Package pdftex.def Info: plots/Granular_Grids/GLQV/accuracy/grid_GLQV_accuracy_
ds_21-30.pdf  used on input line 346.
(pdftex.def)             Requested size: 145.68144pt x 87.40396pt.
<plots/Granular_Grids/GLQV/accuracy/grid_GLQV_accuracy_ds_31-40.pdf, id=21470, 
1445.4pt x 867.24pt>
File: plots/Granular_Grids/GLQV/accuracy/grid_GLQV_accuracy_ds_31-40.pdf Graphi
c file (type pdf)
<use plots/Granular_Grids/GLQV/accuracy/grid_GLQV_accuracy_ds_31-40.pdf>
Package pdftex.def Info: plots/Granular_Grids/GLQV/accuracy/grid_GLQV_accuracy_
ds_31-40.pdf  used on input line 347.
(pdftex.def)             Requested size: 145.68144pt x 87.40396pt.
<plots/Granular_Grids/GLQV/accuracy/grid_GLQV_accuracy_ds_41-50.pdf, id=21471, 
1445.4pt x 867.24pt>
File: plots/Granular_Grids/GLQV/accuracy/grid_GLQV_accuracy_ds_41-50.pdf Graphi
c file (type pdf)
<use plots/Granular_Grids/GLQV/accuracy/grid_GLQV_accuracy_ds_41-50.pdf>
Package pdftex.def Info: plots/Granular_Grids/GLQV/accuracy/grid_GLQV_accuracy_
ds_41-50.pdf  used on input line 348.
(pdftex.def)             Requested size: 145.68144pt x 87.40396pt.
<plots/Granular_Grids/GLQV/accuracy/grid_GLQV_accuracy_ds_51-60.pdf, id=21472, 
1445.4pt x 867.24pt>
File: plots/Granular_Grids/GLQV/accuracy/grid_GLQV_accuracy_ds_51-60.pdf Graphi
c file (type pdf)
<use plots/Granular_Grids/GLQV/accuracy/grid_GLQV_accuracy_ds_51-60.pdf>
Package pdftex.def Info: plots/Granular_Grids/GLQV/accuracy/grid_GLQV_accuracy_
ds_51-60.pdf  used on input line 349.
(pdftex.def)             Requested size: 145.68144pt x 87.40396pt.
<plots/Granular_Grids/GLQV/accuracy/grid_GLQV_accuracy_ds_61-70.pdf, id=21473, 
1445.4pt x 867.24pt>
File: plots/Granular_Grids/GLQV/accuracy/grid_GLQV_accuracy_ds_61-70.pdf Graphi
c file (type pdf)
<use plots/Granular_Grids/GLQV/accuracy/grid_GLQV_accuracy_ds_61-70.pdf>
Package pdftex.def Info: plots/Granular_Grids/GLQV/accuracy/grid_GLQV_accuracy_
ds_61-70.pdf  used on input line 350.
(pdftex.def)             Requested size: 145.68144pt x 87.40396pt.
<plots/Granular_Grids/GLQV/accuracy/grid_GLQV_accuracy_ds_71-80.pdf, id=21474, 
1445.4pt x 867.24pt>
File: plots/Granular_Grids/GLQV/accuracy/grid_GLQV_accuracy_ds_71-80.pdf Graphi
c file (type pdf)
<use plots/Granular_Grids/GLQV/accuracy/grid_GLQV_accuracy_ds_71-80.pdf>
Package pdftex.def Info: plots/Granular_Grids/GLQV/accuracy/grid_GLQV_accuracy_
ds_71-80.pdf  used on input line 351.
(pdftex.def)             Requested size: 145.68144pt x 87.40396pt.
<plots/Granular_Grids/GLQV/accuracy/grid_GLQV_accuracy_ds_81-90.pdf, id=21475, 
1445.4pt x 867.24pt>
File: plots/Granular_Grids/GLQV/accuracy/grid_GLQV_accuracy_ds_81-90.pdf Graphi
c file (type pdf)
<use plots/Granular_Grids/GLQV/accuracy/grid_GLQV_accuracy_ds_81-90.pdf>
Package pdftex.def Info: plots/Granular_Grids/GLQV/accuracy/grid_GLQV_accuracy_
ds_81-90.pdf  used on input line 352.
(pdftex.def)             Requested size: 145.68144pt x 87.40396pt.
<plots/Granular_Grids/GLQV/accuracy/grid_GLQV_accuracy_ds_91-100.pdf, id=21476,
 1445.4pt x 867.24pt>
File: plots/Granular_Grids/GLQV/accuracy/grid_GLQV_accuracy_ds_91-100.pdf Graph
ic file (type pdf)
<use plots/Granular_Grids/GLQV/accuracy/grid_GLQV_accuracy_ds_91-100.pdf>
Package pdftex.def Info: plots/Granular_Grids/GLQV/accuracy/grid_GLQV_accuracy_
ds_91-100.pdf  used on input line 353.
(pdftex.def)             Requested size: 145.68144pt x 87.40396pt.
 [30

 <./plots/Granular_Grids/GLQV/accuracy/grid_GLQV_accuracy_ds_1-10.pdf> <./plots
/Granular_Grids/GLQV/accuracy/grid_GLQV_accuracy_ds_11-20.pdf> <./plots/Granula
r_Grids/GLQV/accuracy/grid_GLQV_accuracy_ds_21-30.pdf> <./plots/Granular_Grids/
GLQV/accuracy/grid_GLQV_accuracy_ds_31-40.pdf> <./plots/Granular_Grids/GLQV/acc
uracy/grid_GLQV_accuracy_ds_41-50.pdf> <./plots/Granular_Grids/GLQV/accuracy/gr
id_GLQV_accuracy_ds_51-60.pdf> <./plots/Granular_Grids/GLQV/accuracy/grid_GLQV_
accuracy_ds_61-70.pdf> <./plots/Granular_Grids/GLQV/accuracy/grid_GLQV_accuracy
_ds_71-80.pdf> <./plots/Granular_Grids/GLQV/accuracy/grid_GLQV_accuracy_ds_81-9
0.pdf> <./plots/Granular_Grids/GLQV/accuracy/grid_GLQV_accuracy_ds_91-100.pdf>]
<plots/Granular_Grids/GLQV/f1_score/grid_GLQV_f1_score_ds_1-10.pdf, id=22782, 1
445.4pt x 867.24pt>
File: plots/Granular_Grids/GLQV/f1_score/grid_GLQV_f1_score_ds_1-10.pdf Graphic
 file (type pdf)
<use plots/Granular_Grids/GLQV/f1_score/grid_GLQV_f1_score_ds_1-10.pdf>
Package pdftex.def Info: plots/Granular_Grids/GLQV/f1_score/grid_GLQV_f1_score_
ds_1-10.pdf  used on input line 361.
(pdftex.def)             Requested size: 145.68144pt x 87.40396pt.
<plots/Granular_Grids/GLQV/f1_score/grid_GLQV_f1_score_ds_11-20.pdf, id=22783, 
1445.4pt x 867.24pt>
File: plots/Granular_Grids/GLQV/f1_score/grid_GLQV_f1_score_ds_11-20.pdf Graphi
c file (type pdf)
<use plots/Granular_Grids/GLQV/f1_score/grid_GLQV_f1_score_ds_11-20.pdf>
Package pdftex.def Info: plots/Granular_Grids/GLQV/f1_score/grid_GLQV_f1_score_
ds_11-20.pdf  used on input line 362.
(pdftex.def)             Requested size: 145.68144pt x 87.40396pt.
<plots/Granular_Grids/GLQV/f1_score/grid_GLQV_f1_score_ds_21-30.pdf, id=22784, 
1445.4pt x 867.24pt>
File: plots/Granular_Grids/GLQV/f1_score/grid_GLQV_f1_score_ds_21-30.pdf Graphi
c file (type pdf)
<use plots/Granular_Grids/GLQV/f1_score/grid_GLQV_f1_score_ds_21-30.pdf>
Package pdftex.def Info: plots/Granular_Grids/GLQV/f1_score/grid_GLQV_f1_score_
ds_21-30.pdf  used on input line 363.
(pdftex.def)             Requested size: 145.68144pt x 87.40396pt.
<plots/Granular_Grids/GLQV/f1_score/grid_GLQV_f1_score_ds_31-40.pdf, id=22785, 
1445.4pt x 867.24pt>
File: plots/Granular_Grids/GLQV/f1_score/grid_GLQV_f1_score_ds_31-40.pdf Graphi
c file (type pdf)
<use plots/Granular_Grids/GLQV/f1_score/grid_GLQV_f1_score_ds_31-40.pdf>
Package pdftex.def Info: plots/Granular_Grids/GLQV/f1_score/grid_GLQV_f1_score_
ds_31-40.pdf  used on input line 364.
(pdftex.def)             Requested size: 145.68144pt x 87.40396pt.
<plots/Granular_Grids/GLQV/f1_score/grid_GLQV_f1_score_ds_41-50.pdf, id=22786, 
1445.4pt x 867.24pt>
File: plots/Granular_Grids/GLQV/f1_score/grid_GLQV_f1_score_ds_41-50.pdf Graphi
c file (type pdf)
<use plots/Granular_Grids/GLQV/f1_score/grid_GLQV_f1_score_ds_41-50.pdf>
Package pdftex.def Info: plots/Granular_Grids/GLQV/f1_score/grid_GLQV_f1_score_
ds_41-50.pdf  used on input line 365.
(pdftex.def)             Requested size: 145.68144pt x 87.40396pt.
<plots/Granular_Grids/GLQV/f1_score/grid_GLQV_f1_score_ds_51-60.pdf, id=22787, 
1445.4pt x 867.24pt>
File: plots/Granular_Grids/GLQV/f1_score/grid_GLQV_f1_score_ds_51-60.pdf Graphi
c file (type pdf)
<use plots/Granular_Grids/GLQV/f1_score/grid_GLQV_f1_score_ds_51-60.pdf>
Package pdftex.def Info: plots/Granular_Grids/GLQV/f1_score/grid_GLQV_f1_score_
ds_51-60.pdf  used on input line 366.
(pdftex.def)             Requested size: 145.68144pt x 87.40396pt.
<plots/Granular_Grids/GLQV/f1_score/grid_GLQV_f1_score_ds_61-70.pdf, id=22788, 
1445.4pt x 867.24pt>
File: plots/Granular_Grids/GLQV/f1_score/grid_GLQV_f1_score_ds_61-70.pdf Graphi
c file (type pdf)
<use plots/Granular_Grids/GLQV/f1_score/grid_GLQV_f1_score_ds_61-70.pdf>
Package pdftex.def Info: plots/Granular_Grids/GLQV/f1_score/grid_GLQV_f1_score_
ds_61-70.pdf  used on input line 367.
(pdftex.def)             Requested size: 145.68144pt x 87.40396pt.
<plots/Granular_Grids/GLQV/f1_score/grid_GLQV_f1_score_ds_71-80.pdf, id=22789, 
1445.4pt x 867.24pt>
File: plots/Granular_Grids/GLQV/f1_score/grid_GLQV_f1_score_ds_71-80.pdf Graphi
c file (type pdf)
<use plots/Granular_Grids/GLQV/f1_score/grid_GLQV_f1_score_ds_71-80.pdf>
Package pdftex.def Info: plots/Granular_Grids/GLQV/f1_score/grid_GLQV_f1_score_
ds_71-80.pdf  used on input line 368.
(pdftex.def)             Requested size: 145.68144pt x 87.40396pt.
<plots/Granular_Grids/GLQV/f1_score/grid_GLQV_f1_score_ds_81-90.pdf, id=22790, 
1445.4pt x 867.24pt>
File: plots/Granular_Grids/GLQV/f1_score/grid_GLQV_f1_score_ds_81-90.pdf Graphi
c file (type pdf)
<use plots/Granular_Grids/GLQV/f1_score/grid_GLQV_f1_score_ds_81-90.pdf>
Package pdftex.def Info: plots/Granular_Grids/GLQV/f1_score/grid_GLQV_f1_score_
ds_81-90.pdf  used on input line 369.
(pdftex.def)             Requested size: 145.68144pt x 87.40396pt.
<plots/Granular_Grids/GLQV/f1_score/grid_GLQV_f1_score_ds_91-100.pdf, id=22791,
 1445.4pt x 867.24pt>
File: plots/Granular_Grids/GLQV/f1_score/grid_GLQV_f1_score_ds_91-100.pdf Graph
ic file (type pdf)
<use plots/Granular_Grids/GLQV/f1_score/grid_GLQV_f1_score_ds_91-100.pdf>
Package pdftex.def Info: plots/Granular_Grids/GLQV/f1_score/grid_GLQV_f1_score_
ds_91-100.pdf  used on input line 370.
(pdftex.def)             Requested size: 145.68144pt x 87.40396pt.
 [31

 <./plots/Granular_Grids/GLQV/f1_score/grid_GLQV_f1_score_ds_1-10.pdf> <./plots
/Granular_Grids/GLQV/f1_score/grid_GLQV_f1_score_ds_11-20.pdf> <./plots/Granula
r_Grids/GLQV/f1_score/grid_GLQV_f1_score_ds_21-30.pdf> <./plots/Granular_Grids/
GLQV/f1_score/grid_GLQV_f1_score_ds_31-40.pdf> <./plots/Granular_Grids/GLQV/f1_
score/grid_GLQV_f1_score_ds_41-50.pdf> <./plots/Granular_Grids/GLQV/f1_score/gr
id_GLQV_f1_score_ds_51-60.pdf> <./plots/Granular_Grids/GLQV/f1_score/grid_GLQV_
f1_score_ds_61-70.pdf> <./plots/Granular_Grids/GLQV/f1_score/grid_GLQV_f1_score
_ds_71-80.pdf> <./plots/Granular_Grids/GLQV/f1_score/grid_GLQV_f1_score_ds_81-9
0.pdf> <./plots/Granular_Grids/GLQV/f1_score/grid_GLQV_f1_score_ds_91-100.pdf>]
<plots/Granular_Grids/GLQV/g_mean/grid_GLQV_g_mean_ds_1-10.pdf, id=24097, 1445.
4pt x 867.24pt>
File: plots/Granular_Grids/GLQV/g_mean/grid_GLQV_g_mean_ds_1-10.pdf Graphic fil
e (type pdf)
<use plots/Granular_Grids/GLQV/g_mean/grid_GLQV_g_mean_ds_1-10.pdf>
Package pdftex.def Info: plots/Granular_Grids/GLQV/g_mean/grid_GLQV_g_mean_ds_1
-10.pdf  used on input line 378.
(pdftex.def)             Requested size: 145.68144pt x 87.40396pt.
<plots/Granular_Grids/GLQV/g_mean/grid_GLQV_g_mean_ds_11-20.pdf, id=24098, 1445
.4pt x 867.24pt>
File: plots/Granular_Grids/GLQV/g_mean/grid_GLQV_g_mean_ds_11-20.pdf Graphic fi
le (type pdf)
<use plots/Granular_Grids/GLQV/g_mean/grid_GLQV_g_mean_ds_11-20.pdf>
Package pdftex.def Info: plots/Granular_Grids/GLQV/g_mean/grid_GLQV_g_mean_ds_1
1-20.pdf  used on input line 379.
(pdftex.def)             Requested size: 145.68144pt x 87.40396pt.
<plots/Granular_Grids/GLQV/g_mean/grid_GLQV_g_mean_ds_21-30.pdf, id=24099, 1445
.4pt x 867.24pt>
File: plots/Granular_Grids/GLQV/g_mean/grid_GLQV_g_mean_ds_21-30.pdf Graphic fi
le (type pdf)
<use plots/Granular_Grids/GLQV/g_mean/grid_GLQV_g_mean_ds_21-30.pdf>
Package pdftex.def Info: plots/Granular_Grids/GLQV/g_mean/grid_GLQV_g_mean_ds_2
1-30.pdf  used on input line 380.
(pdftex.def)             Requested size: 145.68144pt x 87.40396pt.
<plots/Granular_Grids/GLQV/g_mean/grid_GLQV_g_mean_ds_31-40.pdf, id=24100, 1445
.4pt x 867.24pt>
File: plots/Granular_Grids/GLQV/g_mean/grid_GLQV_g_mean_ds_31-40.pdf Graphic fi
le (type pdf)
<use plots/Granular_Grids/GLQV/g_mean/grid_GLQV_g_mean_ds_31-40.pdf>
Package pdftex.def Info: plots/Granular_Grids/GLQV/g_mean/grid_GLQV_g_mean_ds_3
1-40.pdf  used on input line 381.
(pdftex.def)             Requested size: 145.68144pt x 87.40396pt.
<plots/Granular_Grids/GLQV/g_mean/grid_GLQV_g_mean_ds_41-50.pdf, id=24101, 1445
.4pt x 867.24pt>
File: plots/Granular_Grids/GLQV/g_mean/grid_GLQV_g_mean_ds_41-50.pdf Graphic fi
le (type pdf)
<use plots/Granular_Grids/GLQV/g_mean/grid_GLQV_g_mean_ds_41-50.pdf>
Package pdftex.def Info: plots/Granular_Grids/GLQV/g_mean/grid_GLQV_g_mean_ds_4
1-50.pdf  used on input line 382.
(pdftex.def)             Requested size: 145.68144pt x 87.40396pt.
<plots/Granular_Grids/GLQV/g_mean/grid_GLQV_g_mean_ds_51-60.pdf, id=24102, 1445
.4pt x 867.24pt>
File: plots/Granular_Grids/GLQV/g_mean/grid_GLQV_g_mean_ds_51-60.pdf Graphic fi
le (type pdf)
<use plots/Granular_Grids/GLQV/g_mean/grid_GLQV_g_mean_ds_51-60.pdf>
Package pdftex.def Info: plots/Granular_Grids/GLQV/g_mean/grid_GLQV_g_mean_ds_5
1-60.pdf  used on input line 383.
(pdftex.def)             Requested size: 145.68144pt x 87.40396pt.
<plots/Granular_Grids/GLQV/g_mean/grid_GLQV_g_mean_ds_61-70.pdf, id=24103, 1445
.4pt x 867.24pt>
File: plots/Granular_Grids/GLQV/g_mean/grid_GLQV_g_mean_ds_61-70.pdf Graphic fi
le (type pdf)
<use plots/Granular_Grids/GLQV/g_mean/grid_GLQV_g_mean_ds_61-70.pdf>
Package pdftex.def Info: plots/Granular_Grids/GLQV/g_mean/grid_GLQV_g_mean_ds_6
1-70.pdf  used on input line 384.
(pdftex.def)             Requested size: 145.68144pt x 87.40396pt.
<plots/Granular_Grids/GLQV/g_mean/grid_GLQV_g_mean_ds_71-80.pdf, id=24104, 1445
.4pt x 867.24pt>
File: plots/Granular_Grids/GLQV/g_mean/grid_GLQV_g_mean_ds_71-80.pdf Graphic fi
le (type pdf)
<use plots/Granular_Grids/GLQV/g_mean/grid_GLQV_g_mean_ds_71-80.pdf>
Package pdftex.def Info: plots/Granular_Grids/GLQV/g_mean/grid_GLQV_g_mean_ds_7
1-80.pdf  used on input line 385.
(pdftex.def)             Requested size: 145.68144pt x 87.40396pt.
<plots/Granular_Grids/GLQV/g_mean/grid_GLQV_g_mean_ds_81-90.pdf, id=24105, 1445
.4pt x 867.24pt>
File: plots/Granular_Grids/GLQV/g_mean/grid_GLQV_g_mean_ds_81-90.pdf Graphic fi
le (type pdf)
<use plots/Granular_Grids/GLQV/g_mean/grid_GLQV_g_mean_ds_81-90.pdf>
Package pdftex.def Info: plots/Granular_Grids/GLQV/g_mean/grid_GLQV_g_mean_ds_8
1-90.pdf  used on input line 386.
(pdftex.def)             Requested size: 145.68144pt x 87.40396pt.
<plots/Granular_Grids/GLQV/g_mean/grid_GLQV_g_mean_ds_91-100.pdf, id=24106, 144
5.4pt x 867.24pt>
File: plots/Granular_Grids/GLQV/g_mean/grid_GLQV_g_mean_ds_91-100.pdf Graphic f
ile (type pdf)
<use plots/Granular_Grids/GLQV/g_mean/grid_GLQV_g_mean_ds_91-100.pdf>
Package pdftex.def Info: plots/Granular_Grids/GLQV/g_mean/grid_GLQV_g_mean_ds_9
1-100.pdf  used on input line 387.
(pdftex.def)             Requested size: 145.68144pt x 87.40396pt.
 [32

 <./plots/Granular_Grids/GLQV/g_mean/grid_GLQV_g_mean_ds_1-10.pdf> <./plots/Gra
nular_Grids/GLQV/g_mean/grid_GLQV_g_mean_ds_11-20.pdf> <./plots/Granular_Grids/
GLQV/g_mean/grid_GLQV_g_mean_ds_21-30.pdf> <./plots/Granular_Grids/GLQV/g_mean/
grid_GLQV_g_mean_ds_31-40.pdf> <./plots/Granular_Grids/GLQV/g_mean/grid_GLQV_g_
mean_ds_41-50.pdf> <./plots/Granular_Grids/GLQV/g_mean/grid_GLQV_g_mean_ds_51-6
0.pdf> <./plots/Granular_Grids/GLQV/g_mean/grid_GLQV_g_mean_ds_61-70.pdf> <./pl
ots/Granular_Grids/GLQV/g_mean/grid_GLQV_g_mean_ds_71-80.pdf> <./plots/Granular
_Grids/GLQV/g_mean/grid_GLQV_g_mean_ds_81-90.pdf> <./plots/Granular_Grids/GLQV/
g_mean/grid_GLQV_g_mean_ds_91-100.pdf>]
<plots/Granular_Grids/GLQV/roc_auc/grid_GLQV_roc_auc_ds_1-10.pdf, id=25392, 144
5.4pt x 867.24pt>
File: plots/Granular_Grids/GLQV/roc_auc/grid_GLQV_roc_auc_ds_1-10.pdf Graphic f
ile (type pdf)
<use plots/Granular_Grids/GLQV/roc_auc/grid_GLQV_roc_auc_ds_1-10.pdf>
Package pdftex.def Info: plots/Granular_Grids/GLQV/roc_auc/grid_GLQV_roc_auc_ds
_1-10.pdf  used on input line 395.
(pdftex.def)             Requested size: 145.68144pt x 87.40396pt.
<plots/Granular_Grids/GLQV/roc_auc/grid_GLQV_roc_auc_ds_11-20.pdf, id=25393, 14
45.4pt x 867.24pt>
File: plots/Granular_Grids/GLQV/roc_auc/grid_GLQV_roc_auc_ds_11-20.pdf Graphic 
file (type pdf)
<use plots/Granular_Grids/GLQV/roc_auc/grid_GLQV_roc_auc_ds_11-20.pdf>
Package pdftex.def Info: plots/Granular_Grids/GLQV/roc_auc/grid_GLQV_roc_auc_ds
_11-20.pdf  used on input line 396.
(pdftex.def)             Requested size: 145.68144pt x 87.40396pt.
<plots/Granular_Grids/GLQV/roc_auc/grid_GLQV_roc_auc_ds_21-30.pdf, id=25394, 14
45.4pt x 867.24pt>
File: plots/Granular_Grids/GLQV/roc_auc/grid_GLQV_roc_auc_ds_21-30.pdf Graphic 
file (type pdf)
<use plots/Granular_Grids/GLQV/roc_auc/grid_GLQV_roc_auc_ds_21-30.pdf>
Package pdftex.def Info: plots/Granular_Grids/GLQV/roc_auc/grid_GLQV_roc_auc_ds
_21-30.pdf  used on input line 397.
(pdftex.def)             Requested size: 145.68144pt x 87.40396pt.
<plots/Granular_Grids/GLQV/roc_auc/grid_GLQV_roc_auc_ds_31-40.pdf, id=25395, 14
45.4pt x 867.24pt>
File: plots/Granular_Grids/GLQV/roc_auc/grid_GLQV_roc_auc_ds_31-40.pdf Graphic 
file (type pdf)
<use plots/Granular_Grids/GLQV/roc_auc/grid_GLQV_roc_auc_ds_31-40.pdf>
Package pdftex.def Info: plots/Granular_Grids/GLQV/roc_auc/grid_GLQV_roc_auc_ds
_31-40.pdf  used on input line 398.
(pdftex.def)             Requested size: 145.68144pt x 87.40396pt.
<plots/Granular_Grids/GLQV/roc_auc/grid_GLQV_roc_auc_ds_41-50.pdf, id=25396, 14
45.4pt x 867.24pt>
File: plots/Granular_Grids/GLQV/roc_auc/grid_GLQV_roc_auc_ds_41-50.pdf Graphic 
file (type pdf)
<use plots/Granular_Grids/GLQV/roc_auc/grid_GLQV_roc_auc_ds_41-50.pdf>
Package pdftex.def Info: plots/Granular_Grids/GLQV/roc_auc/grid_GLQV_roc_auc_ds
_41-50.pdf  used on input line 399.
(pdftex.def)             Requested size: 145.68144pt x 87.40396pt.
<plots/Granular_Grids/GLQV/roc_auc/grid_GLQV_roc_auc_ds_51-60.pdf, id=25397, 14
45.4pt x 867.24pt>
File: plots/Granular_Grids/GLQV/roc_auc/grid_GLQV_roc_auc_ds_51-60.pdf Graphic 
file (type pdf)
<use plots/Granular_Grids/GLQV/roc_auc/grid_GLQV_roc_auc_ds_51-60.pdf>
Package pdftex.def Info: plots/Granular_Grids/GLQV/roc_auc/grid_GLQV_roc_auc_ds
_51-60.pdf  used on input line 400.
(pdftex.def)             Requested size: 145.68144pt x 87.40396pt.
<plots/Granular_Grids/GLQV/roc_auc/grid_GLQV_roc_auc_ds_61-70.pdf, id=25398, 14
45.4pt x 867.24pt>
File: plots/Granular_Grids/GLQV/roc_auc/grid_GLQV_roc_auc_ds_61-70.pdf Graphic 
file (type pdf)
<use plots/Granular_Grids/GLQV/roc_auc/grid_GLQV_roc_auc_ds_61-70.pdf>
Package pdftex.def Info: plots/Granular_Grids/GLQV/roc_auc/grid_GLQV_roc_auc_ds
_61-70.pdf  used on input line 401.
(pdftex.def)             Requested size: 145.68144pt x 87.40396pt.
<plots/Granular_Grids/GLQV/roc_auc/grid_GLQV_roc_auc_ds_71-80.pdf, id=25399, 14
45.4pt x 867.24pt>
File: plots/Granular_Grids/GLQV/roc_auc/grid_GLQV_roc_auc_ds_71-80.pdf Graphic 
file (type pdf)
<use plots/Granular_Grids/GLQV/roc_auc/grid_GLQV_roc_auc_ds_71-80.pdf>
Package pdftex.def Info: plots/Granular_Grids/GLQV/roc_auc/grid_GLQV_roc_auc_ds
_71-80.pdf  used on input line 402.
(pdftex.def)             Requested size: 145.68144pt x 87.40396pt.
<plots/Granular_Grids/GLQV/roc_auc/grid_GLQV_roc_auc_ds_81-90.pdf, id=25400, 14
45.4pt x 867.24pt>
File: plots/Granular_Grids/GLQV/roc_auc/grid_GLQV_roc_auc_ds_81-90.pdf Graphic 
file (type pdf)
<use plots/Granular_Grids/GLQV/roc_auc/grid_GLQV_roc_auc_ds_81-90.pdf>
Package pdftex.def Info: plots/Granular_Grids/GLQV/roc_auc/grid_GLQV_roc_auc_ds
_81-90.pdf  used on input line 403.
(pdftex.def)             Requested size: 145.68144pt x 87.40396pt.
<plots/Granular_Grids/GLQV/roc_auc/grid_GLQV_roc_auc_ds_91-100.pdf, id=25401, 1
445.4pt x 867.24pt>
File: plots/Granular_Grids/GLQV/roc_auc/grid_GLQV_roc_auc_ds_91-100.pdf Graphic
 file (type pdf)
<use plots/Granular_Grids/GLQV/roc_auc/grid_GLQV_roc_auc_ds_91-100.pdf>
Package pdftex.def Info: plots/Granular_Grids/GLQV/roc_auc/grid_GLQV_roc_auc_ds
_91-100.pdf  used on input line 404.
(pdftex.def)             Requested size: 145.68144pt x 87.40396pt.
 [33

 <./plots/Granular_Grids/GLQV/roc_auc/grid_GLQV_roc_auc_ds_1-10.pdf> <./plots/G
ranular_Grids/GLQV/roc_auc/grid_GLQV_roc_auc_ds_11-20.pdf> <./plots/Granular_Gr
ids/GLQV/roc_auc/grid_GLQV_roc_auc_ds_21-30.pdf> <./plots/Granular_Grids/GLQV/r
oc_auc/grid_GLQV_roc_auc_ds_31-40.pdf> <./plots/Granular_Grids/GLQV/roc_auc/gri
d_GLQV_roc_auc_ds_41-50.pdf> <./plots/Granular_Grids/GLQV/roc_auc/grid_GLQV_roc
_auc_ds_51-60.pdf> <./plots/Granular_Grids/GLQV/roc_auc/grid_GLQV_roc_auc_ds_61
-70.pdf> <./plots/Granular_Grids/GLQV/roc_auc/grid_GLQV_roc_auc_ds_71-80.pdf> <
./plots/Granular_Grids/GLQV/roc_auc/grid_GLQV_roc_auc_ds_81-90.pdf> <./plots/Gr
anular_Grids/GLQV/roc_auc/grid_GLQV_roc_auc_ds_91-100.pdf>]
<plots/Granular_Grids/GNB/accuracy/grid_GNB_accuracy_ds_1-10.pdf, id=26707, 144
5.4pt x 867.24pt>
File: plots/Granular_Grids/GNB/accuracy/grid_GNB_accuracy_ds_1-10.pdf Graphic f
ile (type pdf)
<use plots/Granular_Grids/GNB/accuracy/grid_GNB_accuracy_ds_1-10.pdf>
Package pdftex.def Info: plots/Granular_Grids/GNB/accuracy/grid_GNB_accuracy_ds
_1-10.pdf  used on input line 412.
(pdftex.def)             Requested size: 145.68144pt x 87.40396pt.
<plots/Granular_Grids/GNB/accuracy/grid_GNB_accuracy_ds_11-20.pdf, id=26708, 14
45.4pt x 867.24pt>
File: plots/Granular_Grids/GNB/accuracy/grid_GNB_accuracy_ds_11-20.pdf Graphic 
file (type pdf)
<use plots/Granular_Grids/GNB/accuracy/grid_GNB_accuracy_ds_11-20.pdf>
Package pdftex.def Info: plots/Granular_Grids/GNB/accuracy/grid_GNB_accuracy_ds
_11-20.pdf  used on input line 413.
(pdftex.def)             Requested size: 145.68144pt x 87.40396pt.
<plots/Granular_Grids/GNB/accuracy/grid_GNB_accuracy_ds_21-30.pdf, id=26709, 14
45.4pt x 867.24pt>
File: plots/Granular_Grids/GNB/accuracy/grid_GNB_accuracy_ds_21-30.pdf Graphic 
file (type pdf)
<use plots/Granular_Grids/GNB/accuracy/grid_GNB_accuracy_ds_21-30.pdf>
Package pdftex.def Info: plots/Granular_Grids/GNB/accuracy/grid_GNB_accuracy_ds
_21-30.pdf  used on input line 414.
(pdftex.def)             Requested size: 145.68144pt x 87.40396pt.
<plots/Granular_Grids/GNB/accuracy/grid_GNB_accuracy_ds_31-40.pdf, id=26710, 14
45.4pt x 867.24pt>
File: plots/Granular_Grids/GNB/accuracy/grid_GNB_accuracy_ds_31-40.pdf Graphic 
file (type pdf)
<use plots/Granular_Grids/GNB/accuracy/grid_GNB_accuracy_ds_31-40.pdf>
Package pdftex.def Info: plots/Granular_Grids/GNB/accuracy/grid_GNB_accuracy_ds
_31-40.pdf  used on input line 415.
(pdftex.def)             Requested size: 145.68144pt x 87.40396pt.
<plots/Granular_Grids/GNB/accuracy/grid_GNB_accuracy_ds_41-50.pdf, id=26711, 14
45.4pt x 867.24pt>
File: plots/Granular_Grids/GNB/accuracy/grid_GNB_accuracy_ds_41-50.pdf Graphic 
file (type pdf)
<use plots/Granular_Grids/GNB/accuracy/grid_GNB_accuracy_ds_41-50.pdf>
Package pdftex.def Info: plots/Granular_Grids/GNB/accuracy/grid_GNB_accuracy_ds
_41-50.pdf  used on input line 416.
(pdftex.def)             Requested size: 145.68144pt x 87.40396pt.
<plots/Granular_Grids/GNB/accuracy/grid_GNB_accuracy_ds_51-60.pdf, id=26712, 14
45.4pt x 867.24pt>
File: plots/Granular_Grids/GNB/accuracy/grid_GNB_accuracy_ds_51-60.pdf Graphic 
file (type pdf)
<use plots/Granular_Grids/GNB/accuracy/grid_GNB_accuracy_ds_51-60.pdf>
Package pdftex.def Info: plots/Granular_Grids/GNB/accuracy/grid_GNB_accuracy_ds
_51-60.pdf  used on input line 417.
(pdftex.def)             Requested size: 145.68144pt x 87.40396pt.
<plots/Granular_Grids/GNB/accuracy/grid_GNB_accuracy_ds_61-70.pdf, id=26713, 14
45.4pt x 867.24pt>
File: plots/Granular_Grids/GNB/accuracy/grid_GNB_accuracy_ds_61-70.pdf Graphic 
file (type pdf)
<use plots/Granular_Grids/GNB/accuracy/grid_GNB_accuracy_ds_61-70.pdf>
Package pdftex.def Info: plots/Granular_Grids/GNB/accuracy/grid_GNB_accuracy_ds
_61-70.pdf  used on input line 418.
(pdftex.def)             Requested size: 145.68144pt x 87.40396pt.
<plots/Granular_Grids/GNB/accuracy/grid_GNB_accuracy_ds_71-80.pdf, id=26714, 14
45.4pt x 867.24pt>
File: plots/Granular_Grids/GNB/accuracy/grid_GNB_accuracy_ds_71-80.pdf Graphic 
file (type pdf)
<use plots/Granular_Grids/GNB/accuracy/grid_GNB_accuracy_ds_71-80.pdf>
Package pdftex.def Info: plots/Granular_Grids/GNB/accuracy/grid_GNB_accuracy_ds
_71-80.pdf  used on input line 419.
(pdftex.def)             Requested size: 145.68144pt x 87.40396pt.
<plots/Granular_Grids/GNB/accuracy/grid_GNB_accuracy_ds_81-90.pdf, id=26715, 14
45.4pt x 867.24pt>
File: plots/Granular_Grids/GNB/accuracy/grid_GNB_accuracy_ds_81-90.pdf Graphic 
file (type pdf)
<use plots/Granular_Grids/GNB/accuracy/grid_GNB_accuracy_ds_81-90.pdf>
Package pdftex.def Info: plots/Granular_Grids/GNB/accuracy/grid_GNB_accuracy_ds
_81-90.pdf  used on input line 420.
(pdftex.def)             Requested size: 145.68144pt x 87.40396pt.
<plots/Granular_Grids/GNB/accuracy/grid_GNB_accuracy_ds_91-100.pdf, id=26716, 1
445.4pt x 867.24pt>
File: plots/Granular_Grids/GNB/accuracy/grid_GNB_accuracy_ds_91-100.pdf Graphic
 file (type pdf)
<use plots/Granular_Grids/GNB/accuracy/grid_GNB_accuracy_ds_91-100.pdf>
Package pdftex.def Info: plots/Granular_Grids/GNB/accuracy/grid_GNB_accuracy_ds
_91-100.pdf  used on input line 421.
(pdftex.def)             Requested size: 145.68144pt x 87.40396pt.
 [34

 <./plots/Granular_Grids/GNB/accuracy/grid_GNB_accuracy_ds_1-10.pdf> <./plots/G
ranular_Grids/GNB/accuracy/grid_GNB_accuracy_ds_11-20.pdf> <./plots/Granular_Gr
ids/GNB/accuracy/grid_GNB_accuracy_ds_21-30.pdf> <./plots/Granular_Grids/GNB/ac
curacy/grid_GNB_accuracy_ds_31-40.pdf> <./plots/Granular_Grids/GNB/accuracy/gri
d_GNB_accuracy_ds_41-50.pdf> <./plots/Granular_Grids/GNB/accuracy/grid_GNB_accu
racy_ds_51-60.pdf> <./plots/Granular_Grids/GNB/accuracy/grid_GNB_accuracy_ds_61
-70.pdf> <./plots/Granular_Grids/GNB/accuracy/grid_GNB_accuracy_ds_71-80.pdf> <
./plots/Granular_Grids/GNB/accuracy/grid_GNB_accuracy_ds_81-90.pdf> <./plots/Gr
anular_Grids/GNB/accuracy/grid_GNB_accuracy_ds_91-100.pdf>]
<plots/Granular_Grids/GNB/f1_score/grid_GNB_f1_score_ds_1-10.pdf, id=28002, 144
5.4pt x 867.24pt>
File: plots/Granular_Grids/GNB/f1_score/grid_GNB_f1_score_ds_1-10.pdf Graphic f
ile (type pdf)
<use plots/Granular_Grids/GNB/f1_score/grid_GNB_f1_score_ds_1-10.pdf>
Package pdftex.def Info: plots/Granular_Grids/GNB/f1_score/grid_GNB_f1_score_ds
_1-10.pdf  used on input line 429.
(pdftex.def)             Requested size: 145.68144pt x 87.40396pt.
<plots/Granular_Grids/GNB/f1_score/grid_GNB_f1_score_ds_11-20.pdf, id=28003, 14
45.4pt x 867.24pt>
File: plots/Granular_Grids/GNB/f1_score/grid_GNB_f1_score_ds_11-20.pdf Graphic 
file (type pdf)
<use plots/Granular_Grids/GNB/f1_score/grid_GNB_f1_score_ds_11-20.pdf>
Package pdftex.def Info: plots/Granular_Grids/GNB/f1_score/grid_GNB_f1_score_ds
_11-20.pdf  used on input line 430.
(pdftex.def)             Requested size: 145.68144pt x 87.40396pt.
<plots/Granular_Grids/GNB/f1_score/grid_GNB_f1_score_ds_21-30.pdf, id=28004, 14
45.4pt x 867.24pt>
File: plots/Granular_Grids/GNB/f1_score/grid_GNB_f1_score_ds_21-30.pdf Graphic 
file (type pdf)
<use plots/Granular_Grids/GNB/f1_score/grid_GNB_f1_score_ds_21-30.pdf>
Package pdftex.def Info: plots/Granular_Grids/GNB/f1_score/grid_GNB_f1_score_ds
_21-30.pdf  used on input line 431.
(pdftex.def)             Requested size: 145.68144pt x 87.40396pt.
<plots/Granular_Grids/GNB/f1_score/grid_GNB_f1_score_ds_31-40.pdf, id=28005, 14
45.4pt x 867.24pt>
File: plots/Granular_Grids/GNB/f1_score/grid_GNB_f1_score_ds_31-40.pdf Graphic 
file (type pdf)
<use plots/Granular_Grids/GNB/f1_score/grid_GNB_f1_score_ds_31-40.pdf>
Package pdftex.def Info: plots/Granular_Grids/GNB/f1_score/grid_GNB_f1_score_ds
_31-40.pdf  used on input line 432.
(pdftex.def)             Requested size: 145.68144pt x 87.40396pt.
<plots/Granular_Grids/GNB/f1_score/grid_GNB_f1_score_ds_41-50.pdf, id=28006, 14
45.4pt x 867.24pt>
File: plots/Granular_Grids/GNB/f1_score/grid_GNB_f1_score_ds_41-50.pdf Graphic 
file (type pdf)
<use plots/Granular_Grids/GNB/f1_score/grid_GNB_f1_score_ds_41-50.pdf>
Package pdftex.def Info: plots/Granular_Grids/GNB/f1_score/grid_GNB_f1_score_ds
_41-50.pdf  used on input line 433.
(pdftex.def)             Requested size: 145.68144pt x 87.40396pt.
<plots/Granular_Grids/GNB/f1_score/grid_GNB_f1_score_ds_51-60.pdf, id=28007, 14
45.4pt x 867.24pt>
File: plots/Granular_Grids/GNB/f1_score/grid_GNB_f1_score_ds_51-60.pdf Graphic 
file (type pdf)
<use plots/Granular_Grids/GNB/f1_score/grid_GNB_f1_score_ds_51-60.pdf>
Package pdftex.def Info: plots/Granular_Grids/GNB/f1_score/grid_GNB_f1_score_ds
_51-60.pdf  used on input line 434.
(pdftex.def)             Requested size: 145.68144pt x 87.40396pt.
<plots/Granular_Grids/GNB/f1_score/grid_GNB_f1_score_ds_61-70.pdf, id=28008, 14
45.4pt x 867.24pt>
File: plots/Granular_Grids/GNB/f1_score/grid_GNB_f1_score_ds_61-70.pdf Graphic 
file (type pdf)
<use plots/Granular_Grids/GNB/f1_score/grid_GNB_f1_score_ds_61-70.pdf>
Package pdftex.def Info: plots/Granular_Grids/GNB/f1_score/grid_GNB_f1_score_ds
_61-70.pdf  used on input line 435.
(pdftex.def)             Requested size: 145.68144pt x 87.40396pt.
<plots/Granular_Grids/GNB/f1_score/grid_GNB_f1_score_ds_71-80.pdf, id=28009, 14
45.4pt x 867.24pt>
File: plots/Granular_Grids/GNB/f1_score/grid_GNB_f1_score_ds_71-80.pdf Graphic 
file (type pdf)
<use plots/Granular_Grids/GNB/f1_score/grid_GNB_f1_score_ds_71-80.pdf>
Package pdftex.def Info: plots/Granular_Grids/GNB/f1_score/grid_GNB_f1_score_ds
_71-80.pdf  used on input line 436.
(pdftex.def)             Requested size: 145.68144pt x 87.40396pt.
<plots/Granular_Grids/GNB/f1_score/grid_GNB_f1_score_ds_81-90.pdf, id=28010, 14
45.4pt x 867.24pt>
File: plots/Granular_Grids/GNB/f1_score/grid_GNB_f1_score_ds_81-90.pdf Graphic 
file (type pdf)
<use plots/Granular_Grids/GNB/f1_score/grid_GNB_f1_score_ds_81-90.pdf>
Package pdftex.def Info: plots/Granular_Grids/GNB/f1_score/grid_GNB_f1_score_ds
_81-90.pdf  used on input line 437.
(pdftex.def)             Requested size: 145.68144pt x 87.40396pt.
<plots/Granular_Grids/GNB/f1_score/grid_GNB_f1_score_ds_91-100.pdf, id=28011, 1
445.4pt x 867.24pt>
File: plots/Granular_Grids/GNB/f1_score/grid_GNB_f1_score_ds_91-100.pdf Graphic
 file (type pdf)
<use plots/Granular_Grids/GNB/f1_score/grid_GNB_f1_score_ds_91-100.pdf>
Package pdftex.def Info: plots/Granular_Grids/GNB/f1_score/grid_GNB_f1_score_ds
_91-100.pdf  used on input line 438.
(pdftex.def)             Requested size: 145.68144pt x 87.40396pt.
 [35

 <./plots/Granular_Grids/GNB/f1_score/grid_GNB_f1_score_ds_1-10.pdf> <./plots/G
ranular_Grids/GNB/f1_score/grid_GNB_f1_score_ds_11-20.pdf> <./plots/Granular_Gr
ids/GNB/f1_score/grid_GNB_f1_score_ds_21-30.pdf> <./plots/Granular_Grids/GNB/f1
_score/grid_GNB_f1_score_ds_31-40.pdf> <./plots/Granular_Grids/GNB/f1_score/gri
d_GNB_f1_score_ds_41-50.pdf> <./plots/Granular_Grids/GNB/f1_score/grid_GNB_f1_s
core_ds_51-60.pdf> <./plots/Granular_Grids/GNB/f1_score/grid_GNB_f1_score_ds_61
-70.pdf> <./plots/Granular_Grids/GNB/f1_score/grid_GNB_f1_score_ds_71-80.pdf> <
./plots/Granular_Grids/GNB/f1_score/grid_GNB_f1_score_ds_81-90.pdf> <./plots/Gr
anular_Grids/GNB/f1_score/grid_GNB_f1_score_ds_91-100.pdf>]
<plots/Granular_Grids/GNB/g_mean/grid_GNB_g_mean_ds_1-10.pdf, id=29298, 1445.4p
t x 867.24pt>
File: plots/Granular_Grids/GNB/g_mean/grid_GNB_g_mean_ds_1-10.pdf Graphic file 
(type pdf)
<use plots/Granular_Grids/GNB/g_mean/grid_GNB_g_mean_ds_1-10.pdf>
Package pdftex.def Info: plots/Granular_Grids/GNB/g_mean/grid_GNB_g_mean_ds_1-1
0.pdf  used on input line 446.
(pdftex.def)             Requested size: 145.68144pt x 87.40396pt.
<plots/Granular_Grids/GNB/g_mean/grid_GNB_g_mean_ds_11-20.pdf, id=29299, 1445.4
pt x 867.24pt>
File: plots/Granular_Grids/GNB/g_mean/grid_GNB_g_mean_ds_11-20.pdf Graphic file
 (type pdf)
<use plots/Granular_Grids/GNB/g_mean/grid_GNB_g_mean_ds_11-20.pdf>
Package pdftex.def Info: plots/Granular_Grids/GNB/g_mean/grid_GNB_g_mean_ds_11-
20.pdf  used on input line 447.
(pdftex.def)             Requested size: 145.68144pt x 87.40396pt.
<plots/Granular_Grids/GNB/g_mean/grid_GNB_g_mean_ds_21-30.pdf, id=29300, 1445.4
pt x 867.24pt>
File: plots/Granular_Grids/GNB/g_mean/grid_GNB_g_mean_ds_21-30.pdf Graphic file
 (type pdf)
<use plots/Granular_Grids/GNB/g_mean/grid_GNB_g_mean_ds_21-30.pdf>
Package pdftex.def Info: plots/Granular_Grids/GNB/g_mean/grid_GNB_g_mean_ds_21-
30.pdf  used on input line 448.
(pdftex.def)             Requested size: 145.68144pt x 87.40396pt.
<plots/Granular_Grids/GNB/g_mean/grid_GNB_g_mean_ds_31-40.pdf, id=29301, 1445.4
pt x 867.24pt>
File: plots/Granular_Grids/GNB/g_mean/grid_GNB_g_mean_ds_31-40.pdf Graphic file
 (type pdf)
<use plots/Granular_Grids/GNB/g_mean/grid_GNB_g_mean_ds_31-40.pdf>
Package pdftex.def Info: plots/Granular_Grids/GNB/g_mean/grid_GNB_g_mean_ds_31-
40.pdf  used on input line 449.
(pdftex.def)             Requested size: 145.68144pt x 87.40396pt.
<plots/Granular_Grids/GNB/g_mean/grid_GNB_g_mean_ds_41-50.pdf, id=29302, 1445.4
pt x 867.24pt>
File: plots/Granular_Grids/GNB/g_mean/grid_GNB_g_mean_ds_41-50.pdf Graphic file
 (type pdf)
<use plots/Granular_Grids/GNB/g_mean/grid_GNB_g_mean_ds_41-50.pdf>
Package pdftex.def Info: plots/Granular_Grids/GNB/g_mean/grid_GNB_g_mean_ds_41-
50.pdf  used on input line 450.
(pdftex.def)             Requested size: 145.68144pt x 87.40396pt.
<plots/Granular_Grids/GNB/g_mean/grid_GNB_g_mean_ds_51-60.pdf, id=29303, 1445.4
pt x 867.24pt>
File: plots/Granular_Grids/GNB/g_mean/grid_GNB_g_mean_ds_51-60.pdf Graphic file
 (type pdf)
<use plots/Granular_Grids/GNB/g_mean/grid_GNB_g_mean_ds_51-60.pdf>
Package pdftex.def Info: plots/Granular_Grids/GNB/g_mean/grid_GNB_g_mean_ds_51-
60.pdf  used on input line 451.
(pdftex.def)             Requested size: 145.68144pt x 87.40396pt.
<plots/Granular_Grids/GNB/g_mean/grid_GNB_g_mean_ds_61-70.pdf, id=29304, 1445.4
pt x 867.24pt>
File: plots/Granular_Grids/GNB/g_mean/grid_GNB_g_mean_ds_61-70.pdf Graphic file
 (type pdf)
<use plots/Granular_Grids/GNB/g_mean/grid_GNB_g_mean_ds_61-70.pdf>
Package pdftex.def Info: plots/Granular_Grids/GNB/g_mean/grid_GNB_g_mean_ds_61-
70.pdf  used on input line 452.
(pdftex.def)             Requested size: 145.68144pt x 87.40396pt.
<plots/Granular_Grids/GNB/g_mean/grid_GNB_g_mean_ds_71-80.pdf, id=29305, 1445.4
pt x 867.24pt>
File: plots/Granular_Grids/GNB/g_mean/grid_GNB_g_mean_ds_71-80.pdf Graphic file
 (type pdf)
<use plots/Granular_Grids/GNB/g_mean/grid_GNB_g_mean_ds_71-80.pdf>
Package pdftex.def Info: plots/Granular_Grids/GNB/g_mean/grid_GNB_g_mean_ds_71-
80.pdf  used on input line 453.
(pdftex.def)             Requested size: 145.68144pt x 87.40396pt.
<plots/Granular_Grids/GNB/g_mean/grid_GNB_g_mean_ds_81-90.pdf, id=29306, 1445.4
pt x 867.24pt>
File: plots/Granular_Grids/GNB/g_mean/grid_GNB_g_mean_ds_81-90.pdf Graphic file
 (type pdf)
<use plots/Granular_Grids/GNB/g_mean/grid_GNB_g_mean_ds_81-90.pdf>
Package pdftex.def Info: plots/Granular_Grids/GNB/g_mean/grid_GNB_g_mean_ds_81-
90.pdf  used on input line 454.
(pdftex.def)             Requested size: 145.68144pt x 87.40396pt.
<plots/Granular_Grids/GNB/g_mean/grid_GNB_g_mean_ds_91-100.pdf, id=29307, 1445.
4pt x 867.24pt>
File: plots/Granular_Grids/GNB/g_mean/grid_GNB_g_mean_ds_91-100.pdf Graphic fil
e (type pdf)
<use plots/Granular_Grids/GNB/g_mean/grid_GNB_g_mean_ds_91-100.pdf>
Package pdftex.def Info: plots/Granular_Grids/GNB/g_mean/grid_GNB_g_mean_ds_91-
100.pdf  used on input line 455.
(pdftex.def)             Requested size: 145.68144pt x 87.40396pt.
 [36

 <./plots/Granular_Grids/GNB/g_mean/grid_GNB_g_mean_ds_1-10.pdf> <./plots/Granu
lar_Grids/GNB/g_mean/grid_GNB_g_mean_ds_11-20.pdf> <./plots/Granular_Grids/GNB/
g_mean/grid_GNB_g_mean_ds_21-30.pdf> <./plots/Granular_Grids/GNB/g_mean/grid_GN
B_g_mean_ds_31-40.pdf> <./plots/Granular_Grids/GNB/g_mean/grid_GNB_g_mean_ds_41
-50.pdf> <./plots/Granular_Grids/GNB/g_mean/grid_GNB_g_mean_ds_51-60.pdf> <./pl
ots/Granular_Grids/GNB/g_mean/grid_GNB_g_mean_ds_61-70.pdf> <./plots/Granular_G
rids/GNB/g_mean/grid_GNB_g_mean_ds_71-80.pdf> <./plots/Granular_Grids/GNB/g_mea
n/grid_GNB_g_mean_ds_81-90.pdf> <./plots/Granular_Grids/GNB/g_mean/grid_GNB_g_m
ean_ds_91-100.pdf>]
<plots/Granular_Grids/GNB/roc_auc/grid_GNB_roc_auc_ds_1-10.pdf, id=30573, 1445.
4pt x 867.24pt>
File: plots/Granular_Grids/GNB/roc_auc/grid_GNB_roc_auc_ds_1-10.pdf Graphic fil
e (type pdf)
<use plots/Granular_Grids/GNB/roc_auc/grid_GNB_roc_auc_ds_1-10.pdf>
Package pdftex.def Info: plots/Granular_Grids/GNB/roc_auc/grid_GNB_roc_auc_ds_1
-10.pdf  used on input line 463.
(pdftex.def)             Requested size: 145.68144pt x 87.40396pt.
<plots/Granular_Grids/GNB/roc_auc/grid_GNB_roc_auc_ds_11-20.pdf, id=30574, 1445
.4pt x 867.24pt>
File: plots/Granular_Grids/GNB/roc_auc/grid_GNB_roc_auc_ds_11-20.pdf Graphic fi
le (type pdf)
<use plots/Granular_Grids/GNB/roc_auc/grid_GNB_roc_auc_ds_11-20.pdf>
Package pdftex.def Info: plots/Granular_Grids/GNB/roc_auc/grid_GNB_roc_auc_ds_1
1-20.pdf  used on input line 464.
(pdftex.def)             Requested size: 145.68144pt x 87.40396pt.
<plots/Granular_Grids/GNB/roc_auc/grid_GNB_roc_auc_ds_21-30.pdf, id=30575, 1445
.4pt x 867.24pt>
File: plots/Granular_Grids/GNB/roc_auc/grid_GNB_roc_auc_ds_21-30.pdf Graphic fi
le (type pdf)
<use plots/Granular_Grids/GNB/roc_auc/grid_GNB_roc_auc_ds_21-30.pdf>
Package pdftex.def Info: plots/Granular_Grids/GNB/roc_auc/grid_GNB_roc_auc_ds_2
1-30.pdf  used on input line 465.
(pdftex.def)             Requested size: 145.68144pt x 87.40396pt.
<plots/Granular_Grids/GNB/roc_auc/grid_GNB_roc_auc_ds_31-40.pdf, id=30576, 1445
.4pt x 867.24pt>
File: plots/Granular_Grids/GNB/roc_auc/grid_GNB_roc_auc_ds_31-40.pdf Graphic fi
le (type pdf)
<use plots/Granular_Grids/GNB/roc_auc/grid_GNB_roc_auc_ds_31-40.pdf>
Package pdftex.def Info: plots/Granular_Grids/GNB/roc_auc/grid_GNB_roc_auc_ds_3
1-40.pdf  used on input line 466.
(pdftex.def)             Requested size: 145.68144pt x 87.40396pt.
<plots/Granular_Grids/GNB/roc_auc/grid_GNB_roc_auc_ds_41-50.pdf, id=30577, 1445
.4pt x 867.24pt>
File: plots/Granular_Grids/GNB/roc_auc/grid_GNB_roc_auc_ds_41-50.pdf Graphic fi
le (type pdf)
<use plots/Granular_Grids/GNB/roc_auc/grid_GNB_roc_auc_ds_41-50.pdf>
Package pdftex.def Info: plots/Granular_Grids/GNB/roc_auc/grid_GNB_roc_auc_ds_4
1-50.pdf  used on input line 467.
(pdftex.def)             Requested size: 145.68144pt x 87.40396pt.
<plots/Granular_Grids/GNB/roc_auc/grid_GNB_roc_auc_ds_51-60.pdf, id=30578, 1445
.4pt x 867.24pt>
File: plots/Granular_Grids/GNB/roc_auc/grid_GNB_roc_auc_ds_51-60.pdf Graphic fi
le (type pdf)
<use plots/Granular_Grids/GNB/roc_auc/grid_GNB_roc_auc_ds_51-60.pdf>
Package pdftex.def Info: plots/Granular_Grids/GNB/roc_auc/grid_GNB_roc_auc_ds_5
1-60.pdf  used on input line 468.
(pdftex.def)             Requested size: 145.68144pt x 87.40396pt.
<plots/Granular_Grids/GNB/roc_auc/grid_GNB_roc_auc_ds_61-70.pdf, id=30579, 1445
.4pt x 867.24pt>
File: plots/Granular_Grids/GNB/roc_auc/grid_GNB_roc_auc_ds_61-70.pdf Graphic fi
le (type pdf)
<use plots/Granular_Grids/GNB/roc_auc/grid_GNB_roc_auc_ds_61-70.pdf>
Package pdftex.def Info: plots/Granular_Grids/GNB/roc_auc/grid_GNB_roc_auc_ds_6
1-70.pdf  used on input line 469.
(pdftex.def)             Requested size: 145.68144pt x 87.40396pt.
<plots/Granular_Grids/GNB/roc_auc/grid_GNB_roc_auc_ds_71-80.pdf, id=30580, 1445
.4pt x 867.24pt>
File: plots/Granular_Grids/GNB/roc_auc/grid_GNB_roc_auc_ds_71-80.pdf Graphic fi
le (type pdf)
<use plots/Granular_Grids/GNB/roc_auc/grid_GNB_roc_auc_ds_71-80.pdf>
Package pdftex.def Info: plots/Granular_Grids/GNB/roc_auc/grid_GNB_roc_auc_ds_7
1-80.pdf  used on input line 470.
(pdftex.def)             Requested size: 145.68144pt x 87.40396pt.
<plots/Granular_Grids/GNB/roc_auc/grid_GNB_roc_auc_ds_81-90.pdf, id=30581, 1445
.4pt x 867.24pt>
File: plots/Granular_Grids/GNB/roc_auc/grid_GNB_roc_auc_ds_81-90.pdf Graphic fi
le (type pdf)
<use plots/Granular_Grids/GNB/roc_auc/grid_GNB_roc_auc_ds_81-90.pdf>
Package pdftex.def Info: plots/Granular_Grids/GNB/roc_auc/grid_GNB_roc_auc_ds_8
1-90.pdf  used on input line 471.
(pdftex.def)             Requested size: 145.68144pt x 87.40396pt.
<plots/Granular_Grids/GNB/roc_auc/grid_GNB_roc_auc_ds_91-100.pdf, id=30582, 144
5.4pt x 867.24pt>
File: plots/Granular_Grids/GNB/roc_auc/grid_GNB_roc_auc_ds_91-100.pdf Graphic f
ile (type pdf)
<use plots/Granular_Grids/GNB/roc_auc/grid_GNB_roc_auc_ds_91-100.pdf>
Package pdftex.def Info: plots/Granular_Grids/GNB/roc_auc/grid_GNB_roc_auc_ds_9
1-100.pdf  used on input line 472.
(pdftex.def)             Requested size: 145.68144pt x 87.40396pt.
 [37

 <./plots/Granular_Grids/GNB/roc_auc/grid_GNB_roc_auc_ds_1-10.pdf> <./plots/Gra
nular_Grids/GNB/roc_auc/grid_GNB_roc_auc_ds_11-20.pdf> <./plots/Granular_Grids/
GNB/roc_auc/grid_GNB_roc_auc_ds_21-30.pdf> <./plots/Granular_Grids/GNB/roc_auc/
grid_GNB_roc_auc_ds_31-40.pdf> <./plots/Granular_Grids/GNB/roc_auc/grid_GNB_roc
_auc_ds_41-50.pdf> <./plots/Granular_Grids/GNB/roc_auc/grid_GNB_roc_auc_ds_51-6
0.pdf> <./plots/Granular_Grids/GNB/roc_auc/grid_GNB_roc_auc_ds_61-70.pdf> <./pl
ots/Granular_Grids/GNB/roc_auc/grid_GNB_roc_auc_ds_71-80.pdf> <./plots/Granular
_Grids/GNB/roc_auc/grid_GNB_roc_auc_ds_81-90.pdf> <./plots/Granular_Grids/GNB/r
oc_auc/grid_GNB_roc_auc_ds_91-100.pdf>]
<plots/Granular_Grids/GP/accuracy/grid_GP_accuracy_ds_1-10.pdf, id=31868, 1445.
4pt x 867.24pt>
File: plots/Granular_Grids/GP/accuracy/grid_GP_accuracy_ds_1-10.pdf Graphic fil
e (type pdf)
<use plots/Granular_Grids/GP/accuracy/grid_GP_accuracy_ds_1-10.pdf>
Package pdftex.def Info: plots/Granular_Grids/GP/accuracy/grid_GP_accuracy_ds_1
-10.pdf  used on input line 480.
(pdftex.def)             Requested size: 145.68144pt x 87.40396pt.
<plots/Granular_Grids/GP/accuracy/grid_GP_accuracy_ds_11-20.pdf, id=31869, 1445
.4pt x 867.24pt>
File: plots/Granular_Grids/GP/accuracy/grid_GP_accuracy_ds_11-20.pdf Graphic fi
le (type pdf)
<use plots/Granular_Grids/GP/accuracy/grid_GP_accuracy_ds_11-20.pdf>
Package pdftex.def Info: plots/Granular_Grids/GP/accuracy/grid_GP_accuracy_ds_1
1-20.pdf  used on input line 481.
(pdftex.def)             Requested size: 145.68144pt x 87.40396pt.
<plots/Granular_Grids/GP/accuracy/grid_GP_accuracy_ds_21-30.pdf, id=31870, 1445
.4pt x 867.24pt>
File: plots/Granular_Grids/GP/accuracy/grid_GP_accuracy_ds_21-30.pdf Graphic fi
le (type pdf)
<use plots/Granular_Grids/GP/accuracy/grid_GP_accuracy_ds_21-30.pdf>
Package pdftex.def Info: plots/Granular_Grids/GP/accuracy/grid_GP_accuracy_ds_2
1-30.pdf  used on input line 482.
(pdftex.def)             Requested size: 145.68144pt x 87.40396pt.
<plots/Granular_Grids/GP/accuracy/grid_GP_accuracy_ds_31-40.pdf, id=31871, 1445
.4pt x 867.24pt>
File: plots/Granular_Grids/GP/accuracy/grid_GP_accuracy_ds_31-40.pdf Graphic fi
le (type pdf)
<use plots/Granular_Grids/GP/accuracy/grid_GP_accuracy_ds_31-40.pdf>
Package pdftex.def Info: plots/Granular_Grids/GP/accuracy/grid_GP_accuracy_ds_3
1-40.pdf  used on input line 483.
(pdftex.def)             Requested size: 145.68144pt x 87.40396pt.
<plots/Granular_Grids/GP/accuracy/grid_GP_accuracy_ds_41-50.pdf, id=31872, 1445
.4pt x 867.24pt>
File: plots/Granular_Grids/GP/accuracy/grid_GP_accuracy_ds_41-50.pdf Graphic fi
le (type pdf)
<use plots/Granular_Grids/GP/accuracy/grid_GP_accuracy_ds_41-50.pdf>
Package pdftex.def Info: plots/Granular_Grids/GP/accuracy/grid_GP_accuracy_ds_4
1-50.pdf  used on input line 484.
(pdftex.def)             Requested size: 145.68144pt x 87.40396pt.
<plots/Granular_Grids/GP/accuracy/grid_GP_accuracy_ds_51-60.pdf, id=31873, 1445
.4pt x 867.24pt>
File: plots/Granular_Grids/GP/accuracy/grid_GP_accuracy_ds_51-60.pdf Graphic fi
le (type pdf)
<use plots/Granular_Grids/GP/accuracy/grid_GP_accuracy_ds_51-60.pdf>
Package pdftex.def Info: plots/Granular_Grids/GP/accuracy/grid_GP_accuracy_ds_5
1-60.pdf  used on input line 485.
(pdftex.def)             Requested size: 145.68144pt x 87.40396pt.
<plots/Granular_Grids/GP/accuracy/grid_GP_accuracy_ds_61-70.pdf, id=31874, 1445
.4pt x 867.24pt>
File: plots/Granular_Grids/GP/accuracy/grid_GP_accuracy_ds_61-70.pdf Graphic fi
le (type pdf)
<use plots/Granular_Grids/GP/accuracy/grid_GP_accuracy_ds_61-70.pdf>
Package pdftex.def Info: plots/Granular_Grids/GP/accuracy/grid_GP_accuracy_ds_6
1-70.pdf  used on input line 486.
(pdftex.def)             Requested size: 145.68144pt x 87.40396pt.
<plots/Granular_Grids/GP/accuracy/grid_GP_accuracy_ds_71-80.pdf, id=31875, 1445
.4pt x 867.24pt>
File: plots/Granular_Grids/GP/accuracy/grid_GP_accuracy_ds_71-80.pdf Graphic fi
le (type pdf)
<use plots/Granular_Grids/GP/accuracy/grid_GP_accuracy_ds_71-80.pdf>
Package pdftex.def Info: plots/Granular_Grids/GP/accuracy/grid_GP_accuracy_ds_7
1-80.pdf  used on input line 487.
(pdftex.def)             Requested size: 145.68144pt x 87.40396pt.
<plots/Granular_Grids/GP/accuracy/grid_GP_accuracy_ds_81-90.pdf, id=31876, 1445
.4pt x 867.24pt>
File: plots/Granular_Grids/GP/accuracy/grid_GP_accuracy_ds_81-90.pdf Graphic fi
le (type pdf)
<use plots/Granular_Grids/GP/accuracy/grid_GP_accuracy_ds_81-90.pdf>
Package pdftex.def Info: plots/Granular_Grids/GP/accuracy/grid_GP_accuracy_ds_8
1-90.pdf  used on input line 488.
(pdftex.def)             Requested size: 145.68144pt x 87.40396pt.
<plots/Granular_Grids/GP/accuracy/grid_GP_accuracy_ds_91-100.pdf, id=31877, 144
5.4pt x 867.24pt>
File: plots/Granular_Grids/GP/accuracy/grid_GP_accuracy_ds_91-100.pdf Graphic f
ile (type pdf)
<use plots/Granular_Grids/GP/accuracy/grid_GP_accuracy_ds_91-100.pdf>
Package pdftex.def Info: plots/Granular_Grids/GP/accuracy/grid_GP_accuracy_ds_9
1-100.pdf  used on input line 489.
(pdftex.def)             Requested size: 145.68144pt x 87.40396pt.

[38

 <./plots/Granular_Grids/GP/accuracy/grid_GP_accuracy_ds_1-10.pdf> <./plots/Gra
nular_Grids/GP/accuracy/grid_GP_accuracy_ds_11-20.pdf> <./plots/Granular_Grids/
GP/accuracy/grid_GP_accuracy_ds_21-30.pdf> <./plots/Granular_Grids/GP/accuracy/
grid_GP_accuracy_ds_31-40.pdf> <./plots/Granular_Grids/GP/accuracy/grid_GP_accu
racy_ds_41-50.pdf> <./plots/Granular_Grids/GP/accuracy/grid_GP_accuracy_ds_51-6
0.pdf> <./plots/Granular_Grids/GP/accuracy/grid_GP_accuracy_ds_61-70.pdf> <./pl
ots/Granular_Grids/GP/accuracy/grid_GP_accuracy_ds_71-80.pdf> <./plots/Granular
_Grids/GP/accuracy/grid_GP_accuracy_ds_81-90.pdf> <./plots/Granular_Grids/GP/ac
curacy/grid_GP_accuracy_ds_91-100.pdf>]
<plots/Granular_Grids/GP/f1_score/grid_GP_f1_score_ds_1-10.pdf, id=33163, 1445.
4pt x 867.24pt>
File: plots/Granular_Grids/GP/f1_score/grid_GP_f1_score_ds_1-10.pdf Graphic fil
e (type pdf)
<use plots/Granular_Grids/GP/f1_score/grid_GP_f1_score_ds_1-10.pdf>
Package pdftex.def Info: plots/Granular_Grids/GP/f1_score/grid_GP_f1_score_ds_1
-10.pdf  used on input line 497.
(pdftex.def)             Requested size: 145.68144pt x 87.40396pt.
<plots/Granular_Grids/GP/f1_score/grid_GP_f1_score_ds_11-20.pdf, id=33164, 1445
.4pt x 867.24pt>
File: plots/Granular_Grids/GP/f1_score/grid_GP_f1_score_ds_11-20.pdf Graphic fi
le (type pdf)
<use plots/Granular_Grids/GP/f1_score/grid_GP_f1_score_ds_11-20.pdf>
Package pdftex.def Info: plots/Granular_Grids/GP/f1_score/grid_GP_f1_score_ds_1
1-20.pdf  used on input line 498.
(pdftex.def)             Requested size: 145.68144pt x 87.40396pt.
<plots/Granular_Grids/GP/f1_score/grid_GP_f1_score_ds_21-30.pdf, id=33165, 1445
.4pt x 867.24pt>
File: plots/Granular_Grids/GP/f1_score/grid_GP_f1_score_ds_21-30.pdf Graphic fi
le (type pdf)
<use plots/Granular_Grids/GP/f1_score/grid_GP_f1_score_ds_21-30.pdf>
Package pdftex.def Info: plots/Granular_Grids/GP/f1_score/grid_GP_f1_score_ds_2
1-30.pdf  used on input line 499.
(pdftex.def)             Requested size: 145.68144pt x 87.40396pt.
<plots/Granular_Grids/GP/f1_score/grid_GP_f1_score_ds_31-40.pdf, id=33166, 1445
.4pt x 867.24pt>
File: plots/Granular_Grids/GP/f1_score/grid_GP_f1_score_ds_31-40.pdf Graphic fi
le (type pdf)
<use plots/Granular_Grids/GP/f1_score/grid_GP_f1_score_ds_31-40.pdf>
Package pdftex.def Info: plots/Granular_Grids/GP/f1_score/grid_GP_f1_score_ds_3
1-40.pdf  used on input line 500.
(pdftex.def)             Requested size: 145.68144pt x 87.40396pt.
<plots/Granular_Grids/GP/f1_score/grid_GP_f1_score_ds_41-50.pdf, id=33167, 1445
.4pt x 867.24pt>
File: plots/Granular_Grids/GP/f1_score/grid_GP_f1_score_ds_41-50.pdf Graphic fi
le (type pdf)
<use plots/Granular_Grids/GP/f1_score/grid_GP_f1_score_ds_41-50.pdf>
Package pdftex.def Info: plots/Granular_Grids/GP/f1_score/grid_GP_f1_score_ds_4
1-50.pdf  used on input line 501.
(pdftex.def)             Requested size: 145.68144pt x 87.40396pt.
<plots/Granular_Grids/GP/f1_score/grid_GP_f1_score_ds_51-60.pdf, id=33168, 1445
.4pt x 867.24pt>
File: plots/Granular_Grids/GP/f1_score/grid_GP_f1_score_ds_51-60.pdf Graphic fi
le (type pdf)
<use plots/Granular_Grids/GP/f1_score/grid_GP_f1_score_ds_51-60.pdf>
Package pdftex.def Info: plots/Granular_Grids/GP/f1_score/grid_GP_f1_score_ds_5
1-60.pdf  used on input line 502.
(pdftex.def)             Requested size: 145.68144pt x 87.40396pt.
<plots/Granular_Grids/GP/f1_score/grid_GP_f1_score_ds_61-70.pdf, id=33169, 1445
.4pt x 867.24pt>
File: plots/Granular_Grids/GP/f1_score/grid_GP_f1_score_ds_61-70.pdf Graphic fi
le (type pdf)
<use plots/Granular_Grids/GP/f1_score/grid_GP_f1_score_ds_61-70.pdf>
Package pdftex.def Info: plots/Granular_Grids/GP/f1_score/grid_GP_f1_score_ds_6
1-70.pdf  used on input line 503.
(pdftex.def)             Requested size: 145.68144pt x 87.40396pt.
<plots/Granular_Grids/GP/f1_score/grid_GP_f1_score_ds_71-80.pdf, id=33170, 1445
.4pt x 867.24pt>
File: plots/Granular_Grids/GP/f1_score/grid_GP_f1_score_ds_71-80.pdf Graphic fi
le (type pdf)
<use plots/Granular_Grids/GP/f1_score/grid_GP_f1_score_ds_71-80.pdf>
Package pdftex.def Info: plots/Granular_Grids/GP/f1_score/grid_GP_f1_score_ds_7
1-80.pdf  used on input line 504.
(pdftex.def)             Requested size: 145.68144pt x 87.40396pt.
<plots/Granular_Grids/GP/f1_score/grid_GP_f1_score_ds_81-90.pdf, id=33171, 1445
.4pt x 867.24pt>
File: plots/Granular_Grids/GP/f1_score/grid_GP_f1_score_ds_81-90.pdf Graphic fi
le (type pdf)
<use plots/Granular_Grids/GP/f1_score/grid_GP_f1_score_ds_81-90.pdf>
Package pdftex.def Info: plots/Granular_Grids/GP/f1_score/grid_GP_f1_score_ds_8
1-90.pdf  used on input line 505.
(pdftex.def)             Requested size: 145.68144pt x 87.40396pt.
<plots/Granular_Grids/GP/f1_score/grid_GP_f1_score_ds_91-100.pdf, id=33172, 144
5.4pt x 867.24pt>
File: plots/Granular_Grids/GP/f1_score/grid_GP_f1_score_ds_91-100.pdf Graphic f
ile (type pdf)
<use plots/Granular_Grids/GP/f1_score/grid_GP_f1_score_ds_91-100.pdf>
Package pdftex.def Info: plots/Granular_Grids/GP/f1_score/grid_GP_f1_score_ds_9
1-100.pdf  used on input line 506.
(pdftex.def)             Requested size: 145.68144pt x 87.40396pt.
 [39

 <./plots/Granular_Grids/GP/f1_score/grid_GP_f1_score_ds_1-10.pdf> <./plots/Gra
nular_Grids/GP/f1_score/grid_GP_f1_score_ds_11-20.pdf> <./plots/Granular_Grids/
GP/f1_score/grid_GP_f1_score_ds_21-30.pdf> <./plots/Granular_Grids/GP/f1_score/
grid_GP_f1_score_ds_31-40.pdf> <./plots/Granular_Grids/GP/f1_score/grid_GP_f1_s
core_ds_41-50.pdf> <./plots/Granular_Grids/GP/f1_score/grid_GP_f1_score_ds_51-6
0.pdf> <./plots/Granular_Grids/GP/f1_score/grid_GP_f1_score_ds_61-70.pdf> <./pl
ots/Granular_Grids/GP/f1_score/grid_GP_f1_score_ds_71-80.pdf> <./plots/Granular
_Grids/GP/f1_score/grid_GP_f1_score_ds_81-90.pdf> <./plots/Granular_Grids/GP/f1
_score/grid_GP_f1_score_ds_91-100.pdf>]
<plots/Granular_Grids/GP/g_mean/grid_GP_g_mean_ds_1-10.pdf, id=34458, 1445.4pt 
x 867.24pt>
File: plots/Granular_Grids/GP/g_mean/grid_GP_g_mean_ds_1-10.pdf Graphic file (t
ype pdf)
<use plots/Granular_Grids/GP/g_mean/grid_GP_g_mean_ds_1-10.pdf>
Package pdftex.def Info: plots/Granular_Grids/GP/g_mean/grid_GP_g_mean_ds_1-10.
pdf  used on input line 514.
(pdftex.def)             Requested size: 145.68144pt x 87.40396pt.
<plots/Granular_Grids/GP/g_mean/grid_GP_g_mean_ds_11-20.pdf, id=34459, 1445.4pt
 x 867.24pt>
File: plots/Granular_Grids/GP/g_mean/grid_GP_g_mean_ds_11-20.pdf Graphic file (
type pdf)
<use plots/Granular_Grids/GP/g_mean/grid_GP_g_mean_ds_11-20.pdf>
Package pdftex.def Info: plots/Granular_Grids/GP/g_mean/grid_GP_g_mean_ds_11-20
.pdf  used on input line 515.
(pdftex.def)             Requested size: 145.68144pt x 87.40396pt.
<plots/Granular_Grids/GP/g_mean/grid_GP_g_mean_ds_21-30.pdf, id=34460, 1445.4pt
 x 867.24pt>
File: plots/Granular_Grids/GP/g_mean/grid_GP_g_mean_ds_21-30.pdf Graphic file (
type pdf)
<use plots/Granular_Grids/GP/g_mean/grid_GP_g_mean_ds_21-30.pdf>
Package pdftex.def Info: plots/Granular_Grids/GP/g_mean/grid_GP_g_mean_ds_21-30
.pdf  used on input line 516.
(pdftex.def)             Requested size: 145.68144pt x 87.40396pt.
<plots/Granular_Grids/GP/g_mean/grid_GP_g_mean_ds_31-40.pdf, id=34461, 1445.4pt
 x 867.24pt>
File: plots/Granular_Grids/GP/g_mean/grid_GP_g_mean_ds_31-40.pdf Graphic file (
type pdf)
<use plots/Granular_Grids/GP/g_mean/grid_GP_g_mean_ds_31-40.pdf>
Package pdftex.def Info: plots/Granular_Grids/GP/g_mean/grid_GP_g_mean_ds_31-40
.pdf  used on input line 517.
(pdftex.def)             Requested size: 145.68144pt x 87.40396pt.
<plots/Granular_Grids/GP/g_mean/grid_GP_g_mean_ds_41-50.pdf, id=34462, 1445.4pt
 x 867.24pt>
File: plots/Granular_Grids/GP/g_mean/grid_GP_g_mean_ds_41-50.pdf Graphic file (
type pdf)
<use plots/Granular_Grids/GP/g_mean/grid_GP_g_mean_ds_41-50.pdf>
Package pdftex.def Info: plots/Granular_Grids/GP/g_mean/grid_GP_g_mean_ds_41-50
.pdf  used on input line 518.
(pdftex.def)             Requested size: 145.68144pt x 87.40396pt.
<plots/Granular_Grids/GP/g_mean/grid_GP_g_mean_ds_51-60.pdf, id=34463, 1445.4pt
 x 867.24pt>
File: plots/Granular_Grids/GP/g_mean/grid_GP_g_mean_ds_51-60.pdf Graphic file (
type pdf)
<use plots/Granular_Grids/GP/g_mean/grid_GP_g_mean_ds_51-60.pdf>
Package pdftex.def Info: plots/Granular_Grids/GP/g_mean/grid_GP_g_mean_ds_51-60
.pdf  used on input line 519.
(pdftex.def)             Requested size: 145.68144pt x 87.40396pt.
<plots/Granular_Grids/GP/g_mean/grid_GP_g_mean_ds_61-70.pdf, id=34464, 1445.4pt
 x 867.24pt>
File: plots/Granular_Grids/GP/g_mean/grid_GP_g_mean_ds_61-70.pdf Graphic file (
type pdf)
<use plots/Granular_Grids/GP/g_mean/grid_GP_g_mean_ds_61-70.pdf>
Package pdftex.def Info: plots/Granular_Grids/GP/g_mean/grid_GP_g_mean_ds_61-70
.pdf  used on input line 520.
(pdftex.def)             Requested size: 145.68144pt x 87.40396pt.
<plots/Granular_Grids/GP/g_mean/grid_GP_g_mean_ds_71-80.pdf, id=34465, 1445.4pt
 x 867.24pt>
File: plots/Granular_Grids/GP/g_mean/grid_GP_g_mean_ds_71-80.pdf Graphic file (
type pdf)
<use plots/Granular_Grids/GP/g_mean/grid_GP_g_mean_ds_71-80.pdf>
Package pdftex.def Info: plots/Granular_Grids/GP/g_mean/grid_GP_g_mean_ds_71-80
.pdf  used on input line 521.
(pdftex.def)             Requested size: 145.68144pt x 87.40396pt.
<plots/Granular_Grids/GP/g_mean/grid_GP_g_mean_ds_81-90.pdf, id=34466, 1445.4pt
 x 867.24pt>
File: plots/Granular_Grids/GP/g_mean/grid_GP_g_mean_ds_81-90.pdf Graphic file (
type pdf)
<use plots/Granular_Grids/GP/g_mean/grid_GP_g_mean_ds_81-90.pdf>
Package pdftex.def Info: plots/Granular_Grids/GP/g_mean/grid_GP_g_mean_ds_81-90
.pdf  used on input line 522.
(pdftex.def)             Requested size: 145.68144pt x 87.40396pt.
<plots/Granular_Grids/GP/g_mean/grid_GP_g_mean_ds_91-100.pdf, id=34467, 1445.4p
t x 867.24pt>
File: plots/Granular_Grids/GP/g_mean/grid_GP_g_mean_ds_91-100.pdf Graphic file 
(type pdf)
<use plots/Granular_Grids/GP/g_mean/grid_GP_g_mean_ds_91-100.pdf>
Package pdftex.def Info: plots/Granular_Grids/GP/g_mean/grid_GP_g_mean_ds_91-10
0.pdf  used on input line 523.
(pdftex.def)             Requested size: 145.68144pt x 87.40396pt.
 [40

 <./plots/Granular_Grids/GP/g_mean/grid_GP_g_mean_ds_1-10.pdf> <./plots/Granula
r_Grids/GP/g_mean/grid_GP_g_mean_ds_11-20.pdf> <./plots/Granular_Grids/GP/g_mea
n/grid_GP_g_mean_ds_21-30.pdf> <./plots/Granular_Grids/GP/g_mean/grid_GP_g_mean
_ds_31-40.pdf> <./plots/Granular_Grids/GP/g_mean/grid_GP_g_mean_ds_41-50.pdf> <
./plots/Granular_Grids/GP/g_mean/grid_GP_g_mean_ds_51-60.pdf> <./plots/Granular
_Grids/GP/g_mean/grid_GP_g_mean_ds_61-70.pdf> <./plots/Granular_Grids/GP/g_mean
/grid_GP_g_mean_ds_71-80.pdf> <./plots/Granular_Grids/GP/g_mean/grid_GP_g_mean_
ds_81-90.pdf> <./plots/Granular_Grids/GP/g_mean/grid_GP_g_mean_ds_91-100.pdf>]
<plots/Granular_Grids/GP/roc_auc/grid_GP_roc_auc_ds_1-10.pdf, id=35733, 1445.4p
t x 867.24pt>
File: plots/Granular_Grids/GP/roc_auc/grid_GP_roc_auc_ds_1-10.pdf Graphic file 
(type pdf)
<use plots/Granular_Grids/GP/roc_auc/grid_GP_roc_auc_ds_1-10.pdf>
Package pdftex.def Info: plots/Granular_Grids/GP/roc_auc/grid_GP_roc_auc_ds_1-1
0.pdf  used on input line 531.
(pdftex.def)             Requested size: 145.68144pt x 87.40396pt.
<plots/Granular_Grids/GP/roc_auc/grid_GP_roc_auc_ds_11-20.pdf, id=35734, 1445.4
pt x 867.24pt>
File: plots/Granular_Grids/GP/roc_auc/grid_GP_roc_auc_ds_11-20.pdf Graphic file
 (type pdf)
<use plots/Granular_Grids/GP/roc_auc/grid_GP_roc_auc_ds_11-20.pdf>
Package pdftex.def Info: plots/Granular_Grids/GP/roc_auc/grid_GP_roc_auc_ds_11-
20.pdf  used on input line 532.
(pdftex.def)             Requested size: 145.68144pt x 87.40396pt.
<plots/Granular_Grids/GP/roc_auc/grid_GP_roc_auc_ds_21-30.pdf, id=35735, 1445.4
pt x 867.24pt>
File: plots/Granular_Grids/GP/roc_auc/grid_GP_roc_auc_ds_21-30.pdf Graphic file
 (type pdf)
<use plots/Granular_Grids/GP/roc_auc/grid_GP_roc_auc_ds_21-30.pdf>
Package pdftex.def Info: plots/Granular_Grids/GP/roc_auc/grid_GP_roc_auc_ds_21-
30.pdf  used on input line 533.
(pdftex.def)             Requested size: 145.68144pt x 87.40396pt.
<plots/Granular_Grids/GP/roc_auc/grid_GP_roc_auc_ds_31-40.pdf, id=35736, 1445.4
pt x 867.24pt>
File: plots/Granular_Grids/GP/roc_auc/grid_GP_roc_auc_ds_31-40.pdf Graphic file
 (type pdf)
<use plots/Granular_Grids/GP/roc_auc/grid_GP_roc_auc_ds_31-40.pdf>
Package pdftex.def Info: plots/Granular_Grids/GP/roc_auc/grid_GP_roc_auc_ds_31-
40.pdf  used on input line 534.
(pdftex.def)             Requested size: 145.68144pt x 87.40396pt.
<plots/Granular_Grids/GP/roc_auc/grid_GP_roc_auc_ds_41-50.pdf, id=35737, 1445.4
pt x 867.24pt>
File: plots/Granular_Grids/GP/roc_auc/grid_GP_roc_auc_ds_41-50.pdf Graphic file
 (type pdf)
<use plots/Granular_Grids/GP/roc_auc/grid_GP_roc_auc_ds_41-50.pdf>
Package pdftex.def Info: plots/Granular_Grids/GP/roc_auc/grid_GP_roc_auc_ds_41-
50.pdf  used on input line 535.
(pdftex.def)             Requested size: 145.68144pt x 87.40396pt.
<plots/Granular_Grids/GP/roc_auc/grid_GP_roc_auc_ds_51-60.pdf, id=35738, 1445.4
pt x 867.24pt>
File: plots/Granular_Grids/GP/roc_auc/grid_GP_roc_auc_ds_51-60.pdf Graphic file
 (type pdf)
<use plots/Granular_Grids/GP/roc_auc/grid_GP_roc_auc_ds_51-60.pdf>
Package pdftex.def Info: plots/Granular_Grids/GP/roc_auc/grid_GP_roc_auc_ds_51-
60.pdf  used on input line 536.
(pdftex.def)             Requested size: 145.68144pt x 87.40396pt.
<plots/Granular_Grids/GP/roc_auc/grid_GP_roc_auc_ds_61-70.pdf, id=35739, 1445.4
pt x 867.24pt>
File: plots/Granular_Grids/GP/roc_auc/grid_GP_roc_auc_ds_61-70.pdf Graphic file
 (type pdf)
<use plots/Granular_Grids/GP/roc_auc/grid_GP_roc_auc_ds_61-70.pdf>
Package pdftex.def Info: plots/Granular_Grids/GP/roc_auc/grid_GP_roc_auc_ds_61-
70.pdf  used on input line 537.
(pdftex.def)             Requested size: 145.68144pt x 87.40396pt.
<plots/Granular_Grids/GP/roc_auc/grid_GP_roc_auc_ds_71-80.pdf, id=35740, 1445.4
pt x 867.24pt>
File: plots/Granular_Grids/GP/roc_auc/grid_GP_roc_auc_ds_71-80.pdf Graphic file
 (type pdf)
<use plots/Granular_Grids/GP/roc_auc/grid_GP_roc_auc_ds_71-80.pdf>
Package pdftex.def Info: plots/Granular_Grids/GP/roc_auc/grid_GP_roc_auc_ds_71-
80.pdf  used on input line 538.
(pdftex.def)             Requested size: 145.68144pt x 87.40396pt.
<plots/Granular_Grids/GP/roc_auc/grid_GP_roc_auc_ds_81-90.pdf, id=35741, 1445.4
pt x 867.24pt>
File: plots/Granular_Grids/GP/roc_auc/grid_GP_roc_auc_ds_81-90.pdf Graphic file
 (type pdf)
<use plots/Granular_Grids/GP/roc_auc/grid_GP_roc_auc_ds_81-90.pdf>
Package pdftex.def Info: plots/Granular_Grids/GP/roc_auc/grid_GP_roc_auc_ds_81-
90.pdf  used on input line 539.
(pdftex.def)             Requested size: 145.68144pt x 87.40396pt.
<plots/Granular_Grids/GP/roc_auc/grid_GP_roc_auc_ds_91-100.pdf, id=35742, 1445.
4pt x 867.24pt>
File: plots/Granular_Grids/GP/roc_auc/grid_GP_roc_auc_ds_91-100.pdf Graphic fil
e (type pdf)
<use plots/Granular_Grids/GP/roc_auc/grid_GP_roc_auc_ds_91-100.pdf>
Package pdftex.def Info: plots/Granular_Grids/GP/roc_auc/grid_GP_roc_auc_ds_91-
100.pdf  used on input line 540.
(pdftex.def)             Requested size: 145.68144pt x 87.40396pt.
 [41

 <./plots/Granular_Grids/GP/roc_auc/grid_GP_roc_auc_ds_1-10.pdf> <./plots/Granu
lar_Grids/GP/roc_auc/grid_GP_roc_auc_ds_11-20.pdf> <./plots/Granular_Grids/GP/r
oc_auc/grid_GP_roc_auc_ds_21-30.pdf> <./plots/Granular_Grids/GP/roc_auc/grid_GP
_roc_auc_ds_31-40.pdf> <./plots/Granular_Grids/GP/roc_auc/grid_GP_roc_auc_ds_41
-50.pdf> <./plots/Granular_Grids/GP/roc_auc/grid_GP_roc_auc_ds_51-60.pdf> <./pl
ots/Granular_Grids/GP/roc_auc/grid_GP_roc_auc_ds_61-70.pdf> <./plots/Granular_G
rids/GP/roc_auc/grid_GP_roc_auc_ds_71-80.pdf> <./plots/Granular_Grids/GP/roc_au
c/grid_GP_roc_auc_ds_81-90.pdf> <./plots/Granular_Grids/GP/roc_auc/grid_GP_roc_
auc_ds_91-100.pdf>]
<plots/Granular_Grids/KNN/accuracy/grid_KNN_accuracy_ds_1-10.pdf, id=37029, 144
5.4pt x 867.24pt>
File: plots/Granular_Grids/KNN/accuracy/grid_KNN_accuracy_ds_1-10.pdf Graphic f
ile (type pdf)
<use plots/Granular_Grids/KNN/accuracy/grid_KNN_accuracy_ds_1-10.pdf>
Package pdftex.def Info: plots/Granular_Grids/KNN/accuracy/grid_KNN_accuracy_ds
_1-10.pdf  used on input line 548.
(pdftex.def)             Requested size: 145.68144pt x 87.40396pt.
<plots/Granular_Grids/KNN/accuracy/grid_KNN_accuracy_ds_11-20.pdf, id=37030, 14
45.4pt x 867.24pt>
File: plots/Granular_Grids/KNN/accuracy/grid_KNN_accuracy_ds_11-20.pdf Graphic 
file (type pdf)
<use plots/Granular_Grids/KNN/accuracy/grid_KNN_accuracy_ds_11-20.pdf>
Package pdftex.def Info: plots/Granular_Grids/KNN/accuracy/grid_KNN_accuracy_ds
_11-20.pdf  used on input line 549.
(pdftex.def)             Requested size: 145.68144pt x 87.40396pt.
<plots/Granular_Grids/KNN/accuracy/grid_KNN_accuracy_ds_21-30.pdf, id=37031, 14
45.4pt x 867.24pt>
File: plots/Granular_Grids/KNN/accuracy/grid_KNN_accuracy_ds_21-30.pdf Graphic 
file (type pdf)
<use plots/Granular_Grids/KNN/accuracy/grid_KNN_accuracy_ds_21-30.pdf>
Package pdftex.def Info: plots/Granular_Grids/KNN/accuracy/grid_KNN_accuracy_ds
_21-30.pdf  used on input line 550.
(pdftex.def)             Requested size: 145.68144pt x 87.40396pt.
<plots/Granular_Grids/KNN/accuracy/grid_KNN_accuracy_ds_31-40.pdf, id=37032, 14
45.4pt x 867.24pt>
File: plots/Granular_Grids/KNN/accuracy/grid_KNN_accuracy_ds_31-40.pdf Graphic 
file (type pdf)
<use plots/Granular_Grids/KNN/accuracy/grid_KNN_accuracy_ds_31-40.pdf>
Package pdftex.def Info: plots/Granular_Grids/KNN/accuracy/grid_KNN_accuracy_ds
_31-40.pdf  used on input line 551.
(pdftex.def)             Requested size: 145.68144pt x 87.40396pt.
<plots/Granular_Grids/KNN/accuracy/grid_KNN_accuracy_ds_41-50.pdf, id=37033, 14
45.4pt x 867.24pt>
File: plots/Granular_Grids/KNN/accuracy/grid_KNN_accuracy_ds_41-50.pdf Graphic 
file (type pdf)
<use plots/Granular_Grids/KNN/accuracy/grid_KNN_accuracy_ds_41-50.pdf>
Package pdftex.def Info: plots/Granular_Grids/KNN/accuracy/grid_KNN_accuracy_ds
_41-50.pdf  used on input line 552.
(pdftex.def)             Requested size: 145.68144pt x 87.40396pt.
<plots/Granular_Grids/KNN/accuracy/grid_KNN_accuracy_ds_51-60.pdf, id=37034, 14
45.4pt x 867.24pt>
File: plots/Granular_Grids/KNN/accuracy/grid_KNN_accuracy_ds_51-60.pdf Graphic 
file (type pdf)
<use plots/Granular_Grids/KNN/accuracy/grid_KNN_accuracy_ds_51-60.pdf>
Package pdftex.def Info: plots/Granular_Grids/KNN/accuracy/grid_KNN_accuracy_ds
_51-60.pdf  used on input line 553.
(pdftex.def)             Requested size: 145.68144pt x 87.40396pt.
<plots/Granular_Grids/KNN/accuracy/grid_KNN_accuracy_ds_61-70.pdf, id=37035, 14
45.4pt x 867.24pt>
File: plots/Granular_Grids/KNN/accuracy/grid_KNN_accuracy_ds_61-70.pdf Graphic 
file (type pdf)
<use plots/Granular_Grids/KNN/accuracy/grid_KNN_accuracy_ds_61-70.pdf>
Package pdftex.def Info: plots/Granular_Grids/KNN/accuracy/grid_KNN_accuracy_ds
_61-70.pdf  used on input line 554.
(pdftex.def)             Requested size: 145.68144pt x 87.40396pt.
<plots/Granular_Grids/KNN/accuracy/grid_KNN_accuracy_ds_71-80.pdf, id=37036, 14
45.4pt x 867.24pt>
File: plots/Granular_Grids/KNN/accuracy/grid_KNN_accuracy_ds_71-80.pdf Graphic 
file (type pdf)
<use plots/Granular_Grids/KNN/accuracy/grid_KNN_accuracy_ds_71-80.pdf>
Package pdftex.def Info: plots/Granular_Grids/KNN/accuracy/grid_KNN_accuracy_ds
_71-80.pdf  used on input line 555.
(pdftex.def)             Requested size: 145.68144pt x 87.40396pt.
<plots/Granular_Grids/KNN/accuracy/grid_KNN_accuracy_ds_81-90.pdf, id=37037, 14
45.4pt x 867.24pt>
File: plots/Granular_Grids/KNN/accuracy/grid_KNN_accuracy_ds_81-90.pdf Graphic 
file (type pdf)
<use plots/Granular_Grids/KNN/accuracy/grid_KNN_accuracy_ds_81-90.pdf>
Package pdftex.def Info: plots/Granular_Grids/KNN/accuracy/grid_KNN_accuracy_ds
_81-90.pdf  used on input line 556.
(pdftex.def)             Requested size: 145.68144pt x 87.40396pt.
<plots/Granular_Grids/KNN/accuracy/grid_KNN_accuracy_ds_91-100.pdf, id=37038, 1
445.4pt x 867.24pt>
File: plots/Granular_Grids/KNN/accuracy/grid_KNN_accuracy_ds_91-100.pdf Graphic
 file (type pdf)
<use plots/Granular_Grids/KNN/accuracy/grid_KNN_accuracy_ds_91-100.pdf>
Package pdftex.def Info: plots/Granular_Grids/KNN/accuracy/grid_KNN_accuracy_ds
_91-100.pdf  used on input line 557.
(pdftex.def)             Requested size: 145.68144pt x 87.40396pt.
 [42

 <./plots/Granular_Grids/KNN/accuracy/grid_KNN_accuracy_ds_1-10.pdf> <./plots/G
ranular_Grids/KNN/accuracy/grid_KNN_accuracy_ds_11-20.pdf> <./plots/Granular_Gr
ids/KNN/accuracy/grid_KNN_accuracy_ds_21-30.pdf> <./plots/Granular_Grids/KNN/ac
curacy/grid_KNN_accuracy_ds_31-40.pdf> <./plots/Granular_Grids/KNN/accuracy/gri
d_KNN_accuracy_ds_41-50.pdf> <./plots/Granular_Grids/KNN/accuracy/grid_KNN_accu
racy_ds_51-60.pdf> <./plots/Granular_Grids/KNN/accuracy/grid_KNN_accuracy_ds_61
-70.pdf> <./plots/Granular_Grids/KNN/accuracy/grid_KNN_accuracy_ds_71-80.pdf> <
./plots/Granular_Grids/KNN/accuracy/grid_KNN_accuracy_ds_81-90.pdf> <./plots/Gr
anular_Grids/KNN/accuracy/grid_KNN_accuracy_ds_91-100.pdf>]
<plots/Granular_Grids/KNN/f1_score/grid_KNN_f1_score_ds_1-10.pdf, id=38314, 144
5.4pt x 867.24pt>
File: plots/Granular_Grids/KNN/f1_score/grid_KNN_f1_score_ds_1-10.pdf Graphic f
ile (type pdf)
<use plots/Granular_Grids/KNN/f1_score/grid_KNN_f1_score_ds_1-10.pdf>
Package pdftex.def Info: plots/Granular_Grids/KNN/f1_score/grid_KNN_f1_score_ds
_1-10.pdf  used on input line 565.
(pdftex.def)             Requested size: 145.68144pt x 87.40396pt.
<plots/Granular_Grids/KNN/f1_score/grid_KNN_f1_score_ds_11-20.pdf, id=38315, 14
45.4pt x 867.24pt>
File: plots/Granular_Grids/KNN/f1_score/grid_KNN_f1_score_ds_11-20.pdf Graphic 
file (type pdf)
<use plots/Granular_Grids/KNN/f1_score/grid_KNN_f1_score_ds_11-20.pdf>
Package pdftex.def Info: plots/Granular_Grids/KNN/f1_score/grid_KNN_f1_score_ds
_11-20.pdf  used on input line 566.
(pdftex.def)             Requested size: 145.68144pt x 87.40396pt.
<plots/Granular_Grids/KNN/f1_score/grid_KNN_f1_score_ds_21-30.pdf, id=38316, 14
45.4pt x 867.24pt>
File: plots/Granular_Grids/KNN/f1_score/grid_KNN_f1_score_ds_21-30.pdf Graphic 
file (type pdf)
<use plots/Granular_Grids/KNN/f1_score/grid_KNN_f1_score_ds_21-30.pdf>
Package pdftex.def Info: plots/Granular_Grids/KNN/f1_score/grid_KNN_f1_score_ds
_21-30.pdf  used on input line 567.
(pdftex.def)             Requested size: 145.68144pt x 87.40396pt.
<plots/Granular_Grids/KNN/f1_score/grid_KNN_f1_score_ds_31-40.pdf, id=38317, 14
45.4pt x 867.24pt>
File: plots/Granular_Grids/KNN/f1_score/grid_KNN_f1_score_ds_31-40.pdf Graphic 
file (type pdf)
<use plots/Granular_Grids/KNN/f1_score/grid_KNN_f1_score_ds_31-40.pdf>
Package pdftex.def Info: plots/Granular_Grids/KNN/f1_score/grid_KNN_f1_score_ds
_31-40.pdf  used on input line 568.
(pdftex.def)             Requested size: 145.68144pt x 87.40396pt.
<plots/Granular_Grids/KNN/f1_score/grid_KNN_f1_score_ds_41-50.pdf, id=38318, 14
45.4pt x 867.24pt>
File: plots/Granular_Grids/KNN/f1_score/grid_KNN_f1_score_ds_41-50.pdf Graphic 
file (type pdf)
<use plots/Granular_Grids/KNN/f1_score/grid_KNN_f1_score_ds_41-50.pdf>
Package pdftex.def Info: plots/Granular_Grids/KNN/f1_score/grid_KNN_f1_score_ds
_41-50.pdf  used on input line 569.
(pdftex.def)             Requested size: 145.68144pt x 87.40396pt.
<plots/Granular_Grids/KNN/f1_score/grid_KNN_f1_score_ds_51-60.pdf, id=38319, 14
45.4pt x 867.24pt>
File: plots/Granular_Grids/KNN/f1_score/grid_KNN_f1_score_ds_51-60.pdf Graphic 
file (type pdf)
<use plots/Granular_Grids/KNN/f1_score/grid_KNN_f1_score_ds_51-60.pdf>
Package pdftex.def Info: plots/Granular_Grids/KNN/f1_score/grid_KNN_f1_score_ds
_51-60.pdf  used on input line 570.
(pdftex.def)             Requested size: 145.68144pt x 87.40396pt.
<plots/Granular_Grids/KNN/f1_score/grid_KNN_f1_score_ds_61-70.pdf, id=38320, 14
45.4pt x 867.24pt>
File: plots/Granular_Grids/KNN/f1_score/grid_KNN_f1_score_ds_61-70.pdf Graphic 
file (type pdf)
<use plots/Granular_Grids/KNN/f1_score/grid_KNN_f1_score_ds_61-70.pdf>
Package pdftex.def Info: plots/Granular_Grids/KNN/f1_score/grid_KNN_f1_score_ds
_61-70.pdf  used on input line 571.
(pdftex.def)             Requested size: 145.68144pt x 87.40396pt.
<plots/Granular_Grids/KNN/f1_score/grid_KNN_f1_score_ds_71-80.pdf, id=38321, 14
45.4pt x 867.24pt>
File: plots/Granular_Grids/KNN/f1_score/grid_KNN_f1_score_ds_71-80.pdf Graphic 
file (type pdf)
<use plots/Granular_Grids/KNN/f1_score/grid_KNN_f1_score_ds_71-80.pdf>
Package pdftex.def Info: plots/Granular_Grids/KNN/f1_score/grid_KNN_f1_score_ds
_71-80.pdf  used on input line 572.
(pdftex.def)             Requested size: 145.68144pt x 87.40396pt.
<plots/Granular_Grids/KNN/f1_score/grid_KNN_f1_score_ds_81-90.pdf, id=38322, 14
45.4pt x 867.24pt>
File: plots/Granular_Grids/KNN/f1_score/grid_KNN_f1_score_ds_81-90.pdf Graphic 
file (type pdf)
<use plots/Granular_Grids/KNN/f1_score/grid_KNN_f1_score_ds_81-90.pdf>
Package pdftex.def Info: plots/Granular_Grids/KNN/f1_score/grid_KNN_f1_score_ds
_81-90.pdf  used on input line 573.
(pdftex.def)             Requested size: 145.68144pt x 87.40396pt.
<plots/Granular_Grids/KNN/f1_score/grid_KNN_f1_score_ds_91-100.pdf, id=38323, 1
445.4pt x 867.24pt>
File: plots/Granular_Grids/KNN/f1_score/grid_KNN_f1_score_ds_91-100.pdf Graphic
 file (type pdf)
<use plots/Granular_Grids/KNN/f1_score/grid_KNN_f1_score_ds_91-100.pdf>
Package pdftex.def Info: plots/Granular_Grids/KNN/f1_score/grid_KNN_f1_score_ds
_91-100.pdf  used on input line 574.
(pdftex.def)             Requested size: 145.68144pt x 87.40396pt.
 [43

 <./plots/Granular_Grids/KNN/f1_score/grid_KNN_f1_score_ds_1-10.pdf> <./plots/G
ranular_Grids/KNN/f1_score/grid_KNN_f1_score_ds_11-20.pdf> <./plots/Granular_Gr
ids/KNN/f1_score/grid_KNN_f1_score_ds_21-30.pdf> <./plots/Granular_Grids/KNN/f1
_score/grid_KNN_f1_score_ds_31-40.pdf> <./plots/Granular_Grids/KNN/f1_score/gri
d_KNN_f1_score_ds_41-50.pdf> <./plots/Granular_Grids/KNN/f1_score/grid_KNN_f1_s
core_ds_51-60.pdf> <./plots/Granular_Grids/KNN/f1_score/grid_KNN_f1_score_ds_61
-70.pdf> <./plots/Granular_Grids/KNN/f1_score/grid_KNN_f1_score_ds_71-80.pdf> <
./plots/Granular_Grids/KNN/f1_score/grid_KNN_f1_score_ds_81-90.pdf> <./plots/Gr
anular_Grids/KNN/f1_score/grid_KNN_f1_score_ds_91-100.pdf>]
<plots/Granular_Grids/KNN/g_mean/grid_KNN_g_mean_ds_1-10.pdf, id=39599, 1445.4p
t x 867.24pt>
File: plots/Granular_Grids/KNN/g_mean/grid_KNN_g_mean_ds_1-10.pdf Graphic file 
(type pdf)
<use plots/Granular_Grids/KNN/g_mean/grid_KNN_g_mean_ds_1-10.pdf>
Package pdftex.def Info: plots/Granular_Grids/KNN/g_mean/grid_KNN_g_mean_ds_1-1
0.pdf  used on input line 582.
(pdftex.def)             Requested size: 145.68144pt x 87.40396pt.
<plots/Granular_Grids/KNN/g_mean/grid_KNN_g_mean_ds_11-20.pdf, id=39600, 1445.4
pt x 867.24pt>
File: plots/Granular_Grids/KNN/g_mean/grid_KNN_g_mean_ds_11-20.pdf Graphic file
 (type pdf)
<use plots/Granular_Grids/KNN/g_mean/grid_KNN_g_mean_ds_11-20.pdf>
Package pdftex.def Info: plots/Granular_Grids/KNN/g_mean/grid_KNN_g_mean_ds_11-
20.pdf  used on input line 583.
(pdftex.def)             Requested size: 145.68144pt x 87.40396pt.
<plots/Granular_Grids/KNN/g_mean/grid_KNN_g_mean_ds_21-30.pdf, id=39601, 1445.4
pt x 867.24pt>
File: plots/Granular_Grids/KNN/g_mean/grid_KNN_g_mean_ds_21-30.pdf Graphic file
 (type pdf)
<use plots/Granular_Grids/KNN/g_mean/grid_KNN_g_mean_ds_21-30.pdf>
Package pdftex.def Info: plots/Granular_Grids/KNN/g_mean/grid_KNN_g_mean_ds_21-
30.pdf  used on input line 584.
(pdftex.def)             Requested size: 145.68144pt x 87.40396pt.
<plots/Granular_Grids/KNN/g_mean/grid_KNN_g_mean_ds_31-40.pdf, id=39602, 1445.4
pt x 867.24pt>
File: plots/Granular_Grids/KNN/g_mean/grid_KNN_g_mean_ds_31-40.pdf Graphic file
 (type pdf)
<use plots/Granular_Grids/KNN/g_mean/grid_KNN_g_mean_ds_31-40.pdf>
Package pdftex.def Info: plots/Granular_Grids/KNN/g_mean/grid_KNN_g_mean_ds_31-
40.pdf  used on input line 585.
(pdftex.def)             Requested size: 145.68144pt x 87.40396pt.
<plots/Granular_Grids/KNN/g_mean/grid_KNN_g_mean_ds_41-50.pdf, id=39603, 1445.4
pt x 867.24pt>
File: plots/Granular_Grids/KNN/g_mean/grid_KNN_g_mean_ds_41-50.pdf Graphic file
 (type pdf)
<use plots/Granular_Grids/KNN/g_mean/grid_KNN_g_mean_ds_41-50.pdf>
Package pdftex.def Info: plots/Granular_Grids/KNN/g_mean/grid_KNN_g_mean_ds_41-
50.pdf  used on input line 586.
(pdftex.def)             Requested size: 145.68144pt x 87.40396pt.
<plots/Granular_Grids/KNN/g_mean/grid_KNN_g_mean_ds_51-60.pdf, id=39604, 1445.4
pt x 867.24pt>
File: plots/Granular_Grids/KNN/g_mean/grid_KNN_g_mean_ds_51-60.pdf Graphic file
 (type pdf)
<use plots/Granular_Grids/KNN/g_mean/grid_KNN_g_mean_ds_51-60.pdf>
Package pdftex.def Info: plots/Granular_Grids/KNN/g_mean/grid_KNN_g_mean_ds_51-
60.pdf  used on input line 587.
(pdftex.def)             Requested size: 145.68144pt x 87.40396pt.
<plots/Granular_Grids/KNN/g_mean/grid_KNN_g_mean_ds_61-70.pdf, id=39605, 1445.4
pt x 867.24pt>
File: plots/Granular_Grids/KNN/g_mean/grid_KNN_g_mean_ds_61-70.pdf Graphic file
 (type pdf)
<use plots/Granular_Grids/KNN/g_mean/grid_KNN_g_mean_ds_61-70.pdf>
Package pdftex.def Info: plots/Granular_Grids/KNN/g_mean/grid_KNN_g_mean_ds_61-
70.pdf  used on input line 588.
(pdftex.def)             Requested size: 145.68144pt x 87.40396pt.
<plots/Granular_Grids/KNN/g_mean/grid_KNN_g_mean_ds_71-80.pdf, id=39606, 1445.4
pt x 867.24pt>
File: plots/Granular_Grids/KNN/g_mean/grid_KNN_g_mean_ds_71-80.pdf Graphic file
 (type pdf)
<use plots/Granular_Grids/KNN/g_mean/grid_KNN_g_mean_ds_71-80.pdf>
Package pdftex.def Info: plots/Granular_Grids/KNN/g_mean/grid_KNN_g_mean_ds_71-
80.pdf  used on input line 589.
(pdftex.def)             Requested size: 145.68144pt x 87.40396pt.
<plots/Granular_Grids/KNN/g_mean/grid_KNN_g_mean_ds_81-90.pdf, id=39607, 1445.4
pt x 867.24pt>
File: plots/Granular_Grids/KNN/g_mean/grid_KNN_g_mean_ds_81-90.pdf Graphic file
 (type pdf)
<use plots/Granular_Grids/KNN/g_mean/grid_KNN_g_mean_ds_81-90.pdf>
Package pdftex.def Info: plots/Granular_Grids/KNN/g_mean/grid_KNN_g_mean_ds_81-
90.pdf  used on input line 590.
(pdftex.def)             Requested size: 145.68144pt x 87.40396pt.
<plots/Granular_Grids/KNN/g_mean/grid_KNN_g_mean_ds_91-100.pdf, id=39608, 1445.
4pt x 867.24pt>
File: plots/Granular_Grids/KNN/g_mean/grid_KNN_g_mean_ds_91-100.pdf Graphic fil
e (type pdf)
<use plots/Granular_Grids/KNN/g_mean/grid_KNN_g_mean_ds_91-100.pdf>
Package pdftex.def Info: plots/Granular_Grids/KNN/g_mean/grid_KNN_g_mean_ds_91-
100.pdf  used on input line 591.
(pdftex.def)             Requested size: 145.68144pt x 87.40396pt.
[44

 <./plots/Granular_Grids/KNN/g_mean/grid_KNN_g_mean_ds_1-10.pdf> <./plots/Granu
lar_Grids/KNN/g_mean/grid_KNN_g_mean_ds_11-20.pdf> <./plots/Granular_Grids/KNN/
g_mean/grid_KNN_g_mean_ds_21-30.pdf> <./plots/Granular_Grids/KNN/g_mean/grid_KN
N_g_mean_ds_31-40.pdf> <./plots/Granular_Grids/KNN/g_mean/grid_KNN_g_mean_ds_41
-50.pdf> <./plots/Granular_Grids/KNN/g_mean/grid_KNN_g_mean_ds_51-60.pdf> <./pl
ots/Granular_Grids/KNN/g_mean/grid_KNN_g_mean_ds_61-70.pdf> <./plots/Granular_G
rids/KNN/g_mean/grid_KNN_g_mean_ds_71-80.pdf> <./plots/Granular_Grids/KNN/g_mea
n/grid_KNN_g_mean_ds_81-90.pdf> <./plots/Granular_Grids/KNN/g_mean/grid_KNN_g_m
ean_ds_91-100.pdf>]
<plots/Granular_Grids/KNN/roc_auc/grid_KNN_roc_auc_ds_1-10.pdf, id=40874, 1445.
4pt x 867.24pt>
File: plots/Granular_Grids/KNN/roc_auc/grid_KNN_roc_auc_ds_1-10.pdf Graphic fil
e (type pdf)
<use plots/Granular_Grids/KNN/roc_auc/grid_KNN_roc_auc_ds_1-10.pdf>
Package pdftex.def Info: plots/Granular_Grids/KNN/roc_auc/grid_KNN_roc_auc_ds_1
-10.pdf  used on input line 599.
(pdftex.def)             Requested size: 145.68144pt x 87.40396pt.
<plots/Granular_Grids/KNN/roc_auc/grid_KNN_roc_auc_ds_11-20.pdf, id=40875, 1445
.4pt x 867.24pt>
File: plots/Granular_Grids/KNN/roc_auc/grid_KNN_roc_auc_ds_11-20.pdf Graphic fi
le (type pdf)
<use plots/Granular_Grids/KNN/roc_auc/grid_KNN_roc_auc_ds_11-20.pdf>
Package pdftex.def Info: plots/Granular_Grids/KNN/roc_auc/grid_KNN_roc_auc_ds_1
1-20.pdf  used on input line 600.
(pdftex.def)             Requested size: 145.68144pt x 87.40396pt.
<plots/Granular_Grids/KNN/roc_auc/grid_KNN_roc_auc_ds_21-30.pdf, id=40876, 1445
.4pt x 867.24pt>
File: plots/Granular_Grids/KNN/roc_auc/grid_KNN_roc_auc_ds_21-30.pdf Graphic fi
le (type pdf)
<use plots/Granular_Grids/KNN/roc_auc/grid_KNN_roc_auc_ds_21-30.pdf>
Package pdftex.def Info: plots/Granular_Grids/KNN/roc_auc/grid_KNN_roc_auc_ds_2
1-30.pdf  used on input line 601.
(pdftex.def)             Requested size: 145.68144pt x 87.40396pt.
<plots/Granular_Grids/KNN/roc_auc/grid_KNN_roc_auc_ds_31-40.pdf, id=40877, 1445
.4pt x 867.24pt>
File: plots/Granular_Grids/KNN/roc_auc/grid_KNN_roc_auc_ds_31-40.pdf Graphic fi
le (type pdf)
<use plots/Granular_Grids/KNN/roc_auc/grid_KNN_roc_auc_ds_31-40.pdf>
Package pdftex.def Info: plots/Granular_Grids/KNN/roc_auc/grid_KNN_roc_auc_ds_3
1-40.pdf  used on input line 602.
(pdftex.def)             Requested size: 145.68144pt x 87.40396pt.
<plots/Granular_Grids/KNN/roc_auc/grid_KNN_roc_auc_ds_41-50.pdf, id=40878, 1445
.4pt x 867.24pt>
File: plots/Granular_Grids/KNN/roc_auc/grid_KNN_roc_auc_ds_41-50.pdf Graphic fi
le (type pdf)
<use plots/Granular_Grids/KNN/roc_auc/grid_KNN_roc_auc_ds_41-50.pdf>
Package pdftex.def Info: plots/Granular_Grids/KNN/roc_auc/grid_KNN_roc_auc_ds_4
1-50.pdf  used on input line 603.
(pdftex.def)             Requested size: 145.68144pt x 87.40396pt.
<plots/Granular_Grids/KNN/roc_auc/grid_KNN_roc_auc_ds_51-60.pdf, id=40879, 1445
.4pt x 867.24pt>
File: plots/Granular_Grids/KNN/roc_auc/grid_KNN_roc_auc_ds_51-60.pdf Graphic fi
le (type pdf)
<use plots/Granular_Grids/KNN/roc_auc/grid_KNN_roc_auc_ds_51-60.pdf>
Package pdftex.def Info: plots/Granular_Grids/KNN/roc_auc/grid_KNN_roc_auc_ds_5
1-60.pdf  used on input line 604.
(pdftex.def)             Requested size: 145.68144pt x 87.40396pt.
<plots/Granular_Grids/KNN/roc_auc/grid_KNN_roc_auc_ds_61-70.pdf, id=40880, 1445
.4pt x 867.24pt>
File: plots/Granular_Grids/KNN/roc_auc/grid_KNN_roc_auc_ds_61-70.pdf Graphic fi
le (type pdf)
<use plots/Granular_Grids/KNN/roc_auc/grid_KNN_roc_auc_ds_61-70.pdf>
Package pdftex.def Info: plots/Granular_Grids/KNN/roc_auc/grid_KNN_roc_auc_ds_6
1-70.pdf  used on input line 605.
(pdftex.def)             Requested size: 145.68144pt x 87.40396pt.
<plots/Granular_Grids/KNN/roc_auc/grid_KNN_roc_auc_ds_71-80.pdf, id=40881, 1445
.4pt x 867.24pt>
File: plots/Granular_Grids/KNN/roc_auc/grid_KNN_roc_auc_ds_71-80.pdf Graphic fi
le (type pdf)
<use plots/Granular_Grids/KNN/roc_auc/grid_KNN_roc_auc_ds_71-80.pdf>
Package pdftex.def Info: plots/Granular_Grids/KNN/roc_auc/grid_KNN_roc_auc_ds_7
1-80.pdf  used on input line 606.
(pdftex.def)             Requested size: 145.68144pt x 87.40396pt.
<plots/Granular_Grids/KNN/roc_auc/grid_KNN_roc_auc_ds_81-90.pdf, id=40882, 1445
.4pt x 867.24pt>
File: plots/Granular_Grids/KNN/roc_auc/grid_KNN_roc_auc_ds_81-90.pdf Graphic fi
le (type pdf)
<use plots/Granular_Grids/KNN/roc_auc/grid_KNN_roc_auc_ds_81-90.pdf>
Package pdftex.def Info: plots/Granular_Grids/KNN/roc_auc/grid_KNN_roc_auc_ds_8
1-90.pdf  used on input line 607.
(pdftex.def)             Requested size: 145.68144pt x 87.40396pt.
<plots/Granular_Grids/KNN/roc_auc/grid_KNN_roc_auc_ds_91-100.pdf, id=40883, 144
5.4pt x 867.24pt>
File: plots/Granular_Grids/KNN/roc_auc/grid_KNN_roc_auc_ds_91-100.pdf Graphic f
ile (type pdf)
<use plots/Granular_Grids/KNN/roc_auc/grid_KNN_roc_auc_ds_91-100.pdf>
Package pdftex.def Info: plots/Granular_Grids/KNN/roc_auc/grid_KNN_roc_auc_ds_9
1-100.pdf  used on input line 608.
(pdftex.def)             Requested size: 145.68144pt x 87.40396pt.
 [45

 <./plots/Granular_Grids/KNN/roc_auc/grid_KNN_roc_auc_ds_1-10.pdf> <./plots/Gra
nular_Grids/KNN/roc_auc/grid_KNN_roc_auc_ds_11-20.pdf> <./plots/Granular_Grids/
KNN/roc_auc/grid_KNN_roc_auc_ds_21-30.pdf> <./plots/Granular_Grids/KNN/roc_auc/
grid_KNN_roc_auc_ds_31-40.pdf> <./plots/Granular_Grids/KNN/roc_auc/grid_KNN_roc
_auc_ds_41-50.pdf> <./plots/Granular_Grids/KNN/roc_auc/grid_KNN_roc_auc_ds_51-6
0.pdf> <./plots/Granular_Grids/KNN/roc_auc/grid_KNN_roc_auc_ds_61-70.pdf> <./pl
ots/Granular_Grids/KNN/roc_auc/grid_KNN_roc_auc_ds_71-80.pdf> <./plots/Granular
_Grids/KNN/roc_auc/grid_KNN_roc_auc_ds_81-90.pdf> <./plots/Granular_Grids/KNN/r
oc_auc/grid_KNN_roc_auc_ds_91-100.pdf>]
<plots/Granular_Grids/KNORAE/accuracy/grid_KNORAE_accuracy_ds_1-10.pdf, id=4215
9, 1445.4pt x 867.24pt>
File: plots/Granular_Grids/KNORAE/accuracy/grid_KNORAE_accuracy_ds_1-10.pdf Gra
phic file (type pdf)
<use plots/Granular_Grids/KNORAE/accuracy/grid_KNORAE_accuracy_ds_1-10.pdf>
Package pdftex.def Info: plots/Granular_Grids/KNORAE/accuracy/grid_KNORAE_accur
acy_ds_1-10.pdf  used on input line 616.
(pdftex.def)             Requested size: 145.68144pt x 87.40396pt.
<plots/Granular_Grids/KNORAE/accuracy/grid_KNORAE_accuracy_ds_11-20.pdf, id=421
60, 1445.4pt x 867.24pt>
File: plots/Granular_Grids/KNORAE/accuracy/grid_KNORAE_accuracy_ds_11-20.pdf Gr
aphic file (type pdf)
<use plots/Granular_Grids/KNORAE/accuracy/grid_KNORAE_accuracy_ds_11-20.pdf>
Package pdftex.def Info: plots/Granular_Grids/KNORAE/accuracy/grid_KNORAE_accur
acy_ds_11-20.pdf  used on input line 617.
(pdftex.def)             Requested size: 145.68144pt x 87.40396pt.
<plots/Granular_Grids/KNORAE/accuracy/grid_KNORAE_accuracy_ds_21-30.pdf, id=421
61, 1445.4pt x 867.24pt>
File: plots/Granular_Grids/KNORAE/accuracy/grid_KNORAE_accuracy_ds_21-30.pdf Gr
aphic file (type pdf)
<use plots/Granular_Grids/KNORAE/accuracy/grid_KNORAE_accuracy_ds_21-30.pdf>
Package pdftex.def Info: plots/Granular_Grids/KNORAE/accuracy/grid_KNORAE_accur
acy_ds_21-30.pdf  used on input line 618.
(pdftex.def)             Requested size: 145.68144pt x 87.40396pt.
<plots/Granular_Grids/KNORAE/accuracy/grid_KNORAE_accuracy_ds_31-40.pdf, id=421
62, 1445.4pt x 867.24pt>
File: plots/Granular_Grids/KNORAE/accuracy/grid_KNORAE_accuracy_ds_31-40.pdf Gr
aphic file (type pdf)
<use plots/Granular_Grids/KNORAE/accuracy/grid_KNORAE_accuracy_ds_31-40.pdf>
Package pdftex.def Info: plots/Granular_Grids/KNORAE/accuracy/grid_KNORAE_accur
acy_ds_31-40.pdf  used on input line 619.
(pdftex.def)             Requested size: 145.68144pt x 87.40396pt.
<plots/Granular_Grids/KNORAE/accuracy/grid_KNORAE_accuracy_ds_41-50.pdf, id=421
63, 1445.4pt x 867.24pt>
File: plots/Granular_Grids/KNORAE/accuracy/grid_KNORAE_accuracy_ds_41-50.pdf Gr
aphic file (type pdf)
<use plots/Granular_Grids/KNORAE/accuracy/grid_KNORAE_accuracy_ds_41-50.pdf>
Package pdftex.def Info: plots/Granular_Grids/KNORAE/accuracy/grid_KNORAE_accur
acy_ds_41-50.pdf  used on input line 620.
(pdftex.def)             Requested size: 145.68144pt x 87.40396pt.
<plots/Granular_Grids/KNORAE/accuracy/grid_KNORAE_accuracy_ds_51-60.pdf, id=421
64, 1445.4pt x 867.24pt>
File: plots/Granular_Grids/KNORAE/accuracy/grid_KNORAE_accuracy_ds_51-60.pdf Gr
aphic file (type pdf)
<use plots/Granular_Grids/KNORAE/accuracy/grid_KNORAE_accuracy_ds_51-60.pdf>
Package pdftex.def Info: plots/Granular_Grids/KNORAE/accuracy/grid_KNORAE_accur
acy_ds_51-60.pdf  used on input line 621.
(pdftex.def)             Requested size: 145.68144pt x 87.40396pt.
<plots/Granular_Grids/KNORAE/accuracy/grid_KNORAE_accuracy_ds_61-70.pdf, id=421
65, 1445.4pt x 867.24pt>
File: plots/Granular_Grids/KNORAE/accuracy/grid_KNORAE_accuracy_ds_61-70.pdf Gr
aphic file (type pdf)
<use plots/Granular_Grids/KNORAE/accuracy/grid_KNORAE_accuracy_ds_61-70.pdf>
Package pdftex.def Info: plots/Granular_Grids/KNORAE/accuracy/grid_KNORAE_accur
acy_ds_61-70.pdf  used on input line 622.
(pdftex.def)             Requested size: 145.68144pt x 87.40396pt.
<plots/Granular_Grids/KNORAE/accuracy/grid_KNORAE_accuracy_ds_71-80.pdf, id=421
66, 1445.4pt x 867.24pt>
File: plots/Granular_Grids/KNORAE/accuracy/grid_KNORAE_accuracy_ds_71-80.pdf Gr
aphic file (type pdf)
<use plots/Granular_Grids/KNORAE/accuracy/grid_KNORAE_accuracy_ds_71-80.pdf>
Package pdftex.def Info: plots/Granular_Grids/KNORAE/accuracy/grid_KNORAE_accur
acy_ds_71-80.pdf  used on input line 623.
(pdftex.def)             Requested size: 145.68144pt x 87.40396pt.
<plots/Granular_Grids/KNORAE/accuracy/grid_KNORAE_accuracy_ds_81-90.pdf, id=421
67, 1445.4pt x 867.24pt>
File: plots/Granular_Grids/KNORAE/accuracy/grid_KNORAE_accuracy_ds_81-90.pdf Gr
aphic file (type pdf)
<use plots/Granular_Grids/KNORAE/accuracy/grid_KNORAE_accuracy_ds_81-90.pdf>
Package pdftex.def Info: plots/Granular_Grids/KNORAE/accuracy/grid_KNORAE_accur
acy_ds_81-90.pdf  used on input line 624.
(pdftex.def)             Requested size: 145.68144pt x 87.40396pt.
<plots/Granular_Grids/KNORAE/accuracy/grid_KNORAE_accuracy_ds_91-100.pdf, id=42
168, 1445.4pt x 867.24pt>
File: plots/Granular_Grids/KNORAE/accuracy/grid_KNORAE_accuracy_ds_91-100.pdf G
raphic file (type pdf)
<use plots/Granular_Grids/KNORAE/accuracy/grid_KNORAE_accuracy_ds_91-100.pdf>
Package pdftex.def Info: plots/Granular_Grids/KNORAE/accuracy/grid_KNORAE_accur
acy_ds_91-100.pdf  used on input line 625.
(pdftex.def)             Requested size: 145.68144pt x 87.40396pt.
 [46

 <./plots/Granular_Grids/KNORAE/accuracy/grid_KNORAE_accuracy_ds_1-10.pdf> <./p
lots/Granular_Grids/KNORAE/accuracy/grid_KNORAE_accuracy_ds_11-20.pdf> <./plots
/Granular_Grids/KNORAE/accuracy/grid_KNORAE_accuracy_ds_21-30.pdf> <./plots/Gra
nular_Grids/KNORAE/accuracy/grid_KNORAE_accuracy_ds_31-40.pdf> <./plots/Granula
r_Grids/KNORAE/accuracy/grid_KNORAE_accuracy_ds_41-50.pdf> <./plots/Granular_Gr
ids/KNORAE/accuracy/grid_KNORAE_accuracy_ds_51-60.pdf> <./plots/Granular_Grids/
KNORAE/accuracy/grid_KNORAE_accuracy_ds_61-70.pdf> <./plots/Granular_Grids/KNOR
AE/accuracy/grid_KNORAE_accuracy_ds_71-80.pdf> <./plots/Granular_Grids/KNORAE/a
ccuracy/grid_KNORAE_accuracy_ds_81-90.pdf> <./plots/Granular_Grids/KNORAE/accur
acy/grid_KNORAE_accuracy_ds_91-100.pdf>]
<plots/Granular_Grids/KNORAE/f1_score/grid_KNORAE_f1_score_ds_1-10.pdf, id=4345
4, 1445.4pt x 867.24pt>
File: plots/Granular_Grids/KNORAE/f1_score/grid_KNORAE_f1_score_ds_1-10.pdf Gra
phic file (type pdf)
<use plots/Granular_Grids/KNORAE/f1_score/grid_KNORAE_f1_score_ds_1-10.pdf>
Package pdftex.def Info: plots/Granular_Grids/KNORAE/f1_score/grid_KNORAE_f1_sc
ore_ds_1-10.pdf  used on input line 633.
(pdftex.def)             Requested size: 145.68144pt x 87.40396pt.
<plots/Granular_Grids/KNORAE/f1_score/grid_KNORAE_f1_score_ds_11-20.pdf, id=434
55, 1445.4pt x 867.24pt>
File: plots/Granular_Grids/KNORAE/f1_score/grid_KNORAE_f1_score_ds_11-20.pdf Gr
aphic file (type pdf)
<use plots/Granular_Grids/KNORAE/f1_score/grid_KNORAE_f1_score_ds_11-20.pdf>
Package pdftex.def Info: plots/Granular_Grids/KNORAE/f1_score/grid_KNORAE_f1_sc
ore_ds_11-20.pdf  used on input line 634.
(pdftex.def)             Requested size: 145.68144pt x 87.40396pt.
<plots/Granular_Grids/KNORAE/f1_score/grid_KNORAE_f1_score_ds_21-30.pdf, id=434
56, 1445.4pt x 867.24pt>
File: plots/Granular_Grids/KNORAE/f1_score/grid_KNORAE_f1_score_ds_21-30.pdf Gr
aphic file (type pdf)
<use plots/Granular_Grids/KNORAE/f1_score/grid_KNORAE_f1_score_ds_21-30.pdf>
Package pdftex.def Info: plots/Granular_Grids/KNORAE/f1_score/grid_KNORAE_f1_sc
ore_ds_21-30.pdf  used on input line 635.
(pdftex.def)             Requested size: 145.68144pt x 87.40396pt.
<plots/Granular_Grids/KNORAE/f1_score/grid_KNORAE_f1_score_ds_31-40.pdf, id=434
57, 1445.4pt x 867.24pt>
File: plots/Granular_Grids/KNORAE/f1_score/grid_KNORAE_f1_score_ds_31-40.pdf Gr
aphic file (type pdf)
<use plots/Granular_Grids/KNORAE/f1_score/grid_KNORAE_f1_score_ds_31-40.pdf>
Package pdftex.def Info: plots/Granular_Grids/KNORAE/f1_score/grid_KNORAE_f1_sc
ore_ds_31-40.pdf  used on input line 636.
(pdftex.def)             Requested size: 145.68144pt x 87.40396pt.
<plots/Granular_Grids/KNORAE/f1_score/grid_KNORAE_f1_score_ds_41-50.pdf, id=434
58, 1445.4pt x 867.24pt>
File: plots/Granular_Grids/KNORAE/f1_score/grid_KNORAE_f1_score_ds_41-50.pdf Gr
aphic file (type pdf)
<use plots/Granular_Grids/KNORAE/f1_score/grid_KNORAE_f1_score_ds_41-50.pdf>
Package pdftex.def Info: plots/Granular_Grids/KNORAE/f1_score/grid_KNORAE_f1_sc
ore_ds_41-50.pdf  used on input line 637.
(pdftex.def)             Requested size: 145.68144pt x 87.40396pt.
<plots/Granular_Grids/KNORAE/f1_score/grid_KNORAE_f1_score_ds_51-60.pdf, id=434
59, 1445.4pt x 867.24pt>
File: plots/Granular_Grids/KNORAE/f1_score/grid_KNORAE_f1_score_ds_51-60.pdf Gr
aphic file (type pdf)
<use plots/Granular_Grids/KNORAE/f1_score/grid_KNORAE_f1_score_ds_51-60.pdf>
Package pdftex.def Info: plots/Granular_Grids/KNORAE/f1_score/grid_KNORAE_f1_sc
ore_ds_51-60.pdf  used on input line 638.
(pdftex.def)             Requested size: 145.68144pt x 87.40396pt.
<plots/Granular_Grids/KNORAE/f1_score/grid_KNORAE_f1_score_ds_61-70.pdf, id=434
60, 1445.4pt x 867.24pt>
File: plots/Granular_Grids/KNORAE/f1_score/grid_KNORAE_f1_score_ds_61-70.pdf Gr
aphic file (type pdf)
<use plots/Granular_Grids/KNORAE/f1_score/grid_KNORAE_f1_score_ds_61-70.pdf>
Package pdftex.def Info: plots/Granular_Grids/KNORAE/f1_score/grid_KNORAE_f1_sc
ore_ds_61-70.pdf  used on input line 639.
(pdftex.def)             Requested size: 145.68144pt x 87.40396pt.
<plots/Granular_Grids/KNORAE/f1_score/grid_KNORAE_f1_score_ds_71-80.pdf, id=434
61, 1445.4pt x 867.24pt>
File: plots/Granular_Grids/KNORAE/f1_score/grid_KNORAE_f1_score_ds_71-80.pdf Gr
aphic file (type pdf)
<use plots/Granular_Grids/KNORAE/f1_score/grid_KNORAE_f1_score_ds_71-80.pdf>
Package pdftex.def Info: plots/Granular_Grids/KNORAE/f1_score/grid_KNORAE_f1_sc
ore_ds_71-80.pdf  used on input line 640.
(pdftex.def)             Requested size: 145.68144pt x 87.40396pt.
<plots/Granular_Grids/KNORAE/f1_score/grid_KNORAE_f1_score_ds_81-90.pdf, id=434
62, 1445.4pt x 867.24pt>
File: plots/Granular_Grids/KNORAE/f1_score/grid_KNORAE_f1_score_ds_81-90.pdf Gr
aphic file (type pdf)
<use plots/Granular_Grids/KNORAE/f1_score/grid_KNORAE_f1_score_ds_81-90.pdf>
Package pdftex.def Info: plots/Granular_Grids/KNORAE/f1_score/grid_KNORAE_f1_sc
ore_ds_81-90.pdf  used on input line 641.
(pdftex.def)             Requested size: 145.68144pt x 87.40396pt.
<plots/Granular_Grids/KNORAE/f1_score/grid_KNORAE_f1_score_ds_91-100.pdf, id=43
463, 1445.4pt x 867.24pt>
File: plots/Granular_Grids/KNORAE/f1_score/grid_KNORAE_f1_score_ds_91-100.pdf G
raphic file (type pdf)
<use plots/Granular_Grids/KNORAE/f1_score/grid_KNORAE_f1_score_ds_91-100.pdf>
Package pdftex.def Info: plots/Granular_Grids/KNORAE/f1_score/grid_KNORAE_f1_sc
ore_ds_91-100.pdf  used on input line 642.
(pdftex.def)             Requested size: 145.68144pt x 87.40396pt.
 [47

 <./plots/Granular_Grids/KNORAE/f1_score/grid_KNORAE_f1_score_ds_1-10.pdf> <./p
lots/Granular_Grids/KNORAE/f1_score/grid_KNORAE_f1_score_ds_11-20.pdf> <./plots
/Granular_Grids/KNORAE/f1_score/grid_KNORAE_f1_score_ds_21-30.pdf> <./plots/Gra
nular_Grids/KNORAE/f1_score/grid_KNORAE_f1_score_ds_31-40.pdf> <./plots/Granula
r_Grids/KNORAE/f1_score/grid_KNORAE_f1_score_ds_41-50.pdf> <./plots/Granular_Gr
ids/KNORAE/f1_score/grid_KNORAE_f1_score_ds_51-60.pdf> <./plots/Granular_Grids/
KNORAE/f1_score/grid_KNORAE_f1_score_ds_61-70.pdf> <./plots/Granular_Grids/KNOR
AE/f1_score/grid_KNORAE_f1_score_ds_71-80.pdf> <./plots/Granular_Grids/KNORAE/f
1_score/grid_KNORAE_f1_score_ds_81-90.pdf> <./plots/Granular_Grids/KNORAE/f1_sc
ore/grid_KNORAE_f1_score_ds_91-100.pdf>]
<plots/Granular_Grids/KNORAE/g_mean/grid_KNORAE_g_mean_ds_1-10.pdf, id=44750, 1
445.4pt x 867.24pt>
File: plots/Granular_Grids/KNORAE/g_mean/grid_KNORAE_g_mean_ds_1-10.pdf Graphic
 file (type pdf)
<use plots/Granular_Grids/KNORAE/g_mean/grid_KNORAE_g_mean_ds_1-10.pdf>
Package pdftex.def Info: plots/Granular_Grids/KNORAE/g_mean/grid_KNORAE_g_mean_
ds_1-10.pdf  used on input line 650.
(pdftex.def)             Requested size: 145.68144pt x 87.40396pt.
<plots/Granular_Grids/KNORAE/g_mean/grid_KNORAE_g_mean_ds_11-20.pdf, id=44751, 
1445.4pt x 867.24pt>
File: plots/Granular_Grids/KNORAE/g_mean/grid_KNORAE_g_mean_ds_11-20.pdf Graphi
c file (type pdf)
<use plots/Granular_Grids/KNORAE/g_mean/grid_KNORAE_g_mean_ds_11-20.pdf>
Package pdftex.def Info: plots/Granular_Grids/KNORAE/g_mean/grid_KNORAE_g_mean_
ds_11-20.pdf  used on input line 651.
(pdftex.def)             Requested size: 145.68144pt x 87.40396pt.
<plots/Granular_Grids/KNORAE/g_mean/grid_KNORAE_g_mean_ds_21-30.pdf, id=44752, 
1445.4pt x 867.24pt>
File: plots/Granular_Grids/KNORAE/g_mean/grid_KNORAE_g_mean_ds_21-30.pdf Graphi
c file (type pdf)
<use plots/Granular_Grids/KNORAE/g_mean/grid_KNORAE_g_mean_ds_21-30.pdf>
Package pdftex.def Info: plots/Granular_Grids/KNORAE/g_mean/grid_KNORAE_g_mean_
ds_21-30.pdf  used on input line 652.
(pdftex.def)             Requested size: 145.68144pt x 87.40396pt.
<plots/Granular_Grids/KNORAE/g_mean/grid_KNORAE_g_mean_ds_31-40.pdf, id=44753, 
1445.4pt x 867.24pt>
File: plots/Granular_Grids/KNORAE/g_mean/grid_KNORAE_g_mean_ds_31-40.pdf Graphi
c file (type pdf)
<use plots/Granular_Grids/KNORAE/g_mean/grid_KNORAE_g_mean_ds_31-40.pdf>
Package pdftex.def Info: plots/Granular_Grids/KNORAE/g_mean/grid_KNORAE_g_mean_
ds_31-40.pdf  used on input line 653.
(pdftex.def)             Requested size: 145.68144pt x 87.40396pt.
<plots/Granular_Grids/KNORAE/g_mean/grid_KNORAE_g_mean_ds_41-50.pdf, id=44754, 
1445.4pt x 867.24pt>
File: plots/Granular_Grids/KNORAE/g_mean/grid_KNORAE_g_mean_ds_41-50.pdf Graphi
c file (type pdf)
<use plots/Granular_Grids/KNORAE/g_mean/grid_KNORAE_g_mean_ds_41-50.pdf>
Package pdftex.def Info: plots/Granular_Grids/KNORAE/g_mean/grid_KNORAE_g_mean_
ds_41-50.pdf  used on input line 654.
(pdftex.def)             Requested size: 145.68144pt x 87.40396pt.
<plots/Granular_Grids/KNORAE/g_mean/grid_KNORAE_g_mean_ds_51-60.pdf, id=44755, 
1445.4pt x 867.24pt>
File: plots/Granular_Grids/KNORAE/g_mean/grid_KNORAE_g_mean_ds_51-60.pdf Graphi
c file (type pdf)
<use plots/Granular_Grids/KNORAE/g_mean/grid_KNORAE_g_mean_ds_51-60.pdf>
Package pdftex.def Info: plots/Granular_Grids/KNORAE/g_mean/grid_KNORAE_g_mean_
ds_51-60.pdf  used on input line 655.
(pdftex.def)             Requested size: 145.68144pt x 87.40396pt.
<plots/Granular_Grids/KNORAE/g_mean/grid_KNORAE_g_mean_ds_61-70.pdf, id=44756, 
1445.4pt x 867.24pt>
File: plots/Granular_Grids/KNORAE/g_mean/grid_KNORAE_g_mean_ds_61-70.pdf Graphi
c file (type pdf)
<use plots/Granular_Grids/KNORAE/g_mean/grid_KNORAE_g_mean_ds_61-70.pdf>
Package pdftex.def Info: plots/Granular_Grids/KNORAE/g_mean/grid_KNORAE_g_mean_
ds_61-70.pdf  used on input line 656.
(pdftex.def)             Requested size: 145.68144pt x 87.40396pt.
<plots/Granular_Grids/KNORAE/g_mean/grid_KNORAE_g_mean_ds_71-80.pdf, id=44757, 
1445.4pt x 867.24pt>
File: plots/Granular_Grids/KNORAE/g_mean/grid_KNORAE_g_mean_ds_71-80.pdf Graphi
c file (type pdf)
<use plots/Granular_Grids/KNORAE/g_mean/grid_KNORAE_g_mean_ds_71-80.pdf>
Package pdftex.def Info: plots/Granular_Grids/KNORAE/g_mean/grid_KNORAE_g_mean_
ds_71-80.pdf  used on input line 657.
(pdftex.def)             Requested size: 145.68144pt x 87.40396pt.
<plots/Granular_Grids/KNORAE/g_mean/grid_KNORAE_g_mean_ds_81-90.pdf, id=44758, 
1445.4pt x 867.24pt>
File: plots/Granular_Grids/KNORAE/g_mean/grid_KNORAE_g_mean_ds_81-90.pdf Graphi
c file (type pdf)
<use plots/Granular_Grids/KNORAE/g_mean/grid_KNORAE_g_mean_ds_81-90.pdf>
Package pdftex.def Info: plots/Granular_Grids/KNORAE/g_mean/grid_KNORAE_g_mean_
ds_81-90.pdf  used on input line 658.
(pdftex.def)             Requested size: 145.68144pt x 87.40396pt.
<plots/Granular_Grids/KNORAE/g_mean/grid_KNORAE_g_mean_ds_91-100.pdf, id=44759,
 1445.4pt x 867.24pt>
File: plots/Granular_Grids/KNORAE/g_mean/grid_KNORAE_g_mean_ds_91-100.pdf Graph
ic file (type pdf)
<use plots/Granular_Grids/KNORAE/g_mean/grid_KNORAE_g_mean_ds_91-100.pdf>
Package pdftex.def Info: plots/Granular_Grids/KNORAE/g_mean/grid_KNORAE_g_mean_
ds_91-100.pdf  used on input line 659.
(pdftex.def)             Requested size: 145.68144pt x 87.40396pt.

[48

 <./plots/Granular_Grids/KNORAE/g_mean/grid_KNORAE_g_mean_ds_1-10.pdf> <./plots
/Granular_Grids/KNORAE/g_mean/grid_KNORAE_g_mean_ds_11-20.pdf> <./plots/Granula
r_Grids/KNORAE/g_mean/grid_KNORAE_g_mean_ds_21-30.pdf> <./plots/Granular_Grids/
KNORAE/g_mean/grid_KNORAE_g_mean_ds_31-40.pdf> <./plots/Granular_Grids/KNORAE/g
_mean/grid_KNORAE_g_mean_ds_41-50.pdf> <./plots/Granular_Grids/KNORAE/g_mean/gr
id_KNORAE_g_mean_ds_51-60.pdf> <./plots/Granular_Grids/KNORAE/g_mean/grid_KNORA
E_g_mean_ds_61-70.pdf> <./plots/Granular_Grids/KNORAE/g_mean/grid_KNORAE_g_mean
_ds_71-80.pdf> <./plots/Granular_Grids/KNORAE/g_mean/grid_KNORAE_g_mean_ds_81-9
0.pdf> <./plots/Granular_Grids/KNORAE/g_mean/grid_KNORAE_g_mean_ds_91-100.pdf>]
<plots/Granular_Grids/KNORAE/roc_auc/grid_KNORAE_roc_auc_ds_1-10.pdf, id=46035,
 1445.4pt x 867.24pt>
File: plots/Granular_Grids/KNORAE/roc_auc/grid_KNORAE_roc_auc_ds_1-10.pdf Graph
ic file (type pdf)
<use plots/Granular_Grids/KNORAE/roc_auc/grid_KNORAE_roc_auc_ds_1-10.pdf>
Package pdftex.def Info: plots/Granular_Grids/KNORAE/roc_auc/grid_KNORAE_roc_au
c_ds_1-10.pdf  used on input line 667.
(pdftex.def)             Requested size: 145.68144pt x 87.40396pt.
<plots/Granular_Grids/KNORAE/roc_auc/grid_KNORAE_roc_auc_ds_11-20.pdf, id=46036
, 1445.4pt x 867.24pt>
File: plots/Granular_Grids/KNORAE/roc_auc/grid_KNORAE_roc_auc_ds_11-20.pdf Grap
hic file (type pdf)
<use plots/Granular_Grids/KNORAE/roc_auc/grid_KNORAE_roc_auc_ds_11-20.pdf>
Package pdftex.def Info: plots/Granular_Grids/KNORAE/roc_auc/grid_KNORAE_roc_au
c_ds_11-20.pdf  used on input line 668.
(pdftex.def)             Requested size: 145.68144pt x 87.40396pt.
<plots/Granular_Grids/KNORAE/roc_auc/grid_KNORAE_roc_auc_ds_21-30.pdf, id=46037
, 1445.4pt x 867.24pt>
File: plots/Granular_Grids/KNORAE/roc_auc/grid_KNORAE_roc_auc_ds_21-30.pdf Grap
hic file (type pdf)
<use plots/Granular_Grids/KNORAE/roc_auc/grid_KNORAE_roc_auc_ds_21-30.pdf>
Package pdftex.def Info: plots/Granular_Grids/KNORAE/roc_auc/grid_KNORAE_roc_au
c_ds_21-30.pdf  used on input line 669.
(pdftex.def)             Requested size: 145.68144pt x 87.40396pt.
<plots/Granular_Grids/KNORAE/roc_auc/grid_KNORAE_roc_auc_ds_31-40.pdf, id=46038
, 1445.4pt x 867.24pt>
File: plots/Granular_Grids/KNORAE/roc_auc/grid_KNORAE_roc_auc_ds_31-40.pdf Grap
hic file (type pdf)
<use plots/Granular_Grids/KNORAE/roc_auc/grid_KNORAE_roc_auc_ds_31-40.pdf>
Package pdftex.def Info: plots/Granular_Grids/KNORAE/roc_auc/grid_KNORAE_roc_au
c_ds_31-40.pdf  used on input line 670.
(pdftex.def)             Requested size: 145.68144pt x 87.40396pt.
<plots/Granular_Grids/KNORAE/roc_auc/grid_KNORAE_roc_auc_ds_41-50.pdf, id=46039
, 1445.4pt x 867.24pt>
File: plots/Granular_Grids/KNORAE/roc_auc/grid_KNORAE_roc_auc_ds_41-50.pdf Grap
hic file (type pdf)
<use plots/Granular_Grids/KNORAE/roc_auc/grid_KNORAE_roc_auc_ds_41-50.pdf>
Package pdftex.def Info: plots/Granular_Grids/KNORAE/roc_auc/grid_KNORAE_roc_au
c_ds_41-50.pdf  used on input line 671.
(pdftex.def)             Requested size: 145.68144pt x 87.40396pt.
<plots/Granular_Grids/KNORAE/roc_auc/grid_KNORAE_roc_auc_ds_51-60.pdf, id=46040
, 1445.4pt x 867.24pt>
File: plots/Granular_Grids/KNORAE/roc_auc/grid_KNORAE_roc_auc_ds_51-60.pdf Grap
hic file (type pdf)
<use plots/Granular_Grids/KNORAE/roc_auc/grid_KNORAE_roc_auc_ds_51-60.pdf>
Package pdftex.def Info: plots/Granular_Grids/KNORAE/roc_auc/grid_KNORAE_roc_au
c_ds_51-60.pdf  used on input line 672.
(pdftex.def)             Requested size: 145.68144pt x 87.40396pt.
<plots/Granular_Grids/KNORAE/roc_auc/grid_KNORAE_roc_auc_ds_61-70.pdf, id=46041
, 1445.4pt x 867.24pt>
File: plots/Granular_Grids/KNORAE/roc_auc/grid_KNORAE_roc_auc_ds_61-70.pdf Grap
hic file (type pdf)
<use plots/Granular_Grids/KNORAE/roc_auc/grid_KNORAE_roc_auc_ds_61-70.pdf>
Package pdftex.def Info: plots/Granular_Grids/KNORAE/roc_auc/grid_KNORAE_roc_au
c_ds_61-70.pdf  used on input line 673.
(pdftex.def)             Requested size: 145.68144pt x 87.40396pt.
<plots/Granular_Grids/KNORAE/roc_auc/grid_KNORAE_roc_auc_ds_71-80.pdf, id=46042
, 1445.4pt x 867.24pt>
File: plots/Granular_Grids/KNORAE/roc_auc/grid_KNORAE_roc_auc_ds_71-80.pdf Grap
hic file (type pdf)
<use plots/Granular_Grids/KNORAE/roc_auc/grid_KNORAE_roc_auc_ds_71-80.pdf>
Package pdftex.def Info: plots/Granular_Grids/KNORAE/roc_auc/grid_KNORAE_roc_au
c_ds_71-80.pdf  used on input line 674.
(pdftex.def)             Requested size: 145.68144pt x 87.40396pt.
<plots/Granular_Grids/KNORAE/roc_auc/grid_KNORAE_roc_auc_ds_81-90.pdf, id=46043
, 1445.4pt x 867.24pt>
File: plots/Granular_Grids/KNORAE/roc_auc/grid_KNORAE_roc_auc_ds_81-90.pdf Grap
hic file (type pdf)
<use plots/Granular_Grids/KNORAE/roc_auc/grid_KNORAE_roc_auc_ds_81-90.pdf>
Package pdftex.def Info: plots/Granular_Grids/KNORAE/roc_auc/grid_KNORAE_roc_au
c_ds_81-90.pdf  used on input line 675.
(pdftex.def)             Requested size: 145.68144pt x 87.40396pt.
<plots/Granular_Grids/KNORAE/roc_auc/grid_KNORAE_roc_auc_ds_91-100.pdf, id=4604
4, 1445.4pt x 867.24pt>
File: plots/Granular_Grids/KNORAE/roc_auc/grid_KNORAE_roc_auc_ds_91-100.pdf Gra
phic file (type pdf)
<use plots/Granular_Grids/KNORAE/roc_auc/grid_KNORAE_roc_auc_ds_91-100.pdf>
Package pdftex.def Info: plots/Granular_Grids/KNORAE/roc_auc/grid_KNORAE_roc_au
c_ds_91-100.pdf  used on input line 676.
(pdftex.def)             Requested size: 145.68144pt x 87.40396pt.
 [49

 <./plots/Granular_Grids/KNORAE/roc_auc/grid_KNORAE_roc_auc_ds_1-10.pdf> <./plo
ts/Granular_Grids/KNORAE/roc_auc/grid_KNORAE_roc_auc_ds_11-20.pdf> <./plots/Gra
nular_Grids/KNORAE/roc_auc/grid_KNORAE_roc_auc_ds_21-30.pdf> <./plots/Granular_
Grids/KNORAE/roc_auc/grid_KNORAE_roc_auc_ds_31-40.pdf> <./plots/Granular_Grids/
KNORAE/roc_auc/grid_KNORAE_roc_auc_ds_41-50.pdf> <./plots/Granular_Grids/KNORAE
/roc_auc/grid_KNORAE_roc_auc_ds_51-60.pdf> <./plots/Granular_Grids/KNORAE/roc_a
uc/grid_KNORAE_roc_auc_ds_61-70.pdf> <./plots/Granular_Grids/KNORAE/roc_auc/gri
d_KNORAE_roc_auc_ds_71-80.pdf> <./plots/Granular_Grids/KNORAE/roc_auc/grid_KNOR
AE_roc_auc_ds_81-90.pdf> <./plots/Granular_Grids/KNORAE/roc_auc/grid_KNORAE_roc
_auc_ds_91-100.pdf>]
<plots/Granular_Grids/KNORAU/accuracy/grid_KNORAU_accuracy_ds_1-10.pdf, id=4733
0, 1445.4pt x 867.24pt>
File: plots/Granular_Grids/KNORAU/accuracy/grid_KNORAU_accuracy_ds_1-10.pdf Gra
phic file (type pdf)
<use plots/Granular_Grids/KNORAU/accuracy/grid_KNORAU_accuracy_ds_1-10.pdf>
Package pdftex.def Info: plots/Granular_Grids/KNORAU/accuracy/grid_KNORAU_accur
acy_ds_1-10.pdf  used on input line 684.
(pdftex.def)             Requested size: 145.68144pt x 87.40396pt.
<plots/Granular_Grids/KNORAU/accuracy/grid_KNORAU_accuracy_ds_11-20.pdf, id=473
31, 1445.4pt x 867.24pt>
File: plots/Granular_Grids/KNORAU/accuracy/grid_KNORAU_accuracy_ds_11-20.pdf Gr
aphic file (type pdf)
<use plots/Granular_Grids/KNORAU/accuracy/grid_KNORAU_accuracy_ds_11-20.pdf>
Package pdftex.def Info: plots/Granular_Grids/KNORAU/accuracy/grid_KNORAU_accur
acy_ds_11-20.pdf  used on input line 685.
(pdftex.def)             Requested size: 145.68144pt x 87.40396pt.
<plots/Granular_Grids/KNORAU/accuracy/grid_KNORAU_accuracy_ds_21-30.pdf, id=473
32, 1445.4pt x 867.24pt>
File: plots/Granular_Grids/KNORAU/accuracy/grid_KNORAU_accuracy_ds_21-30.pdf Gr
aphic file (type pdf)
<use plots/Granular_Grids/KNORAU/accuracy/grid_KNORAU_accuracy_ds_21-30.pdf>
Package pdftex.def Info: plots/Granular_Grids/KNORAU/accuracy/grid_KNORAU_accur
acy_ds_21-30.pdf  used on input line 686.
(pdftex.def)             Requested size: 145.68144pt x 87.40396pt.
<plots/Granular_Grids/KNORAU/accuracy/grid_KNORAU_accuracy_ds_31-40.pdf, id=473
33, 1445.4pt x 867.24pt>
File: plots/Granular_Grids/KNORAU/accuracy/grid_KNORAU_accuracy_ds_31-40.pdf Gr
aphic file (type pdf)
<use plots/Granular_Grids/KNORAU/accuracy/grid_KNORAU_accuracy_ds_31-40.pdf>
Package pdftex.def Info: plots/Granular_Grids/KNORAU/accuracy/grid_KNORAU_accur
acy_ds_31-40.pdf  used on input line 687.
(pdftex.def)             Requested size: 145.68144pt x 87.40396pt.
<plots/Granular_Grids/KNORAU/accuracy/grid_KNORAU_accuracy_ds_41-50.pdf, id=473
34, 1445.4pt x 867.24pt>
File: plots/Granular_Grids/KNORAU/accuracy/grid_KNORAU_accuracy_ds_41-50.pdf Gr
aphic file (type pdf)
<use plots/Granular_Grids/KNORAU/accuracy/grid_KNORAU_accuracy_ds_41-50.pdf>
Package pdftex.def Info: plots/Granular_Grids/KNORAU/accuracy/grid_KNORAU_accur
acy_ds_41-50.pdf  used on input line 688.
(pdftex.def)             Requested size: 145.68144pt x 87.40396pt.
<plots/Granular_Grids/KNORAU/accuracy/grid_KNORAU_accuracy_ds_51-60.pdf, id=473
35, 1445.4pt x 867.24pt>
File: plots/Granular_Grids/KNORAU/accuracy/grid_KNORAU_accuracy_ds_51-60.pdf Gr
aphic file (type pdf)
<use plots/Granular_Grids/KNORAU/accuracy/grid_KNORAU_accuracy_ds_51-60.pdf>
Package pdftex.def Info: plots/Granular_Grids/KNORAU/accuracy/grid_KNORAU_accur
acy_ds_51-60.pdf  used on input line 689.
(pdftex.def)             Requested size: 145.68144pt x 87.40396pt.
<plots/Granular_Grids/KNORAU/accuracy/grid_KNORAU_accuracy_ds_61-70.pdf, id=473
36, 1445.4pt x 867.24pt>
File: plots/Granular_Grids/KNORAU/accuracy/grid_KNORAU_accuracy_ds_61-70.pdf Gr
aphic file (type pdf)
<use plots/Granular_Grids/KNORAU/accuracy/grid_KNORAU_accuracy_ds_61-70.pdf>
Package pdftex.def Info: plots/Granular_Grids/KNORAU/accuracy/grid_KNORAU_accur
acy_ds_61-70.pdf  used on input line 690.
(pdftex.def)             Requested size: 145.68144pt x 87.40396pt.
<plots/Granular_Grids/KNORAU/accuracy/grid_KNORAU_accuracy_ds_71-80.pdf, id=473
37, 1445.4pt x 867.24pt>
File: plots/Granular_Grids/KNORAU/accuracy/grid_KNORAU_accuracy_ds_71-80.pdf Gr
aphic file (type pdf)
<use plots/Granular_Grids/KNORAU/accuracy/grid_KNORAU_accuracy_ds_71-80.pdf>
Package pdftex.def Info: plots/Granular_Grids/KNORAU/accuracy/grid_KNORAU_accur
acy_ds_71-80.pdf  used on input line 691.
(pdftex.def)             Requested size: 145.68144pt x 87.40396pt.
<plots/Granular_Grids/KNORAU/accuracy/grid_KNORAU_accuracy_ds_81-90.pdf, id=473
38, 1445.4pt x 867.24pt>
File: plots/Granular_Grids/KNORAU/accuracy/grid_KNORAU_accuracy_ds_81-90.pdf Gr
aphic file (type pdf)
<use plots/Granular_Grids/KNORAU/accuracy/grid_KNORAU_accuracy_ds_81-90.pdf>
Package pdftex.def Info: plots/Granular_Grids/KNORAU/accuracy/grid_KNORAU_accur
acy_ds_81-90.pdf  used on input line 692.
(pdftex.def)             Requested size: 145.68144pt x 87.40396pt.
<plots/Granular_Grids/KNORAU/accuracy/grid_KNORAU_accuracy_ds_91-100.pdf, id=47
339, 1445.4pt x 867.24pt>
File: plots/Granular_Grids/KNORAU/accuracy/grid_KNORAU_accuracy_ds_91-100.pdf G
raphic file (type pdf)
<use plots/Granular_Grids/KNORAU/accuracy/grid_KNORAU_accuracy_ds_91-100.pdf>
Package pdftex.def Info: plots/Granular_Grids/KNORAU/accuracy/grid_KNORAU_accur
acy_ds_91-100.pdf  used on input line 693.
(pdftex.def)             Requested size: 145.68144pt x 87.40396pt.
 [50

 <./plots/Granular_Grids/KNORAU/accuracy/grid_KNORAU_accuracy_ds_1-10.pdf> <./p
lots/Granular_Grids/KNORAU/accuracy/grid_KNORAU_accuracy_ds_11-20.pdf> <./plots
/Granular_Grids/KNORAU/accuracy/grid_KNORAU_accuracy_ds_21-30.pdf> <./plots/Gra
nular_Grids/KNORAU/accuracy/grid_KNORAU_accuracy_ds_31-40.pdf> <./plots/Granula
r_Grids/KNORAU/accuracy/grid_KNORAU_accuracy_ds_41-50.pdf> <./plots/Granular_Gr
ids/KNORAU/accuracy/grid_KNORAU_accuracy_ds_51-60.pdf> <./plots/Granular_Grids/
KNORAU/accuracy/grid_KNORAU_accuracy_ds_61-70.pdf> <./plots/Granular_Grids/KNOR
AU/accuracy/grid_KNORAU_accuracy_ds_71-80.pdf> <./plots/Granular_Grids/KNORAU/a
ccuracy/grid_KNORAU_accuracy_ds_81-90.pdf> <./plots/Granular_Grids/KNORAU/accur
acy/grid_KNORAU_accuracy_ds_91-100.pdf>]
<plots/Granular_Grids/KNORAU/f1_score/grid_KNORAU_f1_score_ds_1-10.pdf, id=4861
5, 1445.4pt x 867.24pt>
File: plots/Granular_Grids/KNORAU/f1_score/grid_KNORAU_f1_score_ds_1-10.pdf Gra
phic file (type pdf)
<use plots/Granular_Grids/KNORAU/f1_score/grid_KNORAU_f1_score_ds_1-10.pdf>
Package pdftex.def Info: plots/Granular_Grids/KNORAU/f1_score/grid_KNORAU_f1_sc
ore_ds_1-10.pdf  used on input line 701.
(pdftex.def)             Requested size: 145.68144pt x 87.40396pt.
<plots/Granular_Grids/KNORAU/f1_score/grid_KNORAU_f1_score_ds_11-20.pdf, id=486
16, 1445.4pt x 867.24pt>
File: plots/Granular_Grids/KNORAU/f1_score/grid_KNORAU_f1_score_ds_11-20.pdf Gr
aphic file (type pdf)
<use plots/Granular_Grids/KNORAU/f1_score/grid_KNORAU_f1_score_ds_11-20.pdf>
Package pdftex.def Info: plots/Granular_Grids/KNORAU/f1_score/grid_KNORAU_f1_sc
ore_ds_11-20.pdf  used on input line 702.
(pdftex.def)             Requested size: 145.68144pt x 87.40396pt.
<plots/Granular_Grids/KNORAU/f1_score/grid_KNORAU_f1_score_ds_21-30.pdf, id=486
17, 1445.4pt x 867.24pt>
File: plots/Granular_Grids/KNORAU/f1_score/grid_KNORAU_f1_score_ds_21-30.pdf Gr
aphic file (type pdf)
<use plots/Granular_Grids/KNORAU/f1_score/grid_KNORAU_f1_score_ds_21-30.pdf>
Package pdftex.def Info: plots/Granular_Grids/KNORAU/f1_score/grid_KNORAU_f1_sc
ore_ds_21-30.pdf  used on input line 703.
(pdftex.def)             Requested size: 145.68144pt x 87.40396pt.
<plots/Granular_Grids/KNORAU/f1_score/grid_KNORAU_f1_score_ds_31-40.pdf, id=486
18, 1445.4pt x 867.24pt>
File: plots/Granular_Grids/KNORAU/f1_score/grid_KNORAU_f1_score_ds_31-40.pdf Gr
aphic file (type pdf)
<use plots/Granular_Grids/KNORAU/f1_score/grid_KNORAU_f1_score_ds_31-40.pdf>
Package pdftex.def Info: plots/Granular_Grids/KNORAU/f1_score/grid_KNORAU_f1_sc
ore_ds_31-40.pdf  used on input line 704.
(pdftex.def)             Requested size: 145.68144pt x 87.40396pt.
<plots/Granular_Grids/KNORAU/f1_score/grid_KNORAU_f1_score_ds_41-50.pdf, id=486
19, 1445.4pt x 867.24pt>
File: plots/Granular_Grids/KNORAU/f1_score/grid_KNORAU_f1_score_ds_41-50.pdf Gr
aphic file (type pdf)
<use plots/Granular_Grids/KNORAU/f1_score/grid_KNORAU_f1_score_ds_41-50.pdf>
Package pdftex.def Info: plots/Granular_Grids/KNORAU/f1_score/grid_KNORAU_f1_sc
ore_ds_41-50.pdf  used on input line 705.
(pdftex.def)             Requested size: 145.68144pt x 87.40396pt.
<plots/Granular_Grids/KNORAU/f1_score/grid_KNORAU_f1_score_ds_51-60.pdf, id=486
20, 1445.4pt x 867.24pt>
File: plots/Granular_Grids/KNORAU/f1_score/grid_KNORAU_f1_score_ds_51-60.pdf Gr
aphic file (type pdf)
<use plots/Granular_Grids/KNORAU/f1_score/grid_KNORAU_f1_score_ds_51-60.pdf>
Package pdftex.def Info: plots/Granular_Grids/KNORAU/f1_score/grid_KNORAU_f1_sc
ore_ds_51-60.pdf  used on input line 706.
(pdftex.def)             Requested size: 145.68144pt x 87.40396pt.
<plots/Granular_Grids/KNORAU/f1_score/grid_KNORAU_f1_score_ds_61-70.pdf, id=486
21, 1445.4pt x 867.24pt>
File: plots/Granular_Grids/KNORAU/f1_score/grid_KNORAU_f1_score_ds_61-70.pdf Gr
aphic file (type pdf)
<use plots/Granular_Grids/KNORAU/f1_score/grid_KNORAU_f1_score_ds_61-70.pdf>
Package pdftex.def Info: plots/Granular_Grids/KNORAU/f1_score/grid_KNORAU_f1_sc
ore_ds_61-70.pdf  used on input line 707.
(pdftex.def)             Requested size: 145.68144pt x 87.40396pt.
<plots/Granular_Grids/KNORAU/f1_score/grid_KNORAU_f1_score_ds_71-80.pdf, id=486
22, 1445.4pt x 867.24pt>
File: plots/Granular_Grids/KNORAU/f1_score/grid_KNORAU_f1_score_ds_71-80.pdf Gr
aphic file (type pdf)
<use plots/Granular_Grids/KNORAU/f1_score/grid_KNORAU_f1_score_ds_71-80.pdf>
Package pdftex.def Info: plots/Granular_Grids/KNORAU/f1_score/grid_KNORAU_f1_sc
ore_ds_71-80.pdf  used on input line 708.
(pdftex.def)             Requested size: 145.68144pt x 87.40396pt.
<plots/Granular_Grids/KNORAU/f1_score/grid_KNORAU_f1_score_ds_81-90.pdf, id=486
23, 1445.4pt x 867.24pt>
File: plots/Granular_Grids/KNORAU/f1_score/grid_KNORAU_f1_score_ds_81-90.pdf Gr
aphic file (type pdf)
<use plots/Granular_Grids/KNORAU/f1_score/grid_KNORAU_f1_score_ds_81-90.pdf>
Package pdftex.def Info: plots/Granular_Grids/KNORAU/f1_score/grid_KNORAU_f1_sc
ore_ds_81-90.pdf  used on input line 709.
(pdftex.def)             Requested size: 145.68144pt x 87.40396pt.
<plots/Granular_Grids/KNORAU/f1_score/grid_KNORAU_f1_score_ds_91-100.pdf, id=48
624, 1445.4pt x 867.24pt>
File: plots/Granular_Grids/KNORAU/f1_score/grid_KNORAU_f1_score_ds_91-100.pdf G
raphic file (type pdf)
<use plots/Granular_Grids/KNORAU/f1_score/grid_KNORAU_f1_score_ds_91-100.pdf>
Package pdftex.def Info: plots/Granular_Grids/KNORAU/f1_score/grid_KNORAU_f1_sc
ore_ds_91-100.pdf  used on input line 710.
(pdftex.def)             Requested size: 145.68144pt x 87.40396pt.

[51

 <./plots/Granular_Grids/KNORAU/f1_score/grid_KNORAU_f1_score_ds_1-10.pdf> <./p
lots/Granular_Grids/KNORAU/f1_score/grid_KNORAU_f1_score_ds_11-20.pdf> <./plots
/Granular_Grids/KNORAU/f1_score/grid_KNORAU_f1_score_ds_21-30.pdf> <./plots/Gra
nular_Grids/KNORAU/f1_score/grid_KNORAU_f1_score_ds_31-40.pdf> <./plots/Granula
r_Grids/KNORAU/f1_score/grid_KNORAU_f1_score_ds_41-50.pdf> <./plots/Granular_Gr
ids/KNORAU/f1_score/grid_KNORAU_f1_score_ds_51-60.pdf> <./plots/Granular_Grids/
KNORAU/f1_score/grid_KNORAU_f1_score_ds_61-70.pdf> <./plots/Granular_Grids/KNOR
AU/f1_score/grid_KNORAU_f1_score_ds_71-80.pdf> <./plots/Granular_Grids/KNORAU/f
1_score/grid_KNORAU_f1_score_ds_81-90.pdf> <./plots/Granular_Grids/KNORAU/f1_sc
ore/grid_KNORAU_f1_score_ds_91-100.pdf>]
<plots/Granular_Grids/KNORAU/g_mean/grid_KNORAU_g_mean_ds_1-10.pdf, id=49920, 1
445.4pt x 867.24pt>
File: plots/Granular_Grids/KNORAU/g_mean/grid_KNORAU_g_mean_ds_1-10.pdf Graphic
 file (type pdf)
<use plots/Granular_Grids/KNORAU/g_mean/grid_KNORAU_g_mean_ds_1-10.pdf>
Package pdftex.def Info: plots/Granular_Grids/KNORAU/g_mean/grid_KNORAU_g_mean_
ds_1-10.pdf  used on input line 718.
(pdftex.def)             Requested size: 145.68144pt x 87.40396pt.
<plots/Granular_Grids/KNORAU/g_mean/grid_KNORAU_g_mean_ds_11-20.pdf, id=49921, 
1445.4pt x 867.24pt>
File: plots/Granular_Grids/KNORAU/g_mean/grid_KNORAU_g_mean_ds_11-20.pdf Graphi
c file (type pdf)
<use plots/Granular_Grids/KNORAU/g_mean/grid_KNORAU_g_mean_ds_11-20.pdf>
Package pdftex.def Info: plots/Granular_Grids/KNORAU/g_mean/grid_KNORAU_g_mean_
ds_11-20.pdf  used on input line 719.
(pdftex.def)             Requested size: 145.68144pt x 87.40396pt.
<plots/Granular_Grids/KNORAU/g_mean/grid_KNORAU_g_mean_ds_21-30.pdf, id=49922, 
1445.4pt x 867.24pt>
File: plots/Granular_Grids/KNORAU/g_mean/grid_KNORAU_g_mean_ds_21-30.pdf Graphi
c file (type pdf)
<use plots/Granular_Grids/KNORAU/g_mean/grid_KNORAU_g_mean_ds_21-30.pdf>
Package pdftex.def Info: plots/Granular_Grids/KNORAU/g_mean/grid_KNORAU_g_mean_
ds_21-30.pdf  used on input line 720.
(pdftex.def)             Requested size: 145.68144pt x 87.40396pt.
<plots/Granular_Grids/KNORAU/g_mean/grid_KNORAU_g_mean_ds_31-40.pdf, id=49923, 
1445.4pt x 867.24pt>
File: plots/Granular_Grids/KNORAU/g_mean/grid_KNORAU_g_mean_ds_31-40.pdf Graphi
c file (type pdf)
<use plots/Granular_Grids/KNORAU/g_mean/grid_KNORAU_g_mean_ds_31-40.pdf>
Package pdftex.def Info: plots/Granular_Grids/KNORAU/g_mean/grid_KNORAU_g_mean_
ds_31-40.pdf  used on input line 721.
(pdftex.def)             Requested size: 145.68144pt x 87.40396pt.
<plots/Granular_Grids/KNORAU/g_mean/grid_KNORAU_g_mean_ds_41-50.pdf, id=49924, 
1445.4pt x 867.24pt>
File: plots/Granular_Grids/KNORAU/g_mean/grid_KNORAU_g_mean_ds_41-50.pdf Graphi
c file (type pdf)
<use plots/Granular_Grids/KNORAU/g_mean/grid_KNORAU_g_mean_ds_41-50.pdf>
Package pdftex.def Info: plots/Granular_Grids/KNORAU/g_mean/grid_KNORAU_g_mean_
ds_41-50.pdf  used on input line 722.
(pdftex.def)             Requested size: 145.68144pt x 87.40396pt.
<plots/Granular_Grids/KNORAU/g_mean/grid_KNORAU_g_mean_ds_51-60.pdf, id=49925, 
1445.4pt x 867.24pt>
File: plots/Granular_Grids/KNORAU/g_mean/grid_KNORAU_g_mean_ds_51-60.pdf Graphi
c file (type pdf)
<use plots/Granular_Grids/KNORAU/g_mean/grid_KNORAU_g_mean_ds_51-60.pdf>
Package pdftex.def Info: plots/Granular_Grids/KNORAU/g_mean/grid_KNORAU_g_mean_
ds_51-60.pdf  used on input line 723.
(pdftex.def)             Requested size: 145.68144pt x 87.40396pt.
<plots/Granular_Grids/KNORAU/g_mean/grid_KNORAU_g_mean_ds_61-70.pdf, id=49926, 
1445.4pt x 867.24pt>
File: plots/Granular_Grids/KNORAU/g_mean/grid_KNORAU_g_mean_ds_61-70.pdf Graphi
c file (type pdf)
<use plots/Granular_Grids/KNORAU/g_mean/grid_KNORAU_g_mean_ds_61-70.pdf>
Package pdftex.def Info: plots/Granular_Grids/KNORAU/g_mean/grid_KNORAU_g_mean_
ds_61-70.pdf  used on input line 724.
(pdftex.def)             Requested size: 145.68144pt x 87.40396pt.
<plots/Granular_Grids/KNORAU/g_mean/grid_KNORAU_g_mean_ds_71-80.pdf, id=49927, 
1445.4pt x 867.24pt>
File: plots/Granular_Grids/KNORAU/g_mean/grid_KNORAU_g_mean_ds_71-80.pdf Graphi
c file (type pdf)
<use plots/Granular_Grids/KNORAU/g_mean/grid_KNORAU_g_mean_ds_71-80.pdf>
Package pdftex.def Info: plots/Granular_Grids/KNORAU/g_mean/grid_KNORAU_g_mean_
ds_71-80.pdf  used on input line 725.
(pdftex.def)             Requested size: 145.68144pt x 87.40396pt.
<plots/Granular_Grids/KNORAU/g_mean/grid_KNORAU_g_mean_ds_81-90.pdf, id=49928, 
1445.4pt x 867.24pt>
File: plots/Granular_Grids/KNORAU/g_mean/grid_KNORAU_g_mean_ds_81-90.pdf Graphi
c file (type pdf)
<use plots/Granular_Grids/KNORAU/g_mean/grid_KNORAU_g_mean_ds_81-90.pdf>
Package pdftex.def Info: plots/Granular_Grids/KNORAU/g_mean/grid_KNORAU_g_mean_
ds_81-90.pdf  used on input line 726.
(pdftex.def)             Requested size: 145.68144pt x 87.40396pt.
<plots/Granular_Grids/KNORAU/g_mean/grid_KNORAU_g_mean_ds_91-100.pdf, id=49929,
 1445.4pt x 867.24pt>
File: plots/Granular_Grids/KNORAU/g_mean/grid_KNORAU_g_mean_ds_91-100.pdf Graph
ic file (type pdf)
<use plots/Granular_Grids/KNORAU/g_mean/grid_KNORAU_g_mean_ds_91-100.pdf>
Package pdftex.def Info: plots/Granular_Grids/KNORAU/g_mean/grid_KNORAU_g_mean_
ds_91-100.pdf  used on input line 727.
(pdftex.def)             Requested size: 145.68144pt x 87.40396pt.
 [52

 <./plots/Granular_Grids/KNORAU/g_mean/grid_KNORAU_g_mean_ds_1-10.pdf> <./plots
/Granular_Grids/KNORAU/g_mean/grid_KNORAU_g_mean_ds_11-20.pdf> <./plots/Granula
r_Grids/KNORAU/g_mean/grid_KNORAU_g_mean_ds_21-30.pdf> <./plots/Granular_Grids/
KNORAU/g_mean/grid_KNORAU_g_mean_ds_31-40.pdf> <./plots/Granular_Grids/KNORAU/g
_mean/grid_KNORAU_g_mean_ds_41-50.pdf> <./plots/Granular_Grids/KNORAU/g_mean/gr
id_KNORAU_g_mean_ds_51-60.pdf> <./plots/Granular_Grids/KNORAU/g_mean/grid_KNORA
U_g_mean_ds_61-70.pdf> <./plots/Granular_Grids/KNORAU/g_mean/grid_KNORAU_g_mean
_ds_71-80.pdf> <./plots/Granular_Grids/KNORAU/g_mean/grid_KNORAU_g_mean_ds_81-9
0.pdf> <./plots/Granular_Grids/KNORAU/g_mean/grid_KNORAU_g_mean_ds_91-100.pdf>]
<plots/Granular_Grids/KNORAU/roc_auc/grid_KNORAU_roc_auc_ds_1-10.pdf, id=51215,
 1445.4pt x 867.24pt>
File: plots/Granular_Grids/KNORAU/roc_auc/grid_KNORAU_roc_auc_ds_1-10.pdf Graph
ic file (type pdf)
<use plots/Granular_Grids/KNORAU/roc_auc/grid_KNORAU_roc_auc_ds_1-10.pdf>
Package pdftex.def Info: plots/Granular_Grids/KNORAU/roc_auc/grid_KNORAU_roc_au
c_ds_1-10.pdf  used on input line 735.
(pdftex.def)             Requested size: 145.68144pt x 87.40396pt.
<plots/Granular_Grids/KNORAU/roc_auc/grid_KNORAU_roc_auc_ds_11-20.pdf, id=51216
, 1445.4pt x 867.24pt>
File: plots/Granular_Grids/KNORAU/roc_auc/grid_KNORAU_roc_auc_ds_11-20.pdf Grap
hic file (type pdf)
<use plots/Granular_Grids/KNORAU/roc_auc/grid_KNORAU_roc_auc_ds_11-20.pdf>
Package pdftex.def Info: plots/Granular_Grids/KNORAU/roc_auc/grid_KNORAU_roc_au
c_ds_11-20.pdf  used on input line 736.
(pdftex.def)             Requested size: 145.68144pt x 87.40396pt.
<plots/Granular_Grids/KNORAU/roc_auc/grid_KNORAU_roc_auc_ds_21-30.pdf, id=51217
, 1445.4pt x 867.24pt>
File: plots/Granular_Grids/KNORAU/roc_auc/grid_KNORAU_roc_auc_ds_21-30.pdf Grap
hic file (type pdf)
<use plots/Granular_Grids/KNORAU/roc_auc/grid_KNORAU_roc_auc_ds_21-30.pdf>
Package pdftex.def Info: plots/Granular_Grids/KNORAU/roc_auc/grid_KNORAU_roc_au
c_ds_21-30.pdf  used on input line 737.
(pdftex.def)             Requested size: 145.68144pt x 87.40396pt.
<plots/Granular_Grids/KNORAU/roc_auc/grid_KNORAU_roc_auc_ds_31-40.pdf, id=51218
, 1445.4pt x 867.24pt>
File: plots/Granular_Grids/KNORAU/roc_auc/grid_KNORAU_roc_auc_ds_31-40.pdf Grap
hic file (type pdf)
<use plots/Granular_Grids/KNORAU/roc_auc/grid_KNORAU_roc_auc_ds_31-40.pdf>
Package pdftex.def Info: plots/Granular_Grids/KNORAU/roc_auc/grid_KNORAU_roc_au
c_ds_31-40.pdf  used on input line 738.
(pdftex.def)             Requested size: 145.68144pt x 87.40396pt.
<plots/Granular_Grids/KNORAU/roc_auc/grid_KNORAU_roc_auc_ds_41-50.pdf, id=51219
, 1445.4pt x 867.24pt>
File: plots/Granular_Grids/KNORAU/roc_auc/grid_KNORAU_roc_auc_ds_41-50.pdf Grap
hic file (type pdf)
<use plots/Granular_Grids/KNORAU/roc_auc/grid_KNORAU_roc_auc_ds_41-50.pdf>
Package pdftex.def Info: plots/Granular_Grids/KNORAU/roc_auc/grid_KNORAU_roc_au
c_ds_41-50.pdf  used on input line 739.
(pdftex.def)             Requested size: 145.68144pt x 87.40396pt.
<plots/Granular_Grids/KNORAU/roc_auc/grid_KNORAU_roc_auc_ds_51-60.pdf, id=51220
, 1445.4pt x 867.24pt>
File: plots/Granular_Grids/KNORAU/roc_auc/grid_KNORAU_roc_auc_ds_51-60.pdf Grap
hic file (type pdf)
<use plots/Granular_Grids/KNORAU/roc_auc/grid_KNORAU_roc_auc_ds_51-60.pdf>
Package pdftex.def Info: plots/Granular_Grids/KNORAU/roc_auc/grid_KNORAU_roc_au
c_ds_51-60.pdf  used on input line 740.
(pdftex.def)             Requested size: 145.68144pt x 87.40396pt.
<plots/Granular_Grids/KNORAU/roc_auc/grid_KNORAU_roc_auc_ds_61-70.pdf, id=51221
, 1445.4pt x 867.24pt>
File: plots/Granular_Grids/KNORAU/roc_auc/grid_KNORAU_roc_auc_ds_61-70.pdf Grap
hic file (type pdf)
<use plots/Granular_Grids/KNORAU/roc_auc/grid_KNORAU_roc_auc_ds_61-70.pdf>
Package pdftex.def Info: plots/Granular_Grids/KNORAU/roc_auc/grid_KNORAU_roc_au
c_ds_61-70.pdf  used on input line 741.
(pdftex.def)             Requested size: 145.68144pt x 87.40396pt.
<plots/Granular_Grids/KNORAU/roc_auc/grid_KNORAU_roc_auc_ds_71-80.pdf, id=51222
, 1445.4pt x 867.24pt>
File: plots/Granular_Grids/KNORAU/roc_auc/grid_KNORAU_roc_auc_ds_71-80.pdf Grap
hic file (type pdf)
<use plots/Granular_Grids/KNORAU/roc_auc/grid_KNORAU_roc_auc_ds_71-80.pdf>
Package pdftex.def Info: plots/Granular_Grids/KNORAU/roc_auc/grid_KNORAU_roc_au
c_ds_71-80.pdf  used on input line 742.
(pdftex.def)             Requested size: 145.68144pt x 87.40396pt.
<plots/Granular_Grids/KNORAU/roc_auc/grid_KNORAU_roc_auc_ds_81-90.pdf, id=51223
, 1445.4pt x 867.24pt>
File: plots/Granular_Grids/KNORAU/roc_auc/grid_KNORAU_roc_auc_ds_81-90.pdf Grap
hic file (type pdf)
<use plots/Granular_Grids/KNORAU/roc_auc/grid_KNORAU_roc_auc_ds_81-90.pdf>
Package pdftex.def Info: plots/Granular_Grids/KNORAU/roc_auc/grid_KNORAU_roc_au
c_ds_81-90.pdf  used on input line 743.
(pdftex.def)             Requested size: 145.68144pt x 87.40396pt.
<plots/Granular_Grids/KNORAU/roc_auc/grid_KNORAU_roc_auc_ds_91-100.pdf, id=5122
4, 1445.4pt x 867.24pt>
File: plots/Granular_Grids/KNORAU/roc_auc/grid_KNORAU_roc_auc_ds_91-100.pdf Gra
phic file (type pdf)
<use plots/Granular_Grids/KNORAU/roc_auc/grid_KNORAU_roc_auc_ds_91-100.pdf>
Package pdftex.def Info: plots/Granular_Grids/KNORAU/roc_auc/grid_KNORAU_roc_au
c_ds_91-100.pdf  used on input line 744.
(pdftex.def)             Requested size: 145.68144pt x 87.40396pt.
 [53

 <./plots/Granular_Grids/KNORAU/roc_auc/grid_KNORAU_roc_auc_ds_1-10.pdf> <./plo
ts/Granular_Grids/KNORAU/roc_auc/grid_KNORAU_roc_auc_ds_11-20.pdf> <./plots/Gra
nular_Grids/KNORAU/roc_auc/grid_KNORAU_roc_auc_ds_21-30.pdf> <./plots/Granular_
Grids/KNORAU/roc_auc/grid_KNORAU_roc_auc_ds_31-40.pdf> <./plots/Granular_Grids/
KNORAU/roc_auc/grid_KNORAU_roc_auc_ds_41-50.pdf> <./plots/Granular_Grids/KNORAU
/roc_auc/grid_KNORAU_roc_auc_ds_51-60.pdf> <./plots/Granular_Grids/KNORAU/roc_a
uc/grid_KNORAU_roc_auc_ds_61-70.pdf> <./plots/Granular_Grids/KNORAU/roc_auc/gri
d_KNORAU_roc_auc_ds_71-80.pdf> <./plots/Granular_Grids/KNORAU/roc_auc/grid_KNOR
AU_roc_auc_ds_81-90.pdf> <./plots/Granular_Grids/KNORAU/roc_auc/grid_KNORAU_roc
_auc_ds_91-100.pdf>]
<plots/Granular_Grids/LCA/accuracy/grid_LCA_accuracy_ds_1-10.pdf, id=52501, 144
5.4pt x 867.24pt>
File: plots/Granular_Grids/LCA/accuracy/grid_LCA_accuracy_ds_1-10.pdf Graphic f
ile (type pdf)
<use plots/Granular_Grids/LCA/accuracy/grid_LCA_accuracy_ds_1-10.pdf>
Package pdftex.def Info: plots/Granular_Grids/LCA/accuracy/grid_LCA_accuracy_ds
_1-10.pdf  used on input line 752.
(pdftex.def)             Requested size: 145.68144pt x 87.40396pt.
<plots/Granular_Grids/LCA/accuracy/grid_LCA_accuracy_ds_11-20.pdf, id=52502, 14
45.4pt x 867.24pt>
File: plots/Granular_Grids/LCA/accuracy/grid_LCA_accuracy_ds_11-20.pdf Graphic 
file (type pdf)
<use plots/Granular_Grids/LCA/accuracy/grid_LCA_accuracy_ds_11-20.pdf>
Package pdftex.def Info: plots/Granular_Grids/LCA/accuracy/grid_LCA_accuracy_ds
_11-20.pdf  used on input line 753.
(pdftex.def)             Requested size: 145.68144pt x 87.40396pt.
<plots/Granular_Grids/LCA/accuracy/grid_LCA_accuracy_ds_21-30.pdf, id=52503, 14
45.4pt x 867.24pt>
File: plots/Granular_Grids/LCA/accuracy/grid_LCA_accuracy_ds_21-30.pdf Graphic 
file (type pdf)
<use plots/Granular_Grids/LCA/accuracy/grid_LCA_accuracy_ds_21-30.pdf>
Package pdftex.def Info: plots/Granular_Grids/LCA/accuracy/grid_LCA_accuracy_ds
_21-30.pdf  used on input line 754.
(pdftex.def)             Requested size: 145.68144pt x 87.40396pt.
<plots/Granular_Grids/LCA/accuracy/grid_LCA_accuracy_ds_31-40.pdf, id=52504, 14
45.4pt x 867.24pt>
File: plots/Granular_Grids/LCA/accuracy/grid_LCA_accuracy_ds_31-40.pdf Graphic 
file (type pdf)
<use plots/Granular_Grids/LCA/accuracy/grid_LCA_accuracy_ds_31-40.pdf>
Package pdftex.def Info: plots/Granular_Grids/LCA/accuracy/grid_LCA_accuracy_ds
_31-40.pdf  used on input line 755.
(pdftex.def)             Requested size: 145.68144pt x 87.40396pt.
<plots/Granular_Grids/LCA/accuracy/grid_LCA_accuracy_ds_41-50.pdf, id=52505, 14
45.4pt x 867.24pt>
File: plots/Granular_Grids/LCA/accuracy/grid_LCA_accuracy_ds_41-50.pdf Graphic 
file (type pdf)
<use plots/Granular_Grids/LCA/accuracy/grid_LCA_accuracy_ds_41-50.pdf>
Package pdftex.def Info: plots/Granular_Grids/LCA/accuracy/grid_LCA_accuracy_ds
_41-50.pdf  used on input line 756.
(pdftex.def)             Requested size: 145.68144pt x 87.40396pt.
<plots/Granular_Grids/LCA/accuracy/grid_LCA_accuracy_ds_51-60.pdf, id=52506, 14
45.4pt x 867.24pt>
File: plots/Granular_Grids/LCA/accuracy/grid_LCA_accuracy_ds_51-60.pdf Graphic 
file (type pdf)
<use plots/Granular_Grids/LCA/accuracy/grid_LCA_accuracy_ds_51-60.pdf>
Package pdftex.def Info: plots/Granular_Grids/LCA/accuracy/grid_LCA_accuracy_ds
_51-60.pdf  used on input line 757.
(pdftex.def)             Requested size: 145.68144pt x 87.40396pt.
<plots/Granular_Grids/LCA/accuracy/grid_LCA_accuracy_ds_61-70.pdf, id=52507, 14
45.4pt x 867.24pt>
File: plots/Granular_Grids/LCA/accuracy/grid_LCA_accuracy_ds_61-70.pdf Graphic 
file (type pdf)
<use plots/Granular_Grids/LCA/accuracy/grid_LCA_accuracy_ds_61-70.pdf>
Package pdftex.def Info: plots/Granular_Grids/LCA/accuracy/grid_LCA_accuracy_ds
_61-70.pdf  used on input line 758.
(pdftex.def)             Requested size: 145.68144pt x 87.40396pt.
<plots/Granular_Grids/LCA/accuracy/grid_LCA_accuracy_ds_71-80.pdf, id=52508, 14
45.4pt x 867.24pt>
File: plots/Granular_Grids/LCA/accuracy/grid_LCA_accuracy_ds_71-80.pdf Graphic 
file (type pdf)
<use plots/Granular_Grids/LCA/accuracy/grid_LCA_accuracy_ds_71-80.pdf>
Package pdftex.def Info: plots/Granular_Grids/LCA/accuracy/grid_LCA_accuracy_ds
_71-80.pdf  used on input line 759.
(pdftex.def)             Requested size: 145.68144pt x 87.40396pt.
<plots/Granular_Grids/LCA/accuracy/grid_LCA_accuracy_ds_81-90.pdf, id=52509, 14
45.4pt x 867.24pt>
File: plots/Granular_Grids/LCA/accuracy/grid_LCA_accuracy_ds_81-90.pdf Graphic 
file (type pdf)
<use plots/Granular_Grids/LCA/accuracy/grid_LCA_accuracy_ds_81-90.pdf>
Package pdftex.def Info: plots/Granular_Grids/LCA/accuracy/grid_LCA_accuracy_ds
_81-90.pdf  used on input line 760.
(pdftex.def)             Requested size: 145.68144pt x 87.40396pt.
<plots/Granular_Grids/LCA/accuracy/grid_LCA_accuracy_ds_91-100.pdf, id=52510, 1
445.4pt x 867.24pt>
File: plots/Granular_Grids/LCA/accuracy/grid_LCA_accuracy_ds_91-100.pdf Graphic
 file (type pdf)
<use plots/Granular_Grids/LCA/accuracy/grid_LCA_accuracy_ds_91-100.pdf>
Package pdftex.def Info: plots/Granular_Grids/LCA/accuracy/grid_LCA_accuracy_ds
_91-100.pdf  used on input line 761.
(pdftex.def)             Requested size: 145.68144pt x 87.40396pt.

[54

 <./plots/Granular_Grids/LCA/accuracy/grid_LCA_accuracy_ds_1-10.pdf> <./plots/G
ranular_Grids/LCA/accuracy/grid_LCA_accuracy_ds_11-20.pdf> <./plots/Granular_Gr
ids/LCA/accuracy/grid_LCA_accuracy_ds_21-30.pdf> <./plots/Granular_Grids/LCA/ac
curacy/grid_LCA_accuracy_ds_31-40.pdf> <./plots/Granular_Grids/LCA/accuracy/gri
d_LCA_accuracy_ds_41-50.pdf> <./plots/Granular_Grids/LCA/accuracy/grid_LCA_accu
racy_ds_51-60.pdf> <./plots/Granular_Grids/LCA/accuracy/grid_LCA_accuracy_ds_61
-70.pdf> <./plots/Granular_Grids/LCA/accuracy/grid_LCA_accuracy_ds_71-80.pdf> <
./plots/Granular_Grids/LCA/accuracy/grid_LCA_accuracy_ds_81-90.pdf> <./plots/Gr
anular_Grids/LCA/accuracy/grid_LCA_accuracy_ds_91-100.pdf>]
<plots/Granular_Grids/LCA/f1_score/grid_LCA_f1_score_ds_1-10.pdf, id=53786, 144
5.4pt x 867.24pt>
File: plots/Granular_Grids/LCA/f1_score/grid_LCA_f1_score_ds_1-10.pdf Graphic f
ile (type pdf)
<use plots/Granular_Grids/LCA/f1_score/grid_LCA_f1_score_ds_1-10.pdf>
Package pdftex.def Info: plots/Granular_Grids/LCA/f1_score/grid_LCA_f1_score_ds
_1-10.pdf  used on input line 769.
(pdftex.def)             Requested size: 145.68144pt x 87.40396pt.
<plots/Granular_Grids/LCA/f1_score/grid_LCA_f1_score_ds_11-20.pdf, id=53787, 14
45.4pt x 867.24pt>
File: plots/Granular_Grids/LCA/f1_score/grid_LCA_f1_score_ds_11-20.pdf Graphic 
file (type pdf)
<use plots/Granular_Grids/LCA/f1_score/grid_LCA_f1_score_ds_11-20.pdf>
Package pdftex.def Info: plots/Granular_Grids/LCA/f1_score/grid_LCA_f1_score_ds
_11-20.pdf  used on input line 770.
(pdftex.def)             Requested size: 145.68144pt x 87.40396pt.
<plots/Granular_Grids/LCA/f1_score/grid_LCA_f1_score_ds_21-30.pdf, id=53788, 14
45.4pt x 867.24pt>
File: plots/Granular_Grids/LCA/f1_score/grid_LCA_f1_score_ds_21-30.pdf Graphic 
file (type pdf)
<use plots/Granular_Grids/LCA/f1_score/grid_LCA_f1_score_ds_21-30.pdf>
Package pdftex.def Info: plots/Granular_Grids/LCA/f1_score/grid_LCA_f1_score_ds
_21-30.pdf  used on input line 771.
(pdftex.def)             Requested size: 145.68144pt x 87.40396pt.
<plots/Granular_Grids/LCA/f1_score/grid_LCA_f1_score_ds_31-40.pdf, id=53789, 14
45.4pt x 867.24pt>
File: plots/Granular_Grids/LCA/f1_score/grid_LCA_f1_score_ds_31-40.pdf Graphic 
file (type pdf)
<use plots/Granular_Grids/LCA/f1_score/grid_LCA_f1_score_ds_31-40.pdf>
Package pdftex.def Info: plots/Granular_Grids/LCA/f1_score/grid_LCA_f1_score_ds
_31-40.pdf  used on input line 772.
(pdftex.def)             Requested size: 145.68144pt x 87.40396pt.
<plots/Granular_Grids/LCA/f1_score/grid_LCA_f1_score_ds_41-50.pdf, id=53790, 14
45.4pt x 867.24pt>
File: plots/Granular_Grids/LCA/f1_score/grid_LCA_f1_score_ds_41-50.pdf Graphic 
file (type pdf)
<use plots/Granular_Grids/LCA/f1_score/grid_LCA_f1_score_ds_41-50.pdf>
Package pdftex.def Info: plots/Granular_Grids/LCA/f1_score/grid_LCA_f1_score_ds
_41-50.pdf  used on input line 773.
(pdftex.def)             Requested size: 145.68144pt x 87.40396pt.
<plots/Granular_Grids/LCA/f1_score/grid_LCA_f1_score_ds_51-60.pdf, id=53791, 14
45.4pt x 867.24pt>
File: plots/Granular_Grids/LCA/f1_score/grid_LCA_f1_score_ds_51-60.pdf Graphic 
file (type pdf)
<use plots/Granular_Grids/LCA/f1_score/grid_LCA_f1_score_ds_51-60.pdf>
Package pdftex.def Info: plots/Granular_Grids/LCA/f1_score/grid_LCA_f1_score_ds
_51-60.pdf  used on input line 774.
(pdftex.def)             Requested size: 145.68144pt x 87.40396pt.
<plots/Granular_Grids/LCA/f1_score/grid_LCA_f1_score_ds_61-70.pdf, id=53792, 14
45.4pt x 867.24pt>
File: plots/Granular_Grids/LCA/f1_score/grid_LCA_f1_score_ds_61-70.pdf Graphic 
file (type pdf)
<use plots/Granular_Grids/LCA/f1_score/grid_LCA_f1_score_ds_61-70.pdf>
Package pdftex.def Info: plots/Granular_Grids/LCA/f1_score/grid_LCA_f1_score_ds
_61-70.pdf  used on input line 775.
(pdftex.def)             Requested size: 145.68144pt x 87.40396pt.
<plots/Granular_Grids/LCA/f1_score/grid_LCA_f1_score_ds_71-80.pdf, id=53793, 14
45.4pt x 867.24pt>
File: plots/Granular_Grids/LCA/f1_score/grid_LCA_f1_score_ds_71-80.pdf Graphic 
file (type pdf)
<use plots/Granular_Grids/LCA/f1_score/grid_LCA_f1_score_ds_71-80.pdf>
Package pdftex.def Info: plots/Granular_Grids/LCA/f1_score/grid_LCA_f1_score_ds
_71-80.pdf  used on input line 776.
(pdftex.def)             Requested size: 145.68144pt x 87.40396pt.
<plots/Granular_Grids/LCA/f1_score/grid_LCA_f1_score_ds_81-90.pdf, id=53794, 14
45.4pt x 867.24pt>
File: plots/Granular_Grids/LCA/f1_score/grid_LCA_f1_score_ds_81-90.pdf Graphic 
file (type pdf)
<use plots/Granular_Grids/LCA/f1_score/grid_LCA_f1_score_ds_81-90.pdf>
Package pdftex.def Info: plots/Granular_Grids/LCA/f1_score/grid_LCA_f1_score_ds
_81-90.pdf  used on input line 777.
(pdftex.def)             Requested size: 145.68144pt x 87.40396pt.
<plots/Granular_Grids/LCA/f1_score/grid_LCA_f1_score_ds_91-100.pdf, id=53795, 1
445.4pt x 867.24pt>
File: plots/Granular_Grids/LCA/f1_score/grid_LCA_f1_score_ds_91-100.pdf Graphic
 file (type pdf)
<use plots/Granular_Grids/LCA/f1_score/grid_LCA_f1_score_ds_91-100.pdf>
Package pdftex.def Info: plots/Granular_Grids/LCA/f1_score/grid_LCA_f1_score_ds
_91-100.pdf  used on input line 778.
(pdftex.def)             Requested size: 145.68144pt x 87.40396pt.
 [55

 <./plots/Granular_Grids/LCA/f1_score/grid_LCA_f1_score_ds_1-10.pdf> <./plots/G
ranular_Grids/LCA/f1_score/grid_LCA_f1_score_ds_11-20.pdf> <./plots/Granular_Gr
ids/LCA/f1_score/grid_LCA_f1_score_ds_21-30.pdf> <./plots/Granular_Grids/LCA/f1
_score/grid_LCA_f1_score_ds_31-40.pdf> <./plots/Granular_Grids/LCA/f1_score/gri
d_LCA_f1_score_ds_41-50.pdf> <./plots/Granular_Grids/LCA/f1_score/grid_LCA_f1_s
core_ds_51-60.pdf> <./plots/Granular_Grids/LCA/f1_score/grid_LCA_f1_score_ds_61
-70.pdf> <./plots/Granular_Grids/LCA/f1_score/grid_LCA_f1_score_ds_71-80.pdf> <
./plots/Granular_Grids/LCA/f1_score/grid_LCA_f1_score_ds_81-90.pdf> <./plots/Gr
anular_Grids/LCA/f1_score/grid_LCA_f1_score_ds_91-100.pdf>]
<plots/Granular_Grids/LCA/g_mean/grid_LCA_g_mean_ds_1-10.pdf, id=55081, 1445.4p
t x 867.24pt>
File: plots/Granular_Grids/LCA/g_mean/grid_LCA_g_mean_ds_1-10.pdf Graphic file 
(type pdf)
<use plots/Granular_Grids/LCA/g_mean/grid_LCA_g_mean_ds_1-10.pdf>
Package pdftex.def Info: plots/Granular_Grids/LCA/g_mean/grid_LCA_g_mean_ds_1-1
0.pdf  used on input line 786.
(pdftex.def)             Requested size: 145.68144pt x 87.40396pt.
<plots/Granular_Grids/LCA/g_mean/grid_LCA_g_mean_ds_11-20.pdf, id=55082, 1445.4
pt x 867.24pt>
File: plots/Granular_Grids/LCA/g_mean/grid_LCA_g_mean_ds_11-20.pdf Graphic file
 (type pdf)
<use plots/Granular_Grids/LCA/g_mean/grid_LCA_g_mean_ds_11-20.pdf>
Package pdftex.def Info: plots/Granular_Grids/LCA/g_mean/grid_LCA_g_mean_ds_11-
20.pdf  used on input line 787.
(pdftex.def)             Requested size: 145.68144pt x 87.40396pt.
<plots/Granular_Grids/LCA/g_mean/grid_LCA_g_mean_ds_21-30.pdf, id=55083, 1445.4
pt x 867.24pt>
File: plots/Granular_Grids/LCA/g_mean/grid_LCA_g_mean_ds_21-30.pdf Graphic file
 (type pdf)
<use plots/Granular_Grids/LCA/g_mean/grid_LCA_g_mean_ds_21-30.pdf>
Package pdftex.def Info: plots/Granular_Grids/LCA/g_mean/grid_LCA_g_mean_ds_21-
30.pdf  used on input line 788.
(pdftex.def)             Requested size: 145.68144pt x 87.40396pt.
<plots/Granular_Grids/LCA/g_mean/grid_LCA_g_mean_ds_31-40.pdf, id=55084, 1445.4
pt x 867.24pt>
File: plots/Granular_Grids/LCA/g_mean/grid_LCA_g_mean_ds_31-40.pdf Graphic file
 (type pdf)
<use plots/Granular_Grids/LCA/g_mean/grid_LCA_g_mean_ds_31-40.pdf>
Package pdftex.def Info: plots/Granular_Grids/LCA/g_mean/grid_LCA_g_mean_ds_31-
40.pdf  used on input line 789.
(pdftex.def)             Requested size: 145.68144pt x 87.40396pt.
<plots/Granular_Grids/LCA/g_mean/grid_LCA_g_mean_ds_41-50.pdf, id=55085, 1445.4
pt x 867.24pt>
File: plots/Granular_Grids/LCA/g_mean/grid_LCA_g_mean_ds_41-50.pdf Graphic file
 (type pdf)
<use plots/Granular_Grids/LCA/g_mean/grid_LCA_g_mean_ds_41-50.pdf>
Package pdftex.def Info: plots/Granular_Grids/LCA/g_mean/grid_LCA_g_mean_ds_41-
50.pdf  used on input line 790.
(pdftex.def)             Requested size: 145.68144pt x 87.40396pt.
<plots/Granular_Grids/LCA/g_mean/grid_LCA_g_mean_ds_51-60.pdf, id=55086, 1445.4
pt x 867.24pt>
File: plots/Granular_Grids/LCA/g_mean/grid_LCA_g_mean_ds_51-60.pdf Graphic file
 (type pdf)
<use plots/Granular_Grids/LCA/g_mean/grid_LCA_g_mean_ds_51-60.pdf>
Package pdftex.def Info: plots/Granular_Grids/LCA/g_mean/grid_LCA_g_mean_ds_51-
60.pdf  used on input line 791.
(pdftex.def)             Requested size: 145.68144pt x 87.40396pt.
<plots/Granular_Grids/LCA/g_mean/grid_LCA_g_mean_ds_61-70.pdf, id=55087, 1445.4
pt x 867.24pt>
File: plots/Granular_Grids/LCA/g_mean/grid_LCA_g_mean_ds_61-70.pdf Graphic file
 (type pdf)
<use plots/Granular_Grids/LCA/g_mean/grid_LCA_g_mean_ds_61-70.pdf>
Package pdftex.def Info: plots/Granular_Grids/LCA/g_mean/grid_LCA_g_mean_ds_61-
70.pdf  used on input line 792.
(pdftex.def)             Requested size: 145.68144pt x 87.40396pt.
<plots/Granular_Grids/LCA/g_mean/grid_LCA_g_mean_ds_71-80.pdf, id=55088, 1445.4
pt x 867.24pt>
File: plots/Granular_Grids/LCA/g_mean/grid_LCA_g_mean_ds_71-80.pdf Graphic file
 (type pdf)
<use plots/Granular_Grids/LCA/g_mean/grid_LCA_g_mean_ds_71-80.pdf>
Package pdftex.def Info: plots/Granular_Grids/LCA/g_mean/grid_LCA_g_mean_ds_71-
80.pdf  used on input line 793.
(pdftex.def)             Requested size: 145.68144pt x 87.40396pt.
<plots/Granular_Grids/LCA/g_mean/grid_LCA_g_mean_ds_81-90.pdf, id=55089, 1445.4
pt x 867.24pt>
File: plots/Granular_Grids/LCA/g_mean/grid_LCA_g_mean_ds_81-90.pdf Graphic file
 (type pdf)
<use plots/Granular_Grids/LCA/g_mean/grid_LCA_g_mean_ds_81-90.pdf>
Package pdftex.def Info: plots/Granular_Grids/LCA/g_mean/grid_LCA_g_mean_ds_81-
90.pdf  used on input line 794.
(pdftex.def)             Requested size: 145.68144pt x 87.40396pt.
<plots/Granular_Grids/LCA/g_mean/grid_LCA_g_mean_ds_91-100.pdf, id=55090, 1445.
4pt x 867.24pt>
File: plots/Granular_Grids/LCA/g_mean/grid_LCA_g_mean_ds_91-100.pdf Graphic fil
e (type pdf)
<use plots/Granular_Grids/LCA/g_mean/grid_LCA_g_mean_ds_91-100.pdf>
Package pdftex.def Info: plots/Granular_Grids/LCA/g_mean/grid_LCA_g_mean_ds_91-
100.pdf  used on input line 795.
(pdftex.def)             Requested size: 145.68144pt x 87.40396pt.
 [56

 <./plots/Granular_Grids/LCA/g_mean/grid_LCA_g_mean_ds_1-10.pdf> <./plots/Granu
lar_Grids/LCA/g_mean/grid_LCA_g_mean_ds_11-20.pdf> <./plots/Granular_Grids/LCA/
g_mean/grid_LCA_g_mean_ds_21-30.pdf> <./plots/Granular_Grids/LCA/g_mean/grid_LC
A_g_mean_ds_31-40.pdf> <./plots/Granular_Grids/LCA/g_mean/grid_LCA_g_mean_ds_41
-50.pdf> <./plots/Granular_Grids/LCA/g_mean/grid_LCA_g_mean_ds_51-60.pdf> <./pl
ots/Granular_Grids/LCA/g_mean/grid_LCA_g_mean_ds_61-70.pdf> <./plots/Granular_G
rids/LCA/g_mean/grid_LCA_g_mean_ds_71-80.pdf> <./plots/Granular_Grids/LCA/g_mea
n/grid_LCA_g_mean_ds_81-90.pdf> <./plots/Granular_Grids/LCA/g_mean/grid_LCA_g_m
ean_ds_91-100.pdf>]
<plots/Granular_Grids/LCA/roc_auc/grid_LCA_roc_auc_ds_1-10.pdf, id=56366, 1445.
4pt x 867.24pt>
File: plots/Granular_Grids/LCA/roc_auc/grid_LCA_roc_auc_ds_1-10.pdf Graphic fil
e (type pdf)
<use plots/Granular_Grids/LCA/roc_auc/grid_LCA_roc_auc_ds_1-10.pdf>
Package pdftex.def Info: plots/Granular_Grids/LCA/roc_auc/grid_LCA_roc_auc_ds_1
-10.pdf  used on input line 803.
(pdftex.def)             Requested size: 145.68144pt x 87.40396pt.
<plots/Granular_Grids/LCA/roc_auc/grid_LCA_roc_auc_ds_11-20.pdf, id=56367, 1445
.4pt x 867.24pt>
File: plots/Granular_Grids/LCA/roc_auc/grid_LCA_roc_auc_ds_11-20.pdf Graphic fi
le (type pdf)
<use plots/Granular_Grids/LCA/roc_auc/grid_LCA_roc_auc_ds_11-20.pdf>
Package pdftex.def Info: plots/Granular_Grids/LCA/roc_auc/grid_LCA_roc_auc_ds_1
1-20.pdf  used on input line 804.
(pdftex.def)             Requested size: 145.68144pt x 87.40396pt.
<plots/Granular_Grids/LCA/roc_auc/grid_LCA_roc_auc_ds_21-30.pdf, id=56368, 1445
.4pt x 867.24pt>
File: plots/Granular_Grids/LCA/roc_auc/grid_LCA_roc_auc_ds_21-30.pdf Graphic fi
le (type pdf)
<use plots/Granular_Grids/LCA/roc_auc/grid_LCA_roc_auc_ds_21-30.pdf>
Package pdftex.def Info: plots/Granular_Grids/LCA/roc_auc/grid_LCA_roc_auc_ds_2
1-30.pdf  used on input line 805.
(pdftex.def)             Requested size: 145.68144pt x 87.40396pt.
<plots/Granular_Grids/LCA/roc_auc/grid_LCA_roc_auc_ds_31-40.pdf, id=56369, 1445
.4pt x 867.24pt>
File: plots/Granular_Grids/LCA/roc_auc/grid_LCA_roc_auc_ds_31-40.pdf Graphic fi
le (type pdf)
<use plots/Granular_Grids/LCA/roc_auc/grid_LCA_roc_auc_ds_31-40.pdf>
Package pdftex.def Info: plots/Granular_Grids/LCA/roc_auc/grid_LCA_roc_auc_ds_3
1-40.pdf  used on input line 806.
(pdftex.def)             Requested size: 145.68144pt x 87.40396pt.
<plots/Granular_Grids/LCA/roc_auc/grid_LCA_roc_auc_ds_41-50.pdf, id=56370, 1445
.4pt x 867.24pt>
File: plots/Granular_Grids/LCA/roc_auc/grid_LCA_roc_auc_ds_41-50.pdf Graphic fi
le (type pdf)
<use plots/Granular_Grids/LCA/roc_auc/grid_LCA_roc_auc_ds_41-50.pdf>
Package pdftex.def Info: plots/Granular_Grids/LCA/roc_auc/grid_LCA_roc_auc_ds_4
1-50.pdf  used on input line 807.
(pdftex.def)             Requested size: 145.68144pt x 87.40396pt.
<plots/Granular_Grids/LCA/roc_auc/grid_LCA_roc_auc_ds_51-60.pdf, id=56371, 1445
.4pt x 867.24pt>
File: plots/Granular_Grids/LCA/roc_auc/grid_LCA_roc_auc_ds_51-60.pdf Graphic fi
le (type pdf)
<use plots/Granular_Grids/LCA/roc_auc/grid_LCA_roc_auc_ds_51-60.pdf>
Package pdftex.def Info: plots/Granular_Grids/LCA/roc_auc/grid_LCA_roc_auc_ds_5
1-60.pdf  used on input line 808.
(pdftex.def)             Requested size: 145.68144pt x 87.40396pt.
<plots/Granular_Grids/LCA/roc_auc/grid_LCA_roc_auc_ds_61-70.pdf, id=56372, 1445
.4pt x 867.24pt>
File: plots/Granular_Grids/LCA/roc_auc/grid_LCA_roc_auc_ds_61-70.pdf Graphic fi
le (type pdf)
<use plots/Granular_Grids/LCA/roc_auc/grid_LCA_roc_auc_ds_61-70.pdf>
Package pdftex.def Info: plots/Granular_Grids/LCA/roc_auc/grid_LCA_roc_auc_ds_6
1-70.pdf  used on input line 809.
(pdftex.def)             Requested size: 145.68144pt x 87.40396pt.
<plots/Granular_Grids/LCA/roc_auc/grid_LCA_roc_auc_ds_71-80.pdf, id=56373, 1445
.4pt x 867.24pt>
File: plots/Granular_Grids/LCA/roc_auc/grid_LCA_roc_auc_ds_71-80.pdf Graphic fi
le (type pdf)
<use plots/Granular_Grids/LCA/roc_auc/grid_LCA_roc_auc_ds_71-80.pdf>
Package pdftex.def Info: plots/Granular_Grids/LCA/roc_auc/grid_LCA_roc_auc_ds_7
1-80.pdf  used on input line 810.
(pdftex.def)             Requested size: 145.68144pt x 87.40396pt.
<plots/Granular_Grids/LCA/roc_auc/grid_LCA_roc_auc_ds_81-90.pdf, id=56374, 1445
.4pt x 867.24pt>
File: plots/Granular_Grids/LCA/roc_auc/grid_LCA_roc_auc_ds_81-90.pdf Graphic fi
le (type pdf)
<use plots/Granular_Grids/LCA/roc_auc/grid_LCA_roc_auc_ds_81-90.pdf>
Package pdftex.def Info: plots/Granular_Grids/LCA/roc_auc/grid_LCA_roc_auc_ds_8
1-90.pdf  used on input line 811.
(pdftex.def)             Requested size: 145.68144pt x 87.40396pt.
<plots/Granular_Grids/LCA/roc_auc/grid_LCA_roc_auc_ds_91-100.pdf, id=56375, 144
5.4pt x 867.24pt>
File: plots/Granular_Grids/LCA/roc_auc/grid_LCA_roc_auc_ds_91-100.pdf Graphic f
ile (type pdf)
<use plots/Granular_Grids/LCA/roc_auc/grid_LCA_roc_auc_ds_91-100.pdf>
Package pdftex.def Info: plots/Granular_Grids/LCA/roc_auc/grid_LCA_roc_auc_ds_9
1-100.pdf  used on input line 812.
(pdftex.def)             Requested size: 145.68144pt x 87.40396pt.
 [57

 <./plots/Granular_Grids/LCA/roc_auc/grid_LCA_roc_auc_ds_1-10.pdf> <./plots/Gra
nular_Grids/LCA/roc_auc/grid_LCA_roc_auc_ds_11-20.pdf> <./plots/Granular_Grids/
LCA/roc_auc/grid_LCA_roc_auc_ds_21-30.pdf> <./plots/Granular_Grids/LCA/roc_auc/
grid_LCA_roc_auc_ds_31-40.pdf> <./plots/Granular_Grids/LCA/roc_auc/grid_LCA_roc
_auc_ds_41-50.pdf> <./plots/Granular_Grids/LCA/roc_auc/grid_LCA_roc_auc_ds_51-6
0.pdf> <./plots/Granular_Grids/LCA/roc_auc/grid_LCA_roc_auc_ds_61-70.pdf> <./pl
ots/Granular_Grids/LCA/roc_auc/grid_LCA_roc_auc_ds_71-80.pdf> <./plots/Granular
_Grids/LCA/roc_auc/grid_LCA_roc_auc_ds_81-90.pdf> <./plots/Granular_Grids/LCA/r
oc_auc/grid_LCA_roc_auc_ds_91-100.pdf>]
<plots/Granular_Grids/LDA/accuracy/grid_LDA_accuracy_ds_1-10.pdf, id=57651, 144
5.4pt x 867.24pt>
File: plots/Granular_Grids/LDA/accuracy/grid_LDA_accuracy_ds_1-10.pdf Graphic f
ile (type pdf)
<use plots/Granular_Grids/LDA/accuracy/grid_LDA_accuracy_ds_1-10.pdf>
Package pdftex.def Info: plots/Granular_Grids/LDA/accuracy/grid_LDA_accuracy_ds
_1-10.pdf  used on input line 820.
(pdftex.def)             Requested size: 145.68144pt x 87.40396pt.
<plots/Granular_Grids/LDA/accuracy/grid_LDA_accuracy_ds_11-20.pdf, id=57652, 14
45.4pt x 867.24pt>
File: plots/Granular_Grids/LDA/accuracy/grid_LDA_accuracy_ds_11-20.pdf Graphic 
file (type pdf)
<use plots/Granular_Grids/LDA/accuracy/grid_LDA_accuracy_ds_11-20.pdf>
Package pdftex.def Info: plots/Granular_Grids/LDA/accuracy/grid_LDA_accuracy_ds
_11-20.pdf  used on input line 821.
(pdftex.def)             Requested size: 145.68144pt x 87.40396pt.
<plots/Granular_Grids/LDA/accuracy/grid_LDA_accuracy_ds_21-30.pdf, id=57653, 14
45.4pt x 867.24pt>
File: plots/Granular_Grids/LDA/accuracy/grid_LDA_accuracy_ds_21-30.pdf Graphic 
file (type pdf)
<use plots/Granular_Grids/LDA/accuracy/grid_LDA_accuracy_ds_21-30.pdf>
Package pdftex.def Info: plots/Granular_Grids/LDA/accuracy/grid_LDA_accuracy_ds
_21-30.pdf  used on input line 822.
(pdftex.def)             Requested size: 145.68144pt x 87.40396pt.
<plots/Granular_Grids/LDA/accuracy/grid_LDA_accuracy_ds_31-40.pdf, id=57654, 14
45.4pt x 867.24pt>
File: plots/Granular_Grids/LDA/accuracy/grid_LDA_accuracy_ds_31-40.pdf Graphic 
file (type pdf)
<use plots/Granular_Grids/LDA/accuracy/grid_LDA_accuracy_ds_31-40.pdf>
Package pdftex.def Info: plots/Granular_Grids/LDA/accuracy/grid_LDA_accuracy_ds
_31-40.pdf  used on input line 823.
(pdftex.def)             Requested size: 145.68144pt x 87.40396pt.
<plots/Granular_Grids/LDA/accuracy/grid_LDA_accuracy_ds_41-50.pdf, id=57655, 14
45.4pt x 867.24pt>
File: plots/Granular_Grids/LDA/accuracy/grid_LDA_accuracy_ds_41-50.pdf Graphic 
file (type pdf)
<use plots/Granular_Grids/LDA/accuracy/grid_LDA_accuracy_ds_41-50.pdf>
Package pdftex.def Info: plots/Granular_Grids/LDA/accuracy/grid_LDA_accuracy_ds
_41-50.pdf  used on input line 824.
(pdftex.def)             Requested size: 145.68144pt x 87.40396pt.
<plots/Granular_Grids/LDA/accuracy/grid_LDA_accuracy_ds_51-60.pdf, id=57656, 14
45.4pt x 867.24pt>
File: plots/Granular_Grids/LDA/accuracy/grid_LDA_accuracy_ds_51-60.pdf Graphic 
file (type pdf)
<use plots/Granular_Grids/LDA/accuracy/grid_LDA_accuracy_ds_51-60.pdf>
Package pdftex.def Info: plots/Granular_Grids/LDA/accuracy/grid_LDA_accuracy_ds
_51-60.pdf  used on input line 825.
(pdftex.def)             Requested size: 145.68144pt x 87.40396pt.
<plots/Granular_Grids/LDA/accuracy/grid_LDA_accuracy_ds_61-70.pdf, id=57657, 14
45.4pt x 867.24pt>
File: plots/Granular_Grids/LDA/accuracy/grid_LDA_accuracy_ds_61-70.pdf Graphic 
file (type pdf)
<use plots/Granular_Grids/LDA/accuracy/grid_LDA_accuracy_ds_61-70.pdf>
Package pdftex.def Info: plots/Granular_Grids/LDA/accuracy/grid_LDA_accuracy_ds
_61-70.pdf  used on input line 826.
(pdftex.def)             Requested size: 145.68144pt x 87.40396pt.
<plots/Granular_Grids/LDA/accuracy/grid_LDA_accuracy_ds_71-80.pdf, id=57658, 14
45.4pt x 867.24pt>
File: plots/Granular_Grids/LDA/accuracy/grid_LDA_accuracy_ds_71-80.pdf Graphic 
file (type pdf)
<use plots/Granular_Grids/LDA/accuracy/grid_LDA_accuracy_ds_71-80.pdf>
Package pdftex.def Info: plots/Granular_Grids/LDA/accuracy/grid_LDA_accuracy_ds
_71-80.pdf  used on input line 827.
(pdftex.def)             Requested size: 145.68144pt x 87.40396pt.
<plots/Granular_Grids/LDA/accuracy/grid_LDA_accuracy_ds_81-90.pdf, id=57659, 14
45.4pt x 867.24pt>
File: plots/Granular_Grids/LDA/accuracy/grid_LDA_accuracy_ds_81-90.pdf Graphic 
file (type pdf)
<use plots/Granular_Grids/LDA/accuracy/grid_LDA_accuracy_ds_81-90.pdf>
Package pdftex.def Info: plots/Granular_Grids/LDA/accuracy/grid_LDA_accuracy_ds
_81-90.pdf  used on input line 828.
(pdftex.def)             Requested size: 145.68144pt x 87.40396pt.
<plots/Granular_Grids/LDA/accuracy/grid_LDA_accuracy_ds_91-100.pdf, id=57660, 1
445.4pt x 867.24pt>
File: plots/Granular_Grids/LDA/accuracy/grid_LDA_accuracy_ds_91-100.pdf Graphic
 file (type pdf)
<use plots/Granular_Grids/LDA/accuracy/grid_LDA_accuracy_ds_91-100.pdf>
Package pdftex.def Info: plots/Granular_Grids/LDA/accuracy/grid_LDA_accuracy_ds
_91-100.pdf  used on input line 829.
(pdftex.def)             Requested size: 145.68144pt x 87.40396pt.
 [58

 <./plots/Granular_Grids/LDA/accuracy/grid_LDA_accuracy_ds_1-10.pdf> <./plots/G
ranular_Grids/LDA/accuracy/grid_LDA_accuracy_ds_11-20.pdf> <./plots/Granular_Gr
ids/LDA/accuracy/grid_LDA_accuracy_ds_21-30.pdf> <./plots/Granular_Grids/LDA/ac
curacy/grid_LDA_accuracy_ds_31-40.pdf> <./plots/Granular_Grids/LDA/accuracy/gri
d_LDA_accuracy_ds_41-50.pdf> <./plots/Granular_Grids/LDA/accuracy/grid_LDA_accu
racy_ds_51-60.pdf> <./plots/Granular_Grids/LDA/accuracy/grid_LDA_accuracy_ds_61
-70.pdf> <./plots/Granular_Grids/LDA/accuracy/grid_LDA_accuracy_ds_71-80.pdf> <
./plots/Granular_Grids/LDA/accuracy/grid_LDA_accuracy_ds_81-90.pdf> <./plots/Gr
anular_Grids/LDA/accuracy/grid_LDA_accuracy_ds_91-100.pdf>]
<plots/Granular_Grids/LDA/f1_score/grid_LDA_f1_score_ds_1-10.pdf, id=58936, 144
5.4pt x 867.24pt>
File: plots/Granular_Grids/LDA/f1_score/grid_LDA_f1_score_ds_1-10.pdf Graphic f
ile (type pdf)
<use plots/Granular_Grids/LDA/f1_score/grid_LDA_f1_score_ds_1-10.pdf>
Package pdftex.def Info: plots/Granular_Grids/LDA/f1_score/grid_LDA_f1_score_ds
_1-10.pdf  used on input line 837.
(pdftex.def)             Requested size: 145.68144pt x 87.40396pt.
<plots/Granular_Grids/LDA/f1_score/grid_LDA_f1_score_ds_11-20.pdf, id=58937, 14
45.4pt x 867.24pt>
File: plots/Granular_Grids/LDA/f1_score/grid_LDA_f1_score_ds_11-20.pdf Graphic 
file (type pdf)
<use plots/Granular_Grids/LDA/f1_score/grid_LDA_f1_score_ds_11-20.pdf>
Package pdftex.def Info: plots/Granular_Grids/LDA/f1_score/grid_LDA_f1_score_ds
_11-20.pdf  used on input line 838.
(pdftex.def)             Requested size: 145.68144pt x 87.40396pt.
<plots/Granular_Grids/LDA/f1_score/grid_LDA_f1_score_ds_21-30.pdf, id=58938, 14
45.4pt x 867.24pt>
File: plots/Granular_Grids/LDA/f1_score/grid_LDA_f1_score_ds_21-30.pdf Graphic 
file (type pdf)
<use plots/Granular_Grids/LDA/f1_score/grid_LDA_f1_score_ds_21-30.pdf>
Package pdftex.def Info: plots/Granular_Grids/LDA/f1_score/grid_LDA_f1_score_ds
_21-30.pdf  used on input line 839.
(pdftex.def)             Requested size: 145.68144pt x 87.40396pt.
<plots/Granular_Grids/LDA/f1_score/grid_LDA_f1_score_ds_31-40.pdf, id=58939, 14
45.4pt x 867.24pt>
File: plots/Granular_Grids/LDA/f1_score/grid_LDA_f1_score_ds_31-40.pdf Graphic 
file (type pdf)
<use plots/Granular_Grids/LDA/f1_score/grid_LDA_f1_score_ds_31-40.pdf>
Package pdftex.def Info: plots/Granular_Grids/LDA/f1_score/grid_LDA_f1_score_ds
_31-40.pdf  used on input line 840.
(pdftex.def)             Requested size: 145.68144pt x 87.40396pt.
<plots/Granular_Grids/LDA/f1_score/grid_LDA_f1_score_ds_41-50.pdf, id=58940, 14
45.4pt x 867.24pt>
File: plots/Granular_Grids/LDA/f1_score/grid_LDA_f1_score_ds_41-50.pdf Graphic 
file (type pdf)
<use plots/Granular_Grids/LDA/f1_score/grid_LDA_f1_score_ds_41-50.pdf>
Package pdftex.def Info: plots/Granular_Grids/LDA/f1_score/grid_LDA_f1_score_ds
_41-50.pdf  used on input line 841.
(pdftex.def)             Requested size: 145.68144pt x 87.40396pt.
<plots/Granular_Grids/LDA/f1_score/grid_LDA_f1_score_ds_51-60.pdf, id=58941, 14
45.4pt x 867.24pt>
File: plots/Granular_Grids/LDA/f1_score/grid_LDA_f1_score_ds_51-60.pdf Graphic 
file (type pdf)
<use plots/Granular_Grids/LDA/f1_score/grid_LDA_f1_score_ds_51-60.pdf>
Package pdftex.def Info: plots/Granular_Grids/LDA/f1_score/grid_LDA_f1_score_ds
_51-60.pdf  used on input line 842.
(pdftex.def)             Requested size: 145.68144pt x 87.40396pt.
<plots/Granular_Grids/LDA/f1_score/grid_LDA_f1_score_ds_61-70.pdf, id=58942, 14
45.4pt x 867.24pt>
File: plots/Granular_Grids/LDA/f1_score/grid_LDA_f1_score_ds_61-70.pdf Graphic 
file (type pdf)
<use plots/Granular_Grids/LDA/f1_score/grid_LDA_f1_score_ds_61-70.pdf>
Package pdftex.def Info: plots/Granular_Grids/LDA/f1_score/grid_LDA_f1_score_ds
_61-70.pdf  used on input line 843.
(pdftex.def)             Requested size: 145.68144pt x 87.40396pt.
<plots/Granular_Grids/LDA/f1_score/grid_LDA_f1_score_ds_71-80.pdf, id=58943, 14
45.4pt x 867.24pt>
File: plots/Granular_Grids/LDA/f1_score/grid_LDA_f1_score_ds_71-80.pdf Graphic 
file (type pdf)
<use plots/Granular_Grids/LDA/f1_score/grid_LDA_f1_score_ds_71-80.pdf>
Package pdftex.def Info: plots/Granular_Grids/LDA/f1_score/grid_LDA_f1_score_ds
_71-80.pdf  used on input line 844.
(pdftex.def)             Requested size: 145.68144pt x 87.40396pt.
<plots/Granular_Grids/LDA/f1_score/grid_LDA_f1_score_ds_81-90.pdf, id=58944, 14
45.4pt x 867.24pt>
File: plots/Granular_Grids/LDA/f1_score/grid_LDA_f1_score_ds_81-90.pdf Graphic 
file (type pdf)
<use plots/Granular_Grids/LDA/f1_score/grid_LDA_f1_score_ds_81-90.pdf>
Package pdftex.def Info: plots/Granular_Grids/LDA/f1_score/grid_LDA_f1_score_ds
_81-90.pdf  used on input line 845.
(pdftex.def)             Requested size: 145.68144pt x 87.40396pt.
<plots/Granular_Grids/LDA/f1_score/grid_LDA_f1_score_ds_91-100.pdf, id=58945, 1
445.4pt x 867.24pt>
File: plots/Granular_Grids/LDA/f1_score/grid_LDA_f1_score_ds_91-100.pdf Graphic
 file (type pdf)
<use plots/Granular_Grids/LDA/f1_score/grid_LDA_f1_score_ds_91-100.pdf>
Package pdftex.def Info: plots/Granular_Grids/LDA/f1_score/grid_LDA_f1_score_ds
_91-100.pdf  used on input line 846.
(pdftex.def)             Requested size: 145.68144pt x 87.40396pt.
 [59

 <./plots/Granular_Grids/LDA/f1_score/grid_LDA_f1_score_ds_1-10.pdf> <./plots/G
ranular_Grids/LDA/f1_score/grid_LDA_f1_score_ds_11-20.pdf> <./plots/Granular_Gr
ids/LDA/f1_score/grid_LDA_f1_score_ds_21-30.pdf> <./plots/Granular_Grids/LDA/f1
_score/grid_LDA_f1_score_ds_31-40.pdf> <./plots/Granular_Grids/LDA/f1_score/gri
d_LDA_f1_score_ds_41-50.pdf> <./plots/Granular_Grids/LDA/f1_score/grid_LDA_f1_s
core_ds_51-60.pdf> <./plots/Granular_Grids/LDA/f1_score/grid_LDA_f1_score_ds_61
-70.pdf> <./plots/Granular_Grids/LDA/f1_score/grid_LDA_f1_score_ds_71-80.pdf> <
./plots/Granular_Grids/LDA/f1_score/grid_LDA_f1_score_ds_81-90.pdf> <./plots/Gr
anular_Grids/LDA/f1_score/grid_LDA_f1_score_ds_91-100.pdf>]
<plots/Granular_Grids/LDA/g_mean/grid_LDA_g_mean_ds_1-10.pdf, id=60232, 1445.4p
t x 867.24pt>
File: plots/Granular_Grids/LDA/g_mean/grid_LDA_g_mean_ds_1-10.pdf Graphic file 
(type pdf)
<use plots/Granular_Grids/LDA/g_mean/grid_LDA_g_mean_ds_1-10.pdf>
Package pdftex.def Info: plots/Granular_Grids/LDA/g_mean/grid_LDA_g_mean_ds_1-1
0.pdf  used on input line 854.
(pdftex.def)             Requested size: 145.68144pt x 87.40396pt.
<plots/Granular_Grids/LDA/g_mean/grid_LDA_g_mean_ds_11-20.pdf, id=60233, 1445.4
pt x 867.24pt>
File: plots/Granular_Grids/LDA/g_mean/grid_LDA_g_mean_ds_11-20.pdf Graphic file
 (type pdf)
<use plots/Granular_Grids/LDA/g_mean/grid_LDA_g_mean_ds_11-20.pdf>
Package pdftex.def Info: plots/Granular_Grids/LDA/g_mean/grid_LDA_g_mean_ds_11-
20.pdf  used on input line 855.
(pdftex.def)             Requested size: 145.68144pt x 87.40396pt.
<plots/Granular_Grids/LDA/g_mean/grid_LDA_g_mean_ds_21-30.pdf, id=60234, 1445.4
pt x 867.24pt>
File: plots/Granular_Grids/LDA/g_mean/grid_LDA_g_mean_ds_21-30.pdf Graphic file
 (type pdf)
<use plots/Granular_Grids/LDA/g_mean/grid_LDA_g_mean_ds_21-30.pdf>
Package pdftex.def Info: plots/Granular_Grids/LDA/g_mean/grid_LDA_g_mean_ds_21-
30.pdf  used on input line 856.
(pdftex.def)             Requested size: 145.68144pt x 87.40396pt.
<plots/Granular_Grids/LDA/g_mean/grid_LDA_g_mean_ds_31-40.pdf, id=60235, 1445.4
pt x 867.24pt>
File: plots/Granular_Grids/LDA/g_mean/grid_LDA_g_mean_ds_31-40.pdf Graphic file
 (type pdf)
<use plots/Granular_Grids/LDA/g_mean/grid_LDA_g_mean_ds_31-40.pdf>
Package pdftex.def Info: plots/Granular_Grids/LDA/g_mean/grid_LDA_g_mean_ds_31-
40.pdf  used on input line 857.
(pdftex.def)             Requested size: 145.68144pt x 87.40396pt.
<plots/Granular_Grids/LDA/g_mean/grid_LDA_g_mean_ds_41-50.pdf, id=60236, 1445.4
pt x 867.24pt>
File: plots/Granular_Grids/LDA/g_mean/grid_LDA_g_mean_ds_41-50.pdf Graphic file
 (type pdf)
<use plots/Granular_Grids/LDA/g_mean/grid_LDA_g_mean_ds_41-50.pdf>
Package pdftex.def Info: plots/Granular_Grids/LDA/g_mean/grid_LDA_g_mean_ds_41-
50.pdf  used on input line 858.
(pdftex.def)             Requested size: 145.68144pt x 87.40396pt.
<plots/Granular_Grids/LDA/g_mean/grid_LDA_g_mean_ds_51-60.pdf, id=60237, 1445.4
pt x 867.24pt>
File: plots/Granular_Grids/LDA/g_mean/grid_LDA_g_mean_ds_51-60.pdf Graphic file
 (type pdf)
<use plots/Granular_Grids/LDA/g_mean/grid_LDA_g_mean_ds_51-60.pdf>
Package pdftex.def Info: plots/Granular_Grids/LDA/g_mean/grid_LDA_g_mean_ds_51-
60.pdf  used on input line 859.
(pdftex.def)             Requested size: 145.68144pt x 87.40396pt.
<plots/Granular_Grids/LDA/g_mean/grid_LDA_g_mean_ds_61-70.pdf, id=60238, 1445.4
pt x 867.24pt>
File: plots/Granular_Grids/LDA/g_mean/grid_LDA_g_mean_ds_61-70.pdf Graphic file
 (type pdf)
<use plots/Granular_Grids/LDA/g_mean/grid_LDA_g_mean_ds_61-70.pdf>
Package pdftex.def Info: plots/Granular_Grids/LDA/g_mean/grid_LDA_g_mean_ds_61-
70.pdf  used on input line 860.
(pdftex.def)             Requested size: 145.68144pt x 87.40396pt.
<plots/Granular_Grids/LDA/g_mean/grid_LDA_g_mean_ds_71-80.pdf, id=60239, 1445.4
pt x 867.24pt>
File: plots/Granular_Grids/LDA/g_mean/grid_LDA_g_mean_ds_71-80.pdf Graphic file
 (type pdf)
<use plots/Granular_Grids/LDA/g_mean/grid_LDA_g_mean_ds_71-80.pdf>
Package pdftex.def Info: plots/Granular_Grids/LDA/g_mean/grid_LDA_g_mean_ds_71-
80.pdf  used on input line 861.
(pdftex.def)             Requested size: 145.68144pt x 87.40396pt.
<plots/Granular_Grids/LDA/g_mean/grid_LDA_g_mean_ds_81-90.pdf, id=60240, 1445.4
pt x 867.24pt>
File: plots/Granular_Grids/LDA/g_mean/grid_LDA_g_mean_ds_81-90.pdf Graphic file
 (type pdf)
<use plots/Granular_Grids/LDA/g_mean/grid_LDA_g_mean_ds_81-90.pdf>
Package pdftex.def Info: plots/Granular_Grids/LDA/g_mean/grid_LDA_g_mean_ds_81-
90.pdf  used on input line 862.
(pdftex.def)             Requested size: 145.68144pt x 87.40396pt.
<plots/Granular_Grids/LDA/g_mean/grid_LDA_g_mean_ds_91-100.pdf, id=60241, 1445.
4pt x 867.24pt>
File: plots/Granular_Grids/LDA/g_mean/grid_LDA_g_mean_ds_91-100.pdf Graphic fil
e (type pdf)
<use plots/Granular_Grids/LDA/g_mean/grid_LDA_g_mean_ds_91-100.pdf>
Package pdftex.def Info: plots/Granular_Grids/LDA/g_mean/grid_LDA_g_mean_ds_91-
100.pdf  used on input line 863.
(pdftex.def)             Requested size: 145.68144pt x 87.40396pt.
 [60

 <./plots/Granular_Grids/LDA/g_mean/grid_LDA_g_mean_ds_1-10.pdf> <./plots/Granu
lar_Grids/LDA/g_mean/grid_LDA_g_mean_ds_11-20.pdf> <./plots/Granular_Grids/LDA/
g_mean/grid_LDA_g_mean_ds_21-30.pdf> <./plots/Granular_Grids/LDA/g_mean/grid_LD
A_g_mean_ds_31-40.pdf> <./plots/Granular_Grids/LDA/g_mean/grid_LDA_g_mean_ds_41
-50.pdf> <./plots/Granular_Grids/LDA/g_mean/grid_LDA_g_mean_ds_51-60.pdf> <./pl
ots/Granular_Grids/LDA/g_mean/grid_LDA_g_mean_ds_61-70.pdf> <./plots/Granular_G
rids/LDA/g_mean/grid_LDA_g_mean_ds_71-80.pdf> <./plots/Granular_Grids/LDA/g_mea
n/grid_LDA_g_mean_ds_81-90.pdf> <./plots/Granular_Grids/LDA/g_mean/grid_LDA_g_m
ean_ds_91-100.pdf>]
<plots/Granular_Grids/LDA/roc_auc/grid_LDA_roc_auc_ds_1-10.pdf, id=61507, 1445.
4pt x 867.24pt>
File: plots/Granular_Grids/LDA/roc_auc/grid_LDA_roc_auc_ds_1-10.pdf Graphic fil
e (type pdf)
<use plots/Granular_Grids/LDA/roc_auc/grid_LDA_roc_auc_ds_1-10.pdf>
Package pdftex.def Info: plots/Granular_Grids/LDA/roc_auc/grid_LDA_roc_auc_ds_1
-10.pdf  used on input line 871.
(pdftex.def)             Requested size: 145.68144pt x 87.40396pt.
<plots/Granular_Grids/LDA/roc_auc/grid_LDA_roc_auc_ds_11-20.pdf, id=61508, 1445
.4pt x 867.24pt>
File: plots/Granular_Grids/LDA/roc_auc/grid_LDA_roc_auc_ds_11-20.pdf Graphic fi
le (type pdf)
<use plots/Granular_Grids/LDA/roc_auc/grid_LDA_roc_auc_ds_11-20.pdf>
Package pdftex.def Info: plots/Granular_Grids/LDA/roc_auc/grid_LDA_roc_auc_ds_1
1-20.pdf  used on input line 872.
(pdftex.def)             Requested size: 145.68144pt x 87.40396pt.
<plots/Granular_Grids/LDA/roc_auc/grid_LDA_roc_auc_ds_21-30.pdf, id=61509, 1445
.4pt x 867.24pt>
File: plots/Granular_Grids/LDA/roc_auc/grid_LDA_roc_auc_ds_21-30.pdf Graphic fi
le (type pdf)
<use plots/Granular_Grids/LDA/roc_auc/grid_LDA_roc_auc_ds_21-30.pdf>
Package pdftex.def Info: plots/Granular_Grids/LDA/roc_auc/grid_LDA_roc_auc_ds_2
1-30.pdf  used on input line 873.
(pdftex.def)             Requested size: 145.68144pt x 87.40396pt.
<plots/Granular_Grids/LDA/roc_auc/grid_LDA_roc_auc_ds_31-40.pdf, id=61510, 1445
.4pt x 867.24pt>
File: plots/Granular_Grids/LDA/roc_auc/grid_LDA_roc_auc_ds_31-40.pdf Graphic fi
le (type pdf)
<use plots/Granular_Grids/LDA/roc_auc/grid_LDA_roc_auc_ds_31-40.pdf>
Package pdftex.def Info: plots/Granular_Grids/LDA/roc_auc/grid_LDA_roc_auc_ds_3
1-40.pdf  used on input line 874.
(pdftex.def)             Requested size: 145.68144pt x 87.40396pt.
<plots/Granular_Grids/LDA/roc_auc/grid_LDA_roc_auc_ds_41-50.pdf, id=61511, 1445
.4pt x 867.24pt>
File: plots/Granular_Grids/LDA/roc_auc/grid_LDA_roc_auc_ds_41-50.pdf Graphic fi
le (type pdf)
<use plots/Granular_Grids/LDA/roc_auc/grid_LDA_roc_auc_ds_41-50.pdf>
Package pdftex.def Info: plots/Granular_Grids/LDA/roc_auc/grid_LDA_roc_auc_ds_4
1-50.pdf  used on input line 875.
(pdftex.def)             Requested size: 145.68144pt x 87.40396pt.
<plots/Granular_Grids/LDA/roc_auc/grid_LDA_roc_auc_ds_51-60.pdf, id=61512, 1445
.4pt x 867.24pt>
File: plots/Granular_Grids/LDA/roc_auc/grid_LDA_roc_auc_ds_51-60.pdf Graphic fi
le (type pdf)
<use plots/Granular_Grids/LDA/roc_auc/grid_LDA_roc_auc_ds_51-60.pdf>
Package pdftex.def Info: plots/Granular_Grids/LDA/roc_auc/grid_LDA_roc_auc_ds_5
1-60.pdf  used on input line 876.
(pdftex.def)             Requested size: 145.68144pt x 87.40396pt.
<plots/Granular_Grids/LDA/roc_auc/grid_LDA_roc_auc_ds_61-70.pdf, id=61513, 1445
.4pt x 867.24pt>
File: plots/Granular_Grids/LDA/roc_auc/grid_LDA_roc_auc_ds_61-70.pdf Graphic fi
le (type pdf)
<use plots/Granular_Grids/LDA/roc_auc/grid_LDA_roc_auc_ds_61-70.pdf>
Package pdftex.def Info: plots/Granular_Grids/LDA/roc_auc/grid_LDA_roc_auc_ds_6
1-70.pdf  used on input line 877.
(pdftex.def)             Requested size: 145.68144pt x 87.40396pt.
<plots/Granular_Grids/LDA/roc_auc/grid_LDA_roc_auc_ds_71-80.pdf, id=61514, 1445
.4pt x 867.24pt>
File: plots/Granular_Grids/LDA/roc_auc/grid_LDA_roc_auc_ds_71-80.pdf Graphic fi
le (type pdf)
<use plots/Granular_Grids/LDA/roc_auc/grid_LDA_roc_auc_ds_71-80.pdf>
Package pdftex.def Info: plots/Granular_Grids/LDA/roc_auc/grid_LDA_roc_auc_ds_7
1-80.pdf  used on input line 878.
(pdftex.def)             Requested size: 145.68144pt x 87.40396pt.
<plots/Granular_Grids/LDA/roc_auc/grid_LDA_roc_auc_ds_81-90.pdf, id=61515, 1445
.4pt x 867.24pt>
File: plots/Granular_Grids/LDA/roc_auc/grid_LDA_roc_auc_ds_81-90.pdf Graphic fi
le (type pdf)
<use plots/Granular_Grids/LDA/roc_auc/grid_LDA_roc_auc_ds_81-90.pdf>
Package pdftex.def Info: plots/Granular_Grids/LDA/roc_auc/grid_LDA_roc_auc_ds_8
1-90.pdf  used on input line 879.
(pdftex.def)             Requested size: 145.68144pt x 87.40396pt.
<plots/Granular_Grids/LDA/roc_auc/grid_LDA_roc_auc_ds_91-100.pdf, id=61516, 144
5.4pt x 867.24pt>
File: plots/Granular_Grids/LDA/roc_auc/grid_LDA_roc_auc_ds_91-100.pdf Graphic f
ile (type pdf)
<use plots/Granular_Grids/LDA/roc_auc/grid_LDA_roc_auc_ds_91-100.pdf>
Package pdftex.def Info: plots/Granular_Grids/LDA/roc_auc/grid_LDA_roc_auc_ds_9
1-100.pdf  used on input line 880.
(pdftex.def)             Requested size: 145.68144pt x 87.40396pt.
 [61

 <./plots/Granular_Grids/LDA/roc_auc/grid_LDA_roc_auc_ds_1-10.pdf> <./plots/Gra
nular_Grids/LDA/roc_auc/grid_LDA_roc_auc_ds_11-20.pdf> <./plots/Granular_Grids/
LDA/roc_auc/grid_LDA_roc_auc_ds_21-30.pdf> <./plots/Granular_Grids/LDA/roc_auc/
grid_LDA_roc_auc_ds_31-40.pdf> <./plots/Granular_Grids/LDA/roc_auc/grid_LDA_roc
_auc_ds_41-50.pdf> <./plots/Granular_Grids/LDA/roc_auc/grid_LDA_roc_auc_ds_51-6
0.pdf> <./plots/Granular_Grids/LDA/roc_auc/grid_LDA_roc_auc_ds_61-70.pdf> <./pl
ots/Granular_Grids/LDA/roc_auc/grid_LDA_roc_auc_ds_71-80.pdf> <./plots/Granular
_Grids/LDA/roc_auc/grid_LDA_roc_auc_ds_81-90.pdf> <./plots/Granular_Grids/LDA/r
oc_auc/grid_LDA_roc_auc_ds_91-100.pdf>]
<plots/Granular_Grids/LR/accuracy/grid_LR_accuracy_ds_1-10.pdf, id=62792, 1445.
4pt x 867.24pt>
File: plots/Granular_Grids/LR/accuracy/grid_LR_accuracy_ds_1-10.pdf Graphic fil
e (type pdf)
<use plots/Granular_Grids/LR/accuracy/grid_LR_accuracy_ds_1-10.pdf>
Package pdftex.def Info: plots/Granular_Grids/LR/accuracy/grid_LR_accuracy_ds_1
-10.pdf  used on input line 888.
(pdftex.def)             Requested size: 145.68144pt x 87.40396pt.
<plots/Granular_Grids/LR/accuracy/grid_LR_accuracy_ds_11-20.pdf, id=62793, 1445
.4pt x 867.24pt>
File: plots/Granular_Grids/LR/accuracy/grid_LR_accuracy_ds_11-20.pdf Graphic fi
le (type pdf)
<use plots/Granular_Grids/LR/accuracy/grid_LR_accuracy_ds_11-20.pdf>
Package pdftex.def Info: plots/Granular_Grids/LR/accuracy/grid_LR_accuracy_ds_1
1-20.pdf  used on input line 889.
(pdftex.def)             Requested size: 145.68144pt x 87.40396pt.
<plots/Granular_Grids/LR/accuracy/grid_LR_accuracy_ds_21-30.pdf, id=62794, 1445
.4pt x 867.24pt>
File: plots/Granular_Grids/LR/accuracy/grid_LR_accuracy_ds_21-30.pdf Graphic fi
le (type pdf)
<use plots/Granular_Grids/LR/accuracy/grid_LR_accuracy_ds_21-30.pdf>
Package pdftex.def Info: plots/Granular_Grids/LR/accuracy/grid_LR_accuracy_ds_2
1-30.pdf  used on input line 890.
(pdftex.def)             Requested size: 145.68144pt x 87.40396pt.
<plots/Granular_Grids/LR/accuracy/grid_LR_accuracy_ds_31-40.pdf, id=62795, 1445
.4pt x 867.24pt>
File: plots/Granular_Grids/LR/accuracy/grid_LR_accuracy_ds_31-40.pdf Graphic fi
le (type pdf)
<use plots/Granular_Grids/LR/accuracy/grid_LR_accuracy_ds_31-40.pdf>
Package pdftex.def Info: plots/Granular_Grids/LR/accuracy/grid_LR_accuracy_ds_3
1-40.pdf  used on input line 891.
(pdftex.def)             Requested size: 145.68144pt x 87.40396pt.
<plots/Granular_Grids/LR/accuracy/grid_LR_accuracy_ds_41-50.pdf, id=62796, 1445
.4pt x 867.24pt>
File: plots/Granular_Grids/LR/accuracy/grid_LR_accuracy_ds_41-50.pdf Graphic fi
le (type pdf)
<use plots/Granular_Grids/LR/accuracy/grid_LR_accuracy_ds_41-50.pdf>
Package pdftex.def Info: plots/Granular_Grids/LR/accuracy/grid_LR_accuracy_ds_4
1-50.pdf  used on input line 892.
(pdftex.def)             Requested size: 145.68144pt x 87.40396pt.
<plots/Granular_Grids/LR/accuracy/grid_LR_accuracy_ds_51-60.pdf, id=62797, 1445
.4pt x 867.24pt>
File: plots/Granular_Grids/LR/accuracy/grid_LR_accuracy_ds_51-60.pdf Graphic fi
le (type pdf)
<use plots/Granular_Grids/LR/accuracy/grid_LR_accuracy_ds_51-60.pdf>
Package pdftex.def Info: plots/Granular_Grids/LR/accuracy/grid_LR_accuracy_ds_5
1-60.pdf  used on input line 893.
(pdftex.def)             Requested size: 145.68144pt x 87.40396pt.
<plots/Granular_Grids/LR/accuracy/grid_LR_accuracy_ds_61-70.pdf, id=62798, 1445
.4pt x 867.24pt>
File: plots/Granular_Grids/LR/accuracy/grid_LR_accuracy_ds_61-70.pdf Graphic fi
le (type pdf)
<use plots/Granular_Grids/LR/accuracy/grid_LR_accuracy_ds_61-70.pdf>
Package pdftex.def Info: plots/Granular_Grids/LR/accuracy/grid_LR_accuracy_ds_6
1-70.pdf  used on input line 894.
(pdftex.def)             Requested size: 145.68144pt x 87.40396pt.
<plots/Granular_Grids/LR/accuracy/grid_LR_accuracy_ds_71-80.pdf, id=62799, 1445
.4pt x 867.24pt>
File: plots/Granular_Grids/LR/accuracy/grid_LR_accuracy_ds_71-80.pdf Graphic fi
le (type pdf)
<use plots/Granular_Grids/LR/accuracy/grid_LR_accuracy_ds_71-80.pdf>
Package pdftex.def Info: plots/Granular_Grids/LR/accuracy/grid_LR_accuracy_ds_7
1-80.pdf  used on input line 895.
(pdftex.def)             Requested size: 145.68144pt x 87.40396pt.
<plots/Granular_Grids/LR/accuracy/grid_LR_accuracy_ds_81-90.pdf, id=62800, 1445
.4pt x 867.24pt>
File: plots/Granular_Grids/LR/accuracy/grid_LR_accuracy_ds_81-90.pdf Graphic fi
le (type pdf)
<use plots/Granular_Grids/LR/accuracy/grid_LR_accuracy_ds_81-90.pdf>
Package pdftex.def Info: plots/Granular_Grids/LR/accuracy/grid_LR_accuracy_ds_8
1-90.pdf  used on input line 896.
(pdftex.def)             Requested size: 145.68144pt x 87.40396pt.
<plots/Granular_Grids/LR/accuracy/grid_LR_accuracy_ds_91-100.pdf, id=62801, 144
5.4pt x 867.24pt>
File: plots/Granular_Grids/LR/accuracy/grid_LR_accuracy_ds_91-100.pdf Graphic f
ile (type pdf)
<use plots/Granular_Grids/LR/accuracy/grid_LR_accuracy_ds_91-100.pdf>
Package pdftex.def Info: plots/Granular_Grids/LR/accuracy/grid_LR_accuracy_ds_9
1-100.pdf  used on input line 897.
(pdftex.def)             Requested size: 145.68144pt x 87.40396pt.
 [62

 <./plots/Granular_Grids/LR/accuracy/grid_LR_accuracy_ds_1-10.pdf> <./plots/Gra
nular_Grids/LR/accuracy/grid_LR_accuracy_ds_11-20.pdf> <./plots/Granular_Grids/
LR/accuracy/grid_LR_accuracy_ds_21-30.pdf> <./plots/Granular_Grids/LR/accuracy/
grid_LR_accuracy_ds_31-40.pdf> <./plots/Granular_Grids/LR/accuracy/grid_LR_accu
racy_ds_41-50.pdf> <./plots/Granular_Grids/LR/accuracy/grid_LR_accuracy_ds_51-6
0.pdf> <./plots/Granular_Grids/LR/accuracy/grid_LR_accuracy_ds_61-70.pdf> <./pl
ots/Granular_Grids/LR/accuracy/grid_LR_accuracy_ds_71-80.pdf> <./plots/Granular
_Grids/LR/accuracy/grid_LR_accuracy_ds_81-90.pdf> <./plots/Granular_Grids/LR/ac
curacy/grid_LR_accuracy_ds_91-100.pdf>]
<plots/Granular_Grids/LR/f1_score/grid_LR_f1_score_ds_1-10.pdf, id=64077, 1445.
4pt x 867.24pt>
File: plots/Granular_Grids/LR/f1_score/grid_LR_f1_score_ds_1-10.pdf Graphic fil
e (type pdf)
<use plots/Granular_Grids/LR/f1_score/grid_LR_f1_score_ds_1-10.pdf>
Package pdftex.def Info: plots/Granular_Grids/LR/f1_score/grid_LR_f1_score_ds_1
-10.pdf  used on input line 905.
(pdftex.def)             Requested size: 145.68144pt x 87.40396pt.
<plots/Granular_Grids/LR/f1_score/grid_LR_f1_score_ds_11-20.pdf, id=64078, 1445
.4pt x 867.24pt>
File: plots/Granular_Grids/LR/f1_score/grid_LR_f1_score_ds_11-20.pdf Graphic fi
le (type pdf)
<use plots/Granular_Grids/LR/f1_score/grid_LR_f1_score_ds_11-20.pdf>
Package pdftex.def Info: plots/Granular_Grids/LR/f1_score/grid_LR_f1_score_ds_1
1-20.pdf  used on input line 906.
(pdftex.def)             Requested size: 145.68144pt x 87.40396pt.
<plots/Granular_Grids/LR/f1_score/grid_LR_f1_score_ds_21-30.pdf, id=64079, 1445
.4pt x 867.24pt>
File: plots/Granular_Grids/LR/f1_score/grid_LR_f1_score_ds_21-30.pdf Graphic fi
le (type pdf)
<use plots/Granular_Grids/LR/f1_score/grid_LR_f1_score_ds_21-30.pdf>
Package pdftex.def Info: plots/Granular_Grids/LR/f1_score/grid_LR_f1_score_ds_2
1-30.pdf  used on input line 907.
(pdftex.def)             Requested size: 145.68144pt x 87.40396pt.
<plots/Granular_Grids/LR/f1_score/grid_LR_f1_score_ds_31-40.pdf, id=64080, 1445
.4pt x 867.24pt>
File: plots/Granular_Grids/LR/f1_score/grid_LR_f1_score_ds_31-40.pdf Graphic fi
le (type pdf)
<use plots/Granular_Grids/LR/f1_score/grid_LR_f1_score_ds_31-40.pdf>
Package pdftex.def Info: plots/Granular_Grids/LR/f1_score/grid_LR_f1_score_ds_3
1-40.pdf  used on input line 908.
(pdftex.def)             Requested size: 145.68144pt x 87.40396pt.
<plots/Granular_Grids/LR/f1_score/grid_LR_f1_score_ds_41-50.pdf, id=64081, 1445
.4pt x 867.24pt>
File: plots/Granular_Grids/LR/f1_score/grid_LR_f1_score_ds_41-50.pdf Graphic fi
le (type pdf)
<use plots/Granular_Grids/LR/f1_score/grid_LR_f1_score_ds_41-50.pdf>
Package pdftex.def Info: plots/Granular_Grids/LR/f1_score/grid_LR_f1_score_ds_4
1-50.pdf  used on input line 909.
(pdftex.def)             Requested size: 145.68144pt x 87.40396pt.
<plots/Granular_Grids/LR/f1_score/grid_LR_f1_score_ds_51-60.pdf, id=64082, 1445
.4pt x 867.24pt>
File: plots/Granular_Grids/LR/f1_score/grid_LR_f1_score_ds_51-60.pdf Graphic fi
le (type pdf)
<use plots/Granular_Grids/LR/f1_score/grid_LR_f1_score_ds_51-60.pdf>
Package pdftex.def Info: plots/Granular_Grids/LR/f1_score/grid_LR_f1_score_ds_5
1-60.pdf  used on input line 910.
(pdftex.def)             Requested size: 145.68144pt x 87.40396pt.
<plots/Granular_Grids/LR/f1_score/grid_LR_f1_score_ds_61-70.pdf, id=64083, 1445
.4pt x 867.24pt>
File: plots/Granular_Grids/LR/f1_score/grid_LR_f1_score_ds_61-70.pdf Graphic fi
le (type pdf)
<use plots/Granular_Grids/LR/f1_score/grid_LR_f1_score_ds_61-70.pdf>
Package pdftex.def Info: plots/Granular_Grids/LR/f1_score/grid_LR_f1_score_ds_6
1-70.pdf  used on input line 911.
(pdftex.def)             Requested size: 145.68144pt x 87.40396pt.
<plots/Granular_Grids/LR/f1_score/grid_LR_f1_score_ds_71-80.pdf, id=64084, 1445
.4pt x 867.24pt>
File: plots/Granular_Grids/LR/f1_score/grid_LR_f1_score_ds_71-80.pdf Graphic fi
le (type pdf)
<use plots/Granular_Grids/LR/f1_score/grid_LR_f1_score_ds_71-80.pdf>
Package pdftex.def Info: plots/Granular_Grids/LR/f1_score/grid_LR_f1_score_ds_7
1-80.pdf  used on input line 912.
(pdftex.def)             Requested size: 145.68144pt x 87.40396pt.
<plots/Granular_Grids/LR/f1_score/grid_LR_f1_score_ds_81-90.pdf, id=64085, 1445
.4pt x 867.24pt>
File: plots/Granular_Grids/LR/f1_score/grid_LR_f1_score_ds_81-90.pdf Graphic fi
le (type pdf)
<use plots/Granular_Grids/LR/f1_score/grid_LR_f1_score_ds_81-90.pdf>
Package pdftex.def Info: plots/Granular_Grids/LR/f1_score/grid_LR_f1_score_ds_8
1-90.pdf  used on input line 913.
(pdftex.def)             Requested size: 145.68144pt x 87.40396pt.
<plots/Granular_Grids/LR/f1_score/grid_LR_f1_score_ds_91-100.pdf, id=64086, 144
5.4pt x 867.24pt>
File: plots/Granular_Grids/LR/f1_score/grid_LR_f1_score_ds_91-100.pdf Graphic f
ile (type pdf)
<use plots/Granular_Grids/LR/f1_score/grid_LR_f1_score_ds_91-100.pdf>
Package pdftex.def Info: plots/Granular_Grids/LR/f1_score/grid_LR_f1_score_ds_9
1-100.pdf  used on input line 914.
(pdftex.def)             Requested size: 145.68144pt x 87.40396pt.
 [63

 <./plots/Granular_Grids/LR/f1_score/grid_LR_f1_score_ds_1-10.pdf> <./plots/Gra
nular_Grids/LR/f1_score/grid_LR_f1_score_ds_11-20.pdf> <./plots/Granular_Grids/
LR/f1_score/grid_LR_f1_score_ds_21-30.pdf> <./plots/Granular_Grids/LR/f1_score/
grid_LR_f1_score_ds_31-40.pdf> <./plots/Granular_Grids/LR/f1_score/grid_LR_f1_s
core_ds_41-50.pdf> <./plots/Granular_Grids/LR/f1_score/grid_LR_f1_score_ds_51-6
0.pdf> <./plots/Granular_Grids/LR/f1_score/grid_LR_f1_score_ds_61-70.pdf> <./pl
ots/Granular_Grids/LR/f1_score/grid_LR_f1_score_ds_71-80.pdf> <./plots/Granular
_Grids/LR/f1_score/grid_LR_f1_score_ds_81-90.pdf> <./plots/Granular_Grids/LR/f1
_score/grid_LR_f1_score_ds_91-100.pdf>]
<plots/Granular_Grids/LR/g_mean/grid_LR_g_mean_ds_1-10.pdf, id=65362, 1445.4pt 
x 867.24pt>
File: plots/Granular_Grids/LR/g_mean/grid_LR_g_mean_ds_1-10.pdf Graphic file (t
ype pdf)
<use plots/Granular_Grids/LR/g_mean/grid_LR_g_mean_ds_1-10.pdf>
Package pdftex.def Info: plots/Granular_Grids/LR/g_mean/grid_LR_g_mean_ds_1-10.
pdf  used on input line 922.
(pdftex.def)             Requested size: 145.68144pt x 87.40396pt.
<plots/Granular_Grids/LR/g_mean/grid_LR_g_mean_ds_11-20.pdf, id=65363, 1445.4pt
 x 867.24pt>
File: plots/Granular_Grids/LR/g_mean/grid_LR_g_mean_ds_11-20.pdf Graphic file (
type pdf)
<use plots/Granular_Grids/LR/g_mean/grid_LR_g_mean_ds_11-20.pdf>
Package pdftex.def Info: plots/Granular_Grids/LR/g_mean/grid_LR_g_mean_ds_11-20
.pdf  used on input line 923.
(pdftex.def)             Requested size: 145.68144pt x 87.40396pt.
<plots/Granular_Grids/LR/g_mean/grid_LR_g_mean_ds_21-30.pdf, id=65364, 1445.4pt
 x 867.24pt>
File: plots/Granular_Grids/LR/g_mean/grid_LR_g_mean_ds_21-30.pdf Graphic file (
type pdf)
<use plots/Granular_Grids/LR/g_mean/grid_LR_g_mean_ds_21-30.pdf>
Package pdftex.def Info: plots/Granular_Grids/LR/g_mean/grid_LR_g_mean_ds_21-30
.pdf  used on input line 924.
(pdftex.def)             Requested size: 145.68144pt x 87.40396pt.
<plots/Granular_Grids/LR/g_mean/grid_LR_g_mean_ds_31-40.pdf, id=65365, 1445.4pt
 x 867.24pt>
File: plots/Granular_Grids/LR/g_mean/grid_LR_g_mean_ds_31-40.pdf Graphic file (
type pdf)
<use plots/Granular_Grids/LR/g_mean/grid_LR_g_mean_ds_31-40.pdf>
Package pdftex.def Info: plots/Granular_Grids/LR/g_mean/grid_LR_g_mean_ds_31-40
.pdf  used on input line 925.
(pdftex.def)             Requested size: 145.68144pt x 87.40396pt.
<plots/Granular_Grids/LR/g_mean/grid_LR_g_mean_ds_41-50.pdf, id=65366, 1445.4pt
 x 867.24pt>
File: plots/Granular_Grids/LR/g_mean/grid_LR_g_mean_ds_41-50.pdf Graphic file (
type pdf)
<use plots/Granular_Grids/LR/g_mean/grid_LR_g_mean_ds_41-50.pdf>
Package pdftex.def Info: plots/Granular_Grids/LR/g_mean/grid_LR_g_mean_ds_41-50
.pdf  used on input line 926.
(pdftex.def)             Requested size: 145.68144pt x 87.40396pt.
<plots/Granular_Grids/LR/g_mean/grid_LR_g_mean_ds_51-60.pdf, id=65367, 1445.4pt
 x 867.24pt>
File: plots/Granular_Grids/LR/g_mean/grid_LR_g_mean_ds_51-60.pdf Graphic file (
type pdf)
<use plots/Granular_Grids/LR/g_mean/grid_LR_g_mean_ds_51-60.pdf>
Package pdftex.def Info: plots/Granular_Grids/LR/g_mean/grid_LR_g_mean_ds_51-60
.pdf  used on input line 927.
(pdftex.def)             Requested size: 145.68144pt x 87.40396pt.
<plots/Granular_Grids/LR/g_mean/grid_LR_g_mean_ds_61-70.pdf, id=65368, 1445.4pt
 x 867.24pt>
File: plots/Granular_Grids/LR/g_mean/grid_LR_g_mean_ds_61-70.pdf Graphic file (
type pdf)
<use plots/Granular_Grids/LR/g_mean/grid_LR_g_mean_ds_61-70.pdf>
Package pdftex.def Info: plots/Granular_Grids/LR/g_mean/grid_LR_g_mean_ds_61-70
.pdf  used on input line 928.
(pdftex.def)             Requested size: 145.68144pt x 87.40396pt.
<plots/Granular_Grids/LR/g_mean/grid_LR_g_mean_ds_71-80.pdf, id=65369, 1445.4pt
 x 867.24pt>
File: plots/Granular_Grids/LR/g_mean/grid_LR_g_mean_ds_71-80.pdf Graphic file (
type pdf)
<use plots/Granular_Grids/LR/g_mean/grid_LR_g_mean_ds_71-80.pdf>
Package pdftex.def Info: plots/Granular_Grids/LR/g_mean/grid_LR_g_mean_ds_71-80
.pdf  used on input line 929.
(pdftex.def)             Requested size: 145.68144pt x 87.40396pt.
<plots/Granular_Grids/LR/g_mean/grid_LR_g_mean_ds_81-90.pdf, id=65370, 1445.4pt
 x 867.24pt>
File: plots/Granular_Grids/LR/g_mean/grid_LR_g_mean_ds_81-90.pdf Graphic file (
type pdf)
<use plots/Granular_Grids/LR/g_mean/grid_LR_g_mean_ds_81-90.pdf>
Package pdftex.def Info: plots/Granular_Grids/LR/g_mean/grid_LR_g_mean_ds_81-90
.pdf  used on input line 930.
(pdftex.def)             Requested size: 145.68144pt x 87.40396pt.
<plots/Granular_Grids/LR/g_mean/grid_LR_g_mean_ds_91-100.pdf, id=65371, 1445.4p
t x 867.24pt>
File: plots/Granular_Grids/LR/g_mean/grid_LR_g_mean_ds_91-100.pdf Graphic file 
(type pdf)
<use plots/Granular_Grids/LR/g_mean/grid_LR_g_mean_ds_91-100.pdf>
Package pdftex.def Info: plots/Granular_Grids/LR/g_mean/grid_LR_g_mean_ds_91-10
0.pdf  used on input line 931.
(pdftex.def)             Requested size: 145.68144pt x 87.40396pt.

[64

 <./plots/Granular_Grids/LR/g_mean/grid_LR_g_mean_ds_1-10.pdf> <./plots/Granula
r_Grids/LR/g_mean/grid_LR_g_mean_ds_11-20.pdf> <./plots/Granular_Grids/LR/g_mea
n/grid_LR_g_mean_ds_21-30.pdf> <./plots/Granular_Grids/LR/g_mean/grid_LR_g_mean
_ds_31-40.pdf> <./plots/Granular_Grids/LR/g_mean/grid_LR_g_mean_ds_41-50.pdf> <
./plots/Granular_Grids/LR/g_mean/grid_LR_g_mean_ds_51-60.pdf> <./plots/Granular
_Grids/LR/g_mean/grid_LR_g_mean_ds_61-70.pdf> <./plots/Granular_Grids/LR/g_mean
/grid_LR_g_mean_ds_71-80.pdf> <./plots/Granular_Grids/LR/g_mean/grid_LR_g_mean_
ds_81-90.pdf> <./plots/Granular_Grids/LR/g_mean/grid_LR_g_mean_ds_91-100.pdf>]
<plots/Granular_Grids/LR/roc_auc/grid_LR_roc_auc_ds_1-10.pdf, id=66647, 1445.4p
t x 867.24pt>
File: plots/Granular_Grids/LR/roc_auc/grid_LR_roc_auc_ds_1-10.pdf Graphic file 
(type pdf)
<use plots/Granular_Grids/LR/roc_auc/grid_LR_roc_auc_ds_1-10.pdf>
Package pdftex.def Info: plots/Granular_Grids/LR/roc_auc/grid_LR_roc_auc_ds_1-1
0.pdf  used on input line 939.
(pdftex.def)             Requested size: 145.68144pt x 87.40396pt.
<plots/Granular_Grids/LR/roc_auc/grid_LR_roc_auc_ds_11-20.pdf, id=66648, 1445.4
pt x 867.24pt>
File: plots/Granular_Grids/LR/roc_auc/grid_LR_roc_auc_ds_11-20.pdf Graphic file
 (type pdf)
<use plots/Granular_Grids/LR/roc_auc/grid_LR_roc_auc_ds_11-20.pdf>
Package pdftex.def Info: plots/Granular_Grids/LR/roc_auc/grid_LR_roc_auc_ds_11-
20.pdf  used on input line 940.
(pdftex.def)             Requested size: 145.68144pt x 87.40396pt.
<plots/Granular_Grids/LR/roc_auc/grid_LR_roc_auc_ds_21-30.pdf, id=66649, 1445.4
pt x 867.24pt>
File: plots/Granular_Grids/LR/roc_auc/grid_LR_roc_auc_ds_21-30.pdf Graphic file
 (type pdf)
<use plots/Granular_Grids/LR/roc_auc/grid_LR_roc_auc_ds_21-30.pdf>
Package pdftex.def Info: plots/Granular_Grids/LR/roc_auc/grid_LR_roc_auc_ds_21-
30.pdf  used on input line 941.
(pdftex.def)             Requested size: 145.68144pt x 87.40396pt.
<plots/Granular_Grids/LR/roc_auc/grid_LR_roc_auc_ds_31-40.pdf, id=66650, 1445.4
pt x 867.24pt>
File: plots/Granular_Grids/LR/roc_auc/grid_LR_roc_auc_ds_31-40.pdf Graphic file
 (type pdf)
<use plots/Granular_Grids/LR/roc_auc/grid_LR_roc_auc_ds_31-40.pdf>
Package pdftex.def Info: plots/Granular_Grids/LR/roc_auc/grid_LR_roc_auc_ds_31-
40.pdf  used on input line 942.
(pdftex.def)             Requested size: 145.68144pt x 87.40396pt.
<plots/Granular_Grids/LR/roc_auc/grid_LR_roc_auc_ds_41-50.pdf, id=66651, 1445.4
pt x 867.24pt>
File: plots/Granular_Grids/LR/roc_auc/grid_LR_roc_auc_ds_41-50.pdf Graphic file
 (type pdf)
<use plots/Granular_Grids/LR/roc_auc/grid_LR_roc_auc_ds_41-50.pdf>
Package pdftex.def Info: plots/Granular_Grids/LR/roc_auc/grid_LR_roc_auc_ds_41-
50.pdf  used on input line 943.
(pdftex.def)             Requested size: 145.68144pt x 87.40396pt.
<plots/Granular_Grids/LR/roc_auc/grid_LR_roc_auc_ds_51-60.pdf, id=66652, 1445.4
pt x 867.24pt>
File: plots/Granular_Grids/LR/roc_auc/grid_LR_roc_auc_ds_51-60.pdf Graphic file
 (type pdf)
<use plots/Granular_Grids/LR/roc_auc/grid_LR_roc_auc_ds_51-60.pdf>
Package pdftex.def Info: plots/Granular_Grids/LR/roc_auc/grid_LR_roc_auc_ds_51-
60.pdf  used on input line 944.
(pdftex.def)             Requested size: 145.68144pt x 87.40396pt.
<plots/Granular_Grids/LR/roc_auc/grid_LR_roc_auc_ds_61-70.pdf, id=66653, 1445.4
pt x 867.24pt>
File: plots/Granular_Grids/LR/roc_auc/grid_LR_roc_auc_ds_61-70.pdf Graphic file
 (type pdf)
<use plots/Granular_Grids/LR/roc_auc/grid_LR_roc_auc_ds_61-70.pdf>
Package pdftex.def Info: plots/Granular_Grids/LR/roc_auc/grid_LR_roc_auc_ds_61-
70.pdf  used on input line 945.
(pdftex.def)             Requested size: 145.68144pt x 87.40396pt.
<plots/Granular_Grids/LR/roc_auc/grid_LR_roc_auc_ds_71-80.pdf, id=66654, 1445.4
pt x 867.24pt>
File: plots/Granular_Grids/LR/roc_auc/grid_LR_roc_auc_ds_71-80.pdf Graphic file
 (type pdf)
<use plots/Granular_Grids/LR/roc_auc/grid_LR_roc_auc_ds_71-80.pdf>
Package pdftex.def Info: plots/Granular_Grids/LR/roc_auc/grid_LR_roc_auc_ds_71-
80.pdf  used on input line 946.
(pdftex.def)             Requested size: 145.68144pt x 87.40396pt.
<plots/Granular_Grids/LR/roc_auc/grid_LR_roc_auc_ds_81-90.pdf, id=66655, 1445.4
pt x 867.24pt>
File: plots/Granular_Grids/LR/roc_auc/grid_LR_roc_auc_ds_81-90.pdf Graphic file
 (type pdf)
<use plots/Granular_Grids/LR/roc_auc/grid_LR_roc_auc_ds_81-90.pdf>
Package pdftex.def Info: plots/Granular_Grids/LR/roc_auc/grid_LR_roc_auc_ds_81-
90.pdf  used on input line 947.
(pdftex.def)             Requested size: 145.68144pt x 87.40396pt.
<plots/Granular_Grids/LR/roc_auc/grid_LR_roc_auc_ds_91-100.pdf, id=66656, 1445.
4pt x 867.24pt>
File: plots/Granular_Grids/LR/roc_auc/grid_LR_roc_auc_ds_91-100.pdf Graphic fil
e (type pdf)
<use plots/Granular_Grids/LR/roc_auc/grid_LR_roc_auc_ds_91-100.pdf>
Package pdftex.def Info: plots/Granular_Grids/LR/roc_auc/grid_LR_roc_auc_ds_91-
100.pdf  used on input line 948.
(pdftex.def)             Requested size: 145.68144pt x 87.40396pt.
 [65

 <./plots/Granular_Grids/LR/roc_auc/grid_LR_roc_auc_ds_1-10.pdf> <./plots/Granu
lar_Grids/LR/roc_auc/grid_LR_roc_auc_ds_11-20.pdf> <./plots/Granular_Grids/LR/r
oc_auc/grid_LR_roc_auc_ds_21-30.pdf> <./plots/Granular_Grids/LR/roc_auc/grid_LR
_roc_auc_ds_31-40.pdf> <./plots/Granular_Grids/LR/roc_auc/grid_LR_roc_auc_ds_41
-50.pdf> <./plots/Granular_Grids/LR/roc_auc/grid_LR_roc_auc_ds_51-60.pdf> <./pl
ots/Granular_Grids/LR/roc_auc/grid_LR_roc_auc_ds_61-70.pdf> <./plots/Granular_G
rids/LR/roc_auc/grid_LR_roc_auc_ds_71-80.pdf> <./plots/Granular_Grids/LR/roc_au
c/grid_LR_roc_auc_ds_81-90.pdf> <./plots/Granular_Grids/LR/roc_auc/grid_LR_roc_
auc_ds_91-100.pdf>]
<plots/Granular_Grids/MCB/accuracy/grid_MCB_accuracy_ds_1-10.pdf, id=67933, 144
5.4pt x 867.24pt>
File: plots/Granular_Grids/MCB/accuracy/grid_MCB_accuracy_ds_1-10.pdf Graphic f
ile (type pdf)
<use plots/Granular_Grids/MCB/accuracy/grid_MCB_accuracy_ds_1-10.pdf>
Package pdftex.def Info: plots/Granular_Grids/MCB/accuracy/grid_MCB_accuracy_ds
_1-10.pdf  used on input line 956.
(pdftex.def)             Requested size: 145.68144pt x 87.40396pt.
<plots/Granular_Grids/MCB/accuracy/grid_MCB_accuracy_ds_11-20.pdf, id=67934, 14
45.4pt x 867.24pt>
File: plots/Granular_Grids/MCB/accuracy/grid_MCB_accuracy_ds_11-20.pdf Graphic 
file (type pdf)
<use plots/Granular_Grids/MCB/accuracy/grid_MCB_accuracy_ds_11-20.pdf>
Package pdftex.def Info: plots/Granular_Grids/MCB/accuracy/grid_MCB_accuracy_ds
_11-20.pdf  used on input line 957.
(pdftex.def)             Requested size: 145.68144pt x 87.40396pt.
<plots/Granular_Grids/MCB/accuracy/grid_MCB_accuracy_ds_21-30.pdf, id=67935, 14
45.4pt x 867.24pt>
File: plots/Granular_Grids/MCB/accuracy/grid_MCB_accuracy_ds_21-30.pdf Graphic 
file (type pdf)
<use plots/Granular_Grids/MCB/accuracy/grid_MCB_accuracy_ds_21-30.pdf>
Package pdftex.def Info: plots/Granular_Grids/MCB/accuracy/grid_MCB_accuracy_ds
_21-30.pdf  used on input line 958.
(pdftex.def)             Requested size: 145.68144pt x 87.40396pt.
<plots/Granular_Grids/MCB/accuracy/grid_MCB_accuracy_ds_31-40.pdf, id=67936, 14
45.4pt x 867.24pt>
File: plots/Granular_Grids/MCB/accuracy/grid_MCB_accuracy_ds_31-40.pdf Graphic 
file (type pdf)
<use plots/Granular_Grids/MCB/accuracy/grid_MCB_accuracy_ds_31-40.pdf>
Package pdftex.def Info: plots/Granular_Grids/MCB/accuracy/grid_MCB_accuracy_ds
_31-40.pdf  used on input line 959.
(pdftex.def)             Requested size: 145.68144pt x 87.40396pt.
<plots/Granular_Grids/MCB/accuracy/grid_MCB_accuracy_ds_41-50.pdf, id=67937, 14
45.4pt x 867.24pt>
File: plots/Granular_Grids/MCB/accuracy/grid_MCB_accuracy_ds_41-50.pdf Graphic 
file (type pdf)
<use plots/Granular_Grids/MCB/accuracy/grid_MCB_accuracy_ds_41-50.pdf>
Package pdftex.def Info: plots/Granular_Grids/MCB/accuracy/grid_MCB_accuracy_ds
_41-50.pdf  used on input line 960.
(pdftex.def)             Requested size: 145.68144pt x 87.40396pt.
<plots/Granular_Grids/MCB/accuracy/grid_MCB_accuracy_ds_51-60.pdf, id=67938, 14
45.4pt x 867.24pt>
File: plots/Granular_Grids/MCB/accuracy/grid_MCB_accuracy_ds_51-60.pdf Graphic 
file (type pdf)
<use plots/Granular_Grids/MCB/accuracy/grid_MCB_accuracy_ds_51-60.pdf>
Package pdftex.def Info: plots/Granular_Grids/MCB/accuracy/grid_MCB_accuracy_ds
_51-60.pdf  used on input line 961.
(pdftex.def)             Requested size: 145.68144pt x 87.40396pt.
<plots/Granular_Grids/MCB/accuracy/grid_MCB_accuracy_ds_61-70.pdf, id=67939, 14
45.4pt x 867.24pt>
File: plots/Granular_Grids/MCB/accuracy/grid_MCB_accuracy_ds_61-70.pdf Graphic 
file (type pdf)
<use plots/Granular_Grids/MCB/accuracy/grid_MCB_accuracy_ds_61-70.pdf>
Package pdftex.def Info: plots/Granular_Grids/MCB/accuracy/grid_MCB_accuracy_ds
_61-70.pdf  used on input line 962.
(pdftex.def)             Requested size: 145.68144pt x 87.40396pt.
<plots/Granular_Grids/MCB/accuracy/grid_MCB_accuracy_ds_71-80.pdf, id=67940, 14
45.4pt x 867.24pt>
File: plots/Granular_Grids/MCB/accuracy/grid_MCB_accuracy_ds_71-80.pdf Graphic 
file (type pdf)
<use plots/Granular_Grids/MCB/accuracy/grid_MCB_accuracy_ds_71-80.pdf>
Package pdftex.def Info: plots/Granular_Grids/MCB/accuracy/grid_MCB_accuracy_ds
_71-80.pdf  used on input line 963.
(pdftex.def)             Requested size: 145.68144pt x 87.40396pt.
<plots/Granular_Grids/MCB/accuracy/grid_MCB_accuracy_ds_81-90.pdf, id=67941, 14
45.4pt x 867.24pt>
File: plots/Granular_Grids/MCB/accuracy/grid_MCB_accuracy_ds_81-90.pdf Graphic 
file (type pdf)
<use plots/Granular_Grids/MCB/accuracy/grid_MCB_accuracy_ds_81-90.pdf>
Package pdftex.def Info: plots/Granular_Grids/MCB/accuracy/grid_MCB_accuracy_ds
_81-90.pdf  used on input line 964.
(pdftex.def)             Requested size: 145.68144pt x 87.40396pt.
<plots/Granular_Grids/MCB/accuracy/grid_MCB_accuracy_ds_91-100.pdf, id=67942, 1
445.4pt x 867.24pt>
File: plots/Granular_Grids/MCB/accuracy/grid_MCB_accuracy_ds_91-100.pdf Graphic
 file (type pdf)
<use plots/Granular_Grids/MCB/accuracy/grid_MCB_accuracy_ds_91-100.pdf>
Package pdftex.def Info: plots/Granular_Grids/MCB/accuracy/grid_MCB_accuracy_ds
_91-100.pdf  used on input line 965.
(pdftex.def)             Requested size: 145.68144pt x 87.40396pt.
 [66

 <./plots/Granular_Grids/MCB/accuracy/grid_MCB_accuracy_ds_1-10.pdf> <./plots/G
ranular_Grids/MCB/accuracy/grid_MCB_accuracy_ds_11-20.pdf> <./plots/Granular_Gr
ids/MCB/accuracy/grid_MCB_accuracy_ds_21-30.pdf> <./plots/Granular_Grids/MCB/ac
curacy/grid_MCB_accuracy_ds_31-40.pdf> <./plots/Granular_Grids/MCB/accuracy/gri
d_MCB_accuracy_ds_41-50.pdf> <./plots/Granular_Grids/MCB/accuracy/grid_MCB_accu
racy_ds_51-60.pdf> <./plots/Granular_Grids/MCB/accuracy/grid_MCB_accuracy_ds_61
-70.pdf> <./plots/Granular_Grids/MCB/accuracy/grid_MCB_accuracy_ds_71-80.pdf> <
./plots/Granular_Grids/MCB/accuracy/grid_MCB_accuracy_ds_81-90.pdf> <./plots/Gr
anular_Grids/MCB/accuracy/grid_MCB_accuracy_ds_91-100.pdf>]
<plots/Granular_Grids/MCB/f1_score/grid_MCB_f1_score_ds_1-10.pdf, id=69218, 144
5.4pt x 867.24pt>
File: plots/Granular_Grids/MCB/f1_score/grid_MCB_f1_score_ds_1-10.pdf Graphic f
ile (type pdf)
<use plots/Granular_Grids/MCB/f1_score/grid_MCB_f1_score_ds_1-10.pdf>
Package pdftex.def Info: plots/Granular_Grids/MCB/f1_score/grid_MCB_f1_score_ds
_1-10.pdf  used on input line 973.
(pdftex.def)             Requested size: 145.68144pt x 87.40396pt.
<plots/Granular_Grids/MCB/f1_score/grid_MCB_f1_score_ds_11-20.pdf, id=69219, 14
45.4pt x 867.24pt>
File: plots/Granular_Grids/MCB/f1_score/grid_MCB_f1_score_ds_11-20.pdf Graphic 
file (type pdf)
<use plots/Granular_Grids/MCB/f1_score/grid_MCB_f1_score_ds_11-20.pdf>
Package pdftex.def Info: plots/Granular_Grids/MCB/f1_score/grid_MCB_f1_score_ds
_11-20.pdf  used on input line 974.
(pdftex.def)             Requested size: 145.68144pt x 87.40396pt.
<plots/Granular_Grids/MCB/f1_score/grid_MCB_f1_score_ds_21-30.pdf, id=69220, 14
45.4pt x 867.24pt>
File: plots/Granular_Grids/MCB/f1_score/grid_MCB_f1_score_ds_21-30.pdf Graphic 
file (type pdf)
<use plots/Granular_Grids/MCB/f1_score/grid_MCB_f1_score_ds_21-30.pdf>
Package pdftex.def Info: plots/Granular_Grids/MCB/f1_score/grid_MCB_f1_score_ds
_21-30.pdf  used on input line 975.
(pdftex.def)             Requested size: 145.68144pt x 87.40396pt.
<plots/Granular_Grids/MCB/f1_score/grid_MCB_f1_score_ds_31-40.pdf, id=69221, 14
45.4pt x 867.24pt>
File: plots/Granular_Grids/MCB/f1_score/grid_MCB_f1_score_ds_31-40.pdf Graphic 
file (type pdf)
<use plots/Granular_Grids/MCB/f1_score/grid_MCB_f1_score_ds_31-40.pdf>
Package pdftex.def Info: plots/Granular_Grids/MCB/f1_score/grid_MCB_f1_score_ds
_31-40.pdf  used on input line 976.
(pdftex.def)             Requested size: 145.68144pt x 87.40396pt.
<plots/Granular_Grids/MCB/f1_score/grid_MCB_f1_score_ds_41-50.pdf, id=69222, 14
45.4pt x 867.24pt>
File: plots/Granular_Grids/MCB/f1_score/grid_MCB_f1_score_ds_41-50.pdf Graphic 
file (type pdf)
<use plots/Granular_Grids/MCB/f1_score/grid_MCB_f1_score_ds_41-50.pdf>
Package pdftex.def Info: plots/Granular_Grids/MCB/f1_score/grid_MCB_f1_score_ds
_41-50.pdf  used on input line 977.
(pdftex.def)             Requested size: 145.68144pt x 87.40396pt.
<plots/Granular_Grids/MCB/f1_score/grid_MCB_f1_score_ds_51-60.pdf, id=69223, 14
45.4pt x 867.24pt>
File: plots/Granular_Grids/MCB/f1_score/grid_MCB_f1_score_ds_51-60.pdf Graphic 
file (type pdf)
<use plots/Granular_Grids/MCB/f1_score/grid_MCB_f1_score_ds_51-60.pdf>
Package pdftex.def Info: plots/Granular_Grids/MCB/f1_score/grid_MCB_f1_score_ds
_51-60.pdf  used on input line 978.
(pdftex.def)             Requested size: 145.68144pt x 87.40396pt.
<plots/Granular_Grids/MCB/f1_score/grid_MCB_f1_score_ds_61-70.pdf, id=69224, 14
45.4pt x 867.24pt>
File: plots/Granular_Grids/MCB/f1_score/grid_MCB_f1_score_ds_61-70.pdf Graphic 
file (type pdf)
<use plots/Granular_Grids/MCB/f1_score/grid_MCB_f1_score_ds_61-70.pdf>
Package pdftex.def Info: plots/Granular_Grids/MCB/f1_score/grid_MCB_f1_score_ds
_61-70.pdf  used on input line 979.
(pdftex.def)             Requested size: 145.68144pt x 87.40396pt.
<plots/Granular_Grids/MCB/f1_score/grid_MCB_f1_score_ds_71-80.pdf, id=69225, 14
45.4pt x 867.24pt>
File: plots/Granular_Grids/MCB/f1_score/grid_MCB_f1_score_ds_71-80.pdf Graphic 
file (type pdf)
<use plots/Granular_Grids/MCB/f1_score/grid_MCB_f1_score_ds_71-80.pdf>
Package pdftex.def Info: plots/Granular_Grids/MCB/f1_score/grid_MCB_f1_score_ds
_71-80.pdf  used on input line 980.
(pdftex.def)             Requested size: 145.68144pt x 87.40396pt.
<plots/Granular_Grids/MCB/f1_score/grid_MCB_f1_score_ds_81-90.pdf, id=69226, 14
45.4pt x 867.24pt>
File: plots/Granular_Grids/MCB/f1_score/grid_MCB_f1_score_ds_81-90.pdf Graphic 
file (type pdf)
<use plots/Granular_Grids/MCB/f1_score/grid_MCB_f1_score_ds_81-90.pdf>
Package pdftex.def Info: plots/Granular_Grids/MCB/f1_score/grid_MCB_f1_score_ds
_81-90.pdf  used on input line 981.
(pdftex.def)             Requested size: 145.68144pt x 87.40396pt.
<plots/Granular_Grids/MCB/f1_score/grid_MCB_f1_score_ds_91-100.pdf, id=69227, 1
445.4pt x 867.24pt>
File: plots/Granular_Grids/MCB/f1_score/grid_MCB_f1_score_ds_91-100.pdf Graphic
 file (type pdf)
<use plots/Granular_Grids/MCB/f1_score/grid_MCB_f1_score_ds_91-100.pdf>
Package pdftex.def Info: plots/Granular_Grids/MCB/f1_score/grid_MCB_f1_score_ds
_91-100.pdf  used on input line 982.
(pdftex.def)             Requested size: 145.68144pt x 87.40396pt.
 [67

 <./plots/Granular_Grids/MCB/f1_score/grid_MCB_f1_score_ds_1-10.pdf> <./plots/G
ranular_Grids/MCB/f1_score/grid_MCB_f1_score_ds_11-20.pdf> <./plots/Granular_Gr
ids/MCB/f1_score/grid_MCB_f1_score_ds_21-30.pdf> <./plots/Granular_Grids/MCB/f1
_score/grid_MCB_f1_score_ds_31-40.pdf> <./plots/Granular_Grids/MCB/f1_score/gri
d_MCB_f1_score_ds_41-50.pdf> <./plots/Granular_Grids/MCB/f1_score/grid_MCB_f1_s
core_ds_51-60.pdf> <./plots/Granular_Grids/MCB/f1_score/grid_MCB_f1_score_ds_61
-70.pdf> <./plots/Granular_Grids/MCB/f1_score/grid_MCB_f1_score_ds_71-80.pdf> <
./plots/Granular_Grids/MCB/f1_score/grid_MCB_f1_score_ds_81-90.pdf> <./plots/Gr
anular_Grids/MCB/f1_score/grid_MCB_f1_score_ds_91-100.pdf>]
<plots/Granular_Grids/MCB/g_mean/grid_MCB_g_mean_ds_1-10.pdf, id=70503, 1445.4p
t x 867.24pt>
File: plots/Granular_Grids/MCB/g_mean/grid_MCB_g_mean_ds_1-10.pdf Graphic file 
(type pdf)
<use plots/Granular_Grids/MCB/g_mean/grid_MCB_g_mean_ds_1-10.pdf>
Package pdftex.def Info: plots/Granular_Grids/MCB/g_mean/grid_MCB_g_mean_ds_1-1
0.pdf  used on input line 990.
(pdftex.def)             Requested size: 145.68144pt x 87.40396pt.
<plots/Granular_Grids/MCB/g_mean/grid_MCB_g_mean_ds_11-20.pdf, id=70504, 1445.4
pt x 867.24pt>
File: plots/Granular_Grids/MCB/g_mean/grid_MCB_g_mean_ds_11-20.pdf Graphic file
 (type pdf)
<use plots/Granular_Grids/MCB/g_mean/grid_MCB_g_mean_ds_11-20.pdf>
Package pdftex.def Info: plots/Granular_Grids/MCB/g_mean/grid_MCB_g_mean_ds_11-
20.pdf  used on input line 991.
(pdftex.def)             Requested size: 145.68144pt x 87.40396pt.
<plots/Granular_Grids/MCB/g_mean/grid_MCB_g_mean_ds_21-30.pdf, id=70505, 1445.4
pt x 867.24pt>
File: plots/Granular_Grids/MCB/g_mean/grid_MCB_g_mean_ds_21-30.pdf Graphic file
 (type pdf)
<use plots/Granular_Grids/MCB/g_mean/grid_MCB_g_mean_ds_21-30.pdf>
Package pdftex.def Info: plots/Granular_Grids/MCB/g_mean/grid_MCB_g_mean_ds_21-
30.pdf  used on input line 992.
(pdftex.def)             Requested size: 145.68144pt x 87.40396pt.
<plots/Granular_Grids/MCB/g_mean/grid_MCB_g_mean_ds_31-40.pdf, id=70506, 1445.4
pt x 867.24pt>
File: plots/Granular_Grids/MCB/g_mean/grid_MCB_g_mean_ds_31-40.pdf Graphic file
 (type pdf)
<use plots/Granular_Grids/MCB/g_mean/grid_MCB_g_mean_ds_31-40.pdf>
Package pdftex.def Info: plots/Granular_Grids/MCB/g_mean/grid_MCB_g_mean_ds_31-
40.pdf  used on input line 993.
(pdftex.def)             Requested size: 145.68144pt x 87.40396pt.
<plots/Granular_Grids/MCB/g_mean/grid_MCB_g_mean_ds_41-50.pdf, id=70507, 1445.4
pt x 867.24pt>
File: plots/Granular_Grids/MCB/g_mean/grid_MCB_g_mean_ds_41-50.pdf Graphic file
 (type pdf)
<use plots/Granular_Grids/MCB/g_mean/grid_MCB_g_mean_ds_41-50.pdf>
Package pdftex.def Info: plots/Granular_Grids/MCB/g_mean/grid_MCB_g_mean_ds_41-
50.pdf  used on input line 994.
(pdftex.def)             Requested size: 145.68144pt x 87.40396pt.
<plots/Granular_Grids/MCB/g_mean/grid_MCB_g_mean_ds_51-60.pdf, id=70508, 1445.4
pt x 867.24pt>
File: plots/Granular_Grids/MCB/g_mean/grid_MCB_g_mean_ds_51-60.pdf Graphic file
 (type pdf)
<use plots/Granular_Grids/MCB/g_mean/grid_MCB_g_mean_ds_51-60.pdf>
Package pdftex.def Info: plots/Granular_Grids/MCB/g_mean/grid_MCB_g_mean_ds_51-
60.pdf  used on input line 995.
(pdftex.def)             Requested size: 145.68144pt x 87.40396pt.
<plots/Granular_Grids/MCB/g_mean/grid_MCB_g_mean_ds_61-70.pdf, id=70509, 1445.4
pt x 867.24pt>
File: plots/Granular_Grids/MCB/g_mean/grid_MCB_g_mean_ds_61-70.pdf Graphic file
 (type pdf)
<use plots/Granular_Grids/MCB/g_mean/grid_MCB_g_mean_ds_61-70.pdf>
Package pdftex.def Info: plots/Granular_Grids/MCB/g_mean/grid_MCB_g_mean_ds_61-
70.pdf  used on input line 996.
(pdftex.def)             Requested size: 145.68144pt x 87.40396pt.
<plots/Granular_Grids/MCB/g_mean/grid_MCB_g_mean_ds_71-80.pdf, id=70510, 1445.4
pt x 867.24pt>
File: plots/Granular_Grids/MCB/g_mean/grid_MCB_g_mean_ds_71-80.pdf Graphic file
 (type pdf)
<use plots/Granular_Grids/MCB/g_mean/grid_MCB_g_mean_ds_71-80.pdf>
Package pdftex.def Info: plots/Granular_Grids/MCB/g_mean/grid_MCB_g_mean_ds_71-
80.pdf  used on input line 997.
(pdftex.def)             Requested size: 145.68144pt x 87.40396pt.
<plots/Granular_Grids/MCB/g_mean/grid_MCB_g_mean_ds_81-90.pdf, id=70511, 1445.4
pt x 867.24pt>
File: plots/Granular_Grids/MCB/g_mean/grid_MCB_g_mean_ds_81-90.pdf Graphic file
 (type pdf)
<use plots/Granular_Grids/MCB/g_mean/grid_MCB_g_mean_ds_81-90.pdf>
Package pdftex.def Info: plots/Granular_Grids/MCB/g_mean/grid_MCB_g_mean_ds_81-
90.pdf  used on input line 998.
(pdftex.def)             Requested size: 145.68144pt x 87.40396pt.
<plots/Granular_Grids/MCB/g_mean/grid_MCB_g_mean_ds_91-100.pdf, id=70512, 1445.
4pt x 867.24pt>
File: plots/Granular_Grids/MCB/g_mean/grid_MCB_g_mean_ds_91-100.pdf Graphic fil
e (type pdf)
<use plots/Granular_Grids/MCB/g_mean/grid_MCB_g_mean_ds_91-100.pdf>
Package pdftex.def Info: plots/Granular_Grids/MCB/g_mean/grid_MCB_g_mean_ds_91-
100.pdf  used on input line 999.
(pdftex.def)             Requested size: 145.68144pt x 87.40396pt.

[68

 <./plots/Granular_Grids/MCB/g_mean/grid_MCB_g_mean_ds_1-10.pdf> <./plots/Granu
lar_Grids/MCB/g_mean/grid_MCB_g_mean_ds_11-20.pdf> <./plots/Granular_Grids/MCB/
g_mean/grid_MCB_g_mean_ds_21-30.pdf> <./plots/Granular_Grids/MCB/g_mean/grid_MC
B_g_mean_ds_31-40.pdf> <./plots/Granular_Grids/MCB/g_mean/grid_MCB_g_mean_ds_41
-50.pdf> <./plots/Granular_Grids/MCB/g_mean/grid_MCB_g_mean_ds_51-60.pdf> <./pl
ots/Granular_Grids/MCB/g_mean/grid_MCB_g_mean_ds_61-70.pdf> <./plots/Granular_G
rids/MCB/g_mean/grid_MCB_g_mean_ds_71-80.pdf> <./plots/Granular_Grids/MCB/g_mea
n/grid_MCB_g_mean_ds_81-90.pdf> <./plots/Granular_Grids/MCB/g_mean/grid_MCB_g_m
ean_ds_91-100.pdf>]
<plots/Granular_Grids/MCB/roc_auc/grid_MCB_roc_auc_ds_1-10.pdf, id=71788, 1445.
4pt x 867.24pt>
File: plots/Granular_Grids/MCB/roc_auc/grid_MCB_roc_auc_ds_1-10.pdf Graphic fil
e (type pdf)
<use plots/Granular_Grids/MCB/roc_auc/grid_MCB_roc_auc_ds_1-10.pdf>
Package pdftex.def Info: plots/Granular_Grids/MCB/roc_auc/grid_MCB_roc_auc_ds_1
-10.pdf  used on input line 1007.
(pdftex.def)             Requested size: 145.68144pt x 87.40396pt.
<plots/Granular_Grids/MCB/roc_auc/grid_MCB_roc_auc_ds_11-20.pdf, id=71789, 1445
.4pt x 867.24pt>
File: plots/Granular_Grids/MCB/roc_auc/grid_MCB_roc_auc_ds_11-20.pdf Graphic fi
le (type pdf)
<use plots/Granular_Grids/MCB/roc_auc/grid_MCB_roc_auc_ds_11-20.pdf>
Package pdftex.def Info: plots/Granular_Grids/MCB/roc_auc/grid_MCB_roc_auc_ds_1
1-20.pdf  used on input line 1008.
(pdftex.def)             Requested size: 145.68144pt x 87.40396pt.
<plots/Granular_Grids/MCB/roc_auc/grid_MCB_roc_auc_ds_21-30.pdf, id=71790, 1445
.4pt x 867.24pt>
File: plots/Granular_Grids/MCB/roc_auc/grid_MCB_roc_auc_ds_21-30.pdf Graphic fi
le (type pdf)
<use plots/Granular_Grids/MCB/roc_auc/grid_MCB_roc_auc_ds_21-30.pdf>
Package pdftex.def Info: plots/Granular_Grids/MCB/roc_auc/grid_MCB_roc_auc_ds_2
1-30.pdf  used on input line 1009.
(pdftex.def)             Requested size: 145.68144pt x 87.40396pt.
<plots/Granular_Grids/MCB/roc_auc/grid_MCB_roc_auc_ds_31-40.pdf, id=71791, 1445
.4pt x 867.24pt>
File: plots/Granular_Grids/MCB/roc_auc/grid_MCB_roc_auc_ds_31-40.pdf Graphic fi
le (type pdf)
<use plots/Granular_Grids/MCB/roc_auc/grid_MCB_roc_auc_ds_31-40.pdf>
Package pdftex.def Info: plots/Granular_Grids/MCB/roc_auc/grid_MCB_roc_auc_ds_3
1-40.pdf  used on input line 1010.
(pdftex.def)             Requested size: 145.68144pt x 87.40396pt.
<plots/Granular_Grids/MCB/roc_auc/grid_MCB_roc_auc_ds_41-50.pdf, id=71792, 1445
.4pt x 867.24pt>
File: plots/Granular_Grids/MCB/roc_auc/grid_MCB_roc_auc_ds_41-50.pdf Graphic fi
le (type pdf)
<use plots/Granular_Grids/MCB/roc_auc/grid_MCB_roc_auc_ds_41-50.pdf>
Package pdftex.def Info: plots/Granular_Grids/MCB/roc_auc/grid_MCB_roc_auc_ds_4
1-50.pdf  used on input line 1011.
(pdftex.def)             Requested size: 145.68144pt x 87.40396pt.
<plots/Granular_Grids/MCB/roc_auc/grid_MCB_roc_auc_ds_51-60.pdf, id=71793, 1445
.4pt x 867.24pt>
File: plots/Granular_Grids/MCB/roc_auc/grid_MCB_roc_auc_ds_51-60.pdf Graphic fi
le (type pdf)
<use plots/Granular_Grids/MCB/roc_auc/grid_MCB_roc_auc_ds_51-60.pdf>
Package pdftex.def Info: plots/Granular_Grids/MCB/roc_auc/grid_MCB_roc_auc_ds_5
1-60.pdf  used on input line 1012.
(pdftex.def)             Requested size: 145.68144pt x 87.40396pt.
<plots/Granular_Grids/MCB/roc_auc/grid_MCB_roc_auc_ds_61-70.pdf, id=71794, 1445
.4pt x 867.24pt>
File: plots/Granular_Grids/MCB/roc_auc/grid_MCB_roc_auc_ds_61-70.pdf Graphic fi
le (type pdf)
<use plots/Granular_Grids/MCB/roc_auc/grid_MCB_roc_auc_ds_61-70.pdf>
Package pdftex.def Info: plots/Granular_Grids/MCB/roc_auc/grid_MCB_roc_auc_ds_6
1-70.pdf  used on input line 1013.
(pdftex.def)             Requested size: 145.68144pt x 87.40396pt.
<plots/Granular_Grids/MCB/roc_auc/grid_MCB_roc_auc_ds_71-80.pdf, id=71795, 1445
.4pt x 867.24pt>
File: plots/Granular_Grids/MCB/roc_auc/grid_MCB_roc_auc_ds_71-80.pdf Graphic fi
le (type pdf)
<use plots/Granular_Grids/MCB/roc_auc/grid_MCB_roc_auc_ds_71-80.pdf>
Package pdftex.def Info: plots/Granular_Grids/MCB/roc_auc/grid_MCB_roc_auc_ds_7
1-80.pdf  used on input line 1014.
(pdftex.def)             Requested size: 145.68144pt x 87.40396pt.
<plots/Granular_Grids/MCB/roc_auc/grid_MCB_roc_auc_ds_81-90.pdf, id=71796, 1445
.4pt x 867.24pt>
File: plots/Granular_Grids/MCB/roc_auc/grid_MCB_roc_auc_ds_81-90.pdf Graphic fi
le (type pdf)
<use plots/Granular_Grids/MCB/roc_auc/grid_MCB_roc_auc_ds_81-90.pdf>
Package pdftex.def Info: plots/Granular_Grids/MCB/roc_auc/grid_MCB_roc_auc_ds_8
1-90.pdf  used on input line 1015.
(pdftex.def)             Requested size: 145.68144pt x 87.40396pt.
<plots/Granular_Grids/MCB/roc_auc/grid_MCB_roc_auc_ds_91-100.pdf, id=71797, 144
5.4pt x 867.24pt>
File: plots/Granular_Grids/MCB/roc_auc/grid_MCB_roc_auc_ds_91-100.pdf Graphic f
ile (type pdf)
<use plots/Granular_Grids/MCB/roc_auc/grid_MCB_roc_auc_ds_91-100.pdf>
Package pdftex.def Info: plots/Granular_Grids/MCB/roc_auc/grid_MCB_roc_auc_ds_9
1-100.pdf  used on input line 1016.
(pdftex.def)             Requested size: 145.68144pt x 87.40396pt.
 [69

 <./plots/Granular_Grids/MCB/roc_auc/grid_MCB_roc_auc_ds_1-10.pdf> <./plots/Gra
nular_Grids/MCB/roc_auc/grid_MCB_roc_auc_ds_11-20.pdf> <./plots/Granular_Grids/
MCB/roc_auc/grid_MCB_roc_auc_ds_21-30.pdf> <./plots/Granular_Grids/MCB/roc_auc/
grid_MCB_roc_auc_ds_31-40.pdf> <./plots/Granular_Grids/MCB/roc_auc/grid_MCB_roc
_auc_ds_41-50.pdf> <./plots/Granular_Grids/MCB/roc_auc/grid_MCB_roc_auc_ds_51-6
0.pdf> <./plots/Granular_Grids/MCB/roc_auc/grid_MCB_roc_auc_ds_61-70.pdf> <./pl
ots/Granular_Grids/MCB/roc_auc/grid_MCB_roc_auc_ds_71-80.pdf> <./plots/Granular
_Grids/MCB/roc_auc/grid_MCB_roc_auc_ds_81-90.pdf> <./plots/Granular_Grids/MCB/r
oc_auc/grid_MCB_roc_auc_ds_91-100.pdf>]
<plots/Granular_Grids/MLP/accuracy/grid_MLP_accuracy_ds_1-10.pdf, id=73073, 144
5.4pt x 867.24pt>
File: plots/Granular_Grids/MLP/accuracy/grid_MLP_accuracy_ds_1-10.pdf Graphic f
ile (type pdf)
<use plots/Granular_Grids/MLP/accuracy/grid_MLP_accuracy_ds_1-10.pdf>
Package pdftex.def Info: plots/Granular_Grids/MLP/accuracy/grid_MLP_accuracy_ds
_1-10.pdf  used on input line 1024.
(pdftex.def)             Requested size: 145.68144pt x 87.40396pt.
<plots/Granular_Grids/MLP/accuracy/grid_MLP_accuracy_ds_11-20.pdf, id=73074, 14
45.4pt x 867.24pt>
File: plots/Granular_Grids/MLP/accuracy/grid_MLP_accuracy_ds_11-20.pdf Graphic 
file (type pdf)
<use plots/Granular_Grids/MLP/accuracy/grid_MLP_accuracy_ds_11-20.pdf>
Package pdftex.def Info: plots/Granular_Grids/MLP/accuracy/grid_MLP_accuracy_ds
_11-20.pdf  used on input line 1025.
(pdftex.def)             Requested size: 145.68144pt x 87.40396pt.
<plots/Granular_Grids/MLP/accuracy/grid_MLP_accuracy_ds_21-30.pdf, id=73075, 14
45.4pt x 867.24pt>
File: plots/Granular_Grids/MLP/accuracy/grid_MLP_accuracy_ds_21-30.pdf Graphic 
file (type pdf)
<use plots/Granular_Grids/MLP/accuracy/grid_MLP_accuracy_ds_21-30.pdf>
Package pdftex.def Info: plots/Granular_Grids/MLP/accuracy/grid_MLP_accuracy_ds
_21-30.pdf  used on input line 1026.
(pdftex.def)             Requested size: 145.68144pt x 87.40396pt.
<plots/Granular_Grids/MLP/accuracy/grid_MLP_accuracy_ds_31-40.pdf, id=73076, 14
45.4pt x 867.24pt>
File: plots/Granular_Grids/MLP/accuracy/grid_MLP_accuracy_ds_31-40.pdf Graphic 
file (type pdf)
<use plots/Granular_Grids/MLP/accuracy/grid_MLP_accuracy_ds_31-40.pdf>
Package pdftex.def Info: plots/Granular_Grids/MLP/accuracy/grid_MLP_accuracy_ds
_31-40.pdf  used on input line 1027.
(pdftex.def)             Requested size: 145.68144pt x 87.40396pt.
<plots/Granular_Grids/MLP/accuracy/grid_MLP_accuracy_ds_41-50.pdf, id=73077, 14
45.4pt x 867.24pt>
File: plots/Granular_Grids/MLP/accuracy/grid_MLP_accuracy_ds_41-50.pdf Graphic 
file (type pdf)
<use plots/Granular_Grids/MLP/accuracy/grid_MLP_accuracy_ds_41-50.pdf>
Package pdftex.def Info: plots/Granular_Grids/MLP/accuracy/grid_MLP_accuracy_ds
_41-50.pdf  used on input line 1028.
(pdftex.def)             Requested size: 145.68144pt x 87.40396pt.
<plots/Granular_Grids/MLP/accuracy/grid_MLP_accuracy_ds_51-60.pdf, id=73078, 14
45.4pt x 867.24pt>
File: plots/Granular_Grids/MLP/accuracy/grid_MLP_accuracy_ds_51-60.pdf Graphic 
file (type pdf)
<use plots/Granular_Grids/MLP/accuracy/grid_MLP_accuracy_ds_51-60.pdf>
Package pdftex.def Info: plots/Granular_Grids/MLP/accuracy/grid_MLP_accuracy_ds
_51-60.pdf  used on input line 1029.
(pdftex.def)             Requested size: 145.68144pt x 87.40396pt.
<plots/Granular_Grids/MLP/accuracy/grid_MLP_accuracy_ds_61-70.pdf, id=73079, 14
45.4pt x 867.24pt>
File: plots/Granular_Grids/MLP/accuracy/grid_MLP_accuracy_ds_61-70.pdf Graphic 
file (type pdf)
<use plots/Granular_Grids/MLP/accuracy/grid_MLP_accuracy_ds_61-70.pdf>
Package pdftex.def Info: plots/Granular_Grids/MLP/accuracy/grid_MLP_accuracy_ds
_61-70.pdf  used on input line 1030.
(pdftex.def)             Requested size: 145.68144pt x 87.40396pt.
<plots/Granular_Grids/MLP/accuracy/grid_MLP_accuracy_ds_71-80.pdf, id=73080, 14
45.4pt x 867.24pt>
File: plots/Granular_Grids/MLP/accuracy/grid_MLP_accuracy_ds_71-80.pdf Graphic 
file (type pdf)
<use plots/Granular_Grids/MLP/accuracy/grid_MLP_accuracy_ds_71-80.pdf>
Package pdftex.def Info: plots/Granular_Grids/MLP/accuracy/grid_MLP_accuracy_ds
_71-80.pdf  used on input line 1031.
(pdftex.def)             Requested size: 145.68144pt x 87.40396pt.
<plots/Granular_Grids/MLP/accuracy/grid_MLP_accuracy_ds_81-90.pdf, id=73081, 14
45.4pt x 867.24pt>
File: plots/Granular_Grids/MLP/accuracy/grid_MLP_accuracy_ds_81-90.pdf Graphic 
file (type pdf)
<use plots/Granular_Grids/MLP/accuracy/grid_MLP_accuracy_ds_81-90.pdf>
Package pdftex.def Info: plots/Granular_Grids/MLP/accuracy/grid_MLP_accuracy_ds
_81-90.pdf  used on input line 1032.
(pdftex.def)             Requested size: 145.68144pt x 87.40396pt.
<plots/Granular_Grids/MLP/accuracy/grid_MLP_accuracy_ds_91-100.pdf, id=73082, 1
445.4pt x 867.24pt>
File: plots/Granular_Grids/MLP/accuracy/grid_MLP_accuracy_ds_91-100.pdf Graphic
 file (type pdf)
<use plots/Granular_Grids/MLP/accuracy/grid_MLP_accuracy_ds_91-100.pdf>
Package pdftex.def Info: plots/Granular_Grids/MLP/accuracy/grid_MLP_accuracy_ds
_91-100.pdf  used on input line 1033.
(pdftex.def)             Requested size: 145.68144pt x 87.40396pt.
 [70

 <./plots/Granular_Grids/MLP/accuracy/grid_MLP_accuracy_ds_1-10.pdf> <./plots/G
ranular_Grids/MLP/accuracy/grid_MLP_accuracy_ds_11-20.pdf> <./plots/Granular_Gr
ids/MLP/accuracy/grid_MLP_accuracy_ds_21-30.pdf> <./plots/Granular_Grids/MLP/ac
curacy/grid_MLP_accuracy_ds_31-40.pdf> <./plots/Granular_Grids/MLP/accuracy/gri
d_MLP_accuracy_ds_41-50.pdf> <./plots/Granular_Grids/MLP/accuracy/grid_MLP_accu
racy_ds_51-60.pdf> <./plots/Granular_Grids/MLP/accuracy/grid_MLP_accuracy_ds_61
-70.pdf> <./plots/Granular_Grids/MLP/accuracy/grid_MLP_accuracy_ds_71-80.pdf> <
./plots/Granular_Grids/MLP/accuracy/grid_MLP_accuracy_ds_81-90.pdf> <./plots/Gr
anular_Grids/MLP/accuracy/grid_MLP_accuracy_ds_91-100.pdf>]
<plots/Granular_Grids/MLP/f1_score/grid_MLP_f1_score_ds_1-10.pdf, id=74368, 144
5.4pt x 867.24pt>
File: plots/Granular_Grids/MLP/f1_score/grid_MLP_f1_score_ds_1-10.pdf Graphic f
ile (type pdf)
<use plots/Granular_Grids/MLP/f1_score/grid_MLP_f1_score_ds_1-10.pdf>
Package pdftex.def Info: plots/Granular_Grids/MLP/f1_score/grid_MLP_f1_score_ds
_1-10.pdf  used on input line 1041.
(pdftex.def)             Requested size: 145.68144pt x 87.40396pt.
<plots/Granular_Grids/MLP/f1_score/grid_MLP_f1_score_ds_11-20.pdf, id=74369, 14
45.4pt x 867.24pt>
File: plots/Granular_Grids/MLP/f1_score/grid_MLP_f1_score_ds_11-20.pdf Graphic 
file (type pdf)
<use plots/Granular_Grids/MLP/f1_score/grid_MLP_f1_score_ds_11-20.pdf>
Package pdftex.def Info: plots/Granular_Grids/MLP/f1_score/grid_MLP_f1_score_ds
_11-20.pdf  used on input line 1042.
(pdftex.def)             Requested size: 145.68144pt x 87.40396pt.
<plots/Granular_Grids/MLP/f1_score/grid_MLP_f1_score_ds_21-30.pdf, id=74370, 14
45.4pt x 867.24pt>
File: plots/Granular_Grids/MLP/f1_score/grid_MLP_f1_score_ds_21-30.pdf Graphic 
file (type pdf)
<use plots/Granular_Grids/MLP/f1_score/grid_MLP_f1_score_ds_21-30.pdf>
Package pdftex.def Info: plots/Granular_Grids/MLP/f1_score/grid_MLP_f1_score_ds
_21-30.pdf  used on input line 1043.
(pdftex.def)             Requested size: 145.68144pt x 87.40396pt.
<plots/Granular_Grids/MLP/f1_score/grid_MLP_f1_score_ds_31-40.pdf, id=74371, 14
45.4pt x 867.24pt>
File: plots/Granular_Grids/MLP/f1_score/grid_MLP_f1_score_ds_31-40.pdf Graphic 
file (type pdf)
<use plots/Granular_Grids/MLP/f1_score/grid_MLP_f1_score_ds_31-40.pdf>
Package pdftex.def Info: plots/Granular_Grids/MLP/f1_score/grid_MLP_f1_score_ds
_31-40.pdf  used on input line 1044.
(pdftex.def)             Requested size: 145.68144pt x 87.40396pt.
<plots/Granular_Grids/MLP/f1_score/grid_MLP_f1_score_ds_41-50.pdf, id=74372, 14
45.4pt x 867.24pt>
File: plots/Granular_Grids/MLP/f1_score/grid_MLP_f1_score_ds_41-50.pdf Graphic 
file (type pdf)
<use plots/Granular_Grids/MLP/f1_score/grid_MLP_f1_score_ds_41-50.pdf>
Package pdftex.def Info: plots/Granular_Grids/MLP/f1_score/grid_MLP_f1_score_ds
_41-50.pdf  used on input line 1045.
(pdftex.def)             Requested size: 145.68144pt x 87.40396pt.
<plots/Granular_Grids/MLP/f1_score/grid_MLP_f1_score_ds_51-60.pdf, id=74373, 14
45.4pt x 867.24pt>
File: plots/Granular_Grids/MLP/f1_score/grid_MLP_f1_score_ds_51-60.pdf Graphic 
file (type pdf)
<use plots/Granular_Grids/MLP/f1_score/grid_MLP_f1_score_ds_51-60.pdf>
Package pdftex.def Info: plots/Granular_Grids/MLP/f1_score/grid_MLP_f1_score_ds
_51-60.pdf  used on input line 1046.
(pdftex.def)             Requested size: 145.68144pt x 87.40396pt.
<plots/Granular_Grids/MLP/f1_score/grid_MLP_f1_score_ds_61-70.pdf, id=74374, 14
45.4pt x 867.24pt>
File: plots/Granular_Grids/MLP/f1_score/grid_MLP_f1_score_ds_61-70.pdf Graphic 
file (type pdf)
<use plots/Granular_Grids/MLP/f1_score/grid_MLP_f1_score_ds_61-70.pdf>
Package pdftex.def Info: plots/Granular_Grids/MLP/f1_score/grid_MLP_f1_score_ds
_61-70.pdf  used on input line 1047.
(pdftex.def)             Requested size: 145.68144pt x 87.40396pt.
<plots/Granular_Grids/MLP/f1_score/grid_MLP_f1_score_ds_71-80.pdf, id=74375, 14
45.4pt x 867.24pt>
File: plots/Granular_Grids/MLP/f1_score/grid_MLP_f1_score_ds_71-80.pdf Graphic 
file (type pdf)
<use plots/Granular_Grids/MLP/f1_score/grid_MLP_f1_score_ds_71-80.pdf>
Package pdftex.def Info: plots/Granular_Grids/MLP/f1_score/grid_MLP_f1_score_ds
_71-80.pdf  used on input line 1048.
(pdftex.def)             Requested size: 145.68144pt x 87.40396pt.
<plots/Granular_Grids/MLP/f1_score/grid_MLP_f1_score_ds_81-90.pdf, id=74376, 14
45.4pt x 867.24pt>
File: plots/Granular_Grids/MLP/f1_score/grid_MLP_f1_score_ds_81-90.pdf Graphic 
file (type pdf)
<use plots/Granular_Grids/MLP/f1_score/grid_MLP_f1_score_ds_81-90.pdf>
Package pdftex.def Info: plots/Granular_Grids/MLP/f1_score/grid_MLP_f1_score_ds
_81-90.pdf  used on input line 1049.
(pdftex.def)             Requested size: 145.68144pt x 87.40396pt.
<plots/Granular_Grids/MLP/f1_score/grid_MLP_f1_score_ds_91-100.pdf, id=74377, 1
445.4pt x 867.24pt>
File: plots/Granular_Grids/MLP/f1_score/grid_MLP_f1_score_ds_91-100.pdf Graphic
 file (type pdf)
<use plots/Granular_Grids/MLP/f1_score/grid_MLP_f1_score_ds_91-100.pdf>
Package pdftex.def Info: plots/Granular_Grids/MLP/f1_score/grid_MLP_f1_score_ds
_91-100.pdf  used on input line 1050.
(pdftex.def)             Requested size: 145.68144pt x 87.40396pt.
 [71

 <./plots/Granular_Grids/MLP/f1_score/grid_MLP_f1_score_ds_1-10.pdf> <./plots/G
ranular_Grids/MLP/f1_score/grid_MLP_f1_score_ds_11-20.pdf> <./plots/Granular_Gr
ids/MLP/f1_score/grid_MLP_f1_score_ds_21-30.pdf> <./plots/Granular_Grids/MLP/f1
_score/grid_MLP_f1_score_ds_31-40.pdf> <./plots/Granular_Grids/MLP/f1_score/gri
d_MLP_f1_score_ds_41-50.pdf> <./plots/Granular_Grids/MLP/f1_score/grid_MLP_f1_s
core_ds_51-60.pdf> <./plots/Granular_Grids/MLP/f1_score/grid_MLP_f1_score_ds_61
-70.pdf> <./plots/Granular_Grids/MLP/f1_score/grid_MLP_f1_score_ds_71-80.pdf> <
./plots/Granular_Grids/MLP/f1_score/grid_MLP_f1_score_ds_81-90.pdf> <./plots/Gr
anular_Grids/MLP/f1_score/grid_MLP_f1_score_ds_91-100.pdf>]
<plots/Granular_Grids/MLP/g_mean/grid_MLP_g_mean_ds_1-10.pdf, id=75664, 1445.4p
t x 867.24pt>
File: plots/Granular_Grids/MLP/g_mean/grid_MLP_g_mean_ds_1-10.pdf Graphic file 
(type pdf)
<use plots/Granular_Grids/MLP/g_mean/grid_MLP_g_mean_ds_1-10.pdf>
Package pdftex.def Info: plots/Granular_Grids/MLP/g_mean/grid_MLP_g_mean_ds_1-1
0.pdf  used on input line 1058.
(pdftex.def)             Requested size: 145.68144pt x 87.40396pt.
<plots/Granular_Grids/MLP/g_mean/grid_MLP_g_mean_ds_11-20.pdf, id=75665, 1445.4
pt x 867.24pt>
File: plots/Granular_Grids/MLP/g_mean/grid_MLP_g_mean_ds_11-20.pdf Graphic file
 (type pdf)
<use plots/Granular_Grids/MLP/g_mean/grid_MLP_g_mean_ds_11-20.pdf>
Package pdftex.def Info: plots/Granular_Grids/MLP/g_mean/grid_MLP_g_mean_ds_11-
20.pdf  used on input line 1059.
(pdftex.def)             Requested size: 145.68144pt x 87.40396pt.
<plots/Granular_Grids/MLP/g_mean/grid_MLP_g_mean_ds_21-30.pdf, id=75666, 1445.4
pt x 867.24pt>
File: plots/Granular_Grids/MLP/g_mean/grid_MLP_g_mean_ds_21-30.pdf Graphic file
 (type pdf)
<use plots/Granular_Grids/MLP/g_mean/grid_MLP_g_mean_ds_21-30.pdf>
Package pdftex.def Info: plots/Granular_Grids/MLP/g_mean/grid_MLP_g_mean_ds_21-
30.pdf  used on input line 1060.
(pdftex.def)             Requested size: 145.68144pt x 87.40396pt.
<plots/Granular_Grids/MLP/g_mean/grid_MLP_g_mean_ds_31-40.pdf, id=75667, 1445.4
pt x 867.24pt>
File: plots/Granular_Grids/MLP/g_mean/grid_MLP_g_mean_ds_31-40.pdf Graphic file
 (type pdf)
<use plots/Granular_Grids/MLP/g_mean/grid_MLP_g_mean_ds_31-40.pdf>
Package pdftex.def Info: plots/Granular_Grids/MLP/g_mean/grid_MLP_g_mean_ds_31-
40.pdf  used on input line 1061.
(pdftex.def)             Requested size: 145.68144pt x 87.40396pt.
<plots/Granular_Grids/MLP/g_mean/grid_MLP_g_mean_ds_41-50.pdf, id=75668, 1445.4
pt x 867.24pt>
File: plots/Granular_Grids/MLP/g_mean/grid_MLP_g_mean_ds_41-50.pdf Graphic file
 (type pdf)
<use plots/Granular_Grids/MLP/g_mean/grid_MLP_g_mean_ds_41-50.pdf>
Package pdftex.def Info: plots/Granular_Grids/MLP/g_mean/grid_MLP_g_mean_ds_41-
50.pdf  used on input line 1062.
(pdftex.def)             Requested size: 145.68144pt x 87.40396pt.
<plots/Granular_Grids/MLP/g_mean/grid_MLP_g_mean_ds_51-60.pdf, id=75669, 1445.4
pt x 867.24pt>
File: plots/Granular_Grids/MLP/g_mean/grid_MLP_g_mean_ds_51-60.pdf Graphic file
 (type pdf)
<use plots/Granular_Grids/MLP/g_mean/grid_MLP_g_mean_ds_51-60.pdf>
Package pdftex.def Info: plots/Granular_Grids/MLP/g_mean/grid_MLP_g_mean_ds_51-
60.pdf  used on input line 1063.
(pdftex.def)             Requested size: 145.68144pt x 87.40396pt.
<plots/Granular_Grids/MLP/g_mean/grid_MLP_g_mean_ds_61-70.pdf, id=75670, 1445.4
pt x 867.24pt>
File: plots/Granular_Grids/MLP/g_mean/grid_MLP_g_mean_ds_61-70.pdf Graphic file
 (type pdf)
<use plots/Granular_Grids/MLP/g_mean/grid_MLP_g_mean_ds_61-70.pdf>
Package pdftex.def Info: plots/Granular_Grids/MLP/g_mean/grid_MLP_g_mean_ds_61-
70.pdf  used on input line 1064.
(pdftex.def)             Requested size: 145.68144pt x 87.40396pt.
<plots/Granular_Grids/MLP/g_mean/grid_MLP_g_mean_ds_71-80.pdf, id=75671, 1445.4
pt x 867.24pt>
File: plots/Granular_Grids/MLP/g_mean/grid_MLP_g_mean_ds_71-80.pdf Graphic file
 (type pdf)
<use plots/Granular_Grids/MLP/g_mean/grid_MLP_g_mean_ds_71-80.pdf>
Package pdftex.def Info: plots/Granular_Grids/MLP/g_mean/grid_MLP_g_mean_ds_71-
80.pdf  used on input line 1065.
(pdftex.def)             Requested size: 145.68144pt x 87.40396pt.
<plots/Granular_Grids/MLP/g_mean/grid_MLP_g_mean_ds_81-90.pdf, id=75672, 1445.4
pt x 867.24pt>
File: plots/Granular_Grids/MLP/g_mean/grid_MLP_g_mean_ds_81-90.pdf Graphic file
 (type pdf)
<use plots/Granular_Grids/MLP/g_mean/grid_MLP_g_mean_ds_81-90.pdf>
Package pdftex.def Info: plots/Granular_Grids/MLP/g_mean/grid_MLP_g_mean_ds_81-
90.pdf  used on input line 1066.
(pdftex.def)             Requested size: 145.68144pt x 87.40396pt.
<plots/Granular_Grids/MLP/g_mean/grid_MLP_g_mean_ds_91-100.pdf, id=75673, 1445.
4pt x 867.24pt>
File: plots/Granular_Grids/MLP/g_mean/grid_MLP_g_mean_ds_91-100.pdf Graphic fil
e (type pdf)
<use plots/Granular_Grids/MLP/g_mean/grid_MLP_g_mean_ds_91-100.pdf>
Package pdftex.def Info: plots/Granular_Grids/MLP/g_mean/grid_MLP_g_mean_ds_91-
100.pdf  used on input line 1067.
(pdftex.def)             Requested size: 145.68144pt x 87.40396pt.
 [72

 <./plots/Granular_Grids/MLP/g_mean/grid_MLP_g_mean_ds_1-10.pdf> <./plots/Granu
lar_Grids/MLP/g_mean/grid_MLP_g_mean_ds_11-20.pdf> <./plots/Granular_Grids/MLP/
g_mean/grid_MLP_g_mean_ds_21-30.pdf> <./plots/Granular_Grids/MLP/g_mean/grid_ML
P_g_mean_ds_31-40.pdf> <./plots/Granular_Grids/MLP/g_mean/grid_MLP_g_mean_ds_41
-50.pdf> <./plots/Granular_Grids/MLP/g_mean/grid_MLP_g_mean_ds_51-60.pdf> <./pl
ots/Granular_Grids/MLP/g_mean/grid_MLP_g_mean_ds_61-70.pdf> <./plots/Granular_G
rids/MLP/g_mean/grid_MLP_g_mean_ds_71-80.pdf> <./plots/Granular_Grids/MLP/g_mea
n/grid_MLP_g_mean_ds_81-90.pdf> <./plots/Granular_Grids/MLP/g_mean/grid_MLP_g_m
ean_ds_91-100.pdf>]
<plots/Granular_Grids/MLP/roc_auc/grid_MLP_roc_auc_ds_1-10.pdf, id=76949, 1445.
4pt x 867.24pt>
File: plots/Granular_Grids/MLP/roc_auc/grid_MLP_roc_auc_ds_1-10.pdf Graphic fil
e (type pdf)
<use plots/Granular_Grids/MLP/roc_auc/grid_MLP_roc_auc_ds_1-10.pdf>
Package pdftex.def Info: plots/Granular_Grids/MLP/roc_auc/grid_MLP_roc_auc_ds_1
-10.pdf  used on input line 1075.
(pdftex.def)             Requested size: 145.68144pt x 87.40396pt.
<plots/Granular_Grids/MLP/roc_auc/grid_MLP_roc_auc_ds_11-20.pdf, id=76950, 1445
.4pt x 867.24pt>
File: plots/Granular_Grids/MLP/roc_auc/grid_MLP_roc_auc_ds_11-20.pdf Graphic fi
le (type pdf)
<use plots/Granular_Grids/MLP/roc_auc/grid_MLP_roc_auc_ds_11-20.pdf>
Package pdftex.def Info: plots/Granular_Grids/MLP/roc_auc/grid_MLP_roc_auc_ds_1
1-20.pdf  used on input line 1076.
(pdftex.def)             Requested size: 145.68144pt x 87.40396pt.
<plots/Granular_Grids/MLP/roc_auc/grid_MLP_roc_auc_ds_21-30.pdf, id=76951, 1445
.4pt x 867.24pt>
File: plots/Granular_Grids/MLP/roc_auc/grid_MLP_roc_auc_ds_21-30.pdf Graphic fi
le (type pdf)
<use plots/Granular_Grids/MLP/roc_auc/grid_MLP_roc_auc_ds_21-30.pdf>
Package pdftex.def Info: plots/Granular_Grids/MLP/roc_auc/grid_MLP_roc_auc_ds_2
1-30.pdf  used on input line 1077.
(pdftex.def)             Requested size: 145.68144pt x 87.40396pt.
<plots/Granular_Grids/MLP/roc_auc/grid_MLP_roc_auc_ds_31-40.pdf, id=76952, 1445
.4pt x 867.24pt>
File: plots/Granular_Grids/MLP/roc_auc/grid_MLP_roc_auc_ds_31-40.pdf Graphic fi
le (type pdf)
<use plots/Granular_Grids/MLP/roc_auc/grid_MLP_roc_auc_ds_31-40.pdf>
Package pdftex.def Info: plots/Granular_Grids/MLP/roc_auc/grid_MLP_roc_auc_ds_3
1-40.pdf  used on input line 1078.
(pdftex.def)             Requested size: 145.68144pt x 87.40396pt.
<plots/Granular_Grids/MLP/roc_auc/grid_MLP_roc_auc_ds_41-50.pdf, id=76953, 1445
.4pt x 867.24pt>
File: plots/Granular_Grids/MLP/roc_auc/grid_MLP_roc_auc_ds_41-50.pdf Graphic fi
le (type pdf)
<use plots/Granular_Grids/MLP/roc_auc/grid_MLP_roc_auc_ds_41-50.pdf>
Package pdftex.def Info: plots/Granular_Grids/MLP/roc_auc/grid_MLP_roc_auc_ds_4
1-50.pdf  used on input line 1079.
(pdftex.def)             Requested size: 145.68144pt x 87.40396pt.
<plots/Granular_Grids/MLP/roc_auc/grid_MLP_roc_auc_ds_51-60.pdf, id=76954, 1445
.4pt x 867.24pt>
File: plots/Granular_Grids/MLP/roc_auc/grid_MLP_roc_auc_ds_51-60.pdf Graphic fi
le (type pdf)
<use plots/Granular_Grids/MLP/roc_auc/grid_MLP_roc_auc_ds_51-60.pdf>
Package pdftex.def Info: plots/Granular_Grids/MLP/roc_auc/grid_MLP_roc_auc_ds_5
1-60.pdf  used on input line 1080.
(pdftex.def)             Requested size: 145.68144pt x 87.40396pt.
<plots/Granular_Grids/MLP/roc_auc/grid_MLP_roc_auc_ds_61-70.pdf, id=76955, 1445
.4pt x 867.24pt>
File: plots/Granular_Grids/MLP/roc_auc/grid_MLP_roc_auc_ds_61-70.pdf Graphic fi
le (type pdf)
<use plots/Granular_Grids/MLP/roc_auc/grid_MLP_roc_auc_ds_61-70.pdf>
Package pdftex.def Info: plots/Granular_Grids/MLP/roc_auc/grid_MLP_roc_auc_ds_6
1-70.pdf  used on input line 1081.
(pdftex.def)             Requested size: 145.68144pt x 87.40396pt.
<plots/Granular_Grids/MLP/roc_auc/grid_MLP_roc_auc_ds_71-80.pdf, id=76956, 1445
.4pt x 867.24pt>
File: plots/Granular_Grids/MLP/roc_auc/grid_MLP_roc_auc_ds_71-80.pdf Graphic fi
le (type pdf)
<use plots/Granular_Grids/MLP/roc_auc/grid_MLP_roc_auc_ds_71-80.pdf>
Package pdftex.def Info: plots/Granular_Grids/MLP/roc_auc/grid_MLP_roc_auc_ds_7
1-80.pdf  used on input line 1082.
(pdftex.def)             Requested size: 145.68144pt x 87.40396pt.
<plots/Granular_Grids/MLP/roc_auc/grid_MLP_roc_auc_ds_81-90.pdf, id=76957, 1445
.4pt x 867.24pt>
File: plots/Granular_Grids/MLP/roc_auc/grid_MLP_roc_auc_ds_81-90.pdf Graphic fi
le (type pdf)
<use plots/Granular_Grids/MLP/roc_auc/grid_MLP_roc_auc_ds_81-90.pdf>
Package pdftex.def Info: plots/Granular_Grids/MLP/roc_auc/grid_MLP_roc_auc_ds_8
1-90.pdf  used on input line 1083.
(pdftex.def)             Requested size: 145.68144pt x 87.40396pt.
<plots/Granular_Grids/MLP/roc_auc/grid_MLP_roc_auc_ds_91-100.pdf, id=76958, 144
5.4pt x 867.24pt>
File: plots/Granular_Grids/MLP/roc_auc/grid_MLP_roc_auc_ds_91-100.pdf Graphic f
ile (type pdf)
<use plots/Granular_Grids/MLP/roc_auc/grid_MLP_roc_auc_ds_91-100.pdf>
Package pdftex.def Info: plots/Granular_Grids/MLP/roc_auc/grid_MLP_roc_auc_ds_9
1-100.pdf  used on input line 1084.
(pdftex.def)             Requested size: 145.68144pt x 87.40396pt.
 [73

 <./plots/Granular_Grids/MLP/roc_auc/grid_MLP_roc_auc_ds_1-10.pdf> <./plots/Gra
nular_Grids/MLP/roc_auc/grid_MLP_roc_auc_ds_11-20.pdf> <./plots/Granular_Grids/
MLP/roc_auc/grid_MLP_roc_auc_ds_21-30.pdf> <./plots/Granular_Grids/MLP/roc_auc/
grid_MLP_roc_auc_ds_31-40.pdf> <./plots/Granular_Grids/MLP/roc_auc/grid_MLP_roc
_auc_ds_41-50.pdf> <./plots/Granular_Grids/MLP/roc_auc/grid_MLP_roc_auc_ds_51-6
0.pdf> <./plots/Granular_Grids/MLP/roc_auc/grid_MLP_roc_auc_ds_61-70.pdf> <./pl
ots/Granular_Grids/MLP/roc_auc/grid_MLP_roc_auc_ds_71-80.pdf> <./plots/Granular
_Grids/MLP/roc_auc/grid_MLP_roc_auc_ds_81-90.pdf> <./plots/Granular_Grids/MLP/r
oc_auc/grid_MLP_roc_auc_ds_91-100.pdf>]
<plots/Granular_Grids/OLA/accuracy/grid_OLA_accuracy_ds_1-10.pdf, id=78244, 144
5.4pt x 867.24pt>
File: plots/Granular_Grids/OLA/accuracy/grid_OLA_accuracy_ds_1-10.pdf Graphic f
ile (type pdf)
<use plots/Granular_Grids/OLA/accuracy/grid_OLA_accuracy_ds_1-10.pdf>
Package pdftex.def Info: plots/Granular_Grids/OLA/accuracy/grid_OLA_accuracy_ds
_1-10.pdf  used on input line 1092.
(pdftex.def)             Requested size: 145.68144pt x 87.40396pt.
<plots/Granular_Grids/OLA/accuracy/grid_OLA_accuracy_ds_11-20.pdf, id=78245, 14
45.4pt x 867.24pt>
File: plots/Granular_Grids/OLA/accuracy/grid_OLA_accuracy_ds_11-20.pdf Graphic 
file (type pdf)
<use plots/Granular_Grids/OLA/accuracy/grid_OLA_accuracy_ds_11-20.pdf>
Package pdftex.def Info: plots/Granular_Grids/OLA/accuracy/grid_OLA_accuracy_ds
_11-20.pdf  used on input line 1093.
(pdftex.def)             Requested size: 145.68144pt x 87.40396pt.
<plots/Granular_Grids/OLA/accuracy/grid_OLA_accuracy_ds_21-30.pdf, id=78246, 14
45.4pt x 867.24pt>
File: plots/Granular_Grids/OLA/accuracy/grid_OLA_accuracy_ds_21-30.pdf Graphic 
file (type pdf)
<use plots/Granular_Grids/OLA/accuracy/grid_OLA_accuracy_ds_21-30.pdf>
Package pdftex.def Info: plots/Granular_Grids/OLA/accuracy/grid_OLA_accuracy_ds
_21-30.pdf  used on input line 1094.
(pdftex.def)             Requested size: 145.68144pt x 87.40396pt.
<plots/Granular_Grids/OLA/accuracy/grid_OLA_accuracy_ds_31-40.pdf, id=78247, 14
45.4pt x 867.24pt>
File: plots/Granular_Grids/OLA/accuracy/grid_OLA_accuracy_ds_31-40.pdf Graphic 
file (type pdf)
<use plots/Granular_Grids/OLA/accuracy/grid_OLA_accuracy_ds_31-40.pdf>
Package pdftex.def Info: plots/Granular_Grids/OLA/accuracy/grid_OLA_accuracy_ds
_31-40.pdf  used on input line 1095.
(pdftex.def)             Requested size: 145.68144pt x 87.40396pt.
<plots/Granular_Grids/OLA/accuracy/grid_OLA_accuracy_ds_41-50.pdf, id=78248, 14
45.4pt x 867.24pt>
File: plots/Granular_Grids/OLA/accuracy/grid_OLA_accuracy_ds_41-50.pdf Graphic 
file (type pdf)
<use plots/Granular_Grids/OLA/accuracy/grid_OLA_accuracy_ds_41-50.pdf>
Package pdftex.def Info: plots/Granular_Grids/OLA/accuracy/grid_OLA_accuracy_ds
_41-50.pdf  used on input line 1096.
(pdftex.def)             Requested size: 145.68144pt x 87.40396pt.
<plots/Granular_Grids/OLA/accuracy/grid_OLA_accuracy_ds_51-60.pdf, id=78249, 14
45.4pt x 867.24pt>
File: plots/Granular_Grids/OLA/accuracy/grid_OLA_accuracy_ds_51-60.pdf Graphic 
file (type pdf)
<use plots/Granular_Grids/OLA/accuracy/grid_OLA_accuracy_ds_51-60.pdf>
Package pdftex.def Info: plots/Granular_Grids/OLA/accuracy/grid_OLA_accuracy_ds
_51-60.pdf  used on input line 1097.
(pdftex.def)             Requested size: 145.68144pt x 87.40396pt.
<plots/Granular_Grids/OLA/accuracy/grid_OLA_accuracy_ds_61-70.pdf, id=78250, 14
45.4pt x 867.24pt>
File: plots/Granular_Grids/OLA/accuracy/grid_OLA_accuracy_ds_61-70.pdf Graphic 
file (type pdf)
<use plots/Granular_Grids/OLA/accuracy/grid_OLA_accuracy_ds_61-70.pdf>
Package pdftex.def Info: plots/Granular_Grids/OLA/accuracy/grid_OLA_accuracy_ds
_61-70.pdf  used on input line 1098.
(pdftex.def)             Requested size: 145.68144pt x 87.40396pt.
<plots/Granular_Grids/OLA/accuracy/grid_OLA_accuracy_ds_71-80.pdf, id=78251, 14
45.4pt x 867.24pt>
File: plots/Granular_Grids/OLA/accuracy/grid_OLA_accuracy_ds_71-80.pdf Graphic 
file (type pdf)
<use plots/Granular_Grids/OLA/accuracy/grid_OLA_accuracy_ds_71-80.pdf>
Package pdftex.def Info: plots/Granular_Grids/OLA/accuracy/grid_OLA_accuracy_ds
_71-80.pdf  used on input line 1099.
(pdftex.def)             Requested size: 145.68144pt x 87.40396pt.
<plots/Granular_Grids/OLA/accuracy/grid_OLA_accuracy_ds_81-90.pdf, id=78252, 14
45.4pt x 867.24pt>
File: plots/Granular_Grids/OLA/accuracy/grid_OLA_accuracy_ds_81-90.pdf Graphic 
file (type pdf)
<use plots/Granular_Grids/OLA/accuracy/grid_OLA_accuracy_ds_81-90.pdf>
Package pdftex.def Info: plots/Granular_Grids/OLA/accuracy/grid_OLA_accuracy_ds
_81-90.pdf  used on input line 1100.
(pdftex.def)             Requested size: 145.68144pt x 87.40396pt.
<plots/Granular_Grids/OLA/accuracy/grid_OLA_accuracy_ds_91-100.pdf, id=78253, 1
445.4pt x 867.24pt>
File: plots/Granular_Grids/OLA/accuracy/grid_OLA_accuracy_ds_91-100.pdf Graphic
 file (type pdf)
<use plots/Granular_Grids/OLA/accuracy/grid_OLA_accuracy_ds_91-100.pdf>
Package pdftex.def Info: plots/Granular_Grids/OLA/accuracy/grid_OLA_accuracy_ds
_91-100.pdf  used on input line 1101.
(pdftex.def)             Requested size: 145.68144pt x 87.40396pt.
 [74

 <./plots/Granular_Grids/OLA/accuracy/grid_OLA_accuracy_ds_1-10.pdf> <./plots/G
ranular_Grids/OLA/accuracy/grid_OLA_accuracy_ds_11-20.pdf> <./plots/Granular_Gr
ids/OLA/accuracy/grid_OLA_accuracy_ds_21-30.pdf> <./plots/Granular_Grids/OLA/ac
curacy/grid_OLA_accuracy_ds_31-40.pdf> <./plots/Granular_Grids/OLA/accuracy/gri
d_OLA_accuracy_ds_41-50.pdf> <./plots/Granular_Grids/OLA/accuracy/grid_OLA_accu
racy_ds_51-60.pdf> <./plots/Granular_Grids/OLA/accuracy/grid_OLA_accuracy_ds_61
-70.pdf> <./plots/Granular_Grids/OLA/accuracy/grid_OLA_accuracy_ds_71-80.pdf> <
./plots/Granular_Grids/OLA/accuracy/grid_OLA_accuracy_ds_81-90.pdf> <./plots/Gr
anular_Grids/OLA/accuracy/grid_OLA_accuracy_ds_91-100.pdf>]
<plots/Granular_Grids/OLA/f1_score/grid_OLA_f1_score_ds_1-10.pdf, id=79529, 144
5.4pt x 867.24pt>
File: plots/Granular_Grids/OLA/f1_score/grid_OLA_f1_score_ds_1-10.pdf Graphic f
ile (type pdf)
<use plots/Granular_Grids/OLA/f1_score/grid_OLA_f1_score_ds_1-10.pdf>
Package pdftex.def Info: plots/Granular_Grids/OLA/f1_score/grid_OLA_f1_score_ds
_1-10.pdf  used on input line 1109.
(pdftex.def)             Requested size: 145.68144pt x 87.40396pt.
<plots/Granular_Grids/OLA/f1_score/grid_OLA_f1_score_ds_11-20.pdf, id=79530, 14
45.4pt x 867.24pt>
File: plots/Granular_Grids/OLA/f1_score/grid_OLA_f1_score_ds_11-20.pdf Graphic 
file (type pdf)
<use plots/Granular_Grids/OLA/f1_score/grid_OLA_f1_score_ds_11-20.pdf>
Package pdftex.def Info: plots/Granular_Grids/OLA/f1_score/grid_OLA_f1_score_ds
_11-20.pdf  used on input line 1110.
(pdftex.def)             Requested size: 145.68144pt x 87.40396pt.
<plots/Granular_Grids/OLA/f1_score/grid_OLA_f1_score_ds_21-30.pdf, id=79531, 14
45.4pt x 867.24pt>
File: plots/Granular_Grids/OLA/f1_score/grid_OLA_f1_score_ds_21-30.pdf Graphic 
file (type pdf)
<use plots/Granular_Grids/OLA/f1_score/grid_OLA_f1_score_ds_21-30.pdf>
Package pdftex.def Info: plots/Granular_Grids/OLA/f1_score/grid_OLA_f1_score_ds
_21-30.pdf  used on input line 1111.
(pdftex.def)             Requested size: 145.68144pt x 87.40396pt.
<plots/Granular_Grids/OLA/f1_score/grid_OLA_f1_score_ds_31-40.pdf, id=79532, 14
45.4pt x 867.24pt>
File: plots/Granular_Grids/OLA/f1_score/grid_OLA_f1_score_ds_31-40.pdf Graphic 
file (type pdf)
<use plots/Granular_Grids/OLA/f1_score/grid_OLA_f1_score_ds_31-40.pdf>
Package pdftex.def Info: plots/Granular_Grids/OLA/f1_score/grid_OLA_f1_score_ds
_31-40.pdf  used on input line 1112.
(pdftex.def)             Requested size: 145.68144pt x 87.40396pt.
<plots/Granular_Grids/OLA/f1_score/grid_OLA_f1_score_ds_41-50.pdf, id=79533, 14
45.4pt x 867.24pt>
File: plots/Granular_Grids/OLA/f1_score/grid_OLA_f1_score_ds_41-50.pdf Graphic 
file (type pdf)
<use plots/Granular_Grids/OLA/f1_score/grid_OLA_f1_score_ds_41-50.pdf>
Package pdftex.def Info: plots/Granular_Grids/OLA/f1_score/grid_OLA_f1_score_ds
_41-50.pdf  used on input line 1113.
(pdftex.def)             Requested size: 145.68144pt x 87.40396pt.
<plots/Granular_Grids/OLA/f1_score/grid_OLA_f1_score_ds_51-60.pdf, id=79534, 14
45.4pt x 867.24pt>
File: plots/Granular_Grids/OLA/f1_score/grid_OLA_f1_score_ds_51-60.pdf Graphic 
file (type pdf)
<use plots/Granular_Grids/OLA/f1_score/grid_OLA_f1_score_ds_51-60.pdf>
Package pdftex.def Info: plots/Granular_Grids/OLA/f1_score/grid_OLA_f1_score_ds
_51-60.pdf  used on input line 1114.
(pdftex.def)             Requested size: 145.68144pt x 87.40396pt.
<plots/Granular_Grids/OLA/f1_score/grid_OLA_f1_score_ds_61-70.pdf, id=79535, 14
45.4pt x 867.24pt>
File: plots/Granular_Grids/OLA/f1_score/grid_OLA_f1_score_ds_61-70.pdf Graphic 
file (type pdf)
<use plots/Granular_Grids/OLA/f1_score/grid_OLA_f1_score_ds_61-70.pdf>
Package pdftex.def Info: plots/Granular_Grids/OLA/f1_score/grid_OLA_f1_score_ds
_61-70.pdf  used on input line 1115.
(pdftex.def)             Requested size: 145.68144pt x 87.40396pt.
<plots/Granular_Grids/OLA/f1_score/grid_OLA_f1_score_ds_71-80.pdf, id=79536, 14
45.4pt x 867.24pt>
File: plots/Granular_Grids/OLA/f1_score/grid_OLA_f1_score_ds_71-80.pdf Graphic 
file (type pdf)
<use plots/Granular_Grids/OLA/f1_score/grid_OLA_f1_score_ds_71-80.pdf>
Package pdftex.def Info: plots/Granular_Grids/OLA/f1_score/grid_OLA_f1_score_ds
_71-80.pdf  used on input line 1116.
(pdftex.def)             Requested size: 145.68144pt x 87.40396pt.
<plots/Granular_Grids/OLA/f1_score/grid_OLA_f1_score_ds_81-90.pdf, id=79537, 14
45.4pt x 867.24pt>
File: plots/Granular_Grids/OLA/f1_score/grid_OLA_f1_score_ds_81-90.pdf Graphic 
file (type pdf)
<use plots/Granular_Grids/OLA/f1_score/grid_OLA_f1_score_ds_81-90.pdf>
Package pdftex.def Info: plots/Granular_Grids/OLA/f1_score/grid_OLA_f1_score_ds
_81-90.pdf  used on input line 1117.
(pdftex.def)             Requested size: 145.68144pt x 87.40396pt.
<plots/Granular_Grids/OLA/f1_score/grid_OLA_f1_score_ds_91-100.pdf, id=79538, 1
445.4pt x 867.24pt>
File: plots/Granular_Grids/OLA/f1_score/grid_OLA_f1_score_ds_91-100.pdf Graphic
 file (type pdf)
<use plots/Granular_Grids/OLA/f1_score/grid_OLA_f1_score_ds_91-100.pdf>
Package pdftex.def Info: plots/Granular_Grids/OLA/f1_score/grid_OLA_f1_score_ds
_91-100.pdf  used on input line 1118.
(pdftex.def)             Requested size: 145.68144pt x 87.40396pt.
 [75

 <./plots/Granular_Grids/OLA/f1_score/grid_OLA_f1_score_ds_1-10.pdf> <./plots/G
ranular_Grids/OLA/f1_score/grid_OLA_f1_score_ds_11-20.pdf> <./plots/Granular_Gr
ids/OLA/f1_score/grid_OLA_f1_score_ds_21-30.pdf> <./plots/Granular_Grids/OLA/f1
_score/grid_OLA_f1_score_ds_31-40.pdf> <./plots/Granular_Grids/OLA/f1_score/gri
d_OLA_f1_score_ds_41-50.pdf> <./plots/Granular_Grids/OLA/f1_score/grid_OLA_f1_s
core_ds_51-60.pdf> <./plots/Granular_Grids/OLA/f1_score/grid_OLA_f1_score_ds_61
-70.pdf> <./plots/Granular_Grids/OLA/f1_score/grid_OLA_f1_score_ds_71-80.pdf> <
./plots/Granular_Grids/OLA/f1_score/grid_OLA_f1_score_ds_81-90.pdf> <./plots/Gr
anular_Grids/OLA/f1_score/grid_OLA_f1_score_ds_91-100.pdf>]
<plots/Granular_Grids/OLA/g_mean/grid_OLA_g_mean_ds_1-10.pdf, id=80824, 1445.4p
t x 867.24pt>
File: plots/Granular_Grids/OLA/g_mean/grid_OLA_g_mean_ds_1-10.pdf Graphic file 
(type pdf)
<use plots/Granular_Grids/OLA/g_mean/grid_OLA_g_mean_ds_1-10.pdf>
Package pdftex.def Info: plots/Granular_Grids/OLA/g_mean/grid_OLA_g_mean_ds_1-1
0.pdf  used on input line 1126.
(pdftex.def)             Requested size: 145.68144pt x 87.40396pt.
<plots/Granular_Grids/OLA/g_mean/grid_OLA_g_mean_ds_11-20.pdf, id=80825, 1445.4
pt x 867.24pt>
File: plots/Granular_Grids/OLA/g_mean/grid_OLA_g_mean_ds_11-20.pdf Graphic file
 (type pdf)
<use plots/Granular_Grids/OLA/g_mean/grid_OLA_g_mean_ds_11-20.pdf>
Package pdftex.def Info: plots/Granular_Grids/OLA/g_mean/grid_OLA_g_mean_ds_11-
20.pdf  used on input line 1127.
(pdftex.def)             Requested size: 145.68144pt x 87.40396pt.
<plots/Granular_Grids/OLA/g_mean/grid_OLA_g_mean_ds_21-30.pdf, id=80826, 1445.4
pt x 867.24pt>
File: plots/Granular_Grids/OLA/g_mean/grid_OLA_g_mean_ds_21-30.pdf Graphic file
 (type pdf)
<use plots/Granular_Grids/OLA/g_mean/grid_OLA_g_mean_ds_21-30.pdf>
Package pdftex.def Info: plots/Granular_Grids/OLA/g_mean/grid_OLA_g_mean_ds_21-
30.pdf  used on input line 1128.
(pdftex.def)             Requested size: 145.68144pt x 87.40396pt.
<plots/Granular_Grids/OLA/g_mean/grid_OLA_g_mean_ds_31-40.pdf, id=80827, 1445.4
pt x 867.24pt>
File: plots/Granular_Grids/OLA/g_mean/grid_OLA_g_mean_ds_31-40.pdf Graphic file
 (type pdf)
<use plots/Granular_Grids/OLA/g_mean/grid_OLA_g_mean_ds_31-40.pdf>
Package pdftex.def Info: plots/Granular_Grids/OLA/g_mean/grid_OLA_g_mean_ds_31-
40.pdf  used on input line 1129.
(pdftex.def)             Requested size: 145.68144pt x 87.40396pt.
<plots/Granular_Grids/OLA/g_mean/grid_OLA_g_mean_ds_41-50.pdf, id=80828, 1445.4
pt x 867.24pt>
File: plots/Granular_Grids/OLA/g_mean/grid_OLA_g_mean_ds_41-50.pdf Graphic file
 (type pdf)
<use plots/Granular_Grids/OLA/g_mean/grid_OLA_g_mean_ds_41-50.pdf>
Package pdftex.def Info: plots/Granular_Grids/OLA/g_mean/grid_OLA_g_mean_ds_41-
50.pdf  used on input line 1130.
(pdftex.def)             Requested size: 145.68144pt x 87.40396pt.
<plots/Granular_Grids/OLA/g_mean/grid_OLA_g_mean_ds_51-60.pdf, id=80829, 1445.4
pt x 867.24pt>
File: plots/Granular_Grids/OLA/g_mean/grid_OLA_g_mean_ds_51-60.pdf Graphic file
 (type pdf)
<use plots/Granular_Grids/OLA/g_mean/grid_OLA_g_mean_ds_51-60.pdf>
Package pdftex.def Info: plots/Granular_Grids/OLA/g_mean/grid_OLA_g_mean_ds_51-
60.pdf  used on input line 1131.
(pdftex.def)             Requested size: 145.68144pt x 87.40396pt.
<plots/Granular_Grids/OLA/g_mean/grid_OLA_g_mean_ds_61-70.pdf, id=80830, 1445.4
pt x 867.24pt>
File: plots/Granular_Grids/OLA/g_mean/grid_OLA_g_mean_ds_61-70.pdf Graphic file
 (type pdf)
<use plots/Granular_Grids/OLA/g_mean/grid_OLA_g_mean_ds_61-70.pdf>
Package pdftex.def Info: plots/Granular_Grids/OLA/g_mean/grid_OLA_g_mean_ds_61-
70.pdf  used on input line 1132.
(pdftex.def)             Requested size: 145.68144pt x 87.40396pt.
<plots/Granular_Grids/OLA/g_mean/grid_OLA_g_mean_ds_71-80.pdf, id=80831, 1445.4
pt x 867.24pt>
File: plots/Granular_Grids/OLA/g_mean/grid_OLA_g_mean_ds_71-80.pdf Graphic file
 (type pdf)
<use plots/Granular_Grids/OLA/g_mean/grid_OLA_g_mean_ds_71-80.pdf>
Package pdftex.def Info: plots/Granular_Grids/OLA/g_mean/grid_OLA_g_mean_ds_71-
80.pdf  used on input line 1133.
(pdftex.def)             Requested size: 145.68144pt x 87.40396pt.
<plots/Granular_Grids/OLA/g_mean/grid_OLA_g_mean_ds_81-90.pdf, id=80832, 1445.4
pt x 867.24pt>
File: plots/Granular_Grids/OLA/g_mean/grid_OLA_g_mean_ds_81-90.pdf Graphic file
 (type pdf)
<use plots/Granular_Grids/OLA/g_mean/grid_OLA_g_mean_ds_81-90.pdf>
Package pdftex.def Info: plots/Granular_Grids/OLA/g_mean/grid_OLA_g_mean_ds_81-
90.pdf  used on input line 1134.
(pdftex.def)             Requested size: 145.68144pt x 87.40396pt.
<plots/Granular_Grids/OLA/g_mean/grid_OLA_g_mean_ds_91-100.pdf, id=80833, 1445.
4pt x 867.24pt>
File: plots/Granular_Grids/OLA/g_mean/grid_OLA_g_mean_ds_91-100.pdf Graphic fil
e (type pdf)
<use plots/Granular_Grids/OLA/g_mean/grid_OLA_g_mean_ds_91-100.pdf>
Package pdftex.def Info: plots/Granular_Grids/OLA/g_mean/grid_OLA_g_mean_ds_91-
100.pdf  used on input line 1135.
(pdftex.def)             Requested size: 145.68144pt x 87.40396pt.
 [76

 <./plots/Granular_Grids/OLA/g_mean/grid_OLA_g_mean_ds_1-10.pdf> <./plots/Granu
lar_Grids/OLA/g_mean/grid_OLA_g_mean_ds_11-20.pdf> <./plots/Granular_Grids/OLA/
g_mean/grid_OLA_g_mean_ds_21-30.pdf> <./plots/Granular_Grids/OLA/g_mean/grid_OL
A_g_mean_ds_31-40.pdf> <./plots/Granular_Grids/OLA/g_mean/grid_OLA_g_mean_ds_41
-50.pdf> <./plots/Granular_Grids/OLA/g_mean/grid_OLA_g_mean_ds_51-60.pdf> <./pl
ots/Granular_Grids/OLA/g_mean/grid_OLA_g_mean_ds_61-70.pdf> <./plots/Granular_G
rids/OLA/g_mean/grid_OLA_g_mean_ds_71-80.pdf> <./plots/Granular_Grids/OLA/g_mea
n/grid_OLA_g_mean_ds_81-90.pdf> <./plots/Granular_Grids/OLA/g_mean/grid_OLA_g_m
ean_ds_91-100.pdf>]
<plots/Granular_Grids/OLA/roc_auc/grid_OLA_roc_auc_ds_1-10.pdf, id=82099, 1445.
4pt x 867.24pt>
File: plots/Granular_Grids/OLA/roc_auc/grid_OLA_roc_auc_ds_1-10.pdf Graphic fil
e (type pdf)
<use plots/Granular_Grids/OLA/roc_auc/grid_OLA_roc_auc_ds_1-10.pdf>
Package pdftex.def Info: plots/Granular_Grids/OLA/roc_auc/grid_OLA_roc_auc_ds_1
-10.pdf  used on input line 1143.
(pdftex.def)             Requested size: 145.68144pt x 87.40396pt.
<plots/Granular_Grids/OLA/roc_auc/grid_OLA_roc_auc_ds_11-20.pdf, id=82100, 1445
.4pt x 867.24pt>
File: plots/Granular_Grids/OLA/roc_auc/grid_OLA_roc_auc_ds_11-20.pdf Graphic fi
le (type pdf)
<use plots/Granular_Grids/OLA/roc_auc/grid_OLA_roc_auc_ds_11-20.pdf>
Package pdftex.def Info: plots/Granular_Grids/OLA/roc_auc/grid_OLA_roc_auc_ds_1
1-20.pdf  used on input line 1144.
(pdftex.def)             Requested size: 145.68144pt x 87.40396pt.
<plots/Granular_Grids/OLA/roc_auc/grid_OLA_roc_auc_ds_21-30.pdf, id=82101, 1445
.4pt x 867.24pt>
File: plots/Granular_Grids/OLA/roc_auc/grid_OLA_roc_auc_ds_21-30.pdf Graphic fi
le (type pdf)
<use plots/Granular_Grids/OLA/roc_auc/grid_OLA_roc_auc_ds_21-30.pdf>
Package pdftex.def Info: plots/Granular_Grids/OLA/roc_auc/grid_OLA_roc_auc_ds_2
1-30.pdf  used on input line 1145.
(pdftex.def)             Requested size: 145.68144pt x 87.40396pt.
<plots/Granular_Grids/OLA/roc_auc/grid_OLA_roc_auc_ds_31-40.pdf, id=82102, 1445
.4pt x 867.24pt>
File: plots/Granular_Grids/OLA/roc_auc/grid_OLA_roc_auc_ds_31-40.pdf Graphic fi
le (type pdf)
<use plots/Granular_Grids/OLA/roc_auc/grid_OLA_roc_auc_ds_31-40.pdf>
Package pdftex.def Info: plots/Granular_Grids/OLA/roc_auc/grid_OLA_roc_auc_ds_3
1-40.pdf  used on input line 1146.
(pdftex.def)             Requested size: 145.68144pt x 87.40396pt.
<plots/Granular_Grids/OLA/roc_auc/grid_OLA_roc_auc_ds_41-50.pdf, id=82103, 1445
.4pt x 867.24pt>
File: plots/Granular_Grids/OLA/roc_auc/grid_OLA_roc_auc_ds_41-50.pdf Graphic fi
le (type pdf)
<use plots/Granular_Grids/OLA/roc_auc/grid_OLA_roc_auc_ds_41-50.pdf>
Package pdftex.def Info: plots/Granular_Grids/OLA/roc_auc/grid_OLA_roc_auc_ds_4
1-50.pdf  used on input line 1147.
(pdftex.def)             Requested size: 145.68144pt x 87.40396pt.
<plots/Granular_Grids/OLA/roc_auc/grid_OLA_roc_auc_ds_51-60.pdf, id=82104, 1445
.4pt x 867.24pt>
File: plots/Granular_Grids/OLA/roc_auc/grid_OLA_roc_auc_ds_51-60.pdf Graphic fi
le (type pdf)
<use plots/Granular_Grids/OLA/roc_auc/grid_OLA_roc_auc_ds_51-60.pdf>
Package pdftex.def Info: plots/Granular_Grids/OLA/roc_auc/grid_OLA_roc_auc_ds_5
1-60.pdf  used on input line 1148.
(pdftex.def)             Requested size: 145.68144pt x 87.40396pt.
<plots/Granular_Grids/OLA/roc_auc/grid_OLA_roc_auc_ds_61-70.pdf, id=82105, 1445
.4pt x 867.24pt>
File: plots/Granular_Grids/OLA/roc_auc/grid_OLA_roc_auc_ds_61-70.pdf Graphic fi
le (type pdf)
<use plots/Granular_Grids/OLA/roc_auc/grid_OLA_roc_auc_ds_61-70.pdf>
Package pdftex.def Info: plots/Granular_Grids/OLA/roc_auc/grid_OLA_roc_auc_ds_6
1-70.pdf  used on input line 1149.
(pdftex.def)             Requested size: 145.68144pt x 87.40396pt.
<plots/Granular_Grids/OLA/roc_auc/grid_OLA_roc_auc_ds_71-80.pdf, id=82106, 1445
.4pt x 867.24pt>
File: plots/Granular_Grids/OLA/roc_auc/grid_OLA_roc_auc_ds_71-80.pdf Graphic fi
le (type pdf)
<use plots/Granular_Grids/OLA/roc_auc/grid_OLA_roc_auc_ds_71-80.pdf>
Package pdftex.def Info: plots/Granular_Grids/OLA/roc_auc/grid_OLA_roc_auc_ds_7
1-80.pdf  used on input line 1150.
(pdftex.def)             Requested size: 145.68144pt x 87.40396pt.
<plots/Granular_Grids/OLA/roc_auc/grid_OLA_roc_auc_ds_81-90.pdf, id=82107, 1445
.4pt x 867.24pt>
File: plots/Granular_Grids/OLA/roc_auc/grid_OLA_roc_auc_ds_81-90.pdf Graphic fi
le (type pdf)
<use plots/Granular_Grids/OLA/roc_auc/grid_OLA_roc_auc_ds_81-90.pdf>
Package pdftex.def Info: plots/Granular_Grids/OLA/roc_auc/grid_OLA_roc_auc_ds_8
1-90.pdf  used on input line 1151.
(pdftex.def)             Requested size: 145.68144pt x 87.40396pt.
<plots/Granular_Grids/OLA/roc_auc/grid_OLA_roc_auc_ds_91-100.pdf, id=82108, 144
5.4pt x 867.24pt>
File: plots/Granular_Grids/OLA/roc_auc/grid_OLA_roc_auc_ds_91-100.pdf Graphic f
ile (type pdf)
<use plots/Granular_Grids/OLA/roc_auc/grid_OLA_roc_auc_ds_91-100.pdf>
Package pdftex.def Info: plots/Granular_Grids/OLA/roc_auc/grid_OLA_roc_auc_ds_9
1-100.pdf  used on input line 1152.
(pdftex.def)             Requested size: 145.68144pt x 87.40396pt.
 [77

 <./plots/Granular_Grids/OLA/roc_auc/grid_OLA_roc_auc_ds_1-10.pdf> <./plots/Gra
nular_Grids/OLA/roc_auc/grid_OLA_roc_auc_ds_11-20.pdf> <./plots/Granular_Grids/
OLA/roc_auc/grid_OLA_roc_auc_ds_21-30.pdf> <./plots/Granular_Grids/OLA/roc_auc/
grid_OLA_roc_auc_ds_31-40.pdf> <./plots/Granular_Grids/OLA/roc_auc/grid_OLA_roc
_auc_ds_41-50.pdf> <./plots/Granular_Grids/OLA/roc_auc/grid_OLA_roc_auc_ds_51-6
0.pdf> <./plots/Granular_Grids/OLA/roc_auc/grid_OLA_roc_auc_ds_61-70.pdf> <./pl
ots/Granular_Grids/OLA/roc_auc/grid_OLA_roc_auc_ds_71-80.pdf> <./plots/Granular
_Grids/OLA/roc_auc/grid_OLA_roc_auc_ds_81-90.pdf> <./plots/Granular_Grids/OLA/r
oc_auc/grid_OLA_roc_auc_ds_91-100.pdf>]
<plots/Granular_Grids/Percep/accuracy/grid_Percep_accuracy_ds_1-10.pdf, id=8338
5, 1445.4pt x 867.24pt>
File: plots/Granular_Grids/Percep/accuracy/grid_Percep_accuracy_ds_1-10.pdf Gra
phic file (type pdf)
<use plots/Granular_Grids/Percep/accuracy/grid_Percep_accuracy_ds_1-10.pdf>
Package pdftex.def Info: plots/Granular_Grids/Percep/accuracy/grid_Percep_accur
acy_ds_1-10.pdf  used on input line 1160.
(pdftex.def)             Requested size: 145.68144pt x 87.40396pt.
<plots/Granular_Grids/Percep/accuracy/grid_Percep_accuracy_ds_11-20.pdf, id=833
86, 1445.4pt x 867.24pt>
File: plots/Granular_Grids/Percep/accuracy/grid_Percep_accuracy_ds_11-20.pdf Gr
aphic file (type pdf)
<use plots/Granular_Grids/Percep/accuracy/grid_Percep_accuracy_ds_11-20.pdf>
Package pdftex.def Info: plots/Granular_Grids/Percep/accuracy/grid_Percep_accur
acy_ds_11-20.pdf  used on input line 1161.
(pdftex.def)             Requested size: 145.68144pt x 87.40396pt.
<plots/Granular_Grids/Percep/accuracy/grid_Percep_accuracy_ds_21-30.pdf, id=833
87, 1445.4pt x 867.24pt>
File: plots/Granular_Grids/Percep/accuracy/grid_Percep_accuracy_ds_21-30.pdf Gr
aphic file (type pdf)
<use plots/Granular_Grids/Percep/accuracy/grid_Percep_accuracy_ds_21-30.pdf>
Package pdftex.def Info: plots/Granular_Grids/Percep/accuracy/grid_Percep_accur
acy_ds_21-30.pdf  used on input line 1162.
(pdftex.def)             Requested size: 145.68144pt x 87.40396pt.
<plots/Granular_Grids/Percep/accuracy/grid_Percep_accuracy_ds_31-40.pdf, id=833
88, 1445.4pt x 867.24pt>
File: plots/Granular_Grids/Percep/accuracy/grid_Percep_accuracy_ds_31-40.pdf Gr
aphic file (type pdf)
<use plots/Granular_Grids/Percep/accuracy/grid_Percep_accuracy_ds_31-40.pdf>
Package pdftex.def Info: plots/Granular_Grids/Percep/accuracy/grid_Percep_accur
acy_ds_31-40.pdf  used on input line 1163.
(pdftex.def)             Requested size: 145.68144pt x 87.40396pt.
<plots/Granular_Grids/Percep/accuracy/grid_Percep_accuracy_ds_41-50.pdf, id=833
89, 1445.4pt x 867.24pt>
File: plots/Granular_Grids/Percep/accuracy/grid_Percep_accuracy_ds_41-50.pdf Gr
aphic file (type pdf)
<use plots/Granular_Grids/Percep/accuracy/grid_Percep_accuracy_ds_41-50.pdf>
Package pdftex.def Info: plots/Granular_Grids/Percep/accuracy/grid_Percep_accur
acy_ds_41-50.pdf  used on input line 1164.
(pdftex.def)             Requested size: 145.68144pt x 87.40396pt.
<plots/Granular_Grids/Percep/accuracy/grid_Percep_accuracy_ds_51-60.pdf, id=833
90, 1445.4pt x 867.24pt>
File: plots/Granular_Grids/Percep/accuracy/grid_Percep_accuracy_ds_51-60.pdf Gr
aphic file (type pdf)
<use plots/Granular_Grids/Percep/accuracy/grid_Percep_accuracy_ds_51-60.pdf>
Package pdftex.def Info: plots/Granular_Grids/Percep/accuracy/grid_Percep_accur
acy_ds_51-60.pdf  used on input line 1165.
(pdftex.def)             Requested size: 145.68144pt x 87.40396pt.
<plots/Granular_Grids/Percep/accuracy/grid_Percep_accuracy_ds_61-70.pdf, id=833
91, 1445.4pt x 867.24pt>
File: plots/Granular_Grids/Percep/accuracy/grid_Percep_accuracy_ds_61-70.pdf Gr
aphic file (type pdf)
<use plots/Granular_Grids/Percep/accuracy/grid_Percep_accuracy_ds_61-70.pdf>
Package pdftex.def Info: plots/Granular_Grids/Percep/accuracy/grid_Percep_accur
acy_ds_61-70.pdf  used on input line 1166.
(pdftex.def)             Requested size: 145.68144pt x 87.40396pt.
<plots/Granular_Grids/Percep/accuracy/grid_Percep_accuracy_ds_71-80.pdf, id=833
92, 1445.4pt x 867.24pt>
File: plots/Granular_Grids/Percep/accuracy/grid_Percep_accuracy_ds_71-80.pdf Gr
aphic file (type pdf)
<use plots/Granular_Grids/Percep/accuracy/grid_Percep_accuracy_ds_71-80.pdf>
Package pdftex.def Info: plots/Granular_Grids/Percep/accuracy/grid_Percep_accur
acy_ds_71-80.pdf  used on input line 1167.
(pdftex.def)             Requested size: 145.68144pt x 87.40396pt.
<plots/Granular_Grids/Percep/accuracy/grid_Percep_accuracy_ds_81-90.pdf, id=833
93, 1445.4pt x 867.24pt>
File: plots/Granular_Grids/Percep/accuracy/grid_Percep_accuracy_ds_81-90.pdf Gr
aphic file (type pdf)
<use plots/Granular_Grids/Percep/accuracy/grid_Percep_accuracy_ds_81-90.pdf>
Package pdftex.def Info: plots/Granular_Grids/Percep/accuracy/grid_Percep_accur
acy_ds_81-90.pdf  used on input line 1168.
(pdftex.def)             Requested size: 145.68144pt x 87.40396pt.
<plots/Granular_Grids/Percep/accuracy/grid_Percep_accuracy_ds_91-100.pdf, id=83
394, 1445.4pt x 867.24pt>
File: plots/Granular_Grids/Percep/accuracy/grid_Percep_accuracy_ds_91-100.pdf G
raphic file (type pdf)
<use plots/Granular_Grids/Percep/accuracy/grid_Percep_accuracy_ds_91-100.pdf>
Package pdftex.def Info: plots/Granular_Grids/Percep/accuracy/grid_Percep_accur
acy_ds_91-100.pdf  used on input line 1169.
(pdftex.def)             Requested size: 145.68144pt x 87.40396pt.
 [78

 <./plots/Granular_Grids/Percep/accuracy/grid_Percep_accuracy_ds_1-10.pdf> <./p
lots/Granular_Grids/Percep/accuracy/grid_Percep_accuracy_ds_11-20.pdf> <./plots
/Granular_Grids/Percep/accuracy/grid_Percep_accuracy_ds_21-30.pdf> <./plots/Gra
nular_Grids/Percep/accuracy/grid_Percep_accuracy_ds_31-40.pdf> <./plots/Granula
r_Grids/Percep/accuracy/grid_Percep_accuracy_ds_41-50.pdf> <./plots/Granular_Gr
ids/Percep/accuracy/grid_Percep_accuracy_ds_51-60.pdf> <./plots/Granular_Grids/
Percep/accuracy/grid_Percep_accuracy_ds_61-70.pdf> <./plots/Granular_Grids/Perc
ep/accuracy/grid_Percep_accuracy_ds_71-80.pdf> <./plots/Granular_Grids/Percep/a
ccuracy/grid_Percep_accuracy_ds_81-90.pdf> <./plots/Granular_Grids/Percep/accur
acy/grid_Percep_accuracy_ds_91-100.pdf>]
<plots/Granular_Grids/Percep/f1_score/grid_Percep_f1_score_ds_1-10.pdf, id=8467
0, 1445.4pt x 867.24pt>
File: plots/Granular_Grids/Percep/f1_score/grid_Percep_f1_score_ds_1-10.pdf Gra
phic file (type pdf)
<use plots/Granular_Grids/Percep/f1_score/grid_Percep_f1_score_ds_1-10.pdf>
Package pdftex.def Info: plots/Granular_Grids/Percep/f1_score/grid_Percep_f1_sc
ore_ds_1-10.pdf  used on input line 1177.
(pdftex.def)             Requested size: 145.68144pt x 87.40396pt.
<plots/Granular_Grids/Percep/f1_score/grid_Percep_f1_score_ds_11-20.pdf, id=846
71, 1445.4pt x 867.24pt>
File: plots/Granular_Grids/Percep/f1_score/grid_Percep_f1_score_ds_11-20.pdf Gr
aphic file (type pdf)
<use plots/Granular_Grids/Percep/f1_score/grid_Percep_f1_score_ds_11-20.pdf>
Package pdftex.def Info: plots/Granular_Grids/Percep/f1_score/grid_Percep_f1_sc
ore_ds_11-20.pdf  used on input line 1178.
(pdftex.def)             Requested size: 145.68144pt x 87.40396pt.
<plots/Granular_Grids/Percep/f1_score/grid_Percep_f1_score_ds_21-30.pdf, id=846
72, 1445.4pt x 867.24pt>
File: plots/Granular_Grids/Percep/f1_score/grid_Percep_f1_score_ds_21-30.pdf Gr
aphic file (type pdf)
<use plots/Granular_Grids/Percep/f1_score/grid_Percep_f1_score_ds_21-30.pdf>
Package pdftex.def Info: plots/Granular_Grids/Percep/f1_score/grid_Percep_f1_sc
ore_ds_21-30.pdf  used on input line 1179.
(pdftex.def)             Requested size: 145.68144pt x 87.40396pt.
<plots/Granular_Grids/Percep/f1_score/grid_Percep_f1_score_ds_31-40.pdf, id=846
73, 1445.4pt x 867.24pt>
File: plots/Granular_Grids/Percep/f1_score/grid_Percep_f1_score_ds_31-40.pdf Gr
aphic file (type pdf)
<use plots/Granular_Grids/Percep/f1_score/grid_Percep_f1_score_ds_31-40.pdf>
Package pdftex.def Info: plots/Granular_Grids/Percep/f1_score/grid_Percep_f1_sc
ore_ds_31-40.pdf  used on input line 1180.
(pdftex.def)             Requested size: 145.68144pt x 87.40396pt.
<plots/Granular_Grids/Percep/f1_score/grid_Percep_f1_score_ds_41-50.pdf, id=846
74, 1445.4pt x 867.24pt>
File: plots/Granular_Grids/Percep/f1_score/grid_Percep_f1_score_ds_41-50.pdf Gr
aphic file (type pdf)
<use plots/Granular_Grids/Percep/f1_score/grid_Percep_f1_score_ds_41-50.pdf>
Package pdftex.def Info: plots/Granular_Grids/Percep/f1_score/grid_Percep_f1_sc
ore_ds_41-50.pdf  used on input line 1181.
(pdftex.def)             Requested size: 145.68144pt x 87.40396pt.
<plots/Granular_Grids/Percep/f1_score/grid_Percep_f1_score_ds_51-60.pdf, id=846
75, 1445.4pt x 867.24pt>
File: plots/Granular_Grids/Percep/f1_score/grid_Percep_f1_score_ds_51-60.pdf Gr
aphic file (type pdf)
<use plots/Granular_Grids/Percep/f1_score/grid_Percep_f1_score_ds_51-60.pdf>
Package pdftex.def Info: plots/Granular_Grids/Percep/f1_score/grid_Percep_f1_sc
ore_ds_51-60.pdf  used on input line 1182.
(pdftex.def)             Requested size: 145.68144pt x 87.40396pt.
<plots/Granular_Grids/Percep/f1_score/grid_Percep_f1_score_ds_61-70.pdf, id=846
76, 1445.4pt x 867.24pt>
File: plots/Granular_Grids/Percep/f1_score/grid_Percep_f1_score_ds_61-70.pdf Gr
aphic file (type pdf)
<use plots/Granular_Grids/Percep/f1_score/grid_Percep_f1_score_ds_61-70.pdf>
Package pdftex.def Info: plots/Granular_Grids/Percep/f1_score/grid_Percep_f1_sc
ore_ds_61-70.pdf  used on input line 1183.
(pdftex.def)             Requested size: 145.68144pt x 87.40396pt.
<plots/Granular_Grids/Percep/f1_score/grid_Percep_f1_score_ds_71-80.pdf, id=846
77, 1445.4pt x 867.24pt>
File: plots/Granular_Grids/Percep/f1_score/grid_Percep_f1_score_ds_71-80.pdf Gr
aphic file (type pdf)
<use plots/Granular_Grids/Percep/f1_score/grid_Percep_f1_score_ds_71-80.pdf>
Package pdftex.def Info: plots/Granular_Grids/Percep/f1_score/grid_Percep_f1_sc
ore_ds_71-80.pdf  used on input line 1184.
(pdftex.def)             Requested size: 145.68144pt x 87.40396pt.
<plots/Granular_Grids/Percep/f1_score/grid_Percep_f1_score_ds_81-90.pdf, id=846
78, 1445.4pt x 867.24pt>
File: plots/Granular_Grids/Percep/f1_score/grid_Percep_f1_score_ds_81-90.pdf Gr
aphic file (type pdf)
<use plots/Granular_Grids/Percep/f1_score/grid_Percep_f1_score_ds_81-90.pdf>
Package pdftex.def Info: plots/Granular_Grids/Percep/f1_score/grid_Percep_f1_sc
ore_ds_81-90.pdf  used on input line 1185.
(pdftex.def)             Requested size: 145.68144pt x 87.40396pt.
<plots/Granular_Grids/Percep/f1_score/grid_Percep_f1_score_ds_91-100.pdf, id=84
679, 1445.4pt x 867.24pt>
File: plots/Granular_Grids/Percep/f1_score/grid_Percep_f1_score_ds_91-100.pdf G
raphic file (type pdf)
<use plots/Granular_Grids/Percep/f1_score/grid_Percep_f1_score_ds_91-100.pdf>
Package pdftex.def Info: plots/Granular_Grids/Percep/f1_score/grid_Percep_f1_sc
ore_ds_91-100.pdf  used on input line 1186.
(pdftex.def)             Requested size: 145.68144pt x 87.40396pt.
 [79

 <./plots/Granular_Grids/Percep/f1_score/grid_Percep_f1_score_ds_1-10.pdf> <./p
lots/Granular_Grids/Percep/f1_score/grid_Percep_f1_score_ds_11-20.pdf> <./plots
/Granular_Grids/Percep/f1_score/grid_Percep_f1_score_ds_21-30.pdf> <./plots/Gra
nular_Grids/Percep/f1_score/grid_Percep_f1_score_ds_31-40.pdf> <./plots/Granula
r_Grids/Percep/f1_score/grid_Percep_f1_score_ds_41-50.pdf> <./plots/Granular_Gr
ids/Percep/f1_score/grid_Percep_f1_score_ds_51-60.pdf> <./plots/Granular_Grids/
Percep/f1_score/grid_Percep_f1_score_ds_61-70.pdf> <./plots/Granular_Grids/Perc
ep/f1_score/grid_Percep_f1_score_ds_71-80.pdf> <./plots/Granular_Grids/Percep/f
1_score/grid_Percep_f1_score_ds_81-90.pdf> <./plots/Granular_Grids/Percep/f1_sc
ore/grid_Percep_f1_score_ds_91-100.pdf>]
<plots/Granular_Grids/Percep/g_mean/grid_Percep_g_mean_ds_1-10.pdf, id=85955, 1
445.4pt x 867.24pt>
File: plots/Granular_Grids/Percep/g_mean/grid_Percep_g_mean_ds_1-10.pdf Graphic
 file (type pdf)
<use plots/Granular_Grids/Percep/g_mean/grid_Percep_g_mean_ds_1-10.pdf>
Package pdftex.def Info: plots/Granular_Grids/Percep/g_mean/grid_Percep_g_mean_
ds_1-10.pdf  used on input line 1194.
(pdftex.def)             Requested size: 145.68144pt x 87.40396pt.
<plots/Granular_Grids/Percep/g_mean/grid_Percep_g_mean_ds_11-20.pdf, id=85956, 
1445.4pt x 867.24pt>
File: plots/Granular_Grids/Percep/g_mean/grid_Percep_g_mean_ds_11-20.pdf Graphi
c file (type pdf)
<use plots/Granular_Grids/Percep/g_mean/grid_Percep_g_mean_ds_11-20.pdf>
Package pdftex.def Info: plots/Granular_Grids/Percep/g_mean/grid_Percep_g_mean_
ds_11-20.pdf  used on input line 1195.
(pdftex.def)             Requested size: 145.68144pt x 87.40396pt.
<plots/Granular_Grids/Percep/g_mean/grid_Percep_g_mean_ds_21-30.pdf, id=85957, 
1445.4pt x 867.24pt>
File: plots/Granular_Grids/Percep/g_mean/grid_Percep_g_mean_ds_21-30.pdf Graphi
c file (type pdf)
<use plots/Granular_Grids/Percep/g_mean/grid_Percep_g_mean_ds_21-30.pdf>
Package pdftex.def Info: plots/Granular_Grids/Percep/g_mean/grid_Percep_g_mean_
ds_21-30.pdf  used on input line 1196.
(pdftex.def)             Requested size: 145.68144pt x 87.40396pt.
<plots/Granular_Grids/Percep/g_mean/grid_Percep_g_mean_ds_31-40.pdf, id=85958, 
1445.4pt x 867.24pt>
File: plots/Granular_Grids/Percep/g_mean/grid_Percep_g_mean_ds_31-40.pdf Graphi
c file (type pdf)
<use plots/Granular_Grids/Percep/g_mean/grid_Percep_g_mean_ds_31-40.pdf>
Package pdftex.def Info: plots/Granular_Grids/Percep/g_mean/grid_Percep_g_mean_
ds_31-40.pdf  used on input line 1197.
(pdftex.def)             Requested size: 145.68144pt x 87.40396pt.
<plots/Granular_Grids/Percep/g_mean/grid_Percep_g_mean_ds_41-50.pdf, id=85959, 
1445.4pt x 867.24pt>
File: plots/Granular_Grids/Percep/g_mean/grid_Percep_g_mean_ds_41-50.pdf Graphi
c file (type pdf)
<use plots/Granular_Grids/Percep/g_mean/grid_Percep_g_mean_ds_41-50.pdf>
Package pdftex.def Info: plots/Granular_Grids/Percep/g_mean/grid_Percep_g_mean_
ds_41-50.pdf  used on input line 1198.
(pdftex.def)             Requested size: 145.68144pt x 87.40396pt.
<plots/Granular_Grids/Percep/g_mean/grid_Percep_g_mean_ds_51-60.pdf, id=85960, 
1445.4pt x 867.24pt>
File: plots/Granular_Grids/Percep/g_mean/grid_Percep_g_mean_ds_51-60.pdf Graphi
c file (type pdf)
<use plots/Granular_Grids/Percep/g_mean/grid_Percep_g_mean_ds_51-60.pdf>
Package pdftex.def Info: plots/Granular_Grids/Percep/g_mean/grid_Percep_g_mean_
ds_51-60.pdf  used on input line 1199.
(pdftex.def)             Requested size: 145.68144pt x 87.40396pt.
<plots/Granular_Grids/Percep/g_mean/grid_Percep_g_mean_ds_61-70.pdf, id=85961, 
1445.4pt x 867.24pt>
File: plots/Granular_Grids/Percep/g_mean/grid_Percep_g_mean_ds_61-70.pdf Graphi
c file (type pdf)
<use plots/Granular_Grids/Percep/g_mean/grid_Percep_g_mean_ds_61-70.pdf>
Package pdftex.def Info: plots/Granular_Grids/Percep/g_mean/grid_Percep_g_mean_
ds_61-70.pdf  used on input line 1200.
(pdftex.def)             Requested size: 145.68144pt x 87.40396pt.
<plots/Granular_Grids/Percep/g_mean/grid_Percep_g_mean_ds_71-80.pdf, id=85962, 
1445.4pt x 867.24pt>
File: plots/Granular_Grids/Percep/g_mean/grid_Percep_g_mean_ds_71-80.pdf Graphi
c file (type pdf)
<use plots/Granular_Grids/Percep/g_mean/grid_Percep_g_mean_ds_71-80.pdf>
Package pdftex.def Info: plots/Granular_Grids/Percep/g_mean/grid_Percep_g_mean_
ds_71-80.pdf  used on input line 1201.
(pdftex.def)             Requested size: 145.68144pt x 87.40396pt.
<plots/Granular_Grids/Percep/g_mean/grid_Percep_g_mean_ds_81-90.pdf, id=85963, 
1445.4pt x 867.24pt>
File: plots/Granular_Grids/Percep/g_mean/grid_Percep_g_mean_ds_81-90.pdf Graphi
c file (type pdf)
<use plots/Granular_Grids/Percep/g_mean/grid_Percep_g_mean_ds_81-90.pdf>
Package pdftex.def Info: plots/Granular_Grids/Percep/g_mean/grid_Percep_g_mean_
ds_81-90.pdf  used on input line 1202.
(pdftex.def)             Requested size: 145.68144pt x 87.40396pt.
<plots/Granular_Grids/Percep/g_mean/grid_Percep_g_mean_ds_91-100.pdf, id=85964,
 1445.4pt x 867.24pt>
File: plots/Granular_Grids/Percep/g_mean/grid_Percep_g_mean_ds_91-100.pdf Graph
ic file (type pdf)
<use plots/Granular_Grids/Percep/g_mean/grid_Percep_g_mean_ds_91-100.pdf>
Package pdftex.def Info: plots/Granular_Grids/Percep/g_mean/grid_Percep_g_mean_
ds_91-100.pdf  used on input line 1203.
(pdftex.def)             Requested size: 145.68144pt x 87.40396pt.
 [80

 <./plots/Granular_Grids/Percep/g_mean/grid_Percep_g_mean_ds_1-10.pdf> <./plots
/Granular_Grids/Percep/g_mean/grid_Percep_g_mean_ds_11-20.pdf> <./plots/Granula
r_Grids/Percep/g_mean/grid_Percep_g_mean_ds_21-30.pdf> <./plots/Granular_Grids/
Percep/g_mean/grid_Percep_g_mean_ds_31-40.pdf> <./plots/Granular_Grids/Percep/g
_mean/grid_Percep_g_mean_ds_41-50.pdf> <./plots/Granular_Grids/Percep/g_mean/gr
id_Percep_g_mean_ds_51-60.pdf> <./plots/Granular_Grids/Percep/g_mean/grid_Perce
p_g_mean_ds_61-70.pdf> <./plots/Granular_Grids/Percep/g_mean/grid_Percep_g_mean
_ds_71-80.pdf> <./plots/Granular_Grids/Percep/g_mean/grid_Percep_g_mean_ds_81-9
0.pdf> <./plots/Granular_Grids/Percep/g_mean/grid_Percep_g_mean_ds_91-100.pdf>]
<plots/Granular_Grids/Percep/roc_auc/grid_Percep_roc_auc_ds_1-10.pdf, id=87230,
 1445.4pt x 867.24pt>
File: plots/Granular_Grids/Percep/roc_auc/grid_Percep_roc_auc_ds_1-10.pdf Graph
ic file (type pdf)
<use plots/Granular_Grids/Percep/roc_auc/grid_Percep_roc_auc_ds_1-10.pdf>
Package pdftex.def Info: plots/Granular_Grids/Percep/roc_auc/grid_Percep_roc_au
c_ds_1-10.pdf  used on input line 1211.
(pdftex.def)             Requested size: 145.68144pt x 87.40396pt.
<plots/Granular_Grids/Percep/roc_auc/grid_Percep_roc_auc_ds_11-20.pdf, id=87231
, 1445.4pt x 867.24pt>
File: plots/Granular_Grids/Percep/roc_auc/grid_Percep_roc_auc_ds_11-20.pdf Grap
hic file (type pdf)
<use plots/Granular_Grids/Percep/roc_auc/grid_Percep_roc_auc_ds_11-20.pdf>
Package pdftex.def Info: plots/Granular_Grids/Percep/roc_auc/grid_Percep_roc_au
c_ds_11-20.pdf  used on input line 1212.
(pdftex.def)             Requested size: 145.68144pt x 87.40396pt.
<plots/Granular_Grids/Percep/roc_auc/grid_Percep_roc_auc_ds_21-30.pdf, id=87232
, 1445.4pt x 867.24pt>
File: plots/Granular_Grids/Percep/roc_auc/grid_Percep_roc_auc_ds_21-30.pdf Grap
hic file (type pdf)
<use plots/Granular_Grids/Percep/roc_auc/grid_Percep_roc_auc_ds_21-30.pdf>
Package pdftex.def Info: plots/Granular_Grids/Percep/roc_auc/grid_Percep_roc_au
c_ds_21-30.pdf  used on input line 1213.
(pdftex.def)             Requested size: 145.68144pt x 87.40396pt.
<plots/Granular_Grids/Percep/roc_auc/grid_Percep_roc_auc_ds_31-40.pdf, id=87233
, 1445.4pt x 867.24pt>
File: plots/Granular_Grids/Percep/roc_auc/grid_Percep_roc_auc_ds_31-40.pdf Grap
hic file (type pdf)
<use plots/Granular_Grids/Percep/roc_auc/grid_Percep_roc_auc_ds_31-40.pdf>
Package pdftex.def Info: plots/Granular_Grids/Percep/roc_auc/grid_Percep_roc_au
c_ds_31-40.pdf  used on input line 1214.
(pdftex.def)             Requested size: 145.68144pt x 87.40396pt.
<plots/Granular_Grids/Percep/roc_auc/grid_Percep_roc_auc_ds_41-50.pdf, id=87234
, 1445.4pt x 867.24pt>
File: plots/Granular_Grids/Percep/roc_auc/grid_Percep_roc_auc_ds_41-50.pdf Grap
hic file (type pdf)
<use plots/Granular_Grids/Percep/roc_auc/grid_Percep_roc_auc_ds_41-50.pdf>
Package pdftex.def Info: plots/Granular_Grids/Percep/roc_auc/grid_Percep_roc_au
c_ds_41-50.pdf  used on input line 1215.
(pdftex.def)             Requested size: 145.68144pt x 87.40396pt.
<plots/Granular_Grids/Percep/roc_auc/grid_Percep_roc_auc_ds_51-60.pdf, id=87235
, 1445.4pt x 867.24pt>
File: plots/Granular_Grids/Percep/roc_auc/grid_Percep_roc_auc_ds_51-60.pdf Grap
hic file (type pdf)
<use plots/Granular_Grids/Percep/roc_auc/grid_Percep_roc_auc_ds_51-60.pdf>
Package pdftex.def Info: plots/Granular_Grids/Percep/roc_auc/grid_Percep_roc_au
c_ds_51-60.pdf  used on input line 1216.
(pdftex.def)             Requested size: 145.68144pt x 87.40396pt.
<plots/Granular_Grids/Percep/roc_auc/grid_Percep_roc_auc_ds_61-70.pdf, id=87236
, 1445.4pt x 867.24pt>
File: plots/Granular_Grids/Percep/roc_auc/grid_Percep_roc_auc_ds_61-70.pdf Grap
hic file (type pdf)
<use plots/Granular_Grids/Percep/roc_auc/grid_Percep_roc_auc_ds_61-70.pdf>
Package pdftex.def Info: plots/Granular_Grids/Percep/roc_auc/grid_Percep_roc_au
c_ds_61-70.pdf  used on input line 1217.
(pdftex.def)             Requested size: 145.68144pt x 87.40396pt.
<plots/Granular_Grids/Percep/roc_auc/grid_Percep_roc_auc_ds_71-80.pdf, id=87237
, 1445.4pt x 867.24pt>
File: plots/Granular_Grids/Percep/roc_auc/grid_Percep_roc_auc_ds_71-80.pdf Grap
hic file (type pdf)
<use plots/Granular_Grids/Percep/roc_auc/grid_Percep_roc_auc_ds_71-80.pdf>
Package pdftex.def Info: plots/Granular_Grids/Percep/roc_auc/grid_Percep_roc_au
c_ds_71-80.pdf  used on input line 1218.
(pdftex.def)             Requested size: 145.68144pt x 87.40396pt.
<plots/Granular_Grids/Percep/roc_auc/grid_Percep_roc_auc_ds_81-90.pdf, id=87238
, 1445.4pt x 867.24pt>
File: plots/Granular_Grids/Percep/roc_auc/grid_Percep_roc_auc_ds_81-90.pdf Grap
hic file (type pdf)
<use plots/Granular_Grids/Percep/roc_auc/grid_Percep_roc_auc_ds_81-90.pdf>
Package pdftex.def Info: plots/Granular_Grids/Percep/roc_auc/grid_Percep_roc_au
c_ds_81-90.pdf  used on input line 1219.
(pdftex.def)             Requested size: 145.68144pt x 87.40396pt.
<plots/Granular_Grids/Percep/roc_auc/grid_Percep_roc_auc_ds_91-100.pdf, id=8723
9, 1445.4pt x 867.24pt>
File: plots/Granular_Grids/Percep/roc_auc/grid_Percep_roc_auc_ds_91-100.pdf Gra
phic file (type pdf)
<use plots/Granular_Grids/Percep/roc_auc/grid_Percep_roc_auc_ds_91-100.pdf>
Package pdftex.def Info: plots/Granular_Grids/Percep/roc_auc/grid_Percep_roc_au
c_ds_91-100.pdf  used on input line 1220.
(pdftex.def)             Requested size: 145.68144pt x 87.40396pt.
 [81

 <./plots/Granular_Grids/Percep/roc_auc/grid_Percep_roc_auc_ds_1-10.pdf> <./plo
ts/Granular_Grids/Percep/roc_auc/grid_Percep_roc_auc_ds_11-20.pdf> <./plots/Gra
nular_Grids/Percep/roc_auc/grid_Percep_roc_auc_ds_21-30.pdf> <./plots/Granular_
Grids/Percep/roc_auc/grid_Percep_roc_auc_ds_31-40.pdf> <./plots/Granular_Grids/
Percep/roc_auc/grid_Percep_roc_auc_ds_41-50.pdf> <./plots/Granular_Grids/Percep
/roc_auc/grid_Percep_roc_auc_ds_51-60.pdf> <./plots/Granular_Grids/Percep/roc_a
uc/grid_Percep_roc_auc_ds_61-70.pdf> <./plots/Granular_Grids/Percep/roc_auc/gri
d_Percep_roc_auc_ds_71-80.pdf> <./plots/Granular_Grids/Percep/roc_auc/grid_Perc
ep_roc_auc_ds_81-90.pdf> <./plots/Granular_Grids/Percep/roc_auc/grid_Percep_roc
_auc_ds_91-100.pdf>]
<plots/Granular_Grids/QDA/accuracy/grid_QDA_accuracy_ds_1-10.pdf, id=88515, 144
5.4pt x 867.24pt>
File: plots/Granular_Grids/QDA/accuracy/grid_QDA_accuracy_ds_1-10.pdf Graphic f
ile (type pdf)
<use plots/Granular_Grids/QDA/accuracy/grid_QDA_accuracy_ds_1-10.pdf>
Package pdftex.def Info: plots/Granular_Grids/QDA/accuracy/grid_QDA_accuracy_ds
_1-10.pdf  used on input line 1228.
(pdftex.def)             Requested size: 145.68144pt x 87.40396pt.
<plots/Granular_Grids/QDA/accuracy/grid_QDA_accuracy_ds_11-20.pdf, id=88516, 14
45.4pt x 867.24pt>
File: plots/Granular_Grids/QDA/accuracy/grid_QDA_accuracy_ds_11-20.pdf Graphic 
file (type pdf)
<use plots/Granular_Grids/QDA/accuracy/grid_QDA_accuracy_ds_11-20.pdf>
Package pdftex.def Info: plots/Granular_Grids/QDA/accuracy/grid_QDA_accuracy_ds
_11-20.pdf  used on input line 1229.
(pdftex.def)             Requested size: 145.68144pt x 87.40396pt.
<plots/Granular_Grids/QDA/accuracy/grid_QDA_accuracy_ds_21-30.pdf, id=88517, 14
45.4pt x 867.24pt>
File: plots/Granular_Grids/QDA/accuracy/grid_QDA_accuracy_ds_21-30.pdf Graphic 
file (type pdf)
<use plots/Granular_Grids/QDA/accuracy/grid_QDA_accuracy_ds_21-30.pdf>
Package pdftex.def Info: plots/Granular_Grids/QDA/accuracy/grid_QDA_accuracy_ds
_21-30.pdf  used on input line 1230.
(pdftex.def)             Requested size: 145.68144pt x 87.40396pt.
<plots/Granular_Grids/QDA/accuracy/grid_QDA_accuracy_ds_31-40.pdf, id=88518, 14
45.4pt x 867.24pt>
File: plots/Granular_Grids/QDA/accuracy/grid_QDA_accuracy_ds_31-40.pdf Graphic 
file (type pdf)
<use plots/Granular_Grids/QDA/accuracy/grid_QDA_accuracy_ds_31-40.pdf>
Package pdftex.def Info: plots/Granular_Grids/QDA/accuracy/grid_QDA_accuracy_ds
_31-40.pdf  used on input line 1231.
(pdftex.def)             Requested size: 145.68144pt x 87.40396pt.
<plots/Granular_Grids/QDA/accuracy/grid_QDA_accuracy_ds_41-50.pdf, id=88519, 14
45.4pt x 867.24pt>
File: plots/Granular_Grids/QDA/accuracy/grid_QDA_accuracy_ds_41-50.pdf Graphic 
file (type pdf)
<use plots/Granular_Grids/QDA/accuracy/grid_QDA_accuracy_ds_41-50.pdf>
Package pdftex.def Info: plots/Granular_Grids/QDA/accuracy/grid_QDA_accuracy_ds
_41-50.pdf  used on input line 1232.
(pdftex.def)             Requested size: 145.68144pt x 87.40396pt.
<plots/Granular_Grids/QDA/accuracy/grid_QDA_accuracy_ds_51-60.pdf, id=88520, 14
45.4pt x 867.24pt>
File: plots/Granular_Grids/QDA/accuracy/grid_QDA_accuracy_ds_51-60.pdf Graphic 
file (type pdf)
<use plots/Granular_Grids/QDA/accuracy/grid_QDA_accuracy_ds_51-60.pdf>
Package pdftex.def Info: plots/Granular_Grids/QDA/accuracy/grid_QDA_accuracy_ds
_51-60.pdf  used on input line 1233.
(pdftex.def)             Requested size: 145.68144pt x 87.40396pt.
<plots/Granular_Grids/QDA/accuracy/grid_QDA_accuracy_ds_61-70.pdf, id=88521, 14
45.4pt x 867.24pt>
File: plots/Granular_Grids/QDA/accuracy/grid_QDA_accuracy_ds_61-70.pdf Graphic 
file (type pdf)
<use plots/Granular_Grids/QDA/accuracy/grid_QDA_accuracy_ds_61-70.pdf>
Package pdftex.def Info: plots/Granular_Grids/QDA/accuracy/grid_QDA_accuracy_ds
_61-70.pdf  used on input line 1234.
(pdftex.def)             Requested size: 145.68144pt x 87.40396pt.
<plots/Granular_Grids/QDA/accuracy/grid_QDA_accuracy_ds_71-80.pdf, id=88522, 14
45.4pt x 867.24pt>
File: plots/Granular_Grids/QDA/accuracy/grid_QDA_accuracy_ds_71-80.pdf Graphic 
file (type pdf)
<use plots/Granular_Grids/QDA/accuracy/grid_QDA_accuracy_ds_71-80.pdf>
Package pdftex.def Info: plots/Granular_Grids/QDA/accuracy/grid_QDA_accuracy_ds
_71-80.pdf  used on input line 1235.
(pdftex.def)             Requested size: 145.68144pt x 87.40396pt.
<plots/Granular_Grids/QDA/accuracy/grid_QDA_accuracy_ds_81-90.pdf, id=88523, 14
45.4pt x 867.24pt>
File: plots/Granular_Grids/QDA/accuracy/grid_QDA_accuracy_ds_81-90.pdf Graphic 
file (type pdf)
<use plots/Granular_Grids/QDA/accuracy/grid_QDA_accuracy_ds_81-90.pdf>
Package pdftex.def Info: plots/Granular_Grids/QDA/accuracy/grid_QDA_accuracy_ds
_81-90.pdf  used on input line 1236.
(pdftex.def)             Requested size: 145.68144pt x 87.40396pt.
<plots/Granular_Grids/QDA/accuracy/grid_QDA_accuracy_ds_91-100.pdf, id=88524, 1
445.4pt x 867.24pt>
File: plots/Granular_Grids/QDA/accuracy/grid_QDA_accuracy_ds_91-100.pdf Graphic
 file (type pdf)
<use plots/Granular_Grids/QDA/accuracy/grid_QDA_accuracy_ds_91-100.pdf>
Package pdftex.def Info: plots/Granular_Grids/QDA/accuracy/grid_QDA_accuracy_ds
_91-100.pdf  used on input line 1237.
(pdftex.def)             Requested size: 145.68144pt x 87.40396pt.
 [82

 <./plots/Granular_Grids/QDA/accuracy/grid_QDA_accuracy_ds_1-10.pdf> <./plots/G
ranular_Grids/QDA/accuracy/grid_QDA_accuracy_ds_11-20.pdf> <./plots/Granular_Gr
ids/QDA/accuracy/grid_QDA_accuracy_ds_21-30.pdf> <./plots/Granular_Grids/QDA/ac
curacy/grid_QDA_accuracy_ds_31-40.pdf> <./plots/Granular_Grids/QDA/accuracy/gri
d_QDA_accuracy_ds_41-50.pdf> <./plots/Granular_Grids/QDA/accuracy/grid_QDA_accu
racy_ds_51-60.pdf> <./plots/Granular_Grids/QDA/accuracy/grid_QDA_accuracy_ds_61
-70.pdf> <./plots/Granular_Grids/QDA/accuracy/grid_QDA_accuracy_ds_71-80.pdf> <
./plots/Granular_Grids/QDA/accuracy/grid_QDA_accuracy_ds_81-90.pdf> <./plots/Gr
anular_Grids/QDA/accuracy/grid_QDA_accuracy_ds_91-100.pdf>]
<plots/Granular_Grids/QDA/f1_score/grid_QDA_f1_score_ds_1-10.pdf, id=89800, 144
5.4pt x 867.24pt>
File: plots/Granular_Grids/QDA/f1_score/grid_QDA_f1_score_ds_1-10.pdf Graphic f
ile (type pdf)
<use plots/Granular_Grids/QDA/f1_score/grid_QDA_f1_score_ds_1-10.pdf>
Package pdftex.def Info: plots/Granular_Grids/QDA/f1_score/grid_QDA_f1_score_ds
_1-10.pdf  used on input line 1245.
(pdftex.def)             Requested size: 145.68144pt x 87.40396pt.
<plots/Granular_Grids/QDA/f1_score/grid_QDA_f1_score_ds_11-20.pdf, id=89801, 14
45.4pt x 867.24pt>
File: plots/Granular_Grids/QDA/f1_score/grid_QDA_f1_score_ds_11-20.pdf Graphic 
file (type pdf)
<use plots/Granular_Grids/QDA/f1_score/grid_QDA_f1_score_ds_11-20.pdf>
Package pdftex.def Info: plots/Granular_Grids/QDA/f1_score/grid_QDA_f1_score_ds
_11-20.pdf  used on input line 1246.
(pdftex.def)             Requested size: 145.68144pt x 87.40396pt.
<plots/Granular_Grids/QDA/f1_score/grid_QDA_f1_score_ds_21-30.pdf, id=89802, 14
45.4pt x 867.24pt>
File: plots/Granular_Grids/QDA/f1_score/grid_QDA_f1_score_ds_21-30.pdf Graphic 
file (type pdf)
<use plots/Granular_Grids/QDA/f1_score/grid_QDA_f1_score_ds_21-30.pdf>
Package pdftex.def Info: plots/Granular_Grids/QDA/f1_score/grid_QDA_f1_score_ds
_21-30.pdf  used on input line 1247.
(pdftex.def)             Requested size: 145.68144pt x 87.40396pt.
<plots/Granular_Grids/QDA/f1_score/grid_QDA_f1_score_ds_31-40.pdf, id=89803, 14
45.4pt x 867.24pt>
File: plots/Granular_Grids/QDA/f1_score/grid_QDA_f1_score_ds_31-40.pdf Graphic 
file (type pdf)
<use plots/Granular_Grids/QDA/f1_score/grid_QDA_f1_score_ds_31-40.pdf>
Package pdftex.def Info: plots/Granular_Grids/QDA/f1_score/grid_QDA_f1_score_ds
_31-40.pdf  used on input line 1248.
(pdftex.def)             Requested size: 145.68144pt x 87.40396pt.
<plots/Granular_Grids/QDA/f1_score/grid_QDA_f1_score_ds_41-50.pdf, id=89804, 14
45.4pt x 867.24pt>
File: plots/Granular_Grids/QDA/f1_score/grid_QDA_f1_score_ds_41-50.pdf Graphic 
file (type pdf)
<use plots/Granular_Grids/QDA/f1_score/grid_QDA_f1_score_ds_41-50.pdf>
Package pdftex.def Info: plots/Granular_Grids/QDA/f1_score/grid_QDA_f1_score_ds
_41-50.pdf  used on input line 1249.
(pdftex.def)             Requested size: 145.68144pt x 87.40396pt.
<plots/Granular_Grids/QDA/f1_score/grid_QDA_f1_score_ds_51-60.pdf, id=89805, 14
45.4pt x 867.24pt>
File: plots/Granular_Grids/QDA/f1_score/grid_QDA_f1_score_ds_51-60.pdf Graphic 
file (type pdf)
<use plots/Granular_Grids/QDA/f1_score/grid_QDA_f1_score_ds_51-60.pdf>
Package pdftex.def Info: plots/Granular_Grids/QDA/f1_score/grid_QDA_f1_score_ds
_51-60.pdf  used on input line 1250.
(pdftex.def)             Requested size: 145.68144pt x 87.40396pt.
<plots/Granular_Grids/QDA/f1_score/grid_QDA_f1_score_ds_61-70.pdf, id=89806, 14
45.4pt x 867.24pt>
File: plots/Granular_Grids/QDA/f1_score/grid_QDA_f1_score_ds_61-70.pdf Graphic 
file (type pdf)
<use plots/Granular_Grids/QDA/f1_score/grid_QDA_f1_score_ds_61-70.pdf>
Package pdftex.def Info: plots/Granular_Grids/QDA/f1_score/grid_QDA_f1_score_ds
_61-70.pdf  used on input line 1251.
(pdftex.def)             Requested size: 145.68144pt x 87.40396pt.
<plots/Granular_Grids/QDA/f1_score/grid_QDA_f1_score_ds_71-80.pdf, id=89807, 14
45.4pt x 867.24pt>
File: plots/Granular_Grids/QDA/f1_score/grid_QDA_f1_score_ds_71-80.pdf Graphic 
file (type pdf)
<use plots/Granular_Grids/QDA/f1_score/grid_QDA_f1_score_ds_71-80.pdf>
Package pdftex.def Info: plots/Granular_Grids/QDA/f1_score/grid_QDA_f1_score_ds
_71-80.pdf  used on input line 1252.
(pdftex.def)             Requested size: 145.68144pt x 87.40396pt.
<plots/Granular_Grids/QDA/f1_score/grid_QDA_f1_score_ds_81-90.pdf, id=89808, 14
45.4pt x 867.24pt>
File: plots/Granular_Grids/QDA/f1_score/grid_QDA_f1_score_ds_81-90.pdf Graphic 
file (type pdf)
<use plots/Granular_Grids/QDA/f1_score/grid_QDA_f1_score_ds_81-90.pdf>
Package pdftex.def Info: plots/Granular_Grids/QDA/f1_score/grid_QDA_f1_score_ds
_81-90.pdf  used on input line 1253.
(pdftex.def)             Requested size: 145.68144pt x 87.40396pt.
<plots/Granular_Grids/QDA/f1_score/grid_QDA_f1_score_ds_91-100.pdf, id=89809, 1
445.4pt x 867.24pt>
File: plots/Granular_Grids/QDA/f1_score/grid_QDA_f1_score_ds_91-100.pdf Graphic
 file (type pdf)
<use plots/Granular_Grids/QDA/f1_score/grid_QDA_f1_score_ds_91-100.pdf>
Package pdftex.def Info: plots/Granular_Grids/QDA/f1_score/grid_QDA_f1_score_ds
_91-100.pdf  used on input line 1254.
(pdftex.def)             Requested size: 145.68144pt x 87.40396pt.

[83

 <./plots/Granular_Grids/QDA/f1_score/grid_QDA_f1_score_ds_1-10.pdf> <./plots/G
ranular_Grids/QDA/f1_score/grid_QDA_f1_score_ds_11-20.pdf> <./plots/Granular_Gr
ids/QDA/f1_score/grid_QDA_f1_score_ds_21-30.pdf> <./plots/Granular_Grids/QDA/f1
_score/grid_QDA_f1_score_ds_31-40.pdf> <./plots/Granular_Grids/QDA/f1_score/gri
d_QDA_f1_score_ds_41-50.pdf> <./plots/Granular_Grids/QDA/f1_score/grid_QDA_f1_s
core_ds_51-60.pdf> <./plots/Granular_Grids/QDA/f1_score/grid_QDA_f1_score_ds_61
-70.pdf> <./plots/Granular_Grids/QDA/f1_score/grid_QDA_f1_score_ds_71-80.pdf> <
./plots/Granular_Grids/QDA/f1_score/grid_QDA_f1_score_ds_81-90.pdf> <./plots/Gr
anular_Grids/QDA/f1_score/grid_QDA_f1_score_ds_91-100.pdf>]
<plots/Granular_Grids/QDA/g_mean/grid_QDA_g_mean_ds_1-10.pdf, id=91096, 1445.4p
t x 867.24pt>
File: plots/Granular_Grids/QDA/g_mean/grid_QDA_g_mean_ds_1-10.pdf Graphic file 
(type pdf)
<use plots/Granular_Grids/QDA/g_mean/grid_QDA_g_mean_ds_1-10.pdf>
Package pdftex.def Info: plots/Granular_Grids/QDA/g_mean/grid_QDA_g_mean_ds_1-1
0.pdf  used on input line 1262.
(pdftex.def)             Requested size: 145.68144pt x 87.40396pt.
<plots/Granular_Grids/QDA/g_mean/grid_QDA_g_mean_ds_11-20.pdf, id=91097, 1445.4
pt x 867.24pt>
File: plots/Granular_Grids/QDA/g_mean/grid_QDA_g_mean_ds_11-20.pdf Graphic file
 (type pdf)
<use plots/Granular_Grids/QDA/g_mean/grid_QDA_g_mean_ds_11-20.pdf>
Package pdftex.def Info: plots/Granular_Grids/QDA/g_mean/grid_QDA_g_mean_ds_11-
20.pdf  used on input line 1263.
(pdftex.def)             Requested size: 145.68144pt x 87.40396pt.
<plots/Granular_Grids/QDA/g_mean/grid_QDA_g_mean_ds_21-30.pdf, id=91098, 1445.4
pt x 867.24pt>
File: plots/Granular_Grids/QDA/g_mean/grid_QDA_g_mean_ds_21-30.pdf Graphic file
 (type pdf)
<use plots/Granular_Grids/QDA/g_mean/grid_QDA_g_mean_ds_21-30.pdf>
Package pdftex.def Info: plots/Granular_Grids/QDA/g_mean/grid_QDA_g_mean_ds_21-
30.pdf  used on input line 1264.
(pdftex.def)             Requested size: 145.68144pt x 87.40396pt.
<plots/Granular_Grids/QDA/g_mean/grid_QDA_g_mean_ds_31-40.pdf, id=91099, 1445.4
pt x 867.24pt>
File: plots/Granular_Grids/QDA/g_mean/grid_QDA_g_mean_ds_31-40.pdf Graphic file
 (type pdf)
<use plots/Granular_Grids/QDA/g_mean/grid_QDA_g_mean_ds_31-40.pdf>
Package pdftex.def Info: plots/Granular_Grids/QDA/g_mean/grid_QDA_g_mean_ds_31-
40.pdf  used on input line 1265.
(pdftex.def)             Requested size: 145.68144pt x 87.40396pt.
<plots/Granular_Grids/QDA/g_mean/grid_QDA_g_mean_ds_41-50.pdf, id=91100, 1445.4
pt x 867.24pt>
File: plots/Granular_Grids/QDA/g_mean/grid_QDA_g_mean_ds_41-50.pdf Graphic file
 (type pdf)
<use plots/Granular_Grids/QDA/g_mean/grid_QDA_g_mean_ds_41-50.pdf>
Package pdftex.def Info: plots/Granular_Grids/QDA/g_mean/grid_QDA_g_mean_ds_41-
50.pdf  used on input line 1266.
(pdftex.def)             Requested size: 145.68144pt x 87.40396pt.
<plots/Granular_Grids/QDA/g_mean/grid_QDA_g_mean_ds_51-60.pdf, id=91101, 1445.4
pt x 867.24pt>
File: plots/Granular_Grids/QDA/g_mean/grid_QDA_g_mean_ds_51-60.pdf Graphic file
 (type pdf)
<use plots/Granular_Grids/QDA/g_mean/grid_QDA_g_mean_ds_51-60.pdf>
Package pdftex.def Info: plots/Granular_Grids/QDA/g_mean/grid_QDA_g_mean_ds_51-
60.pdf  used on input line 1267.
(pdftex.def)             Requested size: 145.68144pt x 87.40396pt.
<plots/Granular_Grids/QDA/g_mean/grid_QDA_g_mean_ds_61-70.pdf, id=91102, 1445.4
pt x 867.24pt>
File: plots/Granular_Grids/QDA/g_mean/grid_QDA_g_mean_ds_61-70.pdf Graphic file
 (type pdf)
<use plots/Granular_Grids/QDA/g_mean/grid_QDA_g_mean_ds_61-70.pdf>
Package pdftex.def Info: plots/Granular_Grids/QDA/g_mean/grid_QDA_g_mean_ds_61-
70.pdf  used on input line 1268.
(pdftex.def)             Requested size: 145.68144pt x 87.40396pt.
<plots/Granular_Grids/QDA/g_mean/grid_QDA_g_mean_ds_71-80.pdf, id=91103, 1445.4
pt x 867.24pt>
File: plots/Granular_Grids/QDA/g_mean/grid_QDA_g_mean_ds_71-80.pdf Graphic file
 (type pdf)
<use plots/Granular_Grids/QDA/g_mean/grid_QDA_g_mean_ds_71-80.pdf>
Package pdftex.def Info: plots/Granular_Grids/QDA/g_mean/grid_QDA_g_mean_ds_71-
80.pdf  used on input line 1269.
(pdftex.def)             Requested size: 145.68144pt x 87.40396pt.
<plots/Granular_Grids/QDA/g_mean/grid_QDA_g_mean_ds_81-90.pdf, id=91104, 1445.4
pt x 867.24pt>
File: plots/Granular_Grids/QDA/g_mean/grid_QDA_g_mean_ds_81-90.pdf Graphic file
 (type pdf)
<use plots/Granular_Grids/QDA/g_mean/grid_QDA_g_mean_ds_81-90.pdf>
Package pdftex.def Info: plots/Granular_Grids/QDA/g_mean/grid_QDA_g_mean_ds_81-
90.pdf  used on input line 1270.
(pdftex.def)             Requested size: 145.68144pt x 87.40396pt.
<plots/Granular_Grids/QDA/g_mean/grid_QDA_g_mean_ds_91-100.pdf, id=91105, 1445.
4pt x 867.24pt>
File: plots/Granular_Grids/QDA/g_mean/grid_QDA_g_mean_ds_91-100.pdf Graphic fil
e (type pdf)
<use plots/Granular_Grids/QDA/g_mean/grid_QDA_g_mean_ds_91-100.pdf>
Package pdftex.def Info: plots/Granular_Grids/QDA/g_mean/grid_QDA_g_mean_ds_91-
100.pdf  used on input line 1271.
(pdftex.def)             Requested size: 145.68144pt x 87.40396pt.
 [84

 <./plots/Granular_Grids/QDA/g_mean/grid_QDA_g_mean_ds_1-10.pdf> <./plots/Granu
lar_Grids/QDA/g_mean/grid_QDA_g_mean_ds_11-20.pdf> <./plots/Granular_Grids/QDA/
g_mean/grid_QDA_g_mean_ds_21-30.pdf> <./plots/Granular_Grids/QDA/g_mean/grid_QD
A_g_mean_ds_31-40.pdf> <./plots/Granular_Grids/QDA/g_mean/grid_QDA_g_mean_ds_41
-50.pdf> <./plots/Granular_Grids/QDA/g_mean/grid_QDA_g_mean_ds_51-60.pdf> <./pl
ots/Granular_Grids/QDA/g_mean/grid_QDA_g_mean_ds_61-70.pdf> <./plots/Granular_G
rids/QDA/g_mean/grid_QDA_g_mean_ds_71-80.pdf> <./plots/Granular_Grids/QDA/g_mea
n/grid_QDA_g_mean_ds_81-90.pdf> <./plots/Granular_Grids/QDA/g_mean/grid_QDA_g_m
ean_ds_91-100.pdf>]
<plots/Granular_Grids/QDA/roc_auc/grid_QDA_roc_auc_ds_1-10.pdf, id=92371, 1445.
4pt x 867.24pt>
File: plots/Granular_Grids/QDA/roc_auc/grid_QDA_roc_auc_ds_1-10.pdf Graphic fil
e (type pdf)
<use plots/Granular_Grids/QDA/roc_auc/grid_QDA_roc_auc_ds_1-10.pdf>
Package pdftex.def Info: plots/Granular_Grids/QDA/roc_auc/grid_QDA_roc_auc_ds_1
-10.pdf  used on input line 1279.
(pdftex.def)             Requested size: 145.68144pt x 87.40396pt.
<plots/Granular_Grids/QDA/roc_auc/grid_QDA_roc_auc_ds_11-20.pdf, id=92372, 1445
.4pt x 867.24pt>
File: plots/Granular_Grids/QDA/roc_auc/grid_QDA_roc_auc_ds_11-20.pdf Graphic fi
le (type pdf)
<use plots/Granular_Grids/QDA/roc_auc/grid_QDA_roc_auc_ds_11-20.pdf>
Package pdftex.def Info: plots/Granular_Grids/QDA/roc_auc/grid_QDA_roc_auc_ds_1
1-20.pdf  used on input line 1280.
(pdftex.def)             Requested size: 145.68144pt x 87.40396pt.
<plots/Granular_Grids/QDA/roc_auc/grid_QDA_roc_auc_ds_21-30.pdf, id=92373, 1445
.4pt x 867.24pt>
File: plots/Granular_Grids/QDA/roc_auc/grid_QDA_roc_auc_ds_21-30.pdf Graphic fi
le (type pdf)
<use plots/Granular_Grids/QDA/roc_auc/grid_QDA_roc_auc_ds_21-30.pdf>
Package pdftex.def Info: plots/Granular_Grids/QDA/roc_auc/grid_QDA_roc_auc_ds_2
1-30.pdf  used on input line 1281.
(pdftex.def)             Requested size: 145.68144pt x 87.40396pt.
<plots/Granular_Grids/QDA/roc_auc/grid_QDA_roc_auc_ds_31-40.pdf, id=92374, 1445
.4pt x 867.24pt>
File: plots/Granular_Grids/QDA/roc_auc/grid_QDA_roc_auc_ds_31-40.pdf Graphic fi
le (type pdf)
<use plots/Granular_Grids/QDA/roc_auc/grid_QDA_roc_auc_ds_31-40.pdf>
Package pdftex.def Info: plots/Granular_Grids/QDA/roc_auc/grid_QDA_roc_auc_ds_3
1-40.pdf  used on input line 1282.
(pdftex.def)             Requested size: 145.68144pt x 87.40396pt.
<plots/Granular_Grids/QDA/roc_auc/grid_QDA_roc_auc_ds_41-50.pdf, id=92375, 1445
.4pt x 867.24pt>
File: plots/Granular_Grids/QDA/roc_auc/grid_QDA_roc_auc_ds_41-50.pdf Graphic fi
le (type pdf)
<use plots/Granular_Grids/QDA/roc_auc/grid_QDA_roc_auc_ds_41-50.pdf>
Package pdftex.def Info: plots/Granular_Grids/QDA/roc_auc/grid_QDA_roc_auc_ds_4
1-50.pdf  used on input line 1283.
(pdftex.def)             Requested size: 145.68144pt x 87.40396pt.
<plots/Granular_Grids/QDA/roc_auc/grid_QDA_roc_auc_ds_51-60.pdf, id=92376, 1445
.4pt x 867.24pt>
File: plots/Granular_Grids/QDA/roc_auc/grid_QDA_roc_auc_ds_51-60.pdf Graphic fi
le (type pdf)
<use plots/Granular_Grids/QDA/roc_auc/grid_QDA_roc_auc_ds_51-60.pdf>
Package pdftex.def Info: plots/Granular_Grids/QDA/roc_auc/grid_QDA_roc_auc_ds_5
1-60.pdf  used on input line 1284.
(pdftex.def)             Requested size: 145.68144pt x 87.40396pt.
<plots/Granular_Grids/QDA/roc_auc/grid_QDA_roc_auc_ds_61-70.pdf, id=92377, 1445
.4pt x 867.24pt>
File: plots/Granular_Grids/QDA/roc_auc/grid_QDA_roc_auc_ds_61-70.pdf Graphic fi
le (type pdf)
<use plots/Granular_Grids/QDA/roc_auc/grid_QDA_roc_auc_ds_61-70.pdf>
Package pdftex.def Info: plots/Granular_Grids/QDA/roc_auc/grid_QDA_roc_auc_ds_6
1-70.pdf  used on input line 1285.
(pdftex.def)             Requested size: 145.68144pt x 87.40396pt.
<plots/Granular_Grids/QDA/roc_auc/grid_QDA_roc_auc_ds_71-80.pdf, id=92378, 1445
.4pt x 867.24pt>
File: plots/Granular_Grids/QDA/roc_auc/grid_QDA_roc_auc_ds_71-80.pdf Graphic fi
le (type pdf)
<use plots/Granular_Grids/QDA/roc_auc/grid_QDA_roc_auc_ds_71-80.pdf>
Package pdftex.def Info: plots/Granular_Grids/QDA/roc_auc/grid_QDA_roc_auc_ds_7
1-80.pdf  used on input line 1286.
(pdftex.def)             Requested size: 145.68144pt x 87.40396pt.
<plots/Granular_Grids/QDA/roc_auc/grid_QDA_roc_auc_ds_81-90.pdf, id=92379, 1445
.4pt x 867.24pt>
File: plots/Granular_Grids/QDA/roc_auc/grid_QDA_roc_auc_ds_81-90.pdf Graphic fi
le (type pdf)
<use plots/Granular_Grids/QDA/roc_auc/grid_QDA_roc_auc_ds_81-90.pdf>
Package pdftex.def Info: plots/Granular_Grids/QDA/roc_auc/grid_QDA_roc_auc_ds_8
1-90.pdf  used on input line 1287.
(pdftex.def)             Requested size: 145.68144pt x 87.40396pt.
<plots/Granular_Grids/QDA/roc_auc/grid_QDA_roc_auc_ds_91-100.pdf, id=92380, 144
5.4pt x 867.24pt>
File: plots/Granular_Grids/QDA/roc_auc/grid_QDA_roc_auc_ds_91-100.pdf Graphic f
ile (type pdf)
<use plots/Granular_Grids/QDA/roc_auc/grid_QDA_roc_auc_ds_91-100.pdf>
Package pdftex.def Info: plots/Granular_Grids/QDA/roc_auc/grid_QDA_roc_auc_ds_9
1-100.pdf  used on input line 1288.
(pdftex.def)             Requested size: 145.68144pt x 87.40396pt.
 [85

 <./plots/Granular_Grids/QDA/roc_auc/grid_QDA_roc_auc_ds_1-10.pdf> <./plots/Gra
nular_Grids/QDA/roc_auc/grid_QDA_roc_auc_ds_11-20.pdf> <./plots/Granular_Grids/
QDA/roc_auc/grid_QDA_roc_auc_ds_21-30.pdf> <./plots/Granular_Grids/QDA/roc_auc/
grid_QDA_roc_auc_ds_31-40.pdf> <./plots/Granular_Grids/QDA/roc_auc/grid_QDA_roc
_auc_ds_41-50.pdf> <./plots/Granular_Grids/QDA/roc_auc/grid_QDA_roc_auc_ds_51-6
0.pdf> <./plots/Granular_Grids/QDA/roc_auc/grid_QDA_roc_auc_ds_61-70.pdf> <./pl
ots/Granular_Grids/QDA/roc_auc/grid_QDA_roc_auc_ds_71-80.pdf> <./plots/Granular
_Grids/QDA/roc_auc/grid_QDA_roc_auc_ds_81-90.pdf> <./plots/Granular_Grids/QDA/r
oc_auc/grid_QDA_roc_auc_ds_91-100.pdf>]
<plots/Granular_Grids/RF/accuracy/grid_RF_accuracy_ds_1-10.pdf, id=93656, 1445.
4pt x 867.24pt>
File: plots/Granular_Grids/RF/accuracy/grid_RF_accuracy_ds_1-10.pdf Graphic fil
e (type pdf)
<use plots/Granular_Grids/RF/accuracy/grid_RF_accuracy_ds_1-10.pdf>
Package pdftex.def Info: plots/Granular_Grids/RF/accuracy/grid_RF_accuracy_ds_1
-10.pdf  used on input line 1296.
(pdftex.def)             Requested size: 145.68144pt x 87.40396pt.
<plots/Granular_Grids/RF/accuracy/grid_RF_accuracy_ds_11-20.pdf, id=93657, 1445
.4pt x 867.24pt>
File: plots/Granular_Grids/RF/accuracy/grid_RF_accuracy_ds_11-20.pdf Graphic fi
le (type pdf)
<use plots/Granular_Grids/RF/accuracy/grid_RF_accuracy_ds_11-20.pdf>
Package pdftex.def Info: plots/Granular_Grids/RF/accuracy/grid_RF_accuracy_ds_1
1-20.pdf  used on input line 1297.
(pdftex.def)             Requested size: 145.68144pt x 87.40396pt.
<plots/Granular_Grids/RF/accuracy/grid_RF_accuracy_ds_21-30.pdf, id=93658, 1445
.4pt x 867.24pt>
File: plots/Granular_Grids/RF/accuracy/grid_RF_accuracy_ds_21-30.pdf Graphic fi
le (type pdf)
<use plots/Granular_Grids/RF/accuracy/grid_RF_accuracy_ds_21-30.pdf>
Package pdftex.def Info: plots/Granular_Grids/RF/accuracy/grid_RF_accuracy_ds_2
1-30.pdf  used on input line 1298.
(pdftex.def)             Requested size: 145.68144pt x 87.40396pt.
<plots/Granular_Grids/RF/accuracy/grid_RF_accuracy_ds_31-40.pdf, id=93659, 1445
.4pt x 867.24pt>
File: plots/Granular_Grids/RF/accuracy/grid_RF_accuracy_ds_31-40.pdf Graphic fi
le (type pdf)
<use plots/Granular_Grids/RF/accuracy/grid_RF_accuracy_ds_31-40.pdf>
Package pdftex.def Info: plots/Granular_Grids/RF/accuracy/grid_RF_accuracy_ds_3
1-40.pdf  used on input line 1299.
(pdftex.def)             Requested size: 145.68144pt x 87.40396pt.
<plots/Granular_Grids/RF/accuracy/grid_RF_accuracy_ds_41-50.pdf, id=93660, 1445
.4pt x 867.24pt>
File: plots/Granular_Grids/RF/accuracy/grid_RF_accuracy_ds_41-50.pdf Graphic fi
le (type pdf)
<use plots/Granular_Grids/RF/accuracy/grid_RF_accuracy_ds_41-50.pdf>
Package pdftex.def Info: plots/Granular_Grids/RF/accuracy/grid_RF_accuracy_ds_4
1-50.pdf  used on input line 1300.
(pdftex.def)             Requested size: 145.68144pt x 87.40396pt.
<plots/Granular_Grids/RF/accuracy/grid_RF_accuracy_ds_51-60.pdf, id=93661, 1445
.4pt x 867.24pt>
File: plots/Granular_Grids/RF/accuracy/grid_RF_accuracy_ds_51-60.pdf Graphic fi
le (type pdf)
<use plots/Granular_Grids/RF/accuracy/grid_RF_accuracy_ds_51-60.pdf>
Package pdftex.def Info: plots/Granular_Grids/RF/accuracy/grid_RF_accuracy_ds_5
1-60.pdf  used on input line 1301.
(pdftex.def)             Requested size: 145.68144pt x 87.40396pt.
<plots/Granular_Grids/RF/accuracy/grid_RF_accuracy_ds_61-70.pdf, id=93662, 1445
.4pt x 867.24pt>
File: plots/Granular_Grids/RF/accuracy/grid_RF_accuracy_ds_61-70.pdf Graphic fi
le (type pdf)
<use plots/Granular_Grids/RF/accuracy/grid_RF_accuracy_ds_61-70.pdf>
Package pdftex.def Info: plots/Granular_Grids/RF/accuracy/grid_RF_accuracy_ds_6
1-70.pdf  used on input line 1302.
(pdftex.def)             Requested size: 145.68144pt x 87.40396pt.
<plots/Granular_Grids/RF/accuracy/grid_RF_accuracy_ds_71-80.pdf, id=93663, 1445
.4pt x 867.24pt>
File: plots/Granular_Grids/RF/accuracy/grid_RF_accuracy_ds_71-80.pdf Graphic fi
le (type pdf)
<use plots/Granular_Grids/RF/accuracy/grid_RF_accuracy_ds_71-80.pdf>
Package pdftex.def Info: plots/Granular_Grids/RF/accuracy/grid_RF_accuracy_ds_7
1-80.pdf  used on input line 1303.
(pdftex.def)             Requested size: 145.68144pt x 87.40396pt.
<plots/Granular_Grids/RF/accuracy/grid_RF_accuracy_ds_81-90.pdf, id=93664, 1445
.4pt x 867.24pt>
File: plots/Granular_Grids/RF/accuracy/grid_RF_accuracy_ds_81-90.pdf Graphic fi
le (type pdf)
<use plots/Granular_Grids/RF/accuracy/grid_RF_accuracy_ds_81-90.pdf>
Package pdftex.def Info: plots/Granular_Grids/RF/accuracy/grid_RF_accuracy_ds_8
1-90.pdf  used on input line 1304.
(pdftex.def)             Requested size: 145.68144pt x 87.40396pt.
<plots/Granular_Grids/RF/accuracy/grid_RF_accuracy_ds_91-100.pdf, id=93665, 144
5.4pt x 867.24pt>
File: plots/Granular_Grids/RF/accuracy/grid_RF_accuracy_ds_91-100.pdf Graphic f
ile (type pdf)
<use plots/Granular_Grids/RF/accuracy/grid_RF_accuracy_ds_91-100.pdf>
Package pdftex.def Info: plots/Granular_Grids/RF/accuracy/grid_RF_accuracy_ds_9
1-100.pdf  used on input line 1305.
(pdftex.def)             Requested size: 145.68144pt x 87.40396pt.
 [86

 <./plots/Granular_Grids/RF/accuracy/grid_RF_accuracy_ds_1-10.pdf> <./plots/Gra
nular_Grids/RF/accuracy/grid_RF_accuracy_ds_11-20.pdf> <./plots/Granular_Grids/
RF/accuracy/grid_RF_accuracy_ds_21-30.pdf> <./plots/Granular_Grids/RF/accuracy/
grid_RF_accuracy_ds_31-40.pdf> <./plots/Granular_Grids/RF/accuracy/grid_RF_accu
racy_ds_41-50.pdf> <./plots/Granular_Grids/RF/accuracy/grid_RF_accuracy_ds_51-6
0.pdf> <./plots/Granular_Grids/RF/accuracy/grid_RF_accuracy_ds_61-70.pdf> <./pl
ots/Granular_Grids/RF/accuracy/grid_RF_accuracy_ds_71-80.pdf> <./plots/Granular
_Grids/RF/accuracy/grid_RF_accuracy_ds_81-90.pdf> <./plots/Granular_Grids/RF/ac
curacy/grid_RF_accuracy_ds_91-100.pdf>]
<plots/Granular_Grids/RF/f1_score/grid_RF_f1_score_ds_1-10.pdf, id=94941, 1445.
4pt x 867.24pt>
File: plots/Granular_Grids/RF/f1_score/grid_RF_f1_score_ds_1-10.pdf Graphic fil
e (type pdf)
<use plots/Granular_Grids/RF/f1_score/grid_RF_f1_score_ds_1-10.pdf>
Package pdftex.def Info: plots/Granular_Grids/RF/f1_score/grid_RF_f1_score_ds_1
-10.pdf  used on input line 1313.
(pdftex.def)             Requested size: 145.68144pt x 87.40396pt.
<plots/Granular_Grids/RF/f1_score/grid_RF_f1_score_ds_11-20.pdf, id=94942, 1445
.4pt x 867.24pt>
File: plots/Granular_Grids/RF/f1_score/grid_RF_f1_score_ds_11-20.pdf Graphic fi
le (type pdf)
<use plots/Granular_Grids/RF/f1_score/grid_RF_f1_score_ds_11-20.pdf>
Package pdftex.def Info: plots/Granular_Grids/RF/f1_score/grid_RF_f1_score_ds_1
1-20.pdf  used on input line 1314.
(pdftex.def)             Requested size: 145.68144pt x 87.40396pt.
<plots/Granular_Grids/RF/f1_score/grid_RF_f1_score_ds_21-30.pdf, id=94943, 1445
.4pt x 867.24pt>
File: plots/Granular_Grids/RF/f1_score/grid_RF_f1_score_ds_21-30.pdf Graphic fi
le (type pdf)
<use plots/Granular_Grids/RF/f1_score/grid_RF_f1_score_ds_21-30.pdf>
Package pdftex.def Info: plots/Granular_Grids/RF/f1_score/grid_RF_f1_score_ds_2
1-30.pdf  used on input line 1315.
(pdftex.def)             Requested size: 145.68144pt x 87.40396pt.
<plots/Granular_Grids/RF/f1_score/grid_RF_f1_score_ds_31-40.pdf, id=94944, 1445
.4pt x 867.24pt>
File: plots/Granular_Grids/RF/f1_score/grid_RF_f1_score_ds_31-40.pdf Graphic fi
le (type pdf)
<use plots/Granular_Grids/RF/f1_score/grid_RF_f1_score_ds_31-40.pdf>
Package pdftex.def Info: plots/Granular_Grids/RF/f1_score/grid_RF_f1_score_ds_3
1-40.pdf  used on input line 1316.
(pdftex.def)             Requested size: 145.68144pt x 87.40396pt.
<plots/Granular_Grids/RF/f1_score/grid_RF_f1_score_ds_41-50.pdf, id=94945, 1445
.4pt x 867.24pt>
File: plots/Granular_Grids/RF/f1_score/grid_RF_f1_score_ds_41-50.pdf Graphic fi
le (type pdf)
<use plots/Granular_Grids/RF/f1_score/grid_RF_f1_score_ds_41-50.pdf>
Package pdftex.def Info: plots/Granular_Grids/RF/f1_score/grid_RF_f1_score_ds_4
1-50.pdf  used on input line 1317.
(pdftex.def)             Requested size: 145.68144pt x 87.40396pt.
<plots/Granular_Grids/RF/f1_score/grid_RF_f1_score_ds_51-60.pdf, id=94946, 1445
.4pt x 867.24pt>
File: plots/Granular_Grids/RF/f1_score/grid_RF_f1_score_ds_51-60.pdf Graphic fi
le (type pdf)
<use plots/Granular_Grids/RF/f1_score/grid_RF_f1_score_ds_51-60.pdf>
Package pdftex.def Info: plots/Granular_Grids/RF/f1_score/grid_RF_f1_score_ds_5
1-60.pdf  used on input line 1318.
(pdftex.def)             Requested size: 145.68144pt x 87.40396pt.
<plots/Granular_Grids/RF/f1_score/grid_RF_f1_score_ds_61-70.pdf, id=94947, 1445
.4pt x 867.24pt>
File: plots/Granular_Grids/RF/f1_score/grid_RF_f1_score_ds_61-70.pdf Graphic fi
le (type pdf)
<use plots/Granular_Grids/RF/f1_score/grid_RF_f1_score_ds_61-70.pdf>
Package pdftex.def Info: plots/Granular_Grids/RF/f1_score/grid_RF_f1_score_ds_6
1-70.pdf  used on input line 1319.
(pdftex.def)             Requested size: 145.68144pt x 87.40396pt.
<plots/Granular_Grids/RF/f1_score/grid_RF_f1_score_ds_71-80.pdf, id=94948, 1445
.4pt x 867.24pt>
File: plots/Granular_Grids/RF/f1_score/grid_RF_f1_score_ds_71-80.pdf Graphic fi
le (type pdf)
<use plots/Granular_Grids/RF/f1_score/grid_RF_f1_score_ds_71-80.pdf>
Package pdftex.def Info: plots/Granular_Grids/RF/f1_score/grid_RF_f1_score_ds_7
1-80.pdf  used on input line 1320.
(pdftex.def)             Requested size: 145.68144pt x 87.40396pt.
<plots/Granular_Grids/RF/f1_score/grid_RF_f1_score_ds_81-90.pdf, id=94949, 1445
.4pt x 867.24pt>
File: plots/Granular_Grids/RF/f1_score/grid_RF_f1_score_ds_81-90.pdf Graphic fi
le (type pdf)
<use plots/Granular_Grids/RF/f1_score/grid_RF_f1_score_ds_81-90.pdf>
Package pdftex.def Info: plots/Granular_Grids/RF/f1_score/grid_RF_f1_score_ds_8
1-90.pdf  used on input line 1321.
(pdftex.def)             Requested size: 145.68144pt x 87.40396pt.
<plots/Granular_Grids/RF/f1_score/grid_RF_f1_score_ds_91-100.pdf, id=94950, 144
5.4pt x 867.24pt>
File: plots/Granular_Grids/RF/f1_score/grid_RF_f1_score_ds_91-100.pdf Graphic f
ile (type pdf)
<use plots/Granular_Grids/RF/f1_score/grid_RF_f1_score_ds_91-100.pdf>
Package pdftex.def Info: plots/Granular_Grids/RF/f1_score/grid_RF_f1_score_ds_9
1-100.pdf  used on input line 1322.
(pdftex.def)             Requested size: 145.68144pt x 87.40396pt.
 [87

 <./plots/Granular_Grids/RF/f1_score/grid_RF_f1_score_ds_1-10.pdf> <./plots/Gra
nular_Grids/RF/f1_score/grid_RF_f1_score_ds_11-20.pdf> <./plots/Granular_Grids/
RF/f1_score/grid_RF_f1_score_ds_21-30.pdf> <./plots/Granular_Grids/RF/f1_score/
grid_RF_f1_score_ds_31-40.pdf> <./plots/Granular_Grids/RF/f1_score/grid_RF_f1_s
core_ds_41-50.pdf> <./plots/Granular_Grids/RF/f1_score/grid_RF_f1_score_ds_51-6
0.pdf> <./plots/Granular_Grids/RF/f1_score/grid_RF_f1_score_ds_61-70.pdf> <./pl
ots/Granular_Grids/RF/f1_score/grid_RF_f1_score_ds_71-80.pdf> <./plots/Granular
_Grids/RF/f1_score/grid_RF_f1_score_ds_81-90.pdf> <./plots/Granular_Grids/RF/f1
_score/grid_RF_f1_score_ds_91-100.pdf>]
<plots/Granular_Grids/RF/g_mean/grid_RF_g_mean_ds_1-10.pdf, id=96216, 1445.4pt 
x 867.24pt>
File: plots/Granular_Grids/RF/g_mean/grid_RF_g_mean_ds_1-10.pdf Graphic file (t
ype pdf)
<use plots/Granular_Grids/RF/g_mean/grid_RF_g_mean_ds_1-10.pdf>
Package pdftex.def Info: plots/Granular_Grids/RF/g_mean/grid_RF_g_mean_ds_1-10.
pdf  used on input line 1330.
(pdftex.def)             Requested size: 145.68144pt x 87.40396pt.
<plots/Granular_Grids/RF/g_mean/grid_RF_g_mean_ds_11-20.pdf, id=96217, 1445.4pt
 x 867.24pt>
File: plots/Granular_Grids/RF/g_mean/grid_RF_g_mean_ds_11-20.pdf Graphic file (
type pdf)
<use plots/Granular_Grids/RF/g_mean/grid_RF_g_mean_ds_11-20.pdf>
Package pdftex.def Info: plots/Granular_Grids/RF/g_mean/grid_RF_g_mean_ds_11-20
.pdf  used on input line 1331.
(pdftex.def)             Requested size: 145.68144pt x 87.40396pt.
<plots/Granular_Grids/RF/g_mean/grid_RF_g_mean_ds_21-30.pdf, id=96218, 1445.4pt
 x 867.24pt>
File: plots/Granular_Grids/RF/g_mean/grid_RF_g_mean_ds_21-30.pdf Graphic file (
type pdf)
<use plots/Granular_Grids/RF/g_mean/grid_RF_g_mean_ds_21-30.pdf>
Package pdftex.def Info: plots/Granular_Grids/RF/g_mean/grid_RF_g_mean_ds_21-30
.pdf  used on input line 1332.
(pdftex.def)             Requested size: 145.68144pt x 87.40396pt.
<plots/Granular_Grids/RF/g_mean/grid_RF_g_mean_ds_31-40.pdf, id=96219, 1445.4pt
 x 867.24pt>
File: plots/Granular_Grids/RF/g_mean/grid_RF_g_mean_ds_31-40.pdf Graphic file (
type pdf)
<use plots/Granular_Grids/RF/g_mean/grid_RF_g_mean_ds_31-40.pdf>
Package pdftex.def Info: plots/Granular_Grids/RF/g_mean/grid_RF_g_mean_ds_31-40
.pdf  used on input line 1333.
(pdftex.def)             Requested size: 145.68144pt x 87.40396pt.
<plots/Granular_Grids/RF/g_mean/grid_RF_g_mean_ds_41-50.pdf, id=96220, 1445.4pt
 x 867.24pt>
File: plots/Granular_Grids/RF/g_mean/grid_RF_g_mean_ds_41-50.pdf Graphic file (
type pdf)
<use plots/Granular_Grids/RF/g_mean/grid_RF_g_mean_ds_41-50.pdf>
Package pdftex.def Info: plots/Granular_Grids/RF/g_mean/grid_RF_g_mean_ds_41-50
.pdf  used on input line 1334.
(pdftex.def)             Requested size: 145.68144pt x 87.40396pt.
<plots/Granular_Grids/RF/g_mean/grid_RF_g_mean_ds_51-60.pdf, id=96221, 1445.4pt
 x 867.24pt>
File: plots/Granular_Grids/RF/g_mean/grid_RF_g_mean_ds_51-60.pdf Graphic file (
type pdf)
<use plots/Granular_Grids/RF/g_mean/grid_RF_g_mean_ds_51-60.pdf>
Package pdftex.def Info: plots/Granular_Grids/RF/g_mean/grid_RF_g_mean_ds_51-60
.pdf  used on input line 1335.
(pdftex.def)             Requested size: 145.68144pt x 87.40396pt.
<plots/Granular_Grids/RF/g_mean/grid_RF_g_mean_ds_61-70.pdf, id=96222, 1445.4pt
 x 867.24pt>
File: plots/Granular_Grids/RF/g_mean/grid_RF_g_mean_ds_61-70.pdf Graphic file (
type pdf)
<use plots/Granular_Grids/RF/g_mean/grid_RF_g_mean_ds_61-70.pdf>
Package pdftex.def Info: plots/Granular_Grids/RF/g_mean/grid_RF_g_mean_ds_61-70
.pdf  used on input line 1336.
(pdftex.def)             Requested size: 145.68144pt x 87.40396pt.
<plots/Granular_Grids/RF/g_mean/grid_RF_g_mean_ds_71-80.pdf, id=96223, 1445.4pt
 x 867.24pt>
File: plots/Granular_Grids/RF/g_mean/grid_RF_g_mean_ds_71-80.pdf Graphic file (
type pdf)
<use plots/Granular_Grids/RF/g_mean/grid_RF_g_mean_ds_71-80.pdf>
Package pdftex.def Info: plots/Granular_Grids/RF/g_mean/grid_RF_g_mean_ds_71-80
.pdf  used on input line 1337.
(pdftex.def)             Requested size: 145.68144pt x 87.40396pt.
<plots/Granular_Grids/RF/g_mean/grid_RF_g_mean_ds_81-90.pdf, id=96224, 1445.4pt
 x 867.24pt>
File: plots/Granular_Grids/RF/g_mean/grid_RF_g_mean_ds_81-90.pdf Graphic file (
type pdf)
<use plots/Granular_Grids/RF/g_mean/grid_RF_g_mean_ds_81-90.pdf>
Package pdftex.def Info: plots/Granular_Grids/RF/g_mean/grid_RF_g_mean_ds_81-90
.pdf  used on input line 1338.
(pdftex.def)             Requested size: 145.68144pt x 87.40396pt.
<plots/Granular_Grids/RF/g_mean/grid_RF_g_mean_ds_91-100.pdf, id=96225, 1445.4p
t x 867.24pt>
File: plots/Granular_Grids/RF/g_mean/grid_RF_g_mean_ds_91-100.pdf Graphic file 
(type pdf)
<use plots/Granular_Grids/RF/g_mean/grid_RF_g_mean_ds_91-100.pdf>
Package pdftex.def Info: plots/Granular_Grids/RF/g_mean/grid_RF_g_mean_ds_91-10
0.pdf  used on input line 1339.
(pdftex.def)             Requested size: 145.68144pt x 87.40396pt.
 [88

 <./plots/Granular_Grids/RF/g_mean/grid_RF_g_mean_ds_1-10.pdf> <./plots/Granula
r_Grids/RF/g_mean/grid_RF_g_mean_ds_11-20.pdf> <./plots/Granular_Grids/RF/g_mea
n/grid_RF_g_mean_ds_21-30.pdf> <./plots/Granular_Grids/RF/g_mean/grid_RF_g_mean
_ds_31-40.pdf> <./plots/Granular_Grids/RF/g_mean/grid_RF_g_mean_ds_41-50.pdf> <
./plots/Granular_Grids/RF/g_mean/grid_RF_g_mean_ds_51-60.pdf> <./plots/Granular
_Grids/RF/g_mean/grid_RF_g_mean_ds_61-70.pdf> <./plots/Granular_Grids/RF/g_mean
/grid_RF_g_mean_ds_71-80.pdf> <./plots/Granular_Grids/RF/g_mean/grid_RF_g_mean_
ds_81-90.pdf> <./plots/Granular_Grids/RF/g_mean/grid_RF_g_mean_ds_91-100.pdf>]
<plots/Granular_Grids/RF/roc_auc/grid_RF_roc_auc_ds_1-10.pdf, id=97501, 1445.4p
t x 867.24pt>
File: plots/Granular_Grids/RF/roc_auc/grid_RF_roc_auc_ds_1-10.pdf Graphic file 
(type pdf)
<use plots/Granular_Grids/RF/roc_auc/grid_RF_roc_auc_ds_1-10.pdf>
Package pdftex.def Info: plots/Granular_Grids/RF/roc_auc/grid_RF_roc_auc_ds_1-1
0.pdf  used on input line 1347.
(pdftex.def)             Requested size: 145.68144pt x 87.40396pt.
<plots/Granular_Grids/RF/roc_auc/grid_RF_roc_auc_ds_11-20.pdf, id=97502, 1445.4
pt x 867.24pt>
File: plots/Granular_Grids/RF/roc_auc/grid_RF_roc_auc_ds_11-20.pdf Graphic file
 (type pdf)
<use plots/Granular_Grids/RF/roc_auc/grid_RF_roc_auc_ds_11-20.pdf>
Package pdftex.def Info: plots/Granular_Grids/RF/roc_auc/grid_RF_roc_auc_ds_11-
20.pdf  used on input line 1348.
(pdftex.def)             Requested size: 145.68144pt x 87.40396pt.
<plots/Granular_Grids/RF/roc_auc/grid_RF_roc_auc_ds_21-30.pdf, id=97503, 1445.4
pt x 867.24pt>
File: plots/Granular_Grids/RF/roc_auc/grid_RF_roc_auc_ds_21-30.pdf Graphic file
 (type pdf)
<use plots/Granular_Grids/RF/roc_auc/grid_RF_roc_auc_ds_21-30.pdf>
Package pdftex.def Info: plots/Granular_Grids/RF/roc_auc/grid_RF_roc_auc_ds_21-
30.pdf  used on input line 1349.
(pdftex.def)             Requested size: 145.68144pt x 87.40396pt.
<plots/Granular_Grids/RF/roc_auc/grid_RF_roc_auc_ds_31-40.pdf, id=97504, 1445.4
pt x 867.24pt>
File: plots/Granular_Grids/RF/roc_auc/grid_RF_roc_auc_ds_31-40.pdf Graphic file
 (type pdf)
<use plots/Granular_Grids/RF/roc_auc/grid_RF_roc_auc_ds_31-40.pdf>
Package pdftex.def Info: plots/Granular_Grids/RF/roc_auc/grid_RF_roc_auc_ds_31-
40.pdf  used on input line 1350.
(pdftex.def)             Requested size: 145.68144pt x 87.40396pt.
<plots/Granular_Grids/RF/roc_auc/grid_RF_roc_auc_ds_41-50.pdf, id=97505, 1445.4
pt x 867.24pt>
File: plots/Granular_Grids/RF/roc_auc/grid_RF_roc_auc_ds_41-50.pdf Graphic file
 (type pdf)
<use plots/Granular_Grids/RF/roc_auc/grid_RF_roc_auc_ds_41-50.pdf>
Package pdftex.def Info: plots/Granular_Grids/RF/roc_auc/grid_RF_roc_auc_ds_41-
50.pdf  used on input line 1351.
(pdftex.def)             Requested size: 145.68144pt x 87.40396pt.
<plots/Granular_Grids/RF/roc_auc/grid_RF_roc_auc_ds_51-60.pdf, id=97506, 1445.4
pt x 867.24pt>
File: plots/Granular_Grids/RF/roc_auc/grid_RF_roc_auc_ds_51-60.pdf Graphic file
 (type pdf)
<use plots/Granular_Grids/RF/roc_auc/grid_RF_roc_auc_ds_51-60.pdf>
Package pdftex.def Info: plots/Granular_Grids/RF/roc_auc/grid_RF_roc_auc_ds_51-
60.pdf  used on input line 1352.
(pdftex.def)             Requested size: 145.68144pt x 87.40396pt.
<plots/Granular_Grids/RF/roc_auc/grid_RF_roc_auc_ds_61-70.pdf, id=97507, 1445.4
pt x 867.24pt>
File: plots/Granular_Grids/RF/roc_auc/grid_RF_roc_auc_ds_61-70.pdf Graphic file
 (type pdf)
<use plots/Granular_Grids/RF/roc_auc/grid_RF_roc_auc_ds_61-70.pdf>
Package pdftex.def Info: plots/Granular_Grids/RF/roc_auc/grid_RF_roc_auc_ds_61-
70.pdf  used on input line 1353.
(pdftex.def)             Requested size: 145.68144pt x 87.40396pt.
<plots/Granular_Grids/RF/roc_auc/grid_RF_roc_auc_ds_71-80.pdf, id=97508, 1445.4
pt x 867.24pt>
File: plots/Granular_Grids/RF/roc_auc/grid_RF_roc_auc_ds_71-80.pdf Graphic file
 (type pdf)
<use plots/Granular_Grids/RF/roc_auc/grid_RF_roc_auc_ds_71-80.pdf>
Package pdftex.def Info: plots/Granular_Grids/RF/roc_auc/grid_RF_roc_auc_ds_71-
80.pdf  used on input line 1354.
(pdftex.def)             Requested size: 145.68144pt x 87.40396pt.
<plots/Granular_Grids/RF/roc_auc/grid_RF_roc_auc_ds_81-90.pdf, id=97509, 1445.4
pt x 867.24pt>
File: plots/Granular_Grids/RF/roc_auc/grid_RF_roc_auc_ds_81-90.pdf Graphic file
 (type pdf)
<use plots/Granular_Grids/RF/roc_auc/grid_RF_roc_auc_ds_81-90.pdf>
Package pdftex.def Info: plots/Granular_Grids/RF/roc_auc/grid_RF_roc_auc_ds_81-
90.pdf  used on input line 1355.
(pdftex.def)             Requested size: 145.68144pt x 87.40396pt.
<plots/Granular_Grids/RF/roc_auc/grid_RF_roc_auc_ds_91-100.pdf, id=97510, 1445.
4pt x 867.24pt>
File: plots/Granular_Grids/RF/roc_auc/grid_RF_roc_auc_ds_91-100.pdf Graphic fil
e (type pdf)
<use plots/Granular_Grids/RF/roc_auc/grid_RF_roc_auc_ds_91-100.pdf>
Package pdftex.def Info: plots/Granular_Grids/RF/roc_auc/grid_RF_roc_auc_ds_91-
100.pdf  used on input line 1356.
(pdftex.def)             Requested size: 145.68144pt x 87.40396pt.
 [89

 <./plots/Granular_Grids/RF/roc_auc/grid_RF_roc_auc_ds_1-10.pdf> <./plots/Granu
lar_Grids/RF/roc_auc/grid_RF_roc_auc_ds_11-20.pdf> <./plots/Granular_Grids/RF/r
oc_auc/grid_RF_roc_auc_ds_21-30.pdf> <./plots/Granular_Grids/RF/roc_auc/grid_RF
_roc_auc_ds_31-40.pdf> <./plots/Granular_Grids/RF/roc_auc/grid_RF_roc_auc_ds_41
-50.pdf> <./plots/Granular_Grids/RF/roc_auc/grid_RF_roc_auc_ds_51-60.pdf> <./pl
ots/Granular_Grids/RF/roc_auc/grid_RF_roc_auc_ds_61-70.pdf> <./plots/Granular_G
rids/RF/roc_auc/grid_RF_roc_auc_ds_71-80.pdf> <./plots/Granular_Grids/RF/roc_au
c/grid_RF_roc_auc_ds_81-90.pdf> <./plots/Granular_Grids/RF/roc_auc/grid_RF_roc_
auc_ds_91-100.pdf>]
<plots/Granular_Grids/SVM_lin/accuracy/grid_SVM_lin_accuracy_ds_1-10.pdf, id=98
787, 1445.4pt x 867.24pt>
File: plots/Granular_Grids/SVM_lin/accuracy/grid_SVM_lin_accuracy_ds_1-10.pdf G
raphic file (type pdf)
<use plots/Granular_Grids/SVM_lin/accuracy/grid_SVM_lin_accuracy_ds_1-10.pdf>
Package pdftex.def Info: plots/Granular_Grids/SVM_lin/accuracy/grid_SVM_lin_acc
uracy_ds_1-10.pdf  used on input line 1364.
(pdftex.def)             Requested size: 145.68144pt x 87.40396pt.
<plots/Granular_Grids/SVM_lin/accuracy/grid_SVM_lin_accuracy_ds_11-20.pdf, id=9
8788, 1445.4pt x 867.24pt>
File: plots/Granular_Grids/SVM_lin/accuracy/grid_SVM_lin_accuracy_ds_11-20.pdf 
Graphic file (type pdf)
<use plots/Granular_Grids/SVM_lin/accuracy/grid_SVM_lin_accuracy_ds_11-20.pdf>
Package pdftex.def Info: plots/Granular_Grids/SVM_lin/accuracy/grid_SVM_lin_acc
uracy_ds_11-20.pdf  used on input line 1365.
(pdftex.def)             Requested size: 145.68144pt x 87.40396pt.
<plots/Granular_Grids/SVM_lin/accuracy/grid_SVM_lin_accuracy_ds_21-30.pdf, id=9
8789, 1445.4pt x 867.24pt>
File: plots/Granular_Grids/SVM_lin/accuracy/grid_SVM_lin_accuracy_ds_21-30.pdf 
Graphic file (type pdf)
<use plots/Granular_Grids/SVM_lin/accuracy/grid_SVM_lin_accuracy_ds_21-30.pdf>
Package pdftex.def Info: plots/Granular_Grids/SVM_lin/accuracy/grid_SVM_lin_acc
uracy_ds_21-30.pdf  used on input line 1366.
(pdftex.def)             Requested size: 145.68144pt x 87.40396pt.
<plots/Granular_Grids/SVM_lin/accuracy/grid_SVM_lin_accuracy_ds_31-40.pdf, id=9
8790, 1445.4pt x 867.24pt>
File: plots/Granular_Grids/SVM_lin/accuracy/grid_SVM_lin_accuracy_ds_31-40.pdf 
Graphic file (type pdf)
<use plots/Granular_Grids/SVM_lin/accuracy/grid_SVM_lin_accuracy_ds_31-40.pdf>
Package pdftex.def Info: plots/Granular_Grids/SVM_lin/accuracy/grid_SVM_lin_acc
uracy_ds_31-40.pdf  used on input line 1367.
(pdftex.def)             Requested size: 145.68144pt x 87.40396pt.
<plots/Granular_Grids/SVM_lin/accuracy/grid_SVM_lin_accuracy_ds_41-50.pdf, id=9
8791, 1445.4pt x 867.24pt>
File: plots/Granular_Grids/SVM_lin/accuracy/grid_SVM_lin_accuracy_ds_41-50.pdf 
Graphic file (type pdf)
<use plots/Granular_Grids/SVM_lin/accuracy/grid_SVM_lin_accuracy_ds_41-50.pdf>
Package pdftex.def Info: plots/Granular_Grids/SVM_lin/accuracy/grid_SVM_lin_acc
uracy_ds_41-50.pdf  used on input line 1368.
(pdftex.def)             Requested size: 145.68144pt x 87.40396pt.
<plots/Granular_Grids/SVM_lin/accuracy/grid_SVM_lin_accuracy_ds_51-60.pdf, id=9
8792, 1445.4pt x 867.24pt>
File: plots/Granular_Grids/SVM_lin/accuracy/grid_SVM_lin_accuracy_ds_51-60.pdf 
Graphic file (type pdf)
<use plots/Granular_Grids/SVM_lin/accuracy/grid_SVM_lin_accuracy_ds_51-60.pdf>
Package pdftex.def Info: plots/Granular_Grids/SVM_lin/accuracy/grid_SVM_lin_acc
uracy_ds_51-60.pdf  used on input line 1369.
(pdftex.def)             Requested size: 145.68144pt x 87.40396pt.
<plots/Granular_Grids/SVM_lin/accuracy/grid_SVM_lin_accuracy_ds_61-70.pdf, id=9
8793, 1445.4pt x 867.24pt>
File: plots/Granular_Grids/SVM_lin/accuracy/grid_SVM_lin_accuracy_ds_61-70.pdf 
Graphic file (type pdf)
<use plots/Granular_Grids/SVM_lin/accuracy/grid_SVM_lin_accuracy_ds_61-70.pdf>
Package pdftex.def Info: plots/Granular_Grids/SVM_lin/accuracy/grid_SVM_lin_acc
uracy_ds_61-70.pdf  used on input line 1370.
(pdftex.def)             Requested size: 145.68144pt x 87.40396pt.
<plots/Granular_Grids/SVM_lin/accuracy/grid_SVM_lin_accuracy_ds_71-80.pdf, id=9
8794, 1445.4pt x 867.24pt>
File: plots/Granular_Grids/SVM_lin/accuracy/grid_SVM_lin_accuracy_ds_71-80.pdf 
Graphic file (type pdf)
<use plots/Granular_Grids/SVM_lin/accuracy/grid_SVM_lin_accuracy_ds_71-80.pdf>
Package pdftex.def Info: plots/Granular_Grids/SVM_lin/accuracy/grid_SVM_lin_acc
uracy_ds_71-80.pdf  used on input line 1371.
(pdftex.def)             Requested size: 145.68144pt x 87.40396pt.
<plots/Granular_Grids/SVM_lin/accuracy/grid_SVM_lin_accuracy_ds_81-90.pdf, id=9
8795, 1445.4pt x 867.24pt>
File: plots/Granular_Grids/SVM_lin/accuracy/grid_SVM_lin_accuracy_ds_81-90.pdf 
Graphic file (type pdf)
<use plots/Granular_Grids/SVM_lin/accuracy/grid_SVM_lin_accuracy_ds_81-90.pdf>
Package pdftex.def Info: plots/Granular_Grids/SVM_lin/accuracy/grid_SVM_lin_acc
uracy_ds_81-90.pdf  used on input line 1372.
(pdftex.def)             Requested size: 145.68144pt x 87.40396pt.
<plots/Granular_Grids/SVM_lin/accuracy/grid_SVM_lin_accuracy_ds_91-100.pdf, id=
98796, 1445.4pt x 867.24pt>
File: plots/Granular_Grids/SVM_lin/accuracy/grid_SVM_lin_accuracy_ds_91-100.pdf
 Graphic file (type pdf)
<use plots/Granular_Grids/SVM_lin/accuracy/grid_SVM_lin_accuracy_ds_91-100.pdf>

Package pdftex.def Info: plots/Granular_Grids/SVM_lin/accuracy/grid_SVM_lin_acc
uracy_ds_91-100.pdf  used on input line 1373.
(pdftex.def)             Requested size: 145.68144pt x 87.40396pt.
 [90

 <./plots/Granular_Grids/SVM_lin/accuracy/grid_SVM_lin_accuracy_ds_1-10.pdf> <.
/plots/Granular_Grids/SVM_lin/accuracy/grid_SVM_lin_accuracy_ds_11-20.pdf> <./p
lots/Granular_Grids/SVM_lin/accuracy/grid_SVM_lin_accuracy_ds_21-30.pdf> <./plo
ts/Granular_Grids/SVM_lin/accuracy/grid_SVM_lin_accuracy_ds_31-40.pdf> <./plots
/Granular_Grids/SVM_lin/accuracy/grid_SVM_lin_accuracy_ds_41-50.pdf> <./plots/G
ranular_Grids/SVM_lin/accuracy/grid_SVM_lin_accuracy_ds_51-60.pdf> <./plots/Gra
nular_Grids/SVM_lin/accuracy/grid_SVM_lin_accuracy_ds_61-70.pdf> <./plots/Granu
lar_Grids/SVM_lin/accuracy/grid_SVM_lin_accuracy_ds_71-80.pdf> <./plots/Granula
r_Grids/SVM_lin/accuracy/grid_SVM_lin_accuracy_ds_81-90.pdf> <./plots/Granular_
Grids/SVM_lin/accuracy/grid_SVM_lin_accuracy_ds_91-100.pdf>]
<plots/Granular_Grids/SVM_lin/f1_score/grid_SVM_lin_f1_score_ds_1-10.pdf, id=10
0092, 1445.4pt x 867.24pt>
File: plots/Granular_Grids/SVM_lin/f1_score/grid_SVM_lin_f1_score_ds_1-10.pdf G
raphic file (type pdf)
<use plots/Granular_Grids/SVM_lin/f1_score/grid_SVM_lin_f1_score_ds_1-10.pdf>
Package pdftex.def Info: plots/Granular_Grids/SVM_lin/f1_score/grid_SVM_lin_f1_
score_ds_1-10.pdf  used on input line 1381.
(pdftex.def)             Requested size: 145.68144pt x 87.40396pt.
<plots/Granular_Grids/SVM_lin/f1_score/grid_SVM_lin_f1_score_ds_11-20.pdf, id=1
00093, 1445.4pt x 867.24pt>
File: plots/Granular_Grids/SVM_lin/f1_score/grid_SVM_lin_f1_score_ds_11-20.pdf 
Graphic file (type pdf)
<use plots/Granular_Grids/SVM_lin/f1_score/grid_SVM_lin_f1_score_ds_11-20.pdf>
Package pdftex.def Info: plots/Granular_Grids/SVM_lin/f1_score/grid_SVM_lin_f1_
score_ds_11-20.pdf  used on input line 1382.
(pdftex.def)             Requested size: 145.68144pt x 87.40396pt.
<plots/Granular_Grids/SVM_lin/f1_score/grid_SVM_lin_f1_score_ds_21-30.pdf, id=1
00094, 1445.4pt x 867.24pt>
File: plots/Granular_Grids/SVM_lin/f1_score/grid_SVM_lin_f1_score_ds_21-30.pdf 
Graphic file (type pdf)
<use plots/Granular_Grids/SVM_lin/f1_score/grid_SVM_lin_f1_score_ds_21-30.pdf>
Package pdftex.def Info: plots/Granular_Grids/SVM_lin/f1_score/grid_SVM_lin_f1_
score_ds_21-30.pdf  used on input line 1383.
(pdftex.def)             Requested size: 145.68144pt x 87.40396pt.
<plots/Granular_Grids/SVM_lin/f1_score/grid_SVM_lin_f1_score_ds_31-40.pdf, id=1
00095, 1445.4pt x 867.24pt>
File: plots/Granular_Grids/SVM_lin/f1_score/grid_SVM_lin_f1_score_ds_31-40.pdf 
Graphic file (type pdf)
<use plots/Granular_Grids/SVM_lin/f1_score/grid_SVM_lin_f1_score_ds_31-40.pdf>
Package pdftex.def Info: plots/Granular_Grids/SVM_lin/f1_score/grid_SVM_lin_f1_
score_ds_31-40.pdf  used on input line 1384.
(pdftex.def)             Requested size: 145.68144pt x 87.40396pt.
<plots/Granular_Grids/SVM_lin/f1_score/grid_SVM_lin_f1_score_ds_41-50.pdf, id=1
00096, 1445.4pt x 867.24pt>
File: plots/Granular_Grids/SVM_lin/f1_score/grid_SVM_lin_f1_score_ds_41-50.pdf 
Graphic file (type pdf)
<use plots/Granular_Grids/SVM_lin/f1_score/grid_SVM_lin_f1_score_ds_41-50.pdf>
Package pdftex.def Info: plots/Granular_Grids/SVM_lin/f1_score/grid_SVM_lin_f1_
score_ds_41-50.pdf  used on input line 1385.
(pdftex.def)             Requested size: 145.68144pt x 87.40396pt.
<plots/Granular_Grids/SVM_lin/f1_score/grid_SVM_lin_f1_score_ds_51-60.pdf, id=1
00097, 1445.4pt x 867.24pt>
File: plots/Granular_Grids/SVM_lin/f1_score/grid_SVM_lin_f1_score_ds_51-60.pdf 
Graphic file (type pdf)
<use plots/Granular_Grids/SVM_lin/f1_score/grid_SVM_lin_f1_score_ds_51-60.pdf>
Package pdftex.def Info: plots/Granular_Grids/SVM_lin/f1_score/grid_SVM_lin_f1_
score_ds_51-60.pdf  used on input line 1386.
(pdftex.def)             Requested size: 145.68144pt x 87.40396pt.
<plots/Granular_Grids/SVM_lin/f1_score/grid_SVM_lin_f1_score_ds_61-70.pdf, id=1
00098, 1445.4pt x 867.24pt>
File: plots/Granular_Grids/SVM_lin/f1_score/grid_SVM_lin_f1_score_ds_61-70.pdf 
Graphic file (type pdf)
<use plots/Granular_Grids/SVM_lin/f1_score/grid_SVM_lin_f1_score_ds_61-70.pdf>
Package pdftex.def Info: plots/Granular_Grids/SVM_lin/f1_score/grid_SVM_lin_f1_
score_ds_61-70.pdf  used on input line 1387.
(pdftex.def)             Requested size: 145.68144pt x 87.40396pt.
<plots/Granular_Grids/SVM_lin/f1_score/grid_SVM_lin_f1_score_ds_71-80.pdf, id=1
00099, 1445.4pt x 867.24pt>
File: plots/Granular_Grids/SVM_lin/f1_score/grid_SVM_lin_f1_score_ds_71-80.pdf 
Graphic file (type pdf)
<use plots/Granular_Grids/SVM_lin/f1_score/grid_SVM_lin_f1_score_ds_71-80.pdf>
Package pdftex.def Info: plots/Granular_Grids/SVM_lin/f1_score/grid_SVM_lin_f1_
score_ds_71-80.pdf  used on input line 1388.
(pdftex.def)             Requested size: 145.68144pt x 87.40396pt.
<plots/Granular_Grids/SVM_lin/f1_score/grid_SVM_lin_f1_score_ds_81-90.pdf, id=1
00100, 1445.4pt x 867.24pt>
File: plots/Granular_Grids/SVM_lin/f1_score/grid_SVM_lin_f1_score_ds_81-90.pdf 
Graphic file (type pdf)
<use plots/Granular_Grids/SVM_lin/f1_score/grid_SVM_lin_f1_score_ds_81-90.pdf>
Package pdftex.def Info: plots/Granular_Grids/SVM_lin/f1_score/grid_SVM_lin_f1_
score_ds_81-90.pdf  used on input line 1389.
(pdftex.def)             Requested size: 145.68144pt x 87.40396pt.
<plots/Granular_Grids/SVM_lin/f1_score/grid_SVM_lin_f1_score_ds_91-100.pdf, id=
100101, 1445.4pt x 867.24pt>
File: plots/Granular_Grids/SVM_lin/f1_score/grid_SVM_lin_f1_score_ds_91-100.pdf
 Graphic file (type pdf)
<use plots/Granular_Grids/SVM_lin/f1_score/grid_SVM_lin_f1_score_ds_91-100.pdf>

Package pdftex.def Info: plots/Granular_Grids/SVM_lin/f1_score/grid_SVM_lin_f1_
score_ds_91-100.pdf  used on input line 1390.
(pdftex.def)             Requested size: 145.68144pt x 87.40396pt.
 [91

 <./plots/Granular_Grids/SVM_lin/f1_score/grid_SVM_lin_f1_score_ds_1-10.pdf> <.
/plots/Granular_Grids/SVM_lin/f1_score/grid_SVM_lin_f1_score_ds_11-20.pdf> <./p
lots/Granular_Grids/SVM_lin/f1_score/grid_SVM_lin_f1_score_ds_21-30.pdf> <./plo
ts/Granular_Grids/SVM_lin/f1_score/grid_SVM_lin_f1_score_ds_31-40.pdf> <./plots
/Granular_Grids/SVM_lin/f1_score/grid_SVM_lin_f1_score_ds_41-50.pdf> <./plots/G
ranular_Grids/SVM_lin/f1_score/grid_SVM_lin_f1_score_ds_51-60.pdf> <./plots/Gra
nular_Grids/SVM_lin/f1_score/grid_SVM_lin_f1_score_ds_61-70.pdf> <./plots/Granu
lar_Grids/SVM_lin/f1_score/grid_SVM_lin_f1_score_ds_71-80.pdf> <./plots/Granula
r_Grids/SVM_lin/f1_score/grid_SVM_lin_f1_score_ds_81-90.pdf> <./plots/Granular_
Grids/SVM_lin/f1_score/grid_SVM_lin_f1_score_ds_91-100.pdf>]
<plots/Granular_Grids/SVM_lin/g_mean/grid_SVM_lin_g_mean_ds_1-10.pdf, id=101387
, 1445.4pt x 867.24pt>
File: plots/Granular_Grids/SVM_lin/g_mean/grid_SVM_lin_g_mean_ds_1-10.pdf Graph
ic file (type pdf)
<use plots/Granular_Grids/SVM_lin/g_mean/grid_SVM_lin_g_mean_ds_1-10.pdf>
Package pdftex.def Info: plots/Granular_Grids/SVM_lin/g_mean/grid_SVM_lin_g_mea
n_ds_1-10.pdf  used on input line 1398.
(pdftex.def)             Requested size: 145.68144pt x 87.40396pt.
<plots/Granular_Grids/SVM_lin/g_mean/grid_SVM_lin_g_mean_ds_11-20.pdf, id=10138
8, 1445.4pt x 867.24pt>
File: plots/Granular_Grids/SVM_lin/g_mean/grid_SVM_lin_g_mean_ds_11-20.pdf Grap
hic file (type pdf)
<use plots/Granular_Grids/SVM_lin/g_mean/grid_SVM_lin_g_mean_ds_11-20.pdf>
Package pdftex.def Info: plots/Granular_Grids/SVM_lin/g_mean/grid_SVM_lin_g_mea
n_ds_11-20.pdf  used on input line 1399.
(pdftex.def)             Requested size: 145.68144pt x 87.40396pt.
<plots/Granular_Grids/SVM_lin/g_mean/grid_SVM_lin_g_mean_ds_21-30.pdf, id=10138
9, 1445.4pt x 867.24pt>
File: plots/Granular_Grids/SVM_lin/g_mean/grid_SVM_lin_g_mean_ds_21-30.pdf Grap
hic file (type pdf)
<use plots/Granular_Grids/SVM_lin/g_mean/grid_SVM_lin_g_mean_ds_21-30.pdf>
Package pdftex.def Info: plots/Granular_Grids/SVM_lin/g_mean/grid_SVM_lin_g_mea
n_ds_21-30.pdf  used on input line 1400.
(pdftex.def)             Requested size: 145.68144pt x 87.40396pt.
<plots/Granular_Grids/SVM_lin/g_mean/grid_SVM_lin_g_mean_ds_31-40.pdf, id=10139
0, 1445.4pt x 867.24pt>
File: plots/Granular_Grids/SVM_lin/g_mean/grid_SVM_lin_g_mean_ds_31-40.pdf Grap
hic file (type pdf)
<use plots/Granular_Grids/SVM_lin/g_mean/grid_SVM_lin_g_mean_ds_31-40.pdf>
Package pdftex.def Info: plots/Granular_Grids/SVM_lin/g_mean/grid_SVM_lin_g_mea
n_ds_31-40.pdf  used on input line 1401.
(pdftex.def)             Requested size: 145.68144pt x 87.40396pt.
<plots/Granular_Grids/SVM_lin/g_mean/grid_SVM_lin_g_mean_ds_41-50.pdf, id=10139
1, 1445.4pt x 867.24pt>
File: plots/Granular_Grids/SVM_lin/g_mean/grid_SVM_lin_g_mean_ds_41-50.pdf Grap
hic file (type pdf)
<use plots/Granular_Grids/SVM_lin/g_mean/grid_SVM_lin_g_mean_ds_41-50.pdf>
Package pdftex.def Info: plots/Granular_Grids/SVM_lin/g_mean/grid_SVM_lin_g_mea
n_ds_41-50.pdf  used on input line 1402.
(pdftex.def)             Requested size: 145.68144pt x 87.40396pt.
<plots/Granular_Grids/SVM_lin/g_mean/grid_SVM_lin_g_mean_ds_51-60.pdf, id=10139
2, 1445.4pt x 867.24pt>
File: plots/Granular_Grids/SVM_lin/g_mean/grid_SVM_lin_g_mean_ds_51-60.pdf Grap
hic file (type pdf)
<use plots/Granular_Grids/SVM_lin/g_mean/grid_SVM_lin_g_mean_ds_51-60.pdf>
Package pdftex.def Info: plots/Granular_Grids/SVM_lin/g_mean/grid_SVM_lin_g_mea
n_ds_51-60.pdf  used on input line 1403.
(pdftex.def)             Requested size: 145.68144pt x 87.40396pt.
<plots/Granular_Grids/SVM_lin/g_mean/grid_SVM_lin_g_mean_ds_61-70.pdf, id=10139
3, 1445.4pt x 867.24pt>
File: plots/Granular_Grids/SVM_lin/g_mean/grid_SVM_lin_g_mean_ds_61-70.pdf Grap
hic file (type pdf)
<use plots/Granular_Grids/SVM_lin/g_mean/grid_SVM_lin_g_mean_ds_61-70.pdf>
Package pdftex.def Info: plots/Granular_Grids/SVM_lin/g_mean/grid_SVM_lin_g_mea
n_ds_61-70.pdf  used on input line 1404.
(pdftex.def)             Requested size: 145.68144pt x 87.40396pt.
<plots/Granular_Grids/SVM_lin/g_mean/grid_SVM_lin_g_mean_ds_71-80.pdf, id=10139
4, 1445.4pt x 867.24pt>
File: plots/Granular_Grids/SVM_lin/g_mean/grid_SVM_lin_g_mean_ds_71-80.pdf Grap
hic file (type pdf)
<use plots/Granular_Grids/SVM_lin/g_mean/grid_SVM_lin_g_mean_ds_71-80.pdf>
Package pdftex.def Info: plots/Granular_Grids/SVM_lin/g_mean/grid_SVM_lin_g_mea
n_ds_71-80.pdf  used on input line 1405.
(pdftex.def)             Requested size: 145.68144pt x 87.40396pt.
<plots/Granular_Grids/SVM_lin/g_mean/grid_SVM_lin_g_mean_ds_81-90.pdf, id=10139
5, 1445.4pt x 867.24pt>
File: plots/Granular_Grids/SVM_lin/g_mean/grid_SVM_lin_g_mean_ds_81-90.pdf Grap
hic file (type pdf)
<use plots/Granular_Grids/SVM_lin/g_mean/grid_SVM_lin_g_mean_ds_81-90.pdf>
Package pdftex.def Info: plots/Granular_Grids/SVM_lin/g_mean/grid_SVM_lin_g_mea
n_ds_81-90.pdf  used on input line 1406.
(pdftex.def)             Requested size: 145.68144pt x 87.40396pt.
<plots/Granular_Grids/SVM_lin/g_mean/grid_SVM_lin_g_mean_ds_91-100.pdf, id=1013
96, 1445.4pt x 867.24pt>
File: plots/Granular_Grids/SVM_lin/g_mean/grid_SVM_lin_g_mean_ds_91-100.pdf Gra
phic file (type pdf)
<use plots/Granular_Grids/SVM_lin/g_mean/grid_SVM_lin_g_mean_ds_91-100.pdf>
Package pdftex.def Info: plots/Granular_Grids/SVM_lin/g_mean/grid_SVM_lin_g_mea
n_ds_91-100.pdf  used on input line 1407.
(pdftex.def)             Requested size: 145.68144pt x 87.40396pt.
 [92

 <./plots/Granular_Grids/SVM_lin/g_mean/grid_SVM_lin_g_mean_ds_1-10.pdf> <./plo
ts/Granular_Grids/SVM_lin/g_mean/grid_SVM_lin_g_mean_ds_11-20.pdf> <./plots/Gra
nular_Grids/SVM_lin/g_mean/grid_SVM_lin_g_mean_ds_21-30.pdf> <./plots/Granular_
Grids/SVM_lin/g_mean/grid_SVM_lin_g_mean_ds_31-40.pdf> <./plots/Granular_Grids/
SVM_lin/g_mean/grid_SVM_lin_g_mean_ds_41-50.pdf> <./plots/Granular_Grids/SVM_li
n/g_mean/grid_SVM_lin_g_mean_ds_51-60.pdf> <./plots/Granular_Grids/SVM_lin/g_me
an/grid_SVM_lin_g_mean_ds_61-70.pdf> <./plots/Granular_Grids/SVM_lin/g_mean/gri
d_SVM_lin_g_mean_ds_71-80.pdf> <./plots/Granular_Grids/SVM_lin/g_mean/grid_SVM_
lin_g_mean_ds_81-90.pdf> <./plots/Granular_Grids/SVM_lin/g_mean/grid_SVM_lin_g_
mean_ds_91-100.pdf>]
<plots/Granular_Grids/SVM_lin/roc_auc/grid_SVM_lin_roc_auc_ds_1-10.pdf, id=1026
72, 1445.4pt x 867.24pt>
File: plots/Granular_Grids/SVM_lin/roc_auc/grid_SVM_lin_roc_auc_ds_1-10.pdf Gra
phic file (type pdf)
<use plots/Granular_Grids/SVM_lin/roc_auc/grid_SVM_lin_roc_auc_ds_1-10.pdf>
Package pdftex.def Info: plots/Granular_Grids/SVM_lin/roc_auc/grid_SVM_lin_roc_
auc_ds_1-10.pdf  used on input line 1415.
(pdftex.def)             Requested size: 145.68144pt x 87.40396pt.
<plots/Granular_Grids/SVM_lin/roc_auc/grid_SVM_lin_roc_auc_ds_11-20.pdf, id=102
673, 1445.4pt x 867.24pt>
File: plots/Granular_Grids/SVM_lin/roc_auc/grid_SVM_lin_roc_auc_ds_11-20.pdf Gr
aphic file (type pdf)
<use plots/Granular_Grids/SVM_lin/roc_auc/grid_SVM_lin_roc_auc_ds_11-20.pdf>
Package pdftex.def Info: plots/Granular_Grids/SVM_lin/roc_auc/grid_SVM_lin_roc_
auc_ds_11-20.pdf  used on input line 1416.
(pdftex.def)             Requested size: 145.68144pt x 87.40396pt.
<plots/Granular_Grids/SVM_lin/roc_auc/grid_SVM_lin_roc_auc_ds_21-30.pdf, id=102
674, 1445.4pt x 867.24pt>
File: plots/Granular_Grids/SVM_lin/roc_auc/grid_SVM_lin_roc_auc_ds_21-30.pdf Gr
aphic file (type pdf)
<use plots/Granular_Grids/SVM_lin/roc_auc/grid_SVM_lin_roc_auc_ds_21-30.pdf>
Package pdftex.def Info: plots/Granular_Grids/SVM_lin/roc_auc/grid_SVM_lin_roc_
auc_ds_21-30.pdf  used on input line 1417.
(pdftex.def)             Requested size: 145.68144pt x 87.40396pt.
<plots/Granular_Grids/SVM_lin/roc_auc/grid_SVM_lin_roc_auc_ds_31-40.pdf, id=102
675, 1445.4pt x 867.24pt>
File: plots/Granular_Grids/SVM_lin/roc_auc/grid_SVM_lin_roc_auc_ds_31-40.pdf Gr
aphic file (type pdf)
<use plots/Granular_Grids/SVM_lin/roc_auc/grid_SVM_lin_roc_auc_ds_31-40.pdf>
Package pdftex.def Info: plots/Granular_Grids/SVM_lin/roc_auc/grid_SVM_lin_roc_
auc_ds_31-40.pdf  used on input line 1418.
(pdftex.def)             Requested size: 145.68144pt x 87.40396pt.
<plots/Granular_Grids/SVM_lin/roc_auc/grid_SVM_lin_roc_auc_ds_41-50.pdf, id=102
676, 1445.4pt x 867.24pt>
File: plots/Granular_Grids/SVM_lin/roc_auc/grid_SVM_lin_roc_auc_ds_41-50.pdf Gr
aphic file (type pdf)
<use plots/Granular_Grids/SVM_lin/roc_auc/grid_SVM_lin_roc_auc_ds_41-50.pdf>
Package pdftex.def Info: plots/Granular_Grids/SVM_lin/roc_auc/grid_SVM_lin_roc_
auc_ds_41-50.pdf  used on input line 1419.
(pdftex.def)             Requested size: 145.68144pt x 87.40396pt.
<plots/Granular_Grids/SVM_lin/roc_auc/grid_SVM_lin_roc_auc_ds_51-60.pdf, id=102
677, 1445.4pt x 867.24pt>
File: plots/Granular_Grids/SVM_lin/roc_auc/grid_SVM_lin_roc_auc_ds_51-60.pdf Gr
aphic file (type pdf)
<use plots/Granular_Grids/SVM_lin/roc_auc/grid_SVM_lin_roc_auc_ds_51-60.pdf>
Package pdftex.def Info: plots/Granular_Grids/SVM_lin/roc_auc/grid_SVM_lin_roc_
auc_ds_51-60.pdf  used on input line 1420.
(pdftex.def)             Requested size: 145.68144pt x 87.40396pt.
<plots/Granular_Grids/SVM_lin/roc_auc/grid_SVM_lin_roc_auc_ds_61-70.pdf, id=102
678, 1445.4pt x 867.24pt>
File: plots/Granular_Grids/SVM_lin/roc_auc/grid_SVM_lin_roc_auc_ds_61-70.pdf Gr
aphic file (type pdf)
<use plots/Granular_Grids/SVM_lin/roc_auc/grid_SVM_lin_roc_auc_ds_61-70.pdf>
Package pdftex.def Info: plots/Granular_Grids/SVM_lin/roc_auc/grid_SVM_lin_roc_
auc_ds_61-70.pdf  used on input line 1421.
(pdftex.def)             Requested size: 145.68144pt x 87.40396pt.
<plots/Granular_Grids/SVM_lin/roc_auc/grid_SVM_lin_roc_auc_ds_71-80.pdf, id=102
679, 1445.4pt x 867.24pt>
File: plots/Granular_Grids/SVM_lin/roc_auc/grid_SVM_lin_roc_auc_ds_71-80.pdf Gr
aphic file (type pdf)
<use plots/Granular_Grids/SVM_lin/roc_auc/grid_SVM_lin_roc_auc_ds_71-80.pdf>
Package pdftex.def Info: plots/Granular_Grids/SVM_lin/roc_auc/grid_SVM_lin_roc_
auc_ds_71-80.pdf  used on input line 1422.
(pdftex.def)             Requested size: 145.68144pt x 87.40396pt.
<plots/Granular_Grids/SVM_lin/roc_auc/grid_SVM_lin_roc_auc_ds_81-90.pdf, id=102
680, 1445.4pt x 867.24pt>
File: plots/Granular_Grids/SVM_lin/roc_auc/grid_SVM_lin_roc_auc_ds_81-90.pdf Gr
aphic file (type pdf)
<use plots/Granular_Grids/SVM_lin/roc_auc/grid_SVM_lin_roc_auc_ds_81-90.pdf>
Package pdftex.def Info: plots/Granular_Grids/SVM_lin/roc_auc/grid_SVM_lin_roc_
auc_ds_81-90.pdf  used on input line 1423.
(pdftex.def)             Requested size: 145.68144pt x 87.40396pt.
<plots/Granular_Grids/SVM_lin/roc_auc/grid_SVM_lin_roc_auc_ds_91-100.pdf, id=10
2681, 1445.4pt x 867.24pt>
File: plots/Granular_Grids/SVM_lin/roc_auc/grid_SVM_lin_roc_auc_ds_91-100.pdf G
raphic file (type pdf)
<use plots/Granular_Grids/SVM_lin/roc_auc/grid_SVM_lin_roc_auc_ds_91-100.pdf>
Package pdftex.def Info: plots/Granular_Grids/SVM_lin/roc_auc/grid_SVM_lin_roc_
auc_ds_91-100.pdf  used on input line 1424.
(pdftex.def)             Requested size: 145.68144pt x 87.40396pt.

[93

 <./plots/Granular_Grids/SVM_lin/roc_auc/grid_SVM_lin_roc_auc_ds_1-10.pdf> <./p
lots/Granular_Grids/SVM_lin/roc_auc/grid_SVM_lin_roc_auc_ds_11-20.pdf> <./plots
/Granular_Grids/SVM_lin/roc_auc/grid_SVM_lin_roc_auc_ds_21-30.pdf> <./plots/Gra
nular_Grids/SVM_lin/roc_auc/grid_SVM_lin_roc_auc_ds_31-40.pdf> <./plots/Granula
r_Grids/SVM_lin/roc_auc/grid_SVM_lin_roc_auc_ds_41-50.pdf> <./plots/Granular_Gr
ids/SVM_lin/roc_auc/grid_SVM_lin_roc_auc_ds_51-60.pdf> <./plots/Granular_Grids/
SVM_lin/roc_auc/grid_SVM_lin_roc_auc_ds_61-70.pdf> <./plots/Granular_Grids/SVM_
lin/roc_auc/grid_SVM_lin_roc_auc_ds_71-80.pdf> <./plots/Granular_Grids/SVM_lin/
roc_auc/grid_SVM_lin_roc_auc_ds_81-90.pdf> <./plots/Granular_Grids/SVM_lin/roc_
auc/grid_SVM_lin_roc_auc_ds_91-100.pdf>]
<plots/Granular_Grids/SVM_rbf/accuracy/grid_SVM_rbf_accuracy_ds_1-10.pdf, id=10
3967, 1445.4pt x 867.24pt>
File: plots/Granular_Grids/SVM_rbf/accuracy/grid_SVM_rbf_accuracy_ds_1-10.pdf G
raphic file (type pdf)
<use plots/Granular_Grids/SVM_rbf/accuracy/grid_SVM_rbf_accuracy_ds_1-10.pdf>
Package pdftex.def Info: plots/Granular_Grids/SVM_rbf/accuracy/grid_SVM_rbf_acc
uracy_ds_1-10.pdf  used on input line 1432.
(pdftex.def)             Requested size: 145.68144pt x 87.40396pt.
<plots/Granular_Grids/SVM_rbf/accuracy/grid_SVM_rbf_accuracy_ds_11-20.pdf, id=1
03968, 1445.4pt x 867.24pt>
File: plots/Granular_Grids/SVM_rbf/accuracy/grid_SVM_rbf_accuracy_ds_11-20.pdf 
Graphic file (type pdf)
<use plots/Granular_Grids/SVM_rbf/accuracy/grid_SVM_rbf_accuracy_ds_11-20.pdf>
Package pdftex.def Info: plots/Granular_Grids/SVM_rbf/accuracy/grid_SVM_rbf_acc
uracy_ds_11-20.pdf  used on input line 1433.
(pdftex.def)             Requested size: 145.68144pt x 87.40396pt.
<plots/Granular_Grids/SVM_rbf/accuracy/grid_SVM_rbf_accuracy_ds_21-30.pdf, id=1
03969, 1445.4pt x 867.24pt>
File: plots/Granular_Grids/SVM_rbf/accuracy/grid_SVM_rbf_accuracy_ds_21-30.pdf 
Graphic file (type pdf)
<use plots/Granular_Grids/SVM_rbf/accuracy/grid_SVM_rbf_accuracy_ds_21-30.pdf>
Package pdftex.def Info: plots/Granular_Grids/SVM_rbf/accuracy/grid_SVM_rbf_acc
uracy_ds_21-30.pdf  used on input line 1434.
(pdftex.def)             Requested size: 145.68144pt x 87.40396pt.
<plots/Granular_Grids/SVM_rbf/accuracy/grid_SVM_rbf_accuracy_ds_31-40.pdf, id=1
03970, 1445.4pt x 867.24pt>
File: plots/Granular_Grids/SVM_rbf/accuracy/grid_SVM_rbf_accuracy_ds_31-40.pdf 
Graphic file (type pdf)
<use plots/Granular_Grids/SVM_rbf/accuracy/grid_SVM_rbf_accuracy_ds_31-40.pdf>
Package pdftex.def Info: plots/Granular_Grids/SVM_rbf/accuracy/grid_SVM_rbf_acc
uracy_ds_31-40.pdf  used on input line 1435.
(pdftex.def)             Requested size: 145.68144pt x 87.40396pt.
<plots/Granular_Grids/SVM_rbf/accuracy/grid_SVM_rbf_accuracy_ds_41-50.pdf, id=1
03971, 1445.4pt x 867.24pt>
File: plots/Granular_Grids/SVM_rbf/accuracy/grid_SVM_rbf_accuracy_ds_41-50.pdf 
Graphic file (type pdf)
<use plots/Granular_Grids/SVM_rbf/accuracy/grid_SVM_rbf_accuracy_ds_41-50.pdf>
Package pdftex.def Info: plots/Granular_Grids/SVM_rbf/accuracy/grid_SVM_rbf_acc
uracy_ds_41-50.pdf  used on input line 1436.
(pdftex.def)             Requested size: 145.68144pt x 87.40396pt.
<plots/Granular_Grids/SVM_rbf/accuracy/grid_SVM_rbf_accuracy_ds_51-60.pdf, id=1
03972, 1445.4pt x 867.24pt>
File: plots/Granular_Grids/SVM_rbf/accuracy/grid_SVM_rbf_accuracy_ds_51-60.pdf 
Graphic file (type pdf)
<use plots/Granular_Grids/SVM_rbf/accuracy/grid_SVM_rbf_accuracy_ds_51-60.pdf>
Package pdftex.def Info: plots/Granular_Grids/SVM_rbf/accuracy/grid_SVM_rbf_acc
uracy_ds_51-60.pdf  used on input line 1437.
(pdftex.def)             Requested size: 145.68144pt x 87.40396pt.
<plots/Granular_Grids/SVM_rbf/accuracy/grid_SVM_rbf_accuracy_ds_61-70.pdf, id=1
03973, 1445.4pt x 867.24pt>
File: plots/Granular_Grids/SVM_rbf/accuracy/grid_SVM_rbf_accuracy_ds_61-70.pdf 
Graphic file (type pdf)
<use plots/Granular_Grids/SVM_rbf/accuracy/grid_SVM_rbf_accuracy_ds_61-70.pdf>
Package pdftex.def Info: plots/Granular_Grids/SVM_rbf/accuracy/grid_SVM_rbf_acc
uracy_ds_61-70.pdf  used on input line 1438.
(pdftex.def)             Requested size: 145.68144pt x 87.40396pt.
<plots/Granular_Grids/SVM_rbf/accuracy/grid_SVM_rbf_accuracy_ds_71-80.pdf, id=1
03974, 1445.4pt x 867.24pt>
File: plots/Granular_Grids/SVM_rbf/accuracy/grid_SVM_rbf_accuracy_ds_71-80.pdf 
Graphic file (type pdf)
<use plots/Granular_Grids/SVM_rbf/accuracy/grid_SVM_rbf_accuracy_ds_71-80.pdf>
Package pdftex.def Info: plots/Granular_Grids/SVM_rbf/accuracy/grid_SVM_rbf_acc
uracy_ds_71-80.pdf  used on input line 1439.
(pdftex.def)             Requested size: 145.68144pt x 87.40396pt.
<plots/Granular_Grids/SVM_rbf/accuracy/grid_SVM_rbf_accuracy_ds_81-90.pdf, id=1
03975, 1445.4pt x 867.24pt>
File: plots/Granular_Grids/SVM_rbf/accuracy/grid_SVM_rbf_accuracy_ds_81-90.pdf 
Graphic file (type pdf)
<use plots/Granular_Grids/SVM_rbf/accuracy/grid_SVM_rbf_accuracy_ds_81-90.pdf>
Package pdftex.def Info: plots/Granular_Grids/SVM_rbf/accuracy/grid_SVM_rbf_acc
uracy_ds_81-90.pdf  used on input line 1440.
(pdftex.def)             Requested size: 145.68144pt x 87.40396pt.
<plots/Granular_Grids/SVM_rbf/accuracy/grid_SVM_rbf_accuracy_ds_91-100.pdf, id=
103976, 1445.4pt x 867.24pt>
File: plots/Granular_Grids/SVM_rbf/accuracy/grid_SVM_rbf_accuracy_ds_91-100.pdf
 Graphic file (type pdf)
<use plots/Granular_Grids/SVM_rbf/accuracy/grid_SVM_rbf_accuracy_ds_91-100.pdf>

Package pdftex.def Info: plots/Granular_Grids/SVM_rbf/accuracy/grid_SVM_rbf_acc
uracy_ds_91-100.pdf  used on input line 1441.
(pdftex.def)             Requested size: 145.68144pt x 87.40396pt.
 [94

 <./plots/Granular_Grids/SVM_rbf/accuracy/grid_SVM_rbf_accuracy_ds_1-10.pdf> <.
/plots/Granular_Grids/SVM_rbf/accuracy/grid_SVM_rbf_accuracy_ds_11-20.pdf> <./p
lots/Granular_Grids/SVM_rbf/accuracy/grid_SVM_rbf_accuracy_ds_21-30.pdf> <./plo
ts/Granular_Grids/SVM_rbf/accuracy/grid_SVM_rbf_accuracy_ds_31-40.pdf> <./plots
/Granular_Grids/SVM_rbf/accuracy/grid_SVM_rbf_accuracy_ds_41-50.pdf> <./plots/G
ranular_Grids/SVM_rbf/accuracy/grid_SVM_rbf_accuracy_ds_51-60.pdf> <./plots/Gra
nular_Grids/SVM_rbf/accuracy/grid_SVM_rbf_accuracy_ds_61-70.pdf> <./plots/Granu
lar_Grids/SVM_rbf/accuracy/grid_SVM_rbf_accuracy_ds_71-80.pdf> <./plots/Granula
r_Grids/SVM_rbf/accuracy/grid_SVM_rbf_accuracy_ds_81-90.pdf> <./plots/Granular_
Grids/SVM_rbf/accuracy/grid_SVM_rbf_accuracy_ds_91-100.pdf>]
<plots/Granular_Grids/SVM_rbf/f1_score/grid_SVM_rbf_f1_score_ds_1-10.pdf, id=10
5282, 1445.4pt x 867.24pt>
File: plots/Granular_Grids/SVM_rbf/f1_score/grid_SVM_rbf_f1_score_ds_1-10.pdf G
raphic file (type pdf)
<use plots/Granular_Grids/SVM_rbf/f1_score/grid_SVM_rbf_f1_score_ds_1-10.pdf>
Package pdftex.def Info: plots/Granular_Grids/SVM_rbf/f1_score/grid_SVM_rbf_f1_
score_ds_1-10.pdf  used on input line 1449.
(pdftex.def)             Requested size: 145.68144pt x 87.40396pt.
<plots/Granular_Grids/SVM_rbf/f1_score/grid_SVM_rbf_f1_score_ds_11-20.pdf, id=1
05283, 1445.4pt x 867.24pt>
File: plots/Granular_Grids/SVM_rbf/f1_score/grid_SVM_rbf_f1_score_ds_11-20.pdf 
Graphic file (type pdf)
<use plots/Granular_Grids/SVM_rbf/f1_score/grid_SVM_rbf_f1_score_ds_11-20.pdf>
Package pdftex.def Info: plots/Granular_Grids/SVM_rbf/f1_score/grid_SVM_rbf_f1_
score_ds_11-20.pdf  used on input line 1450.
(pdftex.def)             Requested size: 145.68144pt x 87.40396pt.
<plots/Granular_Grids/SVM_rbf/f1_score/grid_SVM_rbf_f1_score_ds_21-30.pdf, id=1
05284, 1445.4pt x 867.24pt>
File: plots/Granular_Grids/SVM_rbf/f1_score/grid_SVM_rbf_f1_score_ds_21-30.pdf 
Graphic file (type pdf)
<use plots/Granular_Grids/SVM_rbf/f1_score/grid_SVM_rbf_f1_score_ds_21-30.pdf>
Package pdftex.def Info: plots/Granular_Grids/SVM_rbf/f1_score/grid_SVM_rbf_f1_
score_ds_21-30.pdf  used on input line 1451.
(pdftex.def)             Requested size: 145.68144pt x 87.40396pt.
<plots/Granular_Grids/SVM_rbf/f1_score/grid_SVM_rbf_f1_score_ds_31-40.pdf, id=1
05285, 1445.4pt x 867.24pt>
File: plots/Granular_Grids/SVM_rbf/f1_score/grid_SVM_rbf_f1_score_ds_31-40.pdf 
Graphic file (type pdf)
<use plots/Granular_Grids/SVM_rbf/f1_score/grid_SVM_rbf_f1_score_ds_31-40.pdf>
Package pdftex.def Info: plots/Granular_Grids/SVM_rbf/f1_score/grid_SVM_rbf_f1_
score_ds_31-40.pdf  used on input line 1452.
(pdftex.def)             Requested size: 145.68144pt x 87.40396pt.
<plots/Granular_Grids/SVM_rbf/f1_score/grid_SVM_rbf_f1_score_ds_41-50.pdf, id=1
05286, 1445.4pt x 867.24pt>
File: plots/Granular_Grids/SVM_rbf/f1_score/grid_SVM_rbf_f1_score_ds_41-50.pdf 
Graphic file (type pdf)
<use plots/Granular_Grids/SVM_rbf/f1_score/grid_SVM_rbf_f1_score_ds_41-50.pdf>
Package pdftex.def Info: plots/Granular_Grids/SVM_rbf/f1_score/grid_SVM_rbf_f1_
score_ds_41-50.pdf  used on input line 1453.
(pdftex.def)             Requested size: 145.68144pt x 87.40396pt.
<plots/Granular_Grids/SVM_rbf/f1_score/grid_SVM_rbf_f1_score_ds_51-60.pdf, id=1
05287, 1445.4pt x 867.24pt>
File: plots/Granular_Grids/SVM_rbf/f1_score/grid_SVM_rbf_f1_score_ds_51-60.pdf 
Graphic file (type pdf)
<use plots/Granular_Grids/SVM_rbf/f1_score/grid_SVM_rbf_f1_score_ds_51-60.pdf>
Package pdftex.def Info: plots/Granular_Grids/SVM_rbf/f1_score/grid_SVM_rbf_f1_
score_ds_51-60.pdf  used on input line 1454.
(pdftex.def)             Requested size: 145.68144pt x 87.40396pt.
<plots/Granular_Grids/SVM_rbf/f1_score/grid_SVM_rbf_f1_score_ds_61-70.pdf, id=1
05288, 1445.4pt x 867.24pt>
File: plots/Granular_Grids/SVM_rbf/f1_score/grid_SVM_rbf_f1_score_ds_61-70.pdf 
Graphic file (type pdf)
<use plots/Granular_Grids/SVM_rbf/f1_score/grid_SVM_rbf_f1_score_ds_61-70.pdf>
Package pdftex.def Info: plots/Granular_Grids/SVM_rbf/f1_score/grid_SVM_rbf_f1_
score_ds_61-70.pdf  used on input line 1455.
(pdftex.def)             Requested size: 145.68144pt x 87.40396pt.
<plots/Granular_Grids/SVM_rbf/f1_score/grid_SVM_rbf_f1_score_ds_71-80.pdf, id=1
05289, 1445.4pt x 867.24pt>
File: plots/Granular_Grids/SVM_rbf/f1_score/grid_SVM_rbf_f1_score_ds_71-80.pdf 
Graphic file (type pdf)
<use plots/Granular_Grids/SVM_rbf/f1_score/grid_SVM_rbf_f1_score_ds_71-80.pdf>
Package pdftex.def Info: plots/Granular_Grids/SVM_rbf/f1_score/grid_SVM_rbf_f1_
score_ds_71-80.pdf  used on input line 1456.
(pdftex.def)             Requested size: 145.68144pt x 87.40396pt.
<plots/Granular_Grids/SVM_rbf/f1_score/grid_SVM_rbf_f1_score_ds_81-90.pdf, id=1
05290, 1445.4pt x 867.24pt>
File: plots/Granular_Grids/SVM_rbf/f1_score/grid_SVM_rbf_f1_score_ds_81-90.pdf 
Graphic file (type pdf)
<use plots/Granular_Grids/SVM_rbf/f1_score/grid_SVM_rbf_f1_score_ds_81-90.pdf>
Package pdftex.def Info: plots/Granular_Grids/SVM_rbf/f1_score/grid_SVM_rbf_f1_
score_ds_81-90.pdf  used on input line 1457.
(pdftex.def)             Requested size: 145.68144pt x 87.40396pt.
<plots/Granular_Grids/SVM_rbf/f1_score/grid_SVM_rbf_f1_score_ds_91-100.pdf, id=
105291, 1445.4pt x 867.24pt>
File: plots/Granular_Grids/SVM_rbf/f1_score/grid_SVM_rbf_f1_score_ds_91-100.pdf
 Graphic file (type pdf)
<use plots/Granular_Grids/SVM_rbf/f1_score/grid_SVM_rbf_f1_score_ds_91-100.pdf>

Package pdftex.def Info: plots/Granular_Grids/SVM_rbf/f1_score/grid_SVM_rbf_f1_
score_ds_91-100.pdf  used on input line 1458.
(pdftex.def)             Requested size: 145.68144pt x 87.40396pt.
 [95

 <./plots/Granular_Grids/SVM_rbf/f1_score/grid_SVM_rbf_f1_score_ds_1-10.pdf> <.
/plots/Granular_Grids/SVM_rbf/f1_score/grid_SVM_rbf_f1_score_ds_11-20.pdf> <./p
lots/Granular_Grids/SVM_rbf/f1_score/grid_SVM_rbf_f1_score_ds_21-30.pdf> <./plo
ts/Granular_Grids/SVM_rbf/f1_score/grid_SVM_rbf_f1_score_ds_31-40.pdf> <./plots
/Granular_Grids/SVM_rbf/f1_score/grid_SVM_rbf_f1_score_ds_41-50.pdf> <./plots/G
ranular_Grids/SVM_rbf/f1_score/grid_SVM_rbf_f1_score_ds_51-60.pdf> <./plots/Gra
nular_Grids/SVM_rbf/f1_score/grid_SVM_rbf_f1_score_ds_61-70.pdf> <./plots/Granu
lar_Grids/SVM_rbf/f1_score/grid_SVM_rbf_f1_score_ds_71-80.pdf> <./plots/Granula
r_Grids/SVM_rbf/f1_score/grid_SVM_rbf_f1_score_ds_81-90.pdf> <./plots/Granular_
Grids/SVM_rbf/f1_score/grid_SVM_rbf_f1_score_ds_91-100.pdf>]
<plots/Granular_Grids/SVM_rbf/g_mean/grid_SVM_rbf_g_mean_ds_1-10.pdf, id=106588
, 1445.4pt x 867.24pt>
File: plots/Granular_Grids/SVM_rbf/g_mean/grid_SVM_rbf_g_mean_ds_1-10.pdf Graph
ic file (type pdf)
<use plots/Granular_Grids/SVM_rbf/g_mean/grid_SVM_rbf_g_mean_ds_1-10.pdf>
Package pdftex.def Info: plots/Granular_Grids/SVM_rbf/g_mean/grid_SVM_rbf_g_mea
n_ds_1-10.pdf  used on input line 1466.
(pdftex.def)             Requested size: 145.68144pt x 87.40396pt.
<plots/Granular_Grids/SVM_rbf/g_mean/grid_SVM_rbf_g_mean_ds_11-20.pdf, id=10658
9, 1445.4pt x 867.24pt>
File: plots/Granular_Grids/SVM_rbf/g_mean/grid_SVM_rbf_g_mean_ds_11-20.pdf Grap
hic file (type pdf)
<use plots/Granular_Grids/SVM_rbf/g_mean/grid_SVM_rbf_g_mean_ds_11-20.pdf>
Package pdftex.def Info: plots/Granular_Grids/SVM_rbf/g_mean/grid_SVM_rbf_g_mea
n_ds_11-20.pdf  used on input line 1467.
(pdftex.def)             Requested size: 145.68144pt x 87.40396pt.
<plots/Granular_Grids/SVM_rbf/g_mean/grid_SVM_rbf_g_mean_ds_21-30.pdf, id=10659
0, 1445.4pt x 867.24pt>
File: plots/Granular_Grids/SVM_rbf/g_mean/grid_SVM_rbf_g_mean_ds_21-30.pdf Grap
hic file (type pdf)
<use plots/Granular_Grids/SVM_rbf/g_mean/grid_SVM_rbf_g_mean_ds_21-30.pdf>
Package pdftex.def Info: plots/Granular_Grids/SVM_rbf/g_mean/grid_SVM_rbf_g_mea
n_ds_21-30.pdf  used on input line 1468.
(pdftex.def)             Requested size: 145.68144pt x 87.40396pt.
<plots/Granular_Grids/SVM_rbf/g_mean/grid_SVM_rbf_g_mean_ds_31-40.pdf, id=10659
1, 1445.4pt x 867.24pt>
File: plots/Granular_Grids/SVM_rbf/g_mean/grid_SVM_rbf_g_mean_ds_31-40.pdf Grap
hic file (type pdf)
<use plots/Granular_Grids/SVM_rbf/g_mean/grid_SVM_rbf_g_mean_ds_31-40.pdf>
Package pdftex.def Info: plots/Granular_Grids/SVM_rbf/g_mean/grid_SVM_rbf_g_mea
n_ds_31-40.pdf  used on input line 1469.
(pdftex.def)             Requested size: 145.68144pt x 87.40396pt.
<plots/Granular_Grids/SVM_rbf/g_mean/grid_SVM_rbf_g_mean_ds_41-50.pdf, id=10659
2, 1445.4pt x 867.24pt>
File: plots/Granular_Grids/SVM_rbf/g_mean/grid_SVM_rbf_g_mean_ds_41-50.pdf Grap
hic file (type pdf)
<use plots/Granular_Grids/SVM_rbf/g_mean/grid_SVM_rbf_g_mean_ds_41-50.pdf>
Package pdftex.def Info: plots/Granular_Grids/SVM_rbf/g_mean/grid_SVM_rbf_g_mea
n_ds_41-50.pdf  used on input line 1470.
(pdftex.def)             Requested size: 145.68144pt x 87.40396pt.
<plots/Granular_Grids/SVM_rbf/g_mean/grid_SVM_rbf_g_mean_ds_51-60.pdf, id=10659
3, 1445.4pt x 867.24pt>
File: plots/Granular_Grids/SVM_rbf/g_mean/grid_SVM_rbf_g_mean_ds_51-60.pdf Grap
hic file (type pdf)
<use plots/Granular_Grids/SVM_rbf/g_mean/grid_SVM_rbf_g_mean_ds_51-60.pdf>
Package pdftex.def Info: plots/Granular_Grids/SVM_rbf/g_mean/grid_SVM_rbf_g_mea
n_ds_51-60.pdf  used on input line 1471.
(pdftex.def)             Requested size: 145.68144pt x 87.40396pt.
<plots/Granular_Grids/SVM_rbf/g_mean/grid_SVM_rbf_g_mean_ds_61-70.pdf, id=10659
4, 1445.4pt x 867.24pt>
File: plots/Granular_Grids/SVM_rbf/g_mean/grid_SVM_rbf_g_mean_ds_61-70.pdf Grap
hic file (type pdf)
<use plots/Granular_Grids/SVM_rbf/g_mean/grid_SVM_rbf_g_mean_ds_61-70.pdf>
Package pdftex.def Info: plots/Granular_Grids/SVM_rbf/g_mean/grid_SVM_rbf_g_mea
n_ds_61-70.pdf  used on input line 1472.
(pdftex.def)             Requested size: 145.68144pt x 87.40396pt.
<plots/Granular_Grids/SVM_rbf/g_mean/grid_SVM_rbf_g_mean_ds_71-80.pdf, id=10659
5, 1445.4pt x 867.24pt>
File: plots/Granular_Grids/SVM_rbf/g_mean/grid_SVM_rbf_g_mean_ds_71-80.pdf Grap
hic file (type pdf)
<use plots/Granular_Grids/SVM_rbf/g_mean/grid_SVM_rbf_g_mean_ds_71-80.pdf>
Package pdftex.def Info: plots/Granular_Grids/SVM_rbf/g_mean/grid_SVM_rbf_g_mea
n_ds_71-80.pdf  used on input line 1473.
(pdftex.def)             Requested size: 145.68144pt x 87.40396pt.
<plots/Granular_Grids/SVM_rbf/g_mean/grid_SVM_rbf_g_mean_ds_81-90.pdf, id=10659
6, 1445.4pt x 867.24pt>
File: plots/Granular_Grids/SVM_rbf/g_mean/grid_SVM_rbf_g_mean_ds_81-90.pdf Grap
hic file (type pdf)
<use plots/Granular_Grids/SVM_rbf/g_mean/grid_SVM_rbf_g_mean_ds_81-90.pdf>
Package pdftex.def Info: plots/Granular_Grids/SVM_rbf/g_mean/grid_SVM_rbf_g_mea
n_ds_81-90.pdf  used on input line 1474.
(pdftex.def)             Requested size: 145.68144pt x 87.40396pt.
<plots/Granular_Grids/SVM_rbf/g_mean/grid_SVM_rbf_g_mean_ds_91-100.pdf, id=1065
97, 1445.4pt x 867.24pt>
File: plots/Granular_Grids/SVM_rbf/g_mean/grid_SVM_rbf_g_mean_ds_91-100.pdf Gra
phic file (type pdf)
<use plots/Granular_Grids/SVM_rbf/g_mean/grid_SVM_rbf_g_mean_ds_91-100.pdf>
Package pdftex.def Info: plots/Granular_Grids/SVM_rbf/g_mean/grid_SVM_rbf_g_mea
n_ds_91-100.pdf  used on input line 1475.
(pdftex.def)             Requested size: 145.68144pt x 87.40396pt.
 [96

 <./plots/Granular_Grids/SVM_rbf/g_mean/grid_SVM_rbf_g_mean_ds_1-10.pdf> <./plo
ts/Granular_Grids/SVM_rbf/g_mean/grid_SVM_rbf_g_mean_ds_11-20.pdf> <./plots/Gra
nular_Grids/SVM_rbf/g_mean/grid_SVM_rbf_g_mean_ds_21-30.pdf> <./plots/Granular_
Grids/SVM_rbf/g_mean/grid_SVM_rbf_g_mean_ds_31-40.pdf> <./plots/Granular_Grids/
SVM_rbf/g_mean/grid_SVM_rbf_g_mean_ds_41-50.pdf> <./plots/Granular_Grids/SVM_rb
f/g_mean/grid_SVM_rbf_g_mean_ds_51-60.pdf> <./plots/Granular_Grids/SVM_rbf/g_me
an/grid_SVM_rbf_g_mean_ds_61-70.pdf> <./plots/Granular_Grids/SVM_rbf/g_mean/gri
d_SVM_rbf_g_mean_ds_71-80.pdf> <./plots/Granular_Grids/SVM_rbf/g_mean/grid_SVM_
rbf_g_mean_ds_81-90.pdf> <./plots/Granular_Grids/SVM_rbf/g_mean/grid_SVM_rbf_g_
mean_ds_91-100.pdf>]
<plots/Granular_Grids/SVM_rbf/roc_auc/grid_SVM_rbf_roc_auc_ds_1-10.pdf, id=1078
83, 1445.4pt x 867.24pt>
File: plots/Granular_Grids/SVM_rbf/roc_auc/grid_SVM_rbf_roc_auc_ds_1-10.pdf Gra
phic file (type pdf)
<use plots/Granular_Grids/SVM_rbf/roc_auc/grid_SVM_rbf_roc_auc_ds_1-10.pdf>
Package pdftex.def Info: plots/Granular_Grids/SVM_rbf/roc_auc/grid_SVM_rbf_roc_
auc_ds_1-10.pdf  used on input line 1483.
(pdftex.def)             Requested size: 145.68144pt x 87.40396pt.
<plots/Granular_Grids/SVM_rbf/roc_auc/grid_SVM_rbf_roc_auc_ds_11-20.pdf, id=107
884, 1445.4pt x 867.24pt>
File: plots/Granular_Grids/SVM_rbf/roc_auc/grid_SVM_rbf_roc_auc_ds_11-20.pdf Gr
aphic file (type pdf)
<use plots/Granular_Grids/SVM_rbf/roc_auc/grid_SVM_rbf_roc_auc_ds_11-20.pdf>
Package pdftex.def Info: plots/Granular_Grids/SVM_rbf/roc_auc/grid_SVM_rbf_roc_
auc_ds_11-20.pdf  used on input line 1484.
(pdftex.def)             Requested size: 145.68144pt x 87.40396pt.
<plots/Granular_Grids/SVM_rbf/roc_auc/grid_SVM_rbf_roc_auc_ds_21-30.pdf, id=107
885, 1445.4pt x 867.24pt>
File: plots/Granular_Grids/SVM_rbf/roc_auc/grid_SVM_rbf_roc_auc_ds_21-30.pdf Gr
aphic file (type pdf)
<use plots/Granular_Grids/SVM_rbf/roc_auc/grid_SVM_rbf_roc_auc_ds_21-30.pdf>
Package pdftex.def Info: plots/Granular_Grids/SVM_rbf/roc_auc/grid_SVM_rbf_roc_
auc_ds_21-30.pdf  used on input line 1485.
(pdftex.def)             Requested size: 145.68144pt x 87.40396pt.
<plots/Granular_Grids/SVM_rbf/roc_auc/grid_SVM_rbf_roc_auc_ds_31-40.pdf, id=107
886, 1445.4pt x 867.24pt>
File: plots/Granular_Grids/SVM_rbf/roc_auc/grid_SVM_rbf_roc_auc_ds_31-40.pdf Gr
aphic file (type pdf)
<use plots/Granular_Grids/SVM_rbf/roc_auc/grid_SVM_rbf_roc_auc_ds_31-40.pdf>
Package pdftex.def Info: plots/Granular_Grids/SVM_rbf/roc_auc/grid_SVM_rbf_roc_
auc_ds_31-40.pdf  used on input line 1486.
(pdftex.def)             Requested size: 145.68144pt x 87.40396pt.
<plots/Granular_Grids/SVM_rbf/roc_auc/grid_SVM_rbf_roc_auc_ds_41-50.pdf, id=107
887, 1445.4pt x 867.24pt>
File: plots/Granular_Grids/SVM_rbf/roc_auc/grid_SVM_rbf_roc_auc_ds_41-50.pdf Gr
aphic file (type pdf)
<use plots/Granular_Grids/SVM_rbf/roc_auc/grid_SVM_rbf_roc_auc_ds_41-50.pdf>
Package pdftex.def Info: plots/Granular_Grids/SVM_rbf/roc_auc/grid_SVM_rbf_roc_
auc_ds_41-50.pdf  used on input line 1487.
(pdftex.def)             Requested size: 145.68144pt x 87.40396pt.
<plots/Granular_Grids/SVM_rbf/roc_auc/grid_SVM_rbf_roc_auc_ds_51-60.pdf, id=107
888, 1445.4pt x 867.24pt>
File: plots/Granular_Grids/SVM_rbf/roc_auc/grid_SVM_rbf_roc_auc_ds_51-60.pdf Gr
aphic file (type pdf)
<use plots/Granular_Grids/SVM_rbf/roc_auc/grid_SVM_rbf_roc_auc_ds_51-60.pdf>
Package pdftex.def Info: plots/Granular_Grids/SVM_rbf/roc_auc/grid_SVM_rbf_roc_
auc_ds_51-60.pdf  used on input line 1488.
(pdftex.def)             Requested size: 145.68144pt x 87.40396pt.
<plots/Granular_Grids/SVM_rbf/roc_auc/grid_SVM_rbf_roc_auc_ds_61-70.pdf, id=107
889, 1445.4pt x 867.24pt>
File: plots/Granular_Grids/SVM_rbf/roc_auc/grid_SVM_rbf_roc_auc_ds_61-70.pdf Gr
aphic file (type pdf)
<use plots/Granular_Grids/SVM_rbf/roc_auc/grid_SVM_rbf_roc_auc_ds_61-70.pdf>
Package pdftex.def Info: plots/Granular_Grids/SVM_rbf/roc_auc/grid_SVM_rbf_roc_
auc_ds_61-70.pdf  used on input line 1489.
(pdftex.def)             Requested size: 145.68144pt x 87.40396pt.
<plots/Granular_Grids/SVM_rbf/roc_auc/grid_SVM_rbf_roc_auc_ds_71-80.pdf, id=107
890, 1445.4pt x 867.24pt>
File: plots/Granular_Grids/SVM_rbf/roc_auc/grid_SVM_rbf_roc_auc_ds_71-80.pdf Gr
aphic file (type pdf)
<use plots/Granular_Grids/SVM_rbf/roc_auc/grid_SVM_rbf_roc_auc_ds_71-80.pdf>
Package pdftex.def Info: plots/Granular_Grids/SVM_rbf/roc_auc/grid_SVM_rbf_roc_
auc_ds_71-80.pdf  used on input line 1490.
(pdftex.def)             Requested size: 145.68144pt x 87.40396pt.
<plots/Granular_Grids/SVM_rbf/roc_auc/grid_SVM_rbf_roc_auc_ds_81-90.pdf, id=107
891, 1445.4pt x 867.24pt>
File: plots/Granular_Grids/SVM_rbf/roc_auc/grid_SVM_rbf_roc_auc_ds_81-90.pdf Gr
aphic file (type pdf)
<use plots/Granular_Grids/SVM_rbf/roc_auc/grid_SVM_rbf_roc_auc_ds_81-90.pdf>
Package pdftex.def Info: plots/Granular_Grids/SVM_rbf/roc_auc/grid_SVM_rbf_roc_
auc_ds_81-90.pdf  used on input line 1491.
(pdftex.def)             Requested size: 145.68144pt x 87.40396pt.
<plots/Granular_Grids/SVM_rbf/roc_auc/grid_SVM_rbf_roc_auc_ds_91-100.pdf, id=10
7892, 1445.4pt x 867.24pt>
File: plots/Granular_Grids/SVM_rbf/roc_auc/grid_SVM_rbf_roc_auc_ds_91-100.pdf G
raphic file (type pdf)
<use plots/Granular_Grids/SVM_rbf/roc_auc/grid_SVM_rbf_roc_auc_ds_91-100.pdf>
Package pdftex.def Info: plots/Granular_Grids/SVM_rbf/roc_auc/grid_SVM_rbf_roc_
auc_ds_91-100.pdf  used on input line 1492.
(pdftex.def)             Requested size: 145.68144pt x 87.40396pt.
 [97

 <./plots/Granular_Grids/SVM_rbf/roc_auc/grid_SVM_rbf_roc_auc_ds_1-10.pdf> <./p
lots/Granular_Grids/SVM_rbf/roc_auc/grid_SVM_rbf_roc_auc_ds_11-20.pdf> <./plots
/Granular_Grids/SVM_rbf/roc_auc/grid_SVM_rbf_roc_auc_ds_21-30.pdf> <./plots/Gra
nular_Grids/SVM_rbf/roc_auc/grid_SVM_rbf_roc_auc_ds_31-40.pdf> <./plots/Granula
r_Grids/SVM_rbf/roc_auc/grid_SVM_rbf_roc_auc_ds_41-50.pdf> <./plots/Granular_Gr
ids/SVM_rbf/roc_auc/grid_SVM_rbf_roc_auc_ds_51-60.pdf> <./plots/Granular_Grids/
SVM_rbf/roc_auc/grid_SVM_rbf_roc_auc_ds_61-70.pdf> <./plots/Granular_Grids/SVM_
rbf/roc_auc/grid_SVM_rbf_roc_auc_ds_71-80.pdf> <./plots/Granular_Grids/SVM_rbf/
roc_auc/grid_SVM_rbf_roc_auc_ds_81-90.pdf> <./plots/Granular_Grids/SVM_rbf/roc_
auc/grid_SVM_rbf_roc_auc_ds_91-100.pdf>]
<plots/Granular_Grids/XGBoost/accuracy/grid_XGBoost_accuracy_ds_1-10.pdf, id=10
9188, 1445.4pt x 867.24pt>
File: plots/Granular_Grids/XGBoost/accuracy/grid_XGBoost_accuracy_ds_1-10.pdf G
raphic file (type pdf)
<use plots/Granular_Grids/XGBoost/accuracy/grid_XGBoost_accuracy_ds_1-10.pdf>
Package pdftex.def Info: plots/Granular_Grids/XGBoost/accuracy/grid_XGBoost_acc
uracy_ds_1-10.pdf  used on input line 1500.
(pdftex.def)             Requested size: 145.68144pt x 87.40396pt.
<plots/Granular_Grids/XGBoost/accuracy/grid_XGBoost_accuracy_ds_11-20.pdf, id=1
09189, 1445.4pt x 867.24pt>
File: plots/Granular_Grids/XGBoost/accuracy/grid_XGBoost_accuracy_ds_11-20.pdf 
Graphic file (type pdf)
<use plots/Granular_Grids/XGBoost/accuracy/grid_XGBoost_accuracy_ds_11-20.pdf>
Package pdftex.def Info: plots/Granular_Grids/XGBoost/accuracy/grid_XGBoost_acc
uracy_ds_11-20.pdf  used on input line 1501.
(pdftex.def)             Requested size: 145.68144pt x 87.40396pt.
<plots/Granular_Grids/XGBoost/accuracy/grid_XGBoost_accuracy_ds_21-30.pdf, id=1
09190, 1445.4pt x 867.24pt>
File: plots/Granular_Grids/XGBoost/accuracy/grid_XGBoost_accuracy_ds_21-30.pdf 
Graphic file (type pdf)
<use plots/Granular_Grids/XGBoost/accuracy/grid_XGBoost_accuracy_ds_21-30.pdf>
Package pdftex.def Info: plots/Granular_Grids/XGBoost/accuracy/grid_XGBoost_acc
uracy_ds_21-30.pdf  used on input line 1502.
(pdftex.def)             Requested size: 145.68144pt x 87.40396pt.
<plots/Granular_Grids/XGBoost/accuracy/grid_XGBoost_accuracy_ds_31-40.pdf, id=1
09191, 1445.4pt x 867.24pt>
File: plots/Granular_Grids/XGBoost/accuracy/grid_XGBoost_accuracy_ds_31-40.pdf 
Graphic file (type pdf)
<use plots/Granular_Grids/XGBoost/accuracy/grid_XGBoost_accuracy_ds_31-40.pdf>
Package pdftex.def Info: plots/Granular_Grids/XGBoost/accuracy/grid_XGBoost_acc
uracy_ds_31-40.pdf  used on input line 1503.
(pdftex.def)             Requested size: 145.68144pt x 87.40396pt.
<plots/Granular_Grids/XGBoost/accuracy/grid_XGBoost_accuracy_ds_41-50.pdf, id=1
09192, 1445.4pt x 867.24pt>
File: plots/Granular_Grids/XGBoost/accuracy/grid_XGBoost_accuracy_ds_41-50.pdf 
Graphic file (type pdf)
<use plots/Granular_Grids/XGBoost/accuracy/grid_XGBoost_accuracy_ds_41-50.pdf>
Package pdftex.def Info: plots/Granular_Grids/XGBoost/accuracy/grid_XGBoost_acc
uracy_ds_41-50.pdf  used on input line 1504.
(pdftex.def)             Requested size: 145.68144pt x 87.40396pt.
<plots/Granular_Grids/XGBoost/accuracy/grid_XGBoost_accuracy_ds_51-60.pdf, id=1
09193, 1445.4pt x 867.24pt>
File: plots/Granular_Grids/XGBoost/accuracy/grid_XGBoost_accuracy_ds_51-60.pdf 
Graphic file (type pdf)
<use plots/Granular_Grids/XGBoost/accuracy/grid_XGBoost_accuracy_ds_51-60.pdf>
Package pdftex.def Info: plots/Granular_Grids/XGBoost/accuracy/grid_XGBoost_acc
uracy_ds_51-60.pdf  used on input line 1505.
(pdftex.def)             Requested size: 145.68144pt x 87.40396pt.
<plots/Granular_Grids/XGBoost/accuracy/grid_XGBoost_accuracy_ds_61-70.pdf, id=1
09194, 1445.4pt x 867.24pt>
File: plots/Granular_Grids/XGBoost/accuracy/grid_XGBoost_accuracy_ds_61-70.pdf 
Graphic file (type pdf)
<use plots/Granular_Grids/XGBoost/accuracy/grid_XGBoost_accuracy_ds_61-70.pdf>
Package pdftex.def Info: plots/Granular_Grids/XGBoost/accuracy/grid_XGBoost_acc
uracy_ds_61-70.pdf  used on input line 1506.
(pdftex.def)             Requested size: 145.68144pt x 87.40396pt.
<plots/Granular_Grids/XGBoost/accuracy/grid_XGBoost_accuracy_ds_71-80.pdf, id=1
09195, 1445.4pt x 867.24pt>
File: plots/Granular_Grids/XGBoost/accuracy/grid_XGBoost_accuracy_ds_71-80.pdf 
Graphic file (type pdf)
<use plots/Granular_Grids/XGBoost/accuracy/grid_XGBoost_accuracy_ds_71-80.pdf>
Package pdftex.def Info: plots/Granular_Grids/XGBoost/accuracy/grid_XGBoost_acc
uracy_ds_71-80.pdf  used on input line 1507.
(pdftex.def)             Requested size: 145.68144pt x 87.40396pt.
<plots/Granular_Grids/XGBoost/accuracy/grid_XGBoost_accuracy_ds_81-90.pdf, id=1
09196, 1445.4pt x 867.24pt>
File: plots/Granular_Grids/XGBoost/accuracy/grid_XGBoost_accuracy_ds_81-90.pdf 
Graphic file (type pdf)
<use plots/Granular_Grids/XGBoost/accuracy/grid_XGBoost_accuracy_ds_81-90.pdf>
Package pdftex.def Info: plots/Granular_Grids/XGBoost/accuracy/grid_XGBoost_acc
uracy_ds_81-90.pdf  used on input line 1508.
(pdftex.def)             Requested size: 145.68144pt x 87.40396pt.
<plots/Granular_Grids/XGBoost/accuracy/grid_XGBoost_accuracy_ds_91-100.pdf, id=
109197, 1445.4pt x 867.24pt>
File: plots/Granular_Grids/XGBoost/accuracy/grid_XGBoost_accuracy_ds_91-100.pdf
 Graphic file (type pdf)
<use plots/Granular_Grids/XGBoost/accuracy/grid_XGBoost_accuracy_ds_91-100.pdf>

Package pdftex.def Info: plots/Granular_Grids/XGBoost/accuracy/grid_XGBoost_acc
uracy_ds_91-100.pdf  used on input line 1509.
(pdftex.def)             Requested size: 145.68144pt x 87.40396pt.
 [98

 <./plots/Granular_Grids/XGBoost/accuracy/grid_XGBoost_accuracy_ds_1-10.pdf> <.
/plots/Granular_Grids/XGBoost/accuracy/grid_XGBoost_accuracy_ds_11-20.pdf> <./p
lots/Granular_Grids/XGBoost/accuracy/grid_XGBoost_accuracy_ds_21-30.pdf> <./plo
ts/Granular_Grids/XGBoost/accuracy/grid_XGBoost_accuracy_ds_31-40.pdf> <./plots
/Granular_Grids/XGBoost/accuracy/grid_XGBoost_accuracy_ds_41-50.pdf> <./plots/G
ranular_Grids/XGBoost/accuracy/grid_XGBoost_accuracy_ds_51-60.pdf> <./plots/Gra
nular_Grids/XGBoost/accuracy/grid_XGBoost_accuracy_ds_61-70.pdf> <./plots/Granu
lar_Grids/XGBoost/accuracy/grid_XGBoost_accuracy_ds_71-80.pdf> <./plots/Granula
r_Grids/XGBoost/accuracy/grid_XGBoost_accuracy_ds_81-90.pdf> <./plots/Granular_
Grids/XGBoost/accuracy/grid_XGBoost_accuracy_ds_91-100.pdf>]
<plots/Granular_Grids/XGBoost/f1_score/grid_XGBoost_f1_score_ds_1-10.pdf, id=11
0493, 1445.4pt x 867.24pt>
File: plots/Granular_Grids/XGBoost/f1_score/grid_XGBoost_f1_score_ds_1-10.pdf G
raphic file (type pdf)
<use plots/Granular_Grids/XGBoost/f1_score/grid_XGBoost_f1_score_ds_1-10.pdf>
Package pdftex.def Info: plots/Granular_Grids/XGBoost/f1_score/grid_XGBoost_f1_
score_ds_1-10.pdf  used on input line 1517.
(pdftex.def)             Requested size: 145.68144pt x 87.40396pt.
<plots/Granular_Grids/XGBoost/f1_score/grid_XGBoost_f1_score_ds_11-20.pdf, id=1
10494, 1445.4pt x 867.24pt>
File: plots/Granular_Grids/XGBoost/f1_score/grid_XGBoost_f1_score_ds_11-20.pdf 
Graphic file (type pdf)
<use plots/Granular_Grids/XGBoost/f1_score/grid_XGBoost_f1_score_ds_11-20.pdf>
Package pdftex.def Info: plots/Granular_Grids/XGBoost/f1_score/grid_XGBoost_f1_
score_ds_11-20.pdf  used on input line 1518.
(pdftex.def)             Requested size: 145.68144pt x 87.40396pt.
<plots/Granular_Grids/XGBoost/f1_score/grid_XGBoost_f1_score_ds_21-30.pdf, id=1
10495, 1445.4pt x 867.24pt>
File: plots/Granular_Grids/XGBoost/f1_score/grid_XGBoost_f1_score_ds_21-30.pdf 
Graphic file (type pdf)
<use plots/Granular_Grids/XGBoost/f1_score/grid_XGBoost_f1_score_ds_21-30.pdf>
Package pdftex.def Info: plots/Granular_Grids/XGBoost/f1_score/grid_XGBoost_f1_
score_ds_21-30.pdf  used on input line 1519.
(pdftex.def)             Requested size: 145.68144pt x 87.40396pt.
<plots/Granular_Grids/XGBoost/f1_score/grid_XGBoost_f1_score_ds_31-40.pdf, id=1
10496, 1445.4pt x 867.24pt>
File: plots/Granular_Grids/XGBoost/f1_score/grid_XGBoost_f1_score_ds_31-40.pdf 
Graphic file (type pdf)
<use plots/Granular_Grids/XGBoost/f1_score/grid_XGBoost_f1_score_ds_31-40.pdf>
Package pdftex.def Info: plots/Granular_Grids/XGBoost/f1_score/grid_XGBoost_f1_
score_ds_31-40.pdf  used on input line 1520.
(pdftex.def)             Requested size: 145.68144pt x 87.40396pt.
<plots/Granular_Grids/XGBoost/f1_score/grid_XGBoost_f1_score_ds_41-50.pdf, id=1
10497, 1445.4pt x 867.24pt>
File: plots/Granular_Grids/XGBoost/f1_score/grid_XGBoost_f1_score_ds_41-50.pdf 
Graphic file (type pdf)
<use plots/Granular_Grids/XGBoost/f1_score/grid_XGBoost_f1_score_ds_41-50.pdf>
Package pdftex.def Info: plots/Granular_Grids/XGBoost/f1_score/grid_XGBoost_f1_
score_ds_41-50.pdf  used on input line 1521.
(pdftex.def)             Requested size: 145.68144pt x 87.40396pt.
<plots/Granular_Grids/XGBoost/f1_score/grid_XGBoost_f1_score_ds_51-60.pdf, id=1
10498, 1445.4pt x 867.24pt>
File: plots/Granular_Grids/XGBoost/f1_score/grid_XGBoost_f1_score_ds_51-60.pdf 
Graphic file (type pdf)
<use plots/Granular_Grids/XGBoost/f1_score/grid_XGBoost_f1_score_ds_51-60.pdf>
Package pdftex.def Info: plots/Granular_Grids/XGBoost/f1_score/grid_XGBoost_f1_
score_ds_51-60.pdf  used on input line 1522.
(pdftex.def)             Requested size: 145.68144pt x 87.40396pt.
<plots/Granular_Grids/XGBoost/f1_score/grid_XGBoost_f1_score_ds_61-70.pdf, id=1
10499, 1445.4pt x 867.24pt>
File: plots/Granular_Grids/XGBoost/f1_score/grid_XGBoost_f1_score_ds_61-70.pdf 
Graphic file (type pdf)
<use plots/Granular_Grids/XGBoost/f1_score/grid_XGBoost_f1_score_ds_61-70.pdf>
Package pdftex.def Info: plots/Granular_Grids/XGBoost/f1_score/grid_XGBoost_f1_
score_ds_61-70.pdf  used on input line 1523.
(pdftex.def)             Requested size: 145.68144pt x 87.40396pt.
<plots/Granular_Grids/XGBoost/f1_score/grid_XGBoost_f1_score_ds_71-80.pdf, id=1
10500, 1445.4pt x 867.24pt>
File: plots/Granular_Grids/XGBoost/f1_score/grid_XGBoost_f1_score_ds_71-80.pdf 
Graphic file (type pdf)
<use plots/Granular_Grids/XGBoost/f1_score/grid_XGBoost_f1_score_ds_71-80.pdf>
Package pdftex.def Info: plots/Granular_Grids/XGBoost/f1_score/grid_XGBoost_f1_
score_ds_71-80.pdf  used on input line 1524.
(pdftex.def)             Requested size: 145.68144pt x 87.40396pt.
<plots/Granular_Grids/XGBoost/f1_score/grid_XGBoost_f1_score_ds_81-90.pdf, id=1
10501, 1445.4pt x 867.24pt>
File: plots/Granular_Grids/XGBoost/f1_score/grid_XGBoost_f1_score_ds_81-90.pdf 
Graphic file (type pdf)
<use plots/Granular_Grids/XGBoost/f1_score/grid_XGBoost_f1_score_ds_81-90.pdf>
Package pdftex.def Info: plots/Granular_Grids/XGBoost/f1_score/grid_XGBoost_f1_
score_ds_81-90.pdf  used on input line 1525.
(pdftex.def)             Requested size: 145.68144pt x 87.40396pt.
<plots/Granular_Grids/XGBoost/f1_score/grid_XGBoost_f1_score_ds_91-100.pdf, id=
110502, 1445.4pt x 867.24pt>
File: plots/Granular_Grids/XGBoost/f1_score/grid_XGBoost_f1_score_ds_91-100.pdf
 Graphic file (type pdf)
<use plots/Granular_Grids/XGBoost/f1_score/grid_XGBoost_f1_score_ds_91-100.pdf>

Package pdftex.def Info: plots/Granular_Grids/XGBoost/f1_score/grid_XGBoost_f1_
score_ds_91-100.pdf  used on input line 1526.
(pdftex.def)             Requested size: 145.68144pt x 87.40396pt.
 [99

 <./plots/Granular_Grids/XGBoost/f1_score/grid_XGBoost_f1_score_ds_1-10.pdf> <.
/plots/Granular_Grids/XGBoost/f1_score/grid_XGBoost_f1_score_ds_11-20.pdf> <./p
lots/Granular_Grids/XGBoost/f1_score/grid_XGBoost_f1_score_ds_21-30.pdf> <./plo
ts/Granular_Grids/XGBoost/f1_score/grid_XGBoost_f1_score_ds_31-40.pdf> <./plots
/Granular_Grids/XGBoost/f1_score/grid_XGBoost_f1_score_ds_41-50.pdf> <./plots/G
ranular_Grids/XGBoost/f1_score/grid_XGBoost_f1_score_ds_51-60.pdf> <./plots/Gra
nular_Grids/XGBoost/f1_score/grid_XGBoost_f1_score_ds_61-70.pdf> <./plots/Granu
lar_Grids/XGBoost/f1_score/grid_XGBoost_f1_score_ds_71-80.pdf> <./plots/Granula
r_Grids/XGBoost/f1_score/grid_XGBoost_f1_score_ds_81-90.pdf> <./plots/Granular_
Grids/XGBoost/f1_score/grid_XGBoost_f1_score_ds_91-100.pdf>]
<plots/Granular_Grids/XGBoost/g_mean/grid_XGBoost_g_mean_ds_1-10.pdf, id=111798
, 1445.4pt x 867.24pt>
File: plots/Granular_Grids/XGBoost/g_mean/grid_XGBoost_g_mean_ds_1-10.pdf Graph
ic file (type pdf)
<use plots/Granular_Grids/XGBoost/g_mean/grid_XGBoost_g_mean_ds_1-10.pdf>
Package pdftex.def Info: plots/Granular_Grids/XGBoost/g_mean/grid_XGBoost_g_mea
n_ds_1-10.pdf  used on input line 1534.
(pdftex.def)             Requested size: 145.68144pt x 87.40396pt.
<plots/Granular_Grids/XGBoost/g_mean/grid_XGBoost_g_mean_ds_11-20.pdf, id=11179
9, 1445.4pt x 867.24pt>
File: plots/Granular_Grids/XGBoost/g_mean/grid_XGBoost_g_mean_ds_11-20.pdf Grap
hic file (type pdf)
<use plots/Granular_Grids/XGBoost/g_mean/grid_XGBoost_g_mean_ds_11-20.pdf>
Package pdftex.def Info: plots/Granular_Grids/XGBoost/g_mean/grid_XGBoost_g_mea
n_ds_11-20.pdf  used on input line 1535.
(pdftex.def)             Requested size: 145.68144pt x 87.40396pt.
<plots/Granular_Grids/XGBoost/g_mean/grid_XGBoost_g_mean_ds_21-30.pdf, id=11180
0, 1445.4pt x 867.24pt>
File: plots/Granular_Grids/XGBoost/g_mean/grid_XGBoost_g_mean_ds_21-30.pdf Grap
hic file (type pdf)
<use plots/Granular_Grids/XGBoost/g_mean/grid_XGBoost_g_mean_ds_21-30.pdf>
Package pdftex.def Info: plots/Granular_Grids/XGBoost/g_mean/grid_XGBoost_g_mea
n_ds_21-30.pdf  used on input line 1536.
(pdftex.def)             Requested size: 145.68144pt x 87.40396pt.
<plots/Granular_Grids/XGBoost/g_mean/grid_XGBoost_g_mean_ds_31-40.pdf, id=11180
1, 1445.4pt x 867.24pt>
File: plots/Granular_Grids/XGBoost/g_mean/grid_XGBoost_g_mean_ds_31-40.pdf Grap
hic file (type pdf)
<use plots/Granular_Grids/XGBoost/g_mean/grid_XGBoost_g_mean_ds_31-40.pdf>
Package pdftex.def Info: plots/Granular_Grids/XGBoost/g_mean/grid_XGBoost_g_mea
n_ds_31-40.pdf  used on input line 1537.
(pdftex.def)             Requested size: 145.68144pt x 87.40396pt.
<plots/Granular_Grids/XGBoost/g_mean/grid_XGBoost_g_mean_ds_41-50.pdf, id=11180
2, 1445.4pt x 867.24pt>
File: plots/Granular_Grids/XGBoost/g_mean/grid_XGBoost_g_mean_ds_41-50.pdf Grap
hic file (type pdf)
<use plots/Granular_Grids/XGBoost/g_mean/grid_XGBoost_g_mean_ds_41-50.pdf>
Package pdftex.def Info: plots/Granular_Grids/XGBoost/g_mean/grid_XGBoost_g_mea
n_ds_41-50.pdf  used on input line 1538.
(pdftex.def)             Requested size: 145.68144pt x 87.40396pt.
<plots/Granular_Grids/XGBoost/g_mean/grid_XGBoost_g_mean_ds_51-60.pdf, id=11180
3, 1445.4pt x 867.24pt>
File: plots/Granular_Grids/XGBoost/g_mean/grid_XGBoost_g_mean_ds_51-60.pdf Grap
hic file (type pdf)
<use plots/Granular_Grids/XGBoost/g_mean/grid_XGBoost_g_mean_ds_51-60.pdf>
Package pdftex.def Info: plots/Granular_Grids/XGBoost/g_mean/grid_XGBoost_g_mea
n_ds_51-60.pdf  used on input line 1539.
(pdftex.def)             Requested size: 145.68144pt x 87.40396pt.
<plots/Granular_Grids/XGBoost/g_mean/grid_XGBoost_g_mean_ds_61-70.pdf, id=11180
4, 1445.4pt x 867.24pt>
File: plots/Granular_Grids/XGBoost/g_mean/grid_XGBoost_g_mean_ds_61-70.pdf Grap
hic file (type pdf)
<use plots/Granular_Grids/XGBoost/g_mean/grid_XGBoost_g_mean_ds_61-70.pdf>
Package pdftex.def Info: plots/Granular_Grids/XGBoost/g_mean/grid_XGBoost_g_mea
n_ds_61-70.pdf  used on input line 1540.
(pdftex.def)             Requested size: 145.68144pt x 87.40396pt.
<plots/Granular_Grids/XGBoost/g_mean/grid_XGBoost_g_mean_ds_71-80.pdf, id=11180
5, 1445.4pt x 867.24pt>
File: plots/Granular_Grids/XGBoost/g_mean/grid_XGBoost_g_mean_ds_71-80.pdf Grap
hic file (type pdf)
<use plots/Granular_Grids/XGBoost/g_mean/grid_XGBoost_g_mean_ds_71-80.pdf>
Package pdftex.def Info: plots/Granular_Grids/XGBoost/g_mean/grid_XGBoost_g_mea
n_ds_71-80.pdf  used on input line 1541.
(pdftex.def)             Requested size: 145.68144pt x 87.40396pt.
<plots/Granular_Grids/XGBoost/g_mean/grid_XGBoost_g_mean_ds_81-90.pdf, id=11180
6, 1445.4pt x 867.24pt>
File: plots/Granular_Grids/XGBoost/g_mean/grid_XGBoost_g_mean_ds_81-90.pdf Grap
hic file (type pdf)
<use plots/Granular_Grids/XGBoost/g_mean/grid_XGBoost_g_mean_ds_81-90.pdf>
Package pdftex.def Info: plots/Granular_Grids/XGBoost/g_mean/grid_XGBoost_g_mea
n_ds_81-90.pdf  used on input line 1542.
(pdftex.def)             Requested size: 145.68144pt x 87.40396pt.
<plots/Granular_Grids/XGBoost/g_mean/grid_XGBoost_g_mean_ds_91-100.pdf, id=1118
07, 1445.4pt x 867.24pt>
File: plots/Granular_Grids/XGBoost/g_mean/grid_XGBoost_g_mean_ds_91-100.pdf Gra
phic file (type pdf)
<use plots/Granular_Grids/XGBoost/g_mean/grid_XGBoost_g_mean_ds_91-100.pdf>
Package pdftex.def Info: plots/Granular_Grids/XGBoost/g_mean/grid_XGBoost_g_mea
n_ds_91-100.pdf  used on input line 1543.
(pdftex.def)             Requested size: 145.68144pt x 87.40396pt.
 [100

 <./plots/Granular_Grids/XGBoost/g_mean/grid_XGBoost_g_mean_ds_1-10.pdf> <./plo
ts/Granular_Grids/XGBoost/g_mean/grid_XGBoost_g_mean_ds_11-20.pdf> <./plots/Gra
nular_Grids/XGBoost/g_mean/grid_XGBoost_g_mean_ds_21-30.pdf> <./plots/Granular_
Grids/XGBoost/g_mean/grid_XGBoost_g_mean_ds_31-40.pdf> <./plots/Granular_Grids/
XGBoost/g_mean/grid_XGBoost_g_mean_ds_41-50.pdf> <./plots/Granular_Grids/XGBoos
t/g_mean/grid_XGBoost_g_mean_ds_51-60.pdf> <./plots/Granular_Grids/XGBoost/g_me
an/grid_XGBoost_g_mean_ds_61-70.pdf> <./plots/Granular_Grids/XGBoost/g_mean/gri
d_XGBoost_g_mean_ds_71-80.pdf> <./plots/Granular_Grids/XGBoost/g_mean/grid_XGBo
ost_g_mean_ds_81-90.pdf> <./plots/Granular_Grids/XGBoost/g_mean/grid_XGBoost_g_
mean_ds_91-100.pdf>]
<plots/Granular_Grids/XGBoost/roc_auc/grid_XGBoost_roc_auc_ds_1-10.pdf, id=1130
83, 1445.4pt x 867.24pt>
File: plots/Granular_Grids/XGBoost/roc_auc/grid_XGBoost_roc_auc_ds_1-10.pdf Gra
phic file (type pdf)
<use plots/Granular_Grids/XGBoost/roc_auc/grid_XGBoost_roc_auc_ds_1-10.pdf>
Package pdftex.def Info: plots/Granular_Grids/XGBoost/roc_auc/grid_XGBoost_roc_
auc_ds_1-10.pdf  used on input line 1551.
(pdftex.def)             Requested size: 145.68144pt x 87.40396pt.
<plots/Granular_Grids/XGBoost/roc_auc/grid_XGBoost_roc_auc_ds_11-20.pdf, id=113
084, 1445.4pt x 867.24pt>
File: plots/Granular_Grids/XGBoost/roc_auc/grid_XGBoost_roc_auc_ds_11-20.pdf Gr
aphic file (type pdf)
<use plots/Granular_Grids/XGBoost/roc_auc/grid_XGBoost_roc_auc_ds_11-20.pdf>
Package pdftex.def Info: plots/Granular_Grids/XGBoost/roc_auc/grid_XGBoost_roc_
auc_ds_11-20.pdf  used on input line 1552.
(pdftex.def)             Requested size: 145.68144pt x 87.40396pt.
<plots/Granular_Grids/XGBoost/roc_auc/grid_XGBoost_roc_auc_ds_21-30.pdf, id=113
085, 1445.4pt x 867.24pt>
File: plots/Granular_Grids/XGBoost/roc_auc/grid_XGBoost_roc_auc_ds_21-30.pdf Gr
aphic file (type pdf)
<use plots/Granular_Grids/XGBoost/roc_auc/grid_XGBoost_roc_auc_ds_21-30.pdf>
Package pdftex.def Info: plots/Granular_Grids/XGBoost/roc_auc/grid_XGBoost_roc_
auc_ds_21-30.pdf  used on input line 1553.
(pdftex.def)             Requested size: 145.68144pt x 87.40396pt.
<plots/Granular_Grids/XGBoost/roc_auc/grid_XGBoost_roc_auc_ds_31-40.pdf, id=113
086, 1445.4pt x 867.24pt>
File: plots/Granular_Grids/XGBoost/roc_auc/grid_XGBoost_roc_auc_ds_31-40.pdf Gr
aphic file (type pdf)
<use plots/Granular_Grids/XGBoost/roc_auc/grid_XGBoost_roc_auc_ds_31-40.pdf>
Package pdftex.def Info: plots/Granular_Grids/XGBoost/roc_auc/grid_XGBoost_roc_
auc_ds_31-40.pdf  used on input line 1554.
(pdftex.def)             Requested size: 145.68144pt x 87.40396pt.
<plots/Granular_Grids/XGBoost/roc_auc/grid_XGBoost_roc_auc_ds_41-50.pdf, id=113
087, 1445.4pt x 867.24pt>
File: plots/Granular_Grids/XGBoost/roc_auc/grid_XGBoost_roc_auc_ds_41-50.pdf Gr
aphic file (type pdf)
<use plots/Granular_Grids/XGBoost/roc_auc/grid_XGBoost_roc_auc_ds_41-50.pdf>
Package pdftex.def Info: plots/Granular_Grids/XGBoost/roc_auc/grid_XGBoost_roc_
auc_ds_41-50.pdf  used on input line 1555.
(pdftex.def)             Requested size: 145.68144pt x 87.40396pt.
<plots/Granular_Grids/XGBoost/roc_auc/grid_XGBoost_roc_auc_ds_51-60.pdf, id=113
088, 1445.4pt x 867.24pt>
File: plots/Granular_Grids/XGBoost/roc_auc/grid_XGBoost_roc_auc_ds_51-60.pdf Gr
aphic file (type pdf)
<use plots/Granular_Grids/XGBoost/roc_auc/grid_XGBoost_roc_auc_ds_51-60.pdf>
Package pdftex.def Info: plots/Granular_Grids/XGBoost/roc_auc/grid_XGBoost_roc_
auc_ds_51-60.pdf  used on input line 1556.
(pdftex.def)             Requested size: 145.68144pt x 87.40396pt.
<plots/Granular_Grids/XGBoost/roc_auc/grid_XGBoost_roc_auc_ds_61-70.pdf, id=113
089, 1445.4pt x 867.24pt>
File: plots/Granular_Grids/XGBoost/roc_auc/grid_XGBoost_roc_auc_ds_61-70.pdf Gr
aphic file (type pdf)
<use plots/Granular_Grids/XGBoost/roc_auc/grid_XGBoost_roc_auc_ds_61-70.pdf>
Package pdftex.def Info: plots/Granular_Grids/XGBoost/roc_auc/grid_XGBoost_roc_
auc_ds_61-70.pdf  used on input line 1557.
(pdftex.def)             Requested size: 145.68144pt x 87.40396pt.
<plots/Granular_Grids/XGBoost/roc_auc/grid_XGBoost_roc_auc_ds_71-80.pdf, id=113
090, 1445.4pt x 867.24pt>
File: plots/Granular_Grids/XGBoost/roc_auc/grid_XGBoost_roc_auc_ds_71-80.pdf Gr
aphic file (type pdf)
<use plots/Granular_Grids/XGBoost/roc_auc/grid_XGBoost_roc_auc_ds_71-80.pdf>
Package pdftex.def Info: plots/Granular_Grids/XGBoost/roc_auc/grid_XGBoost_roc_
auc_ds_71-80.pdf  used on input line 1558.
(pdftex.def)             Requested size: 145.68144pt x 87.40396pt.
<plots/Granular_Grids/XGBoost/roc_auc/grid_XGBoost_roc_auc_ds_81-90.pdf, id=113
091, 1445.4pt x 867.24pt>
File: plots/Granular_Grids/XGBoost/roc_auc/grid_XGBoost_roc_auc_ds_81-90.pdf Gr
aphic file (type pdf)
<use plots/Granular_Grids/XGBoost/roc_auc/grid_XGBoost_roc_auc_ds_81-90.pdf>
Package pdftex.def Info: plots/Granular_Grids/XGBoost/roc_auc/grid_XGBoost_roc_
auc_ds_81-90.pdf  used on input line 1559.
(pdftex.def)             Requested size: 145.68144pt x 87.40396pt.
<plots/Granular_Grids/XGBoost/roc_auc/grid_XGBoost_roc_auc_ds_91-100.pdf, id=11
3092, 1445.4pt x 867.24pt>
File: plots/Granular_Grids/XGBoost/roc_auc/grid_XGBoost_roc_auc_ds_91-100.pdf G
raphic file (type pdf)
<use plots/Granular_Grids/XGBoost/roc_auc/grid_XGBoost_roc_auc_ds_91-100.pdf>
Package pdftex.def Info: plots/Granular_Grids/XGBoost/roc_auc/grid_XGBoost_roc_
auc_ds_91-100.pdf  used on input line 1560.
(pdftex.def)             Requested size: 145.68144pt x 87.40396pt.

[101

 <./plots/Granular_Grids/XGBoost/roc_auc/grid_XGBoost_roc_auc_ds_1-10.pdf> <./p
lots/Granular_Grids/XGBoost/roc_auc/grid_XGBoost_roc_auc_ds_11-20.pdf> <./plots
/Granular_Grids/XGBoost/roc_auc/grid_XGBoost_roc_auc_ds_21-30.pdf> <./plots/Gra
nular_Grids/XGBoost/roc_auc/grid_XGBoost_roc_auc_ds_31-40.pdf> <./plots/Granula
r_Grids/XGBoost/roc_auc/grid_XGBoost_roc_auc_ds_41-50.pdf> <./plots/Granular_Gr
ids/XGBoost/roc_auc/grid_XGBoost_roc_auc_ds_51-60.pdf> <./plots/Granular_Grids/
XGBoost/roc_auc/grid_XGBoost_roc_auc_ds_61-70.pdf> <./plots/Granular_Grids/XGBo
ost/roc_auc/grid_XGBoost_roc_auc_ds_71-80.pdf> <./plots/Granular_Grids/XGBoost/
roc_auc/grid_XGBoost_roc_auc_ds_81-90.pdf> <./plots/Granular_Grids/XGBoost/roc_
auc/grid_XGBoost_roc_auc_ds_91-100.pdf>])

Package caption Warning: Unused \captionsetup[table] on input line 15.
See the caption package documentation for explanation.

(main.aux (titlepage.aux) (content.aux) (apendice_gerado.aux))
 ***********
LaTeX2e <2025-11-01>
L3 programming layer <2025-12-24>
 ***********
Package rerunfilecheck Info: File `main.out' has not changed.
(rerunfilecheck)             Checksum: 7BED23CC11812A6293DD488AA6C8BDC0;23972.
Package logreq Info: Writing requests to 'main.run.xml'.
\openout1 = `main.run.xml'.

 ) 
Here is how much of TeX's memory you used:
 29475 strings out of 467871
 887908 string characters out of 5428440
 1265389 words of memory out of 5000000
 57745 multiletter control sequences out of 15000+600000
 653596 words of font info for 89 fonts, out of 8000000 for 9000
 1141 hyphenation exceptions out of 8191
 75i,8n,117p,1054b,2099s stack positions out of 10000i,1000n,20000p,200000b,200000s
<C:/Program Files/MiKTeX/fonts/type1/public/amsfonts/cm/cmmi10.pfb><C:/Progra
m Files/MiKTeX/fonts/type1/public/amsfonts/cm/cmr10.pfb><C:/Program Files/MiKTe
X/fonts/type1/public/amsfonts/cm/cmsy10.pfb><C:/Program Files/MiKTeX/fonts/type
1/urw/times/utmb8a.pfb><C:/Program Files/MiKTeX/fonts/type1/urw/times/utmr8a.pf
b><C:/Program Files/MiKTeX/fonts/type1/urw/times/utmri8a.pfb>
Output written on main.pdf (103 pages, 56724066 bytes).
PDF statistics:
 114485 PDF objects out of 137205 (max. 8388607)
 312 named destinations out of 1000 (max. 500000)
 5489 words of extra memory for PDF output out of 10000 (max. 10000000)

