0,1,2,3,4,5,6,7,8,9,10,11,12,13,14,15,16,17,18,19,20,21,22,23,24,25,target
66.14366625784808,159.00518260770434,124.51260094572945,-81.08764038667229,-17.610727989117652,208.5701564339533,-326.5263564803969,138.83085353304014,-158.65880255505417,191.5560246096345,-188.47068504262757,443.2962204909253,-5.1133841107938025,416.4037555314585,-198.48991339420763,-9.276419304745946,14.148360247920838,811.517910033893,-156.8002695125071,0.3483880818841633,22.568087470464043,-158.82389194974374,32.08281966698,-5.980134042020636,203.9585255857232,38.073393566105565,1
-123.00480500754762,-284.61570351552126,63.72002263583728,-197.35290634808885,-18.04639914773301,231.6770193917717,39.35549476396654,-181.7523779498333,1512.2275502272212,157.87399125759978,228.6916908662172,-258.55039820123426,34.386036258758345,-159.49073549386188,222.2390181789239,265.4279173373956,247.8391513843001,271.089136686995,-568.0924897718596,-88.07069358817571,318.13943148401813,199.4027941181976,-74.61352774988242,8.733936979721365,0.6592141352240799,-40.23632931258972,0
60.16310443501998,-107.70257055051552,138.96822573716892,-352.5532278649207,35.12691512404593,-559.0695041818896,307.6003006938665,251.9697456398394,87.24154030929125,64.7580490614637,152.2207824924326,284.4388956910709,-11.209527492427329,74.4924181333823,-391.811119597462,-355.8408668037844,262.8334989480803,-190.6876264780701,45.27103308407587,-78.9991757111187,493.8891079972786,-458.6340782868367,107.52462730608848,-213.4214912078194,88.40345329175382,64.22971053684186,1
1.241650150607855,243.53125216609712,-85.62123875292271,227.9675480380861,3.2989703524708736,-216.31792267474583,30.64871647952548,58.93171215531333,314.87915127765126,291.13534791830307,251.44179874950825,-407.39596878797335,75.56029835977075,-272.85765931485975,410.9894341419562,298.0541289026936,247.67522734235,-372.5437468289071,-358.8425820020873,-14.599965545823128,118.12222029188844,308.9864925945222,51.48803550663459,81.52160230960632,-507.12970654666674,-33.211676082738535,1
156.07966571116657,129.28813382895444,80.28787402323397,-278.8629298140132,33.726525730517096,-611.1067747758927,247.72933035296865,288.3477030333765,258.6222211715672,175.60174849306495,15.33241365918058,12.640781807327423,16.061998549896007,636.5405531706355,-135.65858462648615,-548.4053435240126,6.19242524256298,-72.62154210096902,-4.306670565056419,-58.85131678206772,669.5066397174694,16.453169204729903,32.42932594100443,-32.018145471948586,499.7338525480734,18.914480431417743,1
-1.0329132640455132,442.6612641495412,-60.74443309792474,46.74223394699635,78.43722650038748,-424.9260524086813,-110.38092475437467,-183.09220442545805,-581.8572140463549,407.4479057189114,202.7926350445561,-775.7020152077408,120.29724846764304,-307.7315324340696,477.9712659494704,180.7080416117753,40.80915810138161,-569.192273434747,-358.0948879678349,-55.7315815558148,-98.28008440966384,365.2859675166667,82.12949159398526,154.41134952255263,-1072.3274240222984,-34.639522336884845,1
-19.15275913287128,-140.13926321774673,147.37557880254104,-47.644690778136464,18.49477846550481,-202.1629441293549,119.41894984646834,58.36352349775824,98.77143029732296,100.43177030007382,84.69625609545346,276.6549247575333,131.0424206971445,377.7438843895413,-189.96717679452047,-736.0841064491075,85.83471806155973,-531.0305331976789,446.51035075647496,-15.152063089524548,-1.143448698105619,-86.78060982681085,-78.1051474462423,11.420787711824946,684.0169047205072,-9.568834068624136,1
65.60387512921149,-123.60236222567784,-124.60357811250172,116.93508528861334,62.69348292900395,531.9540637014513,277.1944066242831,-59.273427315349615,35.1404153200265,-179.69932461319152,-117.9773981021926,88.10855532132824,-63.30320284870597,252.88597583091763,348.04471176298983,162.285901643838,-80.01634069035265,356.24044173968906,371.4749465329109,77.5416098780152,176.25973020744507,437.1755175516049,135.80631398795057,-162.92292490759908,242.2174203220937,51.87494023468241,0
-64.21522193909757,136.3567696172997,88.14194196779417,-149.086355838005,-24.74266047871767,326.967002892612,76.11991250278697,78.24916054626686,736.9469570535131,-253.82049158385087,189.94261669761283,-591.8389037991799,35.552177418815155,-336.6921564920744,191.50979599052923,-91.74186966311674,-135.26044290235188,-436.6925083717718,90.95583674247445,5.657686304991572,346.77072175451923,-492.5101285044884,-170.79481867785057,-177.6596792363545,-339.52058355398594,-16.0686388084881,0
155.804329945736,-200.3955751764548,-111.89417297521273,337.8919896880649,35.72165966594578,781.4947674781064,-63.514430803350194,733.4573105664159,1519.0708845551917,-17.24539369891535,-58.18912806568211,238.26278238952403,-112.05878456775594,424.3296950617868,-356.9700121666819,-66.14125532856265,334.2578300509863,340.4644105027237,-560.1443164147684,-175.6235323391508,449.1797295246561,-99.44465305442188,-92.80836947009443,-82.21026090281822,-45.70478743592744,-10.261698822973296,1
-56.33419130634656,-267.714892451417,-11.847938653796728,-239.4860190809312,17.878341787294673,338.4439027270203,-114.85015386371184,-51.70761893011122,448.7407427982213,376.84178205634896,68.77806085968285,-263.30123607255973,128.75618166645776,-198.1084096710185,293.446004656376,178.15773810356492,120.75818610842622,239.13856550374103,-95.39463563295068,-86.68306462690708,484.8161467874088,20.381036645285377,-80.81583017458316,-76.32556975704817,577.7777468450397,-61.138728309349766,0
48.622914941955145,-94.55778771634014,-129.05154220591757,267.8290922515398,14.001237986183346,335.1047705430878,-321.9305082077944,124.33013867410276,71.39750699824799,352.6991767154568,167.080783391748,-497.49339974046586,46.17951432794957,-323.80385799864706,156.56602095685813,144.76277280774724,505.4863797362211,-203.8113643868121,199.51126605956185,8.053826419090413,-97.47711934403064,437.4660379685503,11.929482668247516,54.25120787624682,-514.3999526802664,28.52468967469733,1
97.26568262234476,-536.0125270638025,78.6036229140839,-66.51743183933182,33.08058418362107,-126.24632560274624,212.0395265398186,76.33750690200337,-49.24351930201082,168.1977848910282,189.89304216955503,239.64951966677168,131.85372481617082,-46.43844345491962,-79.89738622505567,-334.62693957579904,54.195646925199554,-464.9440568426448,373.4543859059103,-114.04593895165188,16.15810997305688,-297.7600570793811,74.11435859920945,-210.8526831041497,650.2566117996234,18.62672560192462,1
232.5267870819334,64.71609131386396,72.94075935021,462.2095340912471,13.379973938608622,867.0645418552901,-670.0972278615171,511.9247390364228,775.5847505616018,174.61043027098597,24.051358139054077,389.5114551656947,-98.80580431861348,362.6177845517262,-86.84682600464645,391.2045351058583,5.047663537077305,308.09909459248536,-330.5473291727907,-65.78094505673968,477.0060605040397,-353.219252661506,-100.42121904418522,-189.89457134447775,-83.23392470248345,-3.5746100948716237,1
85.41300491118247,71.4012608074251,-90.75514812253216,-180.2085843847646,-2.6790803679006725,-40.66639952076993,-110.15162651747454,39.65043599413815,-234.32484043865543,356.6512819720631,84.76410244718842,576.1540719280202,-71.22841045907992,345.97048341040744,-353.5570254967585,-115.43234945157992,361.7554161087034,221.07947907125936,-142.87670454525124,-79.45123632460306,377.1201555342551,-315.6045397887896,96.19001537803342,-136.4138186168893,113.95096135656551,40.77386861166046,1
86.445241404874,-561.9995244983563,-78.07092282549401,79.5881001523644,15.202117940000033,173.25129928897863,43.15778866897449,618.2475001490902,296.57072934537416,-104.9792311676578,-116.12736157963192,-388.9783976663368,-67.16348876654455,33.147027672334275,32.56753941375038,159.42565331767716,366.92885338732543,446.6339750666374,471.36881032137086,75.72721076513128,317.32896271258056,452.4453431342256,89.46149060893902,-83.68063572206817,249.77845314152225,-7.149494484214639,0
147.72092265381465,-432.10940866409504,50.953069676862256,-176.90278793822867,66.85688782513132,-243.71809016974717,328.3660968539335,284.79129962136784,-398.6316165567838,256.71288258591863,74.99477885772006,390.7908243884947,42.8895308498801,450.71953852701296,-213.83001977429072,-276.58305695363106,120.4472423747398,-90.67641716513305,387.68236744678535,-51.106085708561686,524.6152917393091,-397.8694654193479,137.1540174775945,-180.36267705823164,238.58642567258943,33.24813808122018,1
176.56316903259358,-277.8373490711044,-13.112356086329012,-15.52565560167869,54.84199933877743,-455.253565611646,-13.461886429992076,419.50459402210544,-158.51092918353,264.33168138286226,134.35424634629962,65.04092554981378,-4.916515730064364,296.39328253098654,-16.064327959308066,-192.4712755910695,498.0028065394352,-23.812854582382485,158.8359057668243,-76.86329998620386,71.0930448910522,-176.6641407625061,100.04747260557092,-85.88869099651376,113.38868121141724,30.5132062651278,1
49.15747846303353,-976.5688286906634,125.7808190464863,118.0303675307388,-66.95522133903617,237.9947466659017,-685.8311342818795,266.4796612323332,754.6030442851855,289.7437483362271,-93.03400564366872,216.52902385455155,-47.7201341196599,561.1108900990673,-191.0026446229933,336.51612494309364,136.2655985930837,369.7875078414716,-189.95288820893572,-17.90993380627193,-65.14560741883807,-375.4195548070042,-144.79798507801408,-76.8406457208563,447.3659185511867,39.39586329760701,1
6.492311316817496,-421.4793083211113,54.65304729348819,-171.2470670207387,-1.4773874129838882,533.3382288636881,152.8450190038365,220.65821278581885,1431.762303102326,231.52873886286267,-95.58706925134469,-539.3672841173127,156.00763136018526,-270.0191856048866,232.81319246293052,60.1630752666772,60.86345246867111,874.9308192426142,-624.8878978103281,-135.08810039116238,33.5769094695126,163.89021781085285,-108.16553244654207,-124.61090956680556,-182.49930345448217,-54.70814192572219,0
102.35783698132212,-462.2539925811713,-30.084669807298077,286.5643917902294,-9.739310559098634,33.33793341723596,-83.96297266383515,230.9098340347542,1295.39299361248,53.961504755382975,-261.4900700133607,-393.4086667422932,-39.64725391566672,-29.868988322512145,170.58833774128234,-10.442480996341978,268.31322677245834,427.7137426065159,292.01852161319675,-36.55146115727182,573.0618298631786,141.07240106735816,41.76127255885322,-76.95304958711907,19.28559913775066,-18.873153332473063,0
-72.63258140436338,-250.5931871794319,174.54141958379412,-300.81873346387977,-58.31512735868097,486.421081698414,-198.5266039855594,120.95739817077886,934.026234347471,275.512582178502,307.7664216285414,38.73128366333419,120.75620131043296,-406.4198887439993,247.2190662792424,278.7439106420787,399.726308494212,567.7832721220301,-423.7728409576562,-27.77105573981745,352.718197101458,-789.2898373118668,-92.89441073289449,-128.17375133830214,184.2553954660851,-31.4005731474548,0
88.72164530602495,144.07234409460372,-50.60432259403,178.47792875820474,17.810016816148615,-465.51702959955,-50.23344562915769,-174.96796236893516,361.08779255145214,167.8806390049324,5.73864175478539,-357.4617336664772,8.563254689384664,-115.03766353803202,422.53059460096586,375.3845839482024,155.0585879717139,-518.8756993588188,-427.8313446371489,-65.88274342688581,119.44722371431996,376.9683069697691,185.2638215221921,53.45608703730516,-515.5419242680349,-61.44513824668759,1
137.48588352665772,-122.13179496977146,33.99657173466104,164.05486026296435,-60.56202247635529,180.71821025324783,-182.8784434030112,296.06599181897343,868.6629837304664,21.03966337417285,-147.6943172647553,324.26644886766627,-13.1369548654097,-29.78870691236368,-602.9557525952243,228.1131867004456,480.3659461104912,-256.2765053097799,-560.3845993980244,-162.53885741700785,219.4098391720407,-327.302625210369,94.7272176643472,6.0981858733008565,502.4395842484328,-5.454836341665764,1
-150.99977876538864,-474.9130501356813,41.420652515949634,-25.294940699755863,11.432939514392238,135.492282886604,-193.8175496713895,-180.26530437508077,455.4485731650721,307.21809486377646,3.18511268019422,-317.0408248380449,102.86615645798108,-287.7578780464269,92.24795920081488,-54.66780181981128,79.62902618808404,544.5494614933156,-261.8030641552529,-40.45197531603718,94.23560222308376,-315.7505533907253,-92.38409107555944,-100.5876281373025,421.9575126702617,-13.35481498818435,0
34.93745380362035,-35.48696048793833,-20.23038243568226,-105.20399473368435,-0.4097819118299428,325.03300744626785,408.06253775306527,145.80667865274106,-198.7411450285444,-246.62223434911027,-191.00964610881132,87.08099946943355,-22.576983614560927,418.67890572516825,-151.85440211948034,-12.126757322351668,102.03977516640414,455.7997131793816,198.78428319302165,115.68489430045724,209.9933868360857,98.30583024965976,189.02612317363787,-95.41786599268885,320.83684719192337,7.072809119756631,0
-163.53862218548858,-714.7305305497622,20.714535081334773,-123.80804943243184,-68.31494726179946,107.11536129324394,382.6786262809048,191.4173637711154,1264.083812371723,-149.88201496395985,121.75789232151266,-214.270643746929,-68.10319301274441,-381.2500995541537,271.26243445359995,268.1962013249392,-40.20425641577996,-297.35657627437087,228.29066724787344,-99.3307485278727,252.73412727542893,-240.84834100701747,-31.38190014664663,-80.5429237037118,-308.99741250867726,-59.31947591003689,0
-2.6855546787641984,-211.7502566608725,106.99041877179116,-399.115941320208,-3.593422175206276,-737.9869649778755,219.21940516081185,150.68133520546314,-1007.2667029089936,224.23084287644616,70.63829941666577,274.4488417991682,132.1478220645726,128.010901631557,-343.8759282926938,-99.96831039846096,-147.09285702548115,-532.8700917384137,492.7025410166237,-31.61044985406229,450.1434564378764,-339.5948495275405,25.60897459624552,67.02200217361626,433.0902367721282,26.26076048989936,1
49.54333950922052,281.5182843591146,-31.16653614966818,3.5692593562761887,33.87955346356413,-183.797186776587,-308.07866384643825,-204.04728184239437,-321.9082360640324,202.9300775297615,137.52687646517336,119.18253656314582,63.13806744194031,-186.2323538492184,174.52917279567987,283.70477728487344,313.4733833997836,-576.6082248138313,-471.0470762937045,-139.5336762584506,-584.2728042587238,615.571028755489,129.65813203276508,275.4376617572837,-7.041424352680588,-33.364480221277574,1
99.88652409910452,-461.91892844559766,38.22933898195934,285.208334424637,81.51557142701168,-381.6144932563848,292.3242414929328,424.5303236591952,-331.6190423181266,295.0161145155695,151.60961611571443,-89.8271288402865,74.49503964138412,686.3243761846113,-49.49415299262927,-105.260585365402,466.9568007873443,60.99560300833672,469.0915848441144,-73.16016250937363,-48.23443345256735,-238.6900913811274,107.76701387216433,-107.78560912691252,865.021255203932,1.827550268245644,1
46.39145379584457,452.5445973519833,-60.09338291071731,25.57614098865977,51.904471820746174,207.848512485662,-272.20733757261684,-600.2967653583834,234.5660773828337,45.66103430116566,104.63436595741412,-363.133703123241,94.3592587610366,231.2715532774445,86.24005328449252,-210.40417189574364,582.7412219733002,-374.276917044232,-478.9068901880083,-111.01642594670729,-424.432615794451,42.136582004784536,87.56628241353023,-93.6830977185004,-222.5451257141592,-54.58637174567819,1
89.99169754453517,96.41651539477316,-118.15794140979996,189.7399080582027,13.447368039635508,-85.9765234400655,-603.5677312517795,-298.8193135574749,-1106.8784002283571,118.15495967142354,64.37666797764663,-14.048827941687415,-41.70505346216702,26.788419956857787,-361.5769889046621,386.92055605911,222.0109006809868,-136.8976088721519,-61.21409465066812,-106.83958963276976,-921.0634707199192,242.93447920519404,-33.46433706303527,-64.40998384282551,506.33884427114697,7.236139896201285,1
-183.0426301640056,-530.5207440740803,-39.2933670922639,-386.16693185996826,-69.89000351167871,579.6770462443087,580.9995830064983,486.68953810374165,339.9250883792166,64.54981327306663,114.14718390473033,-181.9199327126125,-109.04258888898327,-474.1261444948904,491.1630183419227,487.20130227634615,22.799989654560854,-11.726814196809071,202.5623984533022,-76.9922658979764,-222.27803551070056,-579.5829728971587,-105.0806467585991,-34.238506545929006,135.90582061160683,-16.784163595835224,0
50.71187859096008,259.7885373701397,28.0230215033814,286.78153053539575,18.80027094349351,395.9695395391002,313.0923847808855,-72.24593599973035,844.5729045822537,152.82941341978855,-239.153554632234,-3.3637449527265297,33.881308527577886,148.7514229174995,248.16932183973964,-198.210803566194,-74.4659218522018,799.4044265267655,336.34429618182367,19.021103046372883,604.7728892215978,-45.17598070385217,4.484709505702311,-75.6006355860655,-159.38664632108723,21.867999221909784,0
63.28843813400467,-173.1865665797857,154.02062111690535,-235.92476905434455,9.413888554643176,-60.29954174383383,48.89144846730882,-477.18122965969405,606.0895264922414,213.29923820611785,167.11282058467208,-404.9184833716727,35.174074719977376,-287.9319926030083,-91.70327439620952,101.24597196475386,148.55765128296457,229.5957779316006,-497.4792582552748,-127.4474088081787,93.56446418618567,-420.65485183103806,-30.029041768047662,-164.00917295684863,375.9966982149177,-49.51195340219603,0
116.63830320578802,127.00901042617063,21.324611864021705,-168.9082356110413,58.51310877965921,-471.6953579327285,149.2587458505361,-924.3772176329222,334.8118525794965,251.11071588636275,-17.319617695665052,-290.83309737269826,115.56869752113768,-427.72382406640594,304.53844400662564,277.0621341112758,364.8403991741028,-731.481101676824,-965.1097370665344,-102.18321054091848,-109.32194156703166,-109.096314965681,149.5287974387351,-20.56745931573781,-508.5443965892193,-76.23181889277205,1
-129.84244140388725,-107.20745282539994,81.47802064453076,-130.20254946091055,31.62062110629821,288.1285952368302,-182.2655425792914,5.306568240564338,-239.45140546385653,340.20345344100645,126.75108876311536,-287.9443994502693,117.76242298612516,-70.92812188748002,207.00793138096356,63.47466478454766,-122.54913233190553,187.1844042657908,-133.0408844217514,-59.72827422212546,6.535486181332081,-376.4781846076325,-62.523540356392026,-254.0036253963159,519.8811298575546,3.492253737716537,0
-152.55192922680507,-669.0460139070931,120.6085812284666,-150.93352642341344,-70.02248898206085,-188.49565663732116,-89.63357537412384,150.84451782963234,507.9986693583152,34.70404254738606,-177.26394157002605,188.2309901896732,-4.9075770086504615,272.1659394367753,-96.00762831530103,215.496282408736,199.64914598347195,560.2561898131644,-121.32907510949327,72.38573367631085,-54.4636100612695,-276.957157262299,-68.21055555471276,59.427780095868094,790.8839090439634,87.65344512542113,1
146.82622815717144,-232.76186851423597,22.453672936511108,-115.71674061197716,-16.083448734883742,-27.719806681781847,422.8412079584251,201.85163321765543,969.3297184638984,58.152209897314535,479.8436793646129,230.4550105250747,27.471789694386214,178.7274602351926,-343.6539540508784,-194.8471819018882,394.7273176409291,-732.699214774706,166.3284391287527,-167.16652984220812,407.4712865998589,-303.3678865211124,-74.96763283847993,-139.5426691896061,352.8791167570563,29.565444494187197,1
266.97466444823567,306.5869030571386,23.30537922970712,87.77672433452015,-20.156693906041884,-98.24694177178746,-12.164538886847753,323.9792707695981,-168.15675204385698,75.59185962463948,-116.7314493637684,-159.61442216374078,-0.9338202394124862,227.30882293659417,30.958005545565776,313.86984825716934,289.4429821551435,637.2914592310474,457.2985049800711,87.77089889167029,445.7451365984464,282.92423332588965,133.17222551220652,-63.79561673799211,-90.59623128133047,3.6887999372969063,0
0.6834099959046149,485.2909922928935,-89.08210309989535,115.87100511576335,15.316194501497415,154.09478096093062,127.4579907403888,-55.88068214533608,626.4994688453436,153.82828520442237,-117.15838410368282,-139.39120762354193,58.46693335559553,-180.782909983138,292.8487713751405,127.9035558745168,476.9250801729294,79.89024575888203,-31.311748802187083,-44.17848367159653,32.79936607294908,669.4541730918259,99.61676515776074,5.314184015533597,-788.9791937945575,-14.574907183018912,1
148.0341384643009,71.18602943512732,158.08241193600256,-320.6773233739341,41.19959986591292,-512.8116030007418,324.3389767368043,405.9011642597772,219.65435907539387,-50.84508116156347,315.78798522120496,475.9037362696306,35.307216777846655,321.7543394028512,17.852423641023854,-310.175693399402,-27.586278148146302,-517.2002748184224,259.05916484806585,-32.120616416395066,663.4220097240847,-49.189288053672,80.47225037854187,-129.1185969384792,-98.17628042671087,49.383174258949374,1
-100.51026902299608,-621.4768418709181,-20.70316409391119,-13.275489116409569,-11.150480738745232,-20.02400027137618,-105.9954140396493,-423.8191213941817,945.584976379811,193.9178591808218,58.59831169929159,-384.1709025540617,40.6827193411832,-528.6591991303553,14.837071760049666,231.95948236371055,134.0556026282556,87.51592574483452,-219.24825002392564,-103.86804691600744,225.09884325823177,-224.84193221069276,-169.93889384306684,-48.11884034906305,532.781062095711,-9.499837528023347,0
82.80395110586443,230.05079763569867,-71.02963456915762,341.31893653398134,25.79849458896266,-264.0068191110327,110.03849900850776,-88.50198600553952,164.16605725353247,-78.87054858877055,94.06859064888768,-33.60815638242161,8.298143431287023,70.31011785586531,156.10430989863573,441.7708296818676,263.41824668965205,-236.70686317007912,-257.8336067770011,-93.09307684038129,-395.5028644693669,499.7818258608044,121.21972087163964,111.17393250588636,-272.5828880570799,-57.20003984387492,1
-53.3523831082882,-386.34939563615467,100.98986092665317,106.92336323406305,-42.30296442170111,356.1644437131432,497.22985050067695,137.59681432259222,1343.3977271217177,95.81651527994312,233.75861510445247,-255.16634472982733,-9.316538174726182,-159.20226728596109,-34.76925058420564,545.8320753154444,85.79997466664454,-298.048253000928,251.28297007978904,-168.50396578941044,303.71355206198274,-450.9447650837447,-197.76728359884115,-50.4799921033112,-819.3587369559159,-54.262925039427046,0
161.30934598900768,130.64653408343565,173.8944120874341,-83.0102309064544,-11.802736935749426,-394.5441240463365,707.9519036356493,618.7544791725536,-320.2215734532318,71.9077882383198,443.02170067796646,-125.27487770138003,101.68722941963622,656.2351137798046,-468.9969715616513,-372.478402867452,195.07680711063256,-689.4001907525433,466.4635217906553,-43.679333725421465,276.91273998153554,-294.87272059417774,127.63082634292812,42.897775756123934,672.750372082563,61.11492661917405,1
105.17876305971444,218.1821903707233,11.467777656802928,190.3184662061717,62.71678666121009,-586.774321359666,-8.190914312727482,-586.3473280667279,117.73009367028406,102.35968958824424,-144.47201548780893,-251.85948232634183,82.53739715478544,-347.71562912495324,318.77624857130274,338.5429177177895,-180.28289467525,-744.8319895701327,-646.7179320814223,-91.5865465703469,-121.89901918326396,418.56522489568266,159.1910938204944,64.01494661815372,-926.0176920199552,-58.02475728314384,1
-30.65441824045661,-476.9015003628104,-90.72609825117097,197.14601735100308,-37.10013300475276,-128.32381635846036,-435.7111764126535,937.8408177664438,64.56789407434783,443.33209885382746,-5.127784904845907,140.6963101068601,-68.4074079026449,338.5286091794509,-317.5574680612066,-33.85781826323199,33.40157170037027,667.9434924626156,-182.4147147554918,-115.77475984252727,179.54971070066372,-550.787842524565,-200.84799897310916,52.07335350831247,456.0710242135816,62.371798801629645,1
90.139665569096,469.4969977283159,-56.75032464927325,-27.58546637105974,22.144079847108607,-189.22575655263608,-265.1868254856624,-475.8476228347817,-271.0047619768072,51.74205694407026,231.96328034814053,-230.0415760621636,112.3749379688174,-285.04602297812266,151.4454291742739,-84.04672213114479,367.4786242347525,-379.52720498454295,-267.0021298042548,-47.96139617581608,-454.06762653470827,-55.83854647861841,-21.635219960277414,-39.210047922929824,-183.5102775078143,-8.254823607533407,1
69.79570434423879,126.75329662555416,10.729360977320574,70.79847128010812,82.67884067011562,-252.46833186676227,-130.9179732166495,-431.1058942941676,-814.3110512240586,533.7168863112934,77.29895229205701,-297.7789962040859,27.022914426245283,-447.2280281221479,278.864904927876,180.46150576485,125.02955748155398,-409.30556532583705,-85.77844487518917,-18.552536551565684,-170.83803585900202,636.5425956885516,236.51747677954492,232.6972187745736,-435.77565273850246,-32.079258977888784,1
168.3782263295631,-421.4067677478096,89.83104015321574,-28.143767999555624,-66.06969448614291,105.74628989210927,-455.3544099783349,-317.75828841965625,1051.5380488852984,328.8455101221473,71.15160697680776,-449.37349388767575,-52.7990473456488,60.85577290639298,182.30268944637277,-0.4698401380079375,107.59502099914609,661.0324191500829,-439.701453766657,-25.145999978268037,362.9869983063585,-208.67821319997825,96.4664157880398,16.544916077681673,64.75128864075872,-47.87504865913576,0
237.1009631287884,-363.2528255931348,100.3864270377854,-154.38976164277528,41.70905102903661,-627.6984658975474,-30.258607840138783,510.15350984541993,382.3600279624778,154.01057386555183,93.10677291054245,259.19462336368275,147.1319005886158,-62.48905889594201,269.85903598580575,-477.3001058908608,203.87462020667635,-118.1373172830606,387.70406877380617,-111.83066538917522,354.45072434460286,-238.2087756128792,20.44107840120796,-100.90998340583934,188.331371888644,14.904439659830478,1
113.29067309519664,167.12441693377173,-111.36844737143684,58.947375744285935,-2.213861454266679,-203.4542374005219,-447.0308289189556,-60.71294688407153,-290.5490068806481,59.26096190377002,98.28769001117276,-127.42062575135049,108.00596287519656,-603.7230046498181,172.37566164152878,226.96944047967492,265.75955088412354,-655.1615111987624,-345.7827601376974,25.346253058907628,-329.7438476017981,371.399999902028,-11.229365319803076,126.65423520427156,-551.2061475082488,14.85364727768311,1
157.0453197235298,-362.9987793585296,-90.19848911926591,270.67845851742425,12.099311284909271,-247.42881540659172,231.75136807008715,453.3953744892594,557.7174974549622,108.63915943505948,-131.12390823767856,-76.30443610810548,-106.38991987080392,103.5887353764114,343.9717551982462,352.3743705675155,388.5402796175279,333.4562232247709,211.03912011379177,67.99036112515215,70.96810380859388,137.13119667754856,-23.98113576416415,-343.4077333119368,246.58628144850832,31.85761585123379,0
207.16458452013757,-69.61244437283297,56.8225775089271,79.73510592816793,-45.04394060797764,520.2413085504874,-248.86191103199988,27.142724243393356,1101.8945923977335,216.5224299519381,-91.05062912673674,286.4326018666306,-119.6685118618163,148.52891594622943,-160.4248516180657,489.0546695274881,216.27438102788872,271.45654184334865,-403.56142193254186,-127.40449811731608,192.19369321304757,-252.5844826162951,-108.37531035807768,-101.11799499786731,194.7790733158528,26.646998027875146,1
105.90929320946896,-919.0237386231304,-53.14488308826489,137.54207465634266,2.858344516949174,27.04384569654773,486.9086613660943,613.9792788112298,162.3250027566606,8.136832550287526,39.86033265665927,-222.84545662062305,-51.95396906697383,272.99056059503584,52.64105222136767,476.2180554671679,622.044506241808,288.58348297426016,156.05204414318854,199.99757679722825,-156.83826602641514,122.30340569298454,114.3256009485198,-392.9251008286546,-361.2459078012503,-8.1679498459144,0
-135.5868151695015,-29.89534057294148,106.12123230378988,-197.13214658136863,-41.28606487246407,477.9169660423462,558.8276359205546,165.80732807553105,736.6731151342672,-49.40768259375012,21.44097912534014,-243.05292236880152,18.64912257463191,-199.55385922166064,201.51211984227908,364.70623259612137,32.385804402717724,-57.7219995275357,-24.02678244158884,-48.11213837764241,54.689204249646345,-494.83195546596806,-71.46381362452894,-145.80261306421073,-494.6759774293228,-20.84192597163059,0
131.2456218934536,-73.97425063012383,43.81568886701096,69.73106521188488,62.55495598177938,-519.011617701734,85.2512603346389,340.4883545248085,-625.7324659295123,120.70210844924026,131.02106384796852,40.141631613386416,89.77570127697493,506.59112025056976,21.74688437944025,-144.40189558554843,440.636218266756,-234.89527838859183,685.0428133988041,-4.26192144401325,-225.32224766715063,17.351300050940537,-46.580977725426365,61.85209153637525,170.94754684029326,-12.64872650064382,1
-125.8603596694294,-251.08391137359587,-30.07081066045324,-190.1200480351553,1.5763895843147413,180.2442375071917,-128.73982709381696,-412.809411883567,511.9901971842727,54.04724982722143,-37.488913889223454,-424.37454974323697,89.13210067575584,-275.7314218666816,-35.51496100866183,55.52174622455854,216.2691869822278,612.25998611128,-253.85176160068903,-126.44473392359352,94.17892132711324,-164.3518190117955,-27.518293248109792,-11.955117881691203,353.5515612976468,-50.80948843744723,0
-71.97070099278498,-504.5329749005722,28.96791124084247,-65.82467656571734,-32.44886808053774,185.85356454774453,-423.85566892553607,-228.01912759636537,1391.555831271713,290.9221884916648,103.66029048831878,-373.8815930817525,38.209948271907145,-278.52355251808206,88.20949701852723,-101.95097407915549,407.0419493237294,20.49563424468684,-486.531806850247,-91.14024846790458,462.9310660422952,-218.1078212320929,-35.685388370778384,-41.21034129665891,411.2613468493242,-71.17956067999914,0
78.95889339295343,-657.3959508286929,43.30035735879336,78.84515478633615,-89.54314110435985,380.86703492361926,-567.1165514054734,-51.50206046408451,768.6144941282593,286.9311327850916,76.19769626465119,227.1857818690298,-131.85302523367474,374.2114706638545,-53.31528809683539,225.8939684045744,85.911663927462,302.6110355891121,90.71615110291768,-32.247697169527655,-53.09446141782438,-291.80577429769176,-150.01178081475953,11.959789773604204,510.9594145376186,80.70217395403287,1
85.37524397922434,343.2276448859471,138.8770776886225,-84.33354143965232,-38.51100663381615,170.9101222463381,-163.2044518475671,-26.93277274384232,129.91809973917154,-109.73657845710228,62.16655482387704,408.480880442168,42.69319366117545,399.9131627740324,-168.5912283461231,111.93116209868587,266.6538553427868,180.53331530585075,-247.2242906234707,56.41029407712629,142.6771416326063,-592.5594105295094,-27.74795877534657,-128.05755648490145,448.55828899344925,8.0928091090788,1
92.99353312323174,78.53724741755155,130.5608632199145,77.30743598090484,-13.939739072883032,228.97893430596716,-104.09497285083384,-43.882783523397535,953.1339296074656,215.3979527925513,185.20040438748484,-239.54188768808035,45.82544402176282,-125.20686262777296,132.26919383105064,100.14060567187124,52.583501107381565,316.5941281183506,-587.5005572325949,-17.016915227320688,335.184491481477,38.90183230037321,49.77532983164056,-104.8267942071049,-160.9345939378968,-42.17424259039253,0
26.553045549080128,84.46438398975499,79.33693848057605,14.20615451699032,-47.33999979614703,342.3240336479167,-122.31976471931976,71.7699557953683,1119.1826467520789,-58.678934766855846,-262.440239575402,530.5001796182819,39.0418305572349,428.0661607301798,-381.75486524714086,280.21730370256466,-9.993821105388836,282.3848241330824,-621.6515641611,-136.53915675812914,198.10913960894837,105.5554822573825,-24.76406003514383,-7.855314716848084,359.3900891569341,68.35130541526084,1
69.81393436113706,-582.5759587935443,105.99184601306224,-123.61878360177336,42.835431040827,-295.4433549163467,740.3647357466659,341.3456268674486,851.2376163456623,3.7103636912981512,239.7897458335772,180.41877357980024,-15.006690054287075,440.07561743113627,-381.6171392629655,-549.8119300961548,322.2877299667713,-449.0809685040468,345.1150739971804,-94.50500223558026,551.0300742135657,-213.15759316072925,111.25674230346787,-54.26266076396153,52.01773576452933,30.903717070616,1
-109.14082714862283,-484.0029070005479,17.581352546747134,118.01538853711033,-83.9435762598277,357.2642983206516,-1.049625183194653,-447.2292116651938,1406.6119346902424,192.00491586629852,266.0957857621954,40.35481424974434,4.117673260638479,-385.6881023328668,-45.2882090642466,307.4688469961989,-42.97560075891945,306.2296325357143,-238.2627797583574,-0.4942758584579287,239.9587207570556,133.34219549349848,-166.412936929876,-79.13460226891085,-90.02395642993719,4.306892663360378,0
165.0735961711893,-253.4718175382993,-22.869503276732218,-309.77345160569405,3.5555268994296307,-126.81663022354188,-268.15382411110966,474.12821378333706,-353.17207946089803,280.60964205452524,83.17322787878146,710.8252452400624,31.539361333556016,226.08088422998068,-360.9559015557148,-526.0514822211352,184.65754601228645,-467.33038814092754,296.0444716594224,-98.95009571394924,256.700298963725,58.36849386135649,45.74106778157084,37.88719732332991,24.20042708259457,34.49938125992771,1
141.8351473775536,-267.2948075813261,28.91759160028724,-13.146907593715174,-34.44414541235146,696.0739654751104,-68.50050228281228,298.06764209410414,1167.23126848734,-55.88108166137521,58.379384622687205,208.8492170726157,-56.71121557431459,486.4553913067314,-141.67999637351082,387.8560767269553,205.4511207479053,205.308829469718,-553.7147570066575,-60.24154081976136,173.56464052630383,-469.8676520147853,-187.78231271391317,-179.19868349549014,165.69730071277436,-4.435931526419495,1
216.51547593904948,48.14846225205844,-80.2625579483842,216.40517888511107,60.57204141993382,-998.872974028038,-295.02118809748293,-586.6606004858047,-299.94597018987406,74.90342642818771,-78.42162045226117,-330.82693819827455,77.56917834488765,-697.9666379564297,105.27653835443908,669.3709856254311,152.20575116627364,-296.4447227847984,-557.0171963886444,-41.92119559823249,74.77703736082728,179.72887191989096,82.93874176500388,88.71524760797223,-674.5904982547594,-23.04760463216399,1
-209.30274579592884,-124.01792877605074,95.86682209112014,-235.1547698525451,-38.67134724904948,142.01695986415416,-456.22869425109786,-349.4658991058581,352.7828464501088,86.74999425888403,496.3011558370096,220.20935231096848,70.17758316715252,-342.0764759777666,539.0304851584234,562.2818366977968,303.98389500702467,-208.27463972438693,-7.05265953370695,29.348014398478146,221.5918834012254,-514.5928216076314,-139.04130873278282,-131.19990005907815,612.6563185499161,-23.34878335356047,0
121.8089836778494,282.645528932826,-86.37220320109323,128.39840294506791,71.65113954566138,60.300016540931125,-481.34671474183216,-357.3772754927569,-322.88381757824754,-37.79596818670098,381.8679355448276,-397.5754115146928,162.2225241597062,-256.8011537610212,-3.2167555514331703,453.96848319404006,365.74739606646506,-323.55739563810306,-749.0494346789334,-113.51172106462924,-284.10282073646465,-62.54421897819933,14.755127255321575,100.3257414267785,-131.0306719312757,2.817732837666916,1
127.80981541412308,-141.87274859024367,47.86821813355607,-358.7351549218912,19.450251433338583,-632.8737538759601,424.44874127188814,485.5431149314372,-648.4897751764884,94.51548564501746,218.1844559064137,193.3247692555285,51.85282524367282,412.557562641909,-432.90844228811983,-385.4420776346821,163.3634325471923,-286.04328472034217,368.48653481635023,-55.95066014814725,408.7507870245438,-366.02302108174575,142.1121257251405,78.48125021239821,-383.6625103337797,62.87336357697494,1
-20.626017207170907,-133.61859154857547,162.14359462282977,-242.71538320076772,-48.946836267704576,-101.44752657986687,-741.9844076773771,-368.2719909329512,369.7909646492983,-13.739096643340645,45.72022250715342,-139.64880265322944,-15.105696379380372,-150.37534209898067,250.66590910061484,343.72467498544773,385.8240906450257,433.2575636480829,-328.29839991445385,6.764012505773422,-61.563721482583965,-407.8418728480324,33.29037523203272,25.071983778050445,421.983702436235,-23.57368019115081,0
20.730563075620545,-423.1893837419,-106.56093952913828,79.60186011886336,12.5974993177043,249.35876074087065,283.9174496773965,401.1516771979554,-211.8658848376458,-78.93219315739385,-178.8913807819251,-301.7095908738939,-31.264008489229884,307.7065123983163,-19.24667427915085,346.99569806349325,121.5863173013319,532.4533999192714,151.58139885037093,130.90217252347713,90.58497698979708,462.5393208471402,141.51485113411348,-143.00722747013504,201.7183696707709,12.553386658497374,0
-124.1606842367185,-267.7618128726249,3.2835361015366,307.2310915087133,-29.78857382763496,378.4730802460976,-270.19890359690453,-153.45457882522882,2080.6918087355134,100.53095443888664,45.206225300643865,-238.1542624692569,-20.808011236897453,56.69742742769689,151.5806875353244,280.71308915435054,172.40129803176535,-262.46693463933946,-655.6934259401398,-114.18406968606944,311.6435677673127,354.4634987499405,-64.2273932868829,-156.25577396448386,-47.91710653734104,-16.406014426432236,0
46.265066386670085,-558.0367164033013,93.79911975055036,44.96491452817186,25.02062822832447,-636.0202267514292,236.6250894337262,169.46341957577246,456.893007490411,331.3338038809945,184.26746873482216,388.96807290293015,6.086863105695455,265.451178886247,-211.75994678768035,-446.1679766920406,187.1688244742196,-312.5648032103575,316.67495673679434,-54.19430686590418,461.16582610832273,-110.9137559898984,20.402419416080107,1.2210729029216214,195.586825195471,1.916254556840245,1
-42.831683562360574,-476.9170062497521,-38.491607802728176,-236.19855313554493,-41.07474462118003,470.3225994775301,641.1735231864934,373.2519868775949,415.8961188726245,143.76761876683418,160.56913606647845,26.34017758987651,-76.29322225360941,-298.12834573667124,260.330308295999,657.2889033423038,-87.8122192014423,-153.7949370114967,123.70000046748412,-90.32788405826965,-29.932733653357776,-141.77272634449005,-123.33242902979642,-23.289169292940468,-435.44250574267096,-40.64510157105661,0
53.80431906291562,309.6916079259295,-67.07467634105696,99.14945655953451,40.4053193232454,-88.76431075475149,-142.07874876357826,-237.0686197949828,263.13282351686894,-11.761232511228638,-99.81798462846228,-212.5395776588501,33.947478977266165,172.4102136265888,82.97197941166007,15.783155709256572,556.7500992450725,185.6298663631743,41.198906740351376,-41.917575736664325,-324.99674029780573,635.5123702669572,-8.659186274091757,74.94403254136353,-390.0619752872791,-84.98622770675607,1
-59.402582587148686,-495.7813833779174,56.75030522449414,-44.51505410096126,-48.00552372484962,153.652091382962,-736.2704574839892,-99.12372906456388,1023.3998472163648,211.46002424110088,-76.74811990791149,-540.1705854254109,-21.64526084438321,-408.6211039668584,187.6062787589444,237.78927834878124,169.62769638430922,217.3841414498753,-504.23146295189366,-108.61950730193423,122.42700425659964,-638.2782677837706,-151.04226517466074,-99.91590411864384,237.21854568074207,-17.820901865809784,0
-15.883923730132048,718.2102015083409,100.787397446806,71.77578000649738,76.34337793282694,-778.6003693644745,106.43085910330166,-607.6975487387272,-520.4877206407682,100.54820103227055,163.3841759900097,-440.3430186916399,82.53896414628498,-236.8166376840529,396.34555542415376,-95.69933956225324,-328.65583202907675,-930.9648216258792,-78.50690018354635,-174.31884294672298,-388.938642483273,497.58829102511737,213.3484463437884,195.7185394132993,-709.5687294836697,-64.2186712223895,1
-199.1473001525008,-576.9559998936221,50.91344429076861,-287.6998169217859,-7.812505721852689,465.1955717775575,-296.72378872338123,-163.12472433302457,1421.2071938042072,62.385351660702895,362.5845091645899,94.41566625797464,137.32171577152644,-582.0375266825747,646.6933689677662,491.23034454743294,255.6147725947342,39.8442920202948,-149.9538872709569,-32.222628221160434,443.7572938168827,18.63499531158247,-222.6947649514507,-94.33576853481335,219.52803736312677,-46.762679418181975,0
67.35368239130763,127.3514544447444,-87.89418782065808,158.78560275545277,40.10878595664616,375.9150319442836,393.3011609122556,66.58866296340064,228.5418604733356,-239.8124138089552,-240.676222275116,-202.75667866586855,-61.58131927704577,611.7210554216151,296.4555456446017,459.2270417562408,111.73245600856508,171.64913265319746,-13.760493004545676,72.62487780597931,-19.02727400476635,288.69566052814,21.62014007348969,-35.30166143445562,566.721801899779,28.39344157695365,0
7.294090655627581,-132.2892811568649,129.80644197924502,179.7351645968302,-46.87645399122403,463.9797316553276,447.2246931653947,-210.01735373722528,1167.0811598732323,22.88295173355978,137.59652315945272,-39.15911396654423,-40.54846432483437,343.36537682180017,120.9225062574674,588.9622991250735,-163.86614595815115,-141.76465661214323,334.1880839329244,-131.6350861955385,282.21511087481935,-288.7287617586358,-73.90205210155302,-19.750176710992573,-724.1713587523371,-53.46471726566962,0
159.6651354943102,-139.41609257348384,-119.57943134433282,276.5882590485335,49.60247458343684,283.52064268257067,473.37704911276506,298.3072463496049,317.28053648722533,-40.39415433916084,-145.29964950589465,-142.58019310087616,-33.490255974983654,487.9971462068749,132.0137537014034,385.6053625545649,140.65860622315913,228.301624324714,95.54151613553296,74.83838286055447,286.1314949040243,386.919936425997,65.96857613873487,-164.44960545147205,116.58793043736368,45.15624864897549,0
39.46194234329874,-225.81964037127292,188.21896301921515,86.71498834358641,-40.05926077229739,384.2724929529515,-477.2858744482008,14.768042829326117,1562.0452014449909,-63.60644689654842,-148.83728250594262,402.162408499949,1.7670820594360397,317.738272209576,38.7117535982278,3.7745670481776017,161.2220932525709,221.03813504368395,-124.90001760847592,53.61438322518143,531.0462419609182,-272.23550373902054,-142.17271123731206,-110.63901659965052,118.80103100786944,46.792791398062604,1
103.63052463527129,311.98896908266374,-106.22409661621248,277.1382949872799,97.7410755052042,-86.00737363442754,-244.24286883822344,-316.55549514579025,-641.9984266527415,59.22232746324986,62.38898953830288,-311.3372113269596,126.67804915751609,-586.3480142142218,141.25279817749424,-16.103831647632603,199.9256077186296,-450.1891818257619,-421.3403199487442,-46.12115856625983,-357.37055877638664,530.4167931279266,207.6546897600483,250.27729216912223,-479.9491931089689,-70.77518055740937,1
-137.36827279085864,-196.61174358062505,123.59135572318236,-131.83654379413983,-6.989573094370218,-349.7462939459788,506.41062868261366,331.4464749551695,-169.5124618615707,-152.5140745685951,129.51867921431435,-49.37898223665764,-64.23757756432853,-312.7532638317689,36.72386099415253,39.279075022703374,-552.222955576423,-425.49537368892265,808.9001586607791,-72.62559557375342,140.63339070749362,-387.61158983584727,-168.9316390783826,38.5485007241457,-362.44902271513394,-3.097164371165768,0
-42.13951049522507,-177.59574615064545,98.60594735895398,-307.2030868848734,-7.856306458366187,-170.1632383461751,433.2645031175895,203.44411943920431,-193.74172449815777,227.0022500936943,184.479308062887,-57.820098755979394,46.70225171254103,187.0948140738577,-261.58895778225826,-215.6121417762785,16.411609206972887,-530.6485594718106,-84.03992501318275,-98.87112404124198,305.1162670403557,-556.6691412725773,170.46391522536274,-85.6774768750542,491.23416166390064,63.50599728211967,1
59.45733675526027,-128.0004232412873,144.85493941161445,162.63384301373824,-19.621879806029465,-74.7692748758951,-435.729133451353,59.96227592601652,1045.1786921544035,51.39775876369456,-27.44439455553809,371.6034362865043,30.37169913921135,351.89907079671394,170.81468013112237,188.24202371930096,164.85770179140252,473.8082752969191,-72.23166057374141,-48.77723476827782,135.16233295530785,-370.256476529736,-187.88427716477847,-114.7540756044786,506.292622986525,59.54864254516457,1
100.44389062895672,-220.7115547207257,177.5072174419484,-203.12945375987047,46.51366857656495,-302.14258215432847,538.3451643183148,671.5075825478962,354.9666350667167,33.69997445231727,215.51136176067035,165.52392606362338,133.81925839447092,455.4971786191013,-70.4742399840892,-710.6923373987206,-120.72207666820766,-555.059569102892,167.70672792733168,-37.04683326533153,390.1156104284678,-79.32175219017682,-34.71757036894029,17.649370113346315,379.055719542387,-14.762919127244576,1
98.16085931142084,-194.02157171237485,123.23932465750292,214.3114366226332,-18.85243335919642,718.8009931813783,-40.70372059224408,35.770475100132394,548.1612969056621,228.2650567956818,-177.35913659415053,-26.763368043450637,-51.43368910903419,103.01643627544549,-240.61391758080893,393.67971700799177,20.07693888354729,345.53363259017925,-127.10300634327652,-7.100339322389591,121.89683088020404,-83.73960341397768,35.87734998007205,-221.65435995090652,7.17613547684639,37.81214300531936,1
-19.15849772294645,-499.6382292444072,162.76776736511917,-461.1659853645143,-69.9523591091,491.5934137120144,-288.0130028600798,-350.8846202335991,1375.7101097447542,-15.147565063167796,307.6246698488408,-109.5993157538518,116.4060911620488,-149.86584357156536,286.3429430850673,126.59478536077724,313.0333763997857,149.95190899456688,-299.366898999588,-110.97808778800956,192.50424632843257,-589.9659786213444,-48.576520582333146,-193.64023054955032,399.4361332840812,-64.04811061287575,0
107.4179757977926,231.2515836233661,64.57714967321142,-103.93338454837352,36.5531509778402,-775.3099723162184,-22.889409400863165,304.0575007947469,-429.3184593824423,152.08977634632825,200.5445165771709,139.35837571444958,1.0722422697631218,347.8322032049263,-236.21287535538815,95.14776301300223,439.0537332231493,-20.089836635213278,216.833744774452,-121.46180851946546,234.19196817601664,-182.39702583115923,119.50090304328567,-176.01321417390955,282.4985304992168,55.13040224525907,1
175.3077334491606,-401.2222925636486,130.46054185987106,-584.7975842409717,16.596429219713357,-256.93432202910265,420.73128088385545,160.29037446573344,-543.1687839197921,348.24451548549735,93.17490959907803,-113.76187068373991,93.90421719657854,-78.39321828286936,-134.08252726487447,-466.2957940306704,-146.83351300353263,-424.3806083438554,-42.66073113416327,-76.198837752611,235.83142607392924,-736.7369879889197,141.075697751775,-119.68888975001944,130.63140123039955,75.31040593776662,1
-63.80626122100652,-602.6694132430478,-55.38216791811753,-37.58657361479847,-51.49892029789835,374.262098192102,511.126816330688,213.9097376652207,573.2777708019846,70.84208299977898,221.4987865154616,-188.1998489242081,-76.583355407573,-264.4108702006961,258.3311657087016,629.9960434507786,-4.416975086656199,-376.0441101147621,144.82401661576105,-39.12767259646627,209.8591291939243,-373.5001980109591,-71.76073589836732,55.693679277056816,-345.28782158534364,-36.00707210318433,0
183.9908999251268,79.54542059747531,-127.2922436573916,340.79871562113414,44.87254512611802,15.599053260150868,-661.1658310963426,-248.52370159665327,-504.3958225515795,174.23501617089667,278.29058165927245,-4.480902056485867,51.5616215635454,-374.88971186997424,12.683530559223115,283.6427302315264,224.84093030424847,229.6695769972981,-338.39847666946724,0.3123592237835382,-107.8723730008788,194.17796905097816,18.13301916218939,259.587849099006,-251.21499642181809,-5.79475061345713,1
-40.78743691601985,-85.5004214942195,70.17712169740298,-285.29225971758336,-67.00340950007806,536.6998152285236,169.47951753231808,284.5793100938101,556.0460784805566,-26.76353430506544,56.34870566102849,55.30430307973037,-174.02798123636202,-454.3090871501382,184.4933416083185,207.19122907663763,-308.6911710810501,207.1179650629761,42.90059378279728,73.87545922394229,471.7018159690999,-279.8873214470569,-119.079821531388,-78.03085195626215,-307.03944587478543,-20.835015531513346,0
19.58119039931413,298.3041915539125,-51.56574561850689,113.41656745373292,24.204204285094185,-256.7123985181749,-237.5584274596052,-292.70371267936,165.28014374472716,280.6079411715313,-9.209926614985651,-421.4888526671788,16.084381361408035,-262.2322366524967,278.8793658264529,-125.0331934900582,288.072428489942,-278.3211323672424,-123.50124739329044,22.650093811822927,301.06294588501123,386.3749643066236,118.20490811468328,118.33225799952,-467.6321883296271,-68.84572133029185,1
-104.93492523670842,-609.3395283064776,98.66897060876188,-83.9217041671999,-50.88522257673986,177.74827552273968,146.99294704940374,-43.455014254214944,890.4362286521311,-244.87838063410769,303.7472367625864,154.11814770810238,-80.46057087470993,-220.3696248113095,88.23454198334568,283.20894932927825,-153.48420527129815,-361.83223072122,171.83536604905305,-48.70519907833114,294.457040319022,-468.4031263880578,22.68303095910805,-99.22358383134896,-846.7089081928359,-42.7687094213263,0
5.65971063947736,-667.3887088430292,138.9099807772401,-236.16258849008727,23.958184510745145,-419.0240964698169,598.9575203716807,174.63348802296775,417.4086586151799,75.35917511344434,168.2629062138765,48.06817014343767,67.53631796860039,132.80887158458975,-212.93157764073229,-412.09929323851264,32.0047252674798,-580.3229655200179,223.5465201841537,-97.52387140268776,304.61143051400217,-210.8925201833166,114.32329613809932,-54.55749328287555,390.3414326068751,26.079507292453663,1
-202.29613247451857,-178.37095332946242,14.841942028031658,-177.46789978608058,-18.932958575433545,531.9578785742606,484.80995979414047,324.6592794061602,225.2187942047053,-294.8571315196881,320.80423111060145,126.18540516730675,-66.47285821857248,-564.697647649689,221.60259798930173,202.43266524665495,-391.1276736778289,-4.271105722470807,487.05702865519856,-110.81273501215378,6.964215666722867,-104.99774602924386,-12.428307014155148,-11.91930906677397,-197.05376698472676,-8.203967652534143,0
-117.92059583672496,-457.0363676837767,116.40414039333456,-337.05905036465543,-55.590766756466,502.1604841208417,-75.78143287778806,-521.4912992097047,1162.3727235889453,153.99327677017052,372.89742681072886,37.38821458703172,48.102443662301646,-303.5703561778437,223.5285352549763,303.8374758725498,178.56415916612423,109.46155393184212,-57.902114668868606,-66.69524657235895,99.3649482819946,-128.2994789113065,-134.06518944441905,-211.78423774187075,343.14189770992255,-23.284019672754003,0
10.3596213583888,-548.8565864872228,-118.56629136330308,336.79120733880944,60.89127519085445,545.2817009361952,458.11586844217584,-63.64454052959935,1010.4589536900808,-272.41586690221976,-278.32902926591936,-93.79656160168253,-53.11242006980957,733.9775339041971,461.6344837638536,206.7456524471704,84.8792659028574,125.55599836582658,262.94392023624084,122.44793787727232,366.8446827439375,432.89716526211294,109.74241295235782,-192.907927978982,311.9381092748734,-2.920584661819399,0
21.5394264894678,-628.4253050055993,20.138278717492213,-103.36487216935076,-27.80009599582364,942.5261124472976,176.85834982401522,-184.67280366270617,2088.8935699915323,46.81067449197317,80.26393929923697,-282.09996808990235,158.15130504167402,-375.03327929227726,689.4693153470171,236.9688084492515,1.234189324247538,197.47263175036457,-108.410174267948,-65.24022275772563,349.85219017561286,41.18205715399455,-226.96975985725228,-82.9166028303212,-118.13982918472864,-52.20261561832779,0
33.86142921689616,-481.1517950970156,17.664023154370412,280.17426634088594,-72.79213960201056,422.1896139563594,-194.559789557562,408.7293856451375,759.1649810891536,295.35440047328814,-311.7913739647751,309.29158716886707,-28.05359599345671,287.62851824475746,-513.883275259027,302.28868246541776,62.97794550021733,368.2926493771057,-208.939363437282,-127.11899665494938,283.27064628306795,-253.2651844378811,18.56233463682755,7.469248392429874,267.303625818792,61.85650397952308,1
4.583426628461663,-65.47505469584463,108.3403908532787,-256.537466967755,16.401605459532774,-911.9674375387942,337.508153510729,300.02792719795434,-102.16108843446813,87.10151992782737,133.62607232782588,92.65730437309,20.57910131510254,332.19242143869167,-235.106590340518,-262.4554036915377,253.44866074386937,-303.86258019871946,314.672666427966,-26.18581253036184,630.7569750871303,-374.9380048320471,107.91900596061934,65.9591691777042,-380.82633208178834,41.95638265672687,1
87.58645096121397,-356.6571645597798,141.60489670503546,-446.3874203952164,-46.14831626219983,520.463830590132,-487.6253205172395,-138.08848281673534,904.984140871862,192.0948212115441,321.28376197342834,-204.24351165522657,93.30282753455153,-374.48480723614,218.66395202568827,121.52182490229195,243.25401564200507,236.44146476521024,-145.13926200729978,-125.64399064275622,336.5188610509154,-422.5483871957551,-42.65827320359679,-260.65484963936666,367.4231635953571,-47.080615013589664,0
46.686801754193134,-512.5457427713135,22.434132850532507,-206.52974356991865,24.52595785704281,-297.9998752164187,-18.647554494033194,188.9953604302171,-237.36116564301324,15.654767668910358,71.2490114064529,405.933912333168,68.33258514251568,80.94056703807584,-188.5648830710901,-548.6487544693556,149.38259186853568,-512.1966797880484,336.1551143029982,-63.17727586358946,-305.77393447883185,354.0697192167827,107.43257720778524,97.33013564323414,21.446711074699856,14.21450714553814,1
-29.399595989879977,238.4400698135641,-57.13609395052796,96.82704732681827,-6.188952302313551,-327.1697740504991,-697.0182358671848,-108.04135509557078,-201.18848027384377,64.59309927606817,297.465735044682,-217.4484973587195,108.7350042811092,-34.04917460181297,173.578347671741,166.22027343967736,232.640595783328,-685.4174238227436,-91.76279080137256,-152.35952445022878,-495.6535948062275,127.53286399828684,-28.5368620162913,-57.59317389648984,-81.54219904922951,15.228228696942477,1
72.86440415633413,-25.164859688478177,84.50072864722634,189.25958342694489,-45.18571254305577,421.6066083891647,-306.3513510963548,187.02539958066475,716.1754257028047,224.39194405921637,-161.8331552178523,65.10317292617596,-58.01693830096069,166.1536784841584,-202.4637083298863,306.75224719366304,214.5697920382735,-67.41841746355135,-269.75889279565405,-15.561410811509164,314.3540480370727,-130.19538134405906,49.18138785243008,-44.75151561470174,-54.27781750574015,74.04095740374154,1
30.536046250975907,235.27299798472365,-110.90772335822427,309.3175122137738,-16.78902951087585,-633.7343859865807,-27.651275027289746,-82.68944688674092,65.63935004667735,36.86251088426675,289.7870715352135,-258.63173384249893,27.817665369941427,-393.16110053481816,147.9797675924281,9.573549567529437,83.3927060131087,-322.593231103785,6.207783913406543,-46.78227191204401,27.76244371230719,377.5813106198905,102.3833852906788,88.35180115956341,-231.1535034025562,-35.16842945777261,1
92.21552685690152,271.9115492594164,93.25256871296249,356.646150992201,-41.20516148620528,472.2164367541969,-241.21713271367716,337.58433643101085,162.83943999930548,102.90065415478496,-277.13078731977777,175.99481950988863,19.6656433158185,279.0785156772907,-484.2324226872342,527.5004344421916,-30.914452926526163,292.5503096830444,-488.7685609063447,-46.29952967987876,393.4949340579137,-483.8221787198092,90.83642954947376,-198.777268701552,99.04032130604097,19.775081962212745,1
-58.97323952277623,-176.32393446848357,32.95092437508836,-134.75094888129166,0.6846779299355266,194.50147648787623,354.9903835184157,150.09794239081842,78.68730232234513,-105.51215014951632,26.970904555565443,-159.51797555852178,-73.11081097779545,-275.54544566097536,77.68822791922942,231.4987352311697,-383.0342400492926,-9.160664177324492,571.8259134717475,-95.8110446955758,187.99650211184164,-91.85238459579472,-106.64957656770436,12.157523585575916,-158.7972345828093,-28.46054166216428,0
-26.86506455463737,-194.15017579390792,-13.84656339517889,13.380962907314476,-23.61001509489379,215.69910143884164,-26.694954719880588,526.517433974058,-360.72290398252176,12.336892734134048,-42.14799289112228,-482.0381571718308,-9.676019189371935,191.20663770430875,385.07667468829504,895.9852887626765,225.27521410829004,491.4416121088624,305.57563540149545,184.9375542034966,198.48789757809627,460.4052439134555,106.93598553300176,4.986371699335014,210.0007133313289,16.661835357336535,0
29.283630803133665,-148.7400086704717,-13.434209778558106,354.65096244155933,-49.550599025369735,210.95339194221907,3.406765570783328,443.341490088163,426.7044556350537,242.30230767226067,-336.5512570370456,291.32766518089954,-9.610061608215632,538.341855402051,-523.6304395790876,371.1722561616487,104.41664993722628,417.8030560016133,-439.26526580878914,-131.75273454065078,111.17250079312691,-256.71337153476225,46.43920462330325,-43.3772643868181,442.70271662615903,29.628637322996124,1
78.65838004686724,-563.2613525146795,-0.8384503075148864,34.192025058521345,11.061628676770404,420.03597991996014,-70.39595872444862,164.7002097840483,1819.0705069159897,-181.58800931236163,-111.89275936259337,318.05185443827105,-119.99361132971968,313.51526805246976,31.49592842065112,-323.2002620733841,630.5687501547768,215.7201111357628,60.63776550499573,-41.13013411464776,166.59920177128225,-202.75232604197157,-194.12056848507828,-63.77890423121681,450.5454593471813,4.968473620573716,1
-102.69071429391336,-181.02984583304587,152.80678798325152,-254.3994239277989,-14.412203883266717,254.7512829686617,-450.6715701173561,-335.55663271552044,195.1859293871607,-112.85041014704603,263.8654982284506,-362.4840010206963,117.13808435875276,15.18318504541003,326.52574699512047,206.17616611017172,77.96725048938283,167.48596669924632,-32.637098064964526,4.665733966662762,354.68216959695104,-890.7623154427014,-19.77792101764616,-165.73166302733088,590.168257009725,-37.41019576525029,0
158.8961511395226,-192.11995845247375,36.14475771860288,290.31339165063184,-56.6432036754955,-162.8502711404173,-322.5190667187787,114.8370538114445,243.30436512810468,373.3301330098697,-228.8539926248441,177.50036169512094,-45.11627392006099,265.042937422477,-358.6066794259335,393.46164570025513,252.3821611920976,466.4965375597744,-239.97188303266392,-127.62950435717804,86.30188957177408,-327.4013982929703,91.63730598825208,-98.46133710990664,699.7333917589976,22.77512268688083,1
-50.04444874658025,-411.6147342056772,81.87698589637917,-165.9295571350588,-30.017503786617706,508.198350852439,-425.63874006177855,-379.8054280777265,313.4919609859942,313.0104696914075,198.38951841179943,-190.56520539766944,73.4254079516132,-181.7143603259004,146.91877370939946,304.53015911274497,72.64871829897051,543.1910907414701,132.62543439404595,-11.104232927417046,539.5585713252008,-584.7021943956746,-77.01067403278735,-160.82716020136675,875.0212646508171,20.738267213063097,0
45.3629453515318,-269.0040686354169,177.2605319839859,-345.830995873078,48.52165543976027,176.92422546903197,592.6871542667168,314.57422434722065,322.2323892256726,32.54141342550657,202.15849399462292,172.07202143728674,66.04490292232398,195.18612933595745,-236.73276821235916,-426.7793758838376,411.94541963888287,-426.7636486457215,261.31326346547013,-46.73202561444195,358.7383776430743,-596.3426016233078,54.3177927548246,-96.17906943340196,159.710490640289,25.08172764442548,1
-93.38868378813235,-290.4699478194892,-21.87606606639494,-9.12682002328169,11.73918553945747,138.33225240215498,-334.9907248950106,39.71127131979291,469.7994213514112,434.0762305560352,40.3110028701421,-426.8228087634732,56.883791205974106,-385.1016728783506,215.2107418022809,-63.41483866549625,114.66251886799108,404.9148289926759,-457.87451531654114,-97.02643516841076,-37.24750374941325,-133.88718479611424,-107.44606411149292,-119.1012182044432,208.83014860519225,-42.98965610074196,0
69.14604822323741,167.2817008290163,-65.3560708548387,53.070544120891405,-36.16140680596109,57.47706990792638,159.06815315055076,23.49905613037459,133.84981154165752,26.29353714579602,169.8267264963228,-236.52043056580163,-30.05646609436205,-52.62880450644143,57.786249133411744,283.8683724253279,0.6678084455223079,-824.3051487121598,99.60688296751276,-60.51205060498934,-88.84034064530493,279.1067928966187,70.07562614139418,-100.09872518013093,-513.9744489381513,42.61342928930382,1
115.04893865949973,-137.21142468186687,-44.98919653075155,140.0567352040418,-23.985185507554696,262.65499853535266,-245.48357856158805,442.1363737500948,936.4378928086516,82.75096448169634,66.83902015559555,311.2539412924135,-60.27438444760882,248.9720493221185,0.8492572373034353,-2.832654455823058,370.0436477535715,536.2562258629778,-245.91104870406105,-61.66398126994408,371.5737901774557,-472.81252075171415,-98.62059132230156,-77.57909076748894,346.6449793086646,0.0285010566800583,1
15.311630241098076,-750.9587860487147,74.79335044783569,-271.8515387133776,-36.03716175025056,-143.43048670999983,197.1095429097705,310.0470109315265,737.164996102582,106.88094551739051,-53.9706331394634,-964.2291341684912,-60.63385699456276,74.23335631768315,273.07782901972973,553.2971824980685,57.48045852752274,-1087.242255637378,382.9534608628904,-74.74035914732578,288.0322073018166,-482.07888601939766,-245.52403443535496,-70.2078016287658,-92.36368203942187,-14.522416627816146,0
173.6203727290566,-349.95740834005403,113.31524318502956,-100.2815238981551,62.6224610768681,-435.1119595570094,154.47413128423017,557.6371910232411,31.125034796034072,91.83423253380208,147.19436918484837,91.71236474330227,81.81536611297487,168.87725181558565,-93.67811276918762,-220.4133771779848,466.2845242291901,-355.5526098954955,340.5651388365316,-142.85917199200568,-20.855455187284598,-315.2440067151432,60.25106047223488,-80.48645090950959,-57.67861206007977,18.681246952076645,1
25.51429007338821,-38.47951678225294,75.09591704866187,-70.08456719950892,-64.70232673862638,95.7705700319072,-297.48037656847805,156.6726188672058,772.1936397096842,-37.46385019909682,-159.4660828461087,448.9730529107268,13.479251565528592,173.31493212463067,-325.8293126202956,176.3510823845693,348.9901304623488,140.85665254772982,-250.71558333738184,-57.31045885543313,325.1016137413796,-490.6233959623679,-105.22671041186602,-135.156080386322,501.10001585453057,-9.638027923030917,1
-38.741543264269,-552.3707010658335,121.20767252174748,-320.4261843316502,-35.90470198265316,269.296896183773,-893.4624807920827,181.94734833729024,265.3149412964325,391.9262608157222,-82.14193488851345,-398.2651308720213,-52.49901822266276,-168.3326320280081,114.0605563279984,-120.45145286143988,17.605167670269147,1160.0296946357066,-236.3668740698204,-32.90977948538771,144.6357333782608,-830.1896190339526,-176.25625337789276,-108.08044787739549,260.318207042744,8.7423202061601,0
-234.8390031181528,-66.69734531033916,64.79853857275421,-259.04601851952174,-24.649320017096255,389.0789802192663,-286.28186228999425,128.02405924174826,-98.6799096520132,159.7658058356522,192.193523268486,86.69203339528525,97.62449139666722,-127.91173132512871,359.48318887634446,372.2086287087113,151.3198777446629,401.8712559435787,-226.387221701248,-43.12611213701391,-31.57886390764176,-793.8937578243815,-67.00422890850786,-57.68079247974664,10.336238631928444,-10.970901977203024,0
100.7692014559035,-378.5203330918079,4.1012677486489935,29.64468610858777,24.70260637995676,503.9032575955971,278.2491372343931,213.55241809631283,273.89948695876245,-172.83662040569465,3.066135153175957,-124.31665773855704,-48.00776073018121,296.0641999627196,353.065013335018,401.58180640199527,412.9054677889232,607.7116868395964,567.544641770484,195.72364383515225,116.71246499722784,548.2705394643095,157.5957079009226,-108.48058208930098,-126.08556133748996,30.627535788214978,0
-57.01186082749976,-419.5038113201953,60.173701520778025,-100.91599618008304,-37.01735878906409,577.924802905599,-64.55933352106192,477.2509545479125,785.0500907926295,-122.5116919516064,152.60588646805664,-157.97421261363533,-27.91184498084247,-447.7178447020142,344.1372021595478,155.480965070074,-63.57245552581352,42.36753624155799,-103.99094665684264,-13.173130182623716,164.43270406843018,-277.0883860925327,28.580713141676974,-262.33767296895473,-135.44458732005728,-31.876250711199667,0
-24.621653548739552,190.29887727194352,28.46976098426312,-8.01937507878041,5.137009851224299,-314.648079498278,-434.6967018811538,-331.0287850934229,74.46279744795625,-2.812273440081882,138.50158940337514,-673.6620694057273,-25.01970730130492,-310.0623058902353,230.83087258411604,636.580349704159,395.468483942674,-259.2176756388975,-72.58425183023574,-87.97523158069603,68.21133576570702,-454.9018523321478,-87.6981790089961,-105.37220330057264,776.0134057999369,-3.5054696171876376,0
-263.07499263850553,36.277716118492044,70.25700293820796,-207.1224287659068,-28.528501154183424,584.2415096773178,121.65820539735056,-468.2039732230783,474.8404740460575,55.14109600128239,92.66442102847223,-173.25951048040952,44.09273876666019,39.88794758235855,-209.06140834295744,90.26572397902451,86.25432801226137,191.8702006103052,-506.8465850218256,-138.58132438700557,58.0708213415564,-532.4967096961196,91.08830633464734,-8.698865313716855,222.5493580131576,-11.022308649166956,0
221.80798068856507,-76.46288636527495,-91.083218499816,225.68821692653893,62.1525633760325,-200.97683301526055,-991.6606160105224,-100.62902983147686,-980.7629089093105,317.3168891900426,461.7999796402957,-132.15014098718484,40.89569370491178,172.0370944498518,-38.656642629461125,456.0258269140026,294.2636662698453,137.20719775888494,-558.6432593511757,-107.15341413124388,-732.1407360452916,594.3252415088681,28.81494809969508,251.8232492127555,361.1797180309688,-35.87192383957763,1
34.45180098204436,-520.0113256815782,78.79059187504413,100.00344203491566,-52.09447203269248,353.3931015705322,-339.4102770562411,304.17251280982646,300.26425505844145,123.74700543297652,27.703251302760737,-73.02657578567944,-54.369897325222645,175.8052550194778,-289.33685508255394,405.3095066845746,86.54764113868183,160.53899472437473,-535.530596246502,71.78613875069159,89.16754740702584,-328.0010080072275,-21.46131653431844,-25.55253187922581,343.1835651904498,43.76906098370681,1
96.59903543026256,276.2430265583475,44.22125195785345,-67.70985557025145,15.654914598133416,-125.45693303367612,194.17713979809608,100.65638857612238,-181.42015247071103,12.93578946235025,359.7574719930374,160.1892203025018,83.9486478050819,493.6919185338742,-76.34044861330264,-42.61699482528724,145.55582813761671,-453.25564625598304,190.50810135185452,-72.44234634974532,-37.0560013208402,144.67135444307144,23.359738594481914,-80.24634104406961,555.8951228560816,12.475038141067117,1
85.90976454628478,-129.08308440177518,-217.6400232257058,338.97257585964485,12.63273738249415,-230.62790781633615,-587.6574270031073,-173.24559909481684,-105.76431890861376,296.66611301152363,45.29670229305597,-450.1394241820127,22.925930008568585,-201.20639768304483,-46.47671045672508,154.0066846472926,245.75221784861904,-38.97479980262544,-538.1337664479604,-19.72016288873184,-16.020684739744297,91.10250393102736,-22.87632694957785,-99.89752348403488,-74.66056435417637,-33.689186725494885,1
280.12745158733065,-47.85590825093532,51.33930841391511,-246.21581604239407,-20.88563633084671,-875.553564753799,-342.50039349398367,867.4910836469937,-493.2713018142656,382.72003605179697,161.5353039687617,357.3364516857919,111.635120972778,194.52999166002837,55.5126260267602,-590.8372913648321,120.5818025301102,-276.25488069059,394.9998342501325,-101.0091025570984,174.81382312334918,-307.88467384028206,-20.89820536236504,172.06463293580836,-124.53952919702547,68.05447607951061,1
180.48575340591577,-59.2744267668774,-92.67522549003104,-3.593102693822159,5.517019465936599,-6.963301445489876,291.077983008875,541.3377230102702,-196.7863909364116,0.8859448936424106,-117.35489871927037,-491.79300297988107,-110.97112996672008,80.62331180703111,-51.81043267061312,565.2642044808218,109.74751661505915,669.7829881676391,161.8027765006385,58.33781320342187,144.78552951666217,419.0154027351816,-52.439158059283,-8.02922392099423,372.8441154169097,46.80230791650867,0
-181.5859827915334,-73.85223472668874,156.1141293926508,-6.347896561438016,-63.26152446716237,237.9319110257328,-384.8004989669766,-309.74680349505456,1563.7637372113077,38.57879821020909,96.61976211506456,-231.43409446394492,36.87690160804772,155.69418628372313,325.16904163412863,47.73585029472504,558.989054996294,-715.4691526695889,-197.7955766257432,-24.5725413521752,388.1554418033204,-547.575381430456,-38.24839014308596,-156.11218184192026,592.2379219521088,-50.7104638331238,0
196.37981835656277,-99.8336359448226,106.48304801302024,78.82993291666753,92.32302745846258,-1020.4225603334708,329.17141081120616,288.8224764055381,-263.06446561415675,11.642180554974306,178.54592369757034,231.0422860709502,39.48573574857472,443.8297039500295,-124.25593106621126,329.7218569248213,420.7670414586889,167.62151224533886,616.6792414032418,-105.77387871269543,277.11236942365684,-54.21508359460904,50.841296614795375,-243.9974922866448,315.24287584513297,1.9668791953222076,1
99.11647294075613,403.45422920290486,-80.20754764349289,38.7219531159408,14.726341214829972,-371.2859393112718,-267.86116948549306,17.96437005436062,-559.3704493388129,310.6972872574073,322.6631862170097,-467.034321243589,43.91048532787853,-141.21018496834589,351.1018024447896,136.64419954521685,91.5177335807143,-479.1931034768238,-355.4126905317343,-36.89183096333864,-309.0883330044026,589.6569132181875,115.7289567618609,146.64849250093255,-198.86676921122915,-14.214677990070172,1
105.3985066982708,-155.80552392869544,17.64455287822748,91.59788697859456,28.90876943510178,177.60478872065664,-122.6157885130702,123.62577805837152,977.0959312776116,-119.44938110662764,13.11307786391895,16.273837305534474,-24.79403783328694,-112.29631452727548,582.5678367522515,230.93992045128084,226.05342807059017,241.59203097054336,435.3533369839452,-10.646949922933544,496.0460343624504,356.9199364333069,104.30204551535904,-117.6394062001628,300.2566103520272,48.746095608602815,0
51.958433155973296,-256.94069295744447,-58.415043428727465,121.25504663314244,36.27940116326079,301.31057885071266,531.5447743654315,154.53157491921854,1227.663575621798,-126.7555927722222,156.31702212488332,-199.9989176345298,-53.5667882191848,7.941829758884916,192.05041945872156,7.193222334951064,174.82229502255117,450.5256015628097,170.40816141455292,-83.33330554276912,74.58374145614984,605.221391994712,47.49337063821512,-5.517216234470677,-218.44908305849293,46.71791012008797,0
145.78980734022022,-73.74038101176606,70.18697162359243,25.47830530676731,68.20527215462944,-168.79731821402262,490.32446880705095,140.19846254917127,-640.6978741746169,29.297359072449364,280.8268116613722,211.3749002367076,48.03422747250411,122.49605033154482,-40.934335220194505,229.57573101467912,319.11736615824435,-67.30437128106504,453.39979366882665,-41.1683033881601,36.02455304504483,-605.0485885280652,148.56822445072245,-327.0568219999085,201.77440265325689,41.73221892820368,1
249.413266250614,-161.25832960908295,2.2390122043817677,131.01931904766028,-0.7835927165561252,719.136118579969,-22.04901582044381,131.39902370219482,1100.9789415861917,152.37698403883567,-254.42259138367632,169.55532993510676,-89.71673112694396,677.4981888622326,-214.41692957647157,259.41840566499536,197.948668461491,176.71213912517624,-354.99221374446347,-106.45157859451731,166.18299126967912,-256.14150544502417,-151.88708300319072,-176.74013598500684,-171.1625100454104,-21.329648107448318,1
105.03519888574256,-195.7232562514993,90.77689137601628,-31.087994508494376,53.77107615909342,-55.68072199195888,299.6188830065863,541.5456044526429,231.4468413274071,39.61962526142078,171.76946053653234,351.4162072652081,55.8624799264549,506.9198401787216,-41.26691367706895,-449.4332515349002,238.35909336233428,-397.0985313377564,343.2084766119333,-46.55062283369404,271.5689133430046,-213.43819881674676,49.7451699518994,-86.60818350102514,224.8447275607361,17.307649737805143,1
160.95315967680335,-285.96718475795245,95.2584186296126,-223.09387738611747,25.48633984061908,-260.65457122798347,227.92993085768543,552.1599277120785,75.9946381801196,216.9607243013681,222.9136816077386,285.9503825379864,57.36437785174464,104.20091043221186,-20.926613064340167,-322.96056319964856,199.9777252638291,-397.2802087531578,275.9365876675569,-61.45204491834332,496.6286685145928,-267.45436684448805,96.889681585177,-46.88931288497026,85.43020667439204,19.70470810114628,1
-48.60893485517296,-820.8760297961248,-10.693926610943736,-99.82583550220856,-62.91496697879314,-45.922229329172566,549.8584790086442,-10.46577926763205,533.2772508944114,87.01989572172408,-35.50256357573481,139.6741590325849,-99.50533950161211,38.68808893579797,82.12846548243331,710.1652674163482,-142.176178268822,-444.743564305033,115.59192470216156,81.61138272068047,549.1501852782748,-207.53278876290503,-30.132253677287345,1.7503462709167912,-468.68510780479625,-32.55130354356724,0
47.28898330082828,-288.53358900792614,-12.826289952593076,-140.61822135922014,2.865766482675305,-46.03215435956925,9.066427665674308,-17.975040570601827,-436.1020187665026,297.24196576635825,138.1156972344533,526.4106957788745,18.252073983056217,-144.7656595714318,-61.69937749907249,-219.1826413118153,-43.53561739856955,-95.3920748209397,-178.90563494054905,-7.892933820594052,156.83914240654016,-203.37469167112923,198.9147665241925,-115.72396806153996,246.82039197921705,20.240713584495467,1
97.20566777897837,-231.44601509355704,151.09373483992772,42.73326226951251,-77.29151968121172,225.65426432758227,-590.4283650642124,131.68610400778726,116.1035014592752,241.64378823997848,82.60976514180221,194.66328509686767,-44.62834055869556,139.4049770884078,-191.59774613058443,321.1580550427199,125.79082592908124,668.362647906032,-194.7028486641828,35.029722366816884,180.46525805744773,-565.6414787055706,-8.120827809318488,-153.97625731667293,318.5918164351054,-27.973865585766973,1
-241.9977546199702,-337.0482374529457,28.263308517082592,-233.24293438142524,-33.33715201732025,224.34508613328265,-654.4065981999358,-284.6873988580437,216.7592719155685,237.6829823013024,297.5848896701469,-129.25882860410553,6.610795937524098,-268.5891261544334,115.94198290028685,206.65518542685464,307.9989336279566,-109.00197234292776,-94.509398181991,-53.346352578468114,447.1203312240642,-780.6889313625055,-63.83261105892644,-34.88542860899569,482.930733472154,-23.28375213411812,0
-10.194153226257448,-397.06708416686376,98.05084302913066,-296.4169897592487,-74.71771552592844,35.35131850542933,-492.14234015787366,-171.30474335700134,265.0848065825921,199.01297874137992,143.68313053619667,-155.71686956771148,13.776916842292264,-289.43659814487575,145.9134297465535,610.7062038170484,-28.878750549369556,949.451308081385,-193.9464077286158,2.179060605507015,238.54392255895695,-370.2824011270972,-117.29409740464877,-82.43754373803151,236.1096541393216,-6.844580232394516,0
168.43027756197696,147.7756402171646,-7.812548593050872,-92.5439191734118,31.130191954067246,183.1366237422245,512.497727166917,44.185134209179445,216.2880895955893,-363.3800757618407,-116.76713063540956,-2.1697020828949087,-29.781816970068,409.01306666635446,128.7222371109309,341.7666685781001,337.2328320297321,462.7280840025383,295.2389292899074,74.68653854512515,99.67723116983582,501.9540441154528,162.0746021745222,-46.89949772908761,127.30898080955434,17.87446627468272,0
121.42653029608236,-236.10239784758187,-61.29452678008697,111.56580932720703,60.11478038633026,408.6872941713598,-93.70322573598465,663.7445463158472,362.10470646863007,-232.5527721325413,-62.59440294704868,-188.36300985306988,-27.926485891745816,89.73542089925806,148.6349241888365,114.76183983781652,473.2351760539233,-25.35203745745737,262.1374399163033,109.8887705527522,197.91152660093445,648.3996948218163,49.34677732688706,-92.40225352667464,240.7434951448323,20.237207516958755,0
-53.15486779756251,-364.77968254773646,101.84177893136774,-239.3815585675286,-40.05006134441455,661.9575337121695,-187.33364593516413,-31.589751592461603,1367.16770902407,15.391628636705748,419.3918257801764,-105.90694932914418,153.83817745588283,-580.5463036511712,417.5109102214943,430.598111055461,202.1460439840589,224.9747964846757,-176.40969387952606,-71.45115553825536,318.81037760752264,-89.10171832589707,-107.88444896186468,-181.23886463968955,77.88659741414874,-3.8621639210850742,0
-220.52846061526324,385.9807413567671,85.92435405319408,-36.895020996049645,-10.487919423346597,520.8206223809179,881.0257731392082,613.6406178369276,-362.3359571252547,-90.90075690937203,194.05774403677464,-247.81212857845392,-43.927715304053656,-107.85750663229852,252.8728207641145,403.348833740947,-411.0904070814523,-104.27103576702294,568.2813331502088,-76.3715037832264,-92.11014638143136,-635.6163957265105,-125.64582512632124,-11.298200514762,199.14460477623916,51.4670021292835,0
98.53009851053577,194.38422699684943,-118.81124600571012,-133.19394188399082,24.37826252312326,104.8891925399152,-330.684227735773,-115.0392635180774,-112.81345756311488,155.41624405763366,191.38533677744687,-203.5190864031024,30.222147842030317,397.8802776856199,222.41206976975047,-136.09615058212594,512.6047738805023,134.91360739216208,-334.21280267347026,-41.33237830687145,-324.7798825791003,423.15420729335386,121.06033320150097,-54.8792863720481,-113.1415663369788,-99.15765752648396,1
0.3476736739458808,-240.00929290019064,0.3410002541263512,-31.834321556457446,44.6390297344862,-312.7412692095873,173.4098156339581,106.45819579395196,-347.56804009677666,228.93679974066703,-21.54306074657002,490.0157240588464,-59.270932748293085,541.4059781654479,-563.7519789404595,-226.5956569014142,258.20073173958,181.63457967064727,103.37245261856432,-62.58926089116953,354.7044035737542,-52.07109648500017,187.94535809869976,-169.28135181475426,607.4242009252597,22.00644516627634,1
136.89108337383803,-404.6281785275713,122.89466491459405,-266.8504768011096,3.795759242993375,-500.4042308934698,476.953154257415,419.4173602401578,556.2619023955315,195.5267614176138,289.69722194795986,421.922083227929,37.12010099208377,255.1704367191529,-254.99087500294516,-261.5373399514717,133.06716820197815,-244.89317034712676,23.700841859098432,-138.8883808038821,480.05311684614986,-498.1296851277294,-10.576696480193526,-61.436992530638186,149.46419891106277,46.64757875972976,1
115.49508810138668,-823.4921666627703,-12.194002479526851,286.5530812362463,8.163446344834963,496.9901656689895,-93.10536680550108,571.748171988053,2279.7875170902976,-123.8433593806032,-49.06045440562399,-165.36681871421789,-174.74781007076135,-277.07278597444,-104.55907991949688,486.6232167806517,309.5854768028473,22.438862323955547,-559.7146328525251,-130.34758718999268,519.3145125134516,-11.132114484140663,-222.02731653172907,-100.04887832628656,357.7137385010935,0.5686250385308607,1
58.0382952813746,88.71586940028526,-45.28222982303681,135.09552065418845,-10.54121594615765,579.7771939032698,-212.78976354531744,393.0878456178252,1359.9557792452472,35.263431925126504,-32.53503521072207,388.9043736541616,-7.964353331423355,465.5834049595327,25.8872806679998,412.9892029491997,-50.44586299504002,1001.7666249564744,-708.2418167397535,-154.54496691243372,456.409940985705,-188.3426592518936,-176.4301213413972,-186.7041695172448,-95.054393608347,15.921789769769886,1
291.7651919265264,-197.94017478299745,-134.31146054180627,292.82386265169106,70.68461014949379,-321.5741056883523,-624.5486275665935,-375.16093421966536,-692.737280070849,117.63676184067248,229.2067119925068,-450.65502661541007,32.086875859867746,-413.8022724100383,-66.79693789617288,646.3582909430223,89.28432307520308,-205.4727830442959,-783.3097134896956,-2.775450228592371,30.01150136692872,-75.7548516570178,41.02661020775889,180.38796696865697,-404.6464780029715,-29.16920351995273,1
-160.5094975355035,-250.66902796874967,112.76647532141696,-142.2242219680997,-52.33756008741592,588.519400430291,-232.87112695817385,-195.67148086983576,1278.6680826028094,-1.4418680066097926,177.06306656551328,-193.7991099839785,165.05886432257518,-351.23835041071544,258.14367022422573,-44.33679175856097,184.9514270169524,225.84960288135244,-365.122648633258,-30.693999956296977,182.13128153904276,-546.8021713182816,-139.17323245678685,-219.0646796621245,243.08904707150336,-66.17029549336144,0
-76.57863445054053,-215.58188409421265,99.5056307962243,-288.763065552797,-8.469124254056148,-120.33326700245692,231.20938379648345,-150.0435257101067,147.98736200668802,231.9478537374901,-13.106789086055104,197.83790610861507,17.09369179513286,-43.85696573889963,-338.36005212601594,-525.3500106006953,320.4827600387796,-2.302092768424771,-148.21978239222506,8.38054773302356,322.1255601097984,-653.8642883908722,99.96706746022868,-116.81679404852304,416.96556146124834,31.8968991843311,1
197.6664299845582,-245.7980556433542,19.487784944931363,145.54300961613478,-9.554827434448049,77.44391426788104,-112.87017488022911,383.0742488487979,1076.2710752198404,-14.55611548747606,-52.67539483556077,-185.24227785973423,-76.94520269504059,-206.0481905434218,-20.650437157587024,-4.626823730726189,358.0120836047959,787.0973120349976,413.8691493648589,-37.36913747033845,523.6202270680624,249.59146452720125,7.963850945401562,-79.18648732058317,103.43495719648308,4.702717156876209,0
-48.62015872436774,-20.03103593480937,21.338507201243885,-75.56748603577408,16.000997619080437,864.9183477633956,122.16238853113757,177.3610915116944,-554.2560422191506,-261.89177380674795,131.00365895886472,132.0466623344857,-38.876229408324185,80.32774032166986,-23.41220698378088,-237.40133959439208,182.7530203408751,463.544801263976,592.2485907155096,101.97047340615153,158.27450744141822,-97.04318631673776,317.4724843878207,27.63770082315922,456.3841425150173,20.417944719858884,0
-31.30906115104151,-237.28109955759425,96.48228338037626,-29.954638096270397,1.404333614361275,354.9560994663356,-58.43302207079489,273.3406572921696,355.1663784968989,-101.314540378573,141.11193771575316,-116.77361915702303,-83.90066637638347,-175.35288283765192,-35.27591354752731,454.3106439968498,-300.74127336274563,-331.1062313489205,283.3591078953379,-152.1440188651132,400.238434102361,51.17653386714187,69.28073056063066,-39.57094594836083,-623.8341875062879,-48.83265070719607,0
92.25378728704894,-686.3400419665879,-118.98570364089112,201.84311541106263,-35.956330703262914,488.94303712325865,-305.17850294341537,836.410188813728,944.3152517885056,295.3399604034066,-12.41571379656443,170.3246666435788,-125.2705429884092,158.69079228962494,-56.46057490348907,491.5684814517475,70.10502343299545,465.0505695585709,-640.6848904836334,-125.8529696551162,334.20263725334826,-320.76213462634587,-114.12312636412668,59.451257033970016,261.5601467211852,55.88892817740736,1
-146.2823578269991,-118.45179380966252,53.426231062859095,-154.85587477853818,-22.263230396276803,195.623436630897,353.7445985139234,323.78391656976294,279.64850201062563,-303.2910766371488,202.08543143744689,-332.12876723186724,-40.81381485112433,-148.28925508393937,157.0668504460708,157.8880080370989,-471.2048137944466,-725.6100814486509,526.8050328899809,-37.70335345340708,306.9580292621728,-418.60393732394107,-207.2298530961469,-83.4591827006354,-295.8618623042264,-5.792624155946638,0
38.77652875114524,-947.4919274848316,-84.34609232165297,299.06704326570355,-27.638647611309292,257.15650233028555,-440.9734274013879,736.5754208491896,396.803088533144,291.2144056747453,-128.13069447595043,-84.73686120193118,-116.9538108900602,-138.02212152046545,-99.16166580867682,145.07960773187318,537.1619111036741,701.4012448070056,111.17188938712724,-61.27601570826752,94.19866930370182,-681.5362450709839,-8.917126328481228,-146.19382514181447,379.98604882186265,-32.96458227745944,1
-25.45341367266773,-379.8220086238793,21.388271780877865,1.6888105621449157,59.89103192963384,-230.13590425259525,-36.54923302427533,-222.28249650350597,-399.9382584698572,240.9624893420847,-9.11055015112329,276.643408074527,25.15449751234132,80.33535165367752,-288.6331023256485,-410.2246233445353,444.5156545304444,247.40805549717152,218.53115752176527,14.94360116811265,31.097386438357027,-119.79897710946754,145.62862757331243,-197.8563791176072,892.5534509480659,8.307826320847088,1
30.00385800691653,-375.3771854571614,39.808834151459216,-69.74679990234415,14.612053082893215,-234.54239210416145,131.6808708164884,22.730118002902064,659.8294134261726,116.14910793115467,179.55623960380444,196.08849013548067,22.439298170603475,49.82218428920836,-214.6871931543217,-194.9395547226109,325.5406784863781,-545.7803038130082,197.14102381385484,-156.0017916379736,230.2127272389837,-127.79943289930787,1.16581575346979,-227.0464726989195,634.0052357739703,21.06664544712013,1
20.584090911046907,-828.2560310263864,-62.97774041056825,-149.04424973250144,-23.009855016803385,426.73822550801975,150.0157350298381,233.3470741044832,181.04649960001083,230.37485829406808,49.3267099971416,35.757677083687014,-32.39615674701554,-372.38924820588727,135.54911134443418,796.7779297431701,47.37173423872128,-263.1165102471808,-0.7086748222259014,-103.9525103569473,158.33691661743674,275.32686307852344,117.03968410807155,61.07104584774952,-280.2341080565624,-100.26868793573094,0
-9.711276691210005,-156.14377863514446,-0.0225086147800102,-31.30114536958819,10.65392268226432,7.2748859514629345,-46.37772066003247,-66.65052053805007,357.454537566512,225.9852487992916,-200.54908842156817,-734.2784543931891,20.114228411087637,-72.40786394698173,-150.6160622862663,218.66732790344832,44.965734415247056,888.380376736613,-626.7216910989339,-144.43305512977216,-22.75894808383837,-254.17665057906297,-54.28907264744854,-53.50343224838431,440.837035405894,-17.318123987369713,0
-156.3033047327821,128.0131691280125,84.15451390619474,-324.7175115883683,-1.2848497791734248,-235.25013024088972,532.7895289347617,-286.35820622520026,-701.9519293712045,176.6139283184255,406.06522252708,113.93114922736848,-1.7746964898525444,45.39104564003705,-377.5428971218228,154.2351874069683,-65.48060311855255,-632.6695423641814,-250.60727813140707,-4.499365235095727,122.85370941337548,-880.5282512263741,-29.505544324837928,-185.178591614875,-18.011424154657043,62.58613407826815,1
120.70594598615828,-244.4915581745813,122.4823011703554,-59.05853012856184,-8.875778186787603,233.0383485328564,-558.5133924636851,48.9763147965425,569.1089280415879,180.42159079527147,-322.7803057326172,242.32816997875625,-44.040945050563714,107.3587952474338,-306.3386420242217,57.95615994524188,145.94520905731503,460.8737415521604,-222.15964596769444,-68.77031085007799,141.54756019059522,-30.055141824635573,-54.00884900625975,-153.281194173462,169.06033471650318,-8.4759964878984,1
27.801225209597977,666.1680925558754,-18.23703325187653,-148.80947245404056,-4.361068688089458,-512.5470945705936,-118.18190671459706,-195.56587819204776,-489.0266738200624,38.93593576390988,248.08137185187255,255.60604543259717,34.41009773930462,-195.96319832683,343.1640820979489,-364.1033097264527,205.20815626115805,-399.4693586032886,36.57430170245059,-76.50948357950016,-438.55847241939153,618.2218638714817,239.8100299192135,169.35719945794062,3.8278462380311513,-84.42070445004309,1
18.27995790714544,-149.84688021801833,-76.53077585315484,-137.87621409290682,8.073527226722629,103.38041649148389,482.3490749661511,159.46354931364877,46.8704270451416,-141.68697679458506,-164.86805196420488,-100.9955523043138,-38.33395876496366,431.58039231851126,222.667792277701,36.06027424245122,272.29420878611967,247.11989589835255,352.40016873443864,90.41293119385838,285.28062612319235,201.98117317695147,218.88726774672267,-65.10679044766314,453.5708107093676,26.84886243991291,0
145.53501757901415,-98.39892086808604,73.63090180563387,-402.4239403149545,26.52329116505445,-435.4689740943137,47.23864479359877,193.56802029546984,-194.29638902802412,109.478256836249,-51.726693509914575,333.46392664760344,36.57062760507509,239.44710331305563,-311.9671571542817,-527.5024005596081,268.4856296159382,-165.1239020138036,182.4217089512239,-24.00197420001852,387.5495180279788,-214.8173267499849,89.38035872024128,-87.96490266885723,22.237866461246664,48.51563422094823,1
205.413472263758,-157.69842280723483,-45.66749198941855,-140.13479975431753,12.48211071132294,59.29405381312387,160.39281671453284,178.03174217111143,286.0843797057586,-72.45912466005058,-47.12782311859347,-166.12865271287572,-121.9633172381811,-109.47079353824284,392.7345459342693,153.52171385256867,370.0863133376443,423.56624230584526,537.8047626665754,48.51545622894353,232.8139013160072,143.63570707786607,83.78520527911199,-81.00974143868436,372.3515878512104,59.59744824507459,0
128.47082385507198,-20.83466857439057,57.75657015188262,-8.008938006429812,39.20848208456383,-123.99560991458829,638.9875525592204,413.4740281429307,-29.05436486485325,-36.94828711546295,201.0070862965524,80.48535026566243,67.636482862825,456.6892168041907,-170.18210073628617,3.41223034800382,220.78195894017335,-414.2091802066148,384.94821836274673,-39.966075342256666,484.5072168853504,-254.8653773136808,92.66754208730558,-111.09763961751835,332.9817785825792,-7.589117407800794,1
95.32230519707588,-263.2873204831509,75.88895946035348,235.87775141625883,-50.71528224356587,69.27921888200868,-280.1102385731419,183.99679838567056,-148.00714173200012,455.2502969556901,-199.1900619346016,61.3497835035618,-54.104641719390266,138.83652174698472,-136.41936199952335,425.5134508657764,-31.93352559692845,545.3243327402731,-47.92790659670947,-6.474747321508039,104.01637642748877,-376.907304758691,46.91426522848444,-40.699971611234446,408.22655718667664,65.89927995527003,1
214.0146069725897,-358.22343427641505,134.67278954727905,-192.3373822617981,73.21405088937716,-585.8863907768655,389.3278222801932,144.51370606617994,26.56899742010588,161.74609747048663,411.7967845753018,1.7667938285678866,92.7859652671954,272.14368935992866,5.965203830111973,-363.2731844557997,81.02055833939693,-213.22109787230096,348.2722354803822,-97.81611524470082,142.920269728076,26.49958406440701,43.06815257495511,-148.45168272504992,566.4198842949255,23.94377326742529,1
179.3821850475636,-424.3015757457746,-77.39502844923828,193.2694383488576,16.05625043693284,309.7878458329988,54.66596824400514,56.71535284291465,691.14500116068,-276.51111754980764,-233.35017327705097,-323.7146416159453,-40.87370181415425,55.48767906614245,75.66020007411373,521.5130339947073,-22.19335436931818,172.32000520159818,9.11055750181096,-36.78433666158505,211.68369828246284,187.82899316828988,36.21715847815329,-74.52178796210077,12.196761776227376,18.059781782729907,0
38.65914000062095,-694.4241654525575,114.77791979352656,-137.0465398457552,27.70895062304644,-181.43774875652971,271.5975100454261,94.48370865462078,129.64177655963664,224.193119413008,11.152116690407626,152.76789058938346,100.49529263773414,72.16706189858193,34.079113986357164,-287.83245263840524,30.44787428728516,-437.2595025107757,-36.48543910790647,-52.2141344941975,-132.14127554743172,-242.73867540616035,48.90542416653116,-34.71728071725229,578.4141112369335,4.308946397230021,1
162.85113373424784,-411.2108026302323,87.91725116629604,-24.910389170052195,19.70491590903886,-767.2887504621447,-153.29538431632102,287.2699816041418,-133.2320705687647,104.80366045385252,130.11011054208228,713.875711912516,96.20986749387625,-123.25485416194496,81.22918135835229,-150.4116886661915,271.0107267204993,-281.7803498086471,607.8346139904615,-63.89554068809482,108.1693564356688,-160.30809015390153,88.0861482111332,-54.84823315590817,-274.91966590310994,37.88487809701664,1
-29.078288006589997,132.5589192282566,63.779923930382,90.51474951946454,-29.67204003904087,-103.11703827840796,-535.8179899106977,-31.082408333492637,781.4465219219047,-110.0906757732242,-67.31060470009574,582.1763554652349,10.82529770369582,150.26229995830414,104.37018224888226,41.13703106975372,314.84142548005286,821.8510293034392,-51.53719338135221,-17.474124041074557,298.0770264494203,-702.4226635916202,-175.4001626380958,-180.5085209246223,725.1213244971615,27.93887865899683,1
57.11861859333367,-203.4831318429838,-16.431443372395485,164.02474914258065,50.00106175057095,317.7184633627881,311.21376433055696,239.74463465297077,982.3212931423776,-161.43032575892178,-352.5687466543075,-359.47132261038536,12.514087617096576,214.37082741757573,123.12607259402138,143.20185725074205,370.1916951410839,151.9981971159627,87.17878279389873,23.436501793269446,106.08812740660264,534.5406281957889,28.73413433548262,-42.47769838448503,-119.67565738103738,24.46282666421504,0
52.31046367654305,-164.3634130108901,49.597138962402745,-135.2918552899729,75.17176559652319,9.164213813481638,233.84189760702108,165.05745779550742,-112.25544758747093,82.09086984605797,104.96898683369004,-82.3296740388556,11.553595752125467,288.6555569579997,-284.26979965281083,-454.4800689834547,460.38820795833226,-442.65110746498976,146.04356703645894,-34.382335936675474,-65.84431241210525,-116.4546128586928,33.87222647094767,-93.34394117986372,240.2280952589189,4.718625854639123,1
91.75246329891624,306.8419591879888,35.45053498356993,-221.04935726926973,47.91500800372623,-183.0084129883749,523.1385986905267,618.8152332213447,-114.75584358931944,-224.62147009804323,105.46742390009145,4.108819848542339,47.90069847637785,663.1830745110465,-501.6261860973905,-508.9596004169374,406.714867009544,-246.4770381386342,325.26721073285273,-89.43299344291289,341.03463597885457,-401.0093858136044,62.62622183075982,-97.2181893368284,-49.01397164876428,39.54055920020409,1
125.51918494522066,116.05058470267517,0.4332380828335314,127.31766412462422,4.820793497358586,-38.65686536472499,-421.6840431017927,161.5209739681091,622.1474971837462,95.65592283374404,103.50043212662676,83.9935461250072,9.89641450425444,388.4282453987845,428.14588470705104,148.75856098230932,296.80127979097404,-324.57356594613304,-56.72216940844272,-92.02214766347096,29.75813588071497,721.498850974382,144.61424789781668,51.8202277216619,46.051569533518965,-74.8362434333371,1
204.86275625107288,-87.6708666296746,112.62285847135227,-271.1829907550816,35.900260826465974,-313.1461111649663,199.51415765405707,234.27235811787477,-44.59364306020405,18.50982393921457,246.37259637083244,128.26289507859798,99.94486491638352,181.8986686688322,-211.7499644165288,-183.01405255223636,472.17148800782826,-374.2489410994783,488.6112741883074,-125.142235323123,210.1062610744372,-296.2313252337382,93.52232715691864,-197.149000504254,421.4693927412416,64.43487061313408,1
-36.9571104747134,-726.3271957073345,66.44267485548977,34.55185556145337,-50.33338406369006,208.4917482306904,-235.51670216159764,338.10124426554154,1159.1990326571165,209.2390051728888,-23.432375174222397,-2.5607429578040803,-43.26602594331052,167.04571416781653,21.11378236644485,383.4393675128151,-75.01485762236797,571.584105269018,-295.61585637934337,-9.256268156610927,270.1589623422122,-41.71055335562214,-200.58375669300185,-85.67693479405223,342.8517006354146,59.27507782106319,1
-60.46183511787739,-159.6077690513685,41.85749051335441,113.1089361879026,-55.38607331371988,66.60674889537907,-133.09252361913326,327.2814553732127,364.1031476794752,282.676850232992,-205.1267416858105,52.64052027830605,-52.85133300885041,37.10758328658446,-389.60831583679527,280.349186623931,140.98171302840478,278.5599291279324,-143.90515998215685,-19.54785797933777,416.0812165077081,-348.43287788471275,-51.12622675752361,-26.30915427961873,143.5495830157768,53.09774690683624,1
22.259908693903824,-772.0486105591275,-13.04409230544846,40.19126767652508,-102.96961014312066,109.68353037575748,-55.97896814044452,-328.3252750604104,2171.9846693892214,330.4882412914593,49.09666006893107,-115.36528749477094,-76.30955947811567,-376.5584483003146,215.64412417526785,176.889066863175,282.4474541834996,-27.596891219984087,-269.6597337224401,-127.42295941850004,-174.8648587295395,356.53063953052697,-198.61799596945224,-128.452725636882,-239.7811499937825,-60.804199366998446,0
117.07626726113162,341.8041488919444,28.64943723489325,51.17616939332717,67.88005778483632,-202.83270361728427,-374.9246313733939,-507.1087554969536,-375.3667856389062,383.0006368172787,93.6202809557986,-141.163069081695,124.99295023108272,-427.4984606138481,309.90768475189253,439.9868566156308,366.5938887113323,-306.4572268760745,-399.4161996100957,-135.29953641347075,-470.9101014448486,291.49248306059417,80.97291120749203,60.535587174162565,48.902773588697336,-7.163009817623982,1
245.2210408649269,215.31549666294333,47.92318345436213,208.4741831921681,-5.642059093992207,714.9393110470937,-307.776980963232,189.0105246794854,1070.6979666517727,134.0942045518121,80.38395679765111,421.1594060234005,-79.50959838260769,350.2297811859179,23.741489666380097,272.8812897531928,236.8438980772605,164.38761205353785,-265.3115353146828,-83.34162075954194,383.28565496626766,-488.0619205430477,-174.5119497775118,-137.75723535576972,-148.6523774584585,-1.672379513388174,1
6.785432328087966,-465.5780759745958,-46.89113960180806,191.569648719921,5.940547034557073,648.8062687769067,82.30518319773351,80.0523660490662,684.2425470913456,-313.17670705046737,-47.143688952754246,-482.0826280419747,-91.386809325445,102.5740198689819,298.2756563999938,526.5718616717247,500.75686971315866,468.7395911150412,266.7229823792701,69.1953843669846,-281.39967206756853,368.4709368361629,106.72983707550254,-15.679547452050212,234.44417817256792,25.04442419267839,0
-16.2201717619158,-794.6847556601991,77.2240320454205,-393.5636154556268,-16.426190181348236,-197.1597799856571,-137.2352167151189,-124.0183381749635,842.5113947909067,-372.44588755035335,-91.01042061958304,-339.3826290414283,5.954228487658089,129.38416335967486,165.79752113167018,268.0289011384255,-69.39976421944506,-498.32467976940336,125.021943679864,-33.005848664704914,343.58525279248806,141.9980710221674,29.044254104748656,-180.4847956670356,-157.16671960462747,-61.34244454159411,0
45.91386438291112,-583.1352667204749,-20.21348699867928,240.40922076264235,-29.47600942827441,548.4352557136185,-418.6407356672389,353.74631053284065,412.84618665183297,195.6818120734285,-135.34013175573895,-31.65725662375124,-162.80725942110885,168.29707371557444,-135.93810444329327,197.65518033708383,159.5802371577857,650.9745843973487,-137.83774679110874,6.384767433046088,-12.908456266450823,-472.1440979283399,-68.80837580729842,-49.624411444313296,302.6617482394901,59.64068984431499,1
-93.56106287263036,-282.689690477393,131.15276480035425,36.248418257269854,-44.93676018899634,177.08481309049682,-662.2416823746182,-43.6132006195073,552.1915765511727,159.41373315131216,180.82555667827185,-294.2207272141119,55.15821870822652,-344.6386998516226,215.5785485860425,150.9315329179715,102.6143334747756,419.6001614724573,-542.0857346459198,52.20234919694988,395.4414268748092,-860.6279050618896,-53.60225152385425,-33.8322344856895,470.5619815252009,-3.795517537172447,0
71.598890322412,306.18273141672205,-5.040815567057235,-95.67082977876476,57.09149171831679,194.28540736854336,274.6494928252251,-540.2535933290909,590.3106009500749,152.03781464861424,-105.06649959515713,-241.8719777171169,118.97760974508904,-298.2300694790826,322.30614588537713,502.4057743611032,548.3377900148748,-491.6516668996239,-437.71058972679657,-109.71055647157652,-12.786309092846077,17.498242021356486,96.08934948113568,-75.07507748526731,-751.742915561452,-3.7636702197462935,1
-102.08708421602591,40.74599384160578,95.98824356735688,-186.6217002010555,-18.98729345953953,173.7377880408278,233.4109344522284,432.32490407500177,145.31651248228033,-209.20879770118407,21.596818414849764,-704.9316006502235,-72.24513799282788,140.7023127077391,-46.465348117504746,313.6169123411123,-234.94432882726716,-467.0835697286543,315.5707913704837,-77.35864713729171,379.9882178834141,-700.811078664927,-158.42435282212634,-146.6643891760843,60.17770506929583,4.298863295649678,0
-30.059640633268423,-263.7782644220788,-78.6002764801858,359.64506805968614,16.45710080514384,110.75150982432255,613.5099969052036,290.6342809783324,654.272137880206,72.3507968013327,-56.7403600927617,-256.61213347616285,-104.89164340235796,757.5108065501988,190.54602424374156,604.3715176904439,150.7787031590873,434.92905903562064,-106.45021149872076,91.23506579626364,216.09793683464284,561.947424092087,82.29568991286204,-177.1730944139111,598.0908008987325,22.36729829830881,0
-16.922110442431645,-259.30134942580645,4.588856658917955,-54.846952829317466,-3.007835657095521,297.4715333626066,19.57764965161225,-262.53686163033007,907.6778616663306,298.2302500727923,-213.7389528602627,-611.5222395292925,74.7382143882425,-87.94200242280995,205.01267796867907,260.3520841657652,-99.30564879654456,384.4331347157113,-364.989183762623,-75.18532299472332,400.5543529402238,139.6979148601315,-79.88841764442172,-53.73454102681812,359.47606857861064,-53.96671066777125,0
216.50049200990532,-198.98118158409025,189.21809722957343,419.25727631758656,-26.528852446914584,235.5985119548912,-209.3116532693239,27.546985115391053,1557.552714973104,4.939235681012445,-338.19149022309904,245.7650936119322,-27.32585898513219,123.24194651739134,-353.69364790272283,599.3704876336911,413.3408688943312,-330.67150734943124,-294.72346314727787,-91.0003574220933,526.3127863729601,-286.6984506531722,-2.315782330693261,-221.7034847082685,422.3196311311013,-15.595883322959445,1
-121.60385022756472,-458.433033973881,66.6427409900329,-161.06864208277165,-12.682066455754711,114.48096261362588,-356.6805824571902,-176.46361417575756,508.8850036173278,-17.74123940007792,85.15535079529938,-353.6157819053248,52.144726915441446,-109.19931193388928,68.45136476330477,226.4627340459097,-8.850989682202666,335.7928895288106,-251.1955994552838,-75.91790629407052,170.0783712410235,-638.7645057523423,-158.87079725276044,-131.8711845455118,565.9714480263054,-23.22152187517088,0
-78.94881601463402,-183.32928696620868,98.5296226879788,-78.44766239305521,-70.31560274432866,164.45719045180434,-113.60207493281936,-663.9670405023046,975.9990420264244,420.1988192090005,305.6819403007863,-115.6541710872814,-57.00000837250077,-189.89979564863984,-354.06456116670387,-316.82674765764824,388.6504612201286,-503.1986815302977,-251.25034661399687,-129.92207607381158,-6.839937013459485,-398.3902201624414,-2.2586721221790618,-183.10635575756268,268.1867714800032,-20.33402982435652,0
150.422450989445,196.86816895540332,-75.87655597058641,72.21886618466532,6.896077205558289,-461.72359132680754,-639.9385790854122,-120.37242770153716,-693.12178412873,-99.96915763890536,208.7057613819261,-19.027336091850152,79.80482118927142,-286.6655199401812,52.45119301934943,405.9234487686177,13.087703680000512,-759.2860940711823,-431.5693721665226,-108.4915765450765,-530.3948041993884,195.2060299585352,9.798783988884752,57.64415161158422,201.0298614990561,-19.116076018450904,1
-185.16438786916143,321.0019794824022,185.90991865503125,-269.3089644357675,-17.227705622326837,-288.85438327818787,79.214334073724,128.1072417778038,801.5996619702602,-619.0904059395582,312.99704372542453,-404.01049683814375,-8.449770173766415,-181.20662909390148,357.9173133968142,-416.3552407461581,-324.11834151330146,-191.62910334387837,499.5518908102501,-136.59172488122448,107.41911518699298,-312.1252782935789,-79.10952538568368,-90.79765001936494,65.48236475866172,-21.97829425922157,0
-26.827662374083538,-1.6445230237112995,2.429950782283754,-407.5939218449205,-29.70923388943348,463.5140485536901,132.56287801276602,493.8399279828717,-216.8149163999164,-30.239608517339708,251.95547852121635,-327.38170081960965,32.83262389235915,-276.8602098341267,22.84428256257284,381.9669104022855,-188.2114710840104,-568.8720488894845,-96.46029309371308,-103.9302251592967,6.774795278874216,-221.7979435494504,-91.02216639159188,-195.9742699001472,123.3452566887254,-3.225504286382253,0
-116.96711737837036,-99.15170052643246,97.78822527527608,-63.936100314036736,-0.7982505652246363,456.4857272007081,131.85861599110802,416.74079288747737,1097.783926362892,-129.32930828149566,122.557072459458,-578.1488305838649,0.031005158050215,-267.78004821871235,-41.23955335046399,445.95744343405335,-21.64834188471521,-426.2917721229367,168.3244278483129,-229.5143496210952,419.4634008481297,92.26167219651812,-66.19647980836298,-139.0586857920003,-393.5455069984189,-63.8568618047473,0
-0.814976921544174,-1160.7191691926726,32.075910195942,387.787626858936,-30.69356669195345,935.857125054871,-203.63987971940537,424.2691097340758,768.0800336158266,222.993103263388,-21.22655822363417,-178.66529885094442,-159.16324142597648,406.8376049970668,-68.67101438764853,338.88433798990343,79.43002504811308,414.42800292696415,-184.85182666691296,105.97961521072878,-152.26577692972933,38.35911457248629,35.93094281652426,-20.36433951757269,276.6524061207025,63.95426064403213,1
-39.55019828472094,203.52137089963944,181.98861901934063,-0.2003820182745697,-48.03988794720322,205.07904043560023,-339.30950675644203,-92.33035478796094,883.4229810065929,-91.87460140388528,262.9466175217256,-436.67877765998617,71.89556329925858,-150.89624767290002,-18.57730713673217,-32.866631170237,234.36871402291132,-15.699215464246096,-538.311810460799,-33.476502992148134,214.7184938177705,-728.0709857989143,9.178846703042831,-184.28743239164223,-0.9039566415597262,-26.234717366142885,0
118.6765336027269,-235.70581061091107,-104.6547914856712,529.4776318978396,49.76449809960069,99.07440246337724,-164.07062731868845,271.9027395331971,1273.8706600259611,-168.75748733779542,-242.49597315672037,19.646750748225852,-28.19262028284776,-146.22452739857656,352.91442962564554,218.55007478873483,-16.956486731219357,279.3885921825605,178.8821954655815,-29.206574657443294,506.7643822468119,451.0600727880832,-71.26734594722993,-240.8114016428966,358.7035424547475,41.21669700420927,0
153.82526190792018,395.9171677066669,-54.50644543519319,118.8302908809434,74.871353045084,-336.12147228450124,-134.11737568104556,-527.3747206261861,-729.9568362131572,149.28678267470008,269.83418256161224,-215.88514739314925,48.646230400845184,9.6064751893739,-69.69177951427703,158.2376973503885,196.53196750688437,-337.2666636699153,-402.8572696470055,-105.72466080738138,-470.23754968818287,296.8688365170378,100.29407564845948,115.54096760534736,-89.59517562988268,-42.77071270395251,1
14.533596444561493,367.1502977291913,-303.1689022929318,367.9059702995591,-6.72464473911544,-397.694574778869,-346.52665435950087,180.8370844446784,-331.3785217179744,-77.08880781903852,-2.268461632632159,13.266636130129264,55.10769286394276,-540.4112136295179,146.00225931489143,144.53722746466016,493.9867143687487,267.8395046492219,-221.01215817433425,-16.052094112786932,-35.89632193242194,314.5423295904559,143.491209964097,32.60386111703977,281.10340590489324,-59.29278093195113,1
65.51340118114163,491.358611105365,-53.36165960518403,199.86202707176636,32.68897546592406,-360.2107468183599,-99.72684761270546,-70.91332139047546,304.8579995470279,256.845380291098,246.39324099508943,-5.473505172311903,125.75513835181316,-295.99381426996706,455.5567193844506,87.13227098466353,152.68498479057826,279.4179956328695,-246.7180696212576,-94.27105901310924,-91.05958646459574,722.2284287143993,21.66616735592427,253.62430699414327,-563.7080124098179,-46.9788988968314,1
106.17988199484704,-629.0955830018876,-35.31649467531501,-45.0566926233172,28.042769668853687,314.1791921533058,164.63736122772698,319.3043182339076,257.46506552119376,-150.68592869381737,131.00974867329415,-267.6968124123089,-77.76939835206316,-285.693126863534,414.2072587305773,194.9283223837278,295.7273414892404,283.43476438740413,548.632405684309,64.78802020133699,-25.97420184526379,164.91009480581087,113.10070515968052,-111.45582831785944,18.414822129221733,57.26649121709825,0
-82.76986838997074,-79.01238280796632,51.0450471806406,-158.29928167296913,-34.342710226674804,241.92671013465,-445.72489440145546,-545.0599150725305,1019.2803688011006,63.62295754758637,134.15306374205042,-73.33028978792369,1.0169225915610385,-288.79654576814795,327.36476767821205,605.6400172945488,514.8887799286972,-98.07920008154646,-169.91070167143045,-55.99376143584727,398.6030271471564,-163.61450652699796,-58.74872131645132,-2.0863079172280448,624.3320172692121,-35.33974071913075,0
-115.72243522036692,-462.675474295689,17.15260499416874,-136.11151254275137,-60.37580002274787,62.96572356143808,-503.40015437309046,-415.32732568270296,599.7025075098057,120.28037392260023,233.86642372475075,-159.64712621036574,11.440758485069855,-300.46593782092174,30.15490234491732,449.33493075156497,242.12286158224543,274.14545035039714,-210.35154521440987,-25.344595041919188,263.0595537011274,-638.6036032511026,-210.55361647739227,-114.97054636520666,355.4763428990858,-48.55489421299136,0
-119.76567928471384,-52.59228979983212,105.7468797645042,-236.88990811463307,-6.999455647312334,826.3485824771085,-524.1508945870632,-324.59339102546164,582.1280071295748,23.19584974791808,275.15407399151223,-61.16080426926728,210.2374362672624,-490.09672467535,441.0789924319004,432.4429253736713,339.26984057407253,23.293949380015903,-83.74066268114804,0.4089901460411216,574.4438297887704,-596.6860496769358,-68.46402419529103,-128.28193550120116,975.6531504317652,10.398989806088403,0
64.52256240839334,-419.5407431178024,96.49427026723082,-228.5741426033744,17.72893032218231,-480.9301163259221,252.6549438727382,315.67230448980894,-398.9931148892285,283.96689427163494,300.20957075623454,386.7842971130038,40.41021742425772,23.175096392139302,-212.74139202409063,-125.67358138814612,233.2971899317041,-438.08562203429926,283.97707806102846,-37.90519879960056,254.86785627508812,-497.4569256513447,54.4172543467207,-5.973717787734039,-121.26570317069245,47.30397444891172,1
-37.02685568428783,-332.86900746902154,86.65265051915212,-265.6782992064516,13.609436202361206,17.801633037980267,-276.499921457889,-268.0224237202264,-174.74497334647447,192.11226285645043,265.71125860433096,-385.3502047243121,-14.388788031036922,-188.49983993085328,151.0945348683289,131.6068716977486,-93.20226760076967,429.59101420494494,118.01622167704376,-71.47192787564597,261.3360338419852,-666.1219833788625,-51.70501243339712,-130.56902926435734,288.1296263428865,-26.8743003962198,0
-63.83864148121448,-345.1826354452351,68.23569394733178,-249.73111352945625,-39.87580625668516,519.1964062499009,193.21060931365943,555.9379699480171,636.4852144376332,9.021947115069423,33.14049442983344,-486.2823844501462,-57.00499943121688,-218.6334570248764,157.60301543346984,607.2184984924335,-83.0859645356072,-528.394110555749,70.35886720347155,-82.18133792100159,301.3121265570491,-230.2523296744922,-121.60672135155173,-71.20673946362561,-384.0560058648493,-26.236369669942874,0
-82.85515418930085,-229.4887705505064,25.692721787399663,-164.54157298326672,-30.827113421061192,85.3828497190968,-315.9911922102736,-318.37223882690483,402.66441049189945,239.92429775838443,-37.42093597717905,-204.4198856419311,-0.8761631745538221,92.77330902601425,62.45085816884955,329.073386301943,44.08006396956189,948.2462710397244,-352.6969662695689,-90.09591125454054,205.4075415838582,-142.36947112476477,43.7247697295189,-18.878948701374792,32.612715658699216,-36.26188146442172,0
-205.1458952923858,-209.994601002676,120.07887949470889,-121.18779990777024,-67.00984086875053,292.4029036276412,686.9820838872629,359.8739819774503,1219.7776834609167,-354.23063264913554,101.32109188543984,-493.31221183700046,6.523971341261984,-97.73586967034736,167.8414683624789,217.43720513952516,-21.06311418240015,-280.06153294162243,-0.3178006539120073,-52.80250398181589,37.769413364427606,-913.7709635360616,-145.3114233917809,-251.45142589422173,-242.45140953588432,36.63574219407908,0
-27.616822736017724,52.55261816632745,104.32751760884628,-479.92173606615154,-8.304287910826798,-207.4465575713296,75.61802831312477,187.08935006625848,-89.66004742746965,-374.2751696401347,120.00268115922309,-399.0586825216404,23.541591399537168,-103.4929114151204,56.31863392107597,-5.641768415362649,-343.39020902739907,-500.8216142757778,198.7454862080089,3.140636322835641,205.2793005507746,-54.70162141230834,-145.05103795860649,-127.89619322802322,511.0897719410392,-5.731712980947572,0
-44.4189210733414,-669.8508064232059,104.1873835769258,-356.41468075094133,-35.5663837037788,-255.9521839916759,-250.2473058697318,183.98556636653765,1210.1512406228892,-535.8903600079342,118.59601490213277,-295.9879849275748,-45.07344178120356,157.2398634297439,92.11674588928898,252.82651462578383,-121.61127191005129,-931.8504020296544,24.81765559859305,-75.40831494551537,556.3902330329024,-21.48246815591274,-45.76802468212357,-171.59388371811028,-78.76953465572845,-58.90112138615778,0
144.69337183894928,-307.3256246409678,28.86322896307952,-212.00182822540387,10.138508042842748,-560.896900869627,130.2404347795911,57.24285120948235,-369.7347923297,340.1791453569237,37.52614268353467,10.988052771747263,79.65886943337703,-39.91551195590041,-262.6704138090685,-74.49133381551646,366.0681159615939,2.4729954306812374,139.99168104520055,-86.83470417925574,312.17048263274825,-596.3721349234329,77.02765910568372,-107.33522656926452,372.39570015315786,30.00203068113827,1
1.346078210550342,-469.5595184358627,95.88131805684507,137.00983688152846,-20.545980291197203,-279.4741645488305,-270.30066822538254,234.6658427104534,804.577266070245,214.70102735070083,-85.9544934059507,84.58208139332223,18.83935773301913,313.48491414303135,-68.11502722713307,191.31338505961816,255.43940443838008,363.2293758195363,-418.2586761644823,57.87750317746119,316.37334870593696,-30.720431408039538,-58.151629505247904,-8.046315139374968,448.7266198805563,32.90372669743328,1
5.228005753258774,-226.1495956348716,81.01449108540444,37.57992188023711,-77.77223987056551,268.1765041458041,-502.5685849701831,-76.1599137764206,657.308221239206,191.7295802579736,-286.9208590615105,230.0344970505733,-37.16380987811525,132.95139960554144,-294.71966060375445,170.04600914010018,-134.17510513679397,771.0201288456551,-103.747437347879,-70.26761798906419,269.9555879500757,-64.23252579871742,1.694245803639105,-55.50511775610646,234.8629558026435,72.83700591592604,1
38.43648396287495,-241.53136280921225,-73.09093163172017,245.6956531774133,3.387232460776564,642.2952692087642,55.72231567681036,209.769194641308,272.19541487077066,-545.3429165420783,-184.11368781541776,-195.1107263411654,-64.50185440245072,-114.3323822601342,217.3439049603172,283.5578923688562,249.89313884874272,711.4754349224328,507.2755216287481,105.023610090491,-131.6778600631934,186.65022558707116,100.10559896647916,-10.91389442499624,605.3476931245726,27.676408116559475,0
85.18826111548127,-592.6539502083857,166.1183141239443,389.4199935342736,-65.73691365062304,70.62353123854788,-641.3258752079205,62.83093519962589,1631.3190097652846,71.51799059646447,-177.31022949768007,426.7653751762788,-20.385864338660276,272.0704716652187,-96.04878550978388,304.1726114943022,352.0039912139559,74.44477192934758,-18.393465228080707,-65.43223379309458,380.2763547782709,-382.2086694326782,-83.59082366886838,-56.674961013342696,505.1583891840687,27.632800978870836,1
103.4129117092464,-75.5085887664181,59.04428472130019,-12.515404658325924,25.290459995677068,-635.0584022539836,14.094517172291532,279.1109888894486,-762.0335881045418,167.8884574434561,186.4226304095433,281.0806712556441,105.1741784664229,375.1779716337717,-99.96775653629304,-189.5854745762277,-53.77375246065411,-480.065137434485,351.0540760884723,-26.91828982263085,-63.38383566721204,76.0243723788445,25.53277564961629,-5.9647571656658425,403.3821476010155,14.936214472894452,1
-71.53330796563095,-21.48935292405741,147.5783358219965,-10.123072312043636,-67.88823081714902,583.5255589453795,-455.8733394264499,-31.234328686920307,143.36015985233553,274.11337400899066,156.80844241735662,-341.1288635548722,53.415752788127215,-32.523374035579884,189.29284102969743,-162.36605566650732,192.36929408377077,468.0099489079242,-97.6608589341682,-16.679680038933817,-49.19110634580858,-1260.3980883012553,37.60183944091043,-224.28103472050103,104.73899360512654,-3.1524012411997195,0
-19.538514996648907,389.5708756006252,-106.29666460308876,282.10741198081803,12.06981808076707,-899.6780121058163,24.06734598984279,-458.7881896076061,333.7922450764921,260.6401473767535,67.91336153885653,-546.6831344262328,65.24883919485524,-606.3306761835058,489.7212078975682,169.50651630959786,351.36362159606,-390.6240907193511,-568.6764250115967,-1.7998704664009235,411.0985998493817,11.884307651514938,234.99354797833493,17.478897902802913,-591.9563799752957,-56.81393303269108,1
-45.837530525239465,-665.5814383198343,3.1754334585460686,122.69465527200828,-43.304835697019485,18.009475699929453,-418.4727308794821,205.0423652715667,601.8115149317113,43.44976804736273,-223.0178144290364,161.1667256837171,-69.43294026033875,85.13507275823811,-336.1464408482872,262.95505046290606,258.82224398516126,361.9570677641724,-125.91593320864726,-66.53637663891398,-9.576119955413052,-525.8205256193554,-183.86262892349544,-112.59461128415872,840.2734894177254,38.02359349339768,1
15.584545524950416,-267.77200417343425,203.30251614369672,-279.7220442900757,31.33976025037903,-1141.824556270672,249.6877590551008,194.849322159448,566.8270602668043,-130.8904790699181,181.33277219908555,314.8441607220271,74.36899804963255,73.73533372302995,-24.55419950799942,-448.2321974258045,4.9406500694384565,-457.44361030934886,300.2080988920008,-83.36032414991125,374.35501699098353,27.03100489270007,21.935689666601032,-37.08272178793015,-28.81863119220802,40.71510488657208,1
228.083321045839,-72.79400896184531,-101.31623418044538,161.68229397214898,89.66848724520798,-721.4654303818045,-564.0050221201125,-624.6460424930506,-1543.0880713481513,377.6444646254122,130.96693312995455,-352.18943985849296,37.79595979681064,-736.3775400372706,44.77668174905934,552.4515210190623,156.29538871004988,-377.5953162428177,-893.7988272723479,61.95290716653454,-373.0775594652699,195.9141893710012,192.6049424060689,246.1053014037224,-368.988487995216,-48.63815076316845,1
78.95417458313709,-197.25257081615277,3.1013060759386413,-224.60452383155496,-23.777802778877906,351.0849832656504,-54.22547290422855,246.36419228510616,183.0072875946232,-3.012939411114896,263.69328519162923,-5.4174745375096816,-124.58211716204806,-204.7775258346097,303.01028391069,298.6854717075775,-288.8500151077324,-205.85086401312012,308.8162315734403,-96.53584224717974,127.94968784229565,-91.12708987367223,-148.7836357111871,34.086783041432824,40.22494268343912,-51.69451155305682,0
-54.4131733897472,-491.5528570634112,44.59891667191384,-248.56106354941653,-41.55633815533169,216.8174546161367,339.1077449436809,231.363437684257,196.70048797879716,-163.818501906557,-57.40094839353287,-150.57922971665806,-83.13212006692738,87.32285635738397,217.25796900377452,420.0165994983768,-384.44006017769647,-401.2852736961432,433.04349701075085,-36.57437034558217,61.65174856990492,-431.0917440818279,-165.675179404445,-36.242962931234665,-48.09386913771379,-10.249743123228612,0
70.74239758897622,318.72839355248465,-37.80919783077064,56.0327343900976,73.82698699437712,29.42119983502461,148.49356667803653,-341.9735794736897,-24.09001290675447,380.5798177705813,298.82728248285554,-538.6554532388759,78.29913539203196,144.2422421174999,291.5792528026267,69.73601184872967,335.363521621809,-535.0298602095903,-450.0451638687982,-99.68299630335012,-127.0952348997613,264.7571366394288,169.93598875414926,41.44255670926308,-590.4088682036786,-63.77796276169566,1
-131.5650678940992,-221.34366715800851,126.74951738050574,-416.37785528791886,-70.83827192411336,310.14176201022315,317.9947076942176,268.3397198578777,1477.7251022792425,-356.0783583197769,204.45460851547745,-166.13066117143364,-50.70038307827329,-490.92143906442175,-123.5326818175754,248.7650639259301,84.54338460712056,-202.7793775933889,-313.16205737005555,-123.3346227364687,289.9826657445147,-272.7844744958609,-72.5996472541854,-187.8974727337379,-407.3659771329653,-28.243142336506544,0
134.55158348917726,102.98841835441507,-2.361384034294387,67.23780718241314,42.77862734824972,-138.4900329991624,-422.1706528595285,-345.41463413843053,-902.843319668586,120.13709025208964,200.1504216808759,-10.820534917887183,108.67368760741982,-253.19623563633735,-86.22674631632995,753.52687747337,169.26517389119903,-638.0360714746777,-323.619602341871,-155.56659076921252,-1014.2326844603864,141.9249146756679,-83.81619658315743,-39.260082090005056,71.62588936791126,34.64632152951088,1
232.5796426125267,68.97876668597164,-147.3535657541754,128.95664089933862,52.85525516181095,-145.85905317968115,-113.18304776875786,-447.87840796029343,-37.18880389599447,121.4598453039384,250.1183712517502,-353.7443030289397,-39.68240539282137,129.47591954264396,-83.8450030315868,241.44064678386584,528.598512632658,139.73667309472097,-671.2975262225845,-35.4605996770186,175.58930074107587,116.56269153333474,209.4198456762034,95.27763935271076,5.586938337734205,-74.04152017156278,1
-99.79069773094726,-437.34174407672896,31.894688067817786,-104.35190520073844,-38.97013571225298,915.9212997141418,678.8813788500645,187.18583469979205,592.5620252122735,207.9752570848688,171.76334504392645,-143.09440515817633,-4.277778951559552,-322.8951000064195,623.1789828553514,546.2877421575587,-10.834876373415891,154.7250845509377,300.0371130100129,27.24393804069017,-132.94013106467503,-418.0509854807706,-105.8586586094704,-127.89478814109928,-696.8497860867807,-8.769440170058012,0
-97.77487812932372,138.89274862258694,-35.31850064675488,0.0164466742955449,-25.279223555416515,117.390588557808,-524.301552087669,-196.93328834792743,-83.69894464940653,57.38501185866561,-8.900685751439653,-275.9732459242474,41.4071791637317,-28.673902797268497,433.5552870225988,535.8001862332426,91.86145220242078,265.34947902845096,-93.47827792804765,-19.018849484065143,243.36522746030693,-520.299931918327,-52.9726268828646,-24.910631559753305,343.5326564582399,-59.3923634932831,0
-156.14227688803663,-48.4348274301674,6.590784711905462,260.70308990317875,-52.562618842619685,-159.29091730242675,-60.83088137949877,35.12136471772056,473.2474377402123,164.98489105136122,-383.0327204516116,266.4143354458064,-82.31676633198154,-478.8814658062012,-360.6637539328606,458.9205760782757,378.7099075212324,630.363639946773,-81.95787041306136,-67.21568865217978,353.09376440212304,-217.99464126871032,95.86523777077106,-143.08692396473742,905.2815324722308,34.84554870189954,1
165.18184401789551,-757.3322848285263,-126.6424798535455,50.09008671725748,46.31935040497578,443.8310695222266,267.43982760540337,181.2365489212568,589.9084363408084,-233.96731924115505,-106.13032824185792,-221.405670819669,-93.23447669209772,4.408266211096235,218.613742150888,-252.6478112624941,364.8187110132984,184.66078537561307,563.8176097777059,74.14112200810884,7.503069369439352,433.83778759814055,179.23035530393042,-175.29152234990164,-65.41801118350472,36.54321660181645,0
98.07862955292948,300.1648467122089,-41.52607657225797,-135.93866755461968,60.97393144635795,-34.25446824015613,28.588292674906537,-493.4055907091222,-466.8916195183093,190.0738355058312,293.24164913685684,-366.6010377302703,-11.249321397258251,23.300513983586043,60.96679124293966,146.7121083552292,179.60627374598562,-233.83229888768,-238.8608235599619,-119.69104028646326,19.287288412213776,36.47144594310584,217.8498230411236,29.600736440649264,-377.12952948859805,-26.43159365740026,1
-14.091108853381291,-251.17528492978744,110.94691360756772,-215.67890965333223,21.784687945898597,-808.37265663116,-206.32688530706076,-134.61676522978996,187.64760165699627,-121.50792034052203,276.3300899104966,746.9567358254299,36.16959812546847,52.453286593567874,-281.0055793123525,-254.8548103714674,95.25335289859878,-377.3163600780957,190.92648752062408,-129.72350947091738,-154.6423580892784,768.9972125845803,83.7778204082531,-28.71966979799529,510.6170408788003,26.122607400576243,1
-3.927007604446072,-651.472253898618,20.084359259007183,11.320536906185552,-56.08417319709227,229.9178220503445,428.55680424279257,332.1198446197034,468.5466882960452,245.34694675828123,80.18016580808575,59.86942650011766,-96.0400247786885,-250.88965680954328,126.0070750530342,676.3972132168993,-15.303557074163784,-297.5927338187927,-6.570274682362804,-25.730715409979503,255.4147786241984,-441.0030406683005,-16.420014686626228,24.52103772477603,-579.8967832181485,-45.31628315965076,0
26.467585930911103,216.84527970101004,-69.16678343251094,198.28154773171053,31.9673117500178,-449.3602819474343,-222.50006953008184,-196.2443537282385,-184.82967848294808,-262.4634385022137,-16.213598351960844,-26.37613992903756,83.7148652902283,-368.599368646984,130.8256615550155,496.3620922043396,350.618356067715,-544.6683347009568,-106.7666359467224,-134.05946097037713,-373.8115498827628,273.7514850465635,158.9955194086839,49.23826198984524,-22.14366706190773,-27.628470824245174,1
-35.72939695418335,-453.09222316734696,-14.602155078903118,211.88271121407348,1.271163923312768,363.1747578033912,466.5164758975836,-46.42961028775259,1379.9489245288337,-96.45382829456366,-252.78630708733849,-284.8079138152047,-20.805921504141534,222.7091956352379,265.8663089847851,86.95077816438926,306.7993607848805,488.249372596808,88.19371821097234,48.75709301258978,393.9967327669905,-138.95054342231782,51.7733493771805,-108.0725826607622,132.38285948119614,9.206595519157794,0
-51.37601504416231,-179.67930903445145,-84.35451920844062,355.12285227875225,33.87231024627469,556.6259428283379,665.2530111678615,-136.6804373295942,1081.7336456450814,-115.70394435944996,-350.429159524308,-115.18161741646524,-11.977585726473317,662.9595725862295,-58.89381410717837,-146.69869700426074,-44.10150526457298,341.11199834776806,-212.6171464605788,12.557324114125352,180.2936622177366,215.88099827992497,66.28541276657644,-127.2473077905505,68.38940169002959,-4.570401794252752,0
-127.0850448986122,-456.1994595985364,94.49565061006938,-347.5744941458496,-77.89884984521814,153.91587419645185,43.95120308944943,168.87838261691147,1253.3059074167752,-346.1879135589491,190.8813560042996,-456.6507789968365,-33.26270929936675,-207.3993993789231,256.00489808589833,89.31976895525112,-153.6032661275279,-749.9800880450877,-4.657080314704007,-30.735502171857195,328.4868675046237,-424.7204063536327,-90.61639481288132,-275.7217926442237,-460.59563644693634,-17.28252054588836,0
231.09533677162807,-312.78460513795386,1.2710299668961422,312.1452973349395,-36.57711265501927,595.4286681844064,-548.9124738531077,649.1125567347085,1398.3342161763476,124.75712474502411,-135.72203779875122,25.6442847314806,-88.61365758398662,32.979815282083976,-329.4663611139551,538.0672702766554,70.1987570928382,301.14533169587014,-823.1493152476953,-192.50803104647372,607.7603714393468,-418.6848135521108,-80.40123389810527,-183.0152252748697,-148.800936740606,-40.99042725246302,1
131.2124895302962,-130.56245342096776,89.39299883398293,201.22142058630052,-25.184208372135327,342.72213604718854,-248.9494391610732,-127.327593057512,843.6445980758399,-87.91392188677534,-219.60018065370645,388.3597218812114,-6.542736867398583,483.8460052715631,-305.0139611981481,385.30471366890055,151.86110827979385,172.09952927134276,-412.0514713727324,-92.38790167379771,-90.8026121058896,-499.50472164079474,-148.79496476322274,-219.0268742994773,688.5861171893374,16.96417832095563,1
92.68734074480086,260.3413083438246,-107.80870049444346,186.4590671813163,69.56374115600963,-246.85617608762743,-312.5434221443225,-200.13018900959284,-506.396237878047,368.6373561112277,58.39989040647489,-335.74088234748297,27.27565877556293,-87.31099722961115,69.1977275131831,205.66334175954128,255.1231969361457,313.6213710937929,-249.62055252447647,-16.352917790241975,-218.28650566760984,703.5926398405583,0.9946831412962044,204.78399228228835,-459.6991179925256,-45.55502499301288,1
117.41713229937888,-186.9528310915003,62.069916342480425,-546.255021927278,4.168175581743854,-22.84382140854447,309.79449921459513,93.0803069283343,-371.23527837931306,243.10827575954863,-53.460474316557,102.58451180263285,86.87362246358917,43.40840899574789,-266.63217493039576,-424.0842224750861,32.573020863896204,-469.4552976956416,148.53950556086082,-20.906721010254856,522.6857323466465,-511.6938057081385,49.297894353178826,-58.52055131764609,144.40790113995493,25.51961406416749,1
-14.900841062322018,-263.8199388659907,119.1247822360404,-239.799706314854,-51.98531441291578,-11.500205060244229,202.9365784296492,-729.0071143000167,910.1008100977472,142.93477244447328,321.085777734988,11.935663998814142,41.08077269069986,-169.28857579522054,82.34473738186342,493.5345309365948,59.13189760819565,424.5528866433663,-274.98694080614274,-9.04674433792847,474.80758894762687,-36.37097074231032,-11.017290137003164,-31.87672672412518,336.85180972609163,-55.66265999035215,0
131.44890768916144,174.90571402263257,-120.26904554069812,252.02492090367147,-20.390030528061093,46.22449706176344,96.9640845934478,250.862434988743,73.82750520357429,-199.3264170667889,-226.69627240788455,-66.22815812006283,-58.65976092962769,72.612075029364,366.7779729465068,614.4183282994118,140.127775004743,595.617384574566,279.4740221509045,80.35426558003138,79.49693606080714,25.97335577494667,-28.024760517870096,-98.57832779211044,591.5895205597675,60.76595640705506,0
70.13749802811397,403.5667670091151,-28.46525017235045,96.13018163968226,20.11544329355777,-396.1931084178485,-91.7893609192229,-94.42182644179373,-405.6247659370308,55.63528316192868,144.33531849935696,-133.43977717468482,88.89479787722132,-229.3808603325099,312.49106340288614,616.8280231539684,292.75401647951185,-321.45827563456294,-150.6551887286589,-67.95892865830454,-591.8016709153283,299.0914215219461,-27.53174393246424,106.87017857618608,-423.3200771513228,-16.806658059344606,1
156.11144988453566,17.284924091285674,49.35741415974613,205.34374243488077,-20.397008882754577,156.8240666636107,-391.7521052258372,458.652004191562,1180.4242874300253,277.22508107065977,-28.103803534081983,351.12960802384373,-81.70019469564971,89.58554184790562,9.538587676939509,89.49765219681217,287.17865268686324,773.4914008931041,-292.3904462103316,-83.1637653388145,737.380555417595,-219.33957443696903,-16.014000688917818,-2.707763379814152,-113.44419965076644,-17.256107062535627,1
106.88775372690716,51.18745497760277,27.65910069372616,-184.76299485713125,22.291969907907312,-270.2737929354248,-24.749183459943044,233.4238491288092,-995.4474983848988,236.1513244157323,245.03674082919477,776.512826276113,90.31684414004886,380.751478142508,-59.84356147266875,-217.93946608669225,-244.82020231044572,-272.2861801849862,256.830400104694,5.561177830266706,120.35789262020852,-126.62207808954464,-9.301686091820184,-19.64922791738659,27.696546664688924,19.90764483699736,1
-141.85147159463656,-103.9601943408154,77.4133687362365,-136.39938677538294,-33.20627550506463,656.2734899225285,-109.58586448212353,194.69752003474824,551.6925794926152,456.0946345111393,94.85826872605584,-69.11132450271025,15.040013303390651,-127.61939204970332,130.6012329493181,-186.5019789441673,362.2267855758048,605.6609606787097,-56.84391262655695,-39.17806646517728,103.1732417651708,-571.3041550525213,-47.9308278879342,-39.66654466365258,-290.06755711582537,-2.0286207559645555,0
-19.051639677594704,-545.5173554866363,-1.901500453657512,-39.69338329287193,-54.30672935274848,351.03274208882743,-527.5387235696726,516.3785615497545,2.925629741340249,366.1562404909015,-247.66870399868773,250.8395757238075,-89.6716618738939,-25.30337157972604,-316.8892634591919,154.3521727566896,216.69063567791147,665.9662273152164,-25.763959701822824,-36.637431099906046,151.32185766338358,-686.9204434896167,-105.0966806468754,-79.79040957949874,241.3433784919737,42.92574769672088,1
216.3924955497406,153.3272078805754,-78.42578693861175,135.61443024059415,25.697594390597583,0.6157041720230865,-226.9704225447125,501.6146225992044,251.39270209838267,-16.857582057643732,-96.06095332073076,-152.86372053930188,-20.38989077962323,-474.8268342001202,-54.537168047968976,21.510397665906822,-111.02584463070328,385.2706992566139,196.07791632949773,-51.59565218910573,613.4183480152076,294.7904763804971,-64.39482079141983,-63.523993365270165,219.1924989938522,56.85304811139468,0
-31.113108885423305,109.89862429076427,93.05079802741491,157.9185018953005,39.88117746393476,293.9833960198059,-308.1215321189927,-66.04898804716632,-153.03096488879504,189.05522644130932,60.04638834564978,-442.05872046933285,96.27043371682876,179.44777358575632,-101.82399322943726,-115.96714890113832,-228.2762112189472,560.6730618728013,-262.33266501197147,-18.95688098945872,616.1036647381663,-611.2246596974223,91.53528577898072,-193.34486472916785,356.91006573407986,-11.160414227044267,0
-120.1461473727703,188.3669401592779,92.20484894961798,-135.85395159247406,-43.26367425683684,630.8774134988239,403.8635323205573,213.7363038482499,531.9462683651844,-185.50015485499569,414.9648292051237,174.72091438853715,-116.30591059108286,-477.5127047805747,290.98103959668646,28.00578457571714,-423.8045734775917,-42.3280896335796,385.77044904289465,-63.68993936180057,124.06811295096068,-353.7006569456983,-89.44122259705884,-102.72784554476608,-364.2649441750035,-4.256293448116327,0
59.355427414130205,48.97277240548458,-64.91736716427735,344.2224638462478,8.79015154806762,-501.5777232353789,-489.5047667846434,-227.01958032312945,347.1168181319055,229.77549824609,71.57727865866435,-93.5008391991661,48.71745458747274,-422.08243090142815,324.9373158245305,416.59192356437023,288.3386132579501,134.34908473678547,-184.50231795546023,-123.6481917931075,-92.83929370633471,383.8401853962737,84.97234907457266,87.74937972942335,-236.62964734577312,-9.893489905767217,1
192.74491887430003,-111.03512357370644,7.2008167574194015,-6.853896334027376,73.73170546542923,-351.33903307982627,206.5343885223325,274.8783528082822,125.1485390484311,125.5401553123588,205.8323554234156,134.18258104906658,0.9741239232606712,285.0629935884704,-37.08375029773237,-272.9608473167932,381.3097223540062,-42.26563280452274,265.4291327309043,-56.0362971009456,451.0147111598206,-56.71187760854957,131.2231221448978,-221.5820475524168,160.8773243749817,18.683746525337465,1
5.088962632869027,-290.9717209868698,-37.42256386060634,9.802664388432492,10.369933303198756,696.0273573747631,-192.11847981866345,303.4577288352893,-573.4859587361118,-112.159548719868,-56.33354714891052,-6.28342975373889,38.27372216323293,217.76066784153087,-61.29234936524831,43.226238789055095,156.53978150742563,456.6984676196135,491.9980415830602,138.0555486565166,289.8848083992796,447.475600881908,344.7533853649821,-86.04459509052822,-44.561353967753455,1.709833864220326,0
68.74319592311618,373.8470468280131,-74.98259655292736,-12.785551267737194,16.812519386849022,-93.3775202658704,94.03850553984714,-180.2328120296033,27.70989446871547,164.6968940350116,126.31268076145042,-50.18697297498643,56.92310316997293,-274.1462893585812,378.6149217419523,327.22676938471983,459.12062383247473,-359.1699337885798,-469.25347424090415,-13.60063069969878,-19.62584447498337,230.00765716599287,181.72620496960312,98.10122664672036,-485.3014596677759,-60.61035970906577,1
51.07445241573967,-62.28107757004736,-49.24350041264292,46.773087372732405,-0.3657175916862787,168.13580916327436,211.0312003995376,410.0841992371208,291.2709696234134,-49.655170612116486,-76.15518804161022,-172.80446215127944,-57.32941916966361,384.675434450507,159.85121835866414,282.67491313955526,248.9569530020376,511.0601990251894,308.71812068016993,109.67029061253612,275.84708607037203,678.892822243453,78.82568630460851,-22.24380940544358,136.44853835470926,7.0127664083587264,0
-176.68090441148675,88.15382599607058,59.787923752996434,4.754036133211126,-9.688253909960803,443.34941748667313,1010.7757921599714,149.61627480095208,564.336732013585,-20.30172821896422,327.0021877663802,-84.27869308132564,12.97048952835724,-524.0880464248615,256.1710243546928,195.16044737617955,-191.0577202243321,-333.99902806376633,417.6225639164331,-44.89205333232052,59.84081429346551,-387.6683412955181,-167.11784321166172,-89.54811172405813,-810.8676152144154,-30.121450609989683,0
200.51467927030836,189.17650165352015,-82.46204480356569,0.1867112026415762,19.54422624226292,-482.068163641402,-83.13802111083689,-539.5597978817018,-320.0956148813093,69.53371147312143,-50.15048472540539,-186.93923798262745,-37.36319885210909,-204.34929530009933,-31.67726752886805,316.68576752098573,430.4134871324266,-200.40158909942252,-390.6843372098245,19.268628661166403,-111.33206629386925,335.23271775771536,185.42665799127204,32.01839418900639,-179.79365633277357,-55.45977832244685,1
82.03469697283741,-302.6151752986167,76.78752794094171,-19.571690059212287,-45.28751251743522,398.8681553503837,-687.0432565466836,132.11915748746122,761.4615664576133,170.01589612779446,-152.33688910717527,48.82199851364973,-85.52383255656159,75.81676859618497,-153.5323056556961,158.66933083822678,122.24863637866702,597.8845990947887,-39.99758037144295,-46.91386178494801,350.01703231591046,-351.49536545697123,-131.05563619038537,-200.50799763249387,-116.38693406243743,-3.948109738155875,1
66.9477286781824,-644.063564268732,116.84725677440704,-243.62432582019107,5.450523914360095,-372.9591752402952,-8.338963554688785,236.4281871528472,266.3585852065464,283.6360347557068,-30.167371108665872,714.4924160764215,93.8859103858206,170.90247811182115,-120.66670937375484,-489.740057753425,-239.682524679088,-600.6388824258565,142.48711021199856,-94.58093471586376,269.3724422479644,87.22474951550934,-41.27360934392345,70.51296482140266,376.1372079398205,-13.00509236387134,1
142.0957168331452,388.12509677611655,-49.16141563223727,-95.70540033698047,-3.53215071844708,123.81641283080712,-122.90334011319892,320.2587426078521,-355.6479318367811,-92.87296004321436,-6.549129213619629,72.87243288035197,-55.5704576491967,55.62434312527558,393.9472061596729,96.47785415154324,341.0021945834129,585.5129176720452,696.4536654088639,88.06603156216221,275.25274283857385,263.86288605518337,124.75009862298307,3.1774553493585214,441.8643288078708,20.637298341503936,0
-182.3128872430181,85.14325264159851,49.782477271738,-407.1488449126712,1.3223285973910714,25.55453494900836,205.17781372834727,492.5372991344287,207.70209001960052,-500.2973206731893,136.63195391661344,-599.9116929183458,8.368882310194678,-292.7239837503712,-202.81533195446707,118.14218426481028,-270.820292932246,-744.3171426407073,50.7182348516341,-68.92600107635182,467.3349944163048,-113.7146017016961,-144.88714059065532,-187.01927139664343,65.59150932552113,-37.57022879347352,0
108.27194565110275,-305.7677870696256,-67.98607018834639,146.84402029067948,-0.966113060593039,439.1511265723421,402.34529552571576,110.6766751005572,-88.6668407972826,-312.723548386888,-98.06360049349134,-401.3754429339032,-26.333352707564856,265.81272415389805,43.40417116456275,774.1104523824242,165.24490614662406,357.7737390083887,238.8226498127389,94.3875704166694,250.4206868385494,-312.38449843082896,97.83878796508148,-43.28596969582211,146.93889433822025,8.445201324210307,0
-141.6670471235926,-240.8158529956587,85.88469211496388,-120.60869937411962,-14.1631310569207,506.0837032054953,277.1786901757032,170.21266928100314,667.9457097157999,477.951723812821,203.9524507649781,-154.24712422744062,119.18155205406828,-327.83314946372127,116.99107976048604,219.1307258388142,134.78934881480944,494.6596462942472,-390.66297062397945,-27.318263081031724,434.4328589836142,-362.8559329314088,-80.51721023620343,-38.35711123260902,227.13147241629704,-7.721462221571976,0
174.59511920782018,-873.5303982963999,45.30184817172724,-197.19255412860176,62.04818611836508,-52.45076771744499,311.6524280317244,20.267464784857957,-298.2364757708057,540.7724941834823,-28.335257883735206,256.1480661030637,48.54969072625377,-166.12118302450864,-11.51440980915388,-155.92408201717691,-182.2700150345731,-452.780907301308,161.02749458272018,-39.01997954978953,546.8854963554342,-397.6500734373877,69.13331553349794,-185.03800155554555,402.05490555882864,-23.808907004984427,1
68.26253546005584,290.21673212261857,62.54282183551406,-90.60623791395408,25.376028681482357,92.49436011409684,-578.0910011924835,-21.06622887820144,-253.7243292649881,346.2453813531396,-47.6354807109001,-670.3955818705895,63.2794345386736,-39.02430255242788,127.76949720519836,-207.22146167214652,-194.5897957211592,1181.592411337267,-638.3542172715985,-35.157326099114684,122.01032567683755,115.66453883312586,109.667856226414,-105.15116198589412,341.4921620527122,-53.965079934912914,0
158.67239803623227,29.69854035496429,162.0288434809537,-22.847206329735915,-76.30337670978443,576.8717557970356,-552.1035290901966,470.4278138128946,818.4229293136144,262.47332250430674,112.45203516152606,249.565550354589,-42.116657472320455,264.4569257418226,-229.16327759384356,294.5780655997862,-152.54169678886285,282.4359748184221,-577.0065874701075,-10.095640063163929,664.8184799857411,-337.15858473042186,-88.65721549834119,-31.46472479728101,-292.5012450957499,36.87896420532879,1
-8.682068147085637,183.2267717141248,-8.342490690319435,-102.07778141722,-39.76511234545274,331.35590493774976,-162.26825521133807,-328.2351384426159,503.5928329233875,309.38640396907283,-34.358877485290044,-168.26412597831012,65.91454004976944,-99.46702432628967,229.5774437947616,341.8964648736566,219.68220734573413,444.1099659354629,-242.01381477021005,-37.83316617446683,261.0527356240664,96.4051643941233,-52.20907871582988,-24.278428809123675,681.7227988784837,-61.75220397072869,0
-29.813586457877648,-2.1469548861610344,-62.45601232275661,-17.36960775312837,51.56858506007733,496.92258032069554,308.4176378917707,415.53991423929386,-133.0218643938924,-50.626982895893214,-87.12005889539981,-244.70758931900824,-2.639362443780971,383.306824095011,-98.64650837615346,-11.924472974622091,180.23908531839396,170.6683946964822,61.88083233513858,83.14186443347091,307.1553888044064,434.11403021042327,123.565847567029,1.6957252740040536,187.813180001208,-2.7752474202005577,0
94.57844247340785,-451.6351521610861,-56.62432945284572,-103.57735641910928,41.12433860945531,165.49223027103648,85.44847451471064,-128.62799089601347,-458.3578514764303,293.46198806864936,-160.43538442825357,257.45873610189403,28.3386318828861,-59.247740143458806,-169.68255007175108,77.15548351919868,299.96395456383635,-160.60540507870783,254.409673394847,-68.99570838617714,271.2407299310279,-306.524104842108,197.4923379383163,-242.16374352836013,410.8170190197917,1.334703900251185,1
19.718858239219863,-616.291001820832,68.5393684585367,92.99749151085052,-28.63632512859312,274.05847864654123,-291.2295868867932,31.600769822199915,1604.8208335057252,71.95544526520693,-506.73616722486526,282.2830895916003,-82.82751900954662,-104.2502863379648,-466.6179720073522,-20.693260883889483,358.20449547275865,-82.9454486327538,-97.275721483889,-141.51070596262645,297.37751827335546,-77.5751230402883,-99.99857167886444,-147.01192704235592,504.4295914741589,46.68893166203986,1
161.1622655249158,-469.1433192301113,-41.60066788402937,-36.67275406720529,42.34851743248277,-231.572100594217,-25.942771784388423,502.6519380917829,-816.3207671127709,375.6932116074696,65.9025057480227,508.3777055074526,58.422386521791886,263.9305893126653,-208.8818038843659,-367.2168401963114,49.76893705437065,6.814903781554335,204.16693719219927,-57.42063181796282,-24.408418436361732,-88.84448703669996,76.30041089946181,-26.282487589912392,357.01049517481687,-1.1986730016615383,1
-52.70132842901975,-353.1924654811378,107.841314486234,-13.586021799195525,-28.46420926447833,221.9870831325828,-49.03537509713732,456.58575186668975,927.0297541685616,-96.32335669855676,293.9027049323636,-54.93828062698913,-89.66421645610257,-683.6683783789792,60.72636643042433,179.31229670521657,-55.24131723637963,-41.10899050720933,116.56361232286254,-91.55132932623808,493.6752871956739,-69.52640169684399,18.985574781512412,-10.341182982312729,-247.3428028087312,-53.32828153913961,0
-7.681247388322673,136.01625037575448,115.9902493651916,40.32244591189016,-33.14762998184341,-168.99640446566465,-172.58611620510158,111.0155986383165,762.6763334165571,-209.92352052630935,-177.28533621974103,271.8672667589541,41.71371534946319,-129.82517755839382,-334.9232541550816,283.3551237814666,387.5135118700798,150.6171979862721,-446.8706537101049,-51.273757062474445,287.7836444901625,-642.6025215083242,-112.4823308723261,-245.5332109430121,750.3324671346148,-25.130653523045503,1
110.2211198316038,-939.772479497873,61.85160331277461,-107.26484820310046,45.83612372777295,-529.2007250861936,272.67090800516496,126.96049726880196,-497.9854182991169,357.36631473290925,70.3968556946301,249.1651194467423,78.60981936418312,-84.1792030141825,-66.5699435084775,-171.51725159514206,23.0822805245825,-168.16354815305587,261.7199425955036,-43.29224979750386,123.28169902253038,-189.4892079153433,214.0042144689739,-62.25913783730357,392.5664434312623,16.400226271541346,1
-133.04960232109278,-381.3383834455763,90.08245888662044,-165.03102386855613,-73.5464849734854,535.5585469684747,438.4385869179664,188.2608663277568,1514.7101842701734,-122.55768343664954,327.3954739269232,165.48660647273755,-137.9007044103157,-422.5285088785057,163.9321410674728,511.1052647046622,-6.66924238662534,-206.418077628021,20.474231649700595,-91.79307444262626,485.377413483905,-57.00817498257608,10.381938088979648,-35.00790106949183,-655.212517652313,-60.98792680830152,0
117.18759413942746,-165.86146557455714,144.94938610894096,178.72927820755297,28.051590430436818,533.5418200449028,-5.688328142940243,203.38895836109924,831.2739808090748,137.57197546269785,-125.223870395298,129.21739501577224,-26.2401102782849,406.1923885176258,-94.58524284293009,9.539296167173744,158.87404961383865,371.0568082403119,-53.50367280035752,4.370369308516944,161.151765118679,10.910855127702854,-19.089401757631077,-145.06057297121794,-22.360082769156087,35.28306233259232,1
34.465836791573395,-421.5637052566195,66.35805008825875,-147.4700844178805,-12.357061159880026,151.44015639535476,231.30128321400304,-87.31340835853308,671.68041770713,-99.33194522590186,-100.81738910946794,-146.6927253233925,-16.89753046585165,-152.93947665256997,31.366958097035926,406.70004116821536,-140.05297879545594,-256.368290829524,156.68822010362632,-54.58216455705915,314.4726315874082,81.65330672606677,-38.00647697147742,10.506222682246944,-480.5598813857787,-50.19521976236846,0
-77.6120712715468,-147.58792587055015,190.8657717059536,-171.7272107860999,-22.775069416626728,40.44456149592399,96.81421382888102,-20.991358568344765,1215.1084569870038,-368.9650113847479,291.98166984507634,-44.54587754083466,-65.05967967983749,-222.8433683925373,-13.925619695666608,55.61858020194301,-216.95991931580616,-381.2855000584969,425.4602293179565,-122.09606470564522,486.8530940678666,-138.47515053526962,-111.90052360983256,-78.28053083549854,-518.3608141783716,-28.473968878421644,0
30.9224954425726,197.0938037036975,-108.75096039708365,491.5905603790547,34.0712579709969,-413.7106821769722,-425.2385665592294,-270.12562907653074,-316.2726976792395,37.46518035306018,120.9348428580218,-54.19409456137541,51.71433193988253,-449.0163643640428,178.24253234130504,93.88640922479505,187.3883639709179,100.27092423568104,68.1074293006007,-45.20881215704246,-13.9266904362876,56.53467036802925,93.5005359566649,126.94563296930777,8.932122482430843,-74.87354161081839,1
70.27776242347713,130.16568682485556,-132.45684708647627,409.43213599296325,13.796197334590808,-557.6686497017698,-347.40318201845764,-317.2122482972106,-141.71823765406018,362.6715904288404,165.45841669757766,-250.3356722683264,57.91806888405436,-341.07920027247354,109.24451371633444,241.20971024716536,288.739436662892,118.78461081991604,-364.7194867424095,-65.1631771666997,-466.8602967431999,310.8204778752857,-33.21110501359049,17.23176514232677,-247.11509096050492,-16.59481812193604,1
64.43191042790056,-113.33829663611364,80.3238430623515,83.69147154579406,-33.67071462547604,152.607405462386,-461.8239641527631,278.7716392720792,322.27067750248455,257.4332441217373,-312.3791133847884,292.46367404289583,-24.22552013653375,381.8014730110396,-229.34933152541916,-202.37390761803192,354.95314555915127,204.920288837709,246.7601066367627,4.387837875109026,321.90409355708573,-441.3869507813011,-20.81280531572858,-58.615243461039896,36.880424024651305,36.70510671837927,1
-14.549224763433047,-177.48083303411838,34.084523143332206,-142.2058482066208,-27.229966084167145,170.94440167018874,-110.25465876388006,-11.901291269288508,689.7574629234531,-32.439297193490326,17.540145158693917,-221.63022884131945,-89.5770439259544,26.09626454927151,364.37678496922223,139.74056875753772,-92.34025855765296,-82.36133647694912,298.0812619169416,-73.36640110251106,393.0199440236453,-200.1395607603904,-45.747288643336255,-95.15208694224238,-31.49810601639269,-75.94114452581776,0
39.882455886207616,67.65017062799426,76.82032848249776,-249.41242629515256,12.479365623001865,-876.4106202659073,217.6294631893923,225.6017576242811,-124.97183942642286,34.54682606017587,469.2392273702337,357.6149818082875,27.965286566160263,377.6786098348558,-392.4732489143158,-176.5106811154173,35.913643646345776,-424.4971787409742,164.63203299493537,-132.97095090708262,247.63888006101732,-5.591448165374213,-41.92127415077137,-31.281637805874627,87.68279090867007,46.83028668318848,1
254.10490771257733,108.00427176239543,-115.83723071635572,160.57064350176415,-0.1621327686230644,-406.3105573453938,-376.3718189195222,203.2809889899985,-536.5296134252029,184.16034546417512,300.33906782333344,-326.041879369241,14.669352127725688,-103.6333774465496,219.84606290150148,401.9750631968448,4.680466878471524,-236.8904679258871,-333.52879692641864,18.432780899150917,-362.2116788505348,670.6634121216372,-34.43481825087981,214.04356606915596,-387.67610093500974,-33.28740341786578,1
-155.94903383494932,-483.7252511091217,142.33044419584627,-260.83848542757744,-40.54547941517452,-41.14444249222443,549.4818908716034,124.31473798220397,1571.3045833148503,-311.6299318379497,-25.13269580475072,-816.1923938016191,-51.69165582858303,-358.8233985385611,234.53714421358012,83.88599441998527,120.26155992579892,-444.8475769993166,304.25335231981296,-94.38708447315214,186.6275110428633,-660.9584040050761,-216.33896889797023,-110.46076685566908,-536.5531468157261,-40.8121690861277,0
224.3755859358208,187.5710542600276,64.32713814536564,-69.71120227975753,-65.80442053138995,400.7545169884822,37.64414655202471,4.370358467354047,74.75663209344096,465.1355210442941,-42.12482681521978,-113.47719651561216,-79.286811334146,420.89236186001847,-251.25558036863407,397.8015630459242,63.8754995586848,68.21901588271768,-188.5604728785232,21.685504814459804,294.413070334132,-339.9914015204314,-60.83576466433851,-164.0129765765182,-120.0660258300712,25.30691007234285,1
-56.93752562802821,-538.2547462292491,95.01550756952912,-132.54913550562165,27.449750702904552,-355.64721204856016,483.5845625195264,71.66845875738954,359.4674840564722,16.655962312852317,322.0776670986446,224.37770854925685,-6.433608792529752,142.8126139806534,-327.9696930688204,-250.2361082569006,90.85501884593188,-704.9312015263686,2.676613727608182,-77.598919146502,50.65026819003289,-27.89464163194897,55.643073640924335,-109.55929703085404,371.1844820422446,30.10080219411721,1
-145.64220153744364,227.9402288556473,171.79630247496814,71.68403890496616,-19.50035043577251,557.0953929400766,425.52179716105474,31.301190016072056,1450.1513322585115,-168.67987374869722,264.3353715233238,-156.38458546281151,-71.55271871510902,-358.75465976497634,449.8462593071959,-32.42153516761537,-260.61487371726344,-284.51706649069695,568.3508844289807,-83.77224723616969,347.85173936725874,-438.60615871295096,-188.56587027345307,-112.5540696168809,-1070.697728682694,-12.84501734550117,0
242.744630526046,-670.2032169221442,125.40811512171628,16.33808728985393,86.66295959890917,-450.3720708290639,155.46280195262142,240.71777346456855,258.3346429860055,412.8479389509653,-103.78899008939996,-132.13934747219136,106.02039281694778,26.967354635806178,443.05439391211166,-427.8770775317925,84.12672701976437,73.75867065838706,147.53171425552569,-44.6883249856326,269.6850265865229,-311.1958246595897,106.43703524158296,-194.1878111895292,676.1905828865367,-17.64056580029705,1
72.631521508534,107.2770378390337,-65.4738941565205,85.0621671274866,-9.991511780912038,235.06654948986323,-1.2789621261465918,312.75605654443643,887.4303067430845,-58.55710588847124,-80.61032996435821,5.8065506800579545,-7.167872173745032,204.5768473378826,-158.08459049867145,177.36798091172946,283.47156021615706,541.3886811015236,-224.44407379673297,-119.75687168610006,324.63223559641364,-631.0858725549078,-238.6365573090182,-323.69805959276147,217.80921911543183,-24.51089701564783,1
41.99833202794933,-291.7700739762139,139.32131869279604,-45.9462753341685,-13.732750168973023,233.40792078621052,-349.59297718159087,348.70795944139013,494.3625602711927,199.83652670941865,-117.89968446861988,201.13933020591975,-0.4420058412925916,706.6204627912803,30.67574108192224,-80.19622697162234,48.21682156641081,203.270532343652,-76.07815755346941,47.75261914460628,32.92322598366821,-271.8641035394912,-166.401052427673,15.786574600371369,-35.33215098529956,85.27159028761443,1
137.06023690515292,98.64902639273136,-54.58495167658185,295.3331353764198,64.40760676175744,-605.4881704128032,-630.906847851094,-486.7526872755835,-464.8724502219488,225.26712746056103,274.03684574674367,-198.96027698723756,128.03179696747895,-455.3998466792312,167.4215970504504,347.8883037263037,397.0747532375317,-227.902099142889,-606.6435333070873,-97.26494062360196,-525.4224499038532,340.4602259756662,99.13958935050256,244.8203905960295,-88.81352046504507,-45.3696168733977,1
49.76915982264825,-130.4078671872504,-145.01504333764444,238.845074325128,-72.16717076505702,493.92609649313226,-236.0688978931924,694.0871391591716,331.4754950518372,366.0852695924232,-69.6796789429979,161.93717920511446,-152.75945811186688,227.06220320192412,-133.79478281622573,365.8191438465327,14.628300148013055,740.9544985111966,-341.47451756162246,-77.97287221833517,410.4223710436855,-544.0291134942607,-52.44158632740524,22.16186927055221,155.6906821517732,50.092219331735215,1
141.56319515609457,-344.12379155749875,38.5878491017207,156.61372075756654,-25.28090299051576,367.3357137597697,-227.8971928091713,629.4527260873781,527.3756348106136,179.8884350412545,-83.01291355437185,-43.47236459106901,-36.96973806810245,130.48693490956322,-352.1849023687044,614.0569459560279,37.983658762170336,263.91423168151795,-731.5259669887768,-94.69887237002696,207.54666158242696,-545.0537715136626,-144.01423859112592,-150.23279763179323,171.4504715390756,-1.1561829426356436,1
-103.6152928884836,57.292832126673424,85.18481010948975,-89.38530174847489,-35.708887183902235,432.4049055955337,-203.37620216090767,-128.71891982033466,707.4401336887526,303.08493703502626,468.9533613738121,-200.70351100873287,23.041390643373024,-376.8400143488158,468.78529685522415,638.0877061095782,313.451415443574,-470.5210965457168,175.2148444123846,-5.84669174811923,365.7577461697993,-76.36448192678465,-145.501643391388,-204.64169817963776,544.0822379644532,37.32016111111223,0
-99.14834174173605,-120.17550907563276,28.86641173560936,-246.954206962436,-10.88050797730753,446.04024981238047,493.97921892434215,308.25090389116764,-112.06911739833076,-172.37937395053737,368.64677846733866,-141.7029121236849,-79.72410258474711,-703.3977909205162,231.42264712075303,102.56435088754291,-529.5394417344917,-585.3299857669876,646.2327200859202,-72.58001008047573,-15.414927087002226,-181.9709610460812,-165.72159389742032,21.13532295423871,-303.5159825311296,-16.887627080167416,0
142.72267534120792,566.9181470198606,10.55535477217454,-126.1097770218396,36.098684920156494,-659.5919129718584,-170.77207440982585,-508.72110991057593,-96.93167255342446,139.74976415559982,34.63726348826334,-235.61269838062847,103.4751995210588,-354.6124836692957,497.2359816345076,34.52634611343282,451.1113873583471,-10.241089773580114,-257.9879272902602,19.35354465340772,-212.16569030165053,244.2681595607401,30.37879761157819,52.28630253300795,-599.9816162843298,-79.63988266971313,1
-188.5421704329193,-69.07704109312317,38.17491249774727,-7.972513985979135,3.954488477516072,453.6363076470007,98.9902139193858,250.08927958101765,631.4255852317606,495.09315719932687,82.19123758634707,-431.99164874038667,43.82331936845204,-115.51424015508738,-135.85537638515237,-169.2903257397579,106.78676866869426,339.8310364089107,-357.5434119722231,-139.47850783032277,265.51010926406843,-293.6499487900843,-18.272946378343992,-162.33935473925922,-182.31801464827055,6.698694950454637,0
-63.862976173163005,472.20786510574646,-32.69551188666241,59.96300323746716,15.846261411755048,-342.1302207307285,-461.9698988289495,75.77827398241878,-553.9586488552804,259.87117710409456,99.3979655776161,-241.7702776302552,69.78191512851292,-255.4875082678179,410.0813300615471,-198.38436893511556,324.741672597074,-531.1771694461645,320.0115925807324,6.382416904772468,-418.6850172461515,730.3139127449789,86.49733971360169,116.19897493159915,-391.5908644707208,-17.87010920913329,1
-77.15681231373952,404.4913971260524,-39.61452030829835,314.3133664323051,61.80050069356119,-365.30245887638233,-711.3654186328395,-208.37893249743055,-558.2236754237815,380.2430561548183,350.222788887985,-183.4843241142431,122.879836665176,-270.08138374196915,278.9936357247365,-22.74617082298508,180.3926906985303,-107.88893471445051,-114.5719467404393,-166.52650466539376,-390.4329511968743,672.4466687049653,172.43587951171463,245.45284934930376,52.222433408203536,-11.872903346491745,1
87.17662874872883,416.375639658945,-57.51896741915586,94.97088208591042,65.83674668918013,-622.0076542270767,-526.912528633319,-245.97823152543165,-1433.2177100323927,179.68735633321492,258.02972861402696,-367.8610400747883,31.694266489034973,-9.883362981226911,82.07629844126674,320.7532135631721,202.0195607149577,-277.19503984068405,52.89254288184515,-25.544270394810763,-634.3081620739723,453.83930679693685,58.295645885109536,121.50826629877302,-406.2829935096243,8.90002616853201,1
166.69203191421087,-350.4375435061916,45.65277136917789,298.07751134848405,3.40607466827084,298.4185129292363,-156.92818655176703,462.2904882698186,588.763412962849,212.11437947256857,-76.38692150517117,205.88408272386917,-90.31019492157412,531.8544667670116,-36.48122595543038,311.9345580032087,342.1098340516266,175.27617632343564,-206.29639816489637,-47.9400487397054,-21.52208234202805,-506.2204814277577,-103.389604305252,-32.29216594730271,285.1119200630137,12.11900701372043,1
35.91963859675398,-44.72614118293437,3.460600445723028,144.6958070308289,72.19011164537427,492.0462715622461,800.526840442283,-327.52183405613806,1542.6251387514171,129.18004386840497,-25.019029542655893,-176.39963029628427,-65.42422115889534,525.4681015147542,834.4221545644657,101.2800655959242,322.43580569321205,453.8641634727856,450.3446423153406,16.5633068262036,492.2768940188996,239.8965409774794,54.54479475609625,-71.3218792104725,3.5097711541115046,42.85955703067159,0
208.01618367762345,35.068231881113924,-84.71860108536313,362.33938708844346,26.220944346814697,-531.206594419034,135.4791591599259,-591.9700485428793,173.44531646374193,261.6350509957815,196.64704765051445,-367.6827696360964,7.403602775952316,-103.70229626560584,123.62923817610526,196.6147344824208,558.8603592851365,292.5231199122997,-278.34303896474506,-5.419901123753723,-330.03825036318875,316.2593422189631,121.0437759863705,2.1578728439294226,-118.37911739784153,-71.87163440758505,1
126.95132911192697,325.01792026212973,-25.136681641534587,167.4877024465666,-1.28753605384623,167.2124812769706,-106.15210634950024,-17.33570418683007,977.2071964107054,6.153126357720488,-256.1126765038731,337.53574747515256,-29.03248965955682,390.3233145911761,-157.2686589667695,201.41506580562717,123.13691027653458,566.8127495229326,-369.3288414233281,-185.16366703200052,193.92446865727212,-199.4974523769921,-109.84955719505648,-167.6581432192504,366.0662867955904,35.9734691943145,1
-138.2846821840077,62.07489163550719,45.83846781975478,-143.34516256449493,-19.78370646965315,212.3521298922404,349.1481690007212,252.1210621155205,644.7801063110983,-388.7759161481458,91.26406072807058,-657.8673869464475,18.257838686713125,1.817102910762161,227.6591772132504,64.60028829131434,-328.43432110530193,-687.4343764324703,308.0070179328377,-46.26908111264517,328.98817452176417,-399.5236375803753,-173.27027410811056,-191.4464017298321,-136.09091692844976,-10.36200783972327,0
105.4170292114202,350.8226200853126,-33.995718145194374,104.04771506003294,39.15834709464186,-377.96272412655406,-120.92154582284724,-298.1713005144353,366.9790728465495,69.10336083554952,-148.61808364309613,-208.63679667686927,86.262019486519,-221.3530522423196,354.6521523277993,394.7974662377108,372.34577843671246,-368.90096972205504,-332.01815017560955,-125.73007131261404,-200.33301726272452,444.7197332230512,102.66565952747844,-10.104126297712453,-359.97379709789163,-32.949460364339345,1
104.703246411774,-444.7803975744531,-62.65247406260801,39.73498289882515,0.1792260482882923,370.2126659914669,561.2778880598457,37.60551518650849,760.6414388424362,-294.981383477549,-47.81540834908231,-421.8517730262207,-57.94557243246955,-50.60343068752621,94.5359477451812,410.50248333021256,246.4439865104098,491.4555669356981,122.86660769068784,25.64579076198665,91.61318939880212,-108.28651578177742,22.19374164516562,-68.91914383599976,31.533082380500755,39.07067933366218,0
182.69732932558784,232.3899133157088,-36.41147925716967,287.744719219626,41.89876203105591,-151.72826646901382,-233.13293689984323,-453.36521150935175,-97.68967513358096,172.1447619937012,219.35242187341623,-230.63930517567684,40.7642118808419,-291.11155160425005,243.85423367590005,-36.61006849651893,35.45895372075276,-285.66684519666546,-243.58849563194963,-28.01957442569865,-82.71806728379309,309.6300762448624,163.62170852153636,184.91876299204617,-604.7586494310154,-40.87007287540116,1
28.37613628613513,-713.2163836018823,32.34302611042748,131.14962929785798,-15.579061257897797,865.0361619563,-190.25706984729092,626.2361832185619,590.856320743044,222.9368389874978,-70.0054086703659,-94.53460544151592,-145.93824937445663,31.815812557421467,-307.16119789937085,653.3552024912866,-46.852940625375375,192.5539280511223,-614.5233174557211,35.89853556469127,282.61332647330323,-127.44500072915356,-95.93453080901138,-66.34610395105169,32.4722841662028,46.146737493457465,1
227.9703750666455,-464.1084832494101,62.07265128587825,175.82026391599635,-45.28686095548792,500.2805833198807,-202.1069081053226,219.9694877685096,1448.217232299524,295.4302472229171,-223.95283611190436,33.575780948578824,-90.14111583430706,380.2663726223548,-302.88459142578955,524.5149094994052,85.77933476425207,-218.78691169666968,-526.8197137529704,-173.60850940706953,187.72783996366985,-142.77902130339092,-166.38986944136258,-102.26593345862254,-37.16786294349578,19.71157348906391,1
-89.09328326033369,-659.3107278977968,144.69224528770957,-335.9345015503027,-49.8804245584461,-423.8898914270136,280.6229649509808,163.56047059049712,737.4336260488104,-181.89707581697775,205.9866601712903,-33.0795763474242,-18.839913262408952,-202.5969823733535,-5.277436831951346,236.99422837835635,-139.26981556018774,-1074.546313178828,140.12854020868247,-19.89136481233202,337.9379651766096,-487.4036516469491,-126.88000392567386,-142.39717666873662,-891.4693874048492,-13.684334989390502,0
12.99684497218391,-166.4143155236151,200.4241568155095,80.19122878735966,-37.05671522877806,-113.6041370016054,-305.26493518912207,-14.743094418255438,877.0589916384936,203.8548936522916,-419.4443132697736,737.1297899916815,46.801645264782046,403.9123249644449,-318.09200750009774,89.5872008611921,300.2878955229595,383.0045160814275,-64.31580510312217,-104.57586979179638,143.87976485500866,-271.34974574596066,-34.33693326032915,-33.408896892961,477.27999861651233,49.91771971067665,1
117.5177847889236,-480.5693022098831,-66.37997198712377,83.2323551599553,52.74310767117239,705.2351449491797,164.56722658695818,390.0447667146115,-307.43687805989293,-201.2058000093288,2.1487140074219537,-266.8992441586542,-57.29956661730004,399.9503956623069,-83.79890069386292,335.1836938855031,381.77235524173017,30.15896286258216,263.82876556702905,100.12639592036648,-46.59347722662526,491.4385860651577,289.0846567589698,-111.5012500817906,283.0344181213405,38.73622150402605,0
62.56938964312111,408.1310968571475,17.738010447246086,21.533983929864963,45.51889553022889,-305.29584913580834,-173.94622229780836,-320.92892290819594,-776.2400678152954,318.90625374243416,324.4397530527738,-434.649935470716,26.666221958589,-58.266562615633,242.06855292418143,244.58395477184044,64.988250365683,-605.2234289674117,-375.9651059310551,-60.065170448160885,-445.0984892369252,454.8574537884829,168.8766397538623,151.81141515024316,-172.81250165707917,-29.94549541927251,1
151.92533872565852,-160.3661168589025,-62.38401853383175,335.7675842931725,62.17108940385617,-202.7307798849824,-477.6410487961487,-418.3241447204705,-273.7470150352915,-56.66209866091739,151.31478607139996,34.75812166274189,78.18850712225662,-469.4450709995445,-39.56408575702258,473.1611006134033,83.5454694299142,-249.91562746432908,-268.19160116297184,-109.88668427636485,-43.08001237324152,-10.322864171644362,44.42777209620586,215.12621727327732,-70.13183614628768,-55.33634844147016,1
58.34903619976372,628.507013876392,-11.00813535085538,-115.5819316931942,28.04450478356989,-686.4207616527833,-108.23191740042418,-467.4261297871652,-646.5106536242728,1.027194888830326,106.16768094898052,-209.83906791432,101.5500883225138,-408.33624812609816,289.34999051460653,268.4098645123006,309.3777914344045,-1048.585196012437,-481.0525173474143,-64.90690002792273,-702.3354099013671,201.3129292841741,105.27461596703682,138.94065093471,-567.8518507696335,-7.792205626114367,1
-71.39623497854745,-564.4844122051707,127.14183713172476,88.5301236316305,-10.075296492268624,-19.717755471645177,568.2816297134501,207.80565225037267,576.479245593266,-5.54408640656089,-212.66723292575563,-730.4547696691083,-61.05741611182515,249.70478033908577,43.80864021583052,796.4086152322184,-122.53618016787792,-571.5113699127588,526.8582608074687,-30.08539708371141,513.4738168982534,-390.7866745674002,-112.8072090285923,126.0074620753286,-607.1034803399666,-37.98649866871664,0
121.44985005378012,-129.84828060582618,92.14566256086997,330.2134417184546,-31.270276988931627,-218.2085212160513,-307.6531965949138,518.4747248548819,896.0156080055726,166.1952763788108,-295.14381815402305,163.65112533934732,-3.2547400274427947,121.80727603734776,-342.9709870709412,381.8520697672128,173.60144607494928,-54.77252351571087,-312.0573457067063,-190.84828050015216,303.14798534116284,-285.5414406113309,-68.26555714065988,51.27142845438488,301.35214709223004,27.70432176467037,1
-120.56124901278254,556.8465876830289,-28.80882542068648,175.12629600463978,9.901829670952996,-94.70277657884752,31.79400720062789,-123.38972968581176,-47.61174707885231,302.44593474138696,319.26628956864283,-15.17162276156514,71.71558935824567,-157.48379044153597,412.753385788431,-76.56472876237115,507.6796316371618,72.24185771001956,349.57397381323153,-116.50725559102054,-392.57934323462064,425.2347799579783,146.10227356375526,126.82312154594278,-101.99738974586698,-33.05607343265461,1
-146.38882370930688,-537.0316253380232,75.94928917057852,-286.1435388774464,-0.8850296944319513,263.767149581494,-354.12952272790903,-252.42267932937327,854.6879067873839,-13.941434297563776,179.1646620557569,-435.6518195215947,64.36611844369803,-256.38082326385165,480.2007067007604,415.93432629377554,-8.24385067945085,-68.80578667486614,-260.28325107512865,-126.31104572656798,199.9177735322571,-473.51430292893167,-93.2454806742696,-140.97825941431586,409.5382904518608,-11.993661582772011,0
201.71501225943348,-132.27798223045238,-89.23903048992963,196.30146726765935,46.30264411352076,233.3114158903057,444.85277731999184,301.45859621479855,546.0757556527519,61.45196345282974,-166.82312304332316,-110.19342591639057,-29.861359118677665,570.7666171010238,135.02313278338266,93.00720694907837,121.1098436483958,502.9619784510294,321.6926911084748,56.70162956893181,700.7010719451412,285.40663029655013,54.37573142294877,-53.35185600661908,38.90564701059168,22.225352727020827,0
-84.27325610818552,-353.18872681038874,44.95070292008072,-249.0004054414692,15.008611541202429,-34.315952496721835,713.7592861601661,22.868067090808204,-466.1943754379556,-40.06228358513388,127.19007207831662,-33.558125879163775,46.81879718623637,377.4957798036334,-579.7093291311792,-466.0284927928125,116.4129670251414,-914.4449780962156,298.94146443553774,65.5126660291264,185.08509684632492,-256.67880919847966,97.6755436685523,57.41798649319004,222.7832794670577,32.15277162028612,1
91.5277682535128,33.14350094618835,75.85192312091058,149.5701649083528,-43.67706025561517,-85.23262184306597,-171.2674319702092,68.22624306612818,887.8304428211093,47.79906897991306,-220.18207768905845,275.87572970161045,-29.192341426316183,-44.76338987137781,-364.7696870710197,396.4321966796648,431.6456242471028,-45.62890686471239,-434.09363009368514,-113.18501910638568,244.8869493775184,-334.5522948056151,-24.77507559466495,-31.781803735285912,526.3174831691055,14.316620626731977,1
-206.8742391616845,-85.81954538605638,118.94747073537474,-302.360655880144,-61.47774685362669,410.8147939825894,417.9003322950241,198.3054582162955,1057.3983780622807,-397.777516113584,400.6689341171555,56.85149030472137,-130.35465943230454,-486.6834184456898,289.9936891924957,4.432054572086059,-228.71205089827868,223.3163618068333,302.2018182400393,-125.40573443478196,24.88444787639854,-375.1457057681882,-32.402199846672865,-121.9536021177226,-336.4713386657862,-17.219970521141057,0
175.37219713285057,0.991902109003424,176.99297571616765,-468.78410043961287,17.820842355575266,-141.94882963110172,668.9285736071365,614.119423446912,-69.3932093439381,-103.08757053818228,430.0239711964829,327.74662682889,129.77333720894336,293.7531104390009,-240.47233530950203,-203.06344879591964,97.63361282819528,-782.183886213708,408.07252454463696,-108.58593023255324,401.1494833347403,-613.1126844855017,12.5270987438981,-82.03873838256328,-143.60088107907114,74.76300901390157,1
79.49719510375817,-503.5965161921848,-8.82182813798984,190.09206091340272,5.359328606127374,598.1143445171814,-496.65023557581634,669.8130367790418,827.5222026625736,212.2190992028712,62.32322703846428,78.08903848627394,-185.0465978769974,146.6687611875999,-125.07835913200672,276.4883012093412,169.66207121173156,509.8476061036391,-491.1413099949954,-30.113246858595883,319.88975174254267,-113.5050061120902,-105.05412004523872,-86.37115380009534,127.97303739889556,1.310367989863466,1
-177.9124986350099,37.67260497519781,-28.844158941786063,-194.41043547959737,-9.731477444962168,732.249521323607,403.3013715871048,516.2899997828517,590.4091271357138,-243.25656097517916,139.52236072747814,-553.9634939782767,-40.49963693716317,-476.77721788531096,237.67282237422503,183.1533887901694,33.273676772176366,166.69489611553922,60.95633720407184,-85.76799354110152,182.661808052309,-336.6584081316699,-69.783960896197,-193.6119343912709,304.8371062571366,-32.663472663200494,0
-177.9524245243045,-86.52069631915816,-72.38399069137675,-145.38666954482244,-26.380428960089304,791.0158880396971,333.1864210165384,409.2068133951157,504.3331223445464,-7.88761422046675,137.5411428169392,-237.2956892021736,-101.94488335228463,-514.272429915242,673.1092685250234,58.16583483246066,-313.1497082795248,-78.93856167690682,520.0683960174752,-95.62643187788098,108.30976933864486,-134.1061839517941,-46.37613308488203,-207.76921989358345,2.65784564382771,-22.256850383746837,0
30.361361178056924,-794.9039829020726,88.45828120429377,-34.78912440032686,20.97973362252692,-312.77901154538927,269.206359947857,-118.185869699566,42.59067020436629,436.04912865256745,197.59698722241217,481.9638325940076,15.591117994623392,72.40291648375508,-195.99101531675043,-136.09464625623252,95.8393671103348,-330.5162957736003,127.3602791156402,-40.82129763536568,117.51178327047585,-364.9452009325686,7.2562354137985725,-121.16265084219609,496.1791912859927,16.342004875423065,1
112.02834224025072,-523.5494404001948,44.77707257885734,-257.7896288694624,6.900983866030499,-28.767740732030163,350.1203349327644,360.9712306956295,195.8538038638969,201.946974015622,127.51075875303172,334.93950655218816,35.66997498928638,-219.07204523373989,-181.36750306702348,-376.631815768904,553.0593142373056,-37.43224444681927,185.5644573375853,-43.88486805174166,310.28493272189417,-974.1051970671936,64.6790489454695,-112.23140582062942,-172.5918738499593,50.00330287761058,1
63.970373871715154,-775.50006829028,125.99402927575102,602.0273201645815,8.276381596377176,700.5962677000473,-503.7997571628563,329.9764183672001,1512.68976590944,49.06127702446065,-314.363314962906,245.8212727133964,-55.92374771995416,352.49701555768377,-56.1074081857218,231.772671350272,187.36506385761925,467.54001014947016,-135.90853647316203,-67.34237408152813,126.70580239669545,184.22052216651096,142.6020935847143,-84.86219132630502,180.95672588550013,49.427543881095445,1
110.43559009284796,89.92820052787525,-80.69131482459235,191.7633519205521,3.3196461673371136,-74.53593080877141,185.4514984992547,185.7566035312873,367.1504618622081,216.10027628809675,-176.51229165790272,44.268968816778816,-60.13665525758299,369.87267341083015,222.93513591834392,146.32439058016868,-239.34098815091687,723.7992349832523,238.42923882255067,-19.254675089629096,771.0274617580228,101.55288386588572,22.52077809166234,-74.49092801346195,482.5645630016482,37.45591467241255,0
-37.12402444316356,121.22274438653784,-106.56979735912446,290.9905508509334,69.40431287452802,-281.9258539661346,-464.4653316078935,-77.78874862581965,-418.67403408769513,274.29380176557976,50.88532834821184,-369.917018562844,31.82046375341587,-105.67499252305224,141.93995632253942,539.6381158539031,371.0690436414063,-96.80907949077957,-190.43058397099145,-111.85775693237676,-53.802076279447945,624.6640651887326,191.8271084131798,211.4917812298773,-244.04026097366005,-22.779082309107768,1
79.95895064683164,-117.5509730857266,172.35401325817864,-243.6489500191678,41.40239077224875,-662.5449810289807,286.178348506267,357.66181843890433,6.2688914026887,202.94116921904043,224.43580644172,427.4218252495458,79.95543046054732,288.2026972118473,-29.77440683118364,-233.3098286839962,150.3485873711655,-60.9909691872957,201.2885637100944,-27.35764060605714,605.4120396670481,-645.9317318191954,-18.784220593767,-106.37733078162064,35.69879093442012,36.53381164029708,1
138.37878093602637,-515.7960886035769,55.44733675759751,4.620089706753672,12.448702289945164,-352.44495981855266,4.807036075143184,475.0393981601116,614.8342607090905,-38.1656075246301,149.42214722384168,469.5336210806109,87.88438781351942,51.55251764177226,-69.95803369439913,-452.984951410579,214.6854039990484,-707.976322921453,429.7909332323562,-140.00100295476722,22.201624896314254,209.28395177229407,33.29684050949345,-65.2467258083382,391.1611258255424,16.83692501994317,1
42.95617245957003,-359.1109358847552,53.56433754936884,-317.1418862845888,28.653829591490595,225.06777039986923,686.0524892385776,307.2875933648041,-573.479937601028,221.25755202284824,99.33304919401242,264.015222247655,68.7781685563212,181.1320522738989,-316.4002140277421,-264.0578740840184,-79.9696251977384,-528.9733313151457,226.52270873124195,-29.30215248372695,329.44879670534226,-850.0414289542542,15.633408186689737,-132.47416738735683,78.92642885712608,29.96171597148247,1
-63.95140596610334,-342.1488360124165,-14.948043238282123,17.703830977678514,-9.493541222872944,121.91302193157844,-322.3824551408313,-5.658986510410127,338.60618812745435,552.2460280619291,165.67983107503667,-224.0129139057509,13.012096543009273,-314.0482912013407,119.04216032530208,42.04793863953954,14.591590802314103,379.5274273431378,-418.6323693970456,-53.15800241382939,304.39137287250674,-62.34429153469833,-2.4826394429189103,-0.7778734208131781,-31.822494057020947,-33.606452239904954,0
30.152604101697992,-405.3760944326316,146.34590405019307,232.79273169818995,-23.53632082172691,37.241715119324326,-199.6199485817289,139.31751179870145,1139.1857140412076,109.04850167875598,-184.74911936675971,310.7074636821407,-15.43134519381771,47.78033050527419,-137.37508717543722,122.61664350246228,216.341172237032,335.9641954859482,26.508221908123133,-16.464587323154298,407.6257497445439,-119.52065357725444,-44.886077931105,-49.990679709791365,558.54401036363,48.01825705755995,1
18.68550753083304,-457.5083922480428,131.31488621273587,-374.223133760235,-34.93233450018526,85.62518321598942,-782.0018238166467,-210.27102883010843,691.1135968602434,149.67274345175585,-75.90818811973483,-591.0442247889725,112.10068549364112,-283.816784669892,36.053820777277,27.10973273644003,189.91921584273675,450.4684680115165,-280.4292343998137,-106.09880984164457,371.6544248783687,-268.9076080317763,-9.93867992189904,-198.30403443835996,841.7765144460643,-49.78498524684341,0
79.28221754852305,-212.64459677290387,15.730739500686193,-128.47853967095102,35.10936514455102,406.9062310997327,357.28272197995057,527.8525524585041,-26.894011887080715,-265.1311038667492,-3.96416803046113,-48.11315869849774,-36.2417416162678,243.4935851546327,-29.264426948160924,50.61278514831441,326.6016738829458,386.23574245046353,268.6078975223692,137.1003689909595,10.17191810933253,454.26552440262856,122.3275854404586,-18.313808064898204,188.87695172642304,36.67759962022829,0
-107.97285460433888,-111.19817152063054,86.71798625073217,-30.76194586342096,-18.30485882172059,276.81483982974163,-157.2592528388902,-48.77741816880587,683.8251077852846,194.42026215047588,80.52827222794136,-444.9515800645468,164.75934619658912,-181.9103614878049,-30.019338405451336,-286.5612394047808,126.93427205939582,85.29274273439947,-317.0756259140836,-93.62587141332864,429.9945553645968,-699.7020360612868,13.988937276260229,-195.16291077417105,189.02009994835743,-56.38074451115315,0
210.3427920840093,51.29389044279674,32.90215160730012,113.50815909833192,1.2683279387763768,297.5126643610124,84.9985049815281,55.45824477485531,561.0429655844049,154.58807150849086,-272.2278748984986,-9.69548541746777,-98.81085446876904,49.38222350926237,-376.4366556282501,78.56802202844386,501.9557062319207,-386.1278460186259,-127.39102627320078,-36.64976378994482,217.82142588906652,-83.4042652453352,62.84335262902124,-84.61572921826621,272.51091015841354,29.755449126441757,1
24.321167420273596,312.47002455707,-116.7761816141084,103.46012179254144,13.88197661717593,-322.37258934353736,-301.68709503905336,186.63782056951388,-307.3403942442989,103.76496487844496,374.5046740680595,-359.3877863888906,50.05511847910233,117.88088757577408,329.16222311517964,103.0377906329939,328.64181685125726,-286.4099003326934,-82.35438365425308,-102.05687436755542,-382.79490264106806,632.0834207086614,158.61527765875624,147.3356297553026,-304.6911601002203,-39.78995261466937,1
-6.919108167636475,473.9781254367719,-46.63119119766066,176.94324178705975,-12.750606127097711,-345.8950682786368,53.84737451625311,-19.08231753421791,-28.08561370600941,160.39407308860837,267.3416914551892,47.10652656852934,9.297035739715742,-76.74275896895347,309.21256437671684,371.7942472606487,167.23383549654565,-148.83358497087713,-280.2088064849441,-71.52512826915515,-144.26913396852046,444.3205628720879,106.24685665360028,238.44965826115973,-44.55394122774769,-72.96341239843517,1
-213.4544521503475,-2.2094510943737777,67.61761777392789,-55.42374836188618,-29.849808356475,591.0342338920747,554.6823111963914,397.052831099352,452.1903569048188,-291.95397319916964,111.76874072056286,-371.965466224764,-88.2394909971072,-83.76426504655635,377.797234902143,307.1058138800382,-436.05990743618594,-219.83651257827853,666.1242283351902,-120.2298657661386,34.329519199540705,-479.2695860467209,-121.72165995140026,10.876018529702216,-181.0675708278619,4.567854694958275,0
25.017993566869528,-172.12205314983615,59.02055184160571,283.77754918101124,100.42730715219793,-274.5171930146112,335.38977420672336,218.95247213791785,360.588369057885,-18.435348250333845,247.0219666769269,121.73673433192582,3.152691926913098,546.700635208067,-141.0039771098698,-290.91216957940367,491.3786946357329,-78.4662149105614,279.1050349319746,-56.5203411809417,43.99837551350852,-100.41144506396188,52.65300089249095,-339.8707546476029,676.4461140213363,14.382210749730232,1
126.0007768571315,-306.7538495304583,102.40136402842948,-184.4492704458844,46.38232553050238,-905.9226664462154,360.7485321783216,349.9180315757951,-43.99350064302558,44.96951963719352,204.3307240733837,196.3844467817565,63.774906139441015,262.23575936254434,-153.37868543599848,-181.69102814788613,45.25738282756427,-71.80001895898224,237.7706294051167,-123.18856054350177,166.46333824820672,-90.4058847812698,8.87028514403443,-66.90303828832636,228.5594311904532,11.220274640788098,1
-108.85870261428228,-245.5581060308208,-31.78791623710036,-9.188594629472943,-51.36390848563137,652.8525667726728,-94.62585730502268,-312.52079703058854,1401.6712775152528,135.91018163257527,-28.24253493374065,-274.6865256447817,83.22982867842661,-268.79082115605786,113.43678092734872,134.07584738397316,316.1425743347005,343.8043299710715,-314.32996954617835,-108.27646782462767,139.75592299390385,10.04138940884803,-72.90601393560317,-64.34688868972681,408.2320157672113,-40.13974279264083,0
98.6760002518705,-168.47556917641893,-18.374214363303015,417.93968995264896,8.485498758203477,306.5380386509405,-693.8949797235252,772.419644506786,507.2357397052875,80.6915454718817,22.7994903762128,24.88449458263656,-22.637658153631328,47.41628188312395,-36.89181939041471,531.4855963513709,32.854658873480545,735.1256396538035,-729.2064932509113,-56.13504338352228,483.8184823301802,-328.68768607676924,-12.448664859326698,-222.57756192348583,225.72857278703128,-21.793541496051727,1
-28.27237228104937,333.0450171259012,-179.70071122652473,386.44443795492,64.7057543309647,-559.8313553752203,-196.86527551522056,-307.1536956374813,-372.3518656102977,375.75084202011465,184.0717082395004,-679.7340938687411,66.882311783563,-458.8894938104556,133.6745550591947,84.25108768483679,64.87057759351886,-5.494664835858558,-560.1857619793384,-48.20456501852839,271.68878028720457,196.63120033121976,122.36978379972224,76.31403458898978,-384.59528544513984,-41.58842433315738,1
3.932484610423941,-326.1938523039672,97.54608724567646,-201.05184537576588,35.91764657147246,-131.33986182670466,221.25673831578467,203.4492186520939,-99.43517195879473,100.9537026134304,60.72552040535681,233.6639564367724,77.52667252962763,137.71105706664812,-18.752593688069886,-363.63128551975376,288.56371974793547,-153.09602103217338,100.48335828432324,33.59630217358412,138.97222511199666,-275.3006893227836,116.40329651701003,-63.23245470093765,319.5018108036889,9.495364136969211,1
92.95339969203268,-571.2696978867461,-66.16730802002236,206.6704727544363,54.26246404905805,578.7863567644439,-93.93079894927077,205.83411878447416,1424.61223421082,-338.0106991390056,-164.5886438233967,-509.1742107541394,-13.511378399868324,-59.31026815763371,343.3498676926676,298.2144742501375,203.7143827170916,-168.73128878169643,253.6656239717224,-65.79846790911476,495.04663433812703,571.0359559431568,69.41527030848171,80.64517238760791,141.77007302924392,40.04471559377515,0
128.53867650792478,-481.7950419336877,7.764948854370921,296.57743430986346,31.2523204833232,543.3093312554373,-17.569177418681075,619.7051369730133,855.3217798332979,-35.751421103790214,85.94353988271983,-424.0867085926279,-28.85459606023975,85.50629671163415,127.07017617906364,345.9502558874745,570.3304368587512,165.1872861540541,267.55792263541866,44.55995086499357,243.3305222591308,459.1259604550528,102.43647447231656,-66.304992163176,-12.77502758126676,16.657475564943596,0
121.48653918064517,-130.44895464355204,-34.59825942155444,69.53621630826777,-10.623963521709502,-58.94367116412933,110.14889528662953,-347.7183390219123,359.34239843400184,475.938051318519,42.06478813733738,-351.6795941784618,11.422186644497245,-579.7735783322761,260.9450791530621,360.19943345594976,-63.62615179091016,-820.4915853341545,-436.5628726893901,-30.9876363878599,238.1702558884118,164.58954436021972,99.5400779219552,16.387889025813028,-707.9506902087813,6.96311650645155,1
1.995207157342408,-532.9826966464833,128.84630168964176,-25.925287438634893,16.739298270519246,190.88214020482863,305.50050901045427,329.514327066856,1355.9765653619106,-4.9617194073586575,140.67717058727158,324.54363340056256,96.51768758091636,-185.1166617168112,91.70707296762372,-330.4542865114929,468.72229459439154,-516.7995511944707,176.36510924954612,-155.54198378376978,171.84708237288132,-687.2594470160687,-61.39150349767687,-248.3731258524575,469.3197744114822,12.654598790973564,1
41.90009413957012,-290.3026774236298,-15.608959299408689,237.988281213302,40.37765882214664,173.33374454652989,487.08388045025663,341.6373180412063,582.5099225466503,-113.10677389629902,-123.82026433651,-229.87910904858916,23.97548049036752,400.3957170302695,62.50320318258184,291.46228152674206,40.08670657333417,412.0284647784821,208.53420958277536,24.015937298603298,377.0721510277862,529.6582983474672,126.23945314421807,-46.58788635257275,-78.90006130876833,2.393511162068746,0
104.72394394033478,-216.4088808224628,-41.8985326910904,301.81047033818464,16.203192610077426,94.69680517377292,177.14643643879705,249.0191186930023,928.9520210685822,-130.07429626553954,-203.64762711769356,-19.07978946150625,-50.391524743745165,264.1979898558397,345.7886580840991,294.8640844375004,274.6409641724662,564.979264955166,344.7497068943649,54.34463463891315,406.82194875084207,240.2638638727003,28.92067147614889,-184.75517822975348,392.4961833885517,2.898200964005973,0
85.19631296182547,46.39081768257884,199.42287875566788,102.55393998210305,-29.47894244929214,278.41755382449435,-422.9705767128375,-303.24965006694083,1839.609443404073,-154.3748285153787,-167.36678576901045,546.7588144233592,-14.044783514409946,86.90547249480598,-64.45286679132808,103.94314319762589,334.49495361408606,-303.808942867933,-279.7821609538754,9.050680771494468,509.4785901050704,15.879371551216003,-111.85825528773655,-39.36539665256244,359.2075710367319,59.87358804747758,1
160.81869731215917,414.676378077853,-54.27609897323211,112.67601771864398,51.82619399020648,-250.9519307762704,-193.4678250170988,-375.2072484499178,-68.51190094982239,240.751905064481,174.18229326328174,-192.89749221561357,58.717211256279256,-93.1167346901109,203.88423195734265,144.51918782950395,217.2914357121298,338.16435202556704,-93.23141963095456,-65.7917772258737,30.70341017397734,352.9918987897105,18.761043784362062,85.42073284612414,-578.9693901558314,-31.52597065490594,1
-70.12921989826849,-331.558083401652,10.097837976170512,-195.42919642038044,-33.13152623293122,21.708230472340745,230.2372478329601,-76.12688804721678,112.66235794762186,110.8685700766871,167.09446111621185,286.11533750223487,66.66916603160506,-161.0753371013737,-157.7241427897981,27.13923090065948,255.6646219496625,-510.0871082085645,102.254850878,-80.35390959069875,176.088857903444,-616.3507720390423,54.08348456519811,-150.3806546778331,346.2419144489453,35.98320422788563,1
129.34927888654062,110.28897173542995,11.948630353509966,154.5288269431721,-36.2312912971364,156.67226225754604,-200.03061220438,181.86766813477527,572.7075277874955,116.82767911548108,-210.9737725028252,408.8498860085299,-11.032616975926503,-265.06947519391434,-462.22942595298906,310.4948900644539,291.33690979193875,182.40450978159595,-228.0466702476936,-200.12138444976983,304.540715573615,-815.1864842189361,-129.11941251584128,-225.26275077054927,627.048704093767,15.119272187939888,1
25.20997085064028,71.28923550669622,68.0596153524117,-17.146087412121737,-64.37578385785989,426.5417793006602,-225.75845380527693,93.8578160577816,371.8592201083604,-2.7493297229930884,-85.56858795222304,317.0159777078844,11.58402970000108,508.18202018007753,-385.9268575512867,51.95063907252424,169.57706896947127,-56.44047681685037,-280.73209709549457,-0.2616430869858721,45.32469644059167,-432.2552556691468,-57.42208185146042,-109.96257561704566,394.2697829251241,64.53740688733198,1
-89.13060682504057,114.37579326316028,51.69751177303999,-101.13763975243546,-4.081697152935391,797.172276703812,549.7852502846451,173.40845694990728,-9.08580560397142,-20.489515640539057,78.76467956279495,-349.6849804540626,79.0364076812599,-224.76842179141977,206.22958039061768,377.27735040555103,-271.5317522863726,-74.23769124111452,213.40282411652936,54.37738443467757,89.13124700897275,-206.314836510156,-125.92372166144445,-168.05877082116382,-215.027478702034,14.157855152881778,0
-54.37740030662112,456.2238486007933,79.28864067060834,-195.80914368680584,-36.34862053806481,242.86721859216087,237.5753210763464,414.19233898429945,86.95444900309903,-218.49697666405197,390.66015664487264,-446.3907308534929,-14.445906119892374,-205.0856649380385,91.85835756535404,-22.50480118667627,-498.99704693892994,-806.1204391133629,300.8934703958396,-84.28050660969625,197.8786483160139,-473.5256657791196,-242.9240012169432,-136.03999886636305,135.11052172965395,21.550818417401352,0
89.73341466503764,-282.7986867144644,-125.33395720567096,420.1230548843907,52.61733844693276,550.1468804014845,94.37820819224297,118.07364875210578,643.1298649179647,83.05746247673915,-315.7424212332258,-240.46145897381325,-51.17816471035924,507.89014917920593,435.89157455677895,211.5331419975417,-25.154702560737864,405.64628427139473,346.822835680402,74.59481276665754,617.7702747865804,223.4991594231637,31.387115538528658,-112.88747420173998,390.3726142805547,24.263308380171893,0
198.8748353500689,-141.4923487800761,160.9552591816934,-281.08785489546466,56.51346024253661,280.4016324147234,369.3794465312847,755.6817609986293,898.8046216116428,45.09647707126387,64.23358859929473,425.0692255295944,100.30904967845004,316.2063692216701,202.2257805978571,-509.3512991853249,180.9990797605496,-319.9584356037337,206.92290158995775,-145.56448642823997,647.7117118158716,-734.0871481857276,7.012402038331067,-257.80022639526806,195.3193030910413,39.28131328673824,1
69.76230507502433,-100.72589441581272,34.91345018356314,-6.837978435578473,-41.397683698884045,427.7824145624416,-366.7340126345736,373.00937072611566,914.713601155932,47.471813659510666,-168.44086859173026,546.1355492142233,-68.19269904380961,581.6094252488508,-342.68230029653347,44.48403191815839,217.2776654870203,182.4740948563289,-455.3930449032813,-118.6028827604624,155.3890376224785,-205.85332196926004,-64.35616292501712,9.020641581661582,274.26718106518445,41.06687816761355,1
-161.63806622404903,-204.42971177810185,47.135396630977326,-440.87679249504737,9.779907936735713,423.7732506857558,29.35895222684153,14.3492372583688,229.2870547954483,11.19761275383747,148.83802549607032,-261.41162989897384,116.51234271432185,-428.47528623402906,406.62377616815365,622.3941302932818,278.23542240363184,870.940396626979,-127.2974479304094,-67.66174326074395,-85.58278276070224,-530.0739292791134,-232.26822870670185,8.909842289610108,529.2608287461462,6.357450695561583,0
-212.96795988272223,-8.137305797275197,117.05588468006836,6.105250877336754,-36.40890273583828,207.9301246207613,-654.1317117979378,213.3936379544687,700.438006845185,127.1395256596508,200.1449693000318,-370.5123525578049,16.107104285634986,-73.04766507007373,545.6916904233883,499.804447672104,512.7658936505238,-115.71391235468728,-77.56996694862609,15.59708139568344,297.9981316480244,-865.8326603842232,-155.57610585725536,-157.85485872703313,197.5222789814542,3.2205946594076518,0
20.044680863941014,-290.89174550284406,91.0432999176168,-43.012539939651816,-50.565448948650925,-194.6769429732168,-261.7697581863032,-24.07311512793575,663.142280859445,209.88213907025772,-59.38316094805363,164.3765971986096,-31.952571801160545,193.50313280245967,-33.8984349866724,-21.65951605737231,319.5968323635623,488.9068447402262,121.57047799075085,-30.770243917603167,29.71960768496357,-186.42514054664352,-72.7051761501361,-33.632002743468405,534.1570499848125,56.917499024342206,1
51.48877226472234,-515.7255330721416,2.902000619385623,-118.88492898597327,-49.081531254309006,372.8071905976829,413.58930235780457,30.27365923249436,531.684973060287,20.458078272675,-79.66103525912824,-276.88693208536523,-0.6787525428531533,-154.82251877801156,240.71120358272583,413.5695735876792,-74.22680605446719,6.932366915166014,81.84150228293768,16.176988027643738,22.70934428408961,-330.9956851590067,-125.38993969077896,-20.083587721969725,24.61531356099276,-20.255094475107523,0
17.316102846050526,-522.1010758352022,89.23348663082267,-199.97017447891807,-17.271555754458657,96.8490795809703,-140.7532903176065,266.6914987396007,578.2440406709198,-152.4063364863547,81.9950169229916,-262.692969483701,-73.73045868760106,-112.81399747939744,440.5028128863244,250.4252194053862,-315.7368344435197,-366.8423183185981,452.4104198848185,-50.187752566345466,263.2925053695383,97.3939753858903,-47.389611744363705,-27.56169516505825,-150.30244177263202,-27.41925590978127,0
53.38203363721807,-48.95059094875135,140.54269865374891,-121.85372187451924,26.60494407058879,-510.5887093365133,477.3887114764661,733.4829972220335,414.4941158491624,-129.44097071948653,312.61337035471405,121.12516412917856,-1.372222706147339,604.0541352337636,-330.98808807665773,-430.0042317666137,588.1350280754112,-495.7114370902153,348.223205804305,-32.314715569266205,408.62890956920336,-206.43615267447345,130.7517281499522,-3.508597160218061,40.25033569924137,68.6074879774548,1
70.513907588073,-393.5447767781815,36.09153204875686,145.49492372183613,-35.46261572531145,350.039378232816,-93.22484535039344,367.2609054099667,1535.931308151124,163.73758726702638,-528.8075315394109,148.67269845846306,-60.92960137178791,22.511052889476804,-354.5249102970801,387.1583023770961,300.4028103914657,26.55680332536801,-351.5778537882589,-159.33891525573583,486.5527568633077,5.57327162868167,-21.432943582126697,-64.87899620886529,-15.80555045046368,32.1349040497161,1
185.64132579542184,127.85459708292026,126.05417119205556,-223.44923907206024,56.58391249534375,-564.5770584464517,451.0394421461155,459.1030140217908,16.61274872264466,248.1642262636356,151.82032509168465,-176.90174918683127,25.018687818555076,583.4509342985244,-200.841574089112,-542.551354859991,178.07932971050155,9.78066044900268,-39.18720483524535,-14.619470023049947,580.1646623732861,-214.1186875179162,40.5874195400143,-33.77635687494981,298.6054521836,3.46969683160569,1
94.52141073988776,197.7707268549844,-28.571667755271832,348.55232979224525,54.67237041487677,-313.9951132474117,130.98439056682483,-277.28050751871086,169.7014198205887,340.5164041613576,115.40214488914344,-390.4330300049549,-19.31524294526232,-159.74435772483295,196.34241060824084,217.96642944541745,52.64392451644223,-58.36338791625529,6.871576614246562,-106.57211684476128,66.64149314448692,819.4962932445819,200.43265076854,259.3779941656087,-630.320555629186,-28.728996936233983,1
-112.3925715625133,-697.4240698367771,-31.18135370958885,187.2603369673948,46.79566512407259,868.8621226135072,-175.8405327762844,318.1508910152397,480.76484316832017,-125.3356610793818,85.44487548187192,-424.769680440447,7.891733257843269,-241.43052039165497,400.3167331844508,222.6122456390834,41.87197969274792,160.42751933826878,423.8399951841574,61.12472770977708,277.2314623394415,413.9720214456506,138.56569877985416,31.269425178566124,-28.927848864622806,51.41288867860845,0
44.316729950683886,-607.4639926814449,-41.98219965662475,133.24799836925092,-9.165239769315088,647.1363345228397,-66.25791309550968,298.06664939336537,721.1268220350504,-83.75932689780659,2.9572721088324774,101.08454942565535,-78.75662807768161,174.18812478723103,-118.1349633376458,-92.93696620364624,422.1203559575272,329.6661504010164,-154.67778602084485,4.742292287318524,-137.4503770276366,-433.5222831153573,-16.785178092010078,-117.63005003865892,594.8671055158954,37.53313303850929,1
-128.46387851008126,-668.6830017322958,23.54783648830993,-397.49883373855147,-91.6270573849573,-89.17944486459639,230.25986389166792,632.6333733020248,367.6670472872832,-243.01489084835285,22.51395253130174,-340.7653077993494,-150.53185397303886,-36.18519964594667,-49.694680153704375,409.4605635568983,-229.3477958104013,-712.8646199616676,-34.135875547998566,35.635832747567335,442.40487198964905,-784.8965152639428,-162.44752675378953,-176.83244367862935,284.19150573639,18.505496472116125,0
-24.68683215373613,-150.63885348049837,30.878143629058485,106.14592073283936,-40.9427781949435,116.91175953309582,26.07047660381292,214.48707639249184,350.83282868874767,78.01215387660896,-273.3814673447579,131.5008976118324,-65.1723575498552,268.6272770228981,174.30248878846808,-85.90938643854287,363.3612176406001,902.3898935699426,415.0602061779812,162.23451083231237,439.3109192224698,-224.3835813843024,104.2034722429048,-257.63170676249234,555.4776684440761,-44.264582009495626,0
201.8715450404507,42.84630935063154,-81.45005015797497,0.9183626880646888,45.13640536151257,-122.5374876980416,-609.7207209727648,-293.85654412154554,-1241.7061102598157,217.77152359354065,232.00719465115571,-159.74781254204916,45.16360950210703,-165.53969592011558,-115.4905723517533,398.604106046713,190.86392845810573,-415.3845097930453,-662.2339457649417,24.47905509350153,-771.4904550292525,244.8627362009354,-55.05895445322352,124.30385330143773,26.178123777410264,-26.994158060839,1
250.12024740649585,-200.660173248386,-44.43412282321091,110.67962873465972,41.36820266724026,-70.2750849746673,408.4420733112879,108.16948818886708,1482.0731049267374,13.050960216599012,-146.97968038821892,-331.9305834278778,-44.747456230076125,12.769180034730848,673.4355446951396,348.37806338281973,383.7930061651508,235.63789897753455,254.15216172609843,24.621474884192583,331.67178721914155,353.33548713978445,-125.83982295872684,-98.53789648071968,-335.3731570905473,72.79940612690564,0
158.70170204139484,-468.1963383955552,53.02679075665394,45.33590952766233,-25.271273548484032,11.799753828610648,-511.8714652156565,192.6393724242129,418.0032500746515,339.0174264060545,137.04683274208082,-15.092844124653515,-74.11914982160458,-46.16494680881435,221.609312724024,389.3203302426165,54.3578640352813,1120.2281662913758,-24.199214273022577,-58.21570609718735,129.67848043091158,-510.3578429999858,-194.1288112894667,-176.1609576097395,316.32071365620624,-16.973851958195215,1
25.92120992503929,-175.81749471114662,150.85986723908889,172.79047988311888,-37.6486326152937,42.67586279650448,-53.84868389697774,-166.37734177775357,804.1409530101547,113.56065928871392,-262.1162899477019,99.60799048453516,9.856826768803302,317.4127734488528,-207.4716567565328,319.96844712136203,148.2530931999764,145.43989158210337,-69.0323872389091,9.282823698990423,164.47402843547314,-213.05399814810625,-65.18066084956054,-165.53956347365977,516.4654365815851,79.42630490886502,1
56.38678539233031,-290.8245772294828,103.82409566927748,62.475244814950905,-35.64383721480115,216.20458918158332,-352.84989236489616,-302.52357622007014,904.6122386738182,149.4843332480683,-198.8790519908396,117.07112501611228,-107.73533437185348,142.64359253400738,50.36241942849965,193.36863389779256,338.56818030155875,632.9217103888018,230.1146990430791,26.870434408640406,247.35825422732896,-330.6677647591265,-76.17084606706263,-307.6053598860438,427.9579443445432,15.05669409368223,1
-9.677301525513997,-233.6844406873433,88.62832192388703,-22.00907904862932,-46.30675369912196,594.978174482458,142.50929662141291,-170.50479961207003,2288.787271167786,300.8156840429793,17.38634866978014,-486.6458183174029,22.80118592659106,-34.49891347346592,147.46794645128506,-150.42616782521753,302.5180631395921,8.025848131958895,-344.87750498896867,-152.55332292023928,348.4334011787406,35.33007879938131,-113.73516516143616,-201.0811312801333,-72.9279897432669,-36.93607510800288,0
70.9666672871536,200.4747408497309,-119.97529950810708,157.11429007171802,4.925733015043812,88.06980032509833,-95.00823118309611,461.09546160445626,-36.59575891324453,-251.4129987279023,-60.9103701168911,-182.4383679339474,-68.26715061046315,-70.37639878288783,263.66979802233794,487.2031014841987,69.1390746181175,263.9259887950303,149.39214005177732,10.38376239078274,-2.4860120314455685,525.9996898630144,25.428413040687325,31.64335561180168,733.3338015828826,60.910543056786175,0
162.67140299525636,159.75968564307206,-23.04256061289759,251.1626177438604,32.696286820231734,97.24099735288335,428.7390248129552,432.0809206138316,-110.5921240570169,2.09788821600286,-229.28271190046004,173.32702987393367,7.018606674176416,881.4566872143973,221.49767160304452,473.6092742918447,180.59906221887317,519.3867355338161,254.60286780454388,201.74839563423825,393.88640401951295,424.8080305183788,97.02699573681303,-203.86737503669875,246.1493512472703,9.933024612921242,0
33.27918041982813,-198.0482506014337,24.89862845469796,77.33522475158648,-55.78663420085098,362.088350803926,64.60633592052547,236.18939722467653,829.7907567327311,343.08434829861613,-296.8939391042587,305.97186818436006,-7.996187407299647,435.4937765888143,-386.7806194318328,305.0034658709679,-98.880525806452,584.839475823325,-316.0361642163638,-161.4426255166018,192.70333977284537,-136.2592093413232,-103.16593440279324,-87.46039960546729,127.4222857308055,56.64882058814032,1
44.87822851849359,-252.6657384091012,101.6139187479063,-423.66828600979113,-33.00051497190853,-670.8551622106306,379.8578149630691,261.4084748731313,-1101.476358104547,52.82966569445676,111.06787674208827,136.41405038915946,123.29712081914482,17.569806934133766,-480.6159889957671,31.47948340852305,196.58383943720796,-730.5623828964335,579.8194475574942,-24.768639961160616,302.2447803179457,-617.581538361704,222.10213293026283,16.446470879756802,-94.84502750734543,91.33701059386372,1
133.89424058214746,-403.1976258551311,38.21572450961834,-38.72274338929087,24.091565719618792,-176.88947697147304,402.76949344310543,652.3380457616399,-96.83104304849704,259.2540964976739,15.390657822744918,171.80414774303367,56.98097655871983,409.0339009434167,-183.81038782798612,-600.0077297912394,121.2364582155186,-123.9007240657056,163.80927042604293,-54.61426150828124,118.24229941109384,-448.1445790875904,46.09500408492519,80.58306329673735,-79.42834282269474,-10.98014350673341,1
-120.72928274958858,-451.5963505502399,88.74191917209325,-227.61852584540213,-43.55688900202076,331.22845740562764,-291.9679237901086,-407.35524256705054,636.7571245537993,117.93506404915829,342.4564356191923,105.67337536760628,97.834424671057,-347.8606986634619,44.18685133109764,346.2510271258993,23.01576394710096,763.495767643145,-129.8497154438644,1.7076125531333108,362.9797365024956,-248.33544299546503,-122.99756477845747,-191.3766308139957,336.0692651320659,-21.16465798893765,0
-59.918003121864686,-185.01832917326644,-14.240256780205767,460.1389091439721,-24.97361450236241,440.9839852824157,-602.2872152296286,551.2835274565867,112.6066894361477,200.3872616743137,-44.39345314145192,248.1703599183265,-67.25103490411757,-67.27496718808318,28.02566799150862,327.9239768994669,50.93762233593337,1286.1399798376513,-7.789914077114188,18.52693669595372,413.17945498130064,-775.2455519424864,-38.68908126861555,-184.0016104963471,261.33933886044025,20.20448481404081,1
-75.57967969002394,-281.3407123908364,72.55386378702872,-257.68450242833285,14.696961626783697,483.1671287045772,-22.34632629376281,189.4147016035328,808.2333914404039,187.34685552006695,-41.20718007692086,-432.82308337666655,118.145618274024,-126.13038042584463,279.92017991377264,290.1973211562644,72.59418522555987,1007.9432696866464,-494.7186819232703,-88.91107891015758,343.7684967712967,-291.84180864053127,-82.76804212868315,-47.247170702982295,137.5726702690807,-31.437227721853567,0
92.06316313061068,-769.0621258435149,45.03092126792581,-197.44261779266915,-45.88005821057854,300.7505812139634,-55.79737031830837,-54.40980734092079,1381.2527579228447,520.484638400427,-17.775560979198627,-442.91800790698426,59.71474099167481,-461.6116866371755,167.56503880709087,-145.0802185930118,117.79111164628384,420.74968049386143,-682.5223822386454,-180.16964112413805,-44.87052653056832,-279.2480778269686,-88.32693935167553,-95.28644728875793,252.9982549555248,-68.45500712439886,0
122.51119278368694,144.48651611508532,-27.31963769245815,184.8831751663268,73.43964266460135,-290.0542512469972,-314.79366578700194,-877.6146323417394,-32.31459020230137,219.41839448266117,97.93708765853762,-323.92698349482635,41.748340081184026,-93.59857456639456,-71.75136501196032,235.1275825836304,424.8211507339177,78.33505888306166,-326.61659750103144,-117.93855586194854,-61.257535427604566,-59.06396650967976,81.09230319685268,-5.0239720500291964,-265.9471535120417,-46.158890206871085,1
-116.64382259668112,-138.30202227200485,99.17141340277796,-80.43934132864665,-16.54977273079703,-27.43955027738581,126.75895940796369,332.5783337035932,846.2920607358724,-296.7310970800255,183.5680985046082,-22.793607221331403,-53.1154027685927,-285.01648381538496,117.9318288861996,73.85723467616769,-322.562191294046,-276.6796456199976,226.31404496029472,-97.75616937356094,425.4688865156017,82.03958986393384,-12.261863733403366,-134.28171386434528,-257.1720908158694,-37.2835855993256,0
152.31098685884226,-359.9748309819867,99.48263430245449,-165.48693885949638,30.84098014614625,-506.6378284672548,90.72548402904197,628.4729644567087,-984.4583546618012,257.063722804535,-60.94856182815017,301.5380294419174,96.141513903096,236.5499957160528,-108.31886087532231,-126.01247033254296,161.88391305504646,-113.65991535602996,480.4142628668821,-59.40449747011119,99.89966903195804,-340.9438211871636,227.5154526496352,-29.93568381305506,431.1921159012549,50.83109094748312,1
185.12783463653176,-143.39373414585555,113.2015796304037,-242.7070390707217,42.77502207905127,-336.8879614879178,30.04836386157803,165.51869750547502,-294.3492359204613,184.9110172793061,208.56523941272704,585.6047534402956,70.94047661659609,56.316589682381135,-365.7347474394346,-435.2532551657635,301.4251983783639,-272.1597530355102,442.5183999164423,-33.683397196517326,287.95829229909657,-98.96830260825604,12.150064790564585,-129.39052879810495,212.8861767244381,21.6676585117546,1
-112.09622579956964,-385.2019698399876,47.46273475068011,-89.29106784114296,-23.809569977193306,406.04639102667807,-442.0808768056985,-253.07620637842905,940.0423011504122,-163.59500471567813,-43.79661889971738,-332.6974899656259,119.60371122752169,-663.4875392531646,321.6691763342535,359.1494504195839,84.39732281596709,417.5136986279923,-108.22599592924972,-48.1466843552481,86.94207929562864,-338.6984568904669,-194.3248792428049,-68.28360506537383,422.6624301166601,1.1383392173038915,0
59.751331807885386,-501.2394064010178,-81.9630016411148,395.4637486660906,18.246066312073904,895.3588571365274,147.6933398238068,269.0085269234213,407.9904394885799,-37.45356727492956,-186.10335197135092,-121.16133236637762,-53.885111494254616,460.3223968207861,193.3045335199868,49.32511777440995,340.2157748190993,466.3943293423133,401.4127930987009,172.94340271963972,352.92938562151335,-202.3168890583121,133.89756023391914,-170.0373574108441,353.12522510443137,8.12129943267126,0
-93.58644488578194,-273.8757730915251,50.22506517406634,8.463707877307392,-27.211970903176663,648.4482279963783,-391.69660978538633,-154.30477632739974,1307.779075824956,28.906058751120845,-26.49423815266333,-348.6252280558958,107.05408690630848,-270.7243303049443,182.79100397094328,-27.128253595493018,39.66026586611494,-75.67547154323525,-645.8631102934265,-148.2800424056736,74.20239430874749,-115.17158756859398,51.57233345879463,-68.49685403647484,302.34359644180466,-9.796859898777518,0
98.04496731362288,-493.5098742908185,34.91236511246862,-231.7375348959933,33.007068131724644,-800.7022480063871,86.4354863991885,-9.782486646018842,263.3964768719598,351.4166751276005,297.79744198949544,347.51910786437867,-75.72750906802081,182.83034588179245,-330.56265586112954,-299.0688188730465,181.7980528855294,-312.0452115141204,57.64934603005853,-136.62224586271248,362.61608832845496,126.34959159362607,55.11819854224613,-10.516973310199669,-107.05427931214427,43.50844078158633,1
201.4449532125797,-609.2384792670446,47.80538246854423,42.75996631533439,53.48791688009083,-548.4326433313665,104.11510980009524,284.775062050946,-629.5397664763664,287.6544084032694,157.08614084989384,312.11737405796697,144.88220991961924,-214.72213208387805,127.46255024966771,314.2785202678044,330.8830447863031,-11.596252746491912,590.509471810683,-81.31769149647897,149.92692603550296,-524.6826522987446,101.8066732271698,-276.04592691222047,582.4832235017408,17.595980263378372,1
-129.64247528372283,-153.46522157464074,46.15622485426448,8.134921370083848,-27.323863510523875,261.37715602634955,700.2020764900859,573.7929048565956,-288.615586047092,7.933190976202487,-19.937124067191377,-360.2594688234108,-31.151923037118728,311.2656582312802,53.331578573684304,839.0434880782652,-468.8310780245661,-371.1667781471634,488.7731129425076,-79.68773835419304,133.9208477389271,-200.47576194270815,-95.53689894522428,46.71076995269028,228.78626961991836,18.97740972692898,0
12.5546993134256,-482.5840371531831,152.9063878399636,-10.42862543614531,-50.1024295737522,563.3338063431404,-167.9534526473843,158.3760696811771,1143.8311587967903,73.00814793742627,21.7196503527632,437.6152538990662,-71.17229592154197,570.4865237772649,-181.7171677603175,47.16272174964888,213.04287073358068,136.07208703382614,-58.60553501304354,-7.117661788723453,-59.285708947454005,-98.92570630520989,-153.21684470769824,19.02920197037549,304.21292502636817,44.82122352294122,1
2.398729373155641,-50.418016724566606,44.88606717203484,64.1567949236338,-22.467901562818746,27.21979610821481,-879.7031597218446,-484.0640027496193,185.7684012494876,-62.28079411830707,-59.26905627535904,-439.1965017008105,12.07463164552175,294.8902648732491,236.6066950344051,160.9631272952417,133.54488592162767,-28.66198655092046,-184.8154636162432,-52.905537860665845,381.8193534181671,-797.1864746998505,118.71615514498076,-51.97139414954093,613.8490580718859,-47.51134310232238,0
-89.29426535056454,-395.65920738926303,101.52998132773833,-154.5180518140826,-60.6379985960983,381.5102857168638,401.7556966959632,246.10299199436628,1411.7352480701747,-66.1948555805479,212.7853412990491,-225.8024730577702,-54.661446812056624,-315.6070182739966,159.13758658158534,450.8304057907271,71.50572120586965,-330.4455358960285,58.89665737533727,-54.32362347204104,422.339162768262,-290.9595931221784,-155.4231432912428,-91.4046389257222,-354.54978141370015,-28.68332893880501,0
140.76560654683675,248.15516582936024,-91.47621542646333,124.7296978950764,-57.27693047220788,-255.142902530628,-29.86884631346285,207.1987449659165,-523.5603099150837,174.83669173898332,399.36164645937527,-126.28240765148254,-60.84930136487222,-242.9487172116726,84.37171039980413,330.3379732604163,-265.9099667577996,-111.02089967769147,-79.31771165759268,38.03208977138314,-171.45730449554267,478.5092575876418,-53.72884892758744,186.49303904323568,5.102186177599844,1.67228706154606,1
-13.666321328478537,-266.615647905654,135.16868773999605,-310.4414086036833,-54.77970568845548,-129.75531907516387,5.485654356653235,-561.4465510720936,678.5597156388211,73.13226038645708,410.10951347642,-107.91960818796429,6.099536519570817,-478.76155791039497,74.65312450055772,517.7309797021886,217.16372627515804,283.098492093766,-352.19344804983984,-64.02193617689697,-137.04117751900583,-139.64307059669235,-38.57684216881359,-99.92409818610072,-67.09459025509184,-34.53893887761248,0
66.68535589107582,-400.45173974704505,93.83896643862316,-96.0823693913409,33.120393273346494,-435.6506397108334,274.71213828208545,447.0930156031325,39.55996443910541,409.3173206331708,-60.45707169402398,221.55594197716,25.998099838492315,212.888328719255,33.24437136370541,-237.04192301083444,157.8334198724316,128.89247481153382,12.977050839697664,-34.9392946970999,676.2184666850368,-710.6937225243458,144.08740170961204,-83.96525906950758,100.04081621982624,8.638785935494305,1
97.44040506613074,-199.08160302680724,-76.68199920318796,142.2474976029992,30.615844483863835,538.5929699071384,724.9430664113809,426.2482234494675,434.269996214496,-339.6015365462349,-62.7137909778758,-484.4475781353084,-70.2375706372427,514.0758313420807,70.9988149796345,500.5473971752752,463.8903897398474,406.5552358126224,281.7734489960401,60.69736174226233,-81.88897992975,413.70021661897823,83.38835609046438,103.36774666940804,291.47398342984144,22.791007329841225,0
104.80276712050264,202.3112131139953,-86.24229003119696,164.6385047020896,59.168357430587136,-258.927598382438,-475.8953917124095,-466.8201638594874,-824.4891420472162,368.73700137232765,168.15799172486524,-413.8547998826755,81.19377937057588,-356.0088108867781,14.098548648624288,187.37943491444423,321.53220420397946,-461.8020808909299,-456.2425970214842,-1.5991668734324185,-344.6663778769958,43.85494951006216,-4.058777488554699,46.2128831785665,-104.69355625287687,-23.06940345484988,1
20.499940081916137,323.5444943934693,25.611598944102376,-134.9660634714057,16.321426665678285,17.290340420275143,-363.3032679858823,-305.2579976110392,67.2738217398133,-207.05698244014357,267.4820437359855,-64.95266026030066,94.61392413860868,128.58942500520223,238.62008618333087,-339.95001915693007,479.9249048385571,-875.8394256467983,191.58521796880987,-95.47692596248744,-313.0714196622143,8.357942671631623,132.57224036442338,-36.141584560076,-168.6343432285779,-72.76928081454207,1
135.0006800811065,49.14871741945088,124.32276614811992,-270.78228997132567,58.25156187122215,-563.1748301547705,322.71828183050906,310.498789157292,-1091.4577057113488,93.62686172857865,163.03116316756336,139.02336498234666,93.76946437743766,135.88513292585114,-206.55395117867965,210.4915183678236,203.37533206427588,-197.6876747745924,483.8214976973872,-87.84574665711418,165.25909907284023,-536.4826556057279,131.9939628677216,-199.14843126809237,98.33368033235786,50.79896550534211,1
123.39191506075868,477.446320943634,-40.41474155062499,-39.12271780481262,18.445763407919824,-431.1739793963791,54.437411757133454,-251.58186846310045,-68.43247147337414,220.49076154831565,278.3430960103559,-331.1253247361522,2.243760266977473,153.76987712146018,325.3191044678646,138.1903287749454,305.88857500151056,8.008259807135317,-292.8288804646272,-9.698086311539653,-129.25317473417357,484.1208600892306,114.96517398328554,93.628813382036,-591.1865747787348,-48.03983869397781,1
-128.94761045995722,-107.21713326036496,138.9615755454306,-379.5964411275931,-39.53806964486357,466.27374383714266,203.64575008186708,284.7039413463107,584.7026544754362,-454.1946623561856,329.7754493916892,-314.4790138916929,-97.43131296756252,-325.4346418105096,283.3331727192804,15.329106930181354,-334.6518227679801,-387.5690358296434,350.4342365289748,2.5407560989329347,197.46889133893336,-521.1692066827458,-129.4039063693369,-181.19740691074364,-139.9823933162133,15.236701715385951,0
55.62749572846633,-195.29716794723583,47.967595561227945,156.12898488977115,68.32450352019939,-14.395441485122504,259.34810097890204,-112.03090596877524,1277.6377453195923,-225.34081095545335,-231.40158827603784,-14.772681858197313,-15.719520545167644,228.9853094410844,656.0528379320344,251.10547577608048,233.10477550628545,-214.13261612346884,191.8324658980016,-19.47237305794352,220.49822099367432,406.9651742099303,101.08157157250142,-162.4228330651616,160.48208484265197,15.890532508518596,0
-99.76884309445234,-276.238231376435,30.842429887710484,-158.03030265173754,3.5833933675051943,271.93489519150927,-210.49266859090625,-93.9151814166782,1010.9155705922165,3.229734909209777,32.15097968283623,-574.3057616527108,76.26231625747234,-256.09538784472653,203.8738950669469,143.5028693029615,108.27297236118714,-88.2356727773195,-417.8279922079771,-172.04814338309706,65.14516233268517,-166.083689916306,-71.77884087574718,-121.66035928834184,185.91024543681635,-37.799722799333495,0
122.231545225524,-803.2113323207049,172.11371698340858,194.59291425727537,-27.92855319436054,675.4153905376703,-252.7754887137703,208.08076140724455,1001.0355126860204,190.80799303973825,-70.4867077396878,29.935791618973045,-54.05013076345313,566.0822967325995,-112.39789932721516,334.69985006095953,214.745342092842,-355.71698368527206,-160.87574987848052,38.58589555130613,-104.98162082640778,107.5660359321776,20.647459096294806,-11.169638499357406,139.48301625019624,87.44499540740071,1
151.39050959938083,-634.1849049757794,77.18393899323901,-169.8278259539162,30.143480830056724,-367.0528560221825,483.0890994388963,569.993389572505,-383.8379061350577,339.14917163723027,74.09785248762348,237.16235131756412,123.8095937353348,229.2922243882863,-271.40899788165507,-142.83612852898528,320.99185321951444,-221.75483412618604,587.3901584561097,-69.87169668369653,386.5642090873085,-904.0859113623502,-71.48975747496137,-23.26434205838417,144.74875251437197,8.043062189221194,1
166.57727765430906,-232.49763910821227,-62.924915285557255,3.5287566348830346,14.31685812072226,287.66033180352497,295.5389864557483,419.49782165093626,189.4762948342208,-423.6075778033695,53.370919497004586,-221.90931979885653,-150.906911754808,63.97173287405664,106.18128489349073,390.4394673440255,509.72483805801977,455.6808987623956,410.7749759460038,35.42744234599431,-245.60508799392105,221.0063750262917,64.87989757097743,-31.809923799328896,675.5215360102376,32.17654691443006,0
15.90569866977328,163.71002498637583,-44.39197386475914,253.81644756668004,-6.457342786231903,-483.73464473336446,-473.9416384011631,-154.9602857813561,-440.8414655436483,247.95829051401108,221.99697143905115,-53.9821108384,42.2374247264382,-535.241772762293,224.88978352143172,508.4710519478149,-39.32516162020649,-687.6928233752891,-311.67084157718875,-85.10402104072013,-195.74132981435295,192.2333743626845,65.65558582495433,225.0691203225874,-169.51475068509666,13.842891206917486,1
16.096848540075925,-364.8399226668331,117.7149522332146,119.900596596553,-31.595581422754226,-523.5554555565241,-439.36625124008,-66.6156810039423,1309.7464886993237,34.11989078770572,-227.6248900597953,187.0870277558022,14.781877186866751,88.46161135660755,-186.19789404775327,181.9408869084796,245.2954144162184,333.7464078123885,-334.4988060582988,-102.82363815883834,242.4967005575412,11.159423024250367,-112.37853720745336,-60.33519254342058,782.7450442302836,43.36014144015254,1
48.930610485996624,501.5328958805152,-116.15025656889408,362.6449488027687,-27.752638920195952,-347.5669358469748,-75.62380945421219,127.2474131713641,341.1588044978017,-175.28447401237258,445.33888862150695,-96.20167698449828,91.0649302809932,-58.32688776123789,317.987972648826,10.649441450282636,207.97189287232692,112.85550919988955,-161.6199519274056,-46.05774169768403,-229.0397347126255,400.3283092316556,38.92187708432852,117.2080607216518,-182.44683780173744,-74.00458942764536,1
16.73207808928927,-167.81007594647005,150.0357891249654,-196.4602045530028,-14.535888334363836,39.45196055070015,-322.3764142067487,-416.8518721126049,683.0238851422108,-24.07876798228636,165.53420302662786,-389.56237745108166,2.815869036230166,-335.7516306574733,325.9127126300202,406.19228034812426,71.22118730485917,415.8746620256628,-16.023018524587023,4.891416820292278,189.3937842616536,-144.35289842279727,-119.58767458104272,-115.11500326503642,402.9339699474141,0.2328816968625493,0
-27.923592957536293,-542.4351967225413,78.67887061808035,-106.66670841715818,-83.21021244383567,-574.6544017302907,-357.1958333380314,156.87746892126617,526.28256958783,54.3952324390384,-200.2409635195725,27.92880559970196,12.896184466064506,-178.14262385492495,-292.7700746250558,84.78432280529,218.8145739195893,695.4171935391555,-139.33344058139662,-58.181926420677854,239.23413072371497,-292.2797139899177,28.94660215220347,-15.817082281652604,922.872766100776,36.54894526224531,1
-177.4681684116429,-178.96690696098932,15.614336906433016,-102.13549034673726,-19.19677712387788,-187.70722011019467,664.3020829130311,-110.54750580490943,239.52763834209836,-329.301370184018,277.63929069463336,133.8506647708668,-31.40211902853164,-89.41031777710675,217.3683200518447,-59.90582404804073,-590.8800290189687,-203.4409140775522,751.6849023514618,-47.43843428778837,113.7702231627671,-192.0673974861665,-110.55119112774672,-127.09030446886445,-299.2945991440964,-0.0468361155025554,0
180.1737095728676,309.8725241012048,-63.1669444911488,215.6657536606425,25.98007933204785,-181.47425495624788,-101.97417218983864,-189.34186719883857,-154.62576806729854,101.8525114145734,210.61674599432905,-137.7360795110792,26.344614608510724,-33.35010374489998,213.0304610506816,195.5547546250643,46.62734446548768,94.521357564323,-280.3025574733682,-24.391815834836,-212.0769337771748,449.8938368300152,54.86628401747461,134.49364322748846,-274.4874621174739,-61.03919669884993,1
-115.07513343369985,-485.94519353645353,7.0219119232171945,-27.186405370326906,-21.06475862007049,268.54124388046176,-13.657149386223647,124.05546304760873,755.7343994769776,-4.632871705180394,-388.3185513466396,78.08492183302687,-77.16066032992327,27.64005768026288,-154.75106804059416,75.56958906473774,395.1990606800418,366.91266877973,65.79586499373947,63.57130021407385,286.028293449569,-253.6297220513841,-65.02826276972323,-177.9112838134806,413.58773438013776,21.097904670911166,1
107.4563921656162,-39.4387755256832,121.55497493851723,203.02664781214003,-8.72371086264537,70.24122128473715,-457.2747847654106,5.577769156367224,-359.87819191917424,217.16912637177316,-13.124662570516556,313.591911474499,-36.36514476047996,267.43808945491804,-31.325437701300707,383.4216811425546,365.5463732893732,375.77023766099137,61.139409624752126,63.056376132040086,-126.78485762111497,-691.9487707024234,-59.53906473916161,-187.6743254437185,654.7360536249384,3.2419434298566343,1
-127.02858634695966,-246.5795945798499,72.43543829006664,-204.3103341598801,-2.8548915139508235,72.27554505632891,-654.9851514750126,-13.609971917084328,-136.68119517200373,170.3904468811248,106.07480184693776,-525.9833304944125,112.34980432134915,-74.2960575195181,143.0270097321184,98.37536704351125,-17.764905608147323,116.71154951878782,-216.4026092943291,-100.16546829168482,292.8273523059113,-884.8426176862516,-62.01455390356416,-245.00869875257035,980.012396612074,-16.538849413671684,0
-52.113579552174,-286.79409778073983,151.81077773790105,-150.10000411559793,-51.6676759846108,426.2364320044082,-436.9513802917446,-324.7672556743808,1412.956785545739,149.1335929969852,174.92196405336165,-296.2126551452279,71.61102740216893,-176.65387730021862,280.37658332657224,188.11041315399208,313.216342079638,133.2336151846243,-461.39914092883726,-36.99801727565531,416.1023542723804,-429.7369289864605,-38.42789386305681,-154.04858808274258,218.5693306347522,-45.46856159619102,0
193.81658819072075,-106.60904536175848,-15.94255806806605,159.97139820699252,38.10042591310752,-396.3664008020726,-571.2656492677341,-196.97168155377796,-546.6435546415424,384.9409880226347,128.6767785387841,-41.06374293867952,8.552964483552019,-158.41688239800834,112.6638174892578,464.6529185849852,-180.80150806131968,-315.7756794804279,-478.888013926683,-60.0081680117175,-409.45532816789824,659.8097583804631,-6.491664497888516,195.22868855700904,-302.0433659577231,-16.541357288423338,1
-86.02109264688742,-323.92392902411683,102.71009831549924,-159.64133597614995,-20.489433464807565,-90.06749420674977,244.608429777371,134.283473260762,912.832007811867,-255.03921008348615,118.92020144226235,-211.79800142738,-41.72504377234517,-72.92012768066915,-42.54013353251798,224.93400970802523,-149.50127231808,-540.035884986979,292.37920656562625,-123.9480027283628,377.6674774649574,-286.24233691484363,-131.44972144559782,-146.0255232005535,-276.59261502882885,-16.552751339357233,0
37.20573409239788,-93.72047998159984,81.06857312602096,164.09248282425153,78.39159066237787,-338.0476160524323,326.67140636206983,-13.660429430213352,-162.18047165937278,229.8000441010632,130.04771350555455,-120.381989024676,41.53943797408567,604.7823124068605,-179.08013122066836,-572.0188777074925,322.04864357837783,303.0003903602489,299.1761896191344,-19.172167878454005,-94.98900247336492,-88.11351721685052,38.25196348733248,-99.29706410914564,943.8978659623724,-15.425025227471105,1
53.655912699700615,92.62730074543082,-152.26604742910826,298.29445533905255,4.1329868420567495,-20.468172315190245,-628.9556852195639,223.3811585839438,-211.83515791380276,176.23144253208895,212.90349063113396,-144.12176539488456,38.74963817585983,-278.63491175353937,211.27659856862076,387.8607373877216,215.70298518892784,-278.9470881971547,-296.2095312708917,-35.25401993292704,85.81505832568995,271.1726642041435,83.1734960130108,91.06265975860988,27.46101650859817,9.125269914332227,1
109.0106614900819,-837.4150313312074,37.79424044370779,256.5202780824948,-12.63884935600318,592.6628677278628,262.46970727808537,17.465674479342532,2187.555808890322,-32.18709590339515,-186.17782924688584,266.50217465849386,-92.18905309571544,347.12961584244,-189.04002416710767,291.90345861568346,504.4243404441716,2.243624397485249,-518.8075848743691,-90.69252550173655,54.27859823754794,84.63828777261402,-58.32998563513296,-124.50776528531308,662.7661443508746,14.16197105077655,1
255.5116502646784,-290.02414642860805,37.30436018269855,219.60564186465623,-1.4121693873576646,812.1794149474081,-85.42499252701109,77.55762223512465,1767.8412013449831,53.261442943643615,-353.5984401337106,141.71870256015816,-143.29847241298316,86.10842137501916,-507.2078828449619,190.8464503652446,294.0226299789292,-89.8154262810799,-266.54488713341027,-206.84780923946448,302.0766643917684,27.20177462565149,-113.50443543138849,-226.00429813412492,113.88161238026424,-11.67868973845225,1
145.09717593398443,-103.2074386143501,-75.38367234856743,573.3936244928889,57.65034263760335,210.67209931894683,-212.11507502251536,437.6403686990635,816.6510866626866,111.62550327696654,-406.3544535813397,-14.753468244606676,-39.39446262824537,366.7398478105508,298.7208734374372,100.24211399953764,-21.391327315483057,188.69750172928616,272.00730216204227,18.594400104069532,708.4298400402889,395.793716318448,-12.065245170687422,-192.69772223452517,572.4776121228105,13.470564466228572,0
-52.01204813628153,386.5373422532173,-30.42585350640533,392.063122787436,8.843941016513703,-352.45247739592264,107.3695800971689,-305.5709860859589,758.5926585840183,294.92642802596987,5.640136268480411,-344.7111720774464,101.24774287463455,-613.7739819273132,481.7924217797888,265.6205050469128,219.19432636090175,-457.5208492272903,-156.25592253932584,-99.90490157334357,53.83741482587703,298.90473682883305,86.05515148712554,87.53720964949902,-859.4829940186358,13.1700666775893,1
21.99246179841852,-387.1780942331699,-24.840670606200547,49.32305864577491,32.551882501301115,227.47610662767,210.0531892116174,-117.09947909362263,884.5187866661511,-267.0286505839349,-226.6845292399,37.98010226930062,-94.53280938811903,18.54631835694879,394.593877395056,-145.92102440108567,66.95730133838673,119.14352718008416,362.9277327044517,27.887893078286893,296.61244675671014,0.2176712345067875,85.70368082623368,-163.63404735633006,466.8854285448712,23.325159714237103,0
63.53208369483415,520.3798164504648,22.07140178637197,296.2251926255186,34.83229032561299,-642.4717243721655,-233.61495476568012,-360.2771621263874,-361.9470091033144,197.79547075939595,354.7181794128542,-20.128288098402795,18.681786326246662,-25.84031031374065,297.80485352736616,490.9266190109547,240.93939590956435,-119.92572909636937,26.77473513784661,-151.13841253331853,-218.2004047385428,509.832567049314,229.2935250543917,320.7358801157888,-127.78844709575988,-12.248237593781706,1
66.07015715594164,192.9727273376253,87.5883202062297,128.75030160150794,-14.88973701640357,207.97548684711103,-459.47687862626776,416.3429261252578,229.63787018949932,64.07815147261617,-257.31780320921644,200.99688735709404,-7.471969553209348,96.90094529224191,-359.87292506939,290.19536918911234,203.4756239061975,221.34938015973265,-365.7145088908309,-29.300427660909524,415.5754397270207,-439.68224697674873,-17.349808446811778,-119.14328640077204,80.86268212842037,21.891199332437537,1
-184.5262431843379,187.50510145516373,-14.492014133996234,-289.6826688203432,-12.904319946633242,807.1979205513727,332.87775777967084,539.2710865382203,243.68081570622093,-201.83853234171528,226.69981747897936,-279.8464027291878,-24.828060944950245,-438.38691000377503,124.42066566710048,343.7538593713392,-95.01537997156946,68.9530386250709,11.506819585071286,-129.39621574976283,71.33165930812719,-243.8333482195364,-95.79302809705725,-120.48158793558528,-50.51114381667006,-37.00905780768474,0
19.510903528817245,147.15083996649048,24.68993909149251,289.5739795535027,-3.805209171841115,-21.2356754560587,-308.1484546429552,396.4126903681752,337.8135272999724,404.14356679931495,-176.0894917800352,578.3955592577903,-6.671971466289787,408.0264709697629,-299.25271367710786,-289.1381824487583,161.3284296255307,707.6755598471784,-17.086875026423893,-62.4094092445018,513.0264901401455,-246.697894723355,-12.674413197695234,53.37555107385537,136.16521145193647,48.46024854471841,1
272.7392901391597,-257.5154818844711,-41.39209944794071,261.89031740515696,62.88243388576859,226.6364590459109,579.2985729034609,258.1593837309133,373.2882032550263,-80.02759951830497,-170.94054905554563,-119.20606517808774,-29.73030321206897,516.3704062496677,224.67707694511745,328.7494992833728,101.20176136248652,216.8278013624449,323.8439456842638,56.261694275049166,430.5833514942388,-1.1904967922515295,92.4110429449402,-126.9039126557734,162.75919921586447,53.10717480913323,0
11.731637486789651,-339.55019640023073,108.22250372322512,-379.2321501685223,-1.0342647774141112,4.363177585360788,693.7830968363482,263.7432340206982,470.3388665896564,27.78036423170332,275.6968981818667,-75.86167187048635,56.77052518819622,15.47654164163155,-275.1247502143449,-526.9897908980512,102.4786329412292,-605.3273479506263,-77.03817065616481,-91.4664336574176,352.9098348536521,-670.1753955190783,83.1819972717026,-125.78050407223006,335.33398604092133,57.77249105879172,1
43.77477301877442,407.1315901178692,-116.61926328031744,260.1011542198555,-10.727604967642025,-496.4574755333577,10.514535741523002,-116.56536186660712,136.8254001090951,98.3511033171287,121.05844378322313,228.61955168588696,11.786837430398926,-523.4465904434614,320.7026131478486,236.49758744586745,264.8125627006817,158.76739300300255,-97.4685395105342,-85.25724243437216,141.1632522779702,338.4288334381717,186.7417915173648,212.7551613252657,20.71750471961855,-52.26852678755023,1
-17.80010898068909,-83.28555773501145,91.71407406786808,-223.1308284219699,-35.654773295744334,-1003.399126548315,577.8738852867747,273.7715565917447,-582.3416537905425,129.18158987893108,434.2702449658422,172.80507041385206,30.320272325175534,333.7923035937729,-621.6046558590649,-21.01083589873252,9.370190587026286,-563.7169666050675,207.82415839540204,-97.6325985240457,297.8480217791655,-621.42269141643,64.23499204419363,-3.5233779004806918,-40.21544078521671,97.57473241943612,1
55.517810019445314,191.28240453884675,-132.03166629036178,267.8069512838466,21.716855359520988,-123.87958202851348,-732.5709108916896,-102.81596920225785,9.38929378987772,268.0423098993152,340.145021585688,-251.45473215031808,74.00766726740682,82.39247820406675,178.17480016650737,589.2046083459354,563.8234236955382,346.07360440486025,-489.73624095559614,-95.700777988055,-52.35861143360697,-72.1245110658542,-39.725159498062354,2.2337028308632645,-21.046878237751883,12.151701068815456,1
80.46566413971368,-317.74184000921326,83.28823190951313,-21.428151951875705,33.2285892213024,-242.82311030894573,276.0484668298096,-67.90826601876269,139.48182873510152,48.10813663094951,233.5469116085533,97.52388840673854,79.81628309291152,-182.10518733665245,-48.39477964861504,71.70904155033804,447.8479260991663,-114.7495331381754,452.89584417106846,-133.69006479560034,59.85409844272577,-420.926271089155,122.39901245565171,-348.52402754954966,772.9139826601728,30.75531886650764,1
22.04378038703188,466.34826822858,9.026900412193424,49.69251600546016,25.70499160283822,132.43234499677249,174.97113611234093,-456.7952025885545,-105.96464168686408,377.1571824808758,87.27646508648812,-235.99841816038992,28.61669637722575,-409.9355190325001,198.8590656242596,129.36991673118158,209.2535591693728,-192.3372657198802,172.8690999018507,-58.81666037951568,-107.72105349358768,264.7057155974014,70.00198827195715,75.28567237523463,-451.184988274848,21.571606490790487,1
-24.180024964621552,-425.4110201975592,114.3728059605388,-443.08471703632006,-56.05311704213851,147.49490835402878,-115.80836907453671,-464.23578717163866,994.762053024997,-0.9982256561124632,361.47262400240817,-182.7326475389569,48.24093437634365,-286.20272112338347,159.63520037074346,643.4181329192285,229.78572290879973,144.9167173138075,-375.874087591101,-102.21138740553484,217.326827384312,-358.62403928772267,-129.10943385981156,-84.56466199064037,692.7157085476427,-32.49704979102221,0
83.12837474446147,-157.55038607270345,-89.05731345286213,360.2370624757428,66.94423418729285,239.71318530587573,-26.78896115830546,337.504235494614,203.01536985071127,-0.1125231920670724,-236.59054695996932,74.75771161701148,-31.85333168833758,317.8694603318773,517.3371519796418,231.62397951137052,-9.49273976224723,237.41573383881044,416.5240462850636,70.81377100871188,380.2424074594269,314.80262223168063,53.8917326065698,-215.379855967218,520.4793705647094,25.32971780823265,0
-36.87129032494071,241.74307195208243,9.066045555602312,321.900172398084,-4.517436968711932,-512.0557649945097,-239.6689256186409,171.074245015844,64.42199431633853,288.78313631555505,384.2663677562669,-109.7367849529204,75.5761732546551,-169.52482281290702,440.3219925658487,36.71662864324621,11.557200236765423,-438.84801110149147,196.9213659044346,-53.24155062789217,-96.51273612542012,697.4668308370286,22.35110606646138,239.3003833546217,-228.54876891250663,-63.329520851189045,1
-38.856004576367376,-436.22147189565817,-29.49182985858662,-179.7510459745736,-28.085133542124293,113.05817807096322,307.65193147107175,85.08116702507118,-1344.851472971692,421.19532399928426,-101.33857005986565,296.54306966816125,61.53638696389966,137.9538396398001,-312.6972665298571,-26.22897783074549,13.407948424323894,-244.72993050290015,104.07128324861,58.05952963495883,-23.486577027937617,-800.5939965091092,146.7539143653259,85.35140882130617,78.03934561415561,13.586390743493167,1
-81.74770237967121,1.075843194733772,44.82390866709351,-426.1599357595761,-31.00057526689943,-283.43308700356545,276.9395284587954,255.23342320749,-189.24321739121865,-268.7029139716065,321.5081978324756,-180.9142983344552,-1.3763043432719693,-312.62245059276665,90.81475234765794,-213.6203539480568,-459.7136198442375,-475.0552397330789,358.9111861447035,-99.78065244535284,-195.6637206906849,-524.8382393223333,-261.6808412532722,-163.201166021616,-59.52195594903743,-21.4717926860323,0
-36.98588433900711,-35.70944658449271,-2.812788452697834,29.942177641505463,44.740648963321554,557.221196016798,506.906178969472,51.533462485548334,-288.5863608889524,7.963017758495688,-136.23189026544011,11.172167742297574,-35.593723580124234,660.1026588067787,386.6235369951913,343.2569649080757,238.1627552182309,540.8541637535324,386.5432253660802,209.43675604046476,191.20550503736277,311.21688186129586,242.1335713447506,-198.3090845021238,513.3954726507918,31.338569057853014,0
145.7479058354431,-212.83973086122649,52.34162188708089,-261.4698830048583,20.92925293395277,-122.41332969471615,222.29180404711832,128.01348543063764,121.1109812846467,37.38389581165449,133.9588858400698,420.105521575655,58.252507207415405,184.1188631205056,-246.2995458879304,-303.58267108849424,39.63216941366082,-562.5384012986264,276.5846117439996,-122.35496178225154,282.1467203788784,-16.60138019689903,53.94004194388964,-116.38808758591772,375.7250069884028,32.8728476419724,1
-160.31417165006366,-774.8632870875348,91.8583997925072,-374.61012124435047,-34.82894370674554,-78.98150606599806,758.7842422561924,180.80269913060624,1496.094587675505,-4.098166899849415,10.286955442348898,-436.5428103604448,-96.02962386166097,-560.4264537682996,131.1872120143807,487.6375215554866,495.2796424928533,162.98799119489036,84.37897393320222,-106.2659185074375,221.30233874356773,-247.26642567716016,-96.7257446697189,-49.039113365628346,-344.5401563909564,-75.92701333642846,0
143.79129510150224,10.403404189168574,73.07315698251091,227.86736710704457,-30.695622311172485,142.05518518675348,-575.6264289811148,231.66313009775516,1322.2247509841657,189.6262794222997,86.66904622400766,460.49679027587536,-90.13843234644268,261.28883675173694,-126.06513971735237,83.0348588709011,246.84149333156628,361.424962756702,-162.83500560694412,-83.27018998720192,633.4869671667396,-76.05962940113454,-152.0279911285713,-32.28541237964096,259.4280541695623,2.8328203378937102,1
242.4135928083766,-650.8077948608866,106.88537350197612,-252.37315208913205,70.09806252628165,-355.05828203146746,499.0475136544709,114.19122657718768,-549.6778894230647,292.31913638030505,69.35623129914192,-247.4004927920832,122.40304653394531,-241.4541235739573,-47.180869805194206,291.27718416990456,187.68018751261224,-133.70799813667315,407.2851084461073,-171.6371920042945,230.95449187162248,-701.1594586692528,172.42427553083743,-434.75358291873727,910.0583387055528,32.14267608404922,1
-60.81929005145248,-45.4834312375372,5.794576479208775,-100.68819863941832,-37.90982109148114,612.5375564073094,537.013862352661,191.13908219494903,327.6540206052148,61.46218121309488,388.376876199244,468.7510314488532,-13.68488436186923,-561.2202190142474,-22.48915301198564,343.62243656809306,-204.64474547446235,205.53954271799145,-32.10397438828688,-132.08791241965412,-71.14531023700015,-73.36944505913556,0.6598449471872603,-132.26641630042178,-545.7630054443528,-24.520625044686863,0
-95.0328018596292,-332.60341382695964,-14.683871730244269,-126.60957705795316,-23.565564572956077,219.604157028786,-771.5117011933152,-158.37908466510007,225.74672794139224,246.54606956687388,48.050701118197104,-341.4319685620362,6.525932186599808,-245.27032423716471,305.7414148346304,216.91282636052048,241.4676705866908,151.7899591221727,58.29076663786633,-71.88102792894671,92.22324793140577,-354.4967006941119,-94.3464345718397,-119.8118936849192,398.8736565144917,-28.81178538872521,0
44.99723919372357,426.3860054360399,-22.786309342004195,109.52762495536422,41.97316896752328,-50.54607346265136,-78.56869199563099,-9.68317427111974,-469.219852465471,-54.91587603182528,330.4265926894989,-250.55391670546652,111.55459258835648,-107.80613848630388,121.93058663901016,283.05263470117006,24.89772410045096,-397.79055979873016,322.0109554880232,-180.4019217265941,-556.0151505949237,549.2598202953599,9.334574177757272,100.4353941747768,-376.3836974458641,0.3668979983145122,1
107.75277710628252,-132.62793078598045,105.1844396066361,-325.4028404675919,9.443076114962311,-924.711496753364,479.3061521887393,230.1913519774845,-939.8951685524454,234.9782232293753,302.8717734909626,198.96516602605448,82.87121859696347,323.1941493339913,-357.22583088669603,-8.990111927286984,-145.94362357094292,-444.8778939713423,435.91529823082936,-47.57294193532002,670.1901005296592,-506.3476303535413,151.44159467327455,-114.89620075159618,16.92273122620416,77.03396126955035,1
-29.92570101149102,50.09350977867857,-24.342024627264067,291.7564131351644,27.26832233694349,-337.1288180395507,-39.18966660499392,318.38277443230544,-266.9379902465385,44.66458044531944,60.77292599243349,220.3766718205405,63.58800935507012,374.8160677213874,-104.682272103488,-543.4638804989389,354.0303923804628,104.70870895641552,315.19646160547165,-8.982850742373545,-137.65418019745812,-172.09356438804315,85.36812515894289,-73.69268709427577,495.3376178701684,5.949433649710361,1
-116.01870051458548,-282.31137088727485,-50.67663907972802,331.70398549400835,34.45210949575073,590.7587575085067,274.81960494306,15.844306809615452,530.4657501418708,114.97476522518208,-357.6564540113426,-437.7763637573159,12.681722446460553,776.9318938355412,330.56535113599267,389.0769027367224,-75.94546510816156,206.82900000763965,116.32929269721548,83.47063735680193,603.8924198699888,348.5271769086413,166.05716448048358,-25.846620039574283,337.00656026016827,1.5404172293886311,0
24.66157834274905,-439.90203171330216,51.16086826886209,248.89553714201628,-43.0017139234263,302.16055777671124,-65.7916320650991,499.9520356585019,437.1933028088077,339.43044977536226,-282.30695679093594,-66.48970525662233,-12.271568448735737,346.4694508510772,-313.2725639745135,324.5067018953755,-10.749818104940765,194.68826721685105,-225.48778014859863,-27.19754324059485,200.1245638722234,-236.6950995964121,-17.42515455909658,-26.35086955244983,53.18027300008529,76.67255868672146,1
318.79712898153326,-115.5033890673424,139.143713185707,306.4312996278369,-37.79881764102464,443.5823980052123,-389.1803799140833,221.8782984755783,1232.9273479274711,172.23074669063507,-51.879492177325474,255.5473552687008,-92.54408057394498,443.3551327359968,17.647770434670345,625.028193960729,224.4263194734131,46.51373204084493,-437.36943952372127,-115.71450643622784,228.87252253880249,-307.2659303708842,-15.36822402145228,-49.86247229053207,64.1754455912758,5.202382815224087,1
61.29121016364008,-180.02702893590836,-74.7951239142978,66.08113452317949,-54.20780680096718,242.26696231941625,-255.72116213738545,644.051514511976,776.6372530528602,132.23384091459894,-177.60518247406378,362.63688502927954,-72.57906944044953,427.428070322428,-337.3784839856998,26.71614208440105,194.40646121755032,64.75659269548494,-275.9396459750104,-123.38728949471792,341.2779795455885,-611.5494277240698,-237.69854299565532,3.3879786192077086,337.19993813648915,25.07017334379734,1
35.70821538452549,-237.02014665123008,18.68189518430988,-177.8518817191149,13.7042975796468,14.176888739332256,371.7240623885128,378.6150240417559,-1095.7671523881145,338.2646448212256,-13.287936497526973,299.13365172407026,73.46698838941431,475.59880341482926,-257.8881948308989,-245.15114641614755,-89.74010496348441,-453.95242201026167,336.3403843515766,57.13521321371945,418.0041935930786,-564.6433492913444,105.1843142203604,35.935756122676615,277.16740187826093,20.578953293630608,1
123.8565923701594,247.3686244744904,23.29325432962839,333.5687947684489,42.422721227742414,-472.0386912103929,109.1157195616296,-442.0572885673021,-277.7851902923258,424.24154847392793,96.71601268009871,-259.0151860425004,-68.06861639406641,-227.45567869459003,137.76541813295333,321.13141902650096,-9.312163001287832,-176.54029187986797,117.0077852217808,-56.099856924641216,-42.54865228758621,685.5351774219898,198.10352673100917,230.62165984851717,-466.1881583047792,-9.95703479582678,1
-59.71282035019076,621.2254717538614,-57.37741939574747,180.79368238455632,57.47198883169808,-301.9575446946923,-774.7535649251787,-127.37648476412949,-1289.8341882421466,-39.6720553790124,80.1893709200201,-122.51141195112751,69.31687032041279,-151.92436887332067,74.84214381256228,171.11950706898352,293.24079361286283,-531.0671242053947,328.71435362170735,-122.30250083070544,-755.9932228914731,511.1858924504658,123.38028993884396,149.68052306620137,161.25532837232478,35.5575369170116,1
-64.45639318497297,-241.554509254674,43.50094140503376,-229.9460824706761,15.625359901898698,-20.279679644274797,-6.566539901598606,-101.34094265526596,134.39215743280582,275.6022971914939,15.492041178211917,-464.735877507934,44.24195485045888,-303.518083474829,120.88747956133746,505.222085719226,48.60588590707791,548.2416921550862,-357.84336311674497,-126.57733393687153,54.841772500145225,-340.3543014628174,-88.17043700634213,-42.98281579990598,273.3902721089433,2.139333883330971,0
22.32845422518997,-90.88020959197596,81.23380945277795,-296.47507267929086,3.675430792265657,3.2210073191913158,201.71863113437595,-132.2334905256118,-435.0915863833748,274.6888103219507,373.6990727116511,381.20928386034353,18.04431576611772,-84.79926756114327,-347.2468370724566,-254.0393742882098,237.5671825803512,-285.26833712976986,123.20307243272346,-27.30554916849668,103.48854323425596,-512.1638703351964,40.09896901446198,-139.1469463118604,311.8227471922117,45.37136721095255,1
73.54766625282038,-295.15482669866054,-19.27624261141333,125.34332009675954,-5.968738133595082,197.80560369802012,-191.46363322885216,560.0872553826438,459.7042570192102,315.2101657794901,-210.9106030649106,180.95615448660575,-115.18119120862822,337.3274931825405,-241.485897222014,131.89154824268385,302.8620135838933,388.9619674370083,-189.0130612135608,-83.21499519378165,174.38408019841506,-298.85257093714137,-88.53040338926488,22.31980682070728,148.0652601038659,32.30471095273278,1
102.61261185259382,122.68479637285456,10.86923858162228,290.9969318248211,-29.58869054602411,128.48240445311023,-820.7795680456632,448.276323174241,214.23366083117335,182.33706777000364,27.849788996678864,492.5120401974301,-57.16668155086454,-22.09750904265489,-356.09817591444136,397.4081787253108,118.65016361701932,900.4432699607405,-531.7821176767146,-147.78385594791618,422.94090769561234,-746.6994835511209,-80.79703795140998,-218.5982796873631,558.6715455171053,-23.679003310446863,1
101.23755428146352,-221.3440771651356,138.89867343792773,-82.21712311901739,63.84996445158164,-422.96853098382246,549.4520945495698,501.40160622118697,-148.14964043117044,97.01055478722716,387.8098386257348,24.5398963184034,58.65157237394335,350.7594529309002,-71.44124535900724,-117.16844512096787,122.70461479031768,-499.7639871170843,225.0087859677444,-60.83273463127632,201.99586355153616,-332.3646028133975,40.89452072086877,-120.9923996519835,343.47004325551313,28.15464030473463,1
117.11918388302396,-228.4842055197294,5.081232718853741,124.14322918832514,3.6096714936100938,-161.64961789907375,732.5881786285469,281.7615723588131,292.88700810947125,-54.64207286959194,-69.71795901235966,-77.72048630018395,-91.41090617030945,239.44202609225263,168.4294189385565,249.63967826498435,379.1643369132814,364.2885053216178,227.4956880392428,92.5551642432812,69.90766967357213,-466.9480251434037,41.09119493750485,-222.313483784719,336.9642735934325,25.56391776922593,0
213.6287323785227,121.3414385422108,98.54134325870706,189.20554739398665,-16.250379626458926,609.3568510459991,-184.43438347648512,253.20001565052587,684.4600942952861,353.75337632290507,-176.24877081951104,68.61281426889329,-35.97118617149635,515.9074983417445,-348.0296562331255,316.61771909796425,26.394179173629485,-111.47845255869824,-439.572122197292,-52.9290412245928,349.6000737269067,39.65895716050304,-30.92284258180944,-50.92113229043351,-454.46736412005,39.68680198533142,1
85.94972068979632,257.37636588531103,-22.116225345650644,155.88271800340908,-26.589168998962936,97.38817930521058,-657.8724081494327,17.712969137644603,520.2695154283147,37.840879532892686,302.986914412774,170.01035420729164,35.318979636115614,205.4741037287024,295.9909509302669,-119.80611174226046,567.0535022712166,68.05738093888175,206.19449061356704,-28.97478757676209,-229.47972252865904,537.1261701397726,14.245262333755049,172.14016912788614,-48.289550425701925,-27.45822362018467,1
148.225540935741,-106.87072532482,-76.84337849557431,185.80332481255311,2.8353748272719197,426.81279870454864,171.42806510186475,293.0362370830729,336.1633511714071,-114.78978019706568,-81.83112293703026,-164.14465334561467,-45.959986909994704,40.24094772355842,-81.43751711916079,-55.75220030253854,-69.23598833398411,647.4316684178888,334.67931071125025,-0.7466695651386868,549.7875428231603,-97.49582729859914,39.66935778577786,22.04075745211462,295.9240212129185,28.049063862906877,0
107.91830172179333,-350.68800238375167,76.41360233525099,-237.84628377471057,53.491686538225295,-185.97946042540724,385.3037688042765,386.6828778425965,425.8037127284858,128.7042717269739,49.79608985040541,206.40482948335196,49.98984194959202,-16.945756966034104,-74.44466690067938,-245.42784093250827,212.8177092644352,-51.42140102992384,94.85049060353644,-157.4425250234462,446.4245753228154,-773.7400598370508,-16.658560557880154,-314.055670206997,261.29438656938305,20.485510403214445,1
-43.12236182008444,363.34026496578616,-112.4710006444105,216.60997269964287,-21.6107945123016,-525.8883872427565,-304.70668815391605,-45.98714398025046,547.9981163366488,-212.11541270088264,-90.1686085921436,48.64224954109816,57.464615217853535,-258.2522649387531,433.728904292158,82.42257586277478,545.4516984320128,41.05694414487215,-5.357040981044355,-64.59641414979282,-113.49980598509622,443.9838936087292,185.26674342797125,44.93356682065288,-293.17860087326613,-72.09773647521197,1
-20.164081857843986,-305.8784018084553,25.60588830857876,34.23457317256238,-75.29074116142013,-38.78785547745712,-433.2466977282302,115.68174671578087,848.4403374757354,122.79479536298932,-100.74218331603863,228.80160968006209,-62.84092775068829,34.22209149926756,-120.07347795956072,215.9734784598952,323.876064973927,620.1359668849875,-105.02787974199036,-57.85432935971089,283.97007750131604,-516.8556861023588,-113.53473719110208,-118.02731450519435,526.2831363410951,17.91595222999125,1
101.76550580588786,-578.2521458354673,106.67641682389969,264.7703775422539,-50.83550280746742,350.2548353668444,-587.3864106654322,308.39089142414025,649.3758393978121,265.28714969195687,29.91122491264169,169.74926540159694,-91.54231144064956,106.84160993692058,-144.96760466861048,293.0459425628703,211.3699896117284,237.971890838448,-10.643917009923772,9.959987351356876,257.0062264669109,-485.1197555937099,-96.01511371892808,-50.96097758977388,286.70296003287666,18.394221851349837,1
16.72560225448524,-490.5626506453161,26.62834847699102,268.16179582680365,-27.105206435937085,464.8130287485953,-184.85353948569485,262.6298940701713,1051.1181322501898,363.4124751501627,-323.59392758140723,115.12718480297436,-86.52078914740451,92.60778406570768,-73.21659112724657,394.3919042940505,54.557450021263946,613.1725652372926,-65.66717964502276,-68.33637816068033,438.612261765949,71.60743588798718,24.38492035779548,-78.69974198482713,11.213821798841993,79.43240836598459,1
-75.95425312276741,-33.25420226880806,40.26748942010759,15.04024889273483,-12.74532986843509,235.619238427198,-132.21831445541628,-283.38306400848967,650.1935316537639,155.1511299676279,151.66815730714063,-284.82315959852184,28.167515238307143,-184.59191887308063,231.74077582876492,421.72631830853385,78.76471525394527,-12.455048414525391,-224.1764590864239,-88.75544635372528,76.9730298156656,-93.6191316305409,-72.00786014620711,-130.43278341832945,520.7147478825593,10.256817761693544,0
142.30928801927325,65.95178561938573,-82.0666993079455,206.72272099567337,66.46510663983628,415.96706232454994,-226.45890985435116,-108.17566597342822,232.6690345782781,148.7803359767002,155.91441305499686,-185.94857382139617,43.13935730030044,123.11958933352176,219.7706164724529,556.7053379029174,671.4528171781824,382.870774406588,-172.21310481015914,-151.57574649709747,-128.2845043613918,364.7721349520956,177.67332917213565,101.495442731108,-28.210970415452817,-48.47893818199767,1
50.47185610075938,-626.7502899729863,177.6284807976885,-542.957593990695,-36.00883342869032,601.1605338115054,-499.1646457148223,-638.8632763312852,929.6945239251824,-146.56595122832158,288.2110045889941,-274.06355439105545,167.99783620723488,-557.1670864688368,313.95222445064445,361.4327457637227,204.42063456706865,285.70866727651423,-300.7126610732356,-136.90416402679676,-122.00457594777068,-556.7635240214246,-39.13043119427791,-267.0573245913045,765.0521024293602,-26.034491176259188,0
64.50852786060817,-82.39967171574908,-23.90946127345254,255.4715224025344,39.41556741763095,386.73158252730445,144.63994953958675,222.53974508255888,322.44946007163554,-174.23116346611982,-283.8452231050356,-105.9442637842298,49.42870088010018,501.1305333495877,203.72464069409827,189.09811651700645,246.28739765573948,54.81212741905384,355.0210216227943,161.43593095150865,565.7246921692922,291.3066125021583,141.8248132590475,-154.85745517884706,19.822876383083862,-27.68714356407268,0
-0.2967143767264062,672.562035631376,-67.24117186328438,300.2628424662006,5.315970357806239,12.241658507902445,-417.9906626664882,-7.56698257654531,215.16024916444735,82.31185813223847,314.104774876741,-87.6966651792293,105.86219220321708,-28.20678544604272,497.4061694797283,122.62773016622393,467.2062148056656,109.46751296968428,-157.84254115754663,-63.36082118017423,-331.4800255218192,142.47121472377103,14.402147875043314,65.15059199565289,-254.45309699552607,4.513523607653468,1
86.68950689554724,152.0093134519208,-114.64762684797331,70.62553579274812,37.84352052731372,-502.52463215260144,-904.3609178476886,-60.207791252859465,-1392.058856982674,207.0533098744802,207.5906251855758,-268.2830006009484,80.16565816823756,-294.28113443696566,147.8026057402935,241.2043903061117,253.6655989480022,-432.1418265109912,-307.38679007431165,16.26911252528427,-680.4116288269182,356.8017258896416,-8.264742544101667,150.33759232684005,89.30486898357266,-35.66618278263259,1
145.38576739144628,-202.66360120719563,168.23584424648595,-165.35026769218507,42.401296492464624,-687.997994156567,174.3590391817146,508.60490375978384,324.7417833246652,236.24702732697443,241.07573978706944,308.53009998254714,31.60206308228217,522.6054767058505,-285.2101747964162,-576.4478401428598,266.26860925988,-162.71274372135642,368.70511283106384,-138.55116857720554,391.52643498368894,-102.8549073195104,11.063952398912493,-34.224648153784656,483.2599712962889,41.76373047413418,1
162.96469685034825,-493.5409975675735,-143.78957484602526,480.1126744848279,47.043010765975,103.00382461350785,-113.72970289234132,230.0399474999572,1120.7551146971182,178.20562456707876,-300.4217528684206,-304.34276519481324,-100.3905778948456,-178.6658154347284,405.14221193330815,104.53952234269192,221.35016048117237,245.2133977815724,178.6489320264551,-10.7556467001442,404.13844032266167,71.03698272703991,-68.62315447281725,-308.502201019028,396.3185049785249,56.73470812727331,0
-10.221468797543892,-328.00763712502606,108.25030452295564,-262.17947465408724,-40.12572902933574,208.02106288836427,-133.56367857965347,20.50212058131488,1128.2501247176651,-173.1143416002545,58.73998556961486,-363.6428473842996,-61.6692695189164,-229.37618540711944,244.58141608007855,181.4435344465905,-11.740892826257962,-435.7137535047192,-24.78130093361544,-21.787892975000645,408.5263814133633,-343.6524084707209,-112.1871417563104,-104.6405794140628,-736.3485705014651,-51.46212418205327,0
131.81456894620533,-807.9761866364695,111.02443241204946,-255.71597539029253,57.91883411418112,-659.8799599797635,327.1049776395426,37.7746260082016,-788.8269705923418,252.17994471943223,81.40978589524687,93.88435288332263,68.22100847698229,49.50675950120534,-240.33414947046887,77.00207663682342,104.84609834884763,-472.124985803114,476.58482048927743,-92.9508359333413,27.95936839338477,-321.00253807884457,176.64990372188325,-221.17477575127697,607.7262231871256,72.39642035928009,1
5.4698887808113135,23.89391851808312,-146.05894150726655,512.2232759074178,32.395189282623924,379.1211213355355,119.05597256566789,263.70715566028434,977.567076785906,161.45528589992824,313.0969662323829,-524.4881367287397,47.41312269957288,197.82664908934495,118.42123153018458,162.44734635249137,-68.28857482421694,-181.1141472541773,-174.00819389730694,-161.3433452148796,368.06235895811216,514.1232207603234,20.85471482101713,85.09465866570424,-659.8761403887895,-10.205999221477828,1
128.32982630213155,459.0915714261257,-70.83964620240809,-26.645411206255183,-43.56151753389695,-774.5866397648608,-175.64644865845696,-316.0984679519892,-315.975272071162,162.54793238437853,180.61284253285177,-298.7749105258958,55.16235229838711,-551.3604729728164,259.0049431751369,-121.18568926725536,258.73070454962664,-106.86316663105856,113.83891444068531,75.84805307953212,-130.3201224011297,106.40647615313765,-70.26451180275465,-86.1160979766032,-234.5016631865193,-49.17972308318694,1
123.25643048826711,38.891572192333946,84.96868381373984,39.500771703007096,-45.73492520597888,249.26432759687432,-435.874179595896,266.4017163657833,275.4150905297727,157.68182754295256,24.928974259276035,219.099978681458,-70.67077006535249,446.8508714466984,-9.375658183836782,439.4351917337327,183.4978099669969,18.731881436838364,-415.1734060524194,64.13336938436443,236.8196586351665,-622.3782525833749,-149.43282159650545,-23.89393968371895,136.21373718635303,23.871965521661583,1
0.7269899988229138,-252.57421131507084,-159.3576302941761,250.00066401824168,44.455232557562766,398.0424910454042,-17.16706645256055,206.1965343882245,-32.95430982610863,-216.870753543405,-153.88304855063518,-83.63774434251003,-69.62136282770979,130.44111974248565,221.2380607099459,207.45610343866957,-125.76515106766222,91.99414912776304,270.62313340980654,42.46950997656049,429.0445204067234,188.69396451740215,126.33434185032336,-156.7506781945186,794.7090593592796,6.620251731665896,0
73.04458018447536,-799.8155320328489,196.4203155992615,-54.33506638235181,-47.64091769558711,-11.003869133555128,-13.483255063158555,-276.16170234615043,2026.7853543159504,-221.36976244552105,54.71929046781008,24.90958170245207,-71.07068235061305,-144.69344692149463,249.1890311836864,169.65958562730546,94.88935522033252,-334.4676577457348,77.65677429932038,-11.856348780743682,545.299480906548,-210.15312377313492,-8.947823255783316,-87.66360407880214,-1078.233088148442,-62.67262659755697,0
43.38737063482198,727.8126659612358,50.17846647679419,-211.95790339555708,36.6420381211896,-145.33374844331996,-62.83130913270209,-174.5428933177258,-346.103128715037,231.1485874455873,309.700328811238,-67.13422073898789,136.56071561766407,-100.06912259269156,621.0305536540285,487.45335963361066,550.1787502331572,-540.4184691859455,-607.1343317871529,-83.01027070849878,-725.1828078439936,343.13086287047645,117.279961813517,133.7274260667467,-255.57944147421995,-12.306629896840985,1
-77.47574658783262,-576.6566309775258,94.06952728071715,-206.6373631322599,-43.05996650282103,332.43177851766256,-192.53488019015143,-360.0738584005734,1744.994030220374,79.91706201471538,20.64588565509748,-415.4219821706107,80.88131285099075,-154.64184626090258,86.07676123785754,-10.940703461037137,385.9090946458948,80.29036972351231,-213.35878144004545,-117.53967516612846,245.41118438371456,-90.89970852831262,-76.58612198018642,-154.0222363685144,243.7300690255632,-31.179523619143165,0
88.32955801930004,13.364267867234709,-3.943834551799412,-118.94566073835875,-0.0122158459227872,341.6441108847853,233.06607182413367,379.0726094330229,422.4597160555312,14.23044011854793,373.0352290983415,519.0281820134212,2.7125383504066485,146.53955428197474,-212.23564216634108,-268.1514759632218,358.26560454584364,-461.4820933522965,146.10117782439153,-118.98987208404348,254.1420444717423,-366.370790305838,34.46974439388757,-161.6571978584804,112.53202399794633,37.97581870307212,1
-38.76438500845576,146.55297388989797,-8.8740946301004,266.9137759988371,36.725140715635504,-258.2608283659267,-627.3109841612296,-322.1754603354802,230.3482217477445,480.1050879280869,259.3179409997679,32.85616644719043,103.02468460709753,-324.1107366141917,343.63552180469406,-145.34751606170957,280.2498164026753,-206.5411707423939,-2.6473770551884503,-129.82591595721314,-3.009185886162435,614.6291461025853,163.37179260698602,222.0841562070024,-404.62704936760827,-2.253052783613464,1
6.509982019337874,791.5068665863912,-102.12111459394036,210.45050839061892,14.03317963712225,-341.329882384218,-262.6295275642734,556.0153707317011,-1091.868166594856,-24.86003289220992,436.54569896014186,-94.62642435154442,96.9992303293288,-199.1327123592641,491.4502613594617,300.3628503114941,-100.72487149769908,12.460904654522182,300.39723345776576,-77.69122501650824,-520.3312710289027,741.0748012787861,38.60980462034138,280.37260161816295,-74.04012038109587,-19.151186763011623,1
27.884315282451865,-431.8798332308304,49.31120953354,207.8536570433253,87.61109637713885,-330.5174032027786,-114.59950537688194,241.41283853794127,-450.3953102018844,-0.4487983062735488,178.0628783345628,42.95346100595129,142.16239889532315,290.27423451317907,38.1734056140653,-520.7223554617971,553.3826495287325,-198.8484233374172,810.747938006096,-34.262026010951935,-742.4521272916271,364.78529124466064,2.985769521858428,39.91229175218122,800.3378782931957,-25.6786479237528,1
180.96347724812125,241.51643572622945,165.15968761933732,179.835097236262,-46.279254305354826,-83.52964115133491,-411.8468924179927,193.007241062116,669.7174519025243,259.32684573491537,-97.07034388828384,146.70696948812713,-92.42308599007256,139.01529077744976,-285.8124182029331,666.5175259148539,67.29600560053339,337.41686619376804,-431.062381713987,-81.54796948989501,602.2115515216641,-293.8484046978869,-79.02305323557545,-127.350280431827,163.22651213906371,-30.24651455259007,1
149.246538894827,-538.4208000623554,124.89427809239004,-369.926118898348,7.619820465977756,309.6199447585083,412.94197716312783,627.7100427152346,-667.3246699688399,211.35365742304444,-46.254214124611785,443.5871345186414,212.80190563221188,5.967579148949895,-77.53372906657543,-152.97731701256518,-264.44731261409936,-977.9179883338812,477.8204284391735,-62.08053060166407,312.657631144299,-719.957231459322,0.5482545592027321,-87.02872845226977,513.107997651177,9.640506481314768,1
115.74430822635122,-612.0478943089569,-108.14495338350272,188.51231863104005,29.31505493719269,-202.0980506168856,917.260291721328,267.2422584123017,784.0319791244779,-119.5620888721936,-133.6991613043543,-522.9152694717395,-74.95947479796403,257.7360557793454,7.504054271663051,649.1333707822628,78.72358522590152,416.5389476286576,-247.50685565061423,6.192149472113426,-206.97474767008583,558.4546069870298,-21.71624760886065,-210.51346922252105,-127.5791543022278,37.38392510983283,0
185.73669146399945,101.08629322985142,-31.942341291456103,82.32637844321788,62.81995997578589,-448.12550021821744,-142.0737404471753,-365.14057886793137,-563.8659552029528,142.16324261777797,-122.80381591015684,-701.5144695842849,56.61794002944694,-404.61734886377633,58.461948809606085,543.7613902215988,-218.6742524378488,-960.0975553675976,-522.6044885980607,-75.7213248410796,-290.379203586312,562.8627822986308,64.19252065134499,57.11847080059416,-430.21833468897216,-17.9359714911569,1
198.97043677395047,104.38967455178036,76.04947117603035,128.44735225275008,-54.44299629095152,223.4700370800783,-612.1064143140507,111.06908403964611,844.9737597448003,200.0237950827827,-16.5492706701898,153.34626116451355,-117.75308333689556,-6.4179186332811184,-41.07256071983112,665.0596211265598,57.138807747238616,294.76974214725067,-404.531162657113,-91.02578944289073,439.088080879282,-303.47137646364314,-147.65943829589006,-78.5108333555916,132.132863852167,10.944340482654864,1
89.17700436477035,136.36017105930483,-58.92743970755298,108.22241917018138,67.9426006240046,-131.42408811700076,-429.1330292336378,-525.9298052733286,-765.1904959497405,244.8618324848052,142.97516633888625,-562.8610583596168,103.39672165343968,-543.0678945276384,-18.269064714850717,119.58571576546416,98.8207100401836,-755.0987457024842,-367.321797893364,-67.99047035557075,-365.0570483642979,71.35562507320482,48.59249417084767,29.425721670996733,-237.0904986110708,11.037495622767578,1
89.3415589459628,-311.2826907444311,-25.208359493487254,55.60846664867365,6.128175180707882,209.9942075191884,521.1783559699752,-77.32735016227043,962.8715143409876,-412.7014901828972,-394.0463093938784,-514.7417009159219,7.307499060162861,250.51107526906728,182.56722778810004,400.6647114967026,189.98652039237328,297.28058361628416,134.14156124049708,59.580320735128176,69.77594446921306,329.5133574992813,31.6903415534438,41.29529437475664,-200.26019333158624,17.771278673013903,0
63.03461047603858,-503.5591020816625,-95.3088674114538,358.8525382560538,27.09179771262662,365.9792735186824,229.6808969519939,171.15374466328137,538.0220850063637,-148.40611710262354,-155.86092414760918,207.89856804733287,-55.8520268272684,479.7976456295952,217.37151149839767,132.04837780495828,111.50245160324076,399.19718361869536,302.49286929983447,85.2043183621453,374.580648592837,19.103656620522077,152.88023977601185,-226.3781101302017,323.35965601530444,11.203463691193308,0
166.35269939997647,-129.84410352533646,135.72751513248588,109.27927543233452,-16.91796458674068,87.37823943278747,-532.0958984950805,97.74670343086038,763.8818899218371,206.09335484894052,-9.388416737438607,50.02060906366945,-161.82226346277,-337.8492290098801,-27.503627474921448,503.7025834020452,277.3101141844354,397.10858076594434,-59.0904951988196,-30.13112107078337,464.4056562384425,-390.0558566496387,-151.64862718180314,-194.2445943301109,344.0826678582391,-19.87816505856572,1
65.6697654287242,-173.42054669993695,-102.86664196190353,77.46781088706042,-13.308799032893145,217.7737742042917,337.0771707514487,592.0566093088627,-210.56083139869003,88.02979454803959,-99.86425323119096,-517.5434790063841,-138.4823278483284,340.8059483105285,201.1303526648989,584.0911660929133,404.6789845604264,302.74687433860515,297.98955993787973,136.44894803837784,372.8137060646505,-234.3170426592181,21.396916652286933,-9.007525975452914,914.4944083590228,40.94783296211881,0
99.22435291665931,-405.8362402437932,22.98924911213507,257.41613528297194,89.242298190214,694.9457099065569,291.4365536001047,113.2371894509835,1257.8270786266814,-350.252215696056,11.668081683855329,12.727863000058449,-28.87655892177957,18.53452278093898,528.3773734402852,-103.96994824932844,399.1935850758079,174.11389327685973,632.5944940004842,51.41418736844006,247.41533855722057,292.62513367787085,99.8102679171458,-117.6807882011208,6.041731905678249,25.717396817734056,0
-23.580454195210507,-347.2571138396147,86.10758803281414,-304.4814944886626,-0.0001360745878598,374.26923254161056,-569.5113741839718,123.93675131304065,858.4980289926738,255.06312528973464,-26.20505248540172,-585.3486229452254,128.0621975667866,-469.3807961644255,328.0155774677414,-63.04925593023681,230.98988914427648,861.4492046203893,-640.9493389181808,-79.12940806228073,-137.42892828895992,75.01243090224159,-95.00427792567082,-151.2825269568104,411.7491272855514,-39.24748183499813,0
94.85070104169422,-86.78983191793088,-71.73831748193957,62.423658001685936,-4.181607946181973,404.8404990013868,699.7538018786413,63.39706306518977,921.2363214186194,-158.94784269794653,-158.64366451330002,-187.4524856619769,-44.45786918138704,504.52572591727227,-106.17328336325107,-182.2640579609505,161.68703082355995,821.4032064182054,181.80868368070088,66.35638448563297,269.78956537307494,645.188108920604,120.01111574057146,22.628393342678336,-48.01344592503403,32.76828471759395,0
79.6122781977418,-219.74776454921863,126.5091092447134,-249.6034910919014,50.37616331025867,-261.2392907895416,415.8432821514456,112.24189952273343,-48.17165477317271,147.83472876122053,132.0386645961756,239.8230835473705,67.81285409116325,291.4240342620976,-184.1669409287828,-536.9981330624896,-105.66138774841264,-359.9701114290316,110.28997689751333,-21.254204338356697,402.9775417595589,-305.69450121129057,39.66264462568069,-155.119946750497,348.4208946102939,21.95670455382825,1
-49.79151351548417,-349.305025185508,-4.294871829884324,-73.20662025162696,-43.612468001084,509.0081986022576,-498.1265823489952,-566.8173158771409,1191.066362831118,74.4900190551363,76.80088273399431,-140.44762367892432,100.9498281478989,-556.4437719382453,275.36699175378493,100.95548918760691,198.15926106943144,144.68302494220868,-308.94018103142787,-72.57031626770507,157.66049927779792,-159.7754516471961,-110.56024195277897,-134.47078854466952,373.0045482038191,-76.70892003561859,0
-239.75502957107375,-169.7538823617312,16.894497892765887,35.75547786743785,-39.84898782435443,627.0158132621641,-78.52348814380967,-153.08343109423632,868.7591237687682,300.7318245857112,69.55348223147115,-4.0479944629483615,25.633473098462748,-185.17812022577283,-8.263516743990658,368.0156741466392,26.32815121370104,524.2356935541382,-248.773562003383,-63.197538466119966,224.9448482182136,-119.74854800650512,-137.09357781836985,-159.4946217620789,67.94887238079775,18.07655279374768,0
63.22610435938743,202.95790148358083,-91.99999529520775,207.12667501002065,-11.504409400515843,335.2060571733476,19.267999691028425,-7.123008965286308,729.7746525469262,-223.52264029585115,-335.92829672975546,-60.27528235411022,-27.596766858153973,150.82021062009085,401.1077498577126,66.26696901065216,161.0550934995014,559.3250467088089,339.0445465324611,124.68469860325196,453.95788131124255,222.0153702516887,-5.290820171747967,-66.75215255341902,336.27911738956755,0.1446108826704288,0
148.98769969749037,153.59272071486313,-68.01772986622646,19.68036461994864,64.07101707112425,135.0834362604313,-300.6246617102609,-336.79392883232566,-511.6186834636935,173.49720083153153,264.6041841431063,-188.60260241895807,78.85031450912959,-4.515814435853413,113.78863282663995,177.23336865601271,324.9815050762457,-384.6250037392888,-682.5480307716356,-81.75257005452293,-521.0325207605963,365.72518049245616,189.16370356687747,112.6082385472892,-53.41524313597981,-60.972992743584086,1
-252.71214913535405,2.050966984888609,87.25247305226027,-220.8860105457429,3.498345461813779,-54.365384527142425,-648.025951939827,-199.8828427510965,-92.062843876108,-128.66728726736534,224.95774230335925,-174.9905803511817,61.731917184480615,-133.9854787138125,409.41185947769264,701.4047223284051,126.42145114478016,124.64345640914256,-35.71761361278505,-7.911761644755622,289.1218848881303,-503.5846386854107,-97.29014334500395,-163.39351436107995,538.2998663806123,-26.71161628304167,0
-245.81588438864875,-204.8781986281721,7.931674708950656,-310.1799100291793,-45.77259342547681,-56.63534151175088,917.8931223063814,491.3231328697639,50.22018494303487,-259.55195263568936,262.22453795582624,-118.17500060457944,-46.68934158651799,-461.5179271109126,158.18734168832134,34.91152229376492,-317.8705118221925,-184.2304896744285,479.4535012132523,-120.96158600296846,-292.0566783176521,-649.9713228749097,-198.4331236047601,-99.0822518461256,314.39179743928537,-2.2919743021460026,0
-14.726978201103767,-470.56804029468856,-92.77778869450628,49.55406847104016,66.79446086360042,453.1101081479607,436.2329090203084,-207.5401397259064,1214.1869747307114,-153.48203134365826,-296.35295253403416,-481.0754657217905,-43.36181632865214,453.7199007724439,440.829407115249,-1.30229702172725,136.22606896193463,-327.42355107101474,60.03290461242872,13.5798239431288,230.53289202304512,746.6018030406266,149.83273106993838,-49.82150016095594,-27.281408700757957,10.751600095207984,0
-31.666360573049385,-329.7167280194531,63.24893610839892,-425.174639735668,-48.39647125789924,299.60153765366823,218.1132808507044,289.77754313716395,1105.6880353277545,-130.8842843903458,139.04632296312954,-382.9399144007375,-63.59424382593042,-358.84012518036286,200.15632651911577,394.10110712268414,44.40457880209519,-456.5586215185566,-12.82213090189249,-126.94450800139968,180.1436374291808,-58.044120285908726,-164.7316776416028,-67.22224646605704,-23.963238437115407,-37.862231444537855,0
98.4769133731568,-92.24388858112734,126.89861741131205,-142.62982486334286,-73.60117697149028,344.76676238894163,-229.21053398128652,-549.8008152935705,622.5163949672224,-141.97135209783949,219.37515524337525,-321.0976823431278,68.04657516202646,-1.9591782843872387,171.81756509109138,559.667165271481,130.86211633607908,1025.3187288589093,28.940715397754616,55.25587861970663,366.10332393770136,-646.5204407529912,-86.5296235488039,-145.28521451233394,244.13430915729256,-43.8660198494756,0
-128.0704277543473,391.2310183835413,120.92951867132962,-231.112761786535,-40.01296005455568,94.14443433501138,56.71302486279138,59.12569177934808,-267.7471629893213,-499.99024439597486,406.9619035576972,54.20909012003354,-74.04451413938823,180.68870553060853,271.7650895799503,-165.5929788207428,-603.4160822409592,-174.3697919010827,386.6156175845319,-20.53627447581232,6.03599490068513,-641.1935446503569,-14.696039259208815,-155.32130359837075,356.537185674502,15.839874752485386,0
-51.74659196055109,19.614543391971445,-2.9818416582644147,-127.07946116511052,-11.844871189143994,425.6558025678048,205.8692737271844,346.1712289738471,-216.21509727767355,-112.9585030237321,256.3991469071499,-165.67008421096,61.48712985747871,-470.8487429402512,121.62427172685088,42.713248459392176,-244.91222222471865,-177.12083435254124,-3.877692611989225,-53.36179990327363,-111.30833841831672,-355.124573733166,-32.4716791805584,-183.21458185471175,-60.59423501596148,-35.22729058337095,0
3.7564261749071863,-638.8703961709425,42.62826432467904,639.4941652329544,-16.390213050167826,-41.92150291057256,-352.3680021668405,574.1293820898966,649.409062522986,70.51030871717231,-426.04749563571966,63.35587606117483,23.425083613265,135.27470790613316,-441.00308623634686,622.5878077335465,142.46160844137458,378.36158717336303,-428.9482740801709,-133.95073713726302,182.74603808647944,-358.6472035775409,73.61587554451091,-145.4031985300232,694.735254419007,4.123940348407361,1
63.74371673924242,-229.244261873106,-31.412407545026937,188.22641258615667,-31.504708936345786,797.5291137249201,-284.0076154954604,669.5245657857802,715.7329417050511,28.895680495586888,-394.3970011171061,340.9813939173427,-71.2640992244805,542.603306234872,-595.9842382114052,-67.38107173078741,137.60280316276334,155.24411083465822,-488.3136675313447,-81.52994881735762,321.7300257076178,-524.6401784672913,-47.25776627067611,-45.97018711457083,-79.89178536960493,10.098897257499798,1
111.47776643270608,-309.1982665548556,106.24417602323412,-61.00030762191081,-31.092094863279726,-333.28863854178826,-44.306922758239466,-357.3954667347448,693.7759016038626,-77.24369238329824,88.48152193416323,32.97660779395369,-55.69009387338127,344.3179741380847,315.65915099225833,258.86465142092123,-110.49707424012112,-251.49873715248071,165.09176161045457,-7.34825308797447,257.18848135993846,-269.9419101559361,-87.03321392811849,90.5375887356203,-565.799076326544,-91.81761034714114,0
12.018634213573668,274.31598163057146,-7.610053246216655,179.19625063945566,30.37212912307322,-291.54700362467446,-3.270530404540242,-269.09521020184104,-212.0410312548763,387.0943031434102,254.51405802340105,-313.5939711632264,49.07874724135644,-446.4460166061637,390.3624602841029,321.89047975365446,124.62508157804072,-609.4467108081865,-109.65495176738077,-56.9396773637617,128.84949257055055,137.72934745358566,140.6616558982959,206.70509651562543,-402.0221303286428,-20.726504622634987,1
132.84227457585845,42.66363599736911,83.58947798342399,148.2253094900631,17.09915268523424,686.4548715898973,-346.12056447208107,405.6311243587103,594.7866899225756,162.63547922065158,-48.04105595109195,131.1561274792697,-72.00998510470009,504.42851360534615,-158.9363034077593,141.9681200090927,-3.2116863981455706,484.0063168342668,-387.1711235526402,-10.70104998501698,293.8073214395114,-102.60418029900993,-80.61009799630774,-138.73218732814487,-279.3100095198423,22.00577721400702,1
161.09620855175183,364.8350541620396,27.58968008234718,33.17572384521943,-23.002559451752,-235.22128498743436,-74.40371034693135,364.4030561242477,-35.94022769668361,86.22269404282073,-130.86314028717152,126.203915481712,9.841023803830591,40.00929371465362,258.32327396712395,173.62157098508703,241.2521720090441,587.2771874884792,461.6210918443796,60.57423762393427,577.2505866927008,61.39223660836978,118.13929928507632,-126.6945566533092,260.43677852456125,-0.3170379053825312,0
154.90308389156957,-89.42354579628078,-100.24887922988152,146.92042991472155,4.469860643011163,-287.1584970410116,331.85919992675167,551.0443255824053,588.5475186035615,-32.1005901209597,-225.59489784861373,-148.67228067814293,-107.29609662294638,415.37755666977074,-31.41959596129835,289.38897383870966,346.1546427524401,433.3362625366012,62.22596284599703,23.92740288540236,367.3430521165644,456.00284208924535,0.5045755287415021,-167.5214293797177,612.2407575387573,-5.514003835059626,0
60.81603837991183,-555.6553118321455,-95.9895309384448,-113.07117030184052,7.527626492830972,1.5515997221425692,408.52435789332105,-195.50227434054491,548.8459922901968,394.8423434855971,164.99837458652345,-14.460576880148515,-79.46306055487754,-102.98886180963704,-212.11640080111155,-163.42847513285653,313.8942315008366,-47.993846281840106,-393.3933871559398,-104.85495307514827,396.0333722296663,-664.5914884189528,95.28125181416304,-192.55564306954903,-69.35159899764358,19.9360501611764,1
103.62865804357634,-584.5370620264514,31.92668502121501,14.182194692116546,74.61633136044972,-87.61797162706678,400.681263653965,173.8743650620958,160.03062469970092,352.7346540740946,4.246260388284329,98.55490509888436,-15.836351788264407,431.285628462448,-134.9337274064559,-451.7960841589296,395.7472765878709,235.2049945598848,233.7830284502666,-31.785835237935387,369.1934531867328,-342.126945134003,159.9557190224286,-193.8940642490574,494.0157507013029,6.714693331534669,1
55.43790817185987,-563.0781773555425,-90.82592352418814,391.0470007928342,30.30323210887298,531.5610965832426,-134.15651037471358,319.12928907082386,501.1454211430316,-126.3745401933271,-58.18666712516068,-273.3733007666873,-100.44048033458432,-124.32244186894675,185.29487233961308,538.5554186816513,-100.43531474566603,524.738182859145,179.7841285611276,21.949131205982056,288.8247735722705,270.3436550355983,7.776262962789082,-139.83506801283116,489.9996930360654,29.307313237659148,0
61.89902491622765,-21.61449775076473,43.833943820846784,-213.7940274418885,-27.810557222318163,-8.186288981432838,246.7390350029654,327.20131235929847,860.328904923691,10.857278981153115,190.0778293743448,560.8469963722753,19.45823134109961,287.7617312337378,-345.06065116358724,-417.669097031097,194.72180394990392,-552.0362790206987,-3.948015901206181,-114.5616453937012,499.2403711793043,88.7069814178133,17.275876074114294,50.826084135242944,79.8267292276217,1.2192264998610312,1
-107.70856327037724,884.8174430141796,-65.86846511935506,68.27524115355041,12.32475372854458,-521.4438538941235,-2.5057795103180034,-228.5173021604453,-376.88393250557857,328.2626248875752,71.81416528217295,-289.2023151308151,49.09522787736651,-345.1435858852044,412.6093180549496,17.472864667986197,123.06157002932927,-137.18654001569183,-0.7716851787186036,-46.98648755465148,13.784267933827426,261.37221638924586,82.24166157992615,2.234103712160161,-506.28292140014753,-10.254236730461349,1
97.62668951392486,-281.16383837412786,157.49872562526167,-245.65815135335225,49.04717187402504,-124.14232206757316,771.2076219425544,740.1421868359765,-16.99016794622283,-230.09819903791453,189.5743754273747,146.45881891695342,103.26157047269382,634.041405745512,-440.2206934183759,-630.8412232880742,174.9563900728831,-981.4645869267993,604.6637734178125,-37.91080848735564,170.48194702242233,-233.51565354608195,40.14810434115392,17.563764155658316,-23.744785135268835,43.11724798179016,1
150.92212946692942,-325.1437822939587,-162.1139523455979,-50.241685289584105,-18.507072893500062,83.93835172976074,163.0940100073028,126.3673975535566,493.507217222534,-314.98514482221174,-305.72119899419687,-239.08654958478235,-58.67289249582589,15.250945994018029,291.23952457366454,119.1740693919896,212.9034995055978,498.63191379232353,394.18136526321086,88.3435975419244,190.33634559217876,273.81847387164726,34.574962424309064,-47.69354855188901,148.59720610031445,32.61180087310459,0
40.462487460542455,-313.6620431938464,-30.373173134100117,321.75320358079784,11.795478613605828,350.39509307387846,-19.858596025738137,601.4574823812258,1339.6322425178394,-46.25621727319034,-231.2115973401501,239.35972448427637,-28.319313402687246,304.47632110506675,-344.2105906486971,21.47861753151909,306.2672142807591,329.67737928653173,-465.3665480664329,-145.78241723058972,289.1469097347885,-163.04148529074072,-63.127888077206215,-80.7375906064004,300.8150698802647,9.041811199354015,1
98.03851593175918,-408.4312178509573,-92.0392523829479,47.42607430946488,10.661490464523396,196.75509988212832,296.4565075968122,175.01817105793168,250.310002278811,-164.52117480649773,-250.03896231970236,-338.2777765066121,-85.24200742923398,249.16667938965853,-14.957247775583294,425.8375066226597,269.2960023334109,222.95511266315384,16.283278184702773,76.85868060060807,-79.58314620687662,381.9624806549844,85.51597754387221,-185.9247686474148,176.22382904684372,27.08106307085185,0
-47.53999573211456,-291.2933258144992,126.20659350103438,-0.2460047345759886,3.0320693562949907,73.08810017902451,25.722231787821908,162.9424705887671,477.0465319688213,-140.60429584816077,45.37324696257157,-184.9942610474035,-87.83790141849991,-168.78682464358943,272.8321323806045,65.74092966991567,-289.65454859796495,-45.28897119161256,598.7525132345767,-69.63173026869973,304.2510423757452,-195.10180485200067,13.687593280476085,-80.07353827336074,-214.20509359331405,-13.570870788868673,0
113.98163699703278,-273.0466530788056,6.926706079494043,22.039552466354763,-13.366588027580972,234.21900565494585,-496.8764290449976,260.23301832339735,1350.7389720542535,80.97146101185115,-49.70083428937573,507.1184757203518,-88.31367693418328,489.5240803756527,73.85549973730988,-138.872457598753,168.6012905774041,884.6973090281446,-220.62825186013723,-102.91557349739077,300.92299307603366,-149.79511418457133,-200.34360856575185,62.36215422136485,156.9523905722534,23.604273820233104,1
115.7692728813106,310.1202950604009,-33.62707352770051,142.98034454847516,29.499124901991895,-2.530351920094006,91.84407935099615,-231.7253337655941,170.8310221534385,50.59371119026122,-18.24103796512734,-42.781201291566425,-31.74485004698099,6.233101162829158,332.91617018219296,537.6344041595755,215.4247665723088,-49.14069929019054,-197.0220579064368,-106.9875330293778,19.25472609433009,130.6590658953193,174.92402908098526,64.16633112521386,-186.55779843327528,-46.3327539759716,1
123.8457596251429,400.0146776677388,-47.327839414569866,33.87260890361501,14.39819117420731,36.097656269477866,-292.5495280074791,183.40462340139072,-295.6299998966428,60.67824467518501,437.3815819628246,-143.66331067723883,116.50268941314944,52.46573251944303,341.6470869532779,316.6292465005159,435.7734760533158,-309.253023015941,-371.9431192081819,23.140454414611145,-426.9128071044259,314.6440638245769,-50.47788701986987,150.90564320999192,-179.4569125181623,-53.81180316826868,1
-174.86298477664437,54.2642140424097,-16.72443383106537,230.06695677828077,16.59134826815311,65.49099484871775,-366.2396894648682,-143.87768138986152,-97.0734603947568,235.82792656512825,141.4899991515282,-381.3619251150207,63.721386118199504,-312.5600278494565,-30.977726079193907,96.50388815762028,-57.81061969576358,104.38970249818244,-400.7406805342277,-28.86396370866533,157.04745888631933,-158.6793922242074,13.43317267786286,-95.42503394838592,420.518804461307,13.321243499564286,0
217.14776306947,-300.1222802054562,-98.80861280331564,190.66198274346124,40.5338227899248,5.379238227432296,216.11136380478823,356.6566146383942,920.4140919881222,-179.52049960842075,-376.84446170484887,-191.0067027101203,3.3658386428695724,395.10359877684704,298.36908415915445,262.8768566900294,266.2934230853752,89.69561031557845,324.9515283117903,64.6270752161155,461.30883797056447,736.66633584799,42.05259622795466,-137.9319293129551,-99.68595948756516,5.640710572802552,0
-89.62679595884059,-607.3261838529313,64.44532570097857,22.860268585624976,-37.58424741246954,165.50943475295236,-369.9275379751889,-499.3884304201999,1849.2631419067072,-67.04743850636915,-53.62862821847298,-518.2421582622833,17.76831462607531,-241.29193982838729,77.66647107638138,265.2172153591988,149.1112417499626,555.6732252686627,-385.5160823028851,-47.18780220752255,239.29082510601305,168.64797282701164,-170.71741839084638,-131.40730379831112,310.5699648695371,-12.210278185425285,0
119.110827965124,12.980551446166103,-15.039685806559202,141.67139908671706,86.43991350159564,-263.12028937581954,-581.0930183241718,-389.1187743982341,-1023.0589199546612,152.62076478838682,305.616376918664,-294.6462663984844,78.51668107281276,-77.12632784319449,-0.7199783911445437,519.794525092851,270.99825246978685,-697.1195364286201,-532.337667047756,-126.25973669338364,-738.1467844570508,298.5141139610059,114.61644470379318,250.08355274855,92.1102584118528,-50.16135125279245,1
180.70107752542376,48.07235809121075,-19.48442577524629,138.75622454172083,59.46763387683266,-190.68623765350108,-217.9821393193789,-185.71011418804724,-99.86016887413888,461.973370934538,273.7229600748632,-255.1373999848999,86.29552925695671,-363.5312139048711,254.74003344227432,720.2217203849941,69.10364802450435,-40.712261354898,-655.993484317872,-125.67377499855824,-158.4743407931075,627.1035394215628,44.67961488810965,267.4375221813104,-367.3355373357152,1.0498291567985183,1
11.051748049447768,422.6265416838596,2.922262860599813,-31.64769610911886,62.71152538204465,-316.0990497158764,-562.9933127373434,-315.6855442878105,-554.594280727544,288.7968599461513,139.20556967372036,-412.691271939176,101.62474714216934,-191.9668130626428,432.6830088468866,189.97394480383545,374.8342795857911,-603.3511984016858,-262.51713463080625,-85.96903899468816,-381.6262152889643,305.91086297615044,134.11838628605693,109.14213486370076,-372.7575270897773,-9.44757679960318,1
83.74095370614545,-474.5002506222264,59.87191434068649,-72.12406073975491,39.42449220260564,-474.4360119332169,-8.266936334796789,122.17999208050408,-420.89094903122685,443.80036614079927,34.87532685865994,499.01508354642,18.636618178537223,-247.22464191447324,-84.93270168659149,15.40352696918866,-7.7444105811892,-277.61406714448526,205.21809512143312,-80.25054119903302,441.6595099589576,-541.233318276104,64.89714378000758,-310.1380696017148,464.871816738933,33.86518644397253,1
59.32865767147699,-358.736868948374,14.90981582486916,-141.23760501931628,66.9872890840969,-256.8891434300224,187.94836684612665,192.0526998948181,-200.5374707399908,58.94260999750003,153.2867491339827,17.690609298130514,14.937941510609884,251.82641478836152,-112.89608135934866,-284.29154378988267,299.2115416819992,-337.72232606735656,112.9667445297388,-64.32986859101872,-49.04458439721893,-19.77523833696573,155.67954954126557,-132.67159270823825,223.95414055207945,37.569589523186494,1
19.66359614771962,337.87482070284733,-144.26444658082562,111.0808358754897,18.85783424045388,-474.8991398231026,-663.907746638839,-332.777121518287,-1001.3984643046032,84.64006601348736,33.294814640092085,-182.8971503938204,-30.3988345273624,-188.32364737748804,-32.29280927279871,325.71661213451114,372.1027663433629,203.64843588997536,93.50960332188492,-46.92948351021559,-150.7443642909065,89.93440896296752,113.65779133903366,29.377334586262595,225.75778583898392,-2.955107633900187,1
-179.99832478517274,-68.73851802279503,46.50182802828583,-67.26102026679838,7.737605809999377,-126.65356077942928,-455.4053284240214,-52.97333421022256,116.4838677891429,-39.332481802970094,85.73123784486573,-286.73041758171354,49.08523479982546,6.565044535716677,121.30902685048947,433.0780395245544,-1.9044088033549311,325.129568005275,-439.6382246718072,-76.30111529194515,198.8285159080534,-577.6084130275424,-95.83070275466842,-125.39962135883832,338.63545153355875,-37.889443795846624,0
186.61420601168643,-379.6996250398387,-20.84797632108692,94.0482197411584,19.109777133598765,429.5446070200721,-30.128265380047768,860.4422720192241,-343.70495175043936,156.29552719863085,-6.052487494953169,-316.6997981937866,-28.256890217280677,296.37719768630984,270.3043060391658,511.0300494382355,487.648722938253,501.8442195425079,789.4497692432715,180.5279254299818,563.3508944180837,243.83371549875127,128.01770932845344,-40.45386345419284,88.34716676279788,12.686410065532463,0
53.42986519248876,-392.87065599904815,63.21597967107847,233.0114025116933,-37.10885843953915,416.89557996340113,-478.8949622528684,454.8297239916323,938.4480532643488,50.09775458226763,-238.458303486558,375.55018109017846,-42.48525323880239,158.2874885115885,-324.0000503547505,519.2338906060389,228.92594831112828,75.84096356267217,-589.2938321787155,-86.9581733732719,286.10085299303506,-274.5953050071247,-13.69755724615187,-59.707722621921015,341.75408074386223,14.282263941683729,1
-53.070918924098855,-485.5315569479808,-27.706952151032237,-29.483158842968503,-36.91612899022202,56.96595536070582,438.2110842454722,427.5627481821458,178.03013227711003,49.71142311666416,107.28486756594644,-305.06465797909664,-26.956741193719036,130.32697803440632,242.2689401353456,541.8988068150308,-110.21900217450404,-730.5632891233759,186.70421699476236,-67.33919276890629,125.32699444479054,-549.2305615211377,-90.38674479804428,-76.80847976062614,-40.467704497686846,-34.656071531648315,0
134.4295668691941,-334.0858070566586,12.625956393993318,209.8817719727631,-36.7148151919961,335.2011102146064,-451.7347116691884,74.42818146457044,1009.1187780040158,265.8567249474086,-146.50202821605748,492.0086921066239,-43.39775444632762,342.4090381993076,-175.2671765849557,96.85326729975766,261.2381579253497,857.0477892679709,-230.97774764110144,-145.30550706077793,137.42505330277908,-244.93524395687683,-25.47454919197117,-134.61737982383733,410.03853449758526,16.757832974904318,1
139.25816839590988,173.42755028281795,-7.396467363337207,126.1765849520074,6.290118763679424,-455.7241333552972,-269.84550563085145,239.05800981631504,-528.8109641619868,96.8955978975521,196.8176267010313,-278.2153294334805,48.63460522979767,-308.0369144185338,411.3050468189112,491.4038611037925,-197.3200581044625,-961.1574565760836,-156.787608598622,-11.649883710588478,-337.97537080536887,579.5521698554659,23.57470609416482,164.72845358986012,-465.5319100705338,-9.192629143256024,1
-44.37849910583149,-724.0186275941019,126.88119558969872,-314.65096844352115,3.83541511673164,-661.0391780240843,310.02368721472146,-163.35685091422798,234.5443620985838,-9.636091215995442,171.20375888396066,341.6157235382299,51.33049366203131,-265.1049794323115,-278.9865601149022,-252.49152351918232,29.367626598121063,-612.8823381540903,129.92141278707376,-94.51744206398251,15.866313345703068,-177.85117767770737,90.38399098189493,-144.61295910629772,244.57474113378512,54.09994358945278,1
43.68595595896253,-393.97060571278814,75.26022944339627,-228.24604604172643,-29.301080133905423,371.87841932733295,-333.51938271342954,-312.8569066173146,1249.6888781264402,271.0809039246157,320.63847147955903,-143.13228243574932,11.751993251151134,-287.5358590973011,378.9411199057184,273.81719743201865,185.67147959499763,-301.3462095963139,189.3921139620551,-88.2256179034209,582.4248691094805,-5.346872632762682,-126.1808019423654,-190.4556710435456,149.73657367487178,-32.434399893633845,0
47.30305073518079,443.74244703439,6.819622186477945,111.30574582071615,57.24320545547393,-909.021397811542,-336.145894503072,-372.4704275172137,-716.1758530308265,95.66910362308036,71.9153007766964,-449.2192233652135,105.3435283808632,-522.4299980127921,430.0473979915553,85.31508887569797,-167.6924987260435,-1090.1244224318,-53.7799648850438,-106.55702971358768,-246.73574688698943,332.8386545941732,177.38579820684282,90.37632804962588,-771.0331607452781,-27.908605421240345,1
38.37528505696521,68.92321660055381,53.671330601368446,86.79820680643256,95.49436546899906,159.11234449238793,509.7196085796171,493.8951730959788,384.57356699074217,-186.72883528259567,277.0242152986867,30.358608669163317,67.46818974839057,795.2826256957757,-35.87315416922911,-475.37654059507776,390.1352637757805,-316.5821411970384,391.4467739643406,-44.38559214587136,88.36243930736755,152.0246597954036,7.852310313996968,-72.02341755981962,528.4800358570795,-20.348989967596825,1
63.92876076337679,58.96620770253284,-105.91500682290297,-110.79838976075314,-20.468056996496124,115.46745460048557,-33.956833764856846,7.438184334078107,-143.5091780564747,66.38946213142789,215.01475415138555,314.9462782301422,14.133335153909078,164.82612473318068,-265.80021207441035,-266.8405623652717,473.4759328232545,-434.996066823548,198.71034966597992,-27.99665592982072,9.652180311815911,56.328960960543625,80.38231202097012,58.97912333168005,-138.71608293194208,17.20804278459107,1
182.4126698269008,-179.03852691310334,151.8708969163761,96.62713522210618,-18.17391460777054,721.4379910495593,-149.61072241925712,-97.3894468497907,995.2104411383692,18.23266190867933,-9.865323092255064,45.62258963988422,-129.15705009693184,283.0618684588143,-3.110872148984817,512.6727982827296,350.4494503711919,-300.7995262510168,-143.3134702352479,75.77456484476473,162.259013367967,-288.8485808033635,-112.66224005632375,-211.77527891577787,167.84047255076985,18.447177398459623,1
66.49413127945364,164.4788055399986,-35.84595819952871,250.82976093628804,38.555613442259,-159.03302208579134,-340.5130284825628,-130.91454632392137,-795.7644173707358,377.73874963457024,320.84003972569667,-286.7818591017871,33.73523749932522,-266.96592745120705,244.54726860791197,200.0363258031471,33.6644302320294,-494.6553258257493,-37.93349413517261,-58.791013328893406,-419.9551431393627,395.94990546851335,119.91000857186198,202.02192161217147,-225.1774368461082,-9.008897212745412,1
-116.99080607339177,-640.00160444163,20.13194868145142,-195.29829583628864,-54.90764196880987,353.0403525568107,355.43139677612083,454.92726055092726,628.5439362706832,-177.08262648440956,157.46971554935956,-457.1335889048144,-5.277506137814264,-397.2319228665673,-132.74439153800603,393.77771218206334,-40.77852574110422,-552.9084649388731,-213.2852498855861,-1.1085967473813785,272.6998970910488,-587.8195748588274,-89.13375956413773,-301.4669543135478,-307.70603223748185,-15.651982448221124,0
104.77521241765967,-511.79448643386735,98.61983760037198,128.32870444384085,-3.127668895049172,557.1083437854714,-268.16549885562824,342.2837504717857,772.8994963392277,280.70113858599467,-300.9821668904846,118.14768088005816,-129.81918068207298,363.7371995268333,-189.1600867271055,193.85264743441576,357.73391224713515,-83.43482711928588,-137.6585470035972,-4.118581836321669,68.22911863031469,-135.83368945083484,-36.91427442030244,-25.35981043046789,-64.30430383500803,44.75996098223129,1
-210.8483485357575,-432.3445020281972,33.62408440806658,-273.4436590448728,-40.55894949986045,11.32480226149046,124.14719691707036,196.38276536461743,1066.5067670997844,-447.7295631124148,153.4444368383332,-42.22995272161948,-103.08035188507046,-215.68596360949692,154.9210431073796,161.8060688307473,-253.0601980531759,-561.2542299727927,226.35614768511616,-142.38774698356588,442.7949350528762,71.32901773333509,41.68915288006036,-159.6540234043272,-121.26709521337152,-68.77111947678743,0
55.73159631650394,408.61593588752265,130.2998735309286,-1.2210105809713712,-48.08067558368962,80.73286468483673,-175.17537377123017,251.62476933557537,252.05036780227124,163.26127860654643,-10.719477473447244,510.7357443526928,50.21877847427633,279.8528051012302,-205.32823316089235,355.0395560659899,21.634741537563183,516.6650072403102,-382.4011321742846,-55.20653969392923,316.0460396641608,-424.1639221087044,-73.95838422845362,-14.569063539992134,202.2673402709883,41.720768560085226,1
-8.046142685239031,-129.9065258341232,159.96259339322424,-249.38940450273296,-44.2671847858858,613.8443834476827,-349.1756467710834,40.79352547737902,731.492562541597,125.50615947602998,221.5834551968014,-110.13125377602536,132.63916232023132,2.653458289082341,231.30577554710428,-64.35686992795986,-46.18810916367229,616.25744157025,-311.9414977821546,-22.911709267826264,323.6771756926489,-469.0061301083056,-31.519711368287705,-204.09338111344908,73.08047990377666,-48.94020454589269,0
3.077770471171132,780.6704976696194,18.35459020633553,-54.09021679018109,43.97624030009241,15.921441067154475,-77.91911928958544,-385.0027350289389,-77.73943019959087,281.915541697797,209.20061598495957,-252.991309413166,39.986447137005285,243.21937799665568,320.22558850572824,-194.53077071581137,361.78257829040496,-89.25938083463419,198.7275132348131,-72.21225092296295,-64.37286711806853,329.53946670185286,83.93644112849383,69.57520684504846,-540.9536344663716,-27.05437809313037,1
147.9754700515089,-371.3213666772676,79.20094001967183,212.9870265307179,-42.51035941856357,85.41014437756995,-244.06338510010065,359.6052051770353,1448.5719400871246,62.85997961081077,-119.05280760554892,137.5704540979091,-16.19445801556365,381.7535496668697,-269.774399898972,175.47377880128113,185.72443413729928,49.7410997165307,-238.2289320514897,-132.21111726158804,406.7190463858444,-281.5609915325681,-158.56279415796442,-38.90468200223388,238.5496276228747,17.006173197960702,1
18.192045401434463,-366.7639305900564,-18.58708755083457,244.2421551699641,28.924817818449085,261.423136505122,645.2959629927407,143.25494498209835,1342.9596222230414,-238.0160913487498,-176.39011085404516,-392.3098672949208,17.643938278908617,153.8936700454682,180.7460158336851,139.4410907209933,288.612660217931,470.4171886328865,239.60581202578655,9.395654600535206,399.5543839163733,183.82894398503373,49.561239936294704,-26.290213149876735,-89.34517733586446,0.7466402603818314,0
6.242088640335515,-318.1111941510853,88.0892656635463,-323.904725667543,-9.90052126218233,-290.5095540466675,231.66743471691788,99.78787211512098,201.87455998486237,268.7246916839112,148.72533045206237,569.3084100986216,-21.62816020084501,10.516403178736663,-408.0835924949525,-530.8508166329389,155.99715841437384,-106.35604749784576,-248.3421526658298,-38.01974686305118,378.3335574632966,-541.2563723838027,86.4845536100567,-36.10060708882947,-200.82496093570205,47.12334190088645,1
-88.25009043869703,-494.1922628921864,7.76562198737726,-45.51241550919909,-63.54152919732377,453.8779794924266,-503.0973303783346,-365.0767742165488,1384.8320781798766,295.79825243838263,293.9598243090446,0.4574085759907125,61.40899704213648,-657.1630498614388,254.85628159430144,3.0347097603249584,244.6032593809698,43.88387989401238,-108.11761918713262,-43.21021754842554,199.20816366200768,191.84370209909767,-121.56725176005124,-178.26238253015683,6.712316044838085,-38.973522762783226,0
34.0309799470166,-621.9265888363948,82.89349257843881,212.6103169427544,-13.850676949194174,275.97732226265526,-838.7024957222466,320.6975043378578,994.247550775273,132.20141581725952,-26.27809180542445,-35.198270734417925,-68.83213428877153,115.6932226019752,-16.038330862590918,184.03911385372,99.11070107652806,635.6875939029972,-272.25253123095735,30.398679910970657,452.9644105792207,-64.54220031579537,-76.47023574822597,-145.68212646224993,58.64050217744958,10.14478560344848,1
12.748327373398068,-418.6871931346178,-3.234136957453959,150.26519441730886,27.466780893266357,-77.04505609170376,264.36255126817593,203.306423714082,-101.83619477503446,143.86234532062144,169.0465580647486,514.2643091319162,29.025556988728606,407.7792449815959,-190.616591894772,-29.496483756754472,247.97667777426108,-247.53704709197564,517.8090442583143,-96.73729075783106,-0.9250354516220892,-250.8131783354428,0.6995354284892175,-59.07902596098723,480.44966769901646,-2.197387431576057,1
62.43126001269595,33.66183036705868,31.03685388638348,278.1132628481705,-8.295503924506416,313.0228482495882,-344.6682110889822,444.46220934040974,731.0923858583473,113.91467012709109,-4.979606721910919,265.85627770892387,-68.65773699576381,303.8856887592667,-332.7342283517259,190.85117020090425,102.73736481109668,319.60079482207993,-382.5190577872864,-35.9801923171727,557.0602051126901,-304.2138931766331,-127.5574723682634,-74.01590589013779,198.16526060845257,27.89717098250443,1
260.9001052370277,271.9494301622269,-17.50996989104869,-16.392100905106943,23.56000352368632,-143.87293203674938,89.2757395712099,-351.5045371555242,-846.6238078987092,118.72242906210984,209.72798502456908,-293.67739815757494,15.179521370408525,-484.8293912386269,169.9990782417246,302.3213588384038,20.783135179319636,-941.33854214764,-410.0244025888076,116.22378227360096,-356.55581782076007,83.07386662983855,65.26683461986222,147.33138860170916,-683.5770973806273,-4.2582938665531405,1
7.412190631329594,-482.1271477926775,86.7574145051997,-184.83663141499144,-30.077780992497427,-188.36233437956253,-59.35357290879616,150.45272730116204,80.91946818226754,23.24116447066929,32.6090980903549,-8.660243256871546,-62.93756551773559,-14.447831356672456,135.8728618235501,219.28161628322667,-165.7233806748539,-567.9051739212505,122.64921329896497,16.104147932640586,310.1757080064507,-606.3744342937899,-40.386966994952274,-121.72531981517886,-673.5143154413107,-53.02149662055417,0
-33.598010972490286,-826.6029422012342,26.22701450538785,-102.38041016842354,-65.43521817805741,161.17815281395335,317.5827464940073,148.34024155381204,857.7896540275716,61.61309619416699,69.06444949856073,51.54992825687821,-102.80056468696536,-191.62060344460053,204.5658419906989,709.8828340969875,55.77973823128718,-411.9084534734011,49.11417246061034,18.5126648022639,463.7146872232741,-182.58222277077567,-15.356048052524818,121.68935778359764,-290.7991673207628,-56.862867658087126,0
16.66753632604975,-267.1519109301295,29.54088000028593,22.387144768158063,15.532678014600029,-123.15027178277644,244.6742889083901,428.5458543010545,298.14038540021005,115.63058956196888,77.76157808387052,273.95145671391816,59.35177837862205,433.4114166727096,-120.43904993383067,-376.1311172271562,140.13663609884736,-251.7637299983949,138.86887615439184,-87.36691461672278,236.45782278358712,-197.0656512385857,42.21752758358863,-78.42684170164512,747.7323740989075,7.904673906953783,1
-53.045312173505735,-204.9121177646192,16.355456148840474,164.38643027118798,-67.26213084784767,73.57187744110249,-448.5166543277843,202.9296056971878,564.1553707819106,204.7914793711883,-150.26103306151086,365.0154451544794,-85.05672386935625,183.60104878118503,-231.38584845240496,289.5466702139178,235.1175953785581,220.6127957938413,-81.22453420065587,-53.21600305145359,232.1532205995465,-230.2393592448795,-35.52067564599635,70.828283655184,545.1233012236172,102.64677060025974,1
-47.47438615260705,-573.852341254188,-9.679488064846726,-138.60914952468875,-12.397482312204223,54.45791138008747,-208.31428822123505,-192.94370889328428,663.1388944443695,237.6916555967192,-77.76059780439243,-595.0797887678058,65.186537473906,-325.02342052673964,27.86863430691725,-144.7799476125046,312.9126645361121,126.26020666747633,-288.2485861538554,-167.22718521965842,-280.5133014929432,-316.411536660629,-45.67884902438573,-68.49288601367303,312.4320722064539,-27.60264401642465,0
61.14625232557789,414.49049856247245,-155.59349120083513,126.99602690758692,48.91449384446565,-286.1066762746592,-226.76718884333803,-209.86759239337965,-509.26897766935394,235.68204147993197,105.128309275493,-227.20598331203368,65.6269153770162,-343.37905154782425,187.19595319615627,377.6968709869128,162.56281951753945,97.50728075828384,-722.6104114090459,-18.382614120458047,49.55950617971382,268.54462807136093,100.8551214658727,140.12519943927109,-364.8732427117909,-39.20171857517411,1
67.4444306466287,-82.74672302407713,-194.9804886785052,298.19940945392614,15.171767395985798,205.19867526004512,379.22612572435423,-0.0157203343133094,200.9101609624632,-13.1843839736815,-437.2467626973652,-111.36824091000216,-73.78330999243249,618.6097198347312,46.00277259604452,127.77759013635485,-133.49604962690898,288.9826953167053,-1.4757094646363096,38.1072518806109,496.4580384242242,-87.12724164551315,73.97034486072269,-201.08454750713904,728.4034268244036,6.951007582348336,0
85.44560219730201,-105.27790666199913,112.9585895166156,89.49443178880115,-0.5187066730480572,541.0056254149184,-273.7705061419433,201.16350205584004,1444.4893861712137,-136.69890279316712,-160.75034333357385,285.042070815883,-92.40377008460122,50.84239139086206,-216.29407628794945,114.20937796783616,506.7142760070979,-196.7719746340806,-199.0540338266992,-0.1849490695409361,517.8576953942861,41.94266530896142,-24.190638612962942,-116.27775173773082,201.13516113535465,14.92691168267774,1
219.93534152944304,226.5165556130627,134.6964186591864,-82.54594992813978,-33.46789355449517,-4.912359776151007,-309.3857371094802,-277.88698230369687,-838.3462448105103,486.5582825397847,-98.41745915396484,-12.671996943838648,-61.31222505908215,52.02355216107579,85.68258458468726,595.9905103680516,103.21229490041198,671.3638987727423,180.1070932109817,14.235758151444546,-164.4216729259445,-723.257715717743,-52.800333060375216,-225.9782832846374,201.51776919684107,13.61899109843883,1
147.57589135249134,-73.51102210576433,98.62281124062152,355.39129391857927,-26.088715271219527,141.52319251857853,-422.2035586498314,212.34481360029187,877.770902010309,118.59254903665736,-114.7793238670927,457.6601540310938,-51.49754770729922,104.35316915452012,-65.70137743874344,502.6108367577567,359.7319004278568,344.55941840725023,-278.8980447925877,-132.4992604411871,147.93237515759748,-268.9694756952616,37.17572026832365,-77.47875851938937,503.7994923810814,-19.25060340253889,1
152.84812734658027,-407.9290076423289,35.06923759410236,-87.99979403306575,45.64354150176455,8.532707715668366,434.8436679366122,405.697273918722,-476.80791827608925,217.43059400478617,-6.344880049685766,90.9115335799894,117.281201448549,277.3635437118811,-19.284810583429223,-499.9016828361568,332.75458910266497,78.46465291521793,495.8250216825032,0.7329201834997079,27.32479264532684,-716.1496397522119,82.45763883294555,15.106210138847132,-159.52577694824552,1.3800984564928065,1
-109.87558213518932,-508.48011787613007,38.97946988941139,-117.79932185895456,-23.67168848762709,37.11592332496508,325.518873345423,165.67542134264426,909.376953851482,-175.11863396368216,151.87802230491192,-295.8072324687441,31.27122877827559,-170.0396825045012,19.70213114582598,360.5437201601911,103.97363443384477,-449.5479180412826,53.348338911956674,-135.29741212535995,222.5952792357321,-209.4863603943776,-16.291379014763773,-164.61735203957318,-84.84828034886749,-50.50874369547886,0
-81.76350478440867,-339.9243962853164,97.41046682310002,-31.067553050784724,-2.995267694485131,-52.379082821802015,-403.44610311427846,-409.6554753369016,930.397131246553,254.4060838900672,144.2190001387738,-240.80748318430395,-26.176310806729784,-214.37831426390363,289.50083135234166,415.2990283773362,368.8535498260253,-92.63888625835992,-397.3602832332762,-39.07545523595588,135.02008232120247,-125.51295607229358,-61.84922941411431,-78.6218382202126,353.3789624649798,-14.630602958028309,0
97.92098047071534,460.58349748302766,-66.9816547391022,156.33300158048772,33.298287648836855,-351.31007190096807,-137.53495463544746,-465.8938917174143,-414.0889023910566,124.65633270243713,272.333157237319,-407.43189649574754,30.38335496673318,-210.3747929412512,181.0451388703584,153.73584095187,216.2776327119736,-345.6236167880125,-496.8112090988998,-23.96935035379272,-108.69977408453596,6.24289400913232,166.35212443501658,82.239849903401,-247.4856438013637,-44.77943833338246,1
42.14767165000792,-279.11403605403814,-115.9286011077127,-118.64399311928058,-35.47365527170368,415.0975419311536,515.1498953390826,145.206792392766,-169.91578957085187,-214.90658253134336,-76.1903510179891,-467.562125398346,-47.08867632336909,208.35948742362024,-167.49152321161446,469.9693044566664,122.90130043384556,763.0710152928194,116.49157979516434,73.93830979007014,131.12904213382285,-87.87858397884357,90.04062898076633,59.59255168006595,104.90325408169466,22.23749071706582,0
70.34176987668907,-441.8983892701188,4.888157159486246,-185.03257049495232,51.11334555838706,265.7272305887298,500.07810113029626,21.482258616473143,-1888.3418550053725,493.2378165079988,89.00019647026248,283.7046840097484,95.33981307468896,314.5136626665948,-405.0066497412884,17.28143029410822,-87.60286821269946,-357.08919591702687,421.91871850789977,72.7053262679433,165.7678168614402,-788.2586106289435,138.12980983829027,-166.19011008929874,494.55193380878114,29.062804065101847,1
-35.162006680561106,551.7410720581829,-1.053022197268234,17.321981129247877,-32.86935006013961,72.30827279253859,-94.106292921984,105.37781754785068,216.4891343559528,105.83716045144104,254.46530309949057,-43.52931352929164,50.66413462025956,207.5911654833229,469.4794901202733,200.25106125574737,420.1311813420331,-624.1041939128993,-4.417868293019693,-103.64201314367388,-584.3804857502514,283.22874711854195,30.70610952365689,1.522921774471221,-204.02013160779097,-26.137671557958697,1
-15.392949302907748,-485.0446161748333,52.082755548853214,131.12877582735572,12.051640741063942,268.1616192243975,-240.3268806577098,379.6079485522404,806.5178335808605,140.83628159352884,-171.54771417060016,345.12115991758634,-54.4834714396268,166.27392620507737,85.1837651086615,160.54027802974122,225.88683644670476,837.4146751380649,-65.57259272220836,-22.928028372531305,181.86248310469168,-279.536767974927,-108.92572410896064,-101.42039037709202,366.6771920326245,36.3021122159621,1
95.44459146269897,-346.0634088347891,118.24392118856018,-166.61265778174084,44.54445441110497,-372.1233584726449,136.53197103752862,214.9719811741884,263.4740348982656,193.33889646029064,254.00258400345163,449.2860361539257,8.601008239723594,-16.438815474440183,-109.24615500536154,-338.58672049863884,25.14055700892884,-612.0904372012419,221.3988181142442,-51.54136466866802,541.6380394283174,53.76603003483957,43.33549938355669,-152.78419854179583,417.3145340088905,8.889705138832001,1
95.71249139581803,-456.842549961034,58.615777774083526,-111.44257247987044,0.9729253839031315,-298.98709681910043,537.900548686795,373.312251658735,-38.46237043331643,223.69909238209647,108.99786767659432,329.34018512721457,46.39646644574243,352.0925729331047,-481.8642921434295,-437.1000501465291,-86.81503482718334,-356.94804933887167,71.50463192986982,-89.3979989696713,410.3314434059964,-562.3773483827438,86.85158252097477,-187.8118493828628,648.7614632718021,59.332110958628455,1
227.6217996532004,326.72245888019444,110.90763336224344,510.9002785126767,-41.318844446188336,330.8574476991447,-646.1717837661479,232.61550093938027,826.3040495277426,217.5980185500379,-42.90775132013437,216.35437299482044,-48.05708647057652,-83.9944332677521,-390.73568918611534,641.4228125683136,-92.62958883104524,666.0538300357216,-627.8179076394828,-135.22655111951798,814.642324924791,-190.9327511357249,95.36422090535758,-177.7305970388697,51.155142269381344,-21.26870731277822,1
100.59846018878396,-99.83038408799013,128.26993495384113,128.23190277387664,-44.88587077099504,439.4951527533636,-682.7908806384372,352.4206409283297,1173.9980574859703,92.8172316904226,-74.31771065936951,248.6067011761863,-41.72449082924243,89.40993079229686,-278.1395148003431,547.5707964865827,2.358125659857368,54.38225685565156,-660.8501615836509,-94.38709300598836,512.6103898355635,-113.32651003108649,-126.09853577194971,-95.66060289941215,-55.85611889129267,15.279556535030087,1
185.30988410373345,-338.2114098137793,-175.44984122658136,230.201581383663,35.63835288861505,-248.5315326588141,-751.8313041860947,-88.69221190352741,-827.4444492488558,63.37979313873807,184.93906650825,-421.2966469206026,33.87062357428108,-289.9538164486602,-69.28381022189143,478.3687710814119,320.6386357682321,-457.9720353162464,-476.71773328755984,-13.263417850203352,-464.6401586017213,165.5613022752698,48.107429505090224,107.9517340113089,-83.53117103233389,-25.43809753127033,1
192.80592326184333,-105.91897501161183,-27.89579923839499,285.06135269053294,23.44905902307921,375.4662042777827,-159.66388335057238,488.25002411843207,779.3742616871627,56.24604614228301,27.756624068938454,-302.1466276938509,-36.11813096849603,-144.99574588049333,132.23804812862954,304.55971466428184,172.0873663547534,304.4022661078405,62.81271272830804,-37.56040663848505,426.5424884413811,250.17601984132892,-18.920856292454392,-5.863705355043212,232.03950061716435,81.06455354904949,0
-102.40943840382668,-206.9093669332632,124.72019800743948,-153.25568868834722,-30.060043224376503,140.85110130323807,38.05612724275831,424.7928092465908,981.8243561437216,-374.80270054880816,212.44240201155003,-461.9370931693642,-52.28904176314309,-240.09198802914355,-48.90173802773609,247.88959765415768,-243.4062951070016,-599.4012973081562,96.9012880301202,-88.98577468860717,523.6150718622143,-99.86614944639804,-99.47969561439103,-133.23898712162372,-199.28164980219375,-26.64374504575187,0
130.4534206563831,-188.9528724195337,-27.20078439259632,148.0199711301531,27.33490330506504,411.3551496041272,200.86036382833757,280.7888999421976,447.69542389260727,-171.3873514255652,-339.46674708876907,-50.7908082349454,-74.2945340159454,671.5773101479701,267.8285179881839,136.32203278613167,639.4049983766763,489.7557512256472,516.3846791824425,233.52870886417884,252.8158802662732,468.9853443473694,131.64679217643936,-188.6752065891243,470.8745506836074,-4.643806151669301,0
-46.76257814135961,-306.1305432083357,-1.5306189554841865,-292.1551901437861,-10.715959155735192,197.64975297839817,-277.3799739345357,-324.3825648421297,230.4097979932676,505.68322423590246,285.4975859986662,77.71402476248635,-12.214699882761517,-177.0000709583485,203.71260612253317,469.6542512013486,141.01734826431246,619.1403193211831,-83.77561427822498,-43.559879929420745,451.0624486573731,-44.682527775094165,-123.70666271454954,-70.91284348980567,323.0109718920868,-52.48210379989682,0
72.89787942296803,-347.3256079836025,78.4758974364683,30.344168700180816,-39.55007835343768,-88.19649732470047,-500.9987994532847,298.8700946643268,631.999167597846,184.73710383426615,-99.44753732863168,153.70995321827465,-23.889171566933715,261.8543848984766,-177.24977072370925,-62.06874779396077,177.77021063443374,502.8771307534376,-164.66770951705976,-33.03536049989229,290.9035142477318,-414.9845644101295,-106.17298288745044,-50.55456351775612,309.8046519498682,23.327256677685305,1
-24.42963564362869,558.7192098890235,1.810733380843974,-63.89399589333718,37.02705053461451,159.80378938649966,-55.865146743885965,-466.6665639538067,-328.7360119950718,-54.32636967282804,5.530420580188318,-26.037664597625287,63.43116569366407,-114.25807904575846,309.3290490847266,-38.81026222834823,497.48220990657165,-525.6098100010229,-100.31943285372355,-67.14256482609798,-578.6057901583805,122.17456207588062,191.2889730020289,98.8521928472931,-25.586699436338776,-91.14355455458625,1
132.58940174363673,-135.29716157687972,3.605903469673724,114.67368908839914,40.28264574185958,360.12978559574026,389.37244569701977,127.06901229650911,223.47165392690067,-22.144306285768028,89.5332447313257,296.46287331058204,-87.90458638882254,449.8162675735546,207.6906469372769,-167.839601634863,198.64942586921129,578.2330933491371,666.0805627164312,70.00178830319457,341.3172964895975,331.5749436417308,264.8666381896136,-200.11440413075792,267.94845355551104,18.08740403368081,0
-51.63471137081247,-125.68050231021655,-37.39326490381757,59.2680247239717,32.881774270179584,63.69320689976408,351.121490776667,61.01817740023407,-26.230396171759185,246.9917542703541,278.7672192686832,212.33095059317972,-47.19374411809165,401.5484736008036,-237.4655483247952,-335.40055121708303,301.1828218721703,237.11756608535444,-2.269066298460628,-60.34328482976163,174.23564203588333,-524.6469216747824,86.10693004186813,-149.72150713893214,492.77100636369926,22.960167964507747,1
-101.03135778034051,-63.68736330399064,68.99222353800349,-56.46636901858051,-28.179996555192712,789.141785760044,192.47907247653967,184.1467984166686,846.1270331226851,-299.73538287675626,263.796405270499,-235.5486618671556,-76.09714100390501,3.787154952493932,569.1288565154633,239.42689312707563,-295.457540381075,-286.19589338533973,368.3300849052974,-55.84767856637045,141.83452201274477,-385.47886702356186,-45.02587724545688,-153.94814957844693,-358.47577332796686,-5.702660689175114,0
39.66500966733038,-362.2550701790355,90.79047866865174,-35.03413317075798,-64.88548149697458,53.89557378757239,442.275538740137,449.7172606966169,538.3529082032545,-12.442504161985966,-82.92606650729269,-492.9221454508421,-44.425753251257085,-41.78544129451865,-85.35046518372569,538.654039326639,-221.9513292724053,-624.496154747074,56.7366812304891,-4.15228974169243,341.8627075245494,-598.2594646063205,-239.9527438406858,73.23629268530208,-145.32517253658978,-1.1692097013568956,0
-59.325680730648685,-265.3536432874228,34.02402283308059,-250.3101866495282,-25.641414469384237,261.5157192626604,-542.7787621180807,-113.67570621519312,769.4281117736027,22.190636118933696,201.4219878476224,-194.4057559854366,115.87885997353908,-521.265834728337,325.5787760721279,301.80004566026093,-11.116000118026276,822.5502875501154,-389.5640930733792,-27.79094753767541,256.7147306158447,314.01478329358594,-87.53649375917816,-18.61083597743996,385.571311369215,-25.18132245302622,0
227.977316332123,84.11139268002458,105.81365788497703,273.9897610065969,-20.09856596923924,446.9554872795469,-374.9870283477189,233.1062264397236,350.8190743938011,107.41792249429912,110.2358234827561,215.74373343601548,-90.7801218671492,174.99862417595247,43.002507913714496,885.8720869892901,199.3488621022909,76.55496243714059,-483.1144336763097,24.33916285466819,373.4285159106165,-372.0011816162916,47.17236977576883,-153.65702503045608,361.8235423709403,-8.199148209545637,1
52.695148347639766,763.6497871690016,-71.13375232332433,-118.34868620751784,40.5513038838191,-369.2709401244713,-98.71091268657244,-349.22985443471885,-1085.8402781523505,335.8534177754123,295.93395427404937,-517.4002594264224,52.63682841057119,31.255712855023457,253.58692486692303,259.5706097289081,441.7654695111317,-387.4218803746095,-462.3182251652676,-7.847527001393733,-587.4800677670752,220.6546513533255,114.13108253011907,7.213022524434403,-277.05589570803073,-8.263731982470805,1
69.71037002962164,372.7060578437589,-132.74897540936348,168.23686380610764,23.117325401423308,50.54322735465973,73.99528307299745,-33.29880246923892,-582.9064020307572,236.18771899626148,375.81239977355074,-267.4239600043437,8.530158118754684,-36.86707991245206,-11.3082910787406,211.17485913800485,26.59818856614303,-76.26362019155752,-265.0144806081599,-49.95907745914002,-277.4764536197925,301.917141858169,9.644318253347397,80.20142562635438,-100.72644860691202,-5.213840838084474,1
99.96571806027345,472.5466466621991,-28.93522206100166,198.76113969273,58.04673181230487,-1278.6995364953596,-958.1419703004738,-152.53273767454732,-1628.9554126490434,498.9912587745629,300.0561829200461,-439.772327160207,105.64055090453957,-566.8649867889008,509.4444174855108,-19.7127033025483,-168.403748581799,-471.9962571341068,-303.3728381542401,18.20338168268765,-456.9633709590215,512.2462931586715,36.18453473010997,248.62045002057377,-182.2396273200521,-76.3895999944471,1
132.15866367091033,-183.36439506006184,134.2961835284191,206.49897222762868,-47.06976271249887,51.62680097259353,-452.30112512094,-33.94607167192959,873.9026400077399,219.8910505824685,-374.38411170074215,341.88662538887206,-33.50248916876576,151.74338451691037,-454.30976088269006,-187.95381624115947,288.7294834271386,-8.866785526189148,267.8065582882084,-103.45369495392144,296.61522136721067,-309.1554720167668,-43.78964146454343,-54.66964883331263,375.86863829885726,50.63501985697433,1
-99.5017492689101,-455.4534300435364,103.21239312334347,-331.63503947722177,-70.46383811765142,699.3929481442182,285.2179257478091,196.500717302885,1613.228984635694,-237.8391481658422,-90.3006364045454,-359.03545347345784,-38.699894585203744,-44.50781973462667,328.2243277855549,451.6429953998531,253.64855956577537,48.59051048799984,-410.4465124051593,52.1370192329167,355.1113866150649,-398.2346028278399,0.9085201404983368,-334.19294039865275,-216.9275910473892,-20.308417222695702,0
166.4353365216472,475.505167492043,119.78949987428877,99.6426029141324,12.907132101700668,409.3668885978311,-526.7842338592844,309.88974885389416,1084.7756063669815,-93.1858436332059,198.54543978228577,474.19837003046587,-3.586033899107702,513.3489156108125,-37.463668163768766,314.6504951503582,139.69204553044116,582.5684472124542,-756.1975221942803,-75.58849886377745,469.5189000040688,-372.8766855373705,-197.6862207410987,-258.89959949738807,-8.163744730727243,-40.88513347682129,1
-3.192890520206312,371.3483118095367,-52.3432612318159,261.85007505452364,8.147001972814811,-509.02633000794015,-19.22483341098347,-246.2596907693057,-544.6715475834355,241.75185330990905,54.91729415419472,-221.2917722445991,67.76063920827015,-918.0929810323696,290.07167142551407,250.1159619550336,-95.62907153608884,-575.9746241084314,-43.90475526435217,-1.895638869562477,-144.8005885675563,49.216099198471305,5.829942606042049,83.14945420840063,-443.50841725132295,-5.654173947813748,1
61.77711448756265,74.86468856937668,-124.93275167895194,36.98642383220903,3.7240103853276407,380.5815656652864,-387.42104617403146,-164.90264796164848,-135.93779270001804,315.248319627393,87.62189541377738,-124.87710676513407,-16.799973336977764,-184.0014956334044,129.8689518940058,-203.0190533612199,284.6015869429845,-80.21951561637579,13.340208161079705,19.90305326839262,41.71871063672147,84.9216245133103,57.38501756643073,-29.338039472970667,-253.47678503165824,-3.2545515614861227,1
66.98362780691528,249.55081679405552,-71.25582798685153,232.0898845859618,-6.929251812062374,-654.9474372137003,-235.865623859221,-325.3034437530883,-366.13091639166464,330.99202107696806,72.96227254408281,-24.51341951273588,24.331763901146253,-605.5581628539732,197.8554112024453,228.5617018382327,-24.20493072148428,-430.9818856581923,-371.1877123222451,-38.47489498606839,-315.2597701167922,390.2876185836411,70.93768022580579,97.63910720680244,-306.6851344574658,-11.574360681268308,1
-95.23258926795552,-760.0685758560138,72.18581879438604,-171.6731917099681,-46.02725571889373,327.424976431681,304.8976793409004,154.20761787172412,989.3895887326902,-259.2110499827574,175.88360529796955,-231.66223506963075,39.56711446957468,-101.14202535506412,227.95161273936543,314.1345878858106,41.3668706070216,-604.7490932535632,-62.08370063697077,10.831024363962689,112.67236324387922,-560.3648271982709,-34.397911257712,-300.8362924933201,-592.0195605693461,-43.77001175457352,0
-45.0888827377792,-336.93176420956235,112.0705046460331,80.16219533049419,-30.027010713236344,157.04593857552663,-540.9635791842448,393.5458895166727,334.8202099163364,130.83236710892712,-154.16950953070588,233.8174016027992,36.47782558662659,326.0118486712389,-376.33127994963706,-16.512211606208652,47.91926277298246,698.3980443551341,-212.2267813789732,-3.283577263004327,243.1147893426276,-416.0815884233048,-89.37754439086079,-174.36559755526727,270.7323317483622,23.457378432311483,1
76.69386600179257,-57.11756257259268,75.67379805838276,-6.6377218753476575,-70.20027949956982,-76.97024164986551,8.167397844607066,41.445393314480455,298.5360721969154,115.50946034074,-117.62396343360592,171.72267142754154,23.204540600706167,203.24271288278928,-125.28836145214608,436.94731788557095,283.36098336534474,264.81937096268376,-198.2836179646953,18.65510901744721,191.3229584356433,-612.244054033922,-49.35350936055013,-90.6445630592002,551.4012529759808,19.578817759037207,1
-154.9718718652498,-302.12851862831,173.90150881611402,-117.66119912254364,-20.138483023690338,95.9379330306273,121.22097603552412,171.95621827453192,1251.1525836256787,-246.2602384427636,181.23185915509904,-76.55733372349238,-54.8787411677428,-315.563662980903,304.9349522655985,78.74530932713223,-224.59640308453564,-276.69494109962966,462.5204714933467,-95.00759076567884,359.38115660225543,-124.0329783335776,-65.0026017285685,-130.00022120394593,-868.8048070802241,-8.003721034356193,0
14.610567912464235,384.3952282784192,-24.65408203879789,172.47038306525602,-18.78576697448493,-439.385055318112,21.932736964308653,-40.88108589210114,-258.9339030314944,182.86767331867992,95.11346503634913,-108.67361784353116,72.28896706743795,-665.9924417849755,474.6660093045248,492.9946133159723,109.09883544200903,-746.6962196705969,69.3643305544638,-1.3332564472288766,-122.2973783460146,127.7974106043392,36.951340025349474,71.73603066297927,-528.8128550829869,-0.0017988333429368,1
41.900662761627466,376.0734028797901,-38.24696113963156,129.95922175065047,62.3465828192103,-1039.7527406895124,-523.8236236291368,-59.343696321408245,-921.600458089842,279.10350553373115,101.92164459756654,-509.4165786005423,133.93868541441196,-465.5243944691484,538.4279369916497,199.38850436914095,29.338543527006216,-862.2008994939138,-352.07263554451424,-12.436327501453077,-374.8979042583688,716.7719744760508,152.515986461061,104.34575561584886,-696.9118408135023,-47.34692685507086,1
-107.05295510324972,430.552945813448,70.6870160890989,-155.92741215244448,-31.91035161629575,406.01696516715447,-335.2244044217658,-519.1672869681622,324.47385110237025,38.20316372596037,65.70203670853708,-124.89232849450006,-4.154826425391233,-273.6973417118127,89.70018573188328,383.182554630531,351.6684738533557,550.8384209752749,-479.1327450103479,-14.193639906188658,32.95411554169731,-270.0583334652558,4.8073694796356925,62.7754226118583,321.6447235985213,-21.378559355554746,0
-361.98957664903344,-326.75566767031324,6.527932758602031,-24.8502566063908,-20.21394803949273,174.9365185173331,-183.730370894032,-192.55626373449056,881.8188395518598,-25.30396887422509,80.95174792499427,-99.33995865554662,-2.0968994690858502,143.08609001484558,270.61944844436374,269.4401842724116,286.05879619878465,-165.81700602622743,-311.2061821207394,-45.40229033956951,237.26096919849985,-740.1273564832929,-110.75650984028653,66.33534656459113,-108.74623253142828,-49.32184024356164,0
6.324416977816604,-348.6182892940858,29.846236299043497,-171.46118369150742,-22.871299003806392,450.5807865873298,-465.9697163243009,47.115655146019535,535.6651170285475,52.25362285820473,195.4825014381213,-433.4849693147358,142.16266967716643,-273.67532527482547,487.0238044960072,210.3773474498853,-20.691558268143616,920.5101026031256,-170.5412360693632,-16.51277003153549,357.573543273371,-477.7826466954356,-94.62633683586596,-94.76719541238543,190.78182269871436,-54.11250554380181,0
-18.85289247510673,-157.48377620229132,116.49423249792024,234.10862878546956,-18.514687686852128,101.30906612449748,-204.6640059870089,224.37928708706207,972.6986981749994,79.65645926063685,-231.9302177291157,578.1537758686017,27.80473882139766,80.91277860552582,-276.6489935202507,205.79596252117128,206.9741274071322,667.1804665576262,-210.25514871572383,-122.3651798091069,295.8421969241276,-352.4111140954877,-43.53677852629667,-116.92104357548338,539.4463920255693,36.845827844400006,1
-27.57935732929929,-123.0730952120735,48.30655070969058,61.63525518664057,-72.11431577103352,211.97691024979477,-418.0820129229898,-386.66058593872697,1075.616367567629,-25.253391906583023,-66.58055836883166,-387.8288727432621,-56.80690563792072,13.369181667155406,-49.07970681747369,337.5739626134476,175.9922604584974,539.0787500655165,-368.51970058195474,-56.4781118646472,99.40018077511724,-252.02265028252629,-71.55579745430157,-58.474008714804086,165.5109144026799,-22.92341672859104,0
-18.37127647881868,234.89020039087364,-41.12493564473653,221.09148396667263,0.8377867667396233,-250.93771050714463,-46.74949502579291,-287.67823326788465,427.1610697222919,292.2867821567881,35.19100719218455,-418.8787353500806,60.79995722060361,-368.0027603023715,360.05221390204093,309.85805932166414,389.97097639726206,-409.1438736154552,187.797773202079,-54.032419659166365,103.4212971277697,195.61648193643035,51.98519367568899,15.437186798220022,-719.7909406120622,32.968127468561654,1
69.82719903424862,-497.0136815655031,-1.2500594310255675,-110.85549285340086,46.21429561017177,-73.63848023604385,523.1200968654443,61.82558179947752,129.09277492706366,181.66944069293493,52.74999839945412,116.22495112377452,-4.264974058358888,257.1378905901327,-410.0085541556186,-522.898211105471,306.8483253476505,-13.6490801212275,-0.5246661857417698,-36.96142853395432,240.6213279232568,-423.59974911718695,119.30160810908356,-162.65052202885295,92.00044414269348,17.19085049267568,1
67.68696680621409,-138.40047796105745,-11.80348020838668,-37.16271403805516,4.148098917391971,-461.4336882554273,240.40602593262787,-140.68810282630795,609.0641970046531,5.512304183755116,187.50584649104292,164.98137352513874,-15.964858143047351,-36.016602573276664,-363.47195229652834,-289.398832831024,263.9963625776297,-53.25197285483809,53.46638470368983,-142.7254639467338,354.0920100421013,104.98264328664276,144.70278043772052,-279.1901411382509,713.9258327078219,24.792407110748183,1
114.61110136537545,304.0427803514844,-48.98015074992975,115.36532948355926,46.40646833277191,-213.93694143445904,135.85788420037298,-207.376182053904,-682.3195476688098,211.049268828546,355.04981590640364,-400.51394188966856,20.624219997428828,-182.0471906592747,243.5619224187906,197.76539378401995,-162.1058778879019,-445.5997646882059,-201.52180472192487,-55.32764867756661,-147.4448248825739,379.77441161906165,170.21313449896732,236.94685920553297,-428.00556722905696,-47.376243936778096,1
54.9923771107802,144.43312642080917,-138.85232003986675,192.4424015290133,40.38395730220872,-76.17044568192482,-782.5820263126197,-180.37874767033009,-878.5315214829494,160.43583569021308,250.4533421421048,-203.6722158100088,68.96999840071376,-315.9985578093343,-34.37460678011703,-68.17559189476405,160.87055543217028,-248.5389167030504,-119.5205634055567,-67.44870381055578,-304.2601587186124,-1.1917748848216982,-10.783186514162113,59.21150277129891,128.0431834645684,-31.350063973657047,1
40.67934802353562,453.4344599240948,-38.91923038231111,178.95212339070346,31.777864506845024,87.27356245351159,-207.7087844662846,183.66526284473292,-4.898187488168428,131.9452549049295,414.0499203066204,-108.2983902059243,92.18487770330152,198.36107294233196,253.8798401252088,304.7267266285794,402.3835548302166,179.18282928850925,137.39858119651635,-74.37230608629588,-245.5104254140657,599.1895615577282,-68.89333882990478,222.00353808298675,-192.4686859958309,-21.051794928095163,1
74.98672953434868,-844.2346451255149,106.421592113336,-265.67011641559776,35.28821081843189,-211.2701856870016,406.3720688242072,92.07508869061608,661.7492617722062,414.6282251380455,-42.28393641163162,115.31330361288184,42.90221942237945,60.36339203699063,-282.00898952537915,-817.6999549489434,302.82734709856385,-122.4967833860296,3.9130008612682254,-33.5217872200412,460.9794440286949,-780.9795862697209,-56.00890615713011,-111.30807569669878,237.5219214185065,10.238239505610425,1
-117.62521130523098,-183.33081289927048,93.77639997468718,-147.12726040800308,27.883199890387417,-221.15245605035227,505.444157864497,-101.18857301688328,-626.1670911509827,98.09328617211904,288.76582503566783,-51.07582635626877,56.74596201438527,392.0852448401551,-243.9984020517147,-75.5675857578076,-78.10523817790224,-869.8436751865036,237.44575144169625,12.81743930625998,25.999313419608587,-200.81618451423964,48.1293865404682,-85.36918015678555,620.854808548723,30.377290787117737,1
130.51395324531927,-210.89874745406368,121.81873273540056,-142.87187771002402,36.638153020953325,-497.2953527491128,371.6046863130597,344.9257051206674,288.12340161174524,156.34287418900044,173.72337501548157,249.77422493613344,22.874498841904565,312.06555651224085,-336.8931359656309,-238.22958944021065,166.30844899924497,-283.1366477721375,-1.082995338572435,-105.89392441239448,521.5436021479919,-233.8110699502235,99.22163049043291,-172.14924783623042,251.6084756660454,19.60234868685249,1
-30.60114180874181,222.821827148796,-2.7198468396515096,190.0070341270772,17.357335036403107,-242.20092214542376,-412.5536933144602,-349.71079532857385,-13.709506787932494,73.02494757703747,74.78639367105687,47.798276597723,60.37326659516207,-149.615321542661,209.5997359262693,347.9470118895925,325.2195925862416,-359.33046397212274,-13.876104932948206,-158.4354766650725,-491.7621992699433,102.42634419479502,42.55892850325653,17.80732764227651,-119.63351024917016,-6.309479480698418,1
242.72075748911791,80.16694235041332,63.90357935436487,-270.91720260957584,43.47247113196431,-288.4888454124716,27.54040008850228,550.6994196373657,-236.27017567669265,220.55067623103557,199.4980240471344,396.5026169367075,29.90323547325984,262.83640667450754,-139.82569308302317,-512.1417942080451,199.7174741754132,-408.6374862631261,367.1128869761332,-40.74467522695468,524.9405596937086,-64.31417764338453,42.33283210292106,-22.603322490326583,-279.77460723900543,21.73444693276069,1
137.51489081046347,-104.37609796630676,121.07084455960047,-68.83674166238326,19.746870886479,-700.470831985642,506.18789196352776,389.37382378083896,420.33670721814815,35.81034477144106,377.4343499362792,-170.0813967322001,51.26916366283674,582.2746320780288,-98.6121354321283,-383.7439402513005,133.57304205784453,-325.3831605570007,86.09123595110837,-99.17133131644825,227.26125537458225,11.850686114167518,108.59989840137044,5.638008160845624,457.3527715870082,35.22241176332455,1
-81.9422295421494,-382.20496821258905,189.52113104524884,73.22665435015216,-69.01576785151383,-151.35209799504526,-650.7465813335357,-24.39671452726096,579.1975536954723,141.02147873192584,-220.15489332575592,260.5485442113082,-23.62520793481264,-94.53030597367604,-319.80162658307387,291.1207668070622,84.8133295399818,403.4631596066829,-81.40920585417645,45.58595561375818,452.59895649766776,-305.3661631002849,-56.48477938133046,-81.40704473962126,599.7883061259996,63.384407063582906,1
187.9640160088888,-189.4004625944789,-195.4937628842054,284.89993936994784,-7.0341886730521885,-354.3142363458007,-630.6123881952768,-154.03318621428815,-841.4882299858582,133.52577387342896,97.76187272490232,-167.46554021562153,-14.255043755792403,-588.5598588785169,-182.48935882315388,194.43105752370175,80.11724204313593,-203.78184486999547,-225.4316741065533,66.15485697862663,-252.1087955758207,261.812080494924,12.35563587973666,45.56602067849633,-31.468464030183277,-5.23477299833722,1
-225.4244336751571,-0.36375495578151,31.980803626814826,25.123610399492936,-37.927625343847886,-31.58591748664705,-280.91648786130634,-290.8537653879719,-31.915858131141597,307.01359275285165,416.3670242590704,-2.578743118779406,-40.25590130955736,151.9913268491105,69.13209002846101,335.7234193840147,244.9757556788027,-34.776751670912134,-96.13147183112468,37.28021817819488,361.2186713350506,-745.7969994436893,-72.18212942651493,-55.35088738585232,80.69049245427301,-19.800442217445426,0
67.84141972649851,-606.781661763889,47.45580583398068,-137.38233073988647,-18.55278274349776,388.6320392204424,-309.53051977038706,-268.998373885718,1217.7510123505776,241.0242672093221,-1.892985422318898,-467.286535196359,80.82819683337831,-200.7456709566113,-81.09365701638532,-290.64495396678,202.07710710276973,351.4749199432968,-484.0534239342408,-156.36147865949087,318.7488492651306,-231.22216154790155,49.54646777687205,-79.45859004843878,537.4928882854799,-55.33797845933644,0
86.70060883914108,161.99305492092654,-63.9244745273751,88.67851339939902,60.800331686636426,-389.46898443422674,2.173796090750841,-633.9510301828014,-843.636413183576,174.9750622332217,15.273402073064382,-287.1066577650954,41.07542190758783,-447.016089880592,29.014681667092788,679.0864124824118,381.8430040534649,-573.950786203264,-545.7010528565702,-15.001904238913736,-334.8411986142511,-134.11880503971537,158.19145123328258,-23.57303666359257,-275.7128452261296,-18.548115580417875,1
170.5908449405033,-290.6025506945293,74.01750885754421,-15.859063083274272,-4.733251046517899,278.4050079488286,133.9880563289028,26.13725218741055,929.6755015507588,246.3291979675745,-190.02544916463583,41.13400499864855,-91.2218245850324,275.2376360322343,-176.44982638660036,165.99012567878947,386.0048746032195,107.64975830978986,-17.2422847890493,-80.5748885895421,35.75710031471894,-108.77197595336516,-107.12557497323816,-144.64052536611604,212.94902004300388,18.843806691653025,1
46.93378182064381,359.18940733252055,182.76344919746572,117.6091055945657,-69.73341898612595,-137.20859066099706,-584.4968437566878,30.758867545544344,260.169283990659,125.1423350652781,-101.6858718383248,605.376279454849,52.95852833425702,398.3438169242127,-229.838814686322,155.4521558771761,160.7747929026514,263.5553062643048,-66.68043795235275,-7.792325740863353,339.39620978805675,-548.9941237375857,-57.467955089098176,-60.78672017728131,441.6863367905038,29.864219446301888,1
59.94766096936668,-332.7376279521617,136.5604566164892,-58.8321729174791,-50.55484133571248,2.1604355344879598,-384.6940009977833,-421.8034573059464,998.1974849348496,217.89066360141055,74.05197261253336,-249.8347610891858,-30.23412182982214,-9.5700445967499,92.68953366537905,154.6758868015742,301.34587178887983,-28.367047869760057,-245.89365190358652,-72.44993922328908,198.72523591715472,-396.5854765834557,35.5935682720928,-107.56170139378182,371.31781225335294,0.3936049324485142,0
59.56829555356841,201.1110161431347,43.97529764575937,-206.06452271429333,-1.548600310776238,-207.57795219973536,71.1324789644759,194.13268003354685,-356.6196819856343,68.67728255410448,159.18644292540134,532.5516158181349,49.4762234605352,323.0462216445593,-484.0574724475438,-276.4838127099941,279.3399528096082,-123.8577542201861,340.995737241191,-82.3167876200279,195.2888285023757,-202.15156931020223,13.016691527288229,-166.40473703442586,643.5790938511889,43.85243217760622,1
11.1823753554886,-315.7631360869906,41.45661040735602,107.6276471228589,-18.512721435568448,-229.9981604718282,-470.37477619692055,243.3552036345184,1168.0835535895485,-168.27443198620583,-201.42386787544476,367.103321778886,-3.8501753999807975,101.76326476166597,-217.440390125532,-67.83370841109894,458.8732813258963,396.893601441609,-302.57233991520417,-90.35225353374916,317.08460872279034,-545.9946767564301,-119.50045129862194,-192.5773761694359,904.3619570714512,2.936743989903574,1
130.99035851220248,-402.7232213518787,82.0952466554408,243.27119238325173,-40.61476651862673,437.4633001547639,-218.3558388482261,243.9299327026042,568.1195352017038,320.5548279388037,-345.5225265509831,153.63431124778378,-62.179038506938056,286.5952615312432,-275.2141785289655,465.1581294047498,216.3054329937144,-122.46871679882165,-84.27976136171151,-89.44504203861473,-102.80413240059292,-294.512706888536,-68.76963408836065,-37.89208882149192,216.2197991897028,60.41961851305483,1
163.27780892673167,-569.9995363909909,75.93121666931482,113.38589327712934,23.42766339502344,-446.4427336884957,509.9410620071085,289.88525586566016,656.1609280075203,362.9185902739425,212.59327755497,47.34327117545062,88.76191009486932,65.28298867018701,187.3833403953936,-283.4575481519445,-12.875083604170692,-101.437532737334,-8.205734944393601,-41.85211511953598,815.2794642553687,-596.2743482216273,122.1934845794063,-235.66749129424863,710.3323612988311,9.472923083641511,1
-22.72620237685215,215.334268116104,-90.05074834458655,160.82006605173677,23.800754048936348,-83.11814674201337,-500.9213393178556,-159.77526186497644,-899.9871153971214,295.8208130553551,143.79002931821174,-167.23119116805054,28.357845017787422,-253.34345093613524,36.58090299183252,306.5044848464766,242.25239521050568,-278.22876381757254,69.84901739006025,-55.78547382740284,-407.760425341752,186.96262175115876,4.107915062034029,69.35739731183747,30.6596979759617,-0.4362917455238619,1
8.893630494039535,-36.68635032823883,98.91185343595896,129.6051461484699,-35.905826717307264,616.9856328870928,-316.7831014625451,291.3046384663047,982.9091244668724,-33.592052617600594,-249.7233729164326,434.6408127005739,13.8155151808024,-3.431480338679515,-346.03485008842455,345.1892280298045,169.72708720342905,257.76588364356707,-432.5321528822571,-89.19550716073041,312.00821795472,-456.1743745543817,-91.93641731749788,-207.54024225379337,158.3598084527334,15.695340221046992,1
226.79957938338072,176.16918330553784,185.22410074678064,99.3808115445368,-16.01821802540892,268.1516750345038,-269.0672975181536,-158.6616542802569,988.2589823410732,-76.67954374215999,-62.81831931666391,345.7806170007732,-3.308287229212195,-11.784978710971965,-217.08205412047693,260.4235723614679,481.0204593069074,-98.88812014382934,-265.9798159073659,-61.62554501375272,205.28465461219997,-434.6198889224043,-41.85206777790079,-153.12610503555038,275.3036774991704,-25.40374939646897,1
-78.1846603139767,-77.52931798328234,54.339330225993166,1.918874509068469,31.739354806675784,594.122530796159,-406.9296117930537,-185.2597672803973,39.992143394494434,422.85336442155193,19.556196741082736,-500.66726299587606,57.498400571571885,-478.3056636874753,63.61044911943088,-128.51829554191812,98.7740377176064,1066.8193141606905,-372.4726606021145,29.172856106214084,164.8137917920544,-327.1047595477995,-60.90509244571742,-25.34263076464476,754.3637828690916,27.081262021764413,0
23.14785284573086,101.99198853016296,-36.56077756365449,158.5224623122091,47.838627856305365,-461.5800252682032,-439.689296890966,-190.49542358582457,88.18000318981659,174.01096138082207,13.767483526503089,-241.05996811206757,135.19592762237917,-304.31270675218605,139.06651257686195,559.2960674519776,511.5836486752054,-212.00227306716937,-243.4143289934828,-149.57473017013265,-479.6619588071952,751.5943814684791,24.482422382373905,60.15683065088741,-337.7627744788533,-2.251325142019139,1
-84.91449940685811,323.91178654012714,-33.2172068997252,88.61857387075361,-39.54008263388174,-425.7817329762188,-55.37669885089312,-262.4462793034413,958.9967916163408,79.22050804978834,-151.29343630203456,193.90929059233983,81.394642128882,-618.9022306285439,475.463098874381,-67.56493181331881,405.0554593730386,-433.494822698917,160.75260287309013,-50.869177867881135,209.57659594526228,-18.746198758963946,29.63393471038301,-138.52405343000962,-674.4976359951585,-13.10204343430593,1
175.69621091254862,-255.51296970145685,-38.729659635562015,122.92794042725146,31.780119106542465,-499.9704611440592,-330.48771575597726,-450.3926150542504,285.7320201880039,62.74743636214288,-72.61867780236926,-346.0341012892036,0.0455551094999502,-388.19801427841867,39.46198396338219,268.7123395495478,164.1702379689382,-466.30358954852574,-177.3607358711793,-64.49344442499742,223.701886572708,482.4227458363184,162.46913597797388,143.40204111532088,-587.9559775623721,-50.02400095315696,1
53.421634725278665,418.01560009745424,-127.5001763564556,-67.57517228819816,-1.9060178522709004,-124.32564095468362,-43.95154931121483,-164.00722950587198,189.4924329188567,85.20633494659641,224.56180982017037,-35.27849591955989,15.229227933730858,375.5611453451775,223.04323717400712,179.17386139204513,789.4968227592881,469.2407544023215,-427.9676250767355,-66.65072752574487,-370.4286152232609,315.3124563436008,112.97786466570436,-40.93942579640442,95.69448851739315,-89.4396255211569,1
137.23918325846105,-360.65790664727433,-52.92050584621193,194.34629614933604,33.3465722778121,152.82975099404302,433.7796311258557,49.5157347069978,777.8414490145085,-49.21672573060303,-4.065210254982553,-131.94974060910351,-101.3219868877466,288.9320006782694,583.9353295227024,260.5928878439566,594.0800985178082,161.99707520172103,461.4580244940829,110.88570223035502,126.15615243522502,-19.40016715557314,90.5338905694465,-306.0152916289862,194.05645024403347,20.064814000051395,0
56.24240922984088,-406.7680339739626,23.47781954876163,189.19506296508897,-9.919372659591472,42.680937121929645,-383.5278761764227,301.1628240135736,1207.6596861416103,120.9877707126563,-200.17620728543332,201.43035536380944,-0.4050960674169377,178.99798710091724,-163.10642153494533,169.94913005921674,55.61785757142806,452.8175691867197,-344.36100642950464,-150.95253795658783,279.31131067945233,-102.9411187646485,-159.06127029352317,-22.208593666875828,281.546588257344,62.70763109594781,1
-83.78263488020443,-413.2274525709282,69.39159712801258,-263.1062263981908,-32.50148508633661,50.2750458223755,361.0141876238577,311.7952162982423,-43.87029869893,-142.36325641293752,-1.2127911134474636,22.57399150028432,-35.195834569999086,-254.690174282031,212.0838153575093,95.38020529680308,-339.0226091253156,9.463813938158625,234.27756899580905,-69.98216219752018,-278.0006163591549,-463.4960049042886,-0.2410561147137557,-191.9677174198444,-174.12985911221264,-13.448851610490795,0
65.81701317647257,-428.15352840373737,140.55377595100686,3.5206011601703224,-19.691841599895938,645.8936367935596,-173.58247798991934,-125.56333679972632,452.414352593432,121.93478102605113,-187.5011943318816,-44.1678854302754,-49.04836157830994,384.5820860475316,-134.22029628637918,471.095454162545,31.98137272668623,392.8778546009209,-188.63938433404837,51.16358702917538,-152.6763864247241,-117.6400096249288,-81.1247644505877,-250.38119134458267,103.82559131437822,18.798960094789667,1
51.744494769073526,-306.783735810016,46.779758038332375,-102.37893199519851,65.46502688152565,166.40844031324957,643.7802537468963,180.09349565315327,-186.1020286047973,22.330190833566867,192.3717912473624,-28.94779500271889,57.763671250693065,324.9902280951689,-350.7126160979209,-665.1797140901276,7.19016606111496,-488.5695142944341,202.63128867815263,-33.02951709728226,168.05711074149596,-228.14746875067885,144.45640314376251,-162.08833129313916,531.7633028104092,17.68027608653116,1
79.80677875008126,169.30197042683048,53.01509270978183,136.0477731317444,42.88862378055875,-92.47745297184166,228.97566999468248,351.75449015212274,-135.23869353929672,36.63895386069366,587.441185673981,93.21271923169208,84.0730097842678,675.8920379188266,20.60616492543729,-141.86883777674095,121.65154244408534,-829.3133888377372,476.62722215376135,-59.21790984425872,-67.71359425522273,455.5931395212927,-37.799089610916944,29.53998741816109,884.9843864569287,-4.056187326788714,1
143.89122227233324,-34.37740458132256,-40.259092941180015,251.47385050667415,44.47898213734186,-149.5884546018217,-48.00713582179601,660.3015521351978,564.4769355789091,-92.58125484833748,-105.322030198142,-84.33436450098361,36.527699714401685,256.90875275924884,137.14285834866965,115.32033098569804,190.9013975287792,2.8817228519174307,268.8776267742599,-6.768711874715985,538.178530909117,836.156298355421,119.62757443859655,-26.372481158699863,89.96029383926535,11.462849414575873,0
-3.833541828381508,318.7832932278144,-130.1128303350224,267.9184207853467,-5.720968092050658,-597.1805685817603,-201.75852572108488,-113.47729635271055,-149.5649068219475,0.4662896137194803,93.82516690516192,-43.11076859947221,22.091290119878646,-320.3422980783478,66.33312286426249,313.06898966081167,240.55729805976492,-42.25501695113351,126.560721875437,-92.92264264528946,-196.75457511810524,404.8867571894192,43.18476675568467,105.27778283539853,-382.46788672246913,9.032607873406503,1
102.15433706663724,-684.1052030376943,-9.856657704038367,402.8911467320139,-8.920013653835458,603.631827227539,-808.045776215092,697.9445386261948,793.0196361830062,299.95240674856734,-185.89237015605767,331.86453235715373,-83.38483667406909,212.9056803374962,-125.74011657107432,-27.33385752066323,-18.39260267876364,1215.5538051455642,10.51861747945382,-86.08542968805534,483.2540517024353,-590.9455799150279,-151.01840484088237,-133.74279589790962,-34.72222786693953,-13.842898098298232,1
-80.62745600009553,-577.207961427297,86.60029349136066,-212.3239175833159,-65.53557753008111,651.8383929385741,-56.930411480786496,-674.3890639908899,1786.2896560163858,120.66322637450988,252.6622412336976,168.87535142596622,-0.8999174479763763,-78.55737934592189,74.61521393396062,344.2481612237497,459.7405035188228,150.7595619165594,173.4922468237096,-36.35528554281118,561.4228720200213,-59.65582520343209,-123.88134376675578,-108.35253604731894,231.0656887045735,-24.940628219798672,0
141.8542676610992,-417.9589157974432,118.8324952513406,-104.19177072218204,46.51862230827103,-218.7791810677623,48.029066240210334,189.2532302290266,35.497838370670905,79.0028363499784,132.36587184004054,571.6082995334507,107.33606734051568,-69.19853256638821,9.01500706291676,-324.61300827062826,311.9452033967742,-314.14948721085085,529.7173383351491,-48.5734403898003,81.96379570918754,-152.60885826893022,73.2832866262158,-104.00235486385849,-70.04657382103001,0.4580787785222604,1
-48.134884468724096,-610.1328070559947,-38.62670744010654,355.87441944601244,-34.57901016025473,742.9125123932329,-74.8735387365305,678.3080537762268,1321.2758033233486,66.39725988615754,-269.8014717874376,220.6519429564128,-106.18876498857054,-126.01362007555512,-280.3878123182136,316.8860422922439,216.89465853027207,450.396243567096,-202.73025995449956,-89.21377140712742,482.2830187070337,-444.2084306435259,-90.7879990149811,-141.8165655891821,255.21675171245823,10.800314167617625,1
-100.8935755095705,-170.06632898750564,46.13443712106693,-48.2892171484973,-22.29674076309462,182.2639786192105,-458.75175489341865,-77.155672958627,1109.048066853151,65.82976800109775,-11.861477484422029,-439.5871908937965,13.37235519005263,50.17021602501531,303.5971757134165,465.2462879026853,437.2531435997705,-94.1924311363594,-234.83610022148537,-114.19992321554156,167.2145717345229,-156.7138478270792,-72.5060773707338,-151.13236519029215,496.87673549483526,-8.216710856171598,0
-159.44739040766495,-567.3955881051133,-2.1492231752351554,-372.3462361220238,-52.17897614997318,111.11789929250266,775.4151373396325,414.789039508752,248.6428920008688,-175.70610605235592,426.7760054201229,-152.3363540136449,58.92508777955484,-346.6538748987324,-48.37005163213668,501.85577692453705,-15.528906565588173,-927.46714047773,-16.253075611825505,-91.82150958219316,-117.03474745139413,-470.6508010877204,-133.27860647044182,-154.99830217592518,-91.85479483574784,-24.79876827642433,0
175.82213195042905,-574.8973496753011,97.6071434501682,163.8635141809557,-49.957057990967854,288.677343634888,-641.4157628313626,295.8931358115435,1248.4553160084806,224.25812859719764,53.76343841172748,-30.337017930208127,-64.96828085056347,-266.0452960613076,-305.58159990752887,393.32799268122494,-11.230775362662095,427.3160527433743,-505.0288628454692,-110.92628778789005,579.1451252286423,-137.88452731891132,-88.72394814140999,-140.063680054025,162.84690730552254,-10.97866185479925,1
77.64533989983781,-598.1193293859475,-32.49992183349467,472.6302561331456,67.69222736499943,196.35506910312984,321.012463666739,497.6208089332904,443.8442310427507,-87.429029996777,-164.27773165381444,-354.1469926441313,-15.380954053170957,678.6995966397706,121.79645126191238,611.4629350389931,109.78021408565596,112.56021543124476,165.6008527248972,54.87549352913874,326.26759457183573,585.6085387242244,162.78522197232684,-154.99286379296163,229.77764305801543,-26.82853784095481,0
15.954993521398311,13.88924544917357,168.87170184550823,-301.22298836818806,33.09181145893835,78.92743432725106,642.5455650773259,617.013547907847,188.66885911176988,-53.40146679088676,231.6066353819868,-122.13780974242188,42.04392116498746,560.6640844705541,-590.3570523869528,-660.5035642207765,641.9580213513027,-344.5903076520784,307.78277879678785,-106.9347686891736,266.05216789139274,-689.9899681645325,145.6098098718809,-89.80973467395424,413.0371825649078,76.82249608339633,1
-29.387019939750004,-510.4209041373175,30.978949975343586,-247.73233412898855,-50.23476520335535,137.28231941495798,257.9106741359772,-2.2712746344919257,333.95615843709487,-245.57469981622572,83.584265755997,-119.77183849868996,34.39789285061218,-56.485755867698025,349.0772157257525,135.03293945992837,-146.2496162675727,-352.79436984407823,29.32840620845266,56.36265579487815,-25.174180947928296,-436.27194854273085,-1.6986892651331909,-182.94588536388272,161.4337054392941,-25.190617092479428,0
96.77274298476128,147.32534627951503,35.5623709333101,-104.1617747449921,-11.75425099778414,-456.45155158604,157.09242705502857,56.484832741310285,-162.54207148191938,268.1669929265515,382.72584978772585,451.9842831175701,-26.755937330002823,457.91802484498527,-415.65618691425016,-143.75569999994832,236.21533407435803,-44.7567631872041,142.94317630057088,-28.916933889173237,512.500690292857,100.28217108658302,95.10490471849356,-38.51956379241229,640.8641170995448,28.79782662236129,1
-46.54908908870714,-507.1623220213233,18.68488959956413,-196.0256007858621,-42.80069693516705,76.48792161039235,316.6559530525341,56.21279500963188,245.6339305077045,-45.65263287590307,40.127855368227785,-327.6635446762718,-79.67493696739733,-30.676640253634837,333.2390800829804,258.928533434004,-136.24730289142167,-203.5673150015415,282.47613657114744,1.2023432270883294,85.84251402474872,-602.8583787537875,-50.3446315772873,-116.57787504354658,-151.4304951743949,-35.493249319177245,0
-161.98062258251306,-460.9535879351368,80.87967186077607,-184.83116045969385,-24.896336147363364,-147.23404040322447,-393.02772181827214,-211.46888816399087,267.7429115849053,129.45516230178558,148.80349709700536,-300.2551724412168,-7.287097313576906,-122.20521340260986,117.3599240669646,446.0672037565234,206.0993489596597,-341.76055650171514,-155.22206361809083,-97.98202366282943,380.73570228225424,-983.9047591468338,-56.75689426771038,-38.5224901323464,638.1858725617504,-9.414953265699616,0
153.61293788453486,-198.9818520695784,101.45760418597496,-448.5909754233953,76.13878713951122,-19.607337917574213,515.902982825918,251.1197669536839,-1087.1885732621731,279.17013384325014,-168.2744002413153,-113.51625104300804,108.09564460425206,387.2641179565727,-250.7791513857891,-290.3634240627246,121.18927482752584,-110.79997673795984,348.4643176035143,14.36706764706833,485.5533258933101,-851.6044818514672,133.14453585291815,-180.52392451399783,245.28532135092507,27.19657045180076,1
78.1814151319301,-242.8689512307609,-62.89987839529679,-219.72272386882432,-36.165537857160906,-88.90505939380394,182.463795047727,155.6254183007744,-1165.807231997269,332.6513743205485,205.8025995486913,566.5753805045705,-3.589856421171853,258.83560086440207,-635.3517196778835,-87.80060050378566,6.411262599897848,-735.8294212119617,329.926145921396,-27.619287708525185,189.10459587246248,-278.4175761910625,146.743630584406,21.67738319361166,-67.26469191669743,66.11129112653866,1
393.90687970415,-137.99188093207792,45.59621219196495,-231.64773323409835,89.94412405827148,28.21555677426271,89.20374171114491,666.6120498603129,51.188200514399504,73.75786721227048,155.5391876350943,300.00724518060235,118.33879676041444,151.0028571428212,173.56781607854478,-346.00467116784904,350.770517045028,-122.6149176394478,464.05991988525886,-91.7077035413122,372.4849084294801,-95.84500233371234,6.067266987768171,-223.1033067909568,360.7312086454843,-1.470851033788758,1
26.311360965861283,-317.3699184181157,84.61566987139852,-18.264238834269356,57.728927631338784,-309.92923639688195,349.3802252435933,-47.74846059712289,-1070.9125186905303,251.2416502598984,-99.72698339105536,261.13959700513044,125.63157413558451,215.471992098866,-268.5774773151644,-149.1477731435764,-1.549963143454455,-266.907228258519,432.725625964536,77.0231939995566,139.61902534579318,-498.99870017072254,18.113880731513788,-138.0750685703786,533.731922423197,-9.483805437686996,1
145.79989396945243,-32.005406147979,8.538075608413198,-48.451075375814526,34.575195844334004,193.01869470503016,-205.94091140786875,-638.3579067968368,397.4747221422477,174.6670303339478,65.0778745895244,18.64372213704933,30.8948921530374,-131.81952354936936,203.15360109706063,272.9862320236562,489.7123726139,-370.2878166931088,-599.11259539311,-89.50035543175701,-77.78987953567669,-63.277478569636514,184.3459239594902,17.556591402238876,-17.17645252072867,-50.47295507033315,1
116.55651841187763,-226.585177737622,-52.15664542732967,104.33172926686667,5.493318222622663,306.7567158478748,484.372909111175,205.1453217546872,1051.496941055159,-524.2583539439576,-185.0652014938642,-292.22873868226696,-68.5143128713298,237.1774554588754,-165.38553067239414,147.8660603284083,257.6391762321247,355.8056298377097,77.82256347310664,-37.18464901219336,174.13531981129327,345.27732707493254,88.49314511939974,85.25754809320324,499.7450319634736,23.184098074962897,0
121.84004170801272,70.50219499373145,-28.512779230373106,29.47630515195128,29.34910640529301,238.63676338765947,321.13186358463724,132.33524241010343,767.923262413705,-317.3070302781018,-144.82561554180964,-439.8259206557135,-80.50977824459201,184.01604933826675,124.97740561830848,97.23133551413108,356.9226883052075,100.49587960028984,41.33934764810088,-12.130421489788564,-32.200015764362064,291.6653839654283,-0.1149682854083011,131.29700404952155,289.841600225698,17.73380110820833,0
234.0899136263463,-543.278804579759,141.91571579584414,-502.33223234772834,26.63531462739761,-231.1541947363181,432.3899701475399,492.1562662502484,-381.8742711581781,283.36514345303283,37.68711689148772,270.2591999395637,72.90787984655663,185.4846320495782,-350.81346013952816,-508.9328319717735,75.13523271115275,-461.2803400330085,342.38112075460333,-87.3827796785985,353.6772278893112,-508.5422728155564,137.01940143748027,-25.9193839990919,-159.44022920726405,55.8941779339228,1
-224.781889923876,-126.05494212602282,38.94206931030004,124.53443584907504,-69.01996536708708,273.5836462216982,-283.24221651881027,-108.62946786443864,906.757097490304,243.86742036408364,381.5210999752529,-18.98288290478873,25.631836112574444,-406.0316657238593,268.65242049701186,241.70949286863757,239.38763166215028,-576.1007396176204,-233.18502119044385,-19.89646412517864,109.13088846041592,-388.6503560368134,-118.09655964654156,-107.4271508889498,138.6975906488316,8.393013733281688,0
100.99058584629798,-188.18550579141709,142.52597718226104,274.4107784859437,-37.27381349514103,346.9227845437838,-570.0247676822582,337.7135403670749,7.926050403781957,176.42387699804476,-19.595420703419908,140.44104493077734,-66.33653892102366,-82.18894851777792,-222.69608942902548,390.2731281908892,242.14628180293136,340.7270909592651,-128.5539271058775,55.484266963073765,255.92770269008787,-506.1294554711286,78.26961582427833,-100.65746905372968,274.4508190577201,-13.812535118825837,1
119.89563662322108,-288.7144521299885,60.79741504847985,318.8040674644334,-25.276329822847096,283.95601492437174,-150.34224606389247,81.86006028911441,1005.2590741780446,80.7456706538667,-317.6823930963619,230.1836583617054,-30.18169407451653,343.56376812709976,-448.5820774549428,197.1954936617704,205.145073450983,37.41175310911933,-173.89464269628633,-152.30503879982456,12.523059987472696,-41.41292417419397,-8.411500753752122,-78.42095086445798,525.9236910892199,48.648005968358696,1
122.39388454494808,-339.0084021354308,-66.85334434075006,124.68936493051848,-27.71481460614104,728.5345341781389,-5.604204929832811,525.4872958318789,1379.4464920519408,278.073709257053,19.357261613026647,333.29994912567383,-115.01544300416286,264.5498804273151,-96.5881800566014,286.8783747601175,125.35473183169503,218.71384110477132,-435.9057861445934,-143.07501859899176,306.41749237483134,-278.10558968342934,-270.430663487872,-53.20326904130463,36.85021333848208,14.321036806966118,1
145.8734593611093,193.82016922359048,-29.573727505235475,57.46122695252921,14.207176660183231,438.7529788626739,-174.71010455509307,544.4464100397507,28.877473167583027,97.25291190562174,49.49349142884891,35.07119587283036,-63.33720088971596,309.8386531097631,41.39233721474296,214.49611765329144,93.51490450697194,729.4549751184421,-449.4678333227405,-2.2022239720589454,223.5441658619918,-323.15483287855227,-0.5369961104214505,-134.94382322223333,76.5373102952882,10.377119145899442,1
15.023258752112609,23.66529791533915,77.69136551028556,-85.60225398601904,-63.83795246056599,-48.01062978634373,-344.05223062127817,-189.0063451496841,412.9438139383424,347.6534215899144,-53.741740701659324,-191.4152685050171,-44.99458564907851,-169.34952954352835,-135.89042530273443,-50.51926603498161,260.5929746838856,444.03965051469646,-312.18477828294573,-70.26711664052696,26.722294544491824,-370.4201591428515,-10.439138805330517,-58.46061969913999,-21.27307162207153,-61.647109769592845,0
90.74957577047778,274.86104642479734,-127.4811375154579,272.1769121209989,18.19836918634855,-708.2309326077032,66.64324401070091,-272.2849808669546,-254.53751146697505,95.07454656560378,188.34832729939916,-355.2962358382191,18.464151664300484,-309.7239650008344,190.7461407324686,250.752286625064,308.79287921141633,-201.9893935052875,-342.3845399874692,-40.51503338470379,-174.48934493494454,185.8719935399808,116.74156203903676,145.11714808572918,-175.73275572649263,-100.65883462383294,1
101.5616030976974,-562.5814048273623,71.45098812744864,271.99473643975,-60.25389159919864,-166.5645527287925,-720.4517679411431,308.35098331892686,-57.666798413437085,395.2118640571472,6.296390689547865,-233.8025079893748,-50.16940125503257,269.30583801305687,42.295507936579085,397.2656517551287,-0.3554881215709864,666.0786968062641,-24.254620585925053,39.01471818016744,113.81590267069144,-459.4964148842304,-32.76712257067557,-14.700517718963065,255.46025760235375,32.71683989593964,1
-58.98545492838149,-120.44656369751128,-79.04297903089326,-85.75064955107827,4.087719714013187,548.8930178883512,165.27778221966406,84.28755868313833,331.55177068721144,-150.19088634929227,27.595817492863155,-151.74303925844066,-73.6034658948797,-67.49563179081576,272.4690286618839,-5.418565068109002,354.4212321256404,293.6280627931082,211.14814817837157,41.12830578920604,86.66690490358667,-114.73765424722652,90.03989314666852,-29.150555056729274,443.5335494548127,41.871297229093216,0
20.757802585476,-168.35139567154337,-73.83666035378351,104.23771811755714,8.045413296856832,41.6756715136235,-701.4564670996134,-225.59474595513257,-352.42584372614704,104.25156546868244,-34.35619006419739,-38.87597047270773,23.602089995273307,-263.5227927819573,-85.4079054960284,586.791485797547,155.6901332185218,-595.2753526318822,-117.17000038960056,-134.38700267713187,-322.770915357303,68.3394553245077,15.897490016237604,-107.73913840149756,111.4242258242915,60.82646163000851,1
45.02270029276632,360.5174961739477,-108.6190270961262,52.57350397111682,0.3451420905600644,-294.565474992992,-58.51508350797344,-211.5986002510475,-878.2751216493016,321.9372617849888,181.4565183803693,-271.7009777608637,6.857031782010189,-632.2189581859708,82.42840163408717,90.0036558262841,-62.771178447640665,-562.3147818001232,-394.3480196425292,72.25604059248138,-195.38289410785907,385.3466188749599,90.9293629924661,194.96444254420896,-580.6560071490701,-6.831320807535811,1
75.52179990275391,180.61530080740985,-118.73489956886334,341.60613106610674,-9.40892141140884,-432.3038138833967,-271.40590759050906,-121.40792572383094,-295.5039310255094,164.19264727406534,153.52747158055695,-260.92753539819256,-24.520626722637616,-261.0174023826147,159.36116311866223,237.5319984618824,205.21050655682885,-180.11196139095983,13.774561103906883,10.11491155426322,-18.78613966665057,349.9690123777615,107.61272535304742,169.45053589697878,-107.7630510735898,-35.05882632919765,1
-9.989867197157212,128.1819502003454,-6.02677931264898,-118.06157274443932,-18.486919758857105,455.4231809502252,334.7200615001215,211.08885049097955,-302.8530929167845,-11.367364800443518,232.49392805183373,192.95440879018676,-32.244945180461904,-171.19993983096728,49.84749930307427,254.93049963882385,-463.1728041066877,-152.28053842990644,208.95106295227995,-88.38778912867048,-15.530793302594024,-270.00297837758484,-94.24733947539649,-104.8964942549944,-278.0701862931844,-25.413273221138617,0
-80.0983243619476,-202.81686352296472,86.04468592645028,-322.6005391479364,-35.24710619251574,-258.27523406680496,171.3913235627881,150.26343009530362,681.9242251396089,-331.47617898840605,21.33428119478555,-96.6740193377524,-105.84862344518152,-173.4750909509331,205.6233555641082,-21.657005760035734,-251.89472193607332,-141.30185557942303,316.55293077582286,-84.6023308295643,196.1887904935913,-290.5149155690062,-134.7874327160404,-9.59469754507606,-30.822504815217524,-34.41100422087694,0
-78.86131563284357,-995.2211788667836,-29.07431007255174,205.6528497560944,-67.39212768872397,87.17218309439187,-20.46865379249003,626.950864144802,612.1548686282789,248.9492156257685,-377.7375286268394,56.34289544669394,-24.51786970787072,433.6181569488885,-507.4687277000559,261.3272993372111,15.548276918359251,167.2425045368934,-101.8267275300546,-133.6953787304648,-106.6765459261198,-625.2212346154166,-233.64369793404435,-72.7055621166779,742.8672796607095,72.06893578396236,1
56.37465890908579,-342.73911915198966,98.98409884871822,78.42030473414209,-8.556332524815723,431.3742649317164,135.98979528622803,-125.9746686921532,773.3492584758712,13.639303228939037,55.962586070622095,-72.68969201742891,-38.90453577781953,-83.04638510378274,378.6348744296051,387.8084668727396,-368.5349413581915,-292.95544125753133,495.15794205736336,23.43371017358876,480.5415154305154,267.9409659780719,-28.427083074186942,0.0087150607993335,-629.4215126091725,-30.242542940348848,0
-96.3231280170706,-390.58053189670585,34.78257443172667,-47.689209605482354,-36.73612780184392,360.1827293788476,655.8873803578008,329.8189456702045,991.2399876266802,2.349196974246873,130.43478352699913,-277.7406976542949,6.772000580688975,-301.62816471942614,-140.1338554128283,637.5507577120522,235.601638845412,51.19989805394592,-142.11329355322573,-195.14431443404908,59.337033452364814,-284.69490772766045,-40.76448355422552,-86.03252492924945,-217.10636008896572,-61.2832333470818,0
-73.8113530176435,-612.6543890075075,95.70170423880607,-189.36133634763837,-35.95737026548414,-405.7549608292488,497.5319409734272,-193.5038151583313,797.1008584156452,-146.04993458697524,119.87608047029374,-82.80937890578637,-60.93712114261802,-72.59657781853092,433.5838936316568,22.731287871589284,-166.14743309094322,-512.0087570842678,623.2791847837273,-11.218793244876846,135.15250279723676,-459.7514886004133,-115.93754747224408,-57.643921537142376,-484.833721002281,-30.29148454331201,0
131.14224645305353,-341.62806103987435,22.943929977028237,85.14804956869948,70.29946362457105,152.86470524091965,311.4388075064072,65.58504373509962,-394.6144683088857,300.09930580357536,155.97536410687397,281.5306669111549,23.81289618901409,204.0968811067308,-73.3383928773368,123.21745706379156,187.6625030908442,-557.0571490585468,413.1205263234837,-23.90499580673813,353.39110543071433,-446.2678103291561,67.90960018471779,-326.23513203392463,432.1186267514303,7.235164320002053,1
117.56536831195044,-233.2487101124723,-18.24075592992194,238.8689763085628,-72.61059229542526,370.99113061318,-533.6539434962286,522.34552648942,96.7400793760154,235.70442242521847,84.35870242166507,324.6867348398597,-67.42503742911906,574.2975512312862,-204.3233667704557,218.15364035656117,71.7383990539304,543.0316701567089,-206.955029245265,-20.566215792845178,191.00017660055093,-744.1670529858372,-78.802321657992,20.987129048996565,374.5856400305024,40.3514514902376,1
150.94818139013253,194.47129043368145,-50.39604753014701,303.4591130323329,60.99404814245183,-488.3601569905719,-383.4085132379204,-498.18380265815705,-230.33965364686625,205.58699385933417,131.22050304533195,-184.44043455738208,-11.556584148514608,-126.83671051260376,13.71704022741528,277.04013936458574,126.322028861805,508.9925440146826,3.0876274400861723,-117.29063704251236,169.80120915942325,386.2979272263984,114.25725656248936,168.7283344401743,11.51782097527252,-54.551882805006,1
-52.849674871328,-256.32584037910704,42.98109837774034,107.04616868905592,-70.5248007050541,34.68568286824225,-726.132918778733,93.74797765312124,598.9548215329252,42.00804102480868,-175.43101682648089,483.4969582752559,-24.301974564322155,-89.30484529683305,-278.12122832703386,-92.70115270935555,317.93424761032395,457.7981876900146,-21.15098815796749,-38.04110720130679,238.95915843655035,-683.5219065565968,-97.21125396620585,-16.037349017614154,610.6540467462121,56.30731924888805,1
-82.26835604386193,-607.1891051538136,-53.7267125480377,411.6626858240908,74.82767125311977,492.47453586902753,100.30097935714772,310.031811579095,1149.0129875291273,-38.18675005599813,-7.967248415501689,-57.52193838616832,-79.42604232902661,407.2686101069624,592.9316831530055,171.98912217873627,212.33287600339125,195.8669461137275,412.3374208423432,26.073078804221893,325.8952684124469,694.9298888984488,123.39476375401672,-173.9195175226625,472.0352565329478,-3.0707411206868604,0
48.26156263167732,-9.29543757934458,7.329870904124665,-230.62393196299632,4.803394101748184,-87.85761725870637,151.47035056763826,139.366360944733,-434.8929666853946,104.03168987550758,239.69962620689813,334.75331235874665,24.13958780056792,180.13332753854286,-137.66154601698045,-496.3436577625024,-254.88080892331192,-420.049467120838,-44.15048813337472,-52.59107392148149,73.83916231869861,-69.29608036303766,158.35428689478383,-151.8173203720703,337.2792185919136,56.54982716143566,1
19.80321740737486,-584.1330202506654,73.01718991942244,-271.74739376508103,-12.17521763109414,-67.8784899146972,361.64832411847607,228.2869191734536,294.82374635682936,-34.70473156573838,38.81202838677913,522.8497811559749,89.79188607229496,-197.3341658708165,-202.56837090602733,-256.850298235464,159.97254542452148,-606.3908474792639,183.1472827013788,-64.73968233700379,156.73511036165002,-431.2321540985763,60.306737199496894,-25.463453386818863,-157.8834030430963,15.75670275495384,1
2.73245525695884,-924.2691626790456,-143.46488452635066,253.11605358035771,11.731332727060725,283.2398296021995,243.566812608786,547.301140889608,-193.6440684691257,-211.3216627805768,-210.6232367004485,-736.0840228716338,-90.06833873606118,295.11606615005053,-176.97573282509077,928.1934131026416,-15.234796420699537,52.964172364744826,-167.96916365865903,71.14794167037749,-11.360093520697356,166.62805794841228,77.03075874350402,-106.89622626838012,569.4435341632109,13.863419838556704,0
107.96467944562636,814.0410030948268,74.61641200760856,77.79326224906312,28.500625148154537,-286.0215020002051,487.4966963218132,-427.7731062307654,-5.6150109962208745,39.73594311055717,244.67374579974307,-100.2834424407851,24.29585284939866,124.21415914453024,507.81982775966026,-60.634490882351066,125.94109814988217,-301.29184307782464,362.0545274109968,-128.6810930818821,-337.62893236821014,355.12811306909816,205.55613230242184,119.67629902407258,-441.65394246628097,-87.81028342584425,1
43.76813506855626,-763.9698873509362,40.24335582944065,450.39207847716665,-21.66648118714737,464.3515812928075,-591.7472688286156,439.8002632289741,1072.8579554433447,317.6333169315972,-156.14063738305924,310.2526520286179,-79.11460563934904,332.9476464202177,-189.72707975502985,98.7686663219326,173.64635242300113,602.9262840739802,57.35293956026959,-121.53903135674992,75.79006715220989,-387.0542338837092,-175.41254937509817,-163.12300222897383,282.64660351127014,3.409383002864966,1
171.08384996349238,-457.94994159404047,97.43808215912604,-224.33839497828168,48.33958281291767,-804.9846443302879,73.50398104241205,212.77048928711656,-321.2938794796763,356.04063403614657,70.19379270271548,279.81721666567194,47.88518842488832,266.40966952566293,-188.3835272494228,61.68387603398533,214.18065630649383,-117.31609892605698,505.6918601976844,-142.89459656499093,465.91373982055467,-146.95711253856427,71.1734236153674,-169.95412601574884,702.0228238280545,37.25709720626321,1
-10.268669543567237,-393.5669485405728,-10.22455948281892,6.418758972704786,-64.41841531371824,20.36127274872589,-229.4780050998953,450.21638269950506,662.769109534265,223.6230509335632,-253.6677231131196,268.3781374731597,-57.17685075914297,253.43487348487477,-362.7417668402077,255.1918477260579,182.4844905775164,277.78013588821915,-389.6641294363563,-94.41835159859608,225.9010651167589,-678.7350033713334,-221.79342645274164,-34.006963017031126,475.2715737065238,51.74892808879834,1
-79.06107859316383,-422.4936748913816,66.88944051803439,-190.61282512353023,-3.089347747082143,209.1509715728,379.498079116791,292.1314854575026,250.55118486398283,4.025543446309699,-93.47002077436464,-546.2195507196113,-36.91765491341156,-102.61517103748405,191.16160883471125,524.6431833025619,-116.40418245029684,-49.57360470260602,427.7964553808108,-37.4644557197437,238.4348519314493,-129.5182089524708,-94.04751532119973,-22.369700896209377,-188.25133906225423,-28.50961705762711,0
71.61339679004989,51.44795249998462,80.49085052333893,256.46136920977165,-61.28769971084823,156.3088471508475,-468.68828274646,234.94239557866305,449.9825091757296,237.68046791038591,-324.8269813022395,331.46624921171104,-34.288091477425574,-140.6901987336746,-314.0309159758954,507.4138679115412,-58.63933678936733,559.8127689450253,-181.6562706907554,-165.6422741909753,313.6995702559044,-477.7883829633018,-34.817016041491904,-56.40948814105262,274.97847682197585,50.20861073050962,1
62.05445414173481,-585.0175003111934,85.40615101405933,-45.60000927054886,-38.9004800982366,417.7103357905894,288.5258602467929,9.81743200726056,642.7535613868349,21.530347989443477,189.68053720862076,-20.760805311246383,-49.57154108543239,-26.648661036796227,263.5606374126048,502.6131305746151,-243.3599809650597,-223.83468459497132,415.2292551377592,-119.20773089193048,-89.14247544856796,-268.9445719423125,-79.31479644423344,-7.95984496912034,-681.4335880267217,-23.768399757811487,0
38.46128150808367,250.4342568432741,-76.4363952687035,76.12599203351505,38.51310596972274,756.2932775953482,404.602814573742,16.129686999136073,-401.8407562218684,-383.0258353910159,-37.700058726864285,93.4483551802576,-61.31519108422176,451.4072421858007,332.1431190227091,456.7090129321924,207.90117636898168,495.6070402491167,340.8757889711658,169.09457339624805,-166.93841207293866,105.44462797468309,94.720881683624,-55.05161540762023,485.1835615936593,43.46696632146248,0
14.344530808589685,-687.2578330826253,-90.47789808793318,303.43736795203773,70.94135578759268,611.8152604514878,-0.4548998813908582,390.6526457248401,683.0198674503935,-210.66926961968463,-33.03481843589168,-400.2637380689045,-89.19200534765213,270.2761689303098,175.00838144628673,363.06725220590897,109.19821418704416,-270.2806258126801,80.24235101237124,-55.98154466052715,311.403503786874,322.6913300906292,135.5319871061753,-12.621496564866938,691.9924901002036,14.002981658715292,0
-71.33009885976773,-99.49321570423848,-38.501641944907526,-310.3545986775191,-38.276831940457726,435.0563566770922,454.7606251574237,317.01309934686253,-151.01730469601355,43.89796332445091,382.9832598279003,2.1433911948093165,-133.688299516783,-388.5994158044916,257.5553143916239,233.30643104741995,-277.6533002510367,-235.9621761101216,381.7871988686099,-44.9012111329659,18.107019292114263,-556.741732565129,-205.34688565257665,-80.6890100698961,-85.75195618042153,-6.016117457695989,0
139.55131674708974,425.971370669449,85.4786487484806,34.471918359621846,15.232089666877666,-265.6521834491849,548.098497566937,-349.23541194502553,1104.7716547312214,12.055216455946512,135.9867855870112,-416.0543346035383,61.632325945031006,-170.96088206614405,565.4280115713977,478.7468514924224,-60.85966495751074,-831.7068983251527,-279.5200614950569,-132.02514137562417,527.8974969584109,-39.6352695134893,94.44348169208732,31.14605707403797,-850.7726523436988,-37.749210717687006,1
8.34962854112023,-379.2986136075016,73.94956799918086,-181.70681984215017,-13.06330977588702,-256.50044065355326,433.8333940728016,310.49162013998244,137.5414015804486,-6.148084411783464,281.9153784453387,541.8914755707892,95.20262985336848,3.846659220806156,-166.1058705887692,-130.8704653209814,-129.50348173117106,-904.6778273664108,295.3754420008155,-52.2215334204911,486.72260243910137,-295.0432617656793,15.72169462132489,-41.52301310317518,74.14499297565722,16.429981183784484,1
97.08029717141903,-80.86459124466991,17.529040702907885,365.6548972869082,6.654845849927242,222.93972294425816,-219.20300345390208,121.78865895733526,1122.0912578354223,87.4730688776992,-118.0334582956104,317.4605038736552,-24.79390765682266,359.3287212323403,-303.2313963312694,-107.32969723789074,283.873497580624,267.773969217719,-74.79643487232971,-141.46042747038078,158.0075099451382,-208.019105290252,-131.03522501814462,-148.37041161870528,468.1912161259011,43.76874373563476,1
-5.044286086380637,614.6553853892696,14.498557886470085,-39.71415382496141,3.331035766647448,-606.66215450234,-100.0141212333536,-377.64212443363823,-834.9018343117565,383.7657658692362,261.67809192651566,-429.4031303654173,76.22323896731575,-549.3698675606522,436.445202494202,170.4105136834063,132.6179263046568,-1292.906622442609,-527.1680962437143,20.281069325898848,-472.960892020528,-10.218714155140422,121.7860413404277,17.810714786819492,-388.0535580430356,9.30487168610105,1
81.71381747869013,170.2336326114046,38.08970638427664,164.4224787234048,51.567146432859886,-624.9993713193925,-97.0413261588028,-276.6175005122067,-191.20882140208468,353.4308635224518,-36.964000425442926,-104.15355035012782,66.70009896847857,-454.8514603552259,339.95100250202347,409.428111194547,-155.21182118032743,-394.5562250279512,-175.01936027124415,-109.45210140565646,-279.89305924480675,752.3281762858246,31.766339820078198,206.9399374097485,-497.1025143145831,-40.40586658924138,1
173.50892729891967,-490.2992707992626,-66.75639761673912,-211.3045732005458,96.39011078692582,357.6395810510773,462.1507104639092,-132.9264801046228,-346.015187426778,260.08883746602856,69.91253230331438,-21.25856162013665,28.80459443703885,275.5328841871077,-391.6762788156021,-415.9241245442584,208.72305081675307,-273.9031467384939,128.0396484225783,-36.11642642969878,255.6195931470409,-279.65844803382896,35.694656581806385,-308.80646395163217,464.2588831024146,-5.521263621029052,1
-43.834396592176944,-682.7315548893914,-43.933736457546345,51.20275163581483,2.74773938102185,185.5766646964768,58.385142404935806,369.6349631575563,237.78499097110924,-99.35767016227582,23.11485673366235,-331.01626857155287,-63.1848715528618,-113.02477128489956,319.85721567471364,411.1639757208466,131.22129075785847,95.3159000658802,177.59843797441988,54.989622851562245,-2.90078583783456,119.08202972601954,100.20081833649552,-118.34155731847078,300.15868843544064,44.51493142626532,0
170.12325845337045,-104.428469023578,178.65012655887352,-366.45851717065926,77.04461836911918,-380.7196236231033,632.2577308885491,188.53701239649587,-367.77715918207207,273.1374072052143,184.04392207546144,-118.174158775517,61.99509885515536,450.5355370430591,-168.00193844054618,-120.98832564010657,141.7858394665298,-121.1519136252876,279.1342398778521,-57.41785528868164,504.6071527869967,-554.9944996877539,20.67599234762143,-143.72344799033502,453.41783939468047,23.190210895444345,1
149.77174507362508,-322.11591083760646,37.2213966865836,-192.64650916464052,-2.919672814286174,-2.690718597546251,358.1798885283441,572.0320430492967,120.06420194377456,76.24638135596774,95.9029915703075,145.4448398308613,108.49627499661264,83.83947353958382,-109.5085395626234,34.54988326138818,357.11189559203314,-581.9693197067434,220.58280095070447,-178.04305324333757,209.12756987007836,-912.9368549664108,68.80388329558983,-145.18337097722454,-13.136720645046582,63.20732338069392,1
148.62373001741415,-771.4049277945539,137.6841054162769,-319.4707680852188,90.3123608457139,-311.0928248117331,110.68603390784142,-1.5725619672211255,500.3657055586284,104.05723577813464,-80.98862248045054,365.62737891709713,73.37424643597879,37.23155624698321,-74.2073422094771,-711.3407238095417,110.049335374378,-366.2693585556333,359.1483350316791,-48.17311143155392,336.04218336127826,348.53248994895023,50.62162208189229,-151.84134126816576,591.9362457396146,-15.468516556530162,1
67.90857306357198,-227.6859154965404,-76.53869530596454,146.39042685959208,32.29831724181543,412.12030114811546,269.94048988373146,54.4744357715768,383.48885629455697,-137.14702421819217,-232.89294358683145,-246.23839361343803,-22.820136243772023,435.7877497299428,184.83923475293733,277.92856756714104,-9.046440143350672,79.89345742031956,130.3214768846243,10.63188186850618,369.3066820166732,133.51162941552977,130.64849979262135,-13.940208276631276,300.55493310876426,31.194418121611736,0
61.10911888673239,23.00030184456922,6.287639995936125,96.74819419478436,54.22836513633506,-793.6085348908771,-892.2346909970099,-614.9511961515165,-650.4449027742279,301.5645634920588,-227.54801454205173,0.7983556963143013,37.49326288632362,-393.6093418116935,120.15222066887586,474.16026071932527,436.3932839273414,-287.01492850059293,-273.0364386013711,-36.73258967325107,-347.3309638554863,359.9580461309439,64.73631950873015,99.33137277764769,-10.504665417517508,-42.72051639259289,1
156.77101495608488,-382.6868220243867,16.003662650850803,-73.74465888469115,19.849334590163213,-192.197141727665,-21.100114695005395,156.85505703624733,219.23177498666345,203.92953112901452,82.9665831245509,494.0114967827252,37.12251520562383,280.85138303123745,-249.1618061523456,-445.78179517935496,92.61513130735509,-342.5588438893382,93.22702568826006,-99.94215394254832,207.6035439493691,240.53488045197125,99.04033740398212,-107.45649711453186,697.7430593194192,17.91774408792069,1
94.32827450204384,-426.384587876895,44.7515669286822,-415.054546049379,53.73696582331806,168.08193642187422,311.6154688309158,-138.8815489993153,-25.48246140950832,268.10496776333895,-2.1427265775073194,70.44785236088835,45.68371392299548,39.829168402560384,-29.75244072507555,-273.8993265373593,-144.71017561614372,-457.7457199136586,-149.87994371990757,-77.60857686456686,298.6983551408807,-363.8869683938721,20.14194652223469,-209.10046014283785,335.50244979106094,-3.882974720428402,1
210.98649717149144,138.3689716462077,-55.34599270211665,199.7245746130864,22.1649318426416,229.18889061009872,26.104168835350382,248.9893964820658,343.85803192329934,-125.2330277101301,-233.0276292969308,-226.0224041237808,-59.875126737445655,105.09360488698783,211.09083500234135,360.05763755296584,117.15637841066072,568.2462676262145,488.7578125771361,-4.303526111769997,562.4765167905681,230.53480919239675,50.60542093313205,53.3471406192267,519.2590407820227,39.29290943917546,0
94.42690930696162,-74.51910505528636,-24.158184684166688,-156.8491108743661,24.530555784260702,230.4988213782437,230.10248652298225,106.50604477179137,-319.5238749412554,-317.8534043745213,-188.0937946604127,42.48198018598777,-63.69126994616362,276.0859763680931,304.79026763060887,239.39856677864583,468.3460367985427,366.1324263257689,539.7518154708298,193.064702170607,-52.554279599742486,306.0022139155869,194.8495852718623,-213.81276400981525,398.7552587595056,9.131088630140836,0
152.20451414836762,119.3962529234938,-146.00909637025438,166.75590615685718,8.343536342250095,-340.8517360354937,-405.21721935006,-357.66397302556504,339.29502850651625,40.72535281021953,73.19528701626996,112.32899528558173,-11.943962085252156,169.64685238845905,214.30574772653253,56.0255567682352,841.4053864659264,757.8706501261621,-262.61748080110766,-52.314057204679074,-230.2049189883761,252.65459445355052,170.43471170961,-18.71676230059062,146.93040965864108,-100.44619960629056,1
104.61482288566349,184.2065982021153,-65.21744146358483,19.00890348946902,-1.8800385357438243,-47.63752392456135,89.36241876791435,212.02150714703023,926.7905730436306,-76.02574482777199,49.54284756100544,343.5336453594507,-80.7025747217618,256.70628847815215,-16.76096755051275,77.35503962879389,279.60593539218473,706.1023829387556,-487.3865186563056,-77.16003030236124,319.4168254712385,-286.6264623214461,-143.0437720672892,-13.370909540497369,730.7260720953913,22.0473507873108,1
23.278742448010483,-532.4190574625328,-83.8286302912336,345.65887414916733,-45.29240319132092,358.17006093684336,-493.59464067674617,636.9904790720608,980.5995760963636,241.36388689639617,-5.6951003412659045,173.47450689717246,-119.03190993974889,-12.453467626651747,-275.05426464668966,235.2045626426372,168.89346278961375,381.9085835793833,-250.64706677876063,-117.81562263696614,451.6978665541636,-548.8654851310572,-200.75689433681612,-67.71514622769331,367.8024562921821,33.8271299662636,1
53.94698107541807,-646.4682822782696,-86.30397699474061,218.2925651398663,81.27886648797113,-144.2982621002949,1056.1395705647883,196.25458762002216,1010.094036852726,-229.89789796703812,-107.88027451461303,-128.54869333569437,-83.26992879724334,514.2627439140281,286.8840208179943,43.751978312273,-55.05213168396756,179.4704080103679,225.29598981050165,-4.005236306778972,135.4163324800062,519.4993085732715,85.99441582158866,-181.33929969829265,244.9693823455561,30.55553578191788,0
-191.4078498828103,-396.4224259296282,48.87809238138188,-217.4647308562512,-58.454891580784775,566.3080435720256,640.890904355022,422.5443778915889,1503.0125512180318,-174.07760589702198,273.64231720553266,-336.6944996221036,-40.76422237245075,-430.3237743146099,271.7703694055669,361.7185509477509,-67.81603079272217,-434.165701606753,286.53576108521423,-180.80079117583307,134.92529474737486,-199.91881361128543,-163.00949820735556,-191.69977097444212,-395.8772066489127,-17.429666178152836,0
-20.42442133078935,-482.3770509605587,81.93126054467525,-332.1498007908684,-23.504400054284567,101.67448736204764,-128.9124852732193,138.0765475380124,1191.5316126795246,-223.45348884801783,48.76984730940664,-256.5203701136789,15.735656047508954,-351.1867151908973,89.59701320449791,157.58000964168895,-7.432696733405269,-716.2966082569435,-58.06857445772307,-70.56275802145369,512.9599722593297,180.3124336849613,-39.0359794955719,-222.57743325823628,-330.3301133362341,-62.01670183109451,0
76.3454276300721,-129.6922910772366,-79.12664579333999,25.069211499959643,4.500900765714868,-69.57175389057998,93.15213606105073,232.8652566825605,248.70058932257805,-178.7939755481721,7.135289028087611,244.32921106098976,-84.14657422838542,75.33553730726813,533.1754793682209,170.1030121291593,583.1786800754161,390.98316219451954,508.4756921831055,127.72627530128725,-134.90926614627637,413.7280245130505,145.0210797277192,-368.2275298492854,386.9488663778761,14.079549198057205,0
138.549638596386,-563.732832068307,100.86748801003236,-131.60949840066613,40.43943852245219,-451.8182941107336,172.9803449212211,449.2508243466162,304.9622640881528,318.112007880501,93.19284363993948,159.6695052893921,58.6373140656607,223.01556106112548,-203.03564690788025,-427.3173290074494,279.969218408177,-335.7433551007543,255.97822278189423,-137.76591898639364,300.50986850196483,-249.7682381728184,15.866737254567942,-59.12975686235013,396.2071890149023,11.32074540519532,1
-104.6111786735443,-556.2802155628032,45.74004945804133,-98.61690494741929,-7.449441580585909,292.64233056300293,-86.54956600856497,-254.9842683474364,918.647502959167,226.40935310538623,185.94423450073444,-141.05215980234124,61.67809248622527,-223.0012198997687,-45.99856276141909,20.515503225067413,95.04480298021124,261.20972830625897,-220.39499258107668,-84.68523083281414,476.9200876407454,-320.8394423204555,-40.282687013751605,-82.85020976247311,-43.53153382890408,-35.58431089867181,0
182.92260257243947,-185.6813436967494,116.98860156939892,173.6944084826862,-17.716421462846533,180.42712694024863,126.60796383522482,103.55702031162863,811.8247430998974,263.6934202667149,-142.2811339607113,252.7926180921294,-6.522714806201839,340.6819891099988,-299.83690298673355,458.877177748228,299.30491022300447,121.12416243789554,-353.8464608527336,-81.00523345953162,176.3363768035714,-236.2908080460044,-32.389062990756585,-122.3676968103491,387.0025313974664,18.003103881585773,1
132.18152915015514,-1.5506724721969056,-89.52822228997698,98.70055897699078,37.91592069778876,-45.25573061525097,-547.6240993933742,-177.12509792322615,-181.58226998504497,-0.3877844737804099,179.67787945260417,-185.38531163356035,42.200036876205566,-36.5142847313509,24.21287283265169,321.3133814992683,155.5582040727437,-529.8970634650445,-374.2522664874882,-109.4580113198828,-13.0708535338849,91.016821634216,88.663792745261,32.28599085343279,-200.4396954194622,-23.41115080511202,1
-70.75897915927658,-266.3123724090503,-10.012022317112708,-93.29318015681342,-18.87283891732871,5.855114011289075,-348.03364256026407,-228.88517763423923,961.2419261214,173.89437571753203,-80.1407915522606,-420.7984928024404,18.01786338111458,-451.0621718430989,80.4680795741464,278.7294027252154,292.59194657593343,772.5491070619112,-682.0559426601059,-100.37205502034284,-63.24575029347079,188.85928118174772,-92.9794781864516,17.87603577337313,415.3072281106086,-36.96834333679246,0
80.74076197069475,-244.72128332284265,-90.15078970238828,100.9907071580062,14.106911527770748,242.6806673724452,280.27347914788385,239.2015750959292,844.5989069983628,-107.17413567425892,-342.7351274506823,-412.0530770187484,-14.004041708518669,49.32637477998742,356.3860226346139,132.54142329646567,296.7016601347915,201.92250466989373,297.6475255412024,72.41390393860655,245.6251625022078,362.1757183818929,1.883947233709049,-22.025534431036004,-71.63301915622068,39.491942009148005,0
6.883926343677885,-843.184511443574,37.26363308379506,-475.1042610038648,-45.2765043020602,-223.50971084585137,15.667579268980433,220.49032173287992,314.17660680607435,-85.36462194034193,96.94375898006756,-562.4929350328497,-37.87034863216696,-219.7792403298391,-50.67216424637637,527.2376646385155,30.641798298278765,-914.1433145002808,23.55605187844172,8.740323608193412,404.1292616546815,-241.48083464607527,-161.49314418935313,9.654212441710513,-103.93820437431206,-50.519984216853615,0
36.726681441952906,191.1932824993601,-26.829463365607182,352.4904257726735,7.008848056575934,-502.44938847595154,-120.673103123829,-341.1008033165847,-224.18818430866625,400.15408553184,255.06763536401115,-401.1304637568268,30.32569074802496,-537.0703796474988,93.33329172198096,76.24728547604394,-107.7129371707168,-342.43897976981526,88.83635297948406,-61.46274834422307,-181.6861283998512,435.6349383975858,3.1537619586992083,156.4469550823574,-464.2327785383889,7.4472876318089405,1
94.38230355432586,620.9484928521813,-79.19101031047938,141.67552459910007,25.4438039199661,-182.330649237797,-116.7825176778853,-364.6726976725858,-347.62476710093864,141.2266078175038,89.16000496852499,-100.6465627574051,56.38640515054915,-326.89325636035613,262.66058647874866,440.5688408267155,214.0672075843965,-102.95166871708348,-463.6262042398893,-61.96473554214813,-200.69049107744053,-10.31042294666725,78.62352098182026,32.94007435069953,-146.39216064196174,11.717968361799027,1
104.0647352037224,155.23414830515438,56.48508209776995,173.53936715852618,23.73655892681544,-862.4565112401981,-335.5610555960209,3.354299252399768,-326.043001863654,389.4870823469092,182.42256058721955,-132.39911877154174,106.46660426553906,-623.9032526231348,598.831196924157,596.3151099884386,-205.05352481988652,-889.0111197284858,-313.3542556541452,-73.8890792521042,-346.4543152367848,870.6277083110934,100.76664080708628,273.18143487424805,-868.6456265731373,15.915636847761732,1
96.57269062306838,-517.3841477277851,157.3274318586289,-218.5206204368907,31.23632279639033,-148.63109787645195,574.6803975156431,197.4627299011273,-309.3524645151537,212.66427488785885,48.59161761458238,-194.97077573620197,155.13073060441067,-106.40176679570672,-215.61883276026455,-142.41272254060723,346.5693475120647,-375.6597037560082,373.1146834668569,-60.5099743011882,213.21238087096972,-947.5093069327472,100.29272012243386,-193.050592372264,698.302446384592,34.352426475316115,1
203.075403485839,-285.73262383437134,-91.42572276855284,113.7605700639153,58.99758878140168,450.44191774050455,164.37080473930473,522.1614849716233,173.51106819327867,-154.4330797023651,35.437227829574766,-400.43053995147176,-35.72259547230372,-83.58780421651007,-105.5308042316904,240.7269902818201,-102.7053696091602,147.33578176989897,160.34368678544115,-76.10375815778961,530.4214981611733,80.4382306826987,26.50738351263101,80.78255306576416,348.6276796174323,63.65243614355512,0
259.05891968501726,-58.439475759184745,132.5532896669636,-293.01921578677553,59.43672963868412,-439.70689141514856,174.38717407596064,618.2504310944064,779.4548938693468,85.88019785987183,208.2682630567176,130.94671153905924,46.4504485127935,316.3271341792136,133.11170211925153,-529.2049386874753,254.7898159537948,-350.3031580658683,73.28218393946108,-85.28393681367737,674.7403254693214,121.98324068044218,59.86789012166705,-30.194907521795425,-22.9363231112971,8.24439297462134,1
-52.793219132847376,-427.0843726788912,102.85813444147274,18.445058272576475,0.355017422474968,560.6873944895443,337.2878247864499,-246.30003953365275,764.2086472900974,-246.51407654630276,102.10569395312724,-113.55647761836865,64.2027423008365,73.53976337889482,77.68982809453888,508.6278944089249,-326.34571850781606,-287.0906272608555,360.0686110625816,-80.74391313565094,133.33857470995903,102.56136561008,20.142287769944968,-143.92497020724923,-1047.1384363051518,-15.802562268523404,0
-42.85464496655822,248.057226769422,-43.81558393527552,139.049319379169,25.786353240695664,-141.6882903973221,-247.4262515210559,-81.41438856586652,-74.81339705939048,68.32787394767507,39.51810476631597,-174.1130950293366,46.97554831189681,8.047608100972527,65.85241205710238,297.2981838704837,131.0247017970646,-553.3577320673929,-24.83702195757504,-180.29149996972123,-369.13929725425993,672.8057307134188,111.56091571591308,44.85024115150522,-159.6977977250612,-14.272221187782186,1
97.81930346169048,-329.4043164879241,31.49782894140175,429.45910116012425,-30.445632278534568,439.30575249631465,195.525188352431,-133.2244787813088,1524.7098963913038,253.149781811988,-567.3326463884431,398.75198154431615,-69.82383793618702,222.902443834718,-444.00789148336025,338.5269917111013,552.1458701394993,-50.78562477861125,-90.0275713321544,-167.40972632074124,192.62333115454723,26.692957851419678,107.56288452516212,-153.10138278779837,440.5552874556424,34.04080916396715,1
-60.687216275560445,76.64401301825939,129.00892144366904,-30.643540388831635,38.01073572081068,-267.4090884172144,-79.72134130470752,54.27773094991319,527.1772091023814,-279.3310949254337,64.51141045800432,-513.47901750153,-36.82171037072632,-11.529418671510546,244.1990027299228,-62.589707387483045,-347.4260511259121,-580.8947942587063,749.4941378318867,-141.72058602965154,493.09478428456623,-88.43578430128193,-103.175955562637,-7.928420305315366,-479.24801890604266,-38.75619717418476,0
37.47603520181876,-202.0650598662565,161.12556111104556,-307.2012863502683,-4.045328288302716,-193.55097531734089,594.9050438841602,404.38470084044366,482.2575062853453,70.65960354838785,392.05294274520105,168.5985761738172,60.42443064856371,33.91720750511351,-59.19861792065399,-423.7608666743401,3.369075506072751,-497.0397820217879,-83.18141304700661,-74.02477703358952,287.2378458658277,-590.5850614055654,9.79721413259137,-51.54495847046351,137.7805160630748,40.22855125890845,1
-111.52169483149426,-181.6259394690653,-9.749740918071623,-177.46025483317595,-39.07957456839131,682.7036513462647,87.15210753066845,409.7304434210946,426.9736280718717,-143.86425936301748,177.0874265540441,-326.9103450932442,-16.72813087708106,-350.00347135172206,190.2426764904062,171.5879342490613,-169.17353353950676,250.8292334391149,75.99506727866147,-108.01307486358172,-56.271205188941714,-503.7711648210606,-126.34172539869093,-218.71181664618493,-181.1536511891425,-27.573517118981755,0
107.83832719370156,-229.75503100404637,1.8870245528843728,54.1897275522019,-18.40552040856276,142.4057155063785,-149.89214794160148,284.7728808734991,1850.8180699977945,155.48678684599108,-335.911493145908,-3.0946937546919155,-100.59295068270988,-232.20951368555737,-225.54906288867429,241.64764818803243,186.29319882432927,624.0354527498168,-497.3153330405861,-204.98204208769343,710.9978402885306,197.7739139910068,-68.84532770389443,-64.20568083042416,-152.14762054658314,4.371590223029813,1
-62.33722735629414,-362.2978280349338,70.2804899842093,-287.201496083905,-36.40217604633109,225.67911324628523,301.98970516759425,247.8773274770425,1197.7846543221638,-57.21867181785816,111.7043960353275,-470.0460945193178,-25.070617753020294,-180.4367451780488,283.2905711590729,387.5410898413894,192.4142611014524,-407.4577208283605,68.15991706321186,-116.39928343948642,238.69885825556105,-222.60318326782416,-126.59238421826242,-127.319112546202,-156.6213527094088,-53.31206242549527,0
31.118753354527367,-621.776410220309,37.50903400247845,144.9395090843899,-33.20886325149769,141.51176430668258,-357.78556074653847,110.18674358043296,1633.378415430469,52.55782661557404,-364.11160057585306,287.4327081969983,-113.3038906195312,0.8550987661924232,-328.8501104734549,67.51952400485368,385.1377414103836,247.3678450594477,-111.09734579335284,-176.62301563121645,219.2978375787409,22.52981476144821,-65.2568366405404,-41.940938393100296,543.6381506754542,36.29286725116125,1
133.36402541378453,-77.60623449293034,-3.265787437525552,-8.315213899276142,-52.19874559639018,227.24838112884007,-425.7476206748082,15.188863358883577,115.78888290671816,235.0250091311271,-66.01736521961685,215.0332011286518,-62.54735992979858,55.53329486303488,-214.16354773918613,246.12028356290352,136.95149821993607,332.3508163881578,-129.89633868171163,-64.91431380438844,76.37943609281247,-317.683574221388,-55.399299238876985,-32.92932332981332,432.530793931903,52.52897676752728,1
96.27573445408676,-140.94639507210593,-12.287587746492015,-27.277788729917173,-22.24560363746878,163.3908438218335,14.165863965354752,8.911092599055142,49.818456177181375,398.8582683088072,-196.16695969271544,-3.5833132050933445,-62.43646538058888,450.4254324543447,-195.9407023384792,145.39120088785455,45.10965087053214,572.7644409345997,-84.37838852088846,-30.430033536944137,9.255293151435838,-194.07532220940251,-86.94488202496379,-98.9640335259466,186.50070841458697,56.756235745836975,1
57.99067209722957,-43.6332829677753,-12.0003882064837,-28.264538924251823,21.963056351225497,-67.57579297550394,428.1380521041519,-102.4283038007784,-744.3869609689821,182.39340527712025,349.5127454340121,92.832660455069,33.77685441353869,173.32119965165302,-271.80031074668045,-37.02756373137926,-47.01122155088499,-319.7425418713675,104.83391375851087,-23.21623829427481,141.10644420438808,-244.30780594325583,167.7861165287964,-236.5731572642981,619.2818948710222,26.944096645305716,1
85.47465495905479,336.422081152911,23.50547757119559,324.76047405687007,4.5710721501382245,665.0923253884253,-208.59358098198115,387.9916621821525,503.80710055648944,67.09993843970703,-169.13116652236326,316.51914770327465,-108.77423040119596,-279.3623137938104,-346.3586325553782,273.6401430772512,245.73884549290565,-107.51988654961237,-165.66079822658338,-105.79525785250834,304.31565465475313,-279.5970176519687,-30.104063009203628,-100.51360047056664,163.59589874515166,15.888848660432885,1
73.78004836627086,-314.1198540104794,-23.93233101285016,18.88993156159864,-43.91277345463051,518.5835087338762,-131.0316902361714,528.1041515746291,692.7084056393768,145.8363872223382,113.13805888927894,486.3138851829737,-19.8756436587846,683.6237513546145,-197.6973023091312,62.22034238355008,15.264893327902596,434.7091228943659,-391.4010214431586,-108.45071386259708,9.73849559386961,-448.8267958662934,-190.53338169010829,65.83159008210534,312.3442230304742,74.63954637837078,1
3.3209121130090296,380.6610157975107,-130.8403500901129,77.02022731313278,46.22973321708088,-149.91886735986958,-85.89808041858447,17.130374608325422,307.92619644076115,-75.35260941858014,203.25918846018865,-316.9764398429564,39.84434989659519,126.22198798594644,234.2130476282319,188.4750879966557,680.5147082283421,533.3764485062886,-5.082159726315302,-134.98437453966147,109.46500234571768,489.56158379447817,199.60263461935335,98.79615883406852,-223.70151681380375,-73.16665605316675,1
-128.81288691386592,-510.6152495584042,140.6165633849122,-283.11519247104826,-15.736455205009335,383.1648311459637,44.71620814240059,10.544909851100003,1509.2654355651164,-409.86401590693214,184.42695474794573,-50.96639434828269,-38.08363446374597,-300.6883836094338,388.5229147548845,32.97596709863366,84.90555004988613,51.518742616986245,159.9496374255634,-128.36302082621336,167.15178671120364,4.775113839051463,148.83466881902842,-299.39333877589786,-526.8513117629819,-68.12582274822682,0
40.95852577109185,-223.4084621854504,52.09468797660284,-265.39135633786435,-24.00980633173137,244.7872220317062,-180.1999365827449,320.3840017756207,580.3246533501572,112.49808679634651,-89.28665768871025,221.71970614966116,-0.0891841040421153,555.5888698852781,-75.37467408382419,37.95096161350172,318.12383028903497,518.1723445111793,-428.0873351691356,42.802263152446194,233.62491337331988,-257.64307670478803,-96.51671375972737,-84.60337845006204,-65.29193520356016,-8.983461401083712,1
104.30710702005986,-565.5074501265789,-113.06978071258672,180.43099451264405,9.53230294965856,372.6118902483898,184.5874221863347,337.06135926525104,813.6269427081533,408.698268788766,-425.8052634548645,-151.83141877210048,-153.29092629902922,-91.40916493410936,-397.33630967292106,382.0589585560583,218.75975245619227,413.6555718135423,-96.72298717797828,-214.30148143566893,44.729701211422544,-135.11919886938318,-187.15053982351503,-201.5958410206478,314.09452794959986,33.45967615788678,1
197.5541314691019,-250.6673846270997,-142.6549771896661,113.92430569107997,41.31900212649004,-131.75644461978493,817.8436450011975,56.23068242423262,538.0826451068009,-205.90871499742371,-103.63372345043962,-40.063847333148864,-113.33047026136008,268.586239300396,319.13778825193435,181.90983348390384,237.1062314512907,234.15929206380844,322.1053388674997,36.46914197817775,17.857299002503705,174.08001279635036,62.88533813739995,-288.76153173550813,264.496491194829,47.0410366855052,0
80.63821496957804,-484.8086371372894,64.68126859400392,-218.8722683148692,20.15704134649836,-197.4993935422782,324.5041968712335,193.89410225887923,-380.563526068793,249.66979773903503,-119.53415268728222,347.694265307911,100.43072021779749,154.10562529425297,-132.7396405146948,-416.6957011832066,-85.39427054289696,-307.37600090143906,266.2167415104014,-3.38816235552458,390.42908665215054,-494.9547303012317,98.25829877852716,-18.22103106281624,196.7197303565841,16.323098790071448,1
171.9339643630777,308.2714432285589,45.893931189911534,89.47190517176857,101.75727098767024,-531.3662601056218,-301.2172752573161,-398.7079666003124,-871.4589158168296,314.43812934723974,306.1213073265779,-412.04235928818287,56.54505858457279,160.6719097677964,141.95777665182786,445.2687925423117,-264.2498992887143,-304.8195220844192,-440.4332996665213,-185.52936233918288,-609.6227302335844,826.0071900776009,93.06289954668225,237.6707268406568,-276.8565565632248,-18.08706882775608,1
6.938967595085964,283.083353502944,-71.18637001899386,277.60024936538025,21.214342683310328,-434.76398074211954,7.350479935367229,-214.7631235862751,210.3194878007394,89.98884192429101,64.48950100057758,-137.02773011596392,-25.37541639894142,210.99591573911775,174.02490275978147,367.8827550121065,230.9978479838901,-37.109558017498046,-53.26158076012685,-155.13493143747365,-174.09207467342716,637.628289831395,216.8293795224701,60.41094178224786,-368.6857205684007,-22.49272556326656,1
108.9242745886546,298.2104408958356,-9.247903462915126,-51.0758769896204,34.450822103574026,-385.15637577549137,-564.7840240448166,-429.59461823908,-393.8185943619683,167.75614916610056,131.1756869607673,-209.35055769394407,50.221120711562094,-187.3349623638739,324.75877187034047,429.7015155822642,150.88819102866168,-275.2476862043397,-725.896065260243,-83.60147300633233,-292.3897359628072,75.57441242962982,90.32708904039248,90.24267338288423,-106.36228915027996,-36.17203453131188,1
-43.29618782062439,-329.03015769967607,-45.911314743193216,127.79868443916796,19.585527080055385,652.6984516529342,-13.820836968447283,217.3253329153748,356.9984340714905,-290.8478286389038,-81.0407658622886,-352.7724604495691,-52.78693720352108,157.2944864456061,323.5398840364388,538.9770030600833,188.23894794148973,419.1806830113957,240.5959324020909,97.52747294348332,233.4695083829068,271.6750748640725,82.54102670925909,23.054087173326923,607.1441453432352,15.279002250865904,0
-164.54770441832613,-301.07147809186745,8.31893713249186,-319.36885949318105,-30.07633771857977,362.9343147387403,-67.06437681880865,-674.2201925084239,659.1390845446438,34.35047932308466,166.77375358818642,36.97803042485464,69.93350779894998,-281.6481916792921,45.62006243284824,436.1881138480784,69.71996194637062,655.0198700569964,-252.53038272619065,-62.83863157731638,404.5124360542828,-98.54875296933515,-39.018921868815184,20.533981179438985,77.52151725057882,-76.20694951928158,0
85.60414326264106,-29.42494884890417,-41.35013964189972,311.8073880430485,64.933967375306,427.49295789434063,274.9431910811404,185.4829336714644,219.2287632634663,-79.00404796489445,-14.371892692988247,179.18613349054644,-53.72814443806295,279.82298939770527,538.2350272640872,267.46847530440385,101.28378003029972,475.72685657914656,449.2171433482857,77.90424725765568,151.10891649351385,115.7812717257419,76.23610629822221,-207.818671279484,542.1338882358151,59.8816544660196,0
78.85813987085756,-146.15074143733867,93.08391871369024,-174.1131899578196,-1.7954521772598089,271.20958882308264,138.2340566688576,392.62854219378977,-88.12496000976704,85.68515881740458,276.0086862876124,-155.84715282143958,-7.380907729547867,-412.7285499636069,-187.76923258915744,408.5198330181232,-240.38059875603923,-723.217406309516,117.67100148910347,-76.32571319528724,230.45661968528285,-204.0524678750389,-171.07318053775478,-69.65597493476793,-386.83148029505526,-15.96606146821872,0
-124.18435414217664,33.93444576862415,54.28975349761043,-106.06472523415128,-0.0711823931207034,383.6578838995232,326.35614447674624,4.510166052038196,609.8281836788178,-345.1029291702504,236.99105801948912,-210.757960877212,3.484103810404458,-154.07002649868647,184.52953759604807,118.35105196082174,-180.89964298192297,-103.04280083709185,266.6301209312242,-140.27086039273323,35.07734677353905,-236.9357883050702,-25.26698744948076,-139.72899968239463,-385.3604267482164,-45.62252087766184,0
-66.66820472449287,-662.1010995308367,41.854569316923005,-53.650029059308736,-16.497860020089444,149.7684015277677,494.4009070302053,199.42012668078485,419.46734340567417,-63.481982617233726,-87.71622944552388,5.833983542097705,-29.363770928394818,-374.1404377426716,104.04451017698776,335.8448671829832,-225.2713830412465,71.94738477663593,302.9374718643638,-6.114104336175164,168.64968578380808,-128.4831608872976,-22.35716231969779,-57.40369183190191,-406.0903282815941,-34.659646283074125,0
-46.57144223013019,-439.2022595973056,-109.4963484898924,185.8460040951389,70.84136670260426,627.3493398634149,726.4503241186515,94.89905328882313,793.6689499096177,-270.5576170200269,3.099079589300097,-292.5700128400536,-62.57506277553427,537.8492440517084,210.5841039896643,252.64972447126172,226.35777264342667,176.64341850802765,22.760479552785768,53.19502294232574,19.513508703889105,679.3391696275612,165.67912963284394,-114.66565915607066,339.78609249481224,22.6410565083048,0
195.18054447927707,13.632488052968966,18.03534685951644,-268.343562059414,22.49537160030471,-210.65469531310907,76.42626443069199,498.2164736059351,-98.06132444492268,207.7700495324989,185.7623962365369,278.2455664851793,0.9638618040194428,566.8875087112447,-333.6433159755176,-330.361950923331,379.54857065272586,-386.997244920595,195.22952297631437,-72.53353274028998,459.67451024356455,-61.967299534059,46.77326773750507,-1.8027450756617087,213.25347612765972,42.22093106468765,1
-134.51947530139373,-2.1540797530637046,60.59684536914448,-285.7492157316574,-69.90111548860074,326.55339264045426,134.19158338308176,-14.733137448251023,782.0043960095907,-363.9362028040146,357.2870003523729,280.6087533729909,-56.027161082334125,-341.644298131729,444.3285256845359,-248.3502153257603,-380.92841442357394,144.89973872480743,220.0251968593156,-7.004862130061706,125.02623760161404,-292.4141134775685,-24.507890856862968,-195.046681491597,-239.1610062447277,-18.394714584740715,0
132.52142070662194,-424.5532614476376,91.3612949746156,-235.15086577182475,-11.16317374818468,-92.99513453870006,439.2815590020818,516.226456829902,-203.8064678116529,406.298559679932,87.45439272196914,-39.78052214910628,60.069107152011945,358.4827255097524,-345.61927335482494,-260.1397552766419,281.56071752976794,-540.5009574142591,172.98258090705974,-74.2495429210266,331.21287200533226,-675.9004351831923,85.78738312668999,24.439581925787184,490.7490863959808,46.25008456513599,1
43.003697752349446,-233.1916865125662,72.43520412420038,-184.3143187411376,58.811333133737136,-446.2098607955952,370.8421555496957,209.570277576301,-142.13419670093847,117.76137971540496,280.28090788293,112.18467374472051,37.1388683169488,177.89503082920447,-73.61746085439104,-171.61683282070834,-10.95110206037213,-523.4458374416326,161.34338746468572,-65.46118032987474,253.78261639345547,-275.9323933232611,-24.24448694648617,-180.4629916155167,178.12877766158522,22.4889142870176,1
242.5060223868965,-103.42460839924662,-58.37688646504786,111.26183353050884,44.12290748887276,52.40244846118331,240.80895758165283,301.20264116055984,490.5635854428661,-174.67736599465525,-280.92448273991954,-168.9644050201212,-69.90904831613067,291.1533051687656,127.99841410050816,105.15916263238444,303.3502103473504,164.17396548118796,308.779783136652,39.087394094683496,254.4913097653625,362.3044179621346,45.15951207422942,-99.25860466472126,253.78718938335533,19.71174614779829,0
63.42057799947016,-178.08178927962678,-49.31181481638614,206.3632390021222,32.895798173983394,105.60714144467838,292.7020866113339,-0.2159864101346551,1119.2479904363834,99.94410634242088,-229.29553291446385,201.2883512712513,-87.8061659694094,358.3125972850792,329.8933681081133,-321.70214554867226,240.90789599535165,259.4068934146511,230.5752644119644,14.048989213082947,604.3960403085147,-88.11202700383333,73.05592672643621,-320.10937524558,532.1111382184279,-4.96106715484617,0
-112.43445562230664,-680.3062367425022,-12.702621328587869,-275.9864475484925,-23.795563742191803,284.8232441716125,-461.7918451930126,30.573545358154814,962.8620682964826,176.23880741525315,-42.67423247276158,-205.4283056988106,78.66362946278862,-28.40159910574788,266.6563804733015,93.73358420182214,74.18713276510022,533.1187158558329,-276.70283790934656,-118.52137895792166,266.8076061318056,-104.68801714095784,-109.38306219188654,-23.54861926684274,290.7369411744823,-39.587696674016925,0
18.99206566100533,-121.94629480724002,144.11541210483736,-61.142026816976944,-61.15102809947642,-90.56087908947198,410.293148014536,8.659588567126836,964.042238232312,-45.265365221612015,271.8526159285736,2.3865541125141645,-37.94402229825141,149.26079884667078,44.64328394350949,322.94425083959857,-284.8020776422893,-943.9075794366228,145.2593711677635,-102.31228463639712,238.23186973947352,-550.3747906451362,-195.9963063468637,-109.94234118888603,-1021.2744541965266,-10.2597674631886,0
-256.35649548683614,-831.5073169754484,-8.803954184584768,-237.25785814641085,-76.99644930824431,341.52369341536814,871.8598624495083,446.7439437997711,1249.736755973359,-180.9194999174005,100.35991578627852,-329.9964097008358,-106.43225398446572,-344.0799065879901,384.4471093067564,459.5032572105752,-0.8964777010859346,-49.890331052112685,222.8347780695281,-11.289142431046564,165.15218217938636,-486.6421218839886,-112.21432377220866,-184.4622916564786,-222.79499757079432,-11.99491563093566,0
-127.0237681954342,44.79351042262024,124.7320236120394,-270.7955606508027,-29.66221240903718,369.1561064658538,241.2602893404484,209.0069889679068,612.0682978700183,-214.70135166766423,130.17375451543396,-365.0587123484151,-76.36731851024577,-313.2119335954705,563.425355311724,-66.34942875280923,-225.22879114253575,-105.66423150785974,544.563091580464,-29.855754569248347,131.84170446919475,-398.3940216079123,-110.07791971288464,-89.4954889932975,166.23478370702398,-6.365712863912256,0
-101.20367466623352,-51.89828242906245,35.73520406852466,-8.875679712841,-12.36014912261712,429.5788876430809,-3.5275509629501265,87.11269075946767,336.6960097724296,-351.58368736790914,115.68485110940183,-22.959957253523594,-52.28184473244605,-206.20860639032188,520.3950835519215,-261.93068432025507,-568.2034841219854,-302.80807262842137,383.08982728554014,64.11045642649734,238.764929494218,-390.8372982794523,-19.467078914477757,-271.6791566725867,-404.2651063607692,-20.691736001695546,0
166.59019716849633,261.066617862061,143.44282501901995,265.72777263692507,34.742181080799746,458.4706584498032,-177.46003619105682,246.8295750270036,670.7198282687457,-41.79439898310903,-62.89589843953639,470.9545865440198,1.01743221751437,536.0715334638882,-56.97534315192029,53.62421164274302,331.4570264817276,180.08739319084847,-42.64999023526404,-27.222889153203106,119.0538952312828,-168.57867661188322,-33.00151020338837,-136.05238152567884,167.6310495979935,-15.401470403597049,1
-124.01683422848878,-475.8587857471966,14.350721679643854,-297.9495189763625,-44.05673219547084,347.48516035394675,469.305986379752,366.51068797808085,532.1475167844519,-136.46918803352096,24.807092799625043,-410.3336482742548,-54.49521053247419,-283.18670305453736,377.62056922190686,332.12349116184106,27.33687278495778,-151.26004015720852,129.37470721258055,-8.45980132112337,93.9536699489331,-387.18632541854726,-27.66824613380515,-120.26879281921453,298.9471679253069,-30.06067816539757,0
197.2128398549888,389.33052455629183,-19.453423857449977,21.3559444761994,35.0690981554833,-351.4491585538085,-809.0668181010625,-448.9809123094858,134.69725395067138,-290.8118580473748,86.96605947628268,156.9338100198943,155.15059795471697,-228.88752644278367,269.7628728562349,337.8910217019782,479.84577915534334,24.47906142494581,-323.3880583444832,-159.19884080019827,-298.4464828863385,-82.38482640331941,4.20631499102937,4.757647497608751,-13.10250579893868,-51.0252745423509,1
121.92978171732231,-183.220960198953,143.69645000231287,-415.3855654359344,38.97022884391656,-435.8700012901461,419.5946337502753,323.45848115543725,309.8904800790532,10.59395650158001,99.11082300754016,186.3893970230261,10.562445036826812,352.21966725290224,-471.4723628756527,-697.5387646769761,298.4104959162654,-109.18612853424548,174.17193088381953,-91.65171227556058,323.05306208677536,-99.15594693917724,73.83156018092392,-70.41416943579542,312.7500891986997,44.72256559913036,1
123.7997997487284,186.14624602590024,-30.312987568045845,102.84469873107196,-7.044412303144165,273.258467676589,37.66460163670916,258.15331729126467,-277.6476152915707,97.19241154519126,-266.1703175166078,-133.5916845494415,-16.552254850446374,322.70300091113506,144.96639199803127,299.0069450925591,201.85051555558107,722.4025872567572,345.010621061612,173.74888016193694,494.0392485617859,-31.07133962842505,52.71855200841633,-140.66721907773194,308.4992280058217,1.9742735770860675,0
-58.65174384546005,-519.4486150871002,69.9233524124636,-281.65358744674256,-12.09198251840338,338.3221069491093,-227.49908574271169,-567.9895340929177,1111.7215916732132,100.88191882437695,151.86360478399732,-444.71073801415696,89.13968219777534,-504.3950080476383,-135.59876732860067,11.037981092712474,69.26583426740501,658.8776396478531,-492.5017646007188,-93.24188651144657,293.2253339154574,34.96912809326236,-85.7840508195436,-93.71421469575068,627.9072422998427,-25.57971969826432,0
-111.66441037338669,-443.33712578209145,23.183855950537875,-439.1759291212291,-39.88905122156582,152.5791415872004,359.4497652173819,260.98149679353253,718.1277839226507,-258.1402851984037,119.83415963445822,-37.75826420490009,-11.724550003684955,-341.04979398135947,59.97797813656301,247.71593769571905,-61.9201844913136,-45.147704394145,-96.33405765699524,-54.24400181686603,147.39215024408497,26.739898534629557,-27.70939215668181,-259.9996789996661,45.51557021105975,-21.574560021893557,0
72.56084472449967,96.46724427199013,-9.26042485091788,365.11129741133067,36.7056871038696,-371.9642099097428,-158.18638553562238,-266.2422492708907,406.04865867229887,379.8410091085586,-116.12645812760752,-213.54452753090732,30.002143076847528,-338.25751606675243,320.3508521404817,326.96331123657365,245.23103145201333,89.48141209160862,-77.23242319506615,-55.35026289163146,-62.18504171507305,875.5105800374948,130.73276826408912,142.35682792546442,-574.531165582602,-36.00800949403276,1
25.527381087048763,-747.4580247624075,-123.4499983777614,184.9785111375201,-11.155380347430812,762.9069634634119,-69.51926736096716,739.4567893196177,1320.8188246496768,67.99710353392776,-111.73186051502908,60.95885209308958,-174.92010592220427,247.47861565493335,-116.19632270178226,11.519900843078236,242.23344605716505,197.0109003415438,-229.2088247211294,-77.72659882885324,224.1489948490174,-212.71728218644148,-164.55122668236504,65.00168517839123,71.9703351698311,47.815897051973,1
46.008446963033045,359.20253950605644,-15.528004591627049,121.56870688451008,21.492626232411563,-787.5399142033202,47.39512742304223,-111.21381923484158,-497.4215380775841,357.0889083978922,160.25762258586758,-461.6812938846657,60.36732819613807,-533.1066358264035,425.2338135763361,428.9856163259847,0.4860994796702638,-612.2306937318656,-251.85998517801065,-9.28476486919716,-236.9051492329588,533.1694247263439,43.259730663922966,195.4865762264562,-528.3570581506817,-24.55941720638542,1
-0.8034247901649998,-139.70680908894363,56.52965541992984,-202.60955019649012,-19.954627256530188,174.23292899801555,-56.382889791590856,19.34840445905977,604.2198946713264,-231.96441204718477,266.60776814404994,-440.1457906428373,-4.968153539563138,-274.94134930487485,26.99282560288704,62.69241385952732,-125.51208622965396,-705.9735083894907,20.76068994715832,-6.512399177387964,447.0292932237128,-311.66726817878885,-146.51876482662107,-184.17361403440157,-236.98646386828813,-48.032505871046354,0
171.8744776041154,-414.5546828764967,218.80936719709223,-66.85571946570764,112.32206698409404,-492.82881764755626,651.7917933644542,353.6152224758945,357.11944303382523,188.09176440662128,193.2959584749905,-146.8800203207904,98.06795044392943,477.4502697006916,139.8011443919347,-433.1246249011761,72.38999172591402,-69.58552768511431,204.21325826760017,-44.920789491337416,417.8492755043188,-270.4015353542268,68.18569479655004,-228.25014249038065,651.9263588322575,-2.1694696739678947,1
10.235601953230052,-448.6333260636544,49.61434890549079,-170.028365600729,-26.0344782338132,177.50255718814262,-164.74704414004734,39.49580135967979,802.9736938939694,402.6237289728121,-118.70754688561853,-605.4108959699555,-0.9313150053373254,-311.2039017129584,288.0798325093287,52.18023134338245,46.39712585906199,785.9157595860488,-53.75548664749466,-71.93375797065858,190.2962693336012,-160.06558298978948,-122.01822020441104,-55.73767118306628,-42.61756782981966,-27.4306079265258,0
-149.20087700355364,-679.1809739291916,75.25481210331505,-139.60411635168867,-34.91718510753904,69.20330955623699,542.7861964265879,323.1421501341402,848.6388770185582,-223.97262861563036,108.6105305788596,-335.5977903057868,-53.85909642271975,-324.9206240798823,210.22079207558664,251.6641757905568,-167.8404826392869,-386.6192794609253,412.25912479899625,-64.68597807210055,106.07664862019908,-481.916196697449,-125.29923085382238,-113.82135662012048,-542.2818296846012,-19.243000314986723,0
-99.93597866975227,-244.01786023904555,22.43668391103875,-73.10886768414376,21.519017855803256,-60.69745548807549,700.2783982378893,42.69290664888116,-1.351239005749421,159.15544736220977,263.9271046600639,-104.2306702648534,5.804814091165,269.61077132693697,-312.6651301669529,-100.657273923483,202.4204923585096,-211.4556801018049,-207.79760757370417,-44.51350865809648,103.73806111971888,-809.1042463057993,-16.259390208581014,-160.6482860967028,384.8353195577108,17.71572867554324,1
58.43310709488591,-320.6442381715685,-16.47101304613517,-51.32828098260938,26.543269017772868,638.4318068323519,80.75312229465166,757.7344502311369,-806.5560248501415,-162.44296146602082,154.07734108610197,-374.498711265868,-21.464884048855087,108.64910233430206,-228.9429952842163,210.03426093878323,440.4424778430939,219.48133983029027,337.75652760198943,142.17874384784136,-89.0574554421394,316.9916879199836,230.9457479463424,8.342333489078253,191.19554530050937,23.612046208948254,0
85.15408824368741,185.2112446060302,-93.80505629577198,261.4313345832681,51.6573360930458,366.8912934933687,247.1823948138105,83.65122179637174,713.3587117570311,-250.14199882698463,-207.6405304284613,-102.46179113621297,-64.6710815308485,255.232709027939,65.92036789337368,-64.6562880613329,43.4573967155433,252.7277485397161,11.461497556492564,22.08280551568396,281.0336689163229,438.3174510992242,5.318829622354516,-25.69748796623741,512.1695386883318,42.65536699483438,0
97.81756782615024,-233.5174861883766,47.86107236692162,-78.14409356414212,54.1926922769626,-766.8979123025063,426.262232327564,266.96099491912094,-788.259468094249,222.80747176008305,128.90071461323308,161.075805595809,-43.8674242586885,521.5667623181988,-587.0141359240549,-494.45718509706353,236.47490543670145,3.978210387398022,304.1673598349456,22.69858289688513,260.6578317710705,-139.9435181406605,204.7727454948133,-31.99750263541617,-93.612043544724,48.93048536740292,1
96.50544103834144,-75.06095988310906,-22.024873070905564,-226.6575584279205,15.24660189827193,-206.3595680386898,-161.9934589888621,136.72048226226644,-251.5200984428395,181.12200631761644,-8.755180866108763,469.63216899830405,-28.783050346009293,264.36862151361254,-266.77453422444245,-325.6729614857698,661.6463267062201,-76.3280937842144,305.4602535770313,31.41406973415635,340.697394879364,-16.27977086040881,141.24144478253382,105.8351625361625,-362.9414958048793,19.489596693425217,1
198.5953055467747,235.3737851759865,-127.14962364705724,77.56395636368981,52.3387376029754,77.69267993374899,-37.63076662609557,-415.415428321792,-515.3351449340083,16.252819418055434,163.33418894814525,-256.9111345891248,54.83460103363518,-369.12984686799086,1.3604790063606875,666.896824450588,611.2819227962545,-209.2896578250729,-742.6776537409005,-12.081458481011715,-332.79559797894564,-29.04537930458933,156.50864648334513,114.88117195966517,-211.48583558907217,-15.803498206768143,1
85.22616940048427,-250.7397015227075,-86.15765794914589,310.47949895987085,58.86280472292117,550.0478061031542,61.42607734901023,477.4758000292599,308.54448893866754,-201.38991260184125,-154.5909623159389,-141.2255074915769,-31.185941579130255,238.9438384435296,436.70439905680536,246.88548162103865,249.59635390229843,151.03470625990687,540.5500038825129,114.0536384780158,277.51977143893055,420.1010293680908,91.33616260332572,-91.65451946139736,464.9589032532361,35.023970017729795,0
-54.91511347988174,-286.51518207452006,107.44231484114444,67.59713056863748,-73.89539114320009,373.1992632056701,-396.4406958408357,122.04504430135158,216.23879205522587,123.6733584738706,-37.62438349924826,277.81624257632643,-23.506694309179505,476.39158891171536,-252.41550162156852,408.6060324819406,179.4726784405594,12.220756308349806,-236.94998191801497,94.5108057889094,62.43151102498173,-356.4927696576128,-33.48867990119852,-33.3255577506574,399.6710636797961,75.99231637203798,1
121.56361140105588,266.0013964903218,86.49100854904717,148.44334226553414,65.55651056134246,-14.508048601292373,-563.6911827211152,-234.59864535199569,139.79221580962405,338.55695627284314,265.9670589408936,-206.97828279896183,175.12182550361018,-340.0315848737439,581.9588987194816,396.036998195703,-11.77616279734234,-636.1308416372708,-599.7573064030413,-98.50441719691256,-178.97930192012078,377.1631036075077,11.03472099677778,290.0016359672867,-809.3964073889719,-6.226875587885696,1
235.52147982008623,-223.7007544468211,-150.61618552909053,166.2007645448984,-12.236845825603652,-130.49007889912903,-414.7254345117938,-29.81346076748201,260.1300751563865,41.49982696072024,47.32587586279363,12.768336292328106,-26.727407827165717,-3.841624348170619,154.10851240509615,672.6507540075074,433.2980156789181,-137.50679441130873,-604.2313878133775,0.677196141172276,48.97719135429155,179.92038793191728,109.53649748062078,5.904844002070879,-212.533774653704,-28.23318040664902,1
-41.33522557870019,395.67887778174793,-183.04113608712623,410.01213599301184,-17.548429116357184,-1111.7774864568987,-156.7167699639195,-324.6320526893595,207.21387394143235,179.98159688095868,-161.0191082091222,-193.3762153569123,15.514546913096904,-531.1700909449281,228.55051346375143,211.53934328383343,720.491202794213,270.2537417280901,-64.61285403719864,22.9741391474763,118.2045654364161,306.6456205201911,107.4254118409657,-7.650697565124727,-176.67800623045406,-61.34647258925458,1
-91.28321760067972,-489.98542296661753,31.207732094497448,-95.48846428489236,-36.92049865329566,-89.59028566721109,-848.767410795733,-171.65376836507846,450.726670727262,139.15919216287207,-69.00185107734198,-268.6573583092382,-20.979481149353365,53.68691826821589,634.9199533762489,957.6667292530602,162.27402973665713,288.38978378593504,3.4683558153514773,13.895692128655355,500.7526554501142,-411.6413191023256,-136.13052981773853,-21.04848880473427,766.6030809537535,-1.9951894923134208,0
69.10354471638121,-492.0151802312492,19.946287638346757,-484.0995246799469,11.49380703654308,-112.06025358938956,146.3267814409468,-40.35686953042418,-550.6921818128562,353.9569527982404,-87.20815493857526,370.199133648456,51.78893426943328,-30.03337268664261,-418.00406481607104,-425.0130712663535,-292.2486666888343,-402.778085059465,-81.35228657239539,-112.86964541101668,168.20679273550368,-232.2312178290071,47.68818997433083,-117.47638118795165,451.58019985187553,24.2071176032746,1
102.72361212375418,-365.8902251514797,96.62363096427406,381.272160498309,-54.33149779735673,285.3031288899989,-428.5418165738138,248.4157877663979,1744.9077687394072,96.4708790117176,-176.96149310158754,636.7427129965372,-7.92577385074205,-3.865886998733336,-285.51169089468993,302.9559367964821,377.8142224217132,222.2902863880392,-92.06765605747306,-206.2619410834328,475.651553919554,-508.48541168458166,-146.617469740251,-205.14182232343856,510.9781893011139,-33.55007762292143,1
57.06692711672012,-128.73496713766593,-19.92862047396124,-305.389850042168,-2.6558839664811584,512.6826402668044,227.30976775490768,248.56377803176977,-714.3661683210289,116.3683738729115,-90.72137302354348,226.33464077483765,64.39659600004084,118.19990599285852,-518.6760769822425,-692.7425613713948,144.0306325062509,-450.6941235706752,9.566675240052051,-36.929553584471954,-68.24251422302162,-578.5914216760812,204.81698988320497,-56.3247424095744,-29.128208247505867,45.34487442204828,1
78.14353427414328,-348.85070477666426,75.49973304715964,158.52573025357165,-41.58751867258418,31.556955373185176,-139.9326599489042,268.90412230927546,231.0043217286256,241.4517421914184,-404.2379348415721,167.3205482788732,-14.458980793497853,328.1860821131277,-485.3361014761965,271.9882554494264,192.2265680124934,116.9544595493686,-146.35223155122824,-77.33476275082872,27.70760850872973,-370.9770126380076,-12.584290186628657,9.472413745519834,365.7228253724574,36.00699610463679,1
-165.97389920764826,-313.2958537656018,93.67204887876952,-382.2197575902332,-70.91154172560182,231.88093480769615,523.6395167469307,390.91330436243175,609.5519003781545,-213.27423435470172,397.93109072953183,-197.30319850373155,-134.56268703324434,-519.5478113058032,367.8738942631432,63.80008665667649,-255.16531735773853,-395.16059455035634,439.1457998155429,-6.125364214143225,17.238590073588263,-800.3588384782582,-264.91571751367326,-83.95579470534682,-261.58609346538714,22.158505415800285,0
95.9221697410198,-566.9061939021564,132.4450039437804,86.58876647930371,4.033909579582797,540.2760992749033,-19.525030616137776,194.7476417232245,719.0783281182562,193.7635739208425,-137.05324753663928,174.14828376086354,-74.4804242680782,271.0659918824842,-128.80174144046117,276.25920060595314,402.1275015066526,-43.600568946405886,-165.76013944613038,19.111531765482724,-110.06414795316776,-194.03127145523484,-36.01420403640421,-93.65374764235462,247.4334151027968,33.255724094005544,1
-138.87935826966677,-271.90688703622334,136.7583815979882,-92.38138049203997,-42.22867006593752,321.772988273194,446.9186196618025,182.57790471910653,971.9340019761746,-266.59772863248594,258.3029857250976,-130.09896075605124,-76.96894988131284,-150.99765887462294,334.47055788127005,134.27301514496386,-290.5351499385316,-471.5803686821533,541.6064661203492,-118.50795689347756,90.80868779706448,-522.1580557995553,-82.95226880335865,-157.40186434766883,-388.31914517686016,-7.346861466889979,0
180.92967772413803,-25.57665476037937,16.483058587030044,29.232324280371103,4.833711094887492,-437.3635550241372,-298.1458020322588,-429.63263839721446,-74.08164679530158,-139.52019772896875,132.95040629625677,260.22168885439174,108.34740382020053,-522.5648247735287,283.14824341058466,450.2209304999535,202.2577358640643,-1177.2852653295458,-546.4362959259777,-75.7821788581627,-431.8710958513211,-138.26006164635612,121.66050354199749,45.97102804864593,-239.97122009508283,-38.21982418884088,1
185.9547864143284,-263.43769481319555,-25.25889663005905,68.0456272394117,43.839352403318514,72.47974346669689,255.98287800854013,284.37121177769427,744.0102008258747,-240.8033027002396,-227.12703897304044,-253.50952753445964,-48.94131388362189,-35.70908684966092,190.3262084308078,245.8595431000495,134.96642558465825,108.78337468510564,272.9389468179244,-39.85863494619188,260.63419635159863,346.03339769598784,36.12684098824304,-16.113383194630376,182.4354074390841,51.16331403793488,0
-57.856608145802994,-722.6048006350188,-44.10230202161782,64.94344360505366,57.68696979406451,602.5043782233932,76.77312816055752,156.53284103071442,559.6775179171444,-254.17300073933825,-133.46924182748918,-190.18225413076308,-21.251983862938644,255.11632514030651,364.8450765198504,124.7249933530038,304.78070154257733,-204.4290124544135,386.5933546626252,88.77267573132592,88.67639323409155,736.7409378153161,284.3051931373845,-126.76139069624652,46.635593586842816,19.754870267253185,0
177.737217630333,-105.74827675025632,61.44060390936105,-183.8171294734656,61.293393211244585,-207.80024600742627,489.4918943539318,681.9752646348043,230.14227502469,119.13174375889032,41.741227968086015,-44.306182077678464,31.22003266069216,498.2318363195572,36.30732341857048,-576.9353876490966,341.7891958308456,224.9673134176923,28.38532944556521,-13.10125611843718,534.3001389054131,-579.1225638993757,106.7745817131936,-85.54156436707748,94.62133815477108,25.375235020516676,1
292.80966073158794,-271.1810238989056,50.69275746798211,90.90285576007469,-33.76488211653799,476.6626651449317,-231.9263452066924,79.10834691556259,560.2266691772616,240.09666923192896,-101.11512869809772,41.82329393661855,-97.19671411493712,458.0457354281386,-34.09449465622765,299.1593804647339,165.8626757293826,101.40244752308536,-27.204522562500323,-61.66211206597205,2.6733027319496165,-464.85989445738585,-99.7887982653071,-90.67227667396874,148.81737853041213,39.02605876202382,1
-171.03133819092005,9.74854792858989,-15.170649642559972,72.8362944283244,18.52728935555994,45.48708749812438,193.70105480585391,-162.40609015176318,1002.3159786067952,509.34255724219344,237.064063266,-356.31707372289367,31.274634394535244,-227.86574964814176,-14.894574021155108,-109.07027680810904,239.95552386110285,-514.1560259043451,-394.4009655358008,-148.72102677303894,255.7837764291232,428.5557209372673,-7.272202751396772,-156.0064911104672,50.304628470168765,-40.78787392869836,0
-90.27383560672314,426.4601349733764,125.30137957830505,-210.04839253326563,41.03573056069999,-433.58909263574617,548.1437159373252,403.22130762675545,-18.040519127676667,-106.33138569854547,219.55700425158176,-40.78856676233411,32.16944579459385,705.3556785141814,-273.99927381342235,-704.3008375157372,218.04410002043167,-69.83858981720063,-54.24555171762552,36.075676925571926,312.7476434840713,-429.5581307873776,22.327715860260653,45.19232668428335,-60.86776483750529,35.32619090769768,1
110.94227393948763,-92.57561467366769,72.82392296928985,275.7944607883202,-38.31908661493356,37.7117458579848,-155.2741929748332,233.54237889699775,-12.799306029787305,344.9973900212124,-174.4663195205826,213.87858699892843,-26.845991972812936,19.294899618069724,-272.4765510876116,307.89399953672506,120.90380127647148,448.36869032152816,-41.99115322281518,-36.24275399129517,224.0634147723487,-474.2284260727061,36.681405678819225,-75.92807666255675,549.2895377563003,28.93523280719048,1
-61.18694051916263,252.27012799477,41.50215628289436,-75.5729568698452,-28.8644141454988,-47.19795614608739,679.1048286028145,32.841518712064016,-147.43991471139728,-152.60531356836407,-31.509272624670533,-69.06784603715865,-44.617535526695285,184.75623924113765,58.81606710347238,214.7006800553045,-606.3004653586022,-186.7672370178282,463.4272739259159,47.05652728450693,353.1734168596324,-210.7730827137348,-167.41783253664795,19.444175606860934,75.35416029032413,3.2974418103887184,0
-80.78988152945168,-66.70382254856503,43.064663633367566,-284.1031361529897,-17.143559559473267,309.97375390269355,-578.0764220089035,-164.97715075004984,681.737335452954,270.50345426943505,152.094255111925,-28.30798836479089,31.294467731897,-348.74013725636905,239.12539967918235,401.2668258106598,105.96318098557008,652.8251051339096,-460.6580150436927,-80.68148412182165,535.8932771705564,71.58333686370206,-63.9127464184987,-51.5487557007799,479.3953339459504,-44.812913866469344,0
-168.77093557856892,-151.40440124749972,25.23046074487688,-224.9550861389919,-16.244515070071223,123.59139071968704,-303.3253460738985,-473.0549021606327,858.104735097512,37.57728061332769,137.66008451032144,-90.24514907873063,14.928960449309033,-249.81300862508448,129.5706823169564,151.39737663820856,415.7014629383524,171.04422141627197,-216.9196156495209,-109.24957144393916,54.83309969550843,-193.45562370401157,-108.68142662350296,-38.84003734696088,571.8018968863803,-42.65590780194554,0
7.163466074439988,-415.8609247842804,-28.416671253721823,76.94964121688493,62.69461806908966,-194.1724507569587,88.76534026534844,194.7778297798752,674.5493012741507,102.3352810993296,335.3249075790934,263.57946988730794,-29.732089177716627,115.6723177258549,-29.479703552686527,-423.2540741812128,714.55866573048,-30.83763998742032,179.75792392625007,-48.6824470455478,208.30048129195285,-354.6460269114861,1.0194530485010067,-186.4680766063789,63.05420210064997,25.873658590944476,1
-35.22870771413439,-513.9437927335482,104.55303801075544,-38.64417925354484,-29.36791604290285,188.59141377305303,-360.84957633609446,144.402605176461,740.9319661223589,385.45184148252457,157.2709178320704,-336.00442028144687,60.18415373061861,-215.6402166399779,293.709295711024,-81.7414500985479,88.73692566118989,193.79578768547097,-193.5619420330341,-40.113979602517446,282.212833629333,-494.3869673151302,-26.107782569553617,-126.7250151961441,139.2369137696326,-5.233794743069005,0
88.71296191536476,377.2975930740035,-29.901645289656116,125.99674990437912,18.65562711054607,-276.75629779909707,-70.08206888319584,18.301524266372937,-39.1852472579507,168.64899756411046,346.03989157388816,-289.598309391511,63.02386603320152,-59.80467215340492,262.8240458575264,381.3717483324226,63.34373337303024,-121.90309214757232,-167.8449351378299,-88.16279840300517,-189.72517745119117,676.9419710360056,55.09678938420392,109.8944132170758,-444.5039614375139,4.8383510710956505,1
103.68816687151129,332.1165191361655,-68.31697647270863,117.67035490963988,30.03641174100023,-65.97405716161768,-128.13708552492093,-392.573773839309,-134.2646425342022,119.68332176795224,288.62712833176744,-68.09367743665798,72.22718296052285,-97.84570963240252,128.54377349577027,156.49288390620927,523.5606874991473,-187.62785795423505,-225.78240050414604,-79.19619862148932,-272.1961643317462,-117.36207470301544,28.48101426377541,79.47496041248269,-24.035461817346008,-57.56437141159538,1
69.00278006426845,373.6802800119361,-166.3984622184169,376.6701436070268,-5.885761697160588,-492.0068567510075,-323.0105479806245,-113.0974724826837,338.9497411730449,5.826225747096342,-15.823492422071004,-54.50277546495123,38.90992137260713,-44.90461117152326,210.9203810462004,244.51181326108676,281.2465615666848,513.9218674689791,-311.9926397075704,-67.16233699687649,-101.0037707094118,428.4494318399427,34.91226663002767,-56.868363586719326,-101.92343251147196,-52.14806198955152,1
-9.890534484961057,272.5256927121589,67.86839433116396,53.660106284241074,-9.004204892104962,-119.2253477696626,123.43683297446096,56.93967843270417,926.6110642768624,122.27995787434344,194.0198476732466,-352.1167992927543,77.00347448668333,-138.925747568668,602.8196620779295,169.67807055787625,223.22545780951475,-891.4300126859971,132.63202199758743,-105.37492156145524,85.27000027812724,587.7138459922378,144.3096668036859,112.80906623258257,-741.7475371457425,-8.58229815056783,1
159.12513046290434,-1.3254408294280506,-25.16968676749783,16.999994521480133,26.440991904764743,-191.51166927178917,-48.63622880043395,474.7991214112317,-241.3513399302805,97.46722027883888,105.23253647584956,458.7531119745272,71.75280451877816,282.95905611012813,78.9291047362856,-385.8709046739784,154.12823880567822,-38.982407047574014,86.92474110631234,-36.02587896189537,-34.01680816498622,-212.3605589514589,45.3114468085266,-78.20333879426997,29.94746697077681,21.69646937422208,1
102.07781796330931,-37.41695231085042,82.80696749785525,329.23532574984364,11.7886383541016,577.5164353766947,268.30312822233265,336.2424336816889,753.2262049431766,37.91897903498473,-136.48818096606243,21.01589173354925,-31.79946132757532,416.38561216394913,-277.7374828018258,690.1203978851565,289.41291440184045,-178.24086379476074,-662.3697720810445,9.919726632748429,169.17439230482535,19.10294599473393,53.14471258679633,-143.75129169751614,112.45422058028728,-7.877277821073128,1
59.07940795363132,-362.7347409402457,39.86459939362312,18.60171182429737,51.770727407834016,47.93819820123397,336.3147421211086,260.9151948187441,-398.2159654450313,83.46039027888959,68.82462408012368,9.244554332067366,105.0285063866865,237.2695221821988,-188.6011756822871,-330.65785008238674,257.06494240380766,-556.4398998191364,573.8454344489777,-26.928957507238827,244.51750859199677,-299.80043728812865,189.2066855018702,-207.16452448291383,715.3951751890347,22.67328772829069,1
-81.9351904824168,-366.8329115899648,36.21382964160273,-318.89528652784736,-27.91156464976335,299.66197504767536,93.28854106952112,-8.4072415718508,456.2472939861648,-243.32899986271283,299.0574891582056,-152.39689910191015,14.126822511539867,-338.06244295208205,138.74412628149278,132.53917714507597,32.3106668554613,-318.19662856893905,5.968257376604882,-88.31838126288989,-2.006239715684657,-455.2207715656808,20.281272277506368,-199.08363454824124,-362.8397864591041,-38.56449557085611,0
164.84426779006972,-280.20974601313645,54.88717442745016,216.16192875024817,-3.2554738461306743,285.6667232574795,-168.75904105843645,276.22422397590014,1522.7250404485856,155.47804735518525,-304.8899522156156,303.508637399779,27.93374852147728,462.9142145359983,-339.36791362854615,16.347899353485385,349.35478495257746,149.61353033434605,-334.5494143390813,-172.12787162574722,339.6890996775433,-134.24063920844452,-93.18288594988503,-172.46849846720804,53.42092652031508,3.437725576038866,1
-97.9721080354333,-531.3564199471629,135.3897637763981,-150.60674730610089,-59.22127126720382,-63.18613335044283,390.90296472683866,395.8831785149266,719.5958461635482,-50.008598235134826,155.0287554928428,-225.3896620098645,-139.3652267080666,-93.98827679291873,144.21912005584045,524.0133475137567,-162.89712412058384,-624.5734142973256,333.5201571266384,-32.344889466935726,328.26932965211574,-668.3983082704646,-207.82710685932437,51.53569108021952,-539.4860394691049,-6.902548677629943,0
-111.72354981129136,-126.1868615159667,-10.697994059084843,-156.85839848598675,-60.43525469496488,561.8862992581522,240.03348208763472,632.4015012316048,115.0849242380378,19.03551570085897,359.63690855810387,-290.3371993516521,-87.57634154002028,-296.08736619050075,198.2025602152801,295.9041799122267,-211.46705311920192,-562.3003443402534,136.02049779747975,-31.808506103397256,182.14111977791325,-897.585596201267,-214.86965938131743,-185.4350764416181,-41.589564053395215,12.12780883119711,0
143.54819498295225,-113.91788688449589,-22.69378096031027,-226.40221068048436,-16.19726852044773,59.3283761388649,-19.77406536585654,359.261937871245,563.2461304273942,243.66768868957496,53.16740681948227,422.7993610092686,12.786009640290414,27.5450087046613,42.49497396387437,-238.61757737264276,369.8959659552185,-287.12484523331204,-148.4892765789603,-79.77402907041895,512.9387365408388,-508.0381339693642,35.68843217347122,-41.63526911790213,-275.73377387556286,28.31962650884219,1
159.92122405312566,-589.916117622782,98.71154868693212,399.1020421453917,-17.85510656222727,650.7145827121283,-258.4081204632558,220.5658634731804,789.791102646775,510.8602081009834,-30.68862938653681,246.186401996604,-77.61136748644559,887.5038255395764,77.14980472925446,510.5964821998539,78.241416524201,119.9828282606028,-11.968510218962916,-38.906925203011305,-189.16137533379543,-167.75752095365507,-157.10871182799045,-29.01326960646716,4.649594831992735,86.25452796376418,1
98.62562383815644,-119.05766283765443,95.86131886338455,-160.49133962850564,9.093397789199312,-592.4054000409228,458.6762292672303,337.0459668460344,-144.1616671312465,248.1253277573563,153.76034898429896,283.4495326661784,-6.6730016081464205,475.3251763713515,-459.5365124725929,-44.75265422698787,154.83905941242722,-34.74221808221901,139.77671785656176,-106.8019639938506,572.6115396969316,-443.89478101242486,110.9665686749326,-145.3276160030085,475.4334818982059,44.779461027704514,1
22.22330320862628,-418.5617358715676,72.8949252827134,-155.0587450628049,-54.17439536221576,577.5960175930159,-220.400719884158,-180.75154844315023,1331.908482607923,121.22621589548916,106.96563589421622,-77.04587486272749,47.20124922062286,-296.88208921981976,-48.14017881362244,291.2557167045193,191.78401369968503,622.0929709348547,-506.2849551281864,-64.45060877020482,297.821761972233,-137.98057274065818,-117.06591502638348,-88.67662185038054,216.44623505800453,-31.40663662304253,0
165.27526638848303,462.3815815853971,-115.61803581639737,125.56405038310672,33.36699683657698,-379.1571026985084,-214.5514731363627,-142.4014091932234,-912.0069743782332,23.6326549403268,344.51568362689807,-147.97353038992102,90.90205484226568,-296.0434060639398,158.098024401436,393.4667511132375,352.95492514362184,-47.7512690927269,-312.7042287100833,-15.302554467441867,-508.5628499923196,103.68517949808044,-11.6373526660581,147.1484668741207,-22.592523381279022,-65.89055723459423,1
-157.6046816505641,-50.53711839112916,68.6421984270157,-453.51308035974745,15.682275443979265,212.4473702499459,-344.32642888019296,-178.45006223659666,-25.437735547316443,-113.95057405520951,118.4443516467446,-120.30512907126892,135.30433193298353,-237.61389788533023,337.5944679759369,755.6456195930745,30.651029138449942,818.6110667702872,-388.7229873544943,-79.18576137340293,300.6121268571282,-376.4250881895204,-39.4706983504428,-22.57164189892692,469.2901663914544,-38.16187646798493,0
-126.20419764021868,97.9226869641858,10.494556145433512,-114.5730482135346,49.589382794229536,272.3047205132548,-443.36880948651367,49.53954827168498,-690.5324864214643,195.6373874619717,58.37075183035027,-322.1862801632114,60.93896370526526,167.70492783899985,386.5011165630687,316.403364088201,77.78170484466229,522.2313148187936,67.66032179815544,-21.364633187708524,164.54232100267154,-490.7619682428347,10.843365741491162,-70.82432216602487,174.79391201280498,-22.036098035916048,0
215.0307684018579,22.73760063031351,3.0413829173555573,263.9400713488833,55.10239926635653,437.1561977958384,681.5655366517839,-13.358969309897033,1142.1007646007297,-361.613930175033,-97.8968664433047,-21.025580766904977,-23.506619002126374,522.8112346260401,403.2880251481748,434.6168422044024,358.2779918539339,358.63284644112935,281.6657458892795,42.80573543850606,186.4537471418276,281.9355404327627,68.22416263322073,-84.09619975583041,191.37188961388603,53.8606972916665,0
-9.488286306418557,-308.2908815936124,12.47071056098151,-113.86020394171376,38.606520496149344,50.98552948812453,166.60595868893748,-157.8069578506266,171.04812385227936,113.68123467817864,98.8005820893156,171.49284116790454,38.23254884965522,95.43262453474064,56.58977197707158,-644.9102025060275,-22.92426073565433,-360.35400610846096,-40.32195541078788,35.21855348041586,181.44409987507748,1.0562910279960684,109.26406847844564,-134.6383817356121,445.8814016858609,4.8669669412335335,1
-18.56331772186308,-288.51529770654975,62.37502338980285,-272.24143388533014,-48.20739995781907,653.4249254894108,71.13900735862872,479.9419183589196,645.2264958033821,-72.46520370897548,339.5818002863671,-436.51579539110446,-88.74643595800265,-192.5321207093746,423.0634316112192,372.391073113968,6.154693122550895,-308.7989148934729,14.226250545678925,-7.294558308814025,191.62625387392964,-523.9087911168875,-99.04985076566196,-195.2268367738212,-21.779228100607444,-14.389805843789606,0
90.08638683127351,341.00323155544714,-81.41489940423845,275.50840219159625,60.40676395088126,169.24851758452246,-162.49362521879812,-50.7366523992532,-900.2594131196925,251.14632461574595,281.0209612794752,-504.7348474180444,20.3284611769102,-223.8160451637736,265.81558907328247,19.326864117593285,-205.1859608449012,-715.5332080687292,-313.6595645507367,14.19681101704187,-234.97779977760356,334.3544966146377,163.27571211865464,227.9337536801586,-442.6093879136616,-22.76188899789644,1
238.72066101926487,-241.88979941920576,-117.94878432053832,354.82054574062,14.793097048514811,-192.9527639825257,221.9548505862829,251.42053656622977,1301.8262286928928,-66.35100383232256,-263.13921347662136,-39.53392579693696,-29.75867805786936,66.953304710225,267.8342226706574,120.56301564847786,195.92928404492795,302.78008505454727,-16.294778556112583,74.47636503984052,379.42970100134806,277.69149682668586,-137.53372211227003,-311.50497944562363,-143.79080760523016,35.97651697769441,0
202.04910061599804,-249.41190963806625,-36.86275048521545,123.48939843072822,16.98672819084043,450.4479346535679,-2.9896111539423025,596.3067409969927,72.72902076529233,-226.7684391424401,-103.38279153591677,-493.53636854444113,7.164859454356067,-142.82763310841165,-310.5857232734144,372.4020925812391,88.2501732888046,255.61544575703064,68.94588094913716,44.641943941971824,240.52592853775724,387.1600955205943,26.31158555755565,54.30784241055018,-163.09663051401097,40.7748102003676,0
-77.44108673497807,-148.20301059455394,30.318931064577583,-262.73947739869993,-15.44486647116308,107.22030376953596,9.412882271107232,-428.1176267019852,247.6218247880893,184.90393318187165,55.164322102582695,-338.55787334999184,109.80357306970664,-244.89224143288348,-91.10061526487468,-67.15878755653065,370.8042306267077,441.4861753135861,-788.0092587916406,-140.73946417985113,-302.8183529147505,-425.92089672484826,118.77752023391848,45.86211492678954,489.0630723880689,-75.89021777445723,0
1.46550060810001,-406.2485569516988,96.82175977320315,244.51126260367437,-66.72423416082742,348.55623773337106,-607.9860073222876,306.9754554375055,296.4577879429106,229.62569363845512,-18.66171378814527,227.01990503024544,25.578617543421505,290.8066318780725,-189.09915923363144,141.49194001593074,-74.18985491371856,984.5813450962664,-148.34171218147293,-16.055027094571585,138.17382073818416,-508.99533769319976,18.080359322787885,-122.43879806094422,269.2345492120954,55.145608553103415,1
50.70118009426046,21.810610368484006,92.56787656282457,164.5054387276992,-41.12794497579999,221.18566904002017,-256.68349125362744,325.8159030883916,613.6019768566707,87.46313757437524,-43.22395105954711,286.84934779178843,-2.3974412156442915,206.6543544819476,-312.0720506457725,174.79864726238873,126.1863180380946,378.8629476301155,-383.09098125341495,-13.19324229778882,464.8474314464677,-336.05410026261865,2.258861157182479,-108.74793896348586,350.0270833854861,23.26545233049535,1
-10.959775126455815,-526.5559380269935,35.79301602293123,-162.01979389706196,-0.7135171764524184,-259.5039990864317,346.3459234844756,98.00558257345698,160.53291207264917,236.82828816504903,208.1487820380793,337.1039835585726,-7.7219178953342515,223.015732327783,-304.1268423945152,-387.340389594552,181.59443487943145,-218.1848037287695,-83.16815270168352,-30.377306204684142,288.7742048604261,-275.1533980757748,153.3387245220617,9.262731862308518,78.95635479255526,30.32413252981781,1
-70.48660051749587,-433.7939055008769,13.49462316162196,119.06179170012469,19.399292151251714,-242.42896027376855,545.051638460951,39.51851424443646,-408.397271203714,125.27885491905572,273.7271655873799,252.708672198222,41.7270356662301,465.6061656504122,-379.5313296517865,-13.5940628333147,366.8491197052976,-220.0881108030977,431.1481403163877,-2.0297652384733134,8.407443606568012,-527.089386630147,51.88275992845167,-42.35235325948767,264.64602017538164,14.860865030568126,1
27.39363664111876,-92.42899450119477,-42.36936105490054,7.532807215003201,-30.69883995302041,272.3818583241065,182.5793064443625,142.00702725817726,-30.223973265575832,171.01368976570504,-101.69694772024202,-71.77032980530537,-95.54336784512354,164.13965795234506,208.85527951300696,164.16596096442316,293.19051169135406,1050.1762560227064,551.5599373713188,158.51143875743037,509.21017089151934,-159.49154705562532,91.340485335877,-194.56606094926283,416.24714853616473,3.711277093844728,0
88.80092813900761,89.6516483122588,-108.78927135628705,321.4113611974281,30.033948086205324,-114.07928901078162,-331.91683661768536,110.20180496490812,513.2675516274475,38.33180401481604,85.2229880359764,-241.26067771397504,113.51302857833142,-77.74376879030703,221.4382806685369,398.329061641825,405.1551936022328,248.05553694922455,-68.69807382861349,-107.00933172061474,-145.97819657836894,409.6964684110719,-109.6534302278528,-17.433494366624412,-322.9248745279293,-34.67559180382306,1
-43.66868374550431,-667.6167978862127,11.84677900519164,-249.13415681918775,-13.01429886370322,260.4713613300909,470.6638152502761,89.59986053457932,663.0625928211972,-85.61386332079991,13.484402916031502,-111.15122435186562,-4.945852066750438,-422.646964036209,105.15901871824008,415.79026805799583,73.68472618971464,-188.1441431693479,-72.30700800596611,-10.339841548627335,127.32174211460747,-185.7721878017588,-26.45902077450381,-133.95466292711995,-775.8501161627893,-47.83262206601971,0
-18.912188381620474,-448.8331321266697,167.36019471416995,-229.84707189752828,-72.63846022930392,263.61382186163024,-128.1775845482437,-558.5216982085747,905.9094497358352,139.60529701814474,567.5732797160879,40.018626145022594,17.2659602132379,-280.5648455288807,49.81208232125036,338.56800447799577,59.37724766136433,152.00664613853678,-104.15033712025492,8.450559600742409,265.20530723569675,-269.07364314598675,-52.266208386318816,-187.76454300809223,-83.02403315480485,-4.345336437698684,0
29.218453417570277,-276.5577586679361,77.802087700271,-188.8883896410476,30.8804186111102,-313.7987724736282,117.19975983216584,106.85410531639316,247.5434950158016,-107.42994666565636,239.3551337829725,373.1181532173287,54.98833935324984,-103.56584268081085,-358.4929408279188,-403.9022721203804,267.4598849974605,-551.6886787878583,211.5649702285193,-116.83516336287148,68.84967308984498,-48.89434997465354,70.58028166738168,-256.01528994698066,499.5986496940996,49.34628603237145,1
41.92335812728432,-607.1038352770046,41.07803971710414,-209.15557111945856,29.38222034908061,-67.24917489658667,405.3197993909341,350.5344988287511,-5.7937828713140656,-26.84180130899912,286.5159279471999,252.3638981397484,86.71867978767276,-50.05893988976517,-79.69093277969765,-165.01253224554512,142.43015637811135,-898.8641571307321,349.5240670230272,-97.25316285852186,-76.31281995842616,-345.9656736836918,2.690816970157306,-71.47630308411956,-46.05446260480615,35.02865360472319,1
40.71019598892101,-17.42551764122904,95.9679590392306,208.9781701893333,-36.57806973049195,57.95275789855668,-483.971988876348,327.639463133578,780.2056643977787,203.81530358800043,-174.86015331855037,391.10950995680025,-24.22538371012954,87.39692883840368,-353.1363120238952,131.31333813024287,372.3275910093412,-157.81277410824333,-155.6363400529139,-54.47855140338837,536.3977407241291,-286.1737683062846,-35.59093182238188,-47.74927273198516,258.2707022038152,35.83823739107044,1
81.56805378618772,-188.2571621206162,140.36610667337615,208.2760939574225,-38.36739672476859,403.7113832425386,-376.7560873780949,254.13307237643147,777.8950367667759,-4.697136407128559,-175.52303566100647,65.01655497219336,-29.243683827303123,400.2005680914932,-90.06447479599998,629.2358999168406,93.15453015760696,146.72514788371245,-577.9139678905692,38.5672863086904,241.38228961235575,-404.3680749000172,-55.96946588906091,-174.35535409593572,125.69561133593255,1.6709733498521713,1
127.8703776074249,150.58921653329304,-60.40759546316964,152.3476655913684,1.3860598673131586,-5.292801859031854,-654.6584574085532,-22.46589797726837,-303.59480297862507,49.089831883936725,258.7919756432236,94.72266472607946,80.10318400969402,-190.5609457197194,205.1589149561257,716.1328146275943,32.38667051940988,-514.063281485777,-569.2767648428467,-83.62366538347385,-238.95459290847285,-95.44387760620955,-35.237245216603064,-4.127945608017189,57.59445967806216,39.32638709581414,1
58.838482973224295,-157.92181084610064,20.284204660552696,116.6032759716839,-2.525408961833202,444.7253220696121,199.41837143744365,198.96928993589916,188.06958973752825,-68.84098910247342,-162.31717331038607,47.64562061373167,-32.23192393385263,148.68982510789417,-239.86093029195212,340.7561455979214,267.652031407691,377.29335841718296,-284.75636015097786,42.75495853817976,36.68487089847097,-610.347946382885,-42.39300905696432,-231.32618368114487,572.0736318995636,4.633179766812588,1
131.1994056889247,133.94692246993915,-8.831299545478783,129.74635668444253,62.95108551887876,-418.8735368108403,426.1145480393032,-488.4161748839928,445.3576107339421,428.9439055797006,84.6574304299063,-553.7767868825538,34.02706526338635,-295.7705333410552,321.87933754604705,448.0136236093813,233.44587308025143,-167.1656440615934,-265.4390900347173,-127.36526047742656,175.92875432741064,540.8552625788504,203.29706453163047,107.73226382563432,-924.4882503943,-32.748950872487804,1
122.81502936934264,421.80192771035183,182.1525238312586,-102.75027408008974,-32.18341813361506,-465.0368896372458,-214.31902299631972,-114.47244176672736,860.538492954122,-313.08404330255456,-85.60906485332625,311.8932888529094,63.16763486844864,-243.93635310826443,-258.8780970392721,222.90875612921,659.8301781053733,-179.83333034260227,-384.3797458865877,-21.918847781577657,545.117770572111,-558.7992370559524,-4.753774210703843,-187.14415893458192,726.9489824603234,-54.891569513640775,1
67.7623440670319,224.56789322018443,-89.29600891608885,87.54059323176465,18.367572866015333,341.87019975432105,-424.22163459976974,-92.23354630604602,651.2522824973043,35.21223166260753,361.3660449502967,-479.1297809864387,121.19100722547688,126.84424383236568,257.42497662562744,328.13910259573174,344.4978845708669,-364.8271949173659,-430.7279308104747,-99.33571684824048,305.8045533256514,-253.0633738175014,-41.95031578321803,-78.62320837174913,-718.1391041158788,17.951329188715818,1
51.45890922923662,173.40775596769612,70.4326303134617,-84.85190865673849,11.99560657675949,-259.6359602265167,521.4035078042987,281.22309504688326,474.4845465049043,-112.6939691369791,361.963246343209,-164.53228140315824,53.40907120797008,438.3673201654565,-67.22373263558148,-478.7943554954341,16.040662022707057,-570.550526398994,29.01671660186273,-47.697366015427285,408.7895080300855,-75.13058923187833,100.60818194917076,-172.76847292381754,616.2171722753725,37.40660607690215,1
-63.93537872080076,326.2854756799418,126.98531427290274,-184.67558529755044,-6.203330431689387,258.9797733972595,132.12295283516073,360.4616499971082,-442.3042034869521,-410.8416567864643,249.93862987194711,-225.9784931489128,-48.15868706777564,-85.36443935185868,238.1197195330245,-119.74896015427498,-706.7759139177374,-414.1640294710272,561.5115053530324,-31.80727113100442,-20.97679451053172,-549.0935121976831,-125.13269718615224,-80.64797281916792,47.761820240165456,24.623703700439243,0
102.77915141994649,-89.19835903246756,164.06097700343426,-467.9939625386162,-15.519675288752865,343.7955244196753,-319.3555721484772,-140.30041456718288,767.1251027746085,92.4773760210636,121.2419380607936,-273.9262133299994,99.20281524515929,-152.73142342545768,296.477510104112,323.9577571383468,290.5696036900711,1079.6599619031872,-169.75657356414308,-51.89124308664617,325.4234471438277,-267.9753768296828,-101.87244648960254,-181.74628329473333,270.97694306557435,-51.58747780439591,0
-32.58760413672249,-1070.7676392436183,-70.1290942633052,303.4504765323149,70.63562074340267,660.9808372861658,248.21740495543168,282.8491937253286,460.8348227711686,17.23225841031258,-130.00848894841047,-627.017550895752,-48.83048830178933,563.5397837210814,315.51658363759185,670.0457374468082,126.31321461098403,-70.44403912876331,161.39510922951354,116.57571006030284,252.09530271299352,557.2382720843729,185.3393921218237,-187.0036935701073,145.79170716914442,10.851282937541963,0
-52.51691257585143,-146.2189807804174,139.48186539647966,62.21272734019789,-17.625809675624268,-53.77196921536553,365.2385247748532,128.01249093503998,941.5644288041842,-127.2436870423314,-95.45653742128056,-383.6167013248781,-14.036676595714274,75.04408284060472,69.49357855789498,354.42692464551067,-162.07279145652296,-379.5867174229453,311.5562318003589,-50.18549376406394,503.91784749859096,-305.6596200511263,-137.8818736918981,36.31116249320281,-639.3888719544411,-27.97534806680282,0
-8.657530590450646,-387.8415709935881,67.02488532070977,-79.89717595490623,41.33273250541582,-769.4451629945797,161.6918578156941,-20.916488806965656,-451.142932704624,252.6750244245613,189.160311652696,63.73921710901682,1.347127650759806,469.34959877006736,-215.85322700168825,-241.02378428624544,201.57083763865973,-257.70269017039533,334.07861294546336,-0.573222839463785,177.0142980475762,153.55149344204972,158.63894420069548,13.263315038371855,501.3072123108655,32.42721914252678,1
-124.73439655650051,126.84629749289456,134.53999241004135,-203.72598817077284,-40.22489309488431,63.98410612987831,-400.9668897780119,-2.309700575452136,-44.71592281939488,250.8949584872596,231.28627855887737,-250.66681704848267,-11.67058499725313,-61.25654590922466,91.32848035314905,277.5193193099865,154.5838825188129,527.7735807350962,-282.6668741263252,-55.09430588237195,198.54760562659857,-871.7908864389983,-6.189203194679838,-152.8925867885725,131.4792167025215,-10.093977045621951,0
240.5257252442008,-412.9591058203116,207.39836196451364,74.53034116793927,-3.759194580761793,-129.45979212781418,-197.4732917473929,-37.66552026418501,1368.8734793346853,85.87022829309113,-214.8086888416757,97.95855890499747,-17.626699184737628,307.07526002427454,-23.62034472613757,439.8528297086832,329.614471563674,-226.68717370678075,-115.1718600749546,-93.2426798919019,136.54567171613658,-48.670165375877886,-149.16514339261394,-114.8138521035741,429.7920102060205,10.737625009560173,1
96.62604075801438,248.23914801239889,-52.92623791933232,142.84906363267024,67.33499837097067,-267.314466852512,-385.7860771245237,-343.8975905606442,-252.42274835104,137.33476273245404,3.843271293427097,-319.01974669415404,48.81256783756476,-95.7946538554759,120.21217829419876,9.110622937830945,187.42144443852612,-201.5757162496992,40.66841265029075,-132.22205125268778,-194.4520056824113,476.143925906725,123.74651329250372,34.13756891407118,-439.5041227935402,-42.17540860226361,1
-36.90234093655545,466.5505270468405,-28.552824553493327,-4.037019156604549,33.76593975877554,-133.07428062780593,-275.7539087992934,-485.2371511251365,-643.3149627590376,75.6579508844049,131.28361349227958,-103.3534163315519,78.02010118475383,-166.85673187257325,45.89360472191875,-145.84729919083733,362.94766281839054,-801.9628474519993,-60.30235257843938,-61.67175852995478,-651.319668535802,146.27479287973983,88.696991546369,18.172492861394417,-205.00086023946037,-10.388791226652724,1
177.19086553095042,115.139511473035,-87.88683750664373,76.82919831825726,76.58047951039806,596.1272329070063,-150.37739758809042,290.6394657768672,-253.80076629150693,-187.25318864141107,-95.7947482488498,-99.89257818288328,16.438658660586256,151.8439161288269,68.9020588703011,109.56780891257252,-120.60032810271755,-91.81617992836895,140.27001862222986,-1.2949793053338965,204.90867371751008,663.7462842932727,143.33112777263165,66.97172967058911,113.77679509879944,81.16258036181392,0
6.170697194980136,343.04163310969875,-93.4988532596796,174.6030296625372,-14.219493581921562,-354.7919989549699,93.93836320803425,-35.91294905365527,360.9956963025242,97.02078999115548,-35.29131136830928,44.16908025702221,-3.2018179942560767,-26.4291716337571,273.66668628245327,249.2324756589889,295.7811536076095,49.4617342948429,33.1586318328234,-67.19179123602883,-34.38526913305532,573.0214776839672,112.9661849051218,-4.914860296128147,-301.3901733743606,-47.76436342578416,1
47.3970857459779,-269.37531335770336,-67.377079068202,-77.36181798559481,-3.1993974187214613,217.017072127722,498.93946415330544,-49.73685651995367,105.40983397340088,32.67649298617238,374.2735947048488,532.6786246995349,-29.284747233095832,233.29328854057871,-236.1639993888176,100.77736573010137,-105.85325928161738,-706.7914107562003,-86.6352638424496,-55.40225112654062,303.60219273405073,64.83726857011293,136.2116376053637,-141.81715008913994,167.93190336635453,19.693267048630247,1
85.14794154587575,14.853240932539729,-109.08886103496005,226.3823543771339,47.91943801060799,-185.6105338299329,-261.22544544603267,-315.4348427810901,312.1930513917035,172.94597382669014,-165.8954721836906,-340.8520782414813,2.0427744192411645,-9.342791102919044,137.0519138358179,314.6248881426338,403.5610676691708,-19.813693270551823,-162.44284735131671,-51.14168296596262,282.98606273533704,267.1920596811643,141.00400131090825,-108.66089053268678,-519.6569377816415,-38.51226596774335,1
22.619279543440285,-172.57869590421598,75.59185986150928,263.1317186688741,61.19059532602613,-587.5423735971644,22.085367545928456,125.71891053939882,419.3536574315652,100.660025145576,284.8758617526763,121.97567135784529,85.60013423235796,272.0975183364299,418.3265109259448,-107.91758144878504,98.30760660062074,-209.2418265157896,164.3601904038886,-66.78478481558115,-103.2355805536937,58.97868442441224,-78.40739718110657,-180.9834642963134,817.2793095998767,-15.85912767321639,1
7.484322232938206,-569.8627990065665,63.210536072343245,111.58498870582632,-54.72883040280216,456.7645590230616,-191.22031505029105,94.46895590922324,454.6697070356289,266.75373500457243,-235.4552704451461,307.35546637368634,-78.82010083748678,385.8942019386481,-37.4245599329477,133.7254453175014,298.854722058416,301.1751623039132,401.34053157051744,28.70886831540095,-104.39989661819286,-583.4583485294395,-147.43215090874497,-82.47816708788073,351.6609898459195,43.99717968294098,1
-85.87039712508192,-726.1219741914658,60.17476873949403,-218.75719822930552,-31.203031826369152,231.6527442847896,-254.2107834083512,-373.7085493681079,1390.0348601837184,94.33078592549002,251.92549749140505,-386.1201880611974,103.63813308510136,-464.0698552999761,221.27695918956863,118.15906979088795,189.37730448960667,155.40367644554618,-506.8257063536806,-133.87965050781884,35.27190713171314,-156.75997413232577,-79.80802059401529,-134.89832132295533,364.34129040183336,-48.55471893545207,0
38.689206535880885,-247.59359872077917,96.9901836655664,24.01773386618016,-9.974704511524202,-194.41726992816515,-643.1769251488477,-35.02734252290603,198.2936440044099,311.1742292774505,-19.76370355201024,-593.7472657174168,-2.3299682057818805,215.19787808391024,267.0760219343467,-94.02931056103957,-150.22906427837708,448.48431828504965,-179.6465822236791,-17.293820224709357,275.71153070681737,-355.6894602826802,19.96467577397092,-190.19631453445425,66.92086652876893,-52.02593354665599,0
-52.16218653429398,-217.5752880777233,124.82106435709676,-70.86761035352579,-54.57819572413847,236.6481203478451,-87.99349733223713,-226.86845854433247,928.6463304646146,324.2307650810837,275.372872887882,-50.26572934500847,41.75010439073193,38.37516950878934,37.19675562694126,115.36357958907188,387.9400448225216,90.07354797828012,-388.8089619457489,-26.204405995733676,169.55156282409806,-415.2749592158744,-10.84121476574711,-146.9058862688213,158.07495538405297,-32.775742253143314,0
146.31978146687152,-261.13493209268233,-19.87511241984832,-83.70937156039753,39.760019225762576,-195.9763134562785,-611.3731830923225,-486.1295224008345,97.13890178516716,17.621032589390627,-158.7927937152699,160.50765006004966,67.44005193576291,-384.1387034295666,137.78871002514396,395.0693430148314,449.22995941567694,-406.2436896575324,-413.0935177354606,-57.94073055532561,-135.007482646943,133.7624239833442,75.48334201219178,53.90236964935546,-272.92601327120246,-53.357109214673095,1
92.93931304103629,-307.8479279656565,6.215049584605046,26.741792867894155,-73.79524882380284,549.8149940106933,-354.9243704911119,369.0436281074598,73.49087931161256,302.0148118401761,104.1799782468216,337.0542056514776,-115.27043961840322,346.3712661152013,-105.62089017252296,289.1640330596386,162.5155189712548,673.6213917658081,-192.42306471417027,-1.65191748638434,38.70181526858331,-687.7955908870754,-49.62438548457936,-56.22954417149637,387.60352249931015,28.562423501057992,1
147.55930071379908,-379.5424027344896,96.10356006349456,-94.96122044508806,-50.09913479648442,827.5199314764268,351.1131958854912,-151.40124913243946,1346.3369365084966,462.9025977916814,126.6344918080334,-10.899168163878253,69.56217664377097,-66.5715276660518,221.29723749999224,12.162944744244848,29.338268154445707,1113.5508788649536,-145.71689328630404,-3.0940278621506234,217.69959577209372,70.97661917598803,-95.46451050480822,-85.59802449346363,-141.21788637117663,-25.97606854251711,0
118.43936268080432,311.70733227978,-74.86162526683297,116.1805177360036,25.00848581683031,-848.2292272822207,-479.79531991312905,-184.43590040655576,-645.470926547003,115.09445765215686,55.825902270937945,-176.35141349103102,96.71007964373284,-598.5584564788899,366.5767988035296,598.2779044280487,128.91994692885828,-573.5591309484839,-605.3355094770494,-20.34969255300904,-276.05585744109027,247.1314961284953,62.60271090221183,132.9496389310264,-443.4984289855189,-20.80559251306301,1
55.18011701049582,-59.20763293101141,81.777525172955,-150.0699380900595,0.1402816588051392,-638.7286389491329,380.865948604743,128.72121788119435,113.95516545845014,38.092296702733904,283.83403638629983,202.980542363875,9.183881534455402,412.1934849889234,-402.9754045012902,-243.26870615593705,310.4385954009155,-261.6373664480656,302.1818798526796,-67.09120702543494,347.3406473172826,-85.24757095697065,93.96462468299924,-49.07324070576415,440.94732482336894,57.79533088925719,1
30.09139703847708,-778.3969268698887,143.94541373153226,-255.27662664138697,62.28690295799248,-638.9163217810044,508.53930764586886,-78.35232057365832,125.19090466111032,334.78121714777143,181.3029250770425,284.37575196632235,37.02275982523266,33.23268222872688,-291.7276890231417,-311.14120203382834,-69.9417644937238,-24.6602246914766,74.52359667258358,-91.44940062487552,348.1952060600345,-358.41756395523663,-29.32285872533932,-206.15881642589608,589.53591048872,-2.4811742412255704,1
-83.15921534517528,-857.4250286198585,105.5729356005507,-125.24543003713144,-36.5129803863098,295.327319520968,-471.2456133556839,-15.632591990873276,921.5633898967744,145.43526745789828,286.2081684393112,-414.3248840096837,56.31427118197302,-598.1417439933555,309.59659408924824,356.18772131126457,-133.27336818874537,364.96795880656384,-344.5768526896332,-47.06685691933764,118.8944398090851,-690.8052038550632,-250.4277070468396,-169.35635960613388,444.6586869311373,36.550136277375,0
97.17051784064527,-159.48621732025174,34.378171788804465,55.67315408921707,-0.8098299060536451,233.38277766200895,43.60596988167732,272.96076815627106,114.23570466840172,207.4111711046125,-9.933928297089103,132.8716780549365,-91.28862862378872,588.6962824383976,95.30335704154632,250.01945190198435,427.8411425144891,364.6218600975305,-86.72624989837877,52.218445048499305,-150.41005172195554,-401.5518625575136,-41.76986195937226,-29.657428946533862,327.79712093793387,39.41697072795713,1
58.07355854128417,455.4130863061027,-94.77860417634628,112.07967014176069,51.45269047042216,-127.94427834788088,-33.72955904188261,109.01391789076676,-696.4098976945285,226.31456899336536,169.00436656517093,-238.7030439980769,26.1529130136114,-99.58849468202534,143.12931694002074,136.4283811831272,-51.03381303034167,-113.1286560819758,-225.35597738289445,-71.30457050713028,-428.45446289378674,1059.3503187776714,120.32665637536697,305.2654487138276,-369.324425119432,-53.43651924257749,1
49.3389223458035,480.9175559383847,2.718956488148905,210.78084139861969,28.44755483858369,-849.1888567813386,-371.8546334140127,-36.11938064731663,-906.7084975507274,122.95194950161634,114.33293186157586,7.635863547255997,78.48114002895586,-445.9446466941501,305.263303995318,374.743511165101,3.2200603855833894,-355.0987494392984,79.37074769470927,-60.45942016775141,-664.5877385702291,978.7974262232664,92.28490421639133,263.3486874692908,-169.75441447957456,-22.666569745601706,1
159.85166357899658,-147.79445241788747,-99.7853160273084,22.235379106039744,7.064032796337694,-366.726253852379,551.8000221489591,331.73851763190845,-283.2303904226461,-292.34846977823224,-142.18651753252936,-41.56132000484005,-108.50401599184669,505.3515837604828,293.0341140750172,695.8169798217923,381.62227841133455,359.65161579496606,415.7113558186704,132.72629966417674,-70.29055481439288,308.2003948897891,130.76571869246564,-266.5108050785525,640.1917049861415,5.139293674558269,0
-137.78964780222563,-215.83986367825628,45.38120168669609,-147.9412436946943,-25.59400091507653,145.1478333956709,-342.7160069904373,6.951409446871973,141.3449416276011,177.01654352570984,314.46036653346187,-161.8230620442045,36.79254286420157,-163.64388434969445,226.81454113353948,502.477729411008,23.60327069290525,758.8574914991204,110.1058805311358,47.04620655439981,468.1437629730511,-289.60668299447167,-164.89817090782338,-85.10016914216315,152.61205636823632,13.684586396137927,0
82.52019960620872,187.81670924293292,-9.294629772086829,113.03648041674916,68.3769257587516,-518.2320978017857,-628.6006058406472,-188.46712431975632,-1111.05505827787,278.31302494166493,316.9339632274601,-124.10336349353152,113.69669039673612,-312.7024684455764,247.36807736030752,144.2411646445336,74.33482700681907,-290.0956904880824,-57.47346042944368,-116.88513115426603,-799.493670793877,753.6459681754062,81.52752896786592,294.1166233325704,-172.30921995107985,-55.85882054313552,1
61.65979203893795,-65.50414906299866,-59.96521962184793,-8.310763806459098,27.27921904154998,161.82536556728166,86.32386095515703,-83.25902905228062,189.24981645833384,138.2354246353087,131.54841777194073,285.1501043660509,-27.83493167216505,131.50651298437165,-153.28754172028803,-317.0698490495332,223.9884341827785,-48.95865178239403,-189.03031046788848,-43.21138476366965,186.3883835173093,47.35911537489934,153.9432054173168,-251.0860775352548,675.976102811559,13.358356542843437,1
185.84520219054488,9.695902083020162,113.705898775891,320.2627788101027,-68.77123884113617,537.0820784795819,-654.378058021414,241.8618205059361,435.0877800672607,327.1123758273281,114.3543600325348,204.77343181646444,-51.702932771504685,682.8729032450047,-146.1493305801814,550.8255202546827,-214.63831101466744,312.2011243595882,-390.7684341586915,-43.4641382388498,251.17901053663164,-381.2443792664151,-86.25289488908463,-111.13099488349384,-59.14508916732587,26.07815817989347,1
-71.15425800802343,360.664811534329,84.73285818425975,-128.79842668975016,-30.198384508070625,254.77578183684128,-266.26960457076785,527.5365981465781,169.26088014210032,-175.71368567025954,601.4566127986777,25.80360403951765,-67.73343450219143,-535.6598955483611,298.18580650835963,-260.4178258660578,-448.2441244511679,-317.8299863394137,220.3670026910168,-122.1866480261361,179.83128101634165,-341.29721051974246,-46.41022411840176,-158.18380411030552,-289.495790340773,-19.95266313712499,0
-124.88896774986324,-335.338398263055,-3.111927806581436,-25.23339871802188,-41.76979651495923,50.624894337798665,-337.0190766636391,-39.7952316704165,538.3803274881575,351.80562573097626,151.54265394446313,-254.97548392952507,-47.04068844628233,-367.9717297160092,245.31648847367777,275.9600858398253,90.56994438094824,231.51773698697585,-95.0098811840471,-69.63514252722953,23.65645732057713,-368.77227134561656,-200.7964205309913,-109.35778306904496,140.6494438445023,-2.9081128024182363,0
207.20833322388964,-189.27934433198536,56.89027965813029,-181.29808735248528,-10.497856522121417,41.35627952278617,230.0003995237748,329.87966750408657,631.7494376744296,157.00166401958788,278.16100642062065,249.9205768275203,80.45770211196906,65.333846904824,-103.92867178100354,-211.67289944608848,432.92922367804016,-428.24088964729447,433.8886255973269,-158.057872730179,522.4463340422749,-359.71339439117884,51.14721972347376,-162.15380439427716,533.7626131744743,32.793847277290844,1
-45.08148647297968,597.1125082934007,-51.94861348362536,185.6313116545862,15.2356029346723,-249.63782810818088,54.52096290371502,-332.5811763766078,146.9773411165898,-58.19058351293249,-72.77966799255655,-226.13481972202737,40.83395585975304,-81.04318153804404,194.69610259764264,-45.841500478307616,240.74139886103717,-337.9995807582435,305.5778097763951,-107.40882153309852,-180.7899474317002,210.30834100291645,77.25849817352226,-108.07387027954589,-415.2791503880848,-27.85498152302002,1
122.50466193025918,-515.033510344319,-26.02597575580005,-154.47349447797313,4.245145350703048,111.76283562057252,225.9555823216528,148.28123928466945,68.22588433608591,255.20231461341965,31.371196838766203,454.9893866809351,19.73244427991945,141.12274319378974,-371.8172376790273,-213.59030008217135,237.04034584544348,-239.61071324427752,176.29219544749023,-128.59293947505793,148.4504626725209,-304.10508715064486,28.042859516238742,-102.11850624164973,417.71602043838703,7.006653157025312,1
111.40787143433234,-254.43587401850783,66.31130372117323,-62.77096061952541,39.789646931711786,454.4058249097918,365.9058459587532,353.735521545455,42.02512675653447,-264.0176720376389,-1.658940908838166,-239.181152196693,-33.71522429225566,457.3193957004496,96.32849861262127,475.4350591746274,484.83464936888174,321.0481487828956,339.1896844151471,138.82575639589888,15.040684231618703,603.6319728943738,239.50368595272636,-29.818287367914703,228.8651309416296,26.751707631215343,0
67.85089163478769,-540.896671269887,-17.872903245556007,52.59702503334673,26.23515610628869,439.7702594596561,-8.49917020394956,407.24801037771937,942.827803253805,-276.1799375504344,21.97159555942794,-335.3250175196066,-41.44399251140644,-182.74392775004543,390.6149355339069,56.94837776539947,791.4504549078125,-198.11750593209612,423.1514307371257,86.80310849028643,34.360637162021554,265.2652207698247,125.68783080501365,-89.50566562542424,76.67974135141571,39.38690734339927,0
10.56721591129132,-435.7853475273657,238.24605825246863,-371.6910908976242,55.85740118664955,-212.32539302842468,981.8558071420052,394.6086974740438,28.622048836847654,-105.42657044871628,-49.16325806665102,-322.45645511233096,128.10927714343194,326.1800473365697,-166.84927104399063,-287.55574226878133,104.89553474095328,-574.5341650688213,311.0396506867441,-59.24192966389426,303.36823510634827,-670.9298357590143,174.31790775672172,-75.41685536393857,303.17890350936585,31.69825144949069,1
42.03147320933383,101.01978002988362,37.42682594722024,-286.1611486953534,36.8994752522068,262.9723486073388,455.9935972113256,205.3244191142863,-899.1866395206179,85.587365432742,101.46279900393664,-58.61078748944622,114.7226498795651,520.1623403302702,-392.958025318979,-565.7028480853379,140.6612009490714,-317.69908550548257,264.14890031390246,19.08239730869309,91.78481265949668,-416.742520487342,99.82814034147104,-12.60870717357786,487.6582359952656,21.7189663103218,1
-165.51651286472605,68.46896016438303,173.94029159977896,62.59293711210423,3.729271806728094,704.7322186884369,742.9527379043666,155.56091284772518,702.1214741861979,-242.980053123208,98.23882573006242,12.270125723274315,-58.88139117393903,-216.66180188899804,324.30809925578114,247.8655835066957,-464.8973387228819,365.02316514633713,728.2703291376365,-74.22812789774352,66.69209576996799,-45.12177144415352,-11.521497170038964,-87.84585690563408,-468.02498845739865,21.6939749698736,0
-1.8615932907349784,-473.9264922159413,15.812385554803718,-122.31439822746748,-31.057670457080874,403.5573074402522,-209.9583873731136,-351.127459535806,1303.8734231718531,233.2320331367209,160.1128279077883,-251.23532836136656,61.984887373059976,-458.2396872661081,236.48257762864364,198.0935031397898,150.26429455495187,458.5447859348872,-397.5173245265165,-65.02378099250534,239.37907390545587,199.97103611701635,-107.03288562025526,-76.0187771626949,371.83797183487576,-55.20138497900321,0
2.417550864029801,-318.3848034237216,74.80344776696371,-116.66571362281525,6.1399757686275125,-590.3097695729556,289.3414860669752,84.60631163492555,127.18675369244562,138.10582931687446,395.5169565518951,413.3509627008304,-0.4320261459046066,-27.33534834540506,-333.469241238492,-239.36162350267512,151.65728034682851,-222.538253573808,-1.0596558408325358,-69.9944188619371,322.94091731763183,-89.6819174841695,147.20808581117723,-75.49363434363835,339.553329911308,41.96669466426516,1
203.22280325111765,257.2773600707325,156.93201008695976,181.9675644922293,-46.50044279535923,515.1698108062797,-482.6345402004152,-189.96824655169388,521.8864108731987,170.21597754334985,28.360219117104272,310.4641292793128,-75.12161350535577,-13.755374599322492,-112.81237431133768,869.9295377310137,17.435294246486205,576.1200860048439,-534.2342662836394,-64.26463139885423,246.5008735762861,-202.74376653116516,41.58600264961091,-177.81261081767403,156.4002747051877,-11.846481886483756,1
77.80104231942171,325.74927040446653,-107.6842112016472,187.86743760884156,-12.211664674002597,210.49159228707424,-422.6967795090869,69.38350906886818,396.3559672686381,-194.72740774784447,125.48228675213932,324.0269853652946,62.45449026241712,-141.11223001658422,408.4151059831134,137.10879940938602,294.6634283182972,-137.1832141392455,-172.72109463176218,-81.83138667604683,36.90368609664661,-128.29779774379958,97.7055952376892,-10.115729450754566,-11.240784125133375,-33.68199696902675,1
-1.040510565016293,65.87208943278709,74.15959004588612,58.10723688001372,37.74768373638759,-368.2596677707172,196.11061306994773,211.66587035991355,121.08535121459458,48.166788427950266,103.02437309011044,24.913836241200432,88.72238851241991,471.8961664392005,-72.94849080283896,-462.0772509034824,580.7702251934967,141.6267147533735,523.155789653301,-31.26508669015468,3.9736889510560096,-392.0926721549717,-65.25639717704196,-38.77270640387258,418.15630315350575,-2.3413079725991874,1
-91.58762162590612,305.3337088688492,-7.271009956598426,288.3483902231922,1.868589179284359,685.4815237436383,354.9454026392539,53.99191357403783,217.66166029001357,-23.415852163170342,320.39107646348987,268.098394090945,-22.67517662168489,-288.43088551188964,414.41081088165294,94.93304512863575,-439.8785221887825,178.92505080198208,560.2399077155422,-133.6891921762702,17.075336934048067,-250.2952324517868,-30.040932198262333,78.58462714335593,-850.6041960017675,-62.30537287607423,0
143.16206496003858,-103.84189711418972,7.081834159352525,-72.65180648193902,27.843888676656725,-57.879446989190086,597.3310899981385,388.0035937557858,-776.5284309385265,203.38762114464825,357.53950028124086,68.81211427580674,50.51332720852338,457.4922941891449,-491.32831684064365,-410.0724899864063,304.0297241994765,-261.32556329604347,403.5722598484009,-6.964182689174834,252.77144748745735,-643.2771384224083,141.02154600669846,-39.83145708685518,-87.72061001409618,44.99198617137743,1
193.1493131878691,222.19795571368505,-95.03266746166987,306.96853025379227,19.591809788808227,-111.3177698302732,169.73163232333326,-60.61610262787867,217.5989187194944,248.2309350628584,326.2788925684964,-281.7656204165752,-10.645065672550713,-31.816556972016045,389.5312689383725,327.7177430880055,134.83426145582888,29.264512423356397,-585.8354316457805,26.804557052081226,219.31024356679737,297.7740158716487,162.21976418766943,196.66328164595112,-515.3882317866631,-78.55528548063766,1
32.80223080766082,-465.7511811429713,12.880130298902277,-323.2933814030744,29.47208547346819,-60.9634977058997,267.20474298170103,25.768056084672427,-61.23147103261645,148.9608585039174,163.54570546336691,371.7495454297634,-5.674729882964104,-123.34852762410736,-295.45666703827254,-300.3697287994771,102.86053366543968,-470.9882467659433,-74.31864154700038,-82.91944266982924,280.9953098827072,-437.7886943579536,143.65085551815153,-182.35764041490015,-176.74008174633897,53.62838766214008,1
211.1212090786327,377.5728111119375,99.31321358592136,-229.5023084703957,16.370497592296932,-428.9709864725784,-111.13351094805012,532.872643846546,-246.626876951949,8.91370975991586,118.14488187675212,254.6523553240564,121.54437672553236,378.9703304211639,45.70937151548436,-556.3960413883992,29.831474975263006,-453.1776727051487,441.75923513594375,-62.50140528260749,313.52947572271785,105.61119865489904,85.09070129805461,-85.70103355404915,257.0784817484763,38.98647545629082,1
101.47690612650776,439.7442754300043,-86.29009501536444,-17.766406751592978,42.95455134627994,-46.41219928337885,-1.0819674825743348,-409.9235383273719,187.56663170556047,183.31238897552964,34.16716876624274,-272.7225796796166,46.151956849377015,67.42600268827306,285.2532899978414,-160.14713532820755,435.0353634335443,22.623641907752884,-324.47869231215753,-10.68377812459417,-26.57766477213303,98.59265970204906,52.50834766291842,-42.881052120303664,-603.4986719294138,-75.7691218144431,1
170.31847550409182,36.69027095070792,109.6590265155416,-296.0838848421279,25.74767795158797,-330.82556962062165,-26.74766549981854,231.85794384767183,-442.8125088831785,190.4421710695421,230.48320126892577,358.5129892171847,120.09303231118444,144.22868230462004,-85.07644452474251,-581.6542984633651,78.29170172870968,-252.9937541505739,343.35711221225665,-3.939220160936268,326.3453305745017,-186.17482985183847,42.62567731655264,-87.02039741207354,492.92649828626696,37.66401194621248,1
13.5106593499661,-54.68808970056368,95.89785144945957,168.27518893059056,-47.01600453263843,559.4913139340426,-355.2936586512153,149.2941663240372,970.691831181227,137.4159464919556,-1.0850906276460472,250.1070385947895,-85.62170239771173,56.4197483824919,48.84495689145904,631.8687580741672,40.81959619417188,719.6013558709087,-388.1163863089714,14.949254167302506,462.8376755145623,-220.7367332957132,-65.87808962751777,-141.55726942507263,86.02735461527799,40.808697965761226,1
75.42848654587982,-451.6026572855344,-93.5550499262028,230.3927864421169,31.28932536715682,299.572922671818,434.23343333340944,358.76025039293575,518.9368690113619,-294.2476580782607,-25.227203701199407,-384.86723430412695,-105.00521652283804,231.7351336524653,320.84085913867256,510.7779900217917,387.29060190024336,580.6009403307455,528.2606326252277,56.09143483606125,80.52391795145093,449.6435256354082,124.75577678207924,-31.22054450825528,512.4103216158276,15.698408396956037,0
127.3795999100561,-589.9428832692342,79.53838087785473,-49.4371307938984,-67.53059650961873,-182.38308265841448,-90.57951576242364,-155.45263635161828,-30.571517316564,280.8223435525857,-231.669885183258,-207.9856846093351,-89.21338236164405,43.56952949170572,59.71719434626252,583.8421104833795,196.51195091830093,208.50010674015024,285.7684488412525,-4.761636723590934,-359.9089645418392,-443.1970660908223,-93.87737454807606,-84.33849117235923,880.3366353791384,65.11588981300854,1
59.25518952281806,-542.4990697897892,71.4927526040559,141.96443053639948,-38.76373520987228,222.40033250254848,-196.84209273727328,164.09101078331253,1066.8022646255092,331.12726062597005,-227.9028143363824,220.79401580619145,-96.88081895409938,75.95757424950588,-114.64849230453235,194.01622590270023,196.2047997867763,406.6919836813042,22.64866709386974,-110.11327193980462,102.62715343779848,-244.0194863092855,-127.60900863431526,-41.70519203526795,299.97152132810606,51.27221613797822,1
87.26557734127528,-268.1014003310636,3.441189051031097,283.20177244535427,18.32973833163477,-310.2467065572771,374.652392766934,428.1851994789411,871.3734007078356,-225.93066146012967,-345.00728171951835,-159.5702514722489,-68.67975534597414,370.5421528347905,462.0101330962236,506.370389431123,420.44151815464846,461.1968318797459,513.1074536424428,96.69138173153677,318.5368571817746,327.9697149629156,16.288749983702655,-193.86204348695173,615.2444031424178,-32.091711863662134,0
196.3036108871765,73.63709382258487,-121.44482925683172,223.26492409728243,-10.726301778929187,-587.0899522033905,-293.8944428112468,-477.2989759060004,-201.8124840286457,-189.7051583621461,-139.32280225022902,177.08301969923463,-30.875470066082244,-131.451273703538,-140.5605179035757,561.8981455521907,415.5322417128164,166.20561665615287,-286.0212823387178,10.708293081434253,-335.70994261845544,-5.734242562606013,-31.69747384890381,-86.45279559386869,241.36250711989325,-62.12279879683094,1
183.5630902921506,-302.59393889161095,135.3932013837159,382.9789727590316,13.20104140810637,871.5302369629472,-266.09056266576454,346.12305396175645,1746.9988924368076,-115.30139143227588,-150.01566449921054,158.59066566873346,-96.08403247864504,108.30265240015687,-348.0332069988752,298.96434405352926,298.99359636914994,-197.54775110547348,-451.30733994066304,-68.84813722441838,487.4572562791111,-43.620440189751946,-28.85556896396056,-198.069149615944,42.22310053071124,-9.152365113352063,1
-122.19333476064767,-529.6508590359422,39.784842022612416,-269.15562893316184,-45.72014092569569,597.120426090666,189.39403226769883,459.08343599597976,400.5884714483566,-130.43705613614011,255.934710546493,-275.2456127122709,-48.59011893337991,-388.4103039030407,342.77148214716624,290.8938102771127,-261.9213186313926,-432.89741818898,336.4393534523521,-59.214583525164606,31.576575299571395,-351.62291598099966,-70.47034325668788,-204.24708993901604,-145.78715747523822,-5.488646274862155,0
163.64324603298343,4.6069821246160885,-33.25438059146263,-27.57097478516097,50.57627472837656,98.2167301568763,427.7396311544061,116.35752807817774,309.45577711606035,-308.7128376835958,81.26667999599296,227.8288595159624,-87.9865556277996,166.63147789114385,402.3396519682939,67.24289721776962,468.3115778522404,207.5362128485007,508.1136957457203,12.337922959546113,-45.9954556526809,198.1711463792197,184.17022435012385,-195.1401636647248,455.1823653880958,33.89228729847906,0
71.05111007129285,-300.58913142390435,60.5376594530084,404.4712711687833,-23.163254496905523,778.1647943280152,-470.2971750435597,680.6839910035965,783.8697987822713,175.49901120009483,-196.87526047407337,336.7515302048531,-74.63570771256332,61.88926505819797,-315.44683334079,349.2950441481603,92.7531088744553,328.598328751286,-354.8074463720282,-117.43862263610654,239.19813558305592,-286.070321008991,18.666306187809035,-67.4954023356764,41.671733166817965,20.28782304957412,1
45.7871367630475,369.5243000450489,-193.612219744644,613.740581514352,22.031088545130004,-741.441994571435,-195.4685544354915,116.86078698749724,-149.4896363197669,193.1852589235116,218.9667337119693,-420.2403504551776,52.30783555395583,-233.06584525329652,174.05180829825508,451.92206667050567,-168.4681422359857,410.089183290428,-159.6516619677906,-164.32123654351494,-146.65680835532245,819.211309390164,68.95031287388935,124.96406762081656,-511.6361887801317,1.859710587166876,1
70.25080965793117,-71.31493487394037,-64.5937480233737,306.0281219014744,44.36893703169339,136.3699837802654,280.18295283217503,254.6821034604792,249.24445928449984,109.51022831608982,-308.42047770724065,-212.73796169408485,-39.48310271822716,401.2979967742753,221.6639782262793,191.84258593443437,-53.14503922769534,561.4524045018876,291.2684413563881,96.65668388156496,446.637114354258,343.3681082587972,-1.9287484071994987,-174.67525460500644,235.36224367422184,-2.8169256811921817,0
133.1115427189154,292.0321498919822,-13.61586192721239,313.8734920022978,29.357942334573973,-530.239731913268,17.363232112614277,-183.62217266733637,214.3814734364324,206.18704539446324,37.19261303360213,-227.10263739919537,62.10326925514696,-342.2989936973067,364.4560489792812,1012.716218809298,163.54648842822314,-121.82227671152424,-262.9075464573264,-155.70427767512584,-118.79784819185956,520.1318475471901,95.07285260195384,85.85176705847509,-390.1450649933681,30.205827776328725,1
183.5801943473392,159.5788815571588,-110.83576356856324,54.01858918737239,40.28836977013594,-418.46405458174746,-490.7846616666986,-448.9883844041101,-661.4824882208454,235.4389569440767,190.70003131768095,-202.12910371414185,27.485628742192496,-289.1125460889507,-219.2462830945254,89.12950519303001,250.74787188815557,138.54925577629223,-313.43504720433486,-17.087701129000816,-206.14703178832852,510.8592634796259,-0.7582407210011688,194.36413329744215,-220.62143119255248,-32.59159997974596,1
