0,1,2,3,4,5,6,7,8,9,10,11,12,13,14,15,16,17,18,19,target
0.20731628782514672,0.5474778659749292,0.2544421584306934,0.7739328279858418,0.6267612042726187,0.43088268675744423,0.80914833073533,0.6921575048987526,0.42393927247837665,0.5838198691605248,0.3820554268942817,0.6370273783117009,0.5183871605272721,0.8254593310604507,0.37053054392570917,0.3600985181154793,0.273118014226139,0.6117556906663666,0.22985558796032013,0.6441059072162976,1
0.2308024249855286,0.7020318206852316,0.2156720421579187,0.7125078271982185,0.6786265422019332,0.2160366813033121,0.737845753588809,0.6420985789176306,0.4066338070045053,0.55757019176128,0.3274956831937125,0.5397936372912839,0.23301158030485225,0.6587731573746547,0.24192524907194024,0.5118784055102847,0.0,0.39526868014615146,0.37306132444074375,0.7727396005982592,1
0.22031822216172592,0.24992843469425213,0.6871252969693094,0.47269422861303656,0.48891254550570523,0.3449690763524358,0.24919612852807677,0.3564036793724377,0.7440836951971666,0.397129897615743,0.4986961226985444,0.5834986569184599,0.5277777298379209,0.2785984143150651,0.6641919641487861,0.2583885693299426,0.6227994183142747,0.168376800467831,0.43360040726791804,0.37277319675115705,0
0.7739646750876157,0.5493397462366206,0.6407543711733342,0.302444687822158,0.7791447924918473,0.7118463712036088,0.7500016476022346,0.14925845434019291,0.39828258893858104,0.605243251774202,0.1057979822333931,0.6068600361890849,0.33851341852727657,0.25990665118765865,0.3224873119607877,0.5182562256365926,0.4549141662313446,0.6420279339947348,0.8467579623002206,0.7076789974524504,0
0.32691330866725293,0.7762696607389158,0.7159794734167273,0.8507761997794492,0.8143787690207149,0.6573506902560227,0.7008744319211936,0.1981159472417166,0.19182446531348685,0.7423996630433863,0.6005279897291438,0.5901641214263813,0.5719853481259817,0.38302158970209477,0.18693829316502775,0.49379633411280693,0.6372935799014254,0.7068194832755255,0.6227515055503764,0.7441431571315896,1
0.29646633930242394,0.34000076970738313,0.7242046740461386,0.2344445393841177,0.3077733748545529,0.27882321243983277,0.5765189172976514,0.261809797854248,0.5023246757000637,0.1628092861739145,0.6359201830445543,0.14328476774776722,0.3298352062330996,0.4128642941734,0.7490325913870581,0.6363390384485869,0.4554952457436119,0.3295552857315291,0.34123760153443916,0.7224904631928524,0
0.11831085309021483,0.915260199262736,0.20196839457165905,0.6015654013908758,1.0,0.37592655848427003,0.6878983944269889,0.7012485201248013,0.4403244046855049,0.5770248329641113,0.45480895193817045,0.6395889597713547,0.5967251142012386,0.6589829763676528,0.3145534782625415,0.36883809765143916,0.12251477850946205,0.6283408169153188,0.2109691745924065,0.7559024608643564,1
0.8302275053595158,0.7998503394817376,0.31450901083466565,0.6563767421780986,0.16870128847928473,0.39236935941579487,0.703882995904942,0.35761217200021084,0.05479431191573453,0.6855267761249678,0.5463569777913154,0.26267726073798686,0.6776061594367697,0.9252181019798216,0.2268017625346146,0.5098893859148143,0.3603191787352699,0.6414295630383183,0.08695337981576351,0.6898824179568035,1
0.2994474795800598,0.2672396803690028,0.7698256267293162,0.7340719402795788,0.6806952534066957,0.27070380373064307,0.6485915707450811,0.5694111114109583,0.6840370853386124,0.36686756506731216,0.528924581540643,0.28443209966888255,0.47076169430990694,0.21223989809809846,0.3657155591978387,0.47126857630356345,0.467907070078862,0.27164461828147196,0.38869472082101386,0.322241924547382,1
0.3315443224378643,0.31601063967919263,0.6604047955057952,0.6875901471089878,0.7061696017810243,0.2263076859535662,0.6814148388976405,0.6507571875901661,0.7175624280253132,0.3547951042305879,0.8047049647240394,0.22737300312790906,0.6802290366043156,0.32769976337789164,0.3052299917963036,0.2592482066616794,0.4282033114595722,0.28754991036626115,0.16302570965330876,0.16915332344981726,1
0.2646303144437268,0.3578829478239402,0.7079632030053911,0.17255760509925988,0.9018120843994568,0.20377672673097086,0.7949593847628247,0.6089876790207104,0.7054484363591933,0.27295341070326873,0.5278321770716499,0.7174433400663092,0.20695037727501536,0.8131213985423674,0.7211710318264302,0.4703355923940632,0.5423807582435847,0.5979504125592623,0.2889092503287777,0.6786658262489964,0
0.841530447192514,0.7435645759484135,0.2468736000182898,0.5230186788975992,0.461048690659395,0.23282879980153187,0.674197789789001,0.21480449802898705,0.20104160193922216,0.527709460041971,0.3760028387385287,0.1909993760084176,0.6291597548434611,0.8138906098522802,0.2142349190561148,0.5879135478982809,0.1273714798435167,0.36503877163539145,0.3309600138172213,0.6434105517479769,1
0.9163078949737773,0.8904992118530591,0.44958911882850805,0.2914515167973619,0.5583698225660806,0.6475461811432632,0.8633014065919855,0.25310790513436776,0.358975350917767,0.6578398898237805,0.46130036202426167,0.5809574017886714,0.5918561770916596,0.10493848358092395,0.3646457685151685,0.436777052378134,0.4089536011085319,0.8264096341720326,0.6750140427726129,0.6982124112268613,0
0.630475358085495,0.8575733306883694,0.32848067369538414,0.7441684166908356,0.42086340309178516,0.32985570256931507,0.6505290547813598,0.26335474810239956,0.1473997929500528,0.5944311697084241,0.34956863241684505,0.2320693227108041,0.39483393664938055,0.8051318471350987,0.34312680008327384,0.4997791149508251,0.2998649622163948,0.48010102023951023,0.3223025947187145,0.6472856118387427,1
0.20504651973389826,0.9176705658165646,0.5993415039974918,0.6927066601246299,0.8415130695409967,0.7410270964320812,0.5000155306027103,0.34317733284661434,0.12773003396546811,0.8860029914921934,0.6226384725586378,0.5130629247584411,0.460629764544741,0.49168746421180914,0.0,0.42960716984872943,0.09919628737900885,0.40019093035095626,0.8621181439207588,0.8440758279937114,1
0.3497860044199377,0.2829123840204525,0.6705553496481518,0.6702802814104111,0.622092727799279,0.32025785916679383,0.6688359332820804,0.7131447014583425,0.6504275901585184,0.37642003891901565,0.43949253600184685,0.17153195753328854,0.4056437075183259,0.27879995575080657,0.2798251394650725,0.44953025391867946,0.33026594222347594,0.3141276339834268,0.20918412287266586,0.3252677769586879,1
0.714318602290479,0.7737810088217562,0.6604292190568072,0.27388634389986416,0.7587173036543752,0.5319445092260487,0.7263994023866175,0.2660042329637637,0.35314238051641045,0.6342127339164411,0.302001742981411,0.6656244916761813,0.5252571887289018,0.44174708301578347,0.36397656793184224,0.5059707276771449,0.5148306778070684,0.7274384756942001,0.611620738459797,0.7713798964217009,0
0.1721691745664095,0.4101733037892756,0.7153806795512485,0.23333072670514513,0.21634645515605289,0.22612550856948765,0.7234188855480692,0.16724504470789103,0.48351372666344167,0.12277231809295691,0.712387002625024,0.18467877981688757,0.5516227080788503,0.3019393963682577,0.7783683234357819,0.754364394140955,0.5240840916845334,0.40756012848662293,0.3337896216205858,0.7687798705844595,0
0.21525263928177718,0.3833863161312414,0.5675424004550029,0.6437382427019646,0.7311894165329196,0.22398426931085674,0.7262961556949606,0.5993514815201162,0.7087932343929119,0.32729349439526567,0.29881186977256036,0.21609730228460966,0.5846576474133324,0.15952659310406886,0.25814496392517167,0.7572722752527652,0.2434473820196179,0.2308611450979316,0.30030867167320663,0.288247539520819,1
0.3945487246934798,0.24791951254912648,0.8543545219416486,0.6428282144233052,0.7866088074551421,0.31389277322349396,0.5768500349751406,0.7241826483886885,0.690335275542961,0.34474000883978373,0.4925197507698202,0.1795871638577216,0.6191008679644746,0.4831645391386707,0.45957499381726646,0.5928893762610509,0.4833702438798902,0.31255740917054947,0.25770060672155415,0.27594840601439596,1
0.34746381203119464,0.40174814902828315,0.7187636061947965,0.28103587748920755,0.8173600178826701,0.6304483144958225,0.47229898692801486,0.19479612866575238,0.5565133616337675,0.4708644316096567,0.45594571338098466,0.8111232647592215,0.2400321023490709,0.2210297229530937,0.5741223775545876,0.2617452695369869,0.7328149662723065,0.6387653770289645,0.5620974459300455,0.7882569215112554,1
0.24069666783386173,0.332531663449195,0.7726896360949057,0.2394130118983594,0.2835670710443695,0.4604632621598368,0.6424269341174751,0.2895405732554241,0.41439497760307853,0.25058507403256314,0.49043171955957393,0.22706542771329014,0.3832701937130257,0.527122010751471,0.7558728739085356,0.5045091539427523,0.49743660120434274,0.4637783087872852,0.40820554302577894,0.8147949015241153,0
0.5791037168954075,0.9165505127972331,0.598602381080734,0.12897121661190547,0.8939675240992551,0.9439859718944452,0.5421567761640198,0.20008532107215757,0.37719056793178574,0.680431141194912,0.2923446039496245,0.6262096519299443,0.37316683211590107,0.3052996659013908,0.46965822240573524,0.6915031863340917,0.5884616425737488,0.8395149077483992,0.5694248996839274,0.6118927610979591,0
0.25545162139118177,0.3586894259368651,0.7601083143411552,0.30367457685822197,0.7870434009846456,0.20082193996006914,0.7923154296462502,0.5476381054959542,0.5625146435110524,0.2512153160921833,0.45631173323022406,0.5427884566901359,0.5829275097063152,0.8661632690293724,0.723751419825774,0.5564003718939988,0.5557595888522127,0.5958288120868986,0.2701897190610368,0.7882563736811596,0
0.8199108784469352,0.731931027908319,0.22351045653247836,0.7956967756895139,0.2715137398994243,0.47488337412347986,0.5336417999213994,0.22847377255708684,0.08603596444898082,0.699121557700602,0.5691877335846511,0.29286117458592664,0.5411299089940972,0.8197162262055719,0.30835859918748787,0.6880081777331363,0.22504028799936715,0.43252309644126885,0.46754586124155617,0.7198936571887669,1
0.36391126290331477,0.36112014221692035,0.5695077431079455,0.12856068758064498,0.07430505037497626,0.30370311895119007,0.24391055546357243,0.1992937245155677,0.7090585322914761,0.40559848855297276,0.39295576400249355,0.6724125937451655,0.36232127958980453,0.38796154582482756,0.7932524401772905,0.4951298176460365,0.7319567881825806,0.24287597613592218,0.24072003747478712,0.3295930011844851,0
0.2831801272522275,0.75862597906117,0.5844618242275197,0.7594950608363278,0.6561910839468938,0.7812288471937553,0.6164750643479362,0.2606744763480293,0.3985304564060896,0.7641824925565333,0.3151255700805229,0.792450677516334,0.5754639703469224,0.18569750410188418,0.37541486116875233,0.7435130417013968,0.8076118965448802,0.7849620138078754,0.4893976895309726,0.4833086515417861,1
0.34265962418913637,0.7465295706094638,0.7382870622543832,0.7433147651931661,0.3601605367878699,0.759375622100743,0.197887380080418,0.595367890745747,0.40839927306009804,0.8775305055497867,0.36338267981446515,0.6102848351717671,0.3975391814842103,0.7432707156925138,0.7266784648539603,0.36609575022815743,0.5458719785351565,0.3592003610269714,0.739724157586092,0.36142098597101535,0
0.3102240334171751,0.32500261277655407,0.6674562278431229,0.739030334497184,0.7974302040585252,0.24361218787720096,0.7109011700031723,0.6511085598568543,0.7519069237602576,0.39197147103161756,0.30753962630231646,0.37511835604822724,0.38091950545543674,0.2010922504755993,0.3269227693371112,0.4442938880243124,0.39637244311943814,0.29460643708866413,0.39178255943923923,0.2618260124691194,1
0.6669758769475562,0.7216491424248792,0.34252605791964713,0.695275384035844,0.3697476671832639,0.1805966405109135,0.5970045277600318,0.35190749824873385,0.15178801723084456,0.586668364480768,0.3505392854210361,0.2750232408103035,0.6445109877611873,0.8794733187780073,0.2054984910494408,0.7956473891365485,0.23724298704553765,0.4059729036149556,0.18805570707200447,0.7557968626776097,1
0.33444162182688936,0.8182712920020391,0.6800752820985138,0.6527865679213367,0.25414847380175454,0.7131036872006258,0.12632272503055603,0.5930953468421158,0.41328899821141657,0.8388196835873684,0.34406169142253396,0.6024857108575877,0.18667294392077943,0.6468139170976069,0.7663946586466461,0.5493822075865115,0.5922458970310053,0.41397725605965713,0.5396625381467073,0.4063343626776923,0
0.21808183893710936,0.9432667744784093,0.49665686459987074,0.633403953079414,0.25728102942071884,0.603457533638572,0.22812477618756774,0.5107911103610077,0.4375199234617909,0.8022328892155137,0.4131679740750158,0.5366344756865532,0.5257244127807286,0.7236649471341782,0.7399456956213538,0.4030273536864244,0.39591450878016987,0.257486539746558,0.6001937901882443,0.2557709483883097,0
0.275894150502001,0.36231279518481685,0.7613354775816954,0.1374757545358244,0.9510387813394449,0.8011012400543502,0.3202611354629221,0.034658112316224565,0.533087589834898,0.3318453458067251,0.1606673797507837,0.6475197292718249,0.3501317084277564,0.11050593032572653,0.7750145272215132,0.456356515559091,0.6560946993364833,0.5825131444706297,0.7724442687145028,0.9798527158066125,1
0.368347022020573,0.6544636805379883,0.6782421973659164,0.6216940582499945,0.27177076428093294,0.5897189785295827,0.23786531956130727,0.7421114829966388,0.5376702918658123,0.7849821525468856,0.4145739089056983,0.4807083005280574,0.41635927493789515,0.743968233768691,0.7069682572625223,0.39917445041614713,0.2891936946670796,0.14444495338466054,0.7399263865779035,0.252141964950319,0
0.7126139773505779,0.793561672326341,0.19943094732497335,0.6553056030894089,0.2814372185147832,0.24723195013072546,0.6883275832216438,0.25193831586373616,0.18934923976481954,0.4986697332583296,0.28820564101343615,0.15736654064041355,0.7480721381452431,0.7330341708483433,0.354914893096243,0.27434471045826947,0.2293918635815891,0.45459094239256664,0.20152018636416086,0.6402964675559297,1
0.262808806566468,0.28748039073110654,0.6453900785759266,0.633686456007592,0.7849238635531338,0.28909850664265524,0.670331941249585,0.5710975803162205,0.6943662453380093,0.32532020074833445,0.7295945767627224,0.26269236995563133,0.2941046617422139,0.26231156607958384,0.3176252038991164,0.3462739189503864,0.3663980931694034,0.28554951433763914,0.29446687655069337,0.32886245287436977,1
0.20868432769557332,0.16983070447667226,0.5869585967029225,0.6094577770095722,0.7896630085210513,0.3063794343478511,0.7586025354410861,0.586525613152948,0.7159583100820346,0.3333163409299279,0.46476902542822446,0.3454115227605749,0.477043341029027,0.26011062303118293,0.18096989301876837,0.4421440523793424,0.3284935968757223,0.29911990955964785,0.2450484982389578,0.3317917175479538,1
0.4306731623091733,0.2178516854776495,0.49549874705778896,0.24608103922111968,0.21084093600909892,0.18847400147141807,0.2795655433871154,0.2049150807624965,0.7530854978297192,0.29794446889237586,0.5240308052809509,0.6949522240234212,0.4782713818545559,0.41630510341677623,0.8558047453166776,0.4255938204237262,0.7058968506314153,0.23299101056248595,0.27581757775425986,0.44270076582645834,0
0.2658257990453113,0.24578216768609135,0.6481333015288415,0.05644394529951119,0.19005248889288257,0.1745494401138747,0.4219302272038624,0.30183510028838,0.9320310448652032,0.32691365060150435,0.07324195383809895,0.7595979097930047,0.33236785213802406,0.15874614577851787,0.7517523196325654,0.5274545502109362,0.6624917730642041,0.1530200527100016,0.37956723288997296,0.2019575676884004,0
0.16278162504032007,0.43886379132730224,0.4083458186158092,0.3329256646369054,0.7358218521521919,0.293262603467936,0.713576880953415,0.517709081149194,0.6299455076397257,0.2995763189348104,0.498529007080338,0.6630832244433348,0.6528470761220093,0.9189010717796878,0.8339084412142537,0.7016999044229906,0.4081955554086053,0.5086775226476675,0.33382617317362817,0.6426296933048959,0
0.31393446379130235,0.6258565031844138,0.3681619315514219,0.6592322970739847,0.7337829135068346,0.3487056720908618,0.740555580930573,0.670578465652395,0.4446432822163562,0.6067534903982224,0.3776762843681564,0.6502202808535592,0.3031237169992222,0.8096412800220814,0.32478094252182926,0.4572402780276894,0.27172876181268324,0.5520119173277604,0.2933592238472852,0.6318134822072531,1
0.23936799066221892,0.2990942838424161,0.5757963034993148,0.23155839431298994,0.15942147996726735,0.17991994745900863,0.7831569585878232,0.16718372763657485,0.551907048141606,0.06070167310285368,0.5346202483213474,0.15776127351395314,0.6410474769926664,0.2563704828271627,0.7272388296168333,0.7029985969966326,0.5031349523937209,0.3948092039618767,0.19264115821039945,0.6607303629991349,0
0.7957137756691746,0.6867828575577408,0.6487205693999695,0.29845965164215393,0.7586432310658189,0.7597477807959958,0.6321229230356754,0.18518290355064182,0.40259412790020854,0.6485370246359353,0.6210629911235536,0.5990177216524782,0.5195712479731764,0.08458171715865398,0.3323779449438359,0.4732414881582062,0.5299160590897218,0.7127911705784032,0.7345398688152929,0.6857020444372582,0
0.27560220834593396,0.7504945372484506,0.7459653404754303,0.5597432246227985,0.7781316444701105,0.6886337218419718,0.9050608246582342,0.13557090886022938,0.31311038734216,0.5922516602246213,0.33543438915882157,0.6009246040789309,0.330345090723831,0.2518917646614052,0.34970043904400316,0.7085203312933965,0.7375362988821543,0.8428690231286045,0.5762962701077903,0.6717580584754201,1
0.72670113410715,0.7388759201928621,0.1794004477967685,0.6200225002047737,0.1874689259842639,0.4042057278058718,0.7294854566327853,0.1642328607509035,0.16843576975059948,0.5549649390517313,0.3383805511525171,0.28365659104056345,0.333582523045713,0.7179109971324525,0.36754105255103353,0.38002743432910646,0.3621874945503834,0.5726193831985062,0.20908789435625413,0.6198667424238,1
0.6842474112123724,0.7216420311070249,0.716312594041273,0.389378059585228,0.779929912943691,0.704543841947528,0.6686231427165362,0.3343769253363154,0.3787625544181507,0.6843624975871601,0.5451950457238952,0.5855482729154611,0.6791157544324434,0.2932889583616083,0.3313002239048364,0.48539976800110723,0.509992697130695,0.7031698297027519,0.6868868079226798,0.664300793296365,0
0.2795832728304545,0.6677216170443551,0.3035790048164228,0.6636043642444551,0.6751657650363257,0.29468012287111833,0.8623228308557318,0.6220508491238239,0.48876784267820444,0.5922893515020794,0.6056737454632739,0.7481849905436326,0.6045499806993081,0.760596533623358,0.39497263075829947,0.4003149425243704,0.29773875147381385,0.5805272702511202,0.35974410395155115,0.5922079734129382,1
0.3224258017274403,0.6888021629638,0.7483626143807559,0.7676377809681921,0.4302980387076023,0.8750289014093515,0.23074355294646598,0.6295515486752725,0.3935093120174437,0.8716381099343586,0.4916903716020377,0.5260998108844892,0.616923435192829,0.797152056445426,0.7153920056719775,0.6917797687758204,0.4913037291027469,0.36413868630456975,0.7855023292147876,0.337604418462514,0
0.2197654941490224,0.3242581879477323,0.7551442086443161,0.26722216030881124,0.22284420484156253,0.3690733174008018,0.40076504879448926,0.3126977650969448,0.7560182183896562,0.4605302672609631,0.6554402354284228,0.6638677448168235,0.3966624120353631,0.2387855474867599,0.5885881335738576,0.42589417428003434,0.829460766597893,0.313061368572112,0.20799109622230494,0.16493995593270622,0
0.22180664897881142,0.1992847555276912,0.6176792666123944,0.34004969124372064,0.28897354047429835,0.4317592468197464,0.26512999084958877,0.2037701775327735,0.7225712217383247,0.3125145690109756,0.3949727868358041,0.4979153133595189,0.5566482790925248,0.3080541045557705,0.7412589164468976,0.5653909249646804,0.815121493493854,0.2839318301245934,0.13750391909749343,0.25680869269747797,0
0.3541038107153281,0.328615437776967,0.7724810437889387,0.17335418736318736,0.20379558721615892,0.18131464615925458,0.3517783413513777,0.17373653397619238,0.7733114100892653,0.3985935887647041,0.33897155077517793,0.7759213271632863,0.864393433759514,0.20516371017251828,0.6464758190957042,0.6578347029988336,0.9763763554726018,0.33822122653642267,0.1376134420627016,0.2615766867659255,0
0.25825568242484,0.2004378423763022,0.5122679431181738,0.19948388225477792,0.7215183906098588,0.4312234350382019,0.5853571691104754,0.8288978390118846,0.7595190406128637,0.41403529672803524,0.3565717601163009,0.7323475199463367,0.5277081149747844,0.6788165339367064,0.5949979499892804,0.34537460219719107,0.20823101727880308,0.4053616956080217,0.40707584344312975,0.654506434722111,0
0.17885961621834245,0.27145771406145563,0.7462657208939584,0.7071055135497059,0.7941324988555079,0.25546606388377674,0.7136632199589124,0.6856831610842121,0.731005571594681,0.3904569335743841,0.2964859777525839,0.3357691967249703,0.43924443420619413,0.1784427854003675,0.2552919133832528,0.464524903985784,0.28020010742422063,0.20895454288006562,0.48654464959823446,0.3544894603097747,1
0.19827808764973648,0.2896521675013404,0.5546163540049366,0.3745776997334229,0.7076732782235547,0.3407561472806053,0.5904422780123493,0.6895706743856721,0.6118977857674657,0.36782271914201614,0.5884624394769017,0.5799609250991147,0.379185592003773,0.8065014640933674,0.6273389409676777,0.4432292734538511,0.30035097628581336,0.4119682244341979,0.3396506811339368,0.7229966931692359,0
0.2243450589047587,0.7562553202488144,0.7208759868212712,0.769863830269112,0.4519594647144733,0.7781543813623095,0.3383976636354873,0.7240422181664194,0.5110843378778832,0.8971883287640576,0.47987436294857394,0.7839559165305059,0.25599389276487494,0.6751336049253367,0.7873244655578394,0.8062798825726396,0.5088400138633078,0.42209080244862895,0.8806011977849322,0.35835565815552994,0
0.7447917332641829,0.925992677124483,0.2442063759870889,0.7464633460561025,0.3649217482619114,0.19541877023436627,0.7534732931987091,0.18978210469951715,0.1580171503578508,0.4611916442871879,0.43197531527498384,0.0854940587219209,0.5391320603170335,0.5264301463673629,0.39378208824691485,0.5904319888651485,0.21352515770310912,0.4871057143493477,0.3596528078136369,0.7435946600611314,1
0.44281732739692453,0.6583215019115063,0.575023928704088,0.7135452557322783,0.7986743277595181,0.7519292618559565,0.57618700557221,0.23479619991048897,0.3363877310240233,0.7479708105721783,0.40698838856477376,0.7822839691061136,0.6870778130416377,0.3701020018439021,0.36158409964065197,0.4103141328992728,0.6059541476690269,0.6788423497673237,0.7310934980947847,0.7089098795268642,1
0.29717559533087523,0.9222093296269229,0.2672251404325757,0.5734303075486077,0.6534934740533586,0.16212989839575936,0.5987448067290077,0.71069815886267,0.43188502595553185,0.6489142358518867,0.5191715293377603,0.6909431897488004,0.7490541288449513,0.5523218115402824,0.2871411959463348,0.3080466285343903,0.05600186397857754,0.45261646881855344,0.3400765850041181,0.8266119286653113,1
0.4837816950132555,0.7503285465375306,0.9640669686888156,0.21814984715304353,0.846763728281552,0.7267361925889828,0.45530736932992333,0.04101686436423713,0.20442593348790378,0.810047579089695,0.44751989433342954,0.7475079747007618,0.327823274843641,0.3544323116393326,0.02665610614069741,0.349950775700506,0.7008677778023411,0.6550231422692749,0.6173007446827852,0.8364617955697877,0
0.18474333159196127,0.2665718471554502,0.5758064682345665,0.1565134165572229,0.7525699797689531,0.462201669365386,0.6509502577406074,0.6853173902434726,0.6217158778314096,0.3137715155793981,0.3114584922087523,0.6004259185758429,0.46318097980597833,0.7288529254945615,0.6712942811427431,0.7386251269880127,0.29753163242604896,0.5441532307604927,0.3318647417089156,0.8464419094278912,0
0.2608457546820048,0.3664461318157036,0.7531546094541964,0.24318137296755155,0.2666010523862917,0.14075621507289815,0.31882571969125617,0.23183438877779186,0.8419537952907756,0.36270593631797987,0.24139466099027962,0.7093205793310027,0.2904331953609959,0.08423663386776553,0.6722132997842711,0.7389977903227719,0.8949389986504972,0.24865389323941905,0.1800375456502708,0.20001503971762757,0
0.20594543782373093,0.6554819307067288,0.7689196138698653,0.7057257058168117,0.6548498069472273,0.7701929103002564,0.7421706420027061,0.19091376780111938,0.3358840675571284,0.6458116443505131,0.5792326555211159,0.6369686026590027,0.4302854790443158,0.2221021971985046,0.39893014431861257,0.2633339836616986,0.8596450974292118,0.8170352589308851,0.5003845112211617,0.5956928407151869,1
0.35844664183526265,0.7750407488723953,0.7077185785623186,0.8426040538807114,0.7869975382648998,0.6890458200039422,0.7650890884516999,0.24252225635057414,0.13821670261683738,0.7625129404300961,0.6125880560727224,0.6272284013111291,0.3145703446308905,0.44497561751401615,0.1624957208235156,0.4193875331211221,0.6770751452506278,0.8365768203210984,0.5265460441177988,0.8311396374577498,1
0.3218521497637846,0.7061259529055735,0.7151377157272071,0.7146028726891864,0.1963290398444012,0.6935832193049937,0.3634063919544771,0.6442096557672513,0.4742784034684596,0.9182596784028063,0.5356945392268091,0.7757974190018952,0.6100309946748415,0.615822015986286,0.5956234476245087,0.6537220886158938,0.660371792342567,0.4659982398501642,0.5627153293047521,0.2617824557543696,0
0.6961836198666602,0.7146432884735009,0.6851207834080455,0.2538389237505009,0.8735781884990526,0.6841082642152461,0.5597673498665363,0.29766472372909436,0.3894518743062794,0.6573410409536914,0.6537087900279149,0.6428890119186602,0.2615102934512874,0.2950373490797973,0.32946079971431,0.378560415110558,0.4573733266467945,0.6726932326716715,0.6860944066559601,0.7872297342343528,0
0.341280442434299,0.2522446215179203,0.8086316139975671,0.08691516876458205,0.7940132125507291,0.31122467423680333,1.0,0.4295580889949386,0.5762989886756822,0.07111219454978018,0.33799072250260837,0.4706362793738787,0.5925930752388663,0.8476490930200417,0.8830906281559805,0.4449864901838516,0.7935685585885813,0.8840446447889875,0.07742757890613511,0.8058540544501718,0
0.1755722877715421,0.9263518286455728,0.1143216899055593,0.6519079686414373,0.8057677548621529,0.4071045129416596,0.5475350154295929,0.8003216868116756,0.43134641988389427,0.6166088678092345,0.37823141686021744,0.6000678666560305,0.5064833069294852,0.5825169426749333,0.38991529017812,0.6999577278238294,0.003338015431939456,0.5590613763832418,0.2528463776118176,0.8182660820266745,1
0.34636832076437635,0.8817235628067314,0.6663544153229501,0.5653410809817624,0.2531196055860122,0.642087454060394,0.09519296162885305,0.4653642912583057,0.3702840647714085,0.8396028894344615,0.2719972345360595,0.5054818750027841,0.6562689857257967,0.8494206833674456,0.6865321464472434,0.637669453470318,0.5681404617687398,0.29118741357727973,0.46743635952677265,0.25576947375009146,0
0.3859419286106244,0.1596792631026947,0.6628969152679756,0.37888539729357223,0.7159385530533716,0.7400612835328405,0.28194510823573365,0.3039411139555948,0.5725867999104608,0.44356655016048957,0.5417788275330563,0.6106138028892593,0.44118532747426453,0.3893786187297378,0.6794923166263185,0.3090231871637422,0.5192036941178529,0.3923399880164913,0.6970607525002381,0.7426311245922527,1
0.17198619819763333,0.11646002580246556,0.6391100351671564,0.3099295952834446,0.7585782714941018,0.6133093087874778,0.22712113330337383,0.29343885213615184,0.725259370914631,0.3942017068735929,0.48277892426681607,0.7033531334799901,0.7548019867217282,0.2941898057131715,0.6726070834655604,0.49423642686356395,0.4494879310880802,0.19698504536906353,0.7433977824578262,0.6351801814359477,1
0.3181829621577056,0.17302950441363796,0.7307193317325235,0.7103417084159415,0.638725010942211,0.2119955446182274,0.7201609059179371,0.7547591454357852,0.6450929368678582,0.37940312850619595,0.4203832960373283,0.24094202829056935,0.38688805960533307,0.2904803711004988,0.19240877896303576,0.5685369285091736,0.2262749787638973,0.22763664451314122,0.3543450563611974,0.4777631530062414,1
0.5101186362751285,0.44615363078140563,0.7917328899956405,0.26606041984357026,0.33022430700849037,0.2666345492192991,0.6318606841992831,0.3147288398782858,0.5452002779928247,0.2389331012430329,0.4321905818943896,0.32949613196611516,0.6718855701967568,0.2667712624634607,0.7456081816632439,0.23756921051222513,0.7900643803851499,0.6259849937899042,0.12144189888549761,0.64051529690956,0
0.20767726046164342,0.4143427655926045,0.6503130842855435,0.6018017242685353,0.8148895101912963,0.30687816793125844,0.7322204732656701,0.8541593657970954,0.7507130055667799,0.3545882978841194,0.48395401471432786,0.2255958916426325,0.5550378663270844,0.34071142729216475,0.42855693944081136,0.6359885536316143,0.18137166348344017,0.2909505649564913,0.37663863083121335,0.3032567475919118,1
0.39017063978276295,0.6319998130963522,0.968153659302345,0.6911605493055816,0.15896074828595425,0.5126406452343548,0.14519751142692783,0.675664193734907,0.6031792868144079,0.7763083829239702,0.4438444549329421,0.6364398527086408,0.3139486029461863,0.4972495549895112,0.8813742013195007,0.6280466476319448,0.7607902744998558,0.2841371096133557,0.6588033943711117,0.24161398264046574,0
0.3018944570876255,0.7686969210425911,0.6858513306092645,0.766152480730359,0.752148096458383,0.8116393289248703,0.6840205899706753,0.20682768772453108,0.17616076719381119,0.7969920192056938,0.24994759672247435,0.7270343378199772,0.9568800971139408,0.3972162182740241,0.2329094670766933,0.5232097031575865,0.7312824963858775,0.8520400567632365,0.5594675772036825,0.7933579440802189,1
0.33412932156140984,0.7919236534210113,0.2761914145143336,0.6888767516707935,0.9449729246792025,0.37724313547266697,0.7414577071391291,0.5463546982918475,0.42359152476794315,0.5750569491636915,0.6511983774346275,0.6922113667253571,0.5982092471259024,0.8502953187201433,0.4318295605812826,0.520528524365289,0.40817830029236646,0.7047906143590543,0.2205875134140971,0.6217113497585689,1
0.24005047913200922,0.7112071437706377,0.7341166477887842,0.5276850145053571,0.849618924748427,0.7250297864025412,0.6159986332507205,0.24474754932310905,0.22934496097589924,0.7140329776061224,0.18597548868683916,0.551421849836809,0.4128418478449939,0.4220267537930454,0.15802811868037625,0.48373444029908313,0.35547332868937037,0.5363480020447642,0.773660660004348,0.8447802404551694,1
0.323251791535518,0.6211058842834537,0.7948000977744554,0.7155658887163446,0.2226637374979692,0.4204544541166158,0.27925478465277387,0.5984365493488213,0.5985907355553777,0.7182967491886136,0.6973891514098551,0.6156728684901858,0.4131216267243074,0.674242954583519,0.8340780812025096,0.3939361879164257,0.6329208176881131,0.2105191324713601,0.6575930947539681,0.18612273985466177,0
0.7965767016244463,0.7861130020070733,0.6746140767202744,0.2770734783470416,0.7083432304698483,0.5976799315550092,0.6805033508964848,0.15376731126962123,0.32443922730936786,0.6831050219271606,0.3253971873008757,0.7194041459478644,0.7232484552903079,0.2843828869095387,0.33386885139658884,0.4289415718254255,0.5849961556826475,0.7547353696842536,0.6907198547047676,0.8027087969400473,0
0.2648302583084514,0.27989701834085334,0.7118841140445786,0.5791945443805973,0.9172114270900138,0.35311655126265307,0.5982341413791449,0.6342112555035978,0.6919900593576727,0.3202500273470512,0.5101199982200348,0.3048735965910355,0.5537386369245904,0.48653413412028185,0.4905489522822301,0.5523100041353893,0.3824710717709592,0.3186172314697201,0.37513870172392116,0.40772966312760467,1
0.8436630159939572,0.8854229186301281,0.5470037720414034,0.18355838883917158,0.60676230289567,0.7392193388210273,0.7418198476620486,0.20760078952437747,0.31017703107065553,0.7876833090235166,0.325124382592653,0.7083689319026052,0.4343281154380869,0.08314510040909034,0.15161360046117422,0.593100467435246,0.40349266109227255,0.7800525099152404,0.7166944582069295,0.7569578847443834,0
0.2029944326971776,0.3241128355960623,0.6273478614273318,0.1501941415055441,0.830868932292361,0.3769254406060336,0.6740989222825398,0.5742473580383748,0.6854451281094011,0.2858721808286804,0.36293506576409146,0.7464258567214839,0.7045738327373484,0.6023628348575403,0.7487119748109927,0.6586400637848162,0.5023073578869689,0.6261145648114746,0.3352047643751181,0.8217177535178446,0
0.31041565718780584,0.5376619043462758,0.5970378582469646,0.7891494264302985,0.5722982745175426,0.20190842416454036,0.7158891034113963,0.5193720910533791,0.5596696628583752,0.383158567596455,0.5345461048988827,0.0318533357794204,0.3994885541441323,0.1853053178201463,0.18977826564898348,0.6359458208558275,0.33211960171347404,0.25974165009689476,0.17219936157612847,0.21551747513933844,1
0.34972285076227605,0.7398735115352357,0.24764730187613507,0.7503780869458969,0.7201300691657486,0.34749837594193556,0.5597869408209436,0.637339838176302,0.31073829351293186,0.6038112802966951,0.41487838524026416,0.4716461127404655,0.3638108769111721,0.7702656369309766,0.2791341737759777,0.4872159444845516,0.12315052164131207,0.4941114282382497,0.23262804687406077,0.8075004116239863,1
0.22555779519490537,0.1890582177313897,0.7300736561971808,0.2696382623686129,0.7357595371331641,0.7542679929030283,0.27906434194763874,0.178366959352365,0.5929645269923807,0.41058275821491463,0.5024051686720905,0.662792729865129,0.6399332116267056,0.37758644978510725,0.7705859430349021,0.42313039857505613,0.5590477509743167,0.34769049128934404,0.8207252041226518,0.7474621689671548,1
0.16205637395962613,0.838353644106401,0.6729926461659703,0.6295822219153717,0.39786645703835877,0.7391576112326138,0.10649785557827629,0.6061260070471991,0.47302679597041597,0.8216006492195616,0.47866809544776606,0.6735123012164292,0.6738533134522311,0.7157018879245775,0.8115378923719585,0.6847692857099962,0.6433147051162759,0.42721928296176637,0.48238669535693557,0.33164437645395994,0
0.8123538854992158,0.7667419397189297,0.7330986863066045,0.2669407993856101,0.700589462485534,0.784741506834745,0.7041101090540294,0.16138837673001621,0.4160949600326491,0.7525337005294835,0.43072563489331656,0.7300813540272459,0.495379625089083,0.1375385164441122,0.27641481715536165,0.48944579052449066,0.7608330239215649,0.829525054511766,0.6077028587602065,0.4717586962166219,0
0.24463736048203494,0.8049870165953835,0.18149336509889735,0.763393285137768,0.8119988719501421,0.2685974922080763,0.642065096138645,0.5403577131540349,0.4051109648477808,0.5158434871088117,0.5250603107400524,0.531199744560682,0.4844032566225476,0.6518654510796,0.4060902856106031,0.3284162936577948,0.15946830164330258,0.48963110955267813,0.3141089922829145,0.746018494304579,1
0.004596062842332105,0.32827375174041273,0.4086290643888847,0.545224939530048,0.9065600816198205,0.5193676931665203,0.7927198096532929,0.7042813281761025,0.6486413923565135,0.34138476959525654,0.6498341175290936,0.17750080815598485,0.6462726436316306,0.4034968112751424,0.15297682752286512,0.5420713825272192,0.08365083453956373,0.3503892801294175,0.14678820716316193,0.3169237741277909,1
0.2265452846292319,0.7184012583863356,0.6596962431694662,0.6096368670867253,0.3623609124268158,0.6854382153972751,0.1377123659977843,0.6569108466920492,0.5103926842345822,0.8206894836370869,0.6122184127610997,0.514611360227985,0.5225858923066455,0.8228847686117782,0.68584168782417,0.533697656214233,0.3788619537323897,0.16135071705879003,0.6391704296006205,0.17828598175103655,0
0.3417149336875431,0.6617176387281115,0.8177578474925404,0.7353601004935477,0.7676533196955942,0.7193332745267284,0.6122369485293071,0.20122811283032266,0.3145991721274133,0.6812540029281194,0.5117936147013096,0.584195699259748,0.4492382310573493,0.3048423784136734,0.3673045001329216,0.5483331288748515,0.7397278702340861,0.6669816323761542,0.6679253109414569,0.6318489083540858,1
0.649749528596381,0.7092398574201494,0.28459692528267266,0.6888496777648918,0.35081931032980374,0.24311744761844384,0.6316727236446653,0.22167863119129208,0.18903191120307195,0.4639302413419003,0.37479759656271705,0.16285982136029187,0.7105567133794765,0.6699281287150177,0.34790610596613236,0.6023349830949334,0.2729984704615197,0.4336323302885309,0.23152434145735495,0.7345596451967582,1
0.7493007162399249,0.7641479404525173,0.6630256166892806,0.3098244957139972,0.662980252554944,0.7068424472959018,0.771271330807493,0.18813843384825008,0.3043273111597551,0.743698845108477,0.5454758508695042,0.6539133048198075,0.6474296420577155,0.18735339319275668,0.16034346476235978,0.23934488027979217,0.4838072984816508,0.7339115130734977,0.7299833420790064,0.7214949602729492,0
0.15311806186311167,0.1306396385387677,0.7785774790658154,0.2801567825853287,0.579369901093838,0.1661946378597675,0.3071865441326908,0.32275868866290436,1.0,0.18581428162694869,0.4375885576340909,0.5292443509888145,0.7975326624511334,0.08140668367135351,0.7222455612240134,0.36327896454227016,0.7775892429270079,0.10643361541108082,0.22797248196395964,0.08664737788591048,0
0.25483679333200004,0.8859210310457271,0.3276788256500387,0.5803298775111391,0.7610413990095588,0.0480752234134908,0.6286516604186781,0.5403909986649195,0.40535817081833264,0.575661379643223,0.47223905065087957,0.5573381213345244,0.5750342242160168,0.5849090237092331,0.16527066009629832,0.5833247612019153,0.023161524505822484,0.30287606328860717,0.3802748930056772,0.7742958032251475,1
0.3176435815596682,0.2044879179843891,0.653735951955349,0.6792940477455385,0.6982494414468944,0.3110665610000144,0.6623418029039811,0.542208525122413,0.6726397175931702,0.34929487727167163,0.38172149365906727,0.3024022854317181,0.47130580178118303,0.26013945206406935,0.29396065187298664,0.6693309190113964,0.4444152336406442,0.31343007234439885,0.26495014817401397,0.33874994194719515,1
0.35003376066363967,0.7999779290873517,0.5134822790079273,0.7229451493738647,0.2710770243075939,0.7964112817945452,0.32685972071049624,0.5883777825928023,0.33156574428183616,0.8648812798984817,0.45211448800333937,0.4434275469253457,0.32177665690247514,0.8199216710723597,0.6290804591036748,0.37664666477011044,0.26794871049190405,0.3066840925581464,0.744737391829775,0.3522676246853894,0
0.40598294760608755,0.33041589726889853,0.7073231476564701,0.7522541508038754,0.733409298977755,0.2556259667360391,0.757269000563028,0.42862450988122136,0.5921940906572329,0.28039687194426033,0.5815480504386595,0.10691908731321559,0.7046457681673097,0.4629665648528585,0.39343598746784364,0.5972949100002495,0.632853795925314,0.41565943545152106,0.10089573465607815,0.1900690295021249,1
0.24367811156994534,0.8462363921919869,0.5552447662367257,0.7451616931727395,0.459403169308982,0.9017027733169513,0.284866612633261,0.6491891672108321,0.39786467221963073,0.9464471916711312,0.43191140130678446,0.5864455304717493,0.55852862667357,0.8189766735803109,0.6415298663555787,0.572709736590021,0.2924228191996398,0.3163590809002351,0.8633433023465245,0.27197128022763617,0
0.38584345444555096,0.6831267006737921,0.6844511122740415,0.6168915329548953,0.8132948616861904,0.6681465284492274,0.5663333937843105,0.23656067747004844,0.4327557333303904,0.682331431932845,0.6044147333116343,0.7008377122969378,0.4196424064374584,0.2462094855618514,0.38052386790380344,0.48954556275293815,0.6317884756037957,0.5954559200751353,0.7049361980158765,0.5711650950707887,1
0.7349892475629748,0.7846904255851179,0.5658605175532927,0.4237919926881048,0.6354837449808629,0.7116237688723992,0.9836730393474922,0.1962023705160261,0.3824058680557338,0.5972316158622724,0.38897030195301835,0.5837473548116101,0.3479907865162344,0.19593057118533452,0.47836877319332366,0.43818612534093393,0.623200474652174,0.9032032624290752,0.6757557478142889,0.5879402419370973,0
0.35318679884152193,0.3477035102357128,0.6866759158834469,0.37481014292209497,0.8809380384790256,0.703403711452708,0.37260824230470785,0.3070677031385035,0.5814169515431569,0.4074932139855053,0.44818239421054135,0.6498633984216413,0.5933850797532803,0.13503837823511222,0.6808995581849313,0.28197886850054055,0.5949981131381258,0.5802353269319858,0.6432206208903992,0.8549697134258369,1
0.3394028699472985,0.3479827807335979,0.8587010445797347,0.21940510690178072,0.720832529645372,0.3541738778955832,0.8340842888342292,0.45803721572878375,0.5326296877029957,0.1406002691516775,0.581736557636892,0.46482774478989675,0.7312725111817326,0.6871629995351727,0.9285010540530625,0.5435129021931853,0.8553140738585444,0.8957668438590476,0.09975485087338959,0.8753717204497549,0
0.6607179080312335,0.9494960169529567,0.25433216407135123,0.8385432605352205,0.24971310402373786,0.2198096050449032,0.7078441880808639,0.35980048645251417,0.04880160097861136,0.5674765005047104,0.23893887805593603,0.20981684191012603,0.25898906067632044,0.7484791624386676,0.35931640227265826,0.41826350756974273,0.34438910314883525,0.6684812792506594,0.06321125718030396,0.875527443338062,1
0.3220910740184483,0.2682374427604181,0.7324913089538542,0.24842654338048006,0.9009511938892178,0.31137975823419983,0.7590035740406902,0.7569531745441458,0.6702506813573087,0.3081323827314281,0.436181890978807,0.6021670630724776,0.5896938797109634,0.8469244185922122,0.6260044151300311,0.4676777036305999,0.5020153688936082,0.6284426787513211,0.18178368894658609,0.6703474234376698,0
0.28724535117015026,0.3394888971904964,0.675021554770534,0.5993104392884716,0.8817606503466027,0.2872388796381038,0.6948825230009683,0.5871217349545567,0.6976631302605473,0.36574001322514493,0.2462264791720685,0.3766675228182865,0.6029317734187798,0.3322446067478677,0.3554958005760644,0.32672128551206825,0.3569857564485313,0.3153907356943788,0.42231040011760357,0.3850793822725451,1
0.3241517345989437,0.36180529968243075,0.7320029505097945,0.09833105419450433,0.8462623975427319,0.28338182558525005,0.8271305239773943,0.6087243944376894,0.7433734129343417,0.22895913319952238,0.5444389834756568,0.7059679397837479,0.5969654921527483,0.7103712347675865,0.8542315230181804,0.4817423661708175,0.6664719356563684,0.7312834583517842,0.22905841005113936,0.6497161282075301,0
0.10614602202060258,0.3564806307298033,0.6750239341010434,0.6209954753957623,0.9190819102493164,0.48607403131318894,0.7345486780363357,0.8415640719454541,0.7055054623041185,0.44777336955274155,0.2974820989444962,0.31152565230130913,0.47442488073556716,0.3711039492402546,0.25324656549149466,0.5695162146465204,0.2369004446969746,0.3661516747098929,0.3293427491739213,0.2876136140333493,1
0.3643818636415661,0.8630200098127123,0.7124678868842415,0.693381144813277,0.2820497514876496,0.644330075832558,0.11802456763298114,0.5990438304451948,0.4120856342494476,0.8033048076221907,0.3412503025565442,0.5159259415457554,0.5037990765429206,0.664808069754618,0.8904342109141267,0.4650108790388211,0.44546620711452334,0.28554263116963297,0.8036287780649245,0.47311184312548293,0
0.3243452923845924,0.40067497778636735,0.6220177986389132,0.18393085670373377,0.3707547555829732,0.305598576845171,0.6068157634716066,0.20412227464807875,0.496217078062449,0.1043604144099714,0.37725285898409255,0.11981007838639607,0.6468364390143718,0.3245573563712214,0.7972792381623806,0.46178214467665646,0.4184609669455513,0.4002569741121135,0.337196650498692,0.8003145641119103,0
0.22465119869987138,0.3202532631170752,0.6069037094451768,0.7402512871693303,0.7238750167470265,0.2515730479942254,0.7705529461405406,0.639102382842678,0.6540013037440011,0.32386645706908773,0.4613701083113422,0.10786332726434689,0.6653992700870685,0.24365604927762863,0.2117946378825658,0.5679332600414695,0.23357208323686365,0.2387278868525585,0.26867786180413855,0.28793042232192867,1
0.7031098153886466,0.6523825740641134,0.1847154735819146,0.46781483089985065,0.26662193032662834,0.39219762539312136,0.7457365623737011,0.16426912206100347,0.19724077687118619,0.5414999358187208,0.5005450261107971,0.3373614960123902,0.5738198336357272,0.7551625217522413,0.2578775102844218,0.5543696212819254,0.2747208843206754,0.5242566833490159,0.21867982812846648,0.6632481625332429,1
0.3831412886788025,0.4967109652692324,0.6824003675545534,0.27795815196447293,0.5088774691547804,0.33806586720250303,0.5622940130408093,0.1245529227526076,0.5389179794417508,0.18878809078910036,0.5630190525135848,0.3032062189713527,0.6099837739934388,0.2587437860217605,0.8136712681340343,0.41567667422427335,0.7122774911393414,0.5305730866015073,0.2921919552725998,0.6464892313169931,0
0.6464695102079708,0.7033329427832431,0.6934794716975122,0.420753350538264,0.7137889447941149,0.7101954831275452,0.7994714215979739,0.0808612029451028,0.32673116409294056,0.60791176320261,0.5070498876465326,0.566554360240689,0.3526762816032835,0.23105793881979614,0.3812746067511935,0.6464834264475349,0.6475221727325211,0.7667681133682671,0.7162489257522932,0.6706654051956698,0
0.4834311205662482,0.3124813994836761,0.7623427224907388,0.6207632894193487,0.6760533697576674,0.1829118370247445,0.5259525207602277,0.5795953364692512,0.7387958013093137,0.37447424824994247,0.5275722347234593,0.3811397194541576,0.35126851378482227,0.29699922830399833,0.47637603857303223,0.5692245613317052,0.5567423217266232,0.28273568655046877,0.31609397057112354,0.2881178135845622,1
0.3856616110905764,0.17219808272867765,0.6910134110027608,0.6381221516414376,0.7247508733692465,0.3112192195111533,0.6690772079729012,0.6525412956268586,0.7262597592813851,0.31205813094946544,0.607698065237817,0.2544161156563562,0.4853389480093485,0.42804971811241926,0.40976739100296455,0.6279579822606777,0.5087978764516506,0.3594126465311434,0.14979627337728701,0.22400949009703364,1
0.3043190813784382,0.3287160154180313,0.5013176811629686,0.3074450646639634,0.14942602666406896,0.430981136911514,0.19115633602143517,0.30181952093571707,0.6908901671999982,0.432779341494809,0.5353875062551041,0.49697563108895726,0.20503286258028042,0.4283489717637303,0.746999844247952,0.4015075665143483,0.5503431835668421,0.13257858142406231,0.31894656592745296,0.24495800255333916,0
0.2527804698136782,0.4462620036522399,0.5645738998071119,0.6777479458827226,0.6828792820693332,0.3045518719068727,0.6562628752674992,0.6316076091683437,0.6130793831171446,0.41444626724483097,0.2280073901876755,0.21942935528988564,0.575146771969408,0.21069965817776243,0.22052838746764497,0.3919434229183544,0.23145616554405046,0.28006942611378594,0.2837219913811628,0.37636973378769273,1
0.19674566406267463,0.28289208122424636,0.6448560347350314,0.22262437345184943,0.4135341920978938,0.35007330544814397,0.6752710676034686,0.15670397544094422,0.5426323473644893,0.10269037009702481,0.29619554609538223,0.16562929745707533,0.3978201316941872,0.2796494703831044,0.728568143512594,0.6681534921908783,0.41539247294272863,0.33805546076781556,0.4382965037149025,0.7226209843516869,0
0.28923016980544247,0.18875572495783055,0.6725699514371315,0.278346811587025,0.43516785760068466,0.8053217324680919,0.08357778134933752,0.0,0.43418069629334527,0.34746778514103355,0.47975861982301277,0.26189163294477513,0.5183061150355621,0.38099529669924903,0.7941498236375242,0.5230891265453066,0.4404962152165755,0.15477843596283372,0.7717834342718111,0.7541049281443964,1
0.2155506247204102,0.22113758047565307,0.72010630530494,0.3371752352123488,0.8198065581409355,0.6372156369390283,0.33549619394886476,0.12429068335798715,0.589607307429607,0.2879325567536196,0.6321008635169649,0.5114658366520721,0.5628916628771021,0.22659259434058293,0.761590096856548,0.45412733162846375,0.5360069229858674,0.3440191533042165,0.7737987088374434,0.8055752666333527,1
0.3184420448808966,0.6822985324503813,0.7330761996600859,0.5775815747244216,0.6691181020652539,0.7577780932710416,0.7219443866861119,0.25874555638886865,0.411219734864919,0.6332695618905654,0.4587215404750358,0.6743864894801527,0.42381732360021457,0.22061992504678118,0.5114396589476974,0.7318001061093321,0.7702824109518517,0.7929738370001637,0.6032353970954695,0.5943974540879613,1
0.17176273400870062,0.31605549437892344,0.7016665895382734,0.24410801659566678,0.5002057400171424,0.25275452889038286,0.14872614162057124,0.18759715893184628,0.827696862255463,0.31535624967188547,0.5935202202628029,0.6196590505250207,0.49112327302830905,0.14908969447851034,0.6641015454011087,0.5323838212542302,0.8193894017747058,0.17943120392227943,0.16681564319990094,0.2428194233843275,0
0.2792110369297318,0.3347436994719848,0.7760144331748704,0.6812989411461872,0.7048475128006865,0.27410988651773976,0.6746289419429067,0.6949652925930558,0.6988224317802336,0.37146875608537433,0.47061922067522555,0.2637598446928573,0.5437391125136521,0.24795310537625692,0.4101788762476716,0.6390655554564807,0.37059088913427857,0.2850354836385176,0.416024935920582,0.35199126725197405,1
0.28968967835483805,0.530236362079977,0.6201506346873191,0.6466976113602887,0.697333920140687,0.3372641970039377,0.564086158184984,0.5947457297102359,0.5614433593434248,0.4561776672435779,0.6969884861234952,0.22785430723107594,0.42704390215907917,0.29312189108267706,0.26258999207550154,0.36687883776839425,0.31065348448663993,0.313028285798461,0.2619935348315684,0.3910736475647862,1
0.22375150979509667,0.8668129246224907,0.5525844831101612,0.6969924261078412,0.7868469462261756,0.738736761687631,0.7058615235022427,0.19916895963180656,0.19627466801471716,0.7624758803958438,0.4902777268659312,0.6765661611335789,0.4973444848190418,0.37899703293517056,0.19622418555928817,0.6814433686048583,0.5253953706791957,0.7447486957181206,0.5962000211668018,0.7883914614378177,1
0.3005209291761874,0.765236913984266,0.6080275647331188,0.7508340719804293,0.8098816399012934,0.6004827962796642,0.5655457324428488,0.2697335514713386,0.25165036104870175,0.7099836528018508,0.49356432035054404,0.5277528001414393,0.30289810388203064,0.4312650371050846,0.18532210349438388,0.284417235017808,0.44071265490158473,0.5343760334388399,0.5874115220863639,0.7111427813151012,1
0.2512149509922189,0.8166640231833684,0.6850468877086427,0.7085511835446527,0.7531442884187369,0.6966655081004204,0.6132957847218121,0.24191347285519735,0.17504936419565675,0.7651800211522256,0.3134728033953179,0.617875094741399,0.7340530894705014,0.3835848380435353,0.20795147638705302,0.6421771509857708,0.4889909556930475,0.650793661120362,0.6873638109015323,0.8756829859250645,1
0.16278668512251715,0.7224327460029767,0.8068599894601831,0.633583599577133,0.7827736964583769,0.700939377459471,0.793960162557522,0.05251168333615036,0.23652605719173703,0.6042313666888941,0.4559583606130638,0.5132184505147309,0.383004113118087,0.2551867389535622,0.31716089455141083,0.5618937919053937,0.6006278157242785,0.6513506967145312,0.8038038767806714,0.7869742011048179,1
0.14399017751609688,0.24128099395596664,0.8172022029762854,0.40913796915259615,0.8611846614971872,0.25374221451783535,0.7825692251312817,0.552547588543745,0.578933181230124,0.25804875552203754,0.6181733619798151,0.502320408063714,0.4782802987823251,0.9140886834031757,0.622199005218844,0.23743471576483682,0.6223409122741994,0.554891427104467,0.19256620761127952,0.6515010081330377,0
0.20278618313634433,0.9195736361729706,0.28895614109249,0.5212298492046433,0.7896711599042274,0.21113668173071998,0.7049452189627212,0.6831417471208479,0.5080773151389535,0.5751299494574579,0.5818801517025463,0.6833103011486741,0.6631225450064322,0.5694396722194726,0.36508495623294845,0.718794301963172,0.16192683916747022,0.5335201280732859,0.2813879114378983,0.6824098429104986,1
0.2383791884719071,0.3413720673259541,0.6450420191187379,0.18845914541713227,0.24532586015230445,0.3300522385633966,0.7422957759789783,0.16765704390928038,0.4701885058177026,0.10135109928213792,0.48055114177096964,0.07878584958458484,0.36512502069613884,0.315353686809039,0.7195363571016076,0.38264945668714995,0.4265487656760888,0.40342771514342624,0.318928471249295,0.7446216848938887,0
0.20586844818975564,0.710014080180855,0.7347224090702098,0.6874226449160787,0.6886470918338513,0.8361495439495343,0.7587860582142911,0.1391897012582174,0.20338819129550684,0.7056499265471623,0.597009184739852,0.6464332834008316,0.3828187798543744,0.31428803410382555,0.32722811472631774,0.26236677228985233,0.7014407356189267,0.8086532060734342,0.6749175631712093,0.8035190379648527,1
0.10918808462030499,0.12531070695865942,0.5916948672338739,0.332359701397111,0.17509624380496525,0.3508639909222302,0.8140216447944368,0.24175935336010623,0.5043363569969725,0.16587022363355503,0.5246667578034161,0.3123142045321122,0.39883185256252107,0.48579179480783474,0.7371475225982675,0.611076160425159,0.3878700783049356,0.347463615393356,0.4902836163730833,0.7831930884610674,0
0.37218420671205943,0.7827880547011761,0.694410328364641,0.6489910884284382,0.7817860015463687,0.8604373912751968,0.7649290171794839,0.163783198354974,0.27217602987413037,0.7510928628790379,0.47562211091720025,0.8246650078185449,0.26880187461955385,0.3277494248741366,0.40931952420669626,0.36816440737057465,0.8720658737418884,0.9773572022865867,0.5983835471513509,0.7136913323348297,1
0.17442190138892172,0.7042841854116673,0.6204134501995271,0.4403902203216713,0.8035066977791052,0.7620030477791346,0.43085669005936655,0.3330869558715037,0.3368957118663853,0.7089478794042451,0.3583474979825065,0.6364711328105672,0.6284890502399512,0.3327346792723763,0.2707203778065751,0.5110647537496679,0.3015303646030851,0.481132994812546,0.7232249296278493,0.8319329674084519,1
0.2675864247690686,0.12741560453608003,0.7589693969196076,0.3122270678397297,0.8002762663770959,0.3188404465063498,0.6780005798199924,0.6445596177739034,0.6905525124076424,0.28656382216930687,0.5763246645578248,0.6040217127921189,0.36566855983922714,0.7210130005599068,0.6186286218806757,0.5484549411028421,0.5581742870515106,0.5218578759497741,0.23991581210276136,0.6512807791264957,0
0.2920785738170485,0.13573850754156536,0.6949958153995068,0.3909216173983462,0.8135988191823662,0.7035328712098713,0.31079793050680926,0.362320885302018,0.6715730625833363,0.4193573790614588,0.4311272803905454,0.6893968250889339,0.33226141220480715,0.45448575910168976,0.7669292670403274,0.5741793616856077,0.573315288479231,0.38087088298187516,0.7111554121911831,0.6363560170363426,1
0.23644763816224423,0.33636537115252896,0.5727816996776687,0.3016232914967415,0.9210474120308356,0.6063426801217955,0.37857425023523433,0.24979374373289942,0.6957645707936717,0.33214677411640336,0.47285376005051827,0.6682901047544669,0.5403116668000603,0.20702329385831447,0.7158815168432102,0.2301422666781961,0.5782661217666596,0.4675563342496641,0.5556938939327593,0.6524481806007759,1
0.2307900046962147,0.8190163394485136,0.5766343908951429,0.5850983291837896,0.2740538481530378,0.8054857956478596,0.3257603777909097,0.5601786382848755,0.35023729575616835,0.9181232266044986,0.5932404575944528,0.6739994907674153,0.4856436237971468,0.8331763681311073,0.5486393742214362,0.6348918937578183,0.5016898180798434,0.4604480859831856,0.5026823644503663,0.33554906179001825,0
0.3161238036228946,0.7517057061008455,0.8595563026170648,0.6290927828259778,0.814856240859976,0.8978310378658072,0.7783045552970369,0.08370612617283235,0.14471761863312477,0.7873110018257445,0.4963705959458664,0.768907831308117,0.39718696299185674,0.3530925451900452,0.25946921144437557,0.35869626803339816,0.8222083680249692,0.9330675137195611,0.7361746491274157,0.8809733795311017,1
0.23847029256805308,0.672843815323522,0.13891065027110377,0.8586411577836697,0.7813787597936857,0.20648073662482225,0.6818960965002525,0.4936286859480537,0.37270870432017167,0.528576827264854,0.20214701785533054,0.5758969373428229,0.29538689708917143,0.7980040459414619,0.28508299344703913,0.39379577600523497,0.18662128644108916,0.449331056365476,0.238665542192876,0.7227653609046052,1
0.2684889086429665,0.3068116589466429,0.59079217974205,0.12722769933385664,0.14430546608623462,0.273472687412454,0.3215907911826449,0.18553732481474694,0.7841160816670378,0.3254242293591751,0.4176767829724463,0.6771930780501424,0.3232841630130703,0.25601394563248253,0.7869295108496992,0.6064453777366717,0.8066677161236051,0.2837573926388379,0.16379335382913063,0.28266545402657417,0
0.3763334294898049,0.2564127577394785,0.7457497633997168,0.1642771095803725,0.7383795994166505,0.3000992580819113,0.6030720980614153,0.8251818308985157,0.8294504448962403,0.3792930232427205,0.24275680123094623,0.7753251668855249,0.47206849069057655,0.506269264986872,0.6698228398059889,0.44083084325972655,0.49185129268815053,0.5222580398697901,0.3201106085372705,0.6040724624345359,0
0.7537795002906285,0.828762310430019,0.5492312760684437,0.2479866295833502,0.7491572514357273,0.7204543688360522,0.6895081061468751,0.26519948831243223,0.37920223106554074,0.7225146671818203,0.2783732403980941,0.718659128042795,0.4947251070846484,0.06895238256556707,0.24541704382050633,0.6480578764328891,0.39998817987830443,0.7549217644428124,0.7377414513276737,0.786248261751914,0
0.21097734174330796,0.8170896951579807,0.6923965243438597,0.6794649928825826,0.37641069502362634,0.7826477117719431,0.09726509883493195,0.7110204328130352,0.4684527069906876,0.8670180611095932,0.31197622935410385,0.7262960927803257,0.7192539153374982,0.6155462857907621,0.8318660346297849,0.4081010970172705,0.562092916089469,0.4455167894432296,0.6373847110400241,0.4758359819372761,0
0.8079530694119934,0.8141128309236119,0.13924502919899223,0.6188472593034845,0.3683383057128447,0.3941033677086495,0.7322958667424535,0.14390984481443952,0.1851465982095286,0.5430395928480529,0.493794675289687,0.2273742612708239,0.37542082083882866,0.6674545712075065,0.3652482873363979,0.3727601100861516,0.1936985374402073,0.4896529355073815,0.42692622460049157,0.6381691809748953,1
0.19825323957828395,0.7315389300685493,0.6821104378323395,0.6470424651551065,0.7489936763929607,0.7713080280059093,0.7570613495390134,0.14353004188777546,0.1951605324359137,0.6865962157020141,0.48379135600584205,0.6357702910298572,0.5618329159894806,0.3573203785716936,0.2852656591178389,0.6232505434976678,0.5771073605473191,0.7484215101487185,0.7036729510795848,0.870846764999107,1
0.3265920628539444,0.4692165767776608,0.7156736629863425,0.14453999955493102,0.675998933241101,0.8734950476243784,0.28889881167630294,0.09640173609913716,0.39497576658481326,0.5412298067315818,0.46726301168862405,0.6512721709274334,0.5711763605201675,0.33188461930642194,0.6284061250052179,0.6250614666378379,0.5405916052679361,0.5215777916930467,0.7742883843249899,0.9112022730444017,1
0.2738228183669774,0.31540792589369127,0.7372484352953801,0.27523112852080267,0.3188055556221347,0.3128449455970249,0.6332294999678529,0.1804465196006501,0.4819229155250972,0.20245651448912239,0.27414570003004524,0.20814681487451916,0.5670744087244577,0.3336093299277859,0.6465447246486418,0.4097069396924616,0.49443136770325263,0.3469395569989041,0.40025923178029693,0.7204400408822362,0
0.3145049195110817,0.38841626781695693,0.7361431316178739,0.22260894239865264,0.7227468577122637,0.6053990429850199,0.32735814988474926,0.0415343623089256,0.5355538135145357,0.44174052713556905,0.37831509891856074,0.6820386594482408,0.3427037156152213,0.2957117121988525,0.6118344387040427,0.2177562157601149,0.685112029406933,0.42352444732304007,0.6341585140214017,0.7002836591791941,1
0.7038146181894036,0.5118404258343,0.14520119965109274,0.4000455617763361,0.3874781392889013,0.36865635890882564,0.653752029660599,0.02343760152663582,0.25454876371864965,0.3826823806684706,0.33066627090635275,0.20681026361344154,0.4761360143262386,0.8165364648947353,0.334025731083366,0.5960886923700537,0.30162882668435814,0.4231564912326027,0.13935580380989637,0.5875084758049063,1
0.8089946086487707,0.8620782806588152,0.581402645365927,0.32221150729763026,0.6957809274555175,0.6507872966712107,0.754778005263736,0.33906700409054136,0.3849042171063653,0.6856648910107853,0.4056382727384669,0.6053520956376618,0.6169662648088154,0.40927215881204004,0.4352521158596241,0.5760697167354204,0.5066513076332123,0.7768992478916175,0.6189022033815524,0.5791968236594449,0
0.3425680725636717,0.3380843869696012,0.5112166646378654,0.4054963736117648,0.7073651754088242,0.7051274069058506,0.4482396736464465,0.43348114386154846,0.5925986348206463,0.4979698514641785,0.5386288038701544,0.7463365646138278,0.57075073413669,0.2881851648927197,0.5842884610735644,0.37054877206972925,0.5588803566777797,0.6166232169601856,0.4443740654457573,0.7118248198294219,1
0.26008421063196807,0.3166844555123604,0.5012242736031091,0.2865545344673431,0.7706739099703837,0.37760879195297814,0.4828844761949229,0.8225929450596219,0.7460874308748008,0.4721851778038825,0.4050306108192947,0.756626452287013,0.4916940239808697,0.6891835240791623,0.592665217512975,0.559584584052883,0.1871958048293619,0.33393189917052984,0.4669910346842174,0.6353139834149722,0
0.692868205060162,0.8412466985964722,0.2785924304684442,0.7065263043423087,0.4524577154844672,0.3414217483582527,0.7361831800344658,0.2109057398559807,0.1092971529057079,0.5586505453949931,0.48265727475954573,0.1607809785951041,0.39026639412166747,0.7264094821115903,0.25060893002369494,0.5401574882836051,0.20063925190777668,0.4948846563409197,0.357632348979787,0.7271652445423429,1
0.2118245646294476,0.33760647957424283,0.6371656305500991,0.2430655267935949,0.7663092180662905,0.5666591157156338,0.266861392895205,0.16928000708701457,0.6725526458793796,0.38375684023909684,0.4148965171195526,0.6542713108472505,0.36029755098256677,0.19952326069982035,0.6373609797642931,0.6943663914423115,0.5805055643539829,0.32234744603047105,0.5661521027888545,0.5902988596256178,1
0.2546429719543821,0.41319059541613096,0.7534790296566063,0.14099200672836926,0.9045061825577003,0.17284050392243994,0.8319028509816462,0.34876032543866314,0.6516502842942777,0.18728882711905442,0.5998437956171567,0.7334507218495082,0.4651225644961648,0.6834851957052609,0.7893623646298302,0.3128657306009107,0.7842462883835521,0.7322380127105488,0.2140294723038122,0.7610811578330272,0
0.7263059983382523,0.8243813782156105,0.5447281667220093,0.154848925809203,0.7859515933495315,0.8382944114259419,0.7682835458670251,0.322798810240296,0.35940443601832117,0.7207303573861138,0.49878138098942104,0.6416490055253687,0.3211459738763447,0.38939859197609683,0.3118723778686222,0.3637558834783784,0.3790928614058646,0.7992471279084067,0.6802813043716721,0.6584549656615761,0
0.3930557856676015,0.8176882658791211,0.4123773507096811,0.5649221669449196,0.621364940349264,0.1257953721400643,0.6312444723139894,0.5935246836178936,0.4432301330479029,0.6254823946139032,0.7712180092247407,0.6574726879281474,0.5398694721391091,0.6474324952839757,0.31482929502010426,0.496292050925122,0.20826099432211398,0.4061191174649579,0.3874410081628594,0.6900981353814419,1
0.3582792243280929,0.6512828661830655,0.6167356358205528,0.7966034094132253,0.6008328721900524,0.7195346627132256,0.6361023992424554,0.2625755748929815,0.3717786535049838,0.6905745440595049,0.48620909981216076,0.6346440781265129,0.3443043410874298,0.2825312158268203,0.46531308616517214,0.42811620351442453,0.6421327804446368,0.6329199587932953,0.7045471793321034,0.5696764549348475,1
0.1854652352370672,0.34263097481507854,0.9446855664990985,0.225719367140892,0.45972830762838945,0.19552829185756465,0.44664238871619066,0.22605004468114923,0.7968412444124628,0.4229975914625121,0.5753807857597755,0.8328895669438606,0.3177554081405601,0.09318394167554855,0.5168822595663469,0.8699230423927726,0.9790584446557553,0.3632323632334913,0.26257059471807975,0.3031060652212467,0
0.7155792383863824,0.7604390107698742,0.28540548697650736,0.5462491439982468,0.42714943323222343,0.35375771184091853,0.7427991220926549,0.08786280043277839,0.21489552356988595,0.515056062398549,0.2716365303786994,0.270920845933511,0.5589676850626031,0.6640966816002042,0.3385259803999049,0.5608226823419683,0.29875867152265506,0.47365681981135904,0.4191258019221146,0.6216501519163925,1
0.2592809521739049,0.25654948126636623,0.7415933525207681,0.2595716576097703,0.24393108227557803,0.21128679379870885,0.6450281198185706,0.2901089678513781,0.5265087727301944,0.17437229825491224,0.43339502136387437,0.1632836533022925,0.3512602867643738,0.283078588196109,0.548296436619645,0.5495777530621475,0.46519245292865563,0.3152797390690051,0.22118079332538693,0.6822565393329549,0
0.21325815230799644,0.8476597391288939,0.14147043466355697,0.726555218388886,0.9439118850767441,0.47807212313623154,0.5547669290504608,0.7285834552438999,0.39331253333613075,0.5942921997345619,0.4847251134664317,0.565538992563824,0.40670838723189534,0.7329441433736243,0.3985121869169403,0.1914713449432503,0.11791521966116686,0.6185955061165256,0.20978854976327255,0.7818373342822418,1
0.09763283711958243,0.7476046274956348,0.858654637994516,0.6355174605279537,0.7675542622224465,0.710809044269622,0.8066381211068389,0.037801065689608004,0.1716555665914598,0.639952659678903,0.5498942033160992,0.539609505898975,0.6018766950304517,0.2674457494443714,0.20461591850922328,0.5215554515404552,0.7001525385090153,0.7397177071845953,0.6426132783863485,0.8248746882610025,1
0.30174637341968125,0.7604933343489446,0.6246985036731885,0.6360692683270741,0.2901785621368995,0.8393820930620102,0.3045439232049242,0.8120593377910248,0.46221447161788404,0.9802951312041683,0.49735707206594637,0.6923063435853465,0.5531750520447376,0.6716630488568769,0.5825216491655728,0.4379273903622292,0.2502500310270406,0.3216594742208113,0.8528006017920313,0.3572471377034636,0
0.35049108583758914,0.785694274041951,0.2193902022016147,0.7501076999433411,0.84687139293917,0.3648861925724881,0.5694694218412082,0.5858180677274739,0.32444289065913523,0.6141710838102407,0.49730894608993875,0.5422567914702887,0.4194572551810503,0.8193494608724377,0.2931644555681941,0.4065612552319564,0.1799665378594162,0.5372589534269612,0.23738427180627833,0.7629023139953626,1
0.35781610896546456,0.5027811113681062,0.6416928154959995,0.3643763159787877,0.8425419951715079,0.6428159801069779,0.4144807688341526,0.2662350063607277,0.5297406240817948,0.45159936186489474,0.5691115574259066,0.6480959947480277,0.4942904997537706,0.14822680714482583,0.5976152199090263,0.4818549944019045,0.590927242278172,0.6034284856245729,0.5651336561999464,0.8193888806030042,1
0.4506630236470506,0.0,0.637099898513991,0.3519769180968429,0.3045964646088597,0.44494086504566754,0.6945482460888316,0.40094044767119774,0.6427841843185038,0.22873044869076686,0.3775731777561625,0.4067494123751432,0.30837483663690635,0.38085040505565504,0.6493440716605335,0.5375219569211948,0.6955099678251202,0.5518186132968285,0.13178228907462386,0.5295388593694712,0
0.7961745323842191,0.6815962642565063,0.27550026178327314,0.7929455030613057,0.37741058508191994,0.2229181782149457,0.7312975307130696,0.2560730428553944,0.165141628512127,0.5264080206388575,0.5729892659951137,0.18922141249875896,0.2900839136514123,0.6651931329426524,0.24532335141463874,0.5215350665884958,0.18354760914190227,0.4189656277897407,0.39521875357218034,0.7583002999025974,1
0.34816436615678525,0.738651234409257,0.6088521956292197,0.8074799611793806,0.6713212200890428,0.7000218765779667,0.678653929342206,0.2741699646876457,0.35000671842609477,0.7494749215546972,0.42612752985499913,0.7802050682279472,0.4594595355950923,0.22778911174605848,0.3650094012774713,0.5724825284360062,0.7327035107748008,0.7728491370727416,0.5968883661134154,0.6315020290564337,1
0.6582990707135606,0.7499987220104224,0.24205690620223214,0.5507944813875617,0.46286650068007046,0.3375281543909403,0.6547292255621077,0.1461793053545234,0.22206477343030495,0.4450049712816825,0.6777165499594633,0.14459493654506234,0.5761033837114893,0.7734053235458214,0.40472821524486297,0.3204868518623838,0.25961914995726043,0.43365234066172104,0.27415884555548503,0.6013346284398473,1
0.2766347757139921,0.7948214741903729,0.6185354887065716,0.7118744594297988,0.2808921707315991,0.6830431350499391,0.26479238568113916,0.4546099734140248,0.41210973452687844,0.8281792273180066,0.5039498909018612,0.5142778981526073,0.465860182961737,0.8076829335027482,0.6704471567470088,0.6435859748831243,0.5390139414930593,0.2785314429425829,0.6023187011926298,0.15394529832694115,0
0.28418353228247173,0.44828644953269287,0.7445028263013318,0.6568923352832292,0.8264502221608712,0.3290143567162367,0.6366013747118328,0.7068937679239755,0.6340175542524722,0.3959090570773651,0.21579807117478386,0.19724258563320934,0.8782100820324739,0.3763890266380092,0.3931579279049824,0.7499599258111523,0.29942583202710826,0.30477249289079084,0.39700893386051717,0.37651624482505214,1
0.7644584221070285,0.68842300858586,0.25710709061944226,0.6948104230744868,0.27720848135406345,0.39832010442108007,0.6020406053706047,0.15879033201453113,0.10646918508565528,0.6001699945293184,0.5946671977442117,0.31483392820138234,0.31062119807460337,0.6665983810829587,0.28011813998604906,0.5354268975909696,0.3040643607458772,0.5081891636707265,0.34979789095446645,0.8270060139751265,1
0.3119840016555675,0.5515205926323388,0.48935340868805,0.18248279651692179,0.08987003518846381,0.3670647488228036,0.11902337541042013,0.18540960679885993,0.6553932233388882,0.5175630441125798,0.5138035566964035,0.5830247254855764,0.3698176973146705,0.389010107307882,0.7161314330283177,0.7476390809598952,0.5188982990570975,0.06730971154575754,0.40770135202055213,0.2448151158744014,0
0.41078712432511194,0.8034854703915311,0.45306450435340523,0.541344974780355,0.7909647455667657,0.13322092321009,0.6643361486098305,0.5657188613904301,0.4487703521911743,0.6298955993372216,0.32205791946307305,0.7280831168007116,0.574450591627474,0.7888012356074061,0.2737559592880649,0.39082302040299893,0.3411531799949582,0.49646771207851104,0.2776592575660708,0.6293021091617444,1
0.27544019499606875,0.36983502302256,0.5602995241611184,0.2574956693959053,0.6895033300039416,0.29841811359308723,0.6841595970257615,0.6953977016556722,0.678212927732857,0.3609845355967276,0.3733994854094449,0.7044995883840125,0.2689873331754691,0.7014729120566892,0.6932910953304556,0.4793265687205267,0.4050594866280924,0.5440006978969434,0.3028409430421093,0.7008510988174086,0
0.2659018287102782,0.8349526373043876,0.29100923081531527,0.610535440335832,0.6426018595376634,0.28022851333145193,0.5543702041993116,0.766732649808371,0.4571342855633351,0.6673793309914273,0.4113256162836472,0.7017735186753162,0.4687939817113028,0.6104170130962696,0.3584445372252836,0.5388802847118925,0.10435693438776225,0.4665814647577709,0.34877776170874775,0.7672969393952849,1
0.7491221193588922,0.5970379957637134,0.10211842707468483,0.7416953657085571,0.3219461917073285,0.40151972246958156,0.614293577564155,0.150743115298118,0.117646749742493,0.5128792564840825,0.2742210840472576,0.21310219915260792,0.6177075647816339,0.6940900988010716,0.2874904975195961,0.3816526372615854,0.1682869359513618,0.4486354877794694,0.3323704524659955,0.8456106738922852,1
0.07440573428314534,0.5360311555726028,0.4500559741339388,0.09715608882430754,0.7957064543156211,0.7750177271304274,0.2589291412355612,0.05995009805180479,0.5771347830001046,0.31840612878163194,0.4263486731840978,0.5218164805878897,0.2537145483687989,0.03691394763856187,0.7193668630143446,0.5638343573236894,0.42914075201433355,0.43713153570519725,0.5653384864016632,0.776592851963413,1
0.4664688636180764,0.7624192055444822,0.646913971836131,0.8129071526001159,0.8379652070629569,0.6589914822283859,0.704321574114166,0.2242325261352734,0.2757808513903304,0.7238460328439433,0.39351550533824053,0.5797347823269756,0.3069195937241604,0.3931777493548821,0.2745062983088874,0.47162681046990085,0.5800510844699258,0.6611019955152584,0.7084294021533448,0.6248429861114569,1
0.23563175018383004,0.2032215379173955,0.7091347964597551,0.3135270199015507,0.8888183012485683,0.33336516207053135,0.5768080239689736,0.7108797591410774,0.6930767460915159,0.36481165394759385,0.48937573246397986,0.6529800184749521,0.5018713320011794,0.7229954928286526,0.5159468480663426,0.5559895523660401,0.4605744811202756,0.4692977987139388,0.23388523536869313,0.6468858081115512,0
0.2280426778218786,0.181524334052505,0.5979679811881393,0.6413556190448846,0.7335471547817487,0.346815769555832,0.7389359971531058,0.6627724023919528,0.6929944980335911,0.31244920328820575,0.18839825635138868,0.2159607072401838,0.5890958959332683,0.39332686129058725,0.28817598773768277,0.3460260064121553,0.338160289485014,0.31882388030748854,0.16798014001235412,0.27654314643748823,1
0.2481051233208701,0.9001384150833664,0.6388880479233707,0.6688161120419136,0.36009693530160114,0.8505537148451673,0.1548977039213324,0.6064046916510704,0.37743405253579454,0.8580209099773066,0.3473714544418623,0.4971233516616836,0.4148120694045999,0.6706532024999424,0.761666729290505,0.6771394779879274,0.4392707664279817,0.38566461566637383,0.6765809935124925,0.38512065669226353,0
0.17001512973405086,0.42227568793272874,0.79662018383525,0.1999836856664618,0.4340693782532513,0.369302647935882,0.27006246617312235,0.23419809176037829,0.7467314271105712,0.44936917853216135,0.5049583561050843,0.6237173789476544,0.47348091427636974,0.304419170732544,0.5784293421493052,0.3920388209951593,0.8345180772002889,0.2551332313176371,0.19948323355296455,0.14072819642149315,0
0.2933432491509317,0.16411351890211717,0.6796830906354845,0.5956807972773851,0.7100832588141681,0.30402720878105005,0.7810532794796137,0.7009267121075615,0.7536314136780903,0.2716514240296049,0.4875035194813234,0.16958290773175871,0.3746802404427205,0.3558326801955609,0.3513507620313473,0.5416376398581784,0.3841647358357976,0.3204146064597694,0.1685972540718405,0.1945297251548757,1
0.7640673583029987,0.6375830859347891,0.6830309749837689,0.31485587636409207,0.7289392726556231,0.7548867848585867,0.7252808728211821,0.2509970964995831,0.30879696075010266,0.7047477988576665,0.33119833331981013,0.52707797803537,0.43536901603211187,0.3043990769191567,0.16960354378370557,0.5433540454155871,0.3595776106642472,0.6315932839996278,0.7957314588628206,0.7234895219115158,0
0.22801556839665987,0.2700956563007196,0.7705039804523955,0.15081509704625656,0.9249534158148935,0.824545221595258,0.31591388659854425,0.17171314721201814,0.61270695175525,0.3698889262021873,0.4445363478739083,0.7304085589525022,0.42282370557695337,0.29102725387549594,0.8374801569224948,0.4726292675910444,0.6696787616523273,0.5463331157653908,0.7615215814083957,0.8390256663228604,1
0.11858600909628103,0.5068271003441115,0.6021179528128311,0.6430436423140712,0.8866153577633176,0.46262067030485227,0.7115022033098612,0.7031355235266736,0.600582229135697,0.468012607900978,0.4856726476650069,0.3152795850076955,0.17157965908307166,0.29535505468778556,0.23179429770044607,0.6561031849143186,0.21775663124963868,0.3945916591371879,0.3654964075893077,0.43024887585270644,1
0.33809669275014287,0.36807511310169805,0.7105153587978663,0.2616785140778364,0.7574549960866876,0.5682523895032221,0.3013358544706082,0.24480872325888628,0.6297803567768698,0.5019850049719926,0.28893604020506125,0.8019855283557109,0.4528841733019726,0.2539059463710251,0.5528704377786198,0.47631302208950554,0.6687597963382993,0.44269745463198273,0.546901225462177,0.6438624860730655,1
0.5126661035324734,0.6666388298389675,0.23339563092434257,0.5856801155262035,0.3857887510843723,0.25162553315257785,0.6932015234046806,0.14042035487179283,0.26067769965708454,0.4339916160564937,0.20766806662254275,0.2929217995758674,0.41874555920768264,0.7059619615741907,0.37104292969293556,0.726051705237084,0.3201460549057421,0.4331486069905809,0.2229943113631052,0.6535494337889707,1
0.4580674611674557,0.4166274307238739,0.6554732778109518,0.38520867710622514,0.6451073608152451,0.7451808802034352,0.2848632304253327,0.38617682293715094,0.5262377535339988,0.5676017754763013,0.47559142709552804,0.6443458932297839,0.41375628065283226,0.3558911043660769,0.6274035502753736,0.4271267446496427,0.5919746483480681,0.5274230042559066,0.5461689993000177,0.6655946534511867,1
0.2490019252789506,0.4536947391872031,0.7023350040087069,0.5909949955691453,0.9159856366747816,0.3407156349808302,0.6621595216425269,0.6062762380606552,0.6514032029977485,0.35345181429669315,0.6953898879527722,0.20035599722058067,0.578107773758788,0.4581039657260466,0.38146286051018363,0.3710379192717511,0.39585609900128194,0.347803548254929,0.2557560954386253,0.2620706590057544,1
0.22034139618062054,0.28287257250221454,0.6689057578250966,0.2865499395715604,0.2876596217585651,0.26857744509929615,0.6964792538919388,0.26836575300216436,0.5315664682300756,0.16422605376949667,0.564631720134495,0.3039770946028645,0.20513702793619792,0.29719428576828893,0.6800214048485849,0.829786692263166,0.5660260505835939,0.4695440923368411,0.2184624572473265,0.757645055309042,0
0.20405463184756473,0.2556428986068911,0.7638502909848246,0.22782007609936564,0.18838580667115512,0.2544412973967287,0.7223995581663571,0.27901585753380964,0.5466194822424104,0.14422645894671438,0.5508787112723873,0.19153732823471797,0.3115547743290099,0.31291081328415915,0.6718862443034986,0.31179431934520196,0.5715538323920051,0.40566649150313755,0.19413656620509723,0.6413218754907911,0
0.2643087482461699,0.3462316204507364,0.582733853449094,0.26548652039759585,0.6897804612890244,0.35644935767710384,0.7319073727737277,0.6937419356653489,0.7094554002901159,0.32781794269227016,0.4098214569188737,0.6535232110880252,0.45335224157668036,0.7879348497076217,0.8089926906051941,0.5215062013857397,0.4766313890673358,0.5716196477507082,0.2997426099774546,0.570747949362727,0
0.3559640136563217,0.46642360062431887,0.8118254955856143,0.3775492563246639,0.5039357727336393,0.14685161642251449,0.24553956845071717,0.2750788138526964,0.7399602019576152,0.5052521666816346,0.46015169954979623,0.7225842099845251,0.5042465535225436,0.27276903380063644,0.5587060989752027,0.3766888844575086,0.7057556332416023,0.12943895371380848,0.4936436512745731,0.3013132118622661,0
0.2552545289921442,0.7074667351756041,0.8373387889638633,0.5653574724982156,0.29142812895463227,0.6590702122056415,0.16761316551530625,0.6664707249009937,0.562226727280712,0.834684924003045,0.2303554701550694,0.5362368657616493,0.4061129942247515,0.7158455127418013,0.7135214594737053,0.48225778263337804,0.492590713897736,0.16072633983717774,0.7009504813606942,0.0989911001813914,0
0.12305077612869308,0.13669045564031174,0.6435481465492723,0.29352446497216356,0.18623783689441475,0.2709457616984485,0.8081247741410571,0.1563081666970751,0.5894938743418178,0.10453244896827169,0.40764739774982933,0.20772146151412593,0.5827571381782286,0.31597904676266864,0.6649851780428361,0.5691715462779525,0.4996198535582943,0.29311948768425955,0.34033030747124415,0.5441442345469337,0
0.800483241044343,0.7570442602592433,0.24419839169772445,0.7029567696607081,0.3315229500146988,0.4697027738127592,0.728324291944477,0.2593941099534589,0.07496912524421256,0.6418076656998764,0.33491415464325003,0.23733039456975397,0.6535601660296716,0.8985139538730967,0.25347805936270595,0.8457288476680083,0.29355221225159417,0.596310249431268,0.2535768231509917,0.6733998180352453,1
0.7419656238316581,0.5966983259328982,0.729935667357367,0.22541187330502982,0.7279558000425098,0.6854253281662519,0.5878637048134013,0.10149254196193508,0.32079840882555044,0.6255539776422172,0.6865525271787987,0.5806260279733121,0.6648626613190181,0.3056211680852776,0.30306275604984345,0.41242311601992043,0.4823005335302638,0.5967138643321581,0.7856123540239859,0.8206242587363624,0
0.33047290822251796,0.3767624965320129,0.5074624999020387,0.2550454020718885,0.24896932269519,0.17205894394250676,0.767657731086201,0.16933136348537026,0.5852841969923281,0.09107888819731169,0.41027646132577533,0.2866336026749572,0.18594100655360868,0.2815830384430842,0.8052003358565767,0.5990177430125307,0.5739818175960996,0.47669163959426397,0.19715326736554428,0.6410527139209139,0
0.3542476951080049,0.4573799918298524,0.6766470623006746,0.6740217326151264,0.7805840079494931,0.23416248771924236,0.6388504296806928,0.5324016719416211,0.6507575766745369,0.438432608604103,0.24973182762508028,0.37911969197746814,0.40158411431897156,0.2703592918731481,0.294737594072654,0.481098475671842,0.4309482889315715,0.3093547965064184,0.36678016270009345,0.32657447157632025,1
0.27074774924226364,0.7696238380363517,0.6955289419527193,0.4995601920374794,0.157037762890202,0.6198651409847125,0.3535201928560788,0.5983027166132255,0.4463779874658748,0.850314974337927,0.5526087277796746,0.5885537472064998,0.5727574113183724,0.7404860162899255,0.639532739699211,0.380996876668283,0.3098110561176667,0.20435644570261463,0.8135419476878214,0.3285825857717483,0
0.4172006723723611,0.2675612140755819,0.8067684379824553,0.7963077385287942,0.740436842823624,0.16458149295343594,0.7140276805505379,0.5649453863775791,0.7250291685212957,0.3577842733535888,0.4689276821141939,0.33259803622597917,0.6105500477995687,0.22763201980581838,0.3883790532190039,0.5787963521051422,0.5511071914071654,0.2940126859361487,0.41435858519489543,0.26201958346921056,1
0.254863348471532,0.32675210455746495,0.5916724590953059,0.19310039536228701,0.7857566928860062,0.3337675834743997,0.6033931809127404,0.7496618897533129,0.7879315844798628,0.4271399136827453,0.4830582445737077,0.8508100795183562,0.5806682331683194,0.5267172904955002,0.5619571427242139,0.6402778487028646,0.42148777554085437,0.5108664351295986,0.3007206671350028,0.6146413009492215,0
0.39241870647592814,0.19606579413039876,0.7434147317966548,0.18333507114559405,0.27735687238717993,0.13208518140165393,0.41244556187000403,0.09358092833686127,0.8260960292716057,0.23984741076586263,0.2671322235123609,0.7015941870011672,0.46511766700116913,0.228100410050114,0.7995693106949979,0.5791331751122609,1.0,0.3267986796223029,0.17990410363044618,0.27810384286699985,0
0.34431187163314086,0.7123925888929689,0.6740768049590011,0.6545706823092031,0.36270189874375,0.6621906675024314,0.22995662260872815,0.6811883411057642,0.47046542057229196,0.833277877969572,0.7574196055498826,0.5642668422974884,0.15897629139777408,0.8277822808570776,0.7128432094926204,0.4524438629613031,0.3578285080656298,0.23362603383467798,0.762879994793071,0.32322844311101917,0
0.2675105397267735,0.3038676851563865,0.5698775555558064,0.15002762967642913,0.21609862550774472,0.3657242768862716,0.1421832976105658,0.2518919543989172,0.782992085717245,0.3556244294582075,0.36599617323339334,0.5774462229659652,0.35165890417661444,0.36010683909547025,0.8369710243168362,0.30761146860477445,0.6501472217773621,0.1350710504195332,0.2859829209203941,0.2542932142599448,0
0.1766623701373276,0.3868402907574768,0.7469817374396779,0.6567713746400057,0.9442624214704551,0.4327403581497187,0.7191219608717023,0.6873224764065924,0.6744093572659979,0.377682761826314,0.4837138394209726,0.23966317099402323,0.3333877381853678,0.3217073456078167,0.3793874817973087,0.5053116120666415,0.3140964382551056,0.3489532856001585,0.4579682578309753,0.3460222583967303,1
0.4881836591845279,0.2832605935178931,0.7387924192104779,0.30316695944450245,0.4455119532604428,0.2906601855389792,0.6100746918266272,0.3046830200898938,0.6195025431624382,0.21549610858006618,0.4915030903924787,0.3202610618827476,0.5191193589971739,0.20251486343608538,0.6252577655489961,0.5268208772650921,0.6996391115766383,0.5051084472251767,0.17157592219594558,0.5596277760382116,0
0.28697062687122243,0.3305932738623564,0.6951446245118181,0.2964752196399212,0.3058325848494523,0.3027847440482504,0.71676635288342,0.2535993756737512,0.5389243796368673,0.18191989927852353,0.514143674411772,0.33141533759508196,0.446973973667746,0.22601604996049918,0.7233009011692899,0.630704602224492,0.6297488729314973,0.5355237504599994,0.26646218853677067,0.7441817050847731,0
0.25543621542111494,0.24771512680289048,0.7111277822744182,0.2913509446039835,0.7806204881649098,0.6237277050573826,0.2630136556551961,0.1339871594203632,0.6078891500995606,0.4143737210906282,0.669701866619591,0.6215815450063605,0.3554112222814424,0.452731647279529,0.6990019770922371,0.45147056691633547,0.5249276131517969,0.22917828880015795,0.8008507192024656,0.61634845188007,1
0.2490875845395618,0.28735604245769997,0.7651451724929444,0.15410218265971098,0.8318695916135089,0.7172179601575693,0.24894063933408686,0.18306600832449138,0.6207244427962304,0.46488844269227686,0.3872509546517017,0.798761066181289,0.42113512781726764,0.3107156096044764,0.6764543930047581,0.500639342773936,0.6189498563218814,0.40803949661455113,0.7470409158374273,0.7517011795256043,1
0.6938007404463529,0.7528547524602722,0.26636512438617566,0.7319065885019831,0.2907545222522205,0.17983603718712438,0.6836306305676827,0.1826594278975294,0.21870274910698428,0.5010864107417291,0.46949355464662096,0.2787120148989318,0.5039311756292348,0.6768743189323174,0.4232247926811004,0.31197122040724695,0.30173180799165494,0.4120411098462622,0.3777866071067849,0.6885661633041598,1
0.7135305581361729,0.9117517707238834,0.5748195851304274,0.2510629152104968,0.7854121753761483,0.8554215710455992,0.7693317645765152,0.23061384826849546,0.45454847568914464,0.729898990433221,0.5253347159447062,0.7636341276142684,0.4876330935716597,0.08338774813682204,0.3800479417481443,0.41969450998383556,0.7037722467718144,0.9498865795919992,0.5662818182804561,0.4740522582317678,0
0.6615004336199268,0.8015482640548752,0.08553089686084892,0.7095830792468351,0.3708083389814484,0.360874736459149,0.6113750030633146,0.20270059973363005,0.15645410429875417,0.5046688924833939,0.2749783342917699,0.16995968905704306,0.39108826538183633,0.7184115465826949,0.3961701396147049,0.8013210554985687,0.13977856888495402,0.4395303813355582,0.31655616474196624,0.7389582972407133,1
0.19947276370210487,0.8601863543960524,0.33262505196767705,0.5622230004412413,0.9239424474878513,0.2502408043992771,0.6444822491184449,0.7216890395273209,0.5118771988429175,0.5728152950546873,0.606703173362118,0.6866985822713845,0.31247049694512363,0.5988197531145921,0.3669944934123306,0.5356231082083178,0.14999936871389896,0.5234048840748359,0.33080832996895704,0.7405996507996349,1
0.3529394260854513,0.7001967481526428,0.3484187669868903,0.5480587691612354,0.5179115136352366,0.30190182813459976,0.7138899629229459,0.7831605511703467,0.44183431872310064,0.6320002856464246,0.23607779791890698,0.5622165165543556,0.7338029867691541,0.6999284188259984,0.284469299176512,0.4478991964901917,0.09730818274692854,0.4748052654076993,0.2825560879820479,0.6613268083622349,1
0.2696039962540199,0.6427763309819129,0.2407784505017275,0.8076385581075234,0.7684730549327554,0.28354408851905655,0.6876742992259612,0.553849223859947,0.3899586373463273,0.5569112272314323,0.5477520861921668,0.5803241022087706,0.2443563079725436,0.7909191625918591,0.32049093410009183,0.8627017675283084,0.20130975447815208,0.46923312840225356,0.3201304710173234,0.7103202371445738,1
0.7095837782741602,0.8973438708133901,0.5994733532756015,0.10656987801497497,0.8121483482173463,0.8792593241670086,0.5666910056114917,0.09414476328577714,0.34184166863181065,0.7322559607778925,0.47092918080926927,0.6671856176867774,0.49127711595878953,0.19056894195879198,0.2842453758099396,0.44875717168507345,0.5743168068377584,0.7933641295381921,0.6103689521791495,0.6289672134153588,0
0.33118838540434403,0.4042010397427585,0.6424748706813714,0.2495422035521636,0.7157549483659804,0.38237925957409247,0.6283851449877942,0.6899054924441028,0.6369584037817655,0.36300130588460083,0.7110780172546378,0.6162747993597579,1.0,0.6970770706288885,0.7356262107135325,0.682333260042923,0.4770418546777946,0.6042077595631067,0.2733478884812905,0.7064186644970512,0
0.7483204724986607,0.7943494205073146,0.1819836297436338,0.5886007490135595,0.29446912799586056,0.46855678510851817,0.6964102345011506,0.1741393123551903,0.148229627700256,0.5850770690887063,0.4193419109115073,0.2564051760360534,0.5883065476638143,0.7600531986415873,0.35508048460381925,0.49897311012442613,0.28294297635045784,0.5532290694205783,0.29841820932323704,0.6309563953158014,1
0.40645269581972726,0.1817141609971648,0.5959126887613496,0.2109024831050597,0.8833573281749336,0.32626767190796346,0.6728704777558612,0.5921714766866727,0.7067784562118915,0.17836366633585948,0.08497064363957302,0.5499281648511973,0.5750197045161481,0.8792671311252032,0.8509549093055485,0.6185810963594613,0.5313934147016708,0.5851297971828376,0.21357417748938062,0.6663237675656988,0
0.32332320618871135,0.2064684274147211,0.6889010755227755,0.3511376783702753,0.34106656065110325,0.48290437908956135,0.6786444832720022,0.24536700859592986,0.5192029092994752,0.25337330534571967,0.3992793224932591,0.347843624776968,0.6062516863307039,0.4236921280074134,0.7197369267820459,0.4008066793911107,0.6433586018776065,0.5108537284137102,0.35096842978427234,0.6357569528227554,0
0.308380321676038,0.3549548845732601,0.6892836605682193,0.28545222622028527,0.3256131726044412,0.2326319611353307,0.674674180002119,0.15743767142696985,0.5430954978269538,0.14592207605870722,0.4824267608359721,0.21596969614062123,0.4141387896540665,0.20478765681824634,0.6686270047903323,0.1219810414073565,0.5938844919257308,0.41433867310239086,0.2588730066032686,0.645275830184515,0
0.07537359698118745,0.45654821796442935,0.5041265492932863,0.34930549646322706,0.7093207475651704,0.21764768200622225,0.5554100986839781,0.6552377078292819,0.6316779493655105,0.4754044535687504,0.45997593852450985,0.8017953445339636,0.5297725094077491,0.6638089621179093,0.48855088053912266,0.6839578409918086,0.2257949024140264,0.3295818530923297,0.4323737499712302,0.7674266653101212,0
0.3723670634656268,0.42081994817950186,0.6058218819661938,0.29025246308592806,0.3482066738789878,0.3252444412931583,0.13676805683121157,0.08168586058917898,0.6674543990789287,0.3913197989794861,0.5535306463869306,0.5293378319450404,0.4065364229734973,0.43395512231834066,0.754776455294581,0.5664517153448333,0.7724560670676297,0.1743040635784461,0.2744679812310944,0.23798384220194269,0
0.30212609911419674,0.6712380409710645,0.3500117766606087,0.6218975966767399,0.7154496309775371,0.4815389715864121,0.7478737508239384,0.7473920112404278,0.40479709765927796,0.6485488318427254,0.5330005767089674,0.6077058528556674,0.2152136064726145,0.8169714965215009,0.31479345615673116,0.08037217813757308,0.2085960298407814,0.6172392543459988,0.2826328279915356,0.6596771265349737,1
0.23900688262809344,0.42589425999177666,0.5389937892737222,0.1144199899025895,0.24491990386136941,0.11859937377098284,0.7346234642820364,0.13953787772878956,0.4607258924191874,0.08067087510383791,0.5517300952928069,0.06683269953183368,0.6752204905335684,0.30332996382392285,0.6323978079708095,0.39317383121787475,0.12883676981829367,0.19343634264987833,0.47998371197301054,0.8775962878534701,0
0.20162531641260945,0.3142303428559414,0.6229631532756157,0.6428059014667207,0.8827067529626325,0.4323036683344555,0.7289135807326395,0.6139804968409305,0.698718536212575,0.4063752737755524,0.5852758293095628,0.31012964759562245,0.3309927468903743,0.2914965931356901,0.19852729814229075,0.367925825030887,0.3897154953295979,0.36524275316851007,0.23362237524497192,0.19743809732065465,1
0.3417195046018672,0.2779005761233789,0.7200870741898673,0.7881109996873192,0.7236988067203721,0.16532771515018763,0.6845238132717659,0.618427224984816,0.6475960252165162,0.39010302777472483,0.46545585405879686,0.3249178486210095,0.44983138701101133,0.24733910944499,0.2697442862227596,0.6663308279656719,0.33189892041306196,0.23399285309552317,0.4523119669210547,0.4592519056317726,1
0.2377822808570682,0.4894977067547275,0.6554383671105746,0.28811600726728626,0.48434606637952343,0.31714191814749426,0.5655309898191522,0.6223916314981945,0.5683631879130062,0.3723564660503448,0.5960477195623346,0.6450494131584156,0.5520336626445849,0.47456087552003345,0.7891378230255139,0.4792666158760669,0.4614007284309289,0.5752019185863004,0.3657437410935854,0.9251887200309841,0
0.26098656505937057,0.1516526027527444,0.7116006591035353,0.20824900615783892,0.6795818664203519,0.7113040137772473,0.16806431862098065,0.0758763038280229,0.5588711871821971,0.37975473777881463,0.44913530587860434,0.5496956228062199,0.770016473105086,0.3810510648527826,0.6993987990249717,0.6092272463891173,0.4886340669333167,0.20777671902817366,0.7935273136987135,0.7496018132473131,1
0.7766630532205323,0.6861110608776936,0.7869008757209258,0.276707772646305,0.771626952614233,0.6519268578171205,0.5949515232648307,0.24576864382733948,0.35163710544287546,0.7468676246851857,0.4336144846107878,0.718944038062753,0.5010484003830097,0.29590867616045397,0.20041382522113932,0.491186779523169,0.5562555072571403,0.6704982968265569,0.7058409933941434,0.7423574500385791,0
0.6598311564539006,0.6937131819265432,0.1279772134373785,0.6260088146427809,0.2682533481232181,0.43069478896388935,0.72016965931392,0.16936490067423154,0.18687524414286721,0.5154279850060018,0.6602731112584181,0.23702862048640957,0.5691675489061873,0.716283028504714,0.3715439133460724,0.5517259044373622,0.2362393422502202,0.49698043138590386,0.2963275358336929,0.6484662502494882,1
0.27060889397551546,0.2457948856460811,0.6463553849730452,0.3041399105289503,0.8915246749721801,0.23772991589042708,0.9432418843117244,0.3741017546345431,0.6191474371149529,0.1615712313149376,0.44656160565185604,0.5997439231574846,0.39781184606916276,0.951928678734132,0.7400987415001075,0.6677000012846842,0.7693042007225154,0.727198687904578,0.08911459558988866,0.5923796026136856,0
0.21089612876458425,0.6630746045252236,0.6899461137316206,0.6174905933946334,0.4650001337106356,0.8477413855427551,0.32846045644607,0.6808472412078945,0.4723668617387614,0.9265322601443144,0.4153341016551985,0.6844362215615666,0.513084484692952,0.9420343778203806,0.5509085043661642,0.661090090248252,0.46046830187592025,0.34271004574309083,0.6600059688839484,0.16027470894382034,0
0.8697812918993408,0.6597033903863685,0.3687087166074644,0.8093883377964624,0.2050359321118927,0.2894336998389372,0.5794796509171296,0.3149680271070745,0.03372367502888435,0.6377288178438224,0.5405671318226324,0.21993479318532183,0.32268913509341235,0.7789375788753593,0.19672165235648292,0.6302799276680467,0.28103631437229704,0.49046273560200526,0.2619964592378814,0.903829212712705,1
0.39380224608501935,0.37195517188137617,0.7140627462763686,0.24878765609134226,0.7838825452392744,0.18433072365720005,0.7087010963961173,0.688470184719014,0.6940988370188929,0.3030146581959464,0.5880996353181362,0.6345544913765615,0.4002377257747965,0.7808165278470578,0.7502367893565106,0.15434746283464662,0.5195139268029971,0.5587951511932594,0.2770990482605924,0.6581061463287945,0
0.24847938350344617,0.28113286205823684,0.765689154356253,0.2910997836304913,0.2681990782280605,0.3117564025287978,0.6776055950233544,0.21670204170514842,0.4826615568413601,0.21359191498998514,0.6101726446493559,0.25559268800939383,0.27488114712670175,0.4120876117120253,0.6898149323873979,0.7804247653492685,0.5324317626267845,0.3746449553604087,0.4069104629125822,0.7224485020781244,0
0.17522046041434275,0.25215828088108083,0.6785739243946147,0.31778205272817706,0.7061666578569632,0.3962582131667102,0.7231487936819768,0.5598645724317748,0.5503011760880251,0.2679089225938739,0.2495260323527505,0.5518216455509026,0.4316093598266,0.6891112812734465,0.6672182722584383,0.4044250089968263,0.5571902717307613,0.6609166911959216,0.1823329098406017,0.8509014358086936,0
0.5786462400057091,0.24880508930008088,0.8501253440471996,0.7526169191895352,0.6005739510876223,0.1641722592532256,0.5326678453751706,0.6055021368783701,0.672375509321652,0.3491831809125071,0.5916699280243386,0.23531202837528897,0.4496935167511877,0.3339787915639353,0.49503649204403455,0.47902736562772963,0.6169800430364287,0.3045271195015227,0.2705723022798292,0.3205747046570653,1
0.4025865496315985,0.27355905657455115,0.6136572482626893,0.1830423756117922,0.6611935400977098,0.3512351902253985,0.5514935474148024,0.7436775777428117,0.7434476576713113,0.41961033140027404,0.5871048273467163,0.741517325074929,0.4861143630601696,0.5186286491411509,0.6086277850577679,0.7655561366820408,0.33737920333396965,0.4428124227772613,0.4182213109035886,0.6904944051014643,0
0.3366834359215014,0.35996320431275514,0.7384691682098691,0.15684655206691278,0.8073567769137258,0.24462102444735345,0.6766158272273739,0.6708729296704039,0.7201750603556127,0.29677677661266194,0.5277099060421421,0.732784037488652,0.39496661903087527,0.5656153269430192,0.731800544321627,0.7211417543047425,0.563100541242991,0.63606989469754,0.27046887019979693,0.7796340119034211,0
0.7270866363057065,0.5971741363197507,0.29255947911391456,0.6142724519648207,0.23961722236883642,0.22965587010437422,0.757760152259876,0.16616917414964166,0.21754675880276114,0.5162730424571281,0.27749890109534947,0.41746937660310796,0.3204029759799766,0.6917653646578581,0.32545553677958833,0.4106108855276632,0.3875529418771777,0.5158525134844798,0.29230967933728746,0.7559621595530186,0
0.26857354416790274,0.7843447052000796,0.7270449597022421,0.6592335786107786,0.31364617462148314,0.8452034359654592,0.2194669968998808,0.6714257042415179,0.43766612860316123,0.9781264051072872,0.39829324849470754,0.7881421366015442,0.4589302666057663,0.6771023960660895,0.6304653482404202,0.585575318710394,0.6131514294774725,0.4730256184962437,0.6233724934744677,0.3206716040210896,0
0.15594330144040164,0.44328697908573345,0.6714179153680678,0.1853771697072999,0.7074545210514499,0.36713176444306483,0.7117634472773294,0.5411315690050319,0.515167281836097,0.2904150526508441,0.2620498930384405,0.5704161622693932,0.7657850146626035,0.739667526962613,0.7418420347735373,0.4725672172352726,0.46202932912760475,0.6452195663763614,0.29188594262540674,0.9290257894532579,0
0.20761011715500516,0.31614628352263213,0.7537060883045501,0.2995280274142111,0.26256031711349365,0.27864278472535176,0.717149651032448,0.204798849117153,0.5198096832261014,0.1400699643103931,0.5626569908444337,0.2134985621356755,0.552650991494985,0.217746435406113,0.7075646120087804,0.5714463260665588,0.62389216579308,0.46405240309337586,0.25394876147301576,0.7083393735177155,0
0.6458574887030355,0.6375240931418991,0.6836461271847312,0.42197040756440374,0.870616257685223,0.7383965299652975,0.7403344991240108,0.19786463705660828,0.41175329460153076,0.5957385028393618,0.5323148933667625,0.6177029383514889,0.5956044923002173,0.30301152328351144,0.4568588260645936,0.7025491698438906,0.5988176546085383,0.7394154305834153,0.7710688312449898,0.6545712559855895,0
0.7888876109923324,0.7013325282408485,0.7096426392405488,0.35881371861729794,0.7186150540396931,0.6923194431496341,0.6282980604704691,0.297668188087829,0.37089828674661185,0.6619747525785143,0.4401248406524439,0.544709857507298,0.43359281856287435,0.3043955400312287,0.38936398199567457,0.6176191692796605,0.5140217508376337,0.6821916177181635,0.70399016602346,0.6766746539653772,0
0.44481217847965315,0.3747714061571189,0.8314069671198221,0.25715330842567347,0.6630635013639429,0.7260973530241273,0.22736988973043923,0.20743779094557094,0.4832812334160422,0.5625673521461932,0.5817800444772083,0.6554406789438091,0.622987366685201,0.4870096920888914,0.6504259123714536,0.5412447335911718,0.6546226092049059,0.4199961838019088,0.7076804469942929,0.6935554845927265,1
0.2976252116789959,0.2579649534249927,0.7773681494607098,0.694184261406486,0.7410399116711687,0.2884753230818803,0.6628533216784036,0.5902217430014456,0.6803872879950806,0.41463636695812583,0.31362424424783775,0.3728876939778622,0.7383092381176094,0.21638480471807148,0.2829336374467322,0.5474194145722443,0.4178268147174287,0.2739205590755067,0.4516821517297396,0.3790831639892898,1
0.5897609953869205,0.3036095456101815,0.6150877719206038,0.3997457305726294,0.42954395971644277,0.4103676557074202,0.612868030082746,0.2575124393786413,0.5811974630628262,0.31277658766394895,0.48382110105051696,0.47706801410568067,0.49471864285668843,0.3145239719187377,0.6338187285938086,0.5230288303149849,0.8807652484226338,0.6784127310119568,0.04905333420557406,0.47793704892448274,0
0.243249627537222,0.7470135722046962,0.6148924542402938,0.6375634492840838,0.32081311030320725,0.798839732599175,0.1751583306312945,0.823918834711737,0.5040937104700046,0.8679116420045692,0.4789530341453777,0.6217249299528671,0.63620901450794,0.6729082085405604,0.7109780289822296,0.6305729311561791,0.415146802372369,0.3867740944087034,0.5473428451036091,0.3313993366317268,0
0.35586378912764527,0.07937749612766387,0.6910148658443993,0.31630195300997954,0.3208859976759155,0.2236620288188942,0.21111119193004924,0.20211371900277678,0.8377381957775948,0.24179871891588012,0.2979547121017596,0.5904497401987647,0.5345014291366076,0.20006548841744798,0.801166522253268,0.7104685561994198,0.8386458624529611,0.1792112945677869,0.24346783562911054,0.3172026428742991,0
0.25153359928415875,0.7118000476794215,0.7423582654194217,0.6725285891953855,0.22118275141057286,0.6358605550864378,0.2305520720004651,0.6873449481015894,0.5520948579331769,0.8071746954916074,0.393030649120055,0.6969346036132823,0.6019654291478539,0.6005095166141363,0.8024650003950167,0.5045305779619267,0.6870451950296868,0.4139022210121598,0.5002636867975091,0.2579003862421397,0
0.13958542695605497,0.43669938543988374,0.6531002422666465,0.6082291773691513,0.8760377489278592,0.46408464419136264,0.651331434601199,0.7893726183206766,0.6461134512120609,0.4116198526358264,0.44052302342459587,0.22741698980936428,0.6400163181821488,0.32895113802387943,0.3408082880798277,0.609912337997715,0.184186455923836,0.3446429920497032,0.3740056525477324,0.4247327598398356,1
0.9053845850732025,0.7304102951721198,0.5486887945698494,0.3359608913664262,0.6416663346566125,0.6607577219633967,0.8882950281552513,0.327292647766125,0.422441433017268,0.6503582882619074,0.2931981214224767,0.5558837088666394,0.552733124354572,0.22910386451482528,0.32970809110669697,0.6002881535869176,0.44475560703697004,0.7685480049161098,0.6719946117560802,0.5493042379973678,0
0.3998995370082423,0.29120549325248196,0.636995922719505,0.2405872764267187,0.2130727347997422,0.15266916880390524,0.6635726034172851,0.12612963630983648,0.5015642608119915,0.17626896016351462,0.424235591945345,0.2345206928672763,0.4314177925000005,0.26859839889216974,0.5366670833822538,0.49749493187394495,0.5010172894822091,0.32722175672377696,0.24787563158222667,0.6951885424350299,0
0.29678365941212703,0.2516957614937148,0.6697368253999033,0.22318401584396216,0.6808334603335635,0.37543313142886503,0.5982264867018586,0.7179607242609041,0.7379125690228809,0.40570473252101563,0.6413404000783489,0.7824244028652871,0.6850476839990681,0.4381768745688893,0.5865301902550571,0.5783972505297201,0.4593440542535965,0.5328918035428382,0.34503396939060815,0.7169350353615485,0
0.6926441621664922,0.6721585854090758,0.323066665478293,0.6106900970380766,0.39123153541199734,0.2395012186497179,0.5957626618448959,0.24036018655023506,0.17429927542966783,0.515754613465245,0.4580696798461837,0.2181976941385978,0.6248498410303237,0.7857074403409219,0.24248610442080398,0.7349654034379335,0.25522673727377915,0.4069927275708016,0.20757558969593726,0.7396551574290771,1
0.11081051934602965,0.8920141926584757,0.5187725555963794,0.6938392150303869,0.635240198869388,0.7438252130158604,0.7249806062352818,0.23199621187908523,0.2486764479607882,0.7693793330977663,0.36689014749109006,0.707992446707967,0.432626245313989,0.23957575294885758,0.24358931137153395,0.391277343532238,0.5037891065067492,0.7168772763712165,0.6200521106296385,0.7370086110969035,1
0.4113736097471024,0.3505340375043152,0.8436042544595419,0.19961356736519703,0.24821476481186444,0.2596083194822172,0.6228619135185162,0.26715493128123674,0.4882252457842305,0.23385663104235127,0.6221555148677215,0.15802625706970125,0.671816376949903,0.37312253354928787,0.6022761883313412,0.7523165700094047,0.5644819912732556,0.37815014135359437,0.2562943643134682,0.6274896667589343,0
0.33111717363141013,0.4253248262445513,0.6290713366241962,0.6830490372944951,0.691979942207448,0.3075117728767106,0.6184061695826725,0.7287371292845595,0.6395755615776183,0.33106589337053355,0.5795507956884953,0.06469952301026188,0.5409273431985873,0.32996043379296924,0.4369910364613765,0.40890084713140207,0.25329613003793056,0.28928277420887816,0.2654132069434525,0.3451208118625523,1
0.3088180862704015,0.7464639097770948,0.755760815215222,0.5631842737729551,0.28756275573475626,0.6466641657475642,0.17938080153553088,0.5536416100820374,0.47844768074245914,0.8615240647758339,0.7023638064281142,0.4814615203031319,0.5827083369283849,0.8524601503631903,0.6210790134744871,0.7450103727838913,0.40343273503501176,0.0904785937921363,0.7353814089131658,0.0838852689308176,0
0.3495668514314016,0.13371595556835192,0.8893388648725626,0.26648266983650126,0.6596481518730513,0.7078909911547233,0.2929838945711042,0.1678829765136069,0.5132562038262264,0.4929024875656617,0.31550518081788326,0.7164137706423424,0.5984379980294549,0.46524007399004147,0.6544728670147454,0.4739759159617075,0.6208524348517525,0.34916862051204134,0.8689679938160111,0.8261340698267212,1
0.14718140390850726,0.19938814283150547,0.6226164636008349,0.4786304088959186,0.8733254952589642,0.34174077283325044,0.7875203466523331,0.7518508209550082,0.7828321305972623,0.2580404170129545,0.5306338919834795,0.18204781010994459,0.48982875809732523,0.4425350850009985,0.33053918550987327,0.566137078419406,0.20299899682125416,0.2599624434059705,0.2370089533685265,0.2222936998841783,1
0.21719311944822323,0.2899390777429511,0.6159760749428504,0.33424004499490123,0.3236344857976764,0.4282583528136417,0.08856839678885536,0.36201623111132525,0.7297822524409515,0.42481552748562096,0.48541919128590605,0.5638179832569594,0.541025349709224,0.35458394856801534,0.7245137528623253,0.5204885648823386,0.6439071264973786,0.16625116077686128,0.2569944198467148,0.31750494756114933,0
0.9311004054261138,0.7390858781438261,0.6098050293082525,0.2551375669974937,0.6453674792066474,0.5969692383731544,0.6976282650833711,0.3913561970695729,0.3145512726422598,0.7356124299740158,0.2884386123166237,0.6042253351627641,0.5982312039812085,0.34207225219624493,0.2055351820821551,0.5615281972255073,0.252376759352204,0.6419137786235758,0.7687513173740854,0.8503644978000358,0
0.2531183638237221,0.21255404359355984,0.705258622415102,0.15611825487666842,0.3625631189708029,0.2270470848703407,0.3926316273049222,0.2649244754083024,0.9002228157492096,0.2826251882371112,0.3095530816261488,0.6093419585242071,0.41201868022789534,0.24979178325994078,0.7440631332067746,0.6387641174861522,0.7139160609130196,0.14832139825440302,0.33559196455790735,0.13639435515989412,0
0.45686463312320685,0.6280434022624968,0.8074970022772707,0.8313389781091621,0.2350766895098937,0.6529051189951547,0.26123894371501916,0.6828460368393545,0.4996798505445884,0.8532078477643092,0.542059739971252,0.5441364077764367,0.49504644087349975,0.6530938419715059,0.7463141293817035,0.43080346484927307,0.5190523158759509,0.2475545378360151,0.8382476648262958,0.231938327559073,0
0.8958218709444372,0.8841853445492256,0.4994420280152898,0.2044276177693956,0.6350986870851902,0.8394525769699966,0.8300426165310717,0.15890849866845785,0.38455588612920666,0.7220157531825776,0.49997383068994394,0.7180220076573923,0.659618792077076,0.13705488243690966,0.40953062820741953,0.39148342449106144,0.5847548662781643,0.918151732969389,0.7094301775495531,0.5806948945251191,0
0.364745791111046,0.7222802517918325,0.6768674259897727,0.8845970552317723,0.7883059484718097,0.675809183471069,0.6269117453441831,0.23923222041360012,0.30858325584569823,0.7592138567237988,0.5824740971877344,0.6954979214783157,0.3725874946296601,0.3000805966788393,0.282673931601789,0.5491409530223597,0.7012229155090994,0.6809183111843262,0.6533124664213017,0.6194812567567756,1
0.2688453650872659,0.30118442790536726,0.6718122700143003,0.6327726680106487,0.8556297274705333,0.39435252671952187,0.6964998287803669,0.6223477580640631,0.7068287329226952,0.3698267833834785,0.34582272789193463,0.345540997207389,0.4715898638662756,0.3248631369397687,0.3794730653861642,0.5405480188024337,0.4321720782349465,0.38604236700375505,0.32917479145486406,0.3063081729268229,1
0.19736710648530603,0.851597435754176,0.684375451093397,0.66965668408142,0.30468201817506113,0.7356309019284499,0.3534236878406826,0.4677807397567227,0.4142072486683835,0.8605124874515743,0.40039010268835734,0.6822689139604124,0.322549102490122,0.7333279810320504,0.7274167820356934,0.5083301501232936,0.6393578593150362,0.4344255590211265,0.6620094284831016,0.2606807705206097,0
0.4135952340331336,0.5211791689276768,0.5341852548989667,0.047739443842442664,0.11989616803165831,0.3050156670317319,0.3238589960113567,0.030925736488226496,0.6045118787973308,0.4844592736439967,0.33195097904427473,0.7866373414379133,0.38855350213669076,0.5173385710279109,0.7042167844346519,0.7617498872787977,0.7939480070602745,0.3365292294176602,0.246685551881026,0.3535805882911264,0
0.7000313743937627,0.670203189514148,0.775733417409417,0.4136338168024908,0.5949236826827057,0.718867420405102,0.9128365672190313,0.08842567271163793,0.23578095822202833,0.7194278713655836,0.4890870790194065,0.6057736812764305,0.40348290123454844,0.41888150882066905,0.2348906974484017,0.7690034848740471,0.6289362630262212,0.7585338779554718,0.7792824265556242,0.6567901133110241,0
0.3083381988724049,0.2597331433527584,0.6433139048803778,0.3545917956432232,0.9037339890475127,0.6819913244864899,0.41612109145792264,0.3074401388285686,0.6272506421526345,0.3805240800361937,0.47658624916642167,0.7012000716908169,0.6707758229556664,0.2671786474237862,0.6965449396125298,0.6213169398072651,0.5989645509534858,0.5535563537340845,0.6141713635761088,0.7845700534837289,1
0.7182930911845131,0.6419811457691473,0.15423633636032336,0.4810905637375133,0.36146040908995103,0.3808553429400794,0.6067550684129739,0.15756300541150103,0.18311037211465142,0.46270471136253494,0.4161678069798901,0.18272090305134586,0.5105951975921593,0.7724264089245942,0.3075370246844513,0.5661449101754633,0.19898667099533876,0.4500170498337593,0.1808645396560839,0.7233660238314406,1
0.6052784836694252,0.6642662972545768,0.22728145981905662,0.6335541863758382,0.4178206724703683,0.18966606505070044,0.645830259934685,0.19385373768632677,0.23216000779242202,0.4550651346454644,0.3398805475855924,0.2615498527636073,0.6503682149634916,0.6549628488787236,0.2916070554929536,0.5607074613750407,0.17535643428362424,0.35727245242414496,0.32213208443587515,0.7795533625901176,1
0.3632901079763411,0.21247828472593838,0.7969673770833938,0.39397501035612903,0.6661725776938526,0.2839490730502521,0.6635045239711606,0.7617164256009141,0.7044931525730865,0.35619146365842036,0.21865270772962678,0.5762784048150815,0.6043112135188466,0.6943678549326501,0.649670315454431,0.759105407160677,0.5883836516100345,0.5238935399222489,0.21768558058272242,0.5386594109678638,0
0.24609951686264192,0.6378515484234423,0.7380860161810501,0.7505552267242729,0.6532924935133283,0.7611084170871922,0.6532261446770027,0.24577073546962616,0.30864489192677463,0.6677212717336026,0.6171233477408836,0.5611093805470508,0.5237927267299082,0.2548110565096086,0.3918428561990057,0.3773794412109157,0.6368758519557846,0.6554120347637473,0.6946623487599832,0.6853533288575115,1
0.2851624409838181,0.38915867847899,0.8524580743936114,0.23279996032815897,0.7449396447687101,0.2313068770644624,0.9345651938343209,0.33182602998169874,0.5803777263992643,0.13755096125944,0.40595563612995117,0.6018797705877542,0.6050194359737457,0.6700707351633176,0.9052252159891903,0.6436017135058626,0.9718917204244304,0.8928387257223748,0.10901574377465162,0.768256775054684,0
0.19547504868815962,0.0545410738661104,0.6547837982002573,0.23787076991132222,0.23234889287791438,0.42141035045399494,0.2885327791542638,0.3124433704671812,0.7990982954108364,0.28515417332187715,0.6020511465037091,0.6497613085700639,0.32539327576009114,0.24281868488371194,0.8091102415137348,0.4671314803977496,0.7984231168819937,0.31745903727414204,0.19333834771643155,0.4085294673100594,0
0.2719537442272507,0.276568912464029,0.6797272127139983,0.6334966231215726,0.7897201966272445,0.2871097807748585,0.717358032028734,0.5341894126752998,0.6486566519694538,0.34192646611246746,0.4866539356350178,0.24303362221515817,0.44606906812757713,0.34867551429327515,0.23892028624722256,0.6157834517293699,0.39988023839749803,0.3017731949974256,0.24803029276793073,0.3042008917645479,1
0.4932174739561987,0.6896193531418547,0.4034305505268256,0.6733988303557443,0.6593828088710145,0.307070927934174,0.6175058108373899,0.5889011080460237,0.3856419699258113,0.616321675550707,0.38058380256739927,0.5786299459568977,0.6018894100812043,0.8557669357085107,0.39724966162530384,0.4917622118004829,0.3554114241013088,0.5359598700984451,0.2727822404438973,0.632580666439293,1
0.2727945528653243,0.2396324687442093,0.6920996967597417,0.3235992583761762,0.7564931084166072,0.38731878192656943,0.5666195097523423,0.7739892075118859,0.7128498688203966,0.3914665091587855,0.486479546349066,0.6319479320953159,0.5357505666200735,0.7128881133800049,0.6515062987934974,0.6140295577454529,0.418950932628523,0.4516119818829408,0.34202452611651457,0.6014470538685228,0
0.31530413946671865,0.3752052175847336,0.581127694927866,0.3262537846339504,0.8187757456431581,0.7616838241053541,0.36336857529827843,0.42435768669956203,0.6498038493113196,0.49687178235042895,0.4379290649202545,0.7743019338404523,0.5527841879095579,0.35434051787823734,0.7085399409034225,0.3677344517450343,0.6224655646935693,0.5989175889046202,0.5036116507088066,0.6206010837705892,1
0.5860610103983405,0.7967857157740705,0.7274431422367775,0.1211528053039917,0.9993095305878749,0.7807602394089496,0.4188683034670786,0.223771659494747,0.5282758041018206,0.6337716670661954,0.6051885600128021,0.7941410712823894,0.4432895034897335,0.07285960939619257,0.44170318279188203,0.36684701105050904,0.7753478267510339,0.8219079243754652,0.46706655835885463,0.6221566561821643,0
0.13873876069017566,0.25393696369500873,0.6585877492899168,0.23300055352132484,0.5625399168955516,0.8094386320211593,0.27590505391294107,0.15767520446861832,0.5369018084554643,0.45803989298233,0.3233898552491416,0.6450364023642984,0.26497947092393326,0.3818298138257824,0.7307624182004765,0.7715807999035,0.5111779458944691,0.3399792409906929,0.764057028563148,0.7337527283631305,1
0.207661450473292,0.16032645896886244,0.7436342203949726,0.2579713360469875,0.9107293310894669,0.7541739590374429,0.1883215614540964,0.2382480052757726,0.7394112288624012,0.21201290878334889,0.6382535782000481,0.5025566595508609,0.5683673733949047,0.12970220963490003,1.0,0.4360127154401693,0.6080116904722488,0.37974329037301446,0.7388241504752865,0.7322992040057571,1
0.807280840337122,0.8983675029351426,0.3290482538711327,0.6215876203782249,0.41699689633628,0.35375209652656225,0.7492257293542002,0.2318204891172561,0.1663948134145815,0.5983791736438877,0.5519702325369552,0.17932956097271774,0.47750086363637245,0.7778134643986976,0.3139022817156979,0.6649222975765449,0.2700947195037403,0.5031788461871716,0.3727824376167369,0.5394762014113755,1
0.3789524035037493,0.35904356277965144,0.5853592758631604,0.23676404982012747,0.43325852993505715,0.3598124693802267,0.6128561395846923,0.2177905294593424,0.497200106510198,0.17769008414847687,0.5469647219614663,0.27621587006433845,0.47980242349674923,0.3028478698478482,0.7068512136586085,0.38225404661398366,0.4879735116152304,0.49254671609456835,0.3081099425191796,0.8223145420802385,0
0.666760767248378,0.814909028658158,0.6147918865019956,0.2280529126069631,0.703863490638052,0.7623838920027959,0.681350500584284,0.3168636495007143,0.29032986495729257,0.6325053304941711,0.5475995087197592,0.4341343120131339,0.5021809589179783,0.513699963144755,0.4373470062642195,0.6687498372251302,0.3761529277451453,0.7170971685629045,0.6264282347246186,0.7249142774460565,0
0.7589565655025263,0.6754160581837055,0.21608144990469463,0.6150135364105976,0.49314271749623995,0.4086322486165984,0.7034682353713382,0.0880669307683003,0.18657936708902217,0.5027752046717653,0.36299018525451066,0.2317208614403238,0.5246244989281614,0.7296006211067905,0.3395030655730016,0.3730720076852886,0.2086452307599013,0.4371100096155981,0.4892897139914143,0.6917390280738276,1
0.21867617956583663,0.15042169240564734,0.649779585314028,0.45691936765416413,0.7729312555599663,0.33895932174690113,0.6956813124919958,0.5792537542715055,0.7165365808741735,0.2730403033258301,0.2782809797871395,0.23747781255777167,0.5093444039242637,0.48323199534005284,0.3070812769929176,0.5810769754067652,0.39944752837723846,0.29954729302354144,0.11087318199254659,0.2437848572013085,1
0.21115631109287664,0.2114705729907453,0.8283892532523056,0.2177639803706996,0.6797858618354796,0.670836098139757,0.17256380323323067,0.24381542223264008,0.7061574776357216,0.42093430045897995,0.3275938145637085,0.682502103418354,0.5152507265168753,0.31219144704027213,0.8041952841135981,0.5502845524658944,0.6616221053900504,0.27327911194634774,0.7209307764538623,0.5550565222129453,1
0.17132838288484675,0.3006457185864456,0.7123976096850352,0.2264775594379923,0.7330002060586015,0.7271857214482429,0.20342042216781842,0.137887532307015,0.6069017339384866,0.32887495497254904,0.45928701087365664,0.4684853058377013,0.35096090615351405,0.30741666239097964,0.863615740837936,0.6438336918608522,0.49182245556821746,0.25677204074993953,0.803198589002692,0.6827191458117179,1
0.38726817794217605,0.6551744391354196,0.293125134143446,0.7341726944461098,0.7108792548410546,0.3909703059735101,0.7341442217367127,0.6012948075285319,0.36292380711653704,0.6310941031615671,0.3801461554219646,0.628319573009193,0.5801561624637435,0.8981124590035411,0.33386314360812996,0.3032141840180898,0.29013905721745914,0.5941621645968571,0.28359586913920454,0.6598742357742635,1
0.3493412116679485,0.6443255441661709,0.31985355486396555,0.6971568649671809,0.6908790188179692,0.5097832856707685,0.656431163451408,0.7320653821411892,0.3428742711373975,0.6623564677018133,0.520189038284484,0.5446434717362861,0.16981006365050333,0.8630370701431312,0.2970836692380328,0.7164304436744459,0.18904124068824207,0.5898705519866596,0.25739967514817064,0.709485993179587,1
0.12734562921119474,0.29389633274145405,0.7021368615557251,0.2037723178562546,0.2914480075865457,0.44137193800315955,0.2853044686251124,0.3121212945839741,0.8031977288197195,0.40268378209546174,0.28065540920411325,0.5483949924552505,0.19521192619379418,0.22592062744756897,0.6482049075881214,0.526532539520961,0.6832640182007859,0.1746407809549132,0.2766557709624382,0.12523613259267785,0
0.24151171209662575,0.8560698058324865,0.34036302323965717,0.5800598366817391,0.7250551025287518,0.23955951494909372,0.6551672594759808,0.675333327660373,0.48521553179533045,0.6127060982066962,0.5234359364451506,0.7475962301604038,0.5878419452805899,0.6493611780316351,0.412027636864998,0.4073845765880266,0.2876142313817472,0.569657814147992,0.26235940318481055,0.6880260806173721,1
0.28038647210941486,0.8193140156914941,0.21608454653407377,0.6162917621473072,0.7696853386226364,0.4730172493605543,0.8326025552848074,0.6630976334425122,0.3981257643657102,0.610309060104695,0.3120742118194112,0.595475276025947,0.5016114322395387,0.7499334738356613,0.36176941198341295,0.46909980831805664,0.17572392774113543,0.6771092610361601,0.2920951002835344,0.6547293091602503,1
0.9274839445833556,0.7127932317839647,0.6442710397229786,0.14727497712177662,0.6646976477948396,0.7953793776708142,0.6442664963733729,0.17554406645549114,0.3827768872849674,0.7237310115948976,0.6573956000337136,0.646997396776188,0.7991549333095164,0.17276777095556578,0.2676281289608272,0.6045569326870458,0.5222775159728742,0.7281918154129874,0.7154377233577767,0.6243238407678652,0
0.22551023856211788,0.8375247388404398,0.6185691583267396,0.8437454027200537,0.7195500784559343,0.7808278985940855,0.867191921817658,0.06643406405027852,0.20925924468625157,0.6931656138331992,0.5083054255798992,0.5851693082592645,0.34322939225690235,0.24185363704070367,0.3352519885116846,0.335919658877833,0.6849865093527322,0.8023554402423132,0.7214261303300742,0.6680125112182266,1
0.09392278983154301,0.15182374269367138,0.7737675904277629,0.3506502477290103,0.35609639484345557,0.39877748757205045,0.24632524578208925,0.3271515779340157,0.815750569972939,0.29780163049907815,0.43354994922963996,0.5316260798047336,0.41656360457126773,0.09557120144442421,0.732745136217119,0.5546442219048664,0.7964602974807287,0.23482467055717357,0.23594099171035085,0.30162853380434174,0
0.4310268390939635,0.9434729363456414,0.297915755018362,0.5978611855667217,0.5648816410065993,0.2519213693903167,0.5772091594193953,0.6029040984124254,0.4339378380549203,0.7304179958739271,0.8245632340025986,0.8503794121867927,0.6709958047211942,0.6882763373691638,0.4424744675643321,0.4086848366665415,0.3608234468638813,0.5828137464858182,0.31862394063819444,0.6555358001810202,1
0.30851467389528164,0.33896979214683126,0.7424317091026875,0.22698938658607562,0.5034142762947204,0.26254299252484314,0.44275553807543283,0.11072114228958058,0.7403053312885465,0.3891627378134656,0.3292309021587599,0.6785644224544587,0.8380745990027547,0.3811680400607157,0.5880798873523642,0.31900370608572215,0.8045057540279724,0.2522949318433687,0.36778139943744564,0.21016737959283627,0
0.3334880165697688,0.21782809585931995,0.5731852721139923,0.3489371249662049,0.2037988031809876,0.2704691285168117,0.2192846819528823,0.18771473803241054,0.7084160851795762,0.3165878762181693,0.3008157989745335,0.631972794068874,0.2593645677740284,0.25671718811066907,0.8115665343879035,0.7165710998934065,0.7450364829109188,0.2388440266569222,0.29253963109339276,0.49257933341809057,0
0.3014972789558154,0.46861153785968224,0.5519531030947338,0.15487856044722564,0.7974130252674929,0.30640569986777344,0.6692448865544485,0.5754952286088019,0.712306692657895,0.3414351492886739,0.5249905660387619,0.8046943288912737,0.6773847315503441,0.633644376671032,0.7922013537743673,0.4982718367098193,0.4869623464418462,0.6015350205686759,0.375736944745873,0.7128945976482131,0
0.3673845429004948,0.22216458700776193,0.6589193344152056,0.06898999402983957,0.07489070968334366,0.3325651016173231,0.30735374509180613,0.11364889069908235,0.7061224738608018,0.3443874848655414,0.2740789120313136,0.7255540942485083,0.3978778898978694,0.3618644880734747,0.7937870206811057,0.4884909814177552,0.9313863868411897,0.3753784134169933,0.12437697857714575,0.38589336577925865,0
0.3233405078429745,0.7857407002008083,0.7427915664016066,0.6433536540345666,0.342354485059005,0.7329083478782727,0.08208500503013805,0.7266884436575342,0.4927361630181001,0.8645990842119584,0.24587025100818186,0.5606316727085789,0.3182733712998158,0.6606390570932601,0.7816720238789938,0.5683957545473116,0.41156063362710754,0.24928931981728858,0.7650377981306395,0.33462807152098156,0
0.30068669430076334,0.4700436700410269,0.9035008139347194,0.250902673021288,0.4027634474060674,0.24554752284248438,0.5996882201066142,0.20335911675417395,0.47232474516897577,0.1859490627225891,0.6429842531730409,0.178097180087893,0.5714558150789543,0.09857173296842076,0.6069548570106017,0.5520724581465901,0.6798650001175408,0.5030722882806524,0.21020222934313282,0.7846350189105673,0
0.2554023135680171,0.3648103691209109,0.6808878623211906,0.2445066122214678,0.42746419663785035,0.30634382519855097,0.623968197444385,0.13931029520903643,0.5211185064262048,0.15239176605071603,0.3326976966066264,0.19311478004171242,0.4328079368223153,0.27697514589572125,0.6927383839682207,0.46246449674582263,0.4677276108276386,0.34041951429601375,0.41933714175472936,0.7051469488618588,0
0.47922987580936016,0.48657420692380504,0.6334935665428596,0.47147318097628094,0.5155346418527798,0.1582789814253565,0.3027932477594179,0.020653429659365063,0.589452769614523,0.467874081764792,0.13205573990780956,0.685205770940513,0.47274871913413946,0.438067674889026,0.552741755852392,0.46332951726868055,0.7959425221536521,0.2372167048059174,0.39475890303830313,0.3696314929919344,0
0.25168597395163556,0.28520175257865676,0.6712021166903333,0.6780551172341149,0.7684636903049409,0.29176703365537815,0.6835809983979797,0.7047349639757173,0.8015908709330006,0.3503330645660453,0.3116559011864018,0.32126226574614003,0.6045398327414548,0.19325513175699943,0.40564523364735017,0.6783160685940417,0.3682827544580627,0.2692012014090636,0.3736041058822842,0.2168781211286651,1
0.4025449912760375,0.659005358039868,0.3856931659362504,0.6463669195951781,0.5691632219838063,0.23399969205970889,0.7154549507629956,0.6355129416773103,0.4030073220794337,0.6277279605284456,0.5524079320481841,0.6221753924190826,0.6361523005973984,0.7816419867656663,0.2840496617260063,0.46442122805194913,0.23491330417928763,0.47498238376982843,0.3149237768948735,0.6721566341210442,1
0.254204816377393,0.24735845426293812,0.6079835105761523,0.0,0.05304843917634411,0.4024595085219075,0.4733371211289641,0.19203626691109352,0.7878820745341021,0.32139642745215014,0.4769168604455553,0.6004545370338368,0.25441328846775974,0.39964158320945997,0.8347111000837586,0.4419630784758378,0.7222475032070477,0.2655717179380375,0.28522979217622174,0.16238755582511488,0
0.2898902818022423,0.13739316590948236,0.514453618342806,0.3273215952297282,0.13831146656094068,0.4771270683917683,0.05166356978544617,0.34730605594957353,0.7223031925432222,0.3359599626231778,0.5319683172175,0.49508174839477503,0.5188629936900804,0.38657102002593696,0.9122858666752256,0.5791819256285912,0.6008889076499728,0.15454345808797493,0.28315406112402886,0.4225923750420809,1
0.4127892870274708,0.7276585405189033,0.6715131149540383,0.6947161441475056,0.8212856633455763,0.49304443034262324,0.6774255063872727,0.218001941618215,0.34618765409787067,0.5971423776937786,0.2318619335054881,0.4424793707051729,0.33183990023679955,0.32984949660639534,0.3164280741777741,0.5797252674573575,0.39993047914265306,0.44972478619597156,0.7979091638658159,0.6475834183313396,1
0.11045612517062486,0.230560985311334,0.7554843066104355,0.24050951556111572,0.31791222175887074,0.4979177143535534,0.3071612815145248,0.32328966104040524,0.7399019504496082,0.40886159727539456,0.4500562656973921,0.637522020962747,0.5824594293093706,0.266324212084229,0.6609079775155775,0.4713513268916197,0.8040983221492325,0.33292917786975906,0.21326374801183523,0.30430862812401144,0
0.30222688337541037,0.2912570201114052,0.6316806516443125,0.2445877834164535,0.3150045721223954,0.3161070598147797,0.6712916325675956,0.21470746273609048,0.5405409666495383,0.1465818495112287,0.5541434561130038,0.2555502183305025,0.36349044811997866,0.39157012734310404,0.7658475417034567,0.7493460086751229,0.5657584312771862,0.4490162391685182,0.2586242861318957,0.6721611369000249,0
0.9763568771476137,0.8050512367783766,0.45199238324357416,0.7716278839993742,0.201192307427146,0.1534085347600238,0.7697139416594884,0.23200321046112768,0.07297581211089182,0.5802992868845337,0.27976381604104006,0.20470702542267627,0.6177994112179239,0.6647715302206081,0.268535380836539,0.4890408082668113,0.44615407037468846,0.6047302356406778,0.2420299174318822,0.7918549184820917,1
0.7653169651234836,0.6678236746171854,0.5823709983708467,0.24795256593396517,0.7133344095213867,0.7565496933867895,0.7817407621599463,0.22246980397644797,0.38678276171921416,0.6169481700923395,0.3383590816677048,0.5756416063176486,0.5711678702418616,0.28743190460124873,0.38949270479591136,0.4554810278499505,0.432202434054949,0.7246518358616195,0.7628005475332589,0.6844095874547804,0
0.38603086314245516,0.617267355140726,0.7163678271323696,0.7113540738205171,0.09936073755949237,0.48471464932488634,0.35834224116028945,0.7006896412832968,0.5679429801451215,0.7354892237403785,0.5695338042031594,0.5510819487253896,0.4119433453879574,0.5403477374277321,0.7757621348924064,0.2447060195110815,0.475566575436266,0.253508454366153,0.6854921915688811,0.28192625413912653,0
0.4219544243519255,0.786802218537852,0.7839101515662332,0.4930159721144164,0.8405494065152885,0.6737246883183989,0.7690799269438822,0.20561183652626716,0.36705845509773966,0.6479129386657508,0.5316351814935396,0.6213722656080313,0.5149627635325048,0.2838025495564323,0.39161413757179114,0.5130060339440945,0.6346910586411116,0.7196649075157926,0.7473833058686574,0.6329917876354446,1
0.8171272836276542,0.7542710575099405,0.5203157448041232,0.33083236559317664,0.6394929717639454,0.6929109327503589,0.9110477387068432,0.16947035311154413,0.4007353070019562,0.5861575974900951,0.5421344588519694,0.6352298668882527,0.2753057417244905,0.181414755128254,0.504790084484112,0.2306533503342003,0.5577414053825052,0.8569661991136567,0.7445004848701817,0.6728665463272876,0
0.09018946315212822,0.7611914799898769,0.10324144959100717,0.7581974696712552,0.8903832277427751,0.3795647462062708,0.8395834781705129,0.6505322797948306,0.47652670034645805,0.4668408616881959,0.5517244165881057,0.5783345084829274,0.40631951196119165,0.6256331508640779,0.4791347571545978,0.6302099727935457,0.10058399299777063,0.6076100681127883,0.3490803875645177,0.7392394829778383,1
0.28808731367989915,0.24120988106618774,0.5913720962825261,0.19086678171226107,0.3874262669448901,0.3273538235167786,0.6587489507782994,0.23273265033216017,0.5640502551561178,0.145122997928531,0.49368007778469847,0.3580640516501222,0.5203081580276787,0.4116022378485885,0.7784621248331829,0.4364176108547873,0.49110649101972437,0.4369585403966404,0.35105777397474935,0.7793793300093155,0
0.3479312147079544,0.834443274695255,0.3510980768434297,0.5488931624114033,0.6609752963673905,0.22193439780411583,0.7119093373564165,0.6326497976869041,0.4347546350472472,0.6492897296227981,0.39149817599241454,0.7026871253377126,0.49632223868629277,0.6958242550811276,0.28063258479581354,0.5039389350294713,0.23865354577593584,0.5314722837177267,0.28039330896146186,0.6586914551382069,1
0.6642245899583517,0.7146231978624265,0.2302380376832703,0.5215037138760036,0.5098961263959331,0.09050166570954638,0.7333043084743629,0.14334494173721068,0.27324548636209933,0.32127861121844703,0.38408939910034756,0.11902370673923668,0.3995388849770153,0.6680054537624251,0.34863266485953204,0.4936909683798931,0.19699943777355125,0.38295045081692863,0.20884856907333377,0.6998185348499052,1
0.2082622316504399,0.8083378560898422,0.7172923116060966,0.6413516329847524,0.7770777802405948,0.6337524989750825,0.6984778581575043,0.18921180925670042,0.2885974385414701,0.6454954350880434,0.4190445623210681,0.5211905885952411,0.177491259153369,0.2429751174823766,0.2969941550935997,0.42686811999423735,0.4987574960529785,0.590891748527684,0.7304697376608297,0.7256067094784501,1
0.2481242716111835,0.42555286279651894,0.5346968593232989,0.5287862970060928,0.5579798872917587,0.21213443220170375,0.5295661563832963,0.6996335309920068,0.6435552076459669,0.46015068405853987,0.27586905382939975,0.6241905004679338,0.42529744077554,0.8393979390076046,0.7054775462350961,0.5306262925665145,0.3174038169946309,0.27723698741912983,0.4485092512747089,0.5344427577175173,0
0.20737430255823336,0.18970612321467806,0.7539830751393902,0.2759975428140846,0.8206631090895109,0.41411956707620073,0.8550869712435683,0.5728983285684118,0.5553751930921508,0.20715907744296763,0.6863398571534145,0.44857084777213946,0.544477600912225,0.9539781692419371,0.7242477511471787,0.3840316983650308,0.5868689296438278,0.6868577245432659,0.17316367970760754,0.7319370903076237,0
0.21831024618632816,0.7305427968033744,0.6290493864628789,0.6944397441086753,0.6417328206038072,0.6632289572512858,0.509699413260488,0.37594581585417414,0.3838565040933597,0.6972516756267861,0.17975489715988652,0.5538571107726232,0.49039385656683604,0.24840703347182302,0.3540767368736892,0.7282621827536345,0.45232144285723064,0.49571646468919384,0.6374855565709032,0.605648481709602,1
0.2022933963364879,0.43699231060309396,0.5851320814346391,0.07733090494881978,0.7088676098140227,0.30158867864855754,0.6560564553947357,0.7195113321704042,0.6943986959265913,0.39318358830735356,0.5219031929443565,0.7891709831896201,0.3402398500725684,0.6202590076223123,0.6696062602023377,0.5698475167159543,0.24399903342562912,0.4769196630754784,0.4773270391428037,0.8329850725057837,0
0.8863905539436534,0.644159750118536,0.337277933982417,0.7919232611235718,0.2536295631734267,0.27970772997435095,0.6543850245809765,0.28404835163970277,0.10750269948092639,0.6090775699300779,0.40300416289893526,0.1657059958462893,0.5591993861602204,0.7570336200974888,0.169531841751841,0.4373248385816342,0.24646549333461543,0.4232769399201664,0.2982699857318116,0.7084280617948393,1
0.3922857182095528,0.2969345044479551,0.7477738336942638,0.35348760021304304,0.8651890068440397,0.6807454319824975,0.2701240273174912,0.27091389158433615,0.5956190936885679,0.40653141014857463,0.3383945829838612,0.5638140883765739,0.5143471207317416,0.41705343164380826,0.7849108317032307,0.6432278604838506,0.5724475025811039,0.39114799022208313,0.746883155081647,0.6879724948664971,1
0.6758261983353874,0.5626097847484226,0.12336560985672712,0.4685169131590103,0.34322132564501473,0.3203015508009488,0.6046327529279907,0.04698252869829328,0.25797550290768034,0.3468105634772666,0.41369292242880534,0.1445430012793532,0.37163497273652213,0.571324755548447,0.38346524102610996,0.6274276569858079,0.17449133275811188,0.3560250804427385,0.2796188607130311,0.7365618444989308,1
0.32764471678627183,0.4791352211788912,0.7510837465915303,0.15737781305347748,0.6112736095724,0.753101219488501,0.1628308906539711,0.17396322882039372,0.5069573741544716,0.5652623107866922,0.3700189470449143,0.6219827359445602,0.3984431873789837,0.42274238373979417,0.6758186615094606,0.41874527813816187,0.5286390757054343,0.3146545078185896,0.7615902222621282,0.6406914740120375,1
0.6802231380658215,0.7608869184920113,0.3066768789238502,0.5754579757504652,0.27307727431760176,0.2468814464762933,0.812410394503785,0.23335310633346196,0.21134743526778027,0.5442163866446841,0.4241202724945567,0.3464362230780849,0.6090913123097073,0.7062385343845434,0.30677291267038265,0.38926541438350715,0.34683264878303255,0.5486166324931435,0.24750108764544307,0.6619074520952455,1
0.6721687713782984,0.8098881632127681,0.5937559946603533,0.26014904060162,0.8108620280389305,0.8286622615516821,0.745508640594039,0.2553618289503563,0.4042629817608418,0.6524027131855628,0.7582768190729631,0.6419240941728965,0.47937288214547713,0.3426238425176364,0.48802195959624417,0.5382978582539502,0.5741540298859809,0.8447598273223493,0.6587373809754353,0.5943657579962631,0
0.3209960284683283,0.6822123863473443,0.7883818792613981,0.5403678670367948,0.7300306521079513,0.48614170266515705,0.8223199871182895,0.16921935910179792,0.4723724770155773,0.46414653509303394,0.5113701078378162,0.46660848770037416,0.3717846195446882,0.15537912430351858,0.47551908610440125,0.4801927383206963,0.6954279471449224,0.6230949618232782,0.5977628710914384,0.5039602232192519,1
0.3347782359146081,0.2210280534393892,0.6828288844021461,0.33968773756432263,0.7567694058153749,0.26024156377365304,0.6208285344755597,0.7272779129602903,0.7659404234401272,0.3688227469604545,0.3844706378358761,0.725038471226156,0.5739415481151157,0.6888243014976574,0.6615091674779301,0.6954223592254134,0.497235751945868,0.4535590182951761,0.33561355005880683,0.5605814162558305,0
0.19694790389385497,0.3293845420679149,0.5868126656330864,0.21532276902467423,0.6898064708647857,0.692279622695451,0.319462115234429,0.09055404694827335,0.5459068604195244,0.40191709060298164,0.6332767650797151,0.6325945254703306,0.3953473222359626,0.2951391734525427,0.6267045744431848,0.4348575683098809,0.5513103286505882,0.402812519391137,0.5865073928289292,0.7278501118228126,1
0.19780645636720462,0.26795903650908853,0.7964028341068208,0.27172282374916973,0.648056419449737,0.49193379813540566,0.6697695039739979,0.6372623163311139,0.5413303751235916,0.35753013512756426,0.3346356443248646,0.5119559540987358,0.4718547728116963,0.655733233249379,0.62006078349898,0.689677724890104,0.49327785885232084,0.5985160489235977,0.30573544833022004,0.8063818976561515,0
0.7976736458480921,0.8353049392737264,0.7746234155688829,0.1718707317511029,0.7635796132010915,0.7044817368973342,0.4237450878534815,0.342502613908123,0.34600814035985417,0.755706729831908,0.34417460300922953,0.5910881783899138,0.5997861201906054,0.3328928846313238,0.2625446403766521,0.5196555186283942,0.5383766308716776,0.6839886236989189,0.5160940919874898,0.6800728051753463,0
0.21872272661937214,0.322819230861183,0.6066000487919557,0.2887539235858888,0.23816094254540965,0.24661044689746492,0.743892388048006,0.1277718693213341,0.5048811147103386,0.11140080292069876,0.27143992584778665,0.17517660262908757,0.0,0.20615198938901186,0.6790728191110897,0.51845427852305,0.46268206300991077,0.3724783169109232,0.3416247985501322,0.7382387462755098,0
0.3117113120915247,0.4270984701793326,0.6176685083336096,0.1274045030759337,0.8121205642213638,0.29593635933613194,0.904335687720933,0.543229205411554,0.6658875963522631,0.22495088763517607,0.6304808777964502,0.6781007229065311,0.6098800765851516,0.836714431197954,0.8749368830520093,0.42885327060781564,0.6254876564199536,0.7710185476441341,0.21808516039369813,0.6790506812486906,0
0.8105526728619339,0.6975644711501623,0.6358309180412296,0.33428762761238784,0.6920868267787907,0.527104334167013,0.7270023239426215,0.37997085375631434,0.2856192242119353,0.6744362390845466,0.5344551989023218,0.5831721822621045,0.6782072198334175,0.5219592793033213,0.3016001939504418,0.6163637279041069,0.24495495376950777,0.6027601783568772,0.815012328250496,0.9278060298116585,0
0.31071193612939235,0.5904613139542149,0.7484610735409355,0.7190177462105359,0.46149742876203037,0.877166724810682,0.2549003394566441,0.7819228407195201,0.4827497869980848,0.9654026727581857,0.4382078406873587,0.825672135388703,0.4544227858160651,0.8103373892492667,0.5787730598313267,0.418756590147656,0.6310632241297474,0.5048126848322765,0.5731674427924736,0.30119661174373735,0
0.13719455345627107,0.10264102978125483,0.5998104831122681,0.2969097120471049,0.26529900737575224,0.3747563270081578,0.8250195869575006,0.2739802423086831,0.5654122414549249,0.12877580672898614,0.4114170502351394,0.296410394106857,0.47659483995034907,0.34992294010327796,0.692777032825565,0.45090335136018667,0.45002809971653285,0.42175648937373583,0.36265082077851024,0.7279251534816408,0
0.2805305912529277,0.5550321569793986,0.2598047386687229,0.7967985545919485,0.628439618618329,0.4252741253918744,0.679287447298984,0.6983619282207929,0.36389964261433805,0.6106010261088763,0.6095829776199846,0.5582455899793648,0.5207728365817048,0.8700135843183812,0.31833788706374666,0.5764305687511017,0.20513702661833447,0.5395459183597965,0.2249058525980876,0.705154851346452,1
0.23552975609106497,0.22620400909626737,0.6880744941258351,0.23931969895658356,0.8639935088127267,0.39800548736447444,0.8072555441673742,0.5834523631115165,0.6755945435930968,0.21704577346597298,0.39333781921182304,0.6023721471456458,0.21314364428308596,0.7998258160635313,0.7733057351725794,0.9176081926121582,0.6709378891106712,0.7264910518496489,0.13216858348059612,0.6397941136290943,0
0.6665443229750531,0.7669408338423381,0.7298239250506167,0.17557748011341667,0.8331705222247285,0.7021671910765295,0.47725715478389524,0.33805247655319925,0.36091084451196964,0.6471493695442296,0.4602260865787237,0.549546467346105,0.4029422957487121,0.4362923095584495,0.39590575519419297,0.7501796082720402,0.4766253472098808,0.668815532586646,0.5644502829776519,0.7554968459971401,0
0.2327615462002316,0.7775704433906572,0.5877795075560781,0.6309512375730975,0.6842515691558646,0.8002652178654719,0.733814990228756,0.21134668857809158,0.2979854175020152,0.6969910056808345,0.5527138708035,0.6642678591147919,0.4417211200261446,0.2786251384334858,0.38486572846803696,0.6891102669737179,0.5795913051783704,0.7481065946039869,0.6785827711653051,0.7031171934928916,1
0.35182170002617363,0.9046391021491977,0.6654098883098375,0.7174723318918076,0.7918073372557648,0.5601437716246525,0.8111825338923953,0.21668923199615325,0.28603338807066153,0.6901214882330764,0.4324273446430169,0.5718062447664386,0.28120441407162966,0.2837711173827831,0.2812138765381179,0.5788031162306827,0.5221255657686218,0.6624723026644825,0.7320695848815899,0.6614029431351393,1
0.09798795780024816,0.2960499584145505,0.6457010067753246,0.2174201130229118,0.20120370465304388,0.24232577917576847,0.7695723201570053,0.15790404794040086,0.5123672071861615,0.044616097324497006,0.510411613527351,0.12901107905291215,0.5367405790923955,0.254214207721052,0.7616638438353993,0.45284179295649296,0.4567953230732176,0.37920616167118887,0.2979735884253595,0.7812287316488995,0
0.30198106818543935,0.7886431929634383,0.6793659251793791,0.6759239355451152,0.7784056410741034,0.5888673750674217,0.7892883046666708,0.2129685523360532,0.2071217064043368,0.6588937932794857,0.33011388594890445,0.5691927672122421,0.21871822693288234,0.3987939248626128,0.21219923434084587,0.5290842662460493,0.5769280647070261,0.7454938038907724,0.5318687174333514,0.8183045366123495,1
0.3151564884514496,0.6320881672881659,0.24470526358764821,0.7289555627667722,0.7987124822420977,0.6364504489813573,0.8012610399481737,0.7096625092784234,0.40338943755838186,0.5759736395033151,0.47141715087287994,0.5539170364296759,0.2934203876833471,0.9068490735190793,0.49572348450927495,0.3721610327079862,0.34934278150602177,0.7884216598244072,0.18170933065877687,0.5890243193685688,1
0.22317129755533527,0.2638836474250729,0.7414401617528547,0.4261516624603475,0.6370172664812888,0.2681429723543619,0.6278281868852097,0.5015206087934326,0.5808970847161746,0.3814148530501585,0.5424102805677334,0.6405346812550544,0.270099281993493,0.5887715495454208,0.5411981523927937,0.5534694821170443,0.5214310478944016,0.4347851846710905,0.39607624991050283,0.7462070740490805,0
0.2061229811851789,0.33107809849741493,0.7286374599184995,0.25296320386967835,0.7268887345315058,0.5948525683142843,0.29779945421424014,0.2597204341739094,0.6895197889506304,0.4658310464645318,0.5163019512344323,0.7770809024612978,0.594468321012618,0.39067324822406485,0.6997156333538883,0.3389424952013483,0.6976976282916553,0.3786331588349042,0.5656029573928691,0.4956641435566215,1
0.1299213362417707,0.2740312790837569,0.563593580107784,0.21292954309605466,0.716335734826082,0.36606582523509695,0.7653761265680403,0.6414744597131183,0.6644813497130174,0.3476267084168298,0.3124001003598986,0.6910770990943689,0.5851992210787428,0.7810396187181359,0.6131984178367778,0.6956834566270143,0.3398884757955755,0.4913002840487577,0.35820606646883124,0.6789822608955274,0
0.3448270709945175,0.22613621406519963,0.7552007723630095,0.8324253459388418,0.5051260737109453,0.2597583665226957,0.6969018132563866,0.7159344778491925,0.6050991452593327,0.32130766018879453,0.17672500929399626,0.0,0.6027749250576544,0.12317394669346216,0.2957302785744087,0.24576412324930513,0.27606483277749744,0.23880326810252236,0.32544915160976046,0.4249595233144211,1
0.17195206835001015,0.7792836867045083,0.7271279528417243,0.7434131951615102,0.846319466802936,0.6646831043156496,0.6918591091634262,0.13957670939057643,0.2712652784853734,0.6630337958036924,0.48444939745802884,0.6156358372827024,0.4831631559540105,0.25516310182657015,0.26361531937033444,0.5353046165829776,0.7036806579664976,0.7166468963455994,0.5750620936867068,0.7089931789377101,1
0.30076450952309675,0.7617234509523834,0.5082394686335385,0.6399195797326218,0.5528211768526847,0.6277573438933054,0.6869659374343817,0.28390561201348585,0.4770243133588388,0.6562254044422156,0.5903704247471493,0.7232402144462755,0.7705536032926531,0.14703091343073815,0.5274554572293337,0.5480598092074357,0.5460818945668307,0.6059923269719045,0.7281522670634919,0.5405842592883462,0
0.28498179895774184,0.7503326113117823,0.6484216678578257,0.7161752187254472,0.7730487699086648,0.9065480034275073,0.771327294053963,0.07769692270034945,0.19994273886469455,0.7440938500877672,0.5296410477632336,0.7447850100188003,0.5056085146091869,0.3389104186540673,0.35951562260164505,0.5190522074230147,0.7476911117515421,0.8850634261158945,0.7287318406863601,0.7846322025769122,1
0.5375780477661074,0.7906465829801557,0.0,0.6938269235076551,0.36456257486423616,0.16682788586063096,0.690372356140872,0.21946060539424886,0.25750015409201754,0.3586488803503696,0.5748614979199496,0.14167455354437042,0.6459396253560378,0.578365336054514,0.4561137252372034,0.24229705312280886,0.0505606944346606,0.3698254900165947,0.2762249257160829,0.7671821466588078,1
0.1381477154844673,0.8846414267767847,0.21592859223268324,0.6104157401610169,0.8331760585845178,0.23079006845339328,0.7027895398357648,0.6856814215638162,0.5469845618708588,0.5349352353303903,0.5820074919529066,0.7341306763322863,0.6822511016847432,0.5640517312469164,0.4698607710740437,0.5311635905486646,0.22060396492951267,0.5807924467177341,0.2541301788789515,0.6812828118389818,1
0.11264235205783474,0.8794122785009124,0.5649169178887917,0.536689472666545,0.3945744990180859,0.7705195910999714,0.22438987470443206,0.5565120414319914,0.4388679495297855,0.9057269487190852,0.5190487457387021,0.6383528693049069,0.46325255728252096,0.914186153621408,0.6120584636690196,0.5531291239925109,0.3785771786312602,0.25090465495276526,0.6366058576582062,0.16973001430661888,0
0.722213214586284,0.7188429222732129,0.7198930283188567,0.22345562000700508,0.9315116566885978,0.7409891156641564,0.4952024303034718,0.2648302149261584,0.3913644798604108,0.7508222819358743,0.1453653090799601,0.7356441838804313,0.44550325083436043,0.1710591247834633,0.1550830611712684,0.41093528735088064,0.4724764264347348,0.6591661734293829,0.712078888657746,0.7673391908985019,0
0.16934846612773818,0.7407367905113398,0.502841127446156,0.6880799815732812,0.4209074503032722,0.8599128626762269,0.4096517992650359,0.6565649953756871,0.4211833754578018,0.8679642764273212,0.4246602224246016,0.6521305187525176,0.4489600950677131,0.8579501048706987,0.5995965558747155,0.48779108769145263,0.4378853260206784,0.47706702579864957,0.5408729478320907,0.2767016431023086,0
0.2640163331989732,0.36023303732478973,0.674660025136895,0.29006265028792516,0.3147701508885674,0.25160102114473887,0.6945218027475719,0.12410897088135364,0.5313025740823837,0.1295840520835339,0.38720052203685784,0.17212513926256817,0.5423101828356948,0.2747400049155896,0.7254223258731415,0.5228157681405964,0.5457626758408174,0.3655030388462031,0.3436583915746803,0.6243747471426717,0
0.30609503751293127,0.6143043651701996,0.32296250471473903,0.6634681484351403,0.5211910879812353,0.3541299961662182,0.7859279045178679,0.7231692118277122,0.43406145501747107,0.6566323601311569,0.6121955822457352,0.7198704377806664,0.28955002628512916,0.78852423836055,0.3146281198836368,0.5890780473069896,0.2829514907104479,0.5938298448812858,0.23769402381723162,0.6369544510361229,1
0.6158805683463369,0.6177391555014228,0.7361298265202348,0.29632233057485996,0.8549821734056307,0.7025856084807816,0.6258869282928194,0.19089803498078384,0.3468241399832722,0.6442092688186619,0.4829098522042756,0.6092405609240871,0.5719435904520526,0.30373911943291554,0.24621150832393424,0.8551860803929328,0.46713206913028293,0.6228928935092801,0.7532604925300986,0.7898921770092272,0
0.348529073531031,0.9153516634545861,0.595969089234561,0.7147417224718463,0.7149699945280295,0.6081163469259983,0.8378991469386414,0.22924134056141435,0.29531437702478075,0.6895860626143215,0.7132633021412886,0.6064924537048195,0.44940308073843765,0.27462628409122314,0.3420784359673719,0.19655723599438607,0.5780311484816921,0.7481220746196999,0.6482481012989814,0.6350429573541179,1
0.344541064395965,0.21428541958493957,0.715741919660827,0.2618252416528638,0.8575449042735432,0.19857265820934522,0.7738310727882647,0.6516056502223935,0.7614519504020683,0.23034516043333542,0.3739307505867453,0.6644419190334692,0.6509415256192767,0.792585190868723,0.7416459161989742,0.5096334536013881,0.6513312921988657,0.6109429252962608,0.15112322096233033,0.5639135390443436,0
0.23037730888865676,0.824770208456759,0.6826184437974625,0.5829807636603406,0.7400957591058085,0.6213915134246766,0.8030554854303279,0.22972511747655516,0.2922231191314124,0.658386636626693,0.4131452387305661,0.6387223008397689,0.2514959913062763,0.2528602588230366,0.2792826863753165,0.7114226438648562,0.575748813262367,0.7438385757602071,0.5996514608952881,0.7626222152373658,0
0.18172243539619382,0.8074772233329549,0.5942408866261479,0.7976761348523069,0.847654917607127,0.5946111356977619,0.495029093897354,0.27840288976405614,0.20035566800658322,0.7512140112099691,0.5432746016987422,0.525708873980534,0.7753865672039556,0.37349962464067266,0.08438333528054587,0.7293396191259752,0.2892097176670308,0.4369498212477695,0.6906625823349214,0.8437189564086314,1
0.6490489671542516,0.5571638662827465,0.16506819722868243,0.6060051261088755,0.22824831530214257,0.5015233687846571,0.49239182034491924,0.2031596257585863,0.17220377436601825,0.5418389639766634,0.21438464762978146,0.25408336079321037,0.5550016616465072,0.8351457190187188,0.39464101403874274,0.4116496847797056,0.2602776765803121,0.4245805479599413,0.23710220161458717,0.7026177595915797,1
0.14643892583983015,0.41880494795814927,0.5935182011976579,0.5940149918977328,0.8892267284194257,0.48550039868501127,0.6597235378203484,0.6506469594969484,0.6280617470691099,0.429944234616153,0.2931794283300587,0.28439092069933614,0.4410614111641068,0.4249753804541913,0.26291149195896835,0.41004932458757654,0.31627739550058087,0.3829736942902161,0.22897611644101795,0.2997609791506068,1
0.6097416000990697,0.7014457012948541,0.11401347707742404,0.7650014568693928,0.36561605198428404,0.3987515553299827,0.5708324183433469,0.30222297628408623,0.10284281393388672,0.5954711835748937,0.48784137270656963,0.26613649485787005,0.39803512230396304,0.829407203664807,0.25040658718004105,0.3472116836557108,0.11083657189989884,0.4423508740796008,0.27468284752835515,0.8421704470693335,1
0.3125580276032265,0.7502913884090854,0.2697445182656065,0.6814587740489303,0.7733732158278446,0.11830714390126279,0.7641460161025628,0.5457412464254867,0.43299597639036125,0.5842848515802002,0.21019117722773048,0.7287234245380212,0.5791603292251796,0.7678790327759195,0.2596461901673063,0.2993202634236848,0.23243079716253354,0.4890172777732398,0.29876959537290837,0.6983633832965392,1
0.31835682908373975,0.7587605162744492,0.7074978335593378,0.7320789499924301,0.30277030111200065,0.766404322211728,0.21043760405758966,0.6918003320168862,0.45321199218157454,0.9268780342098135,0.5568283043812072,0.6950126934655126,0.4106569673135201,0.6479595556693135,0.6930034446991825,0.6352810094923337,0.49497447250076315,0.36409010609613146,0.7552299439735768,0.35790380581377557,0
0.7948207997283934,0.7275630441128407,0.2557653039140308,0.7839570097533437,0.06761395038154944,0.3522716335208451,0.6625720171949514,0.21268565100960074,0.09917382697416371,0.5394715837387921,0.29261295957785327,0.24413867693626737,0.4837273726798028,0.6306478097421924,0.4689416709699742,0.47172178256626157,0.4556957087410569,0.6438427849675104,0.18527135044016385,0.8173508338263912,1
0.363220822922685,0.26847295521684217,0.8225857411732811,0.8178880181970103,0.6893915157664737,0.2129450218391265,0.7320289494674539,0.5513712684639799,0.6296039899946914,0.433796639741422,0.2258326069084437,0.34721918352826503,0.6432476388655437,0.22233688589301676,0.2183461389189819,0.47761184856478195,0.5053422989283963,0.30287220469944415,0.4116249152809796,0.3529865103299247,1
0.31741374089040875,0.37152772540343104,0.7310318383907957,0.2877211730581949,0.7603934361911084,0.2945477608641255,0.7918072006737591,0.5174989210259933,0.5963405207438034,0.2656209965445258,0.3526934806845182,0.6012377207055328,0.6096480735209873,0.7388256620079978,0.767147381374878,0.48949241113023395,0.6847964349334826,0.7131076588346887,0.20968409720590098,0.7238569048475949,0
0.2371209191617204,0.3269154018910484,0.49608944121689513,0.2902808327726597,0.6919494440978599,0.9099146866786867,0.2275761545681098,0.2396117671377369,0.535686060074294,0.32000505803657353,0.6103243878686798,0.3577346569235637,0.6045910430227757,0.10168482484689095,0.81928633485924,0.5590181153876961,0.34963903861961765,0.42910700979180766,0.6856423375209079,0.8572501443760966,1
0.8904929146069758,0.6036238099146005,0.2485118707777693,0.7439827152500704,0.20871894526941298,0.3458766035669646,0.6550538507101118,0.1948361227777332,0.06126720314075368,0.5344793800981736,0.39053166879334217,0.21990092188256577,0.4103019968721753,0.6315951329600611,0.2531347413944379,0.5932094360137088,0.33157149678590825,0.5969020464475656,0.20042270826313108,0.941391482279293,1
0.7339734757019889,0.7888018244179515,0.175029956441139,0.6616964394838878,0.44107167376742934,0.31863672030362533,0.5182354502652372,0.22252133521615605,0.16910632049868418,0.5197196319327766,0.4238871712633362,0.14290445989911493,0.4507420210636174,0.7864824235117549,0.3823185567660746,0.6400237507449208,0.09358701245266257,0.3343881071654625,0.39861632861763985,0.7298644642650498,1
0.8912893163729536,0.8965829273180728,0.5162765219001252,0.7662519814748638,0.3548763408527441,0.3936839144580703,0.7139849543890707,0.247159693149189,0.056121710575513295,0.8302213349034847,0.41530180505685366,0.430748953388599,0.27507468860145945,0.7719012081185698,0.164003900540946,0.5227316157966945,0.3751028024311528,0.5480558088076637,0.592413591276907,0.6975089859698395,1
0.8120012809971678,0.753018293632103,0.24025991278084088,0.7404015145760026,0.21227203576537096,0.3640040378289615,0.7289866827784441,0.24886588334661688,0.11023551788951874,0.658367957808718,0.5405033022612271,0.3005039889555067,0.49274282006476966,0.7018744787096061,0.22612145761319613,0.6563278409383317,0.2290927970378634,0.5014779765901033,0.3936296413530179,0.7244030626133213,1
0.34187328966830355,0.29534735651411215,0.5441652826033749,0.27017021018559517,0.18527832720951498,0.39958164924945044,0.20062128329526263,0.23413170021454985,0.6918045186430684,0.4130418215813524,0.381928344998647,0.5666677526148316,0.3235256894270576,0.4075081515864365,0.7773857938049635,0.3771722033264645,0.5866362390283736,0.14229204962061962,0.41008119195133075,0.3354516240031368,0
0.34961002550085557,0.2144739265835517,0.6538397284668762,0.2756369203502151,0.31562135326099316,0.29226410799302416,0.22637459883702965,0.16128654077479854,0.7440446200001473,0.34164566737615626,0.5806379370543197,0.6306658070192591,0.575036961702762,0.3171510033714344,0.730897663459489,0.5406916599073339,0.7925661021218933,0.21035817199255114,0.28028588191250947,0.33338487291447916,0
0.33130739238596874,0.20714997116718242,0.6228055460855961,0.3369958816585441,0.7440370658764699,0.33955096197553647,0.7058252302175332,0.6498898386390753,0.6660547397468929,0.26078631972507255,0.49001720511352653,0.5343716780393895,0.6035377175790285,0.8626023005459961,0.7735132227703528,0.3542893087489326,0.5159552984223796,0.556301133131913,0.22600540784164597,0.6124552160866853,0
0.46929638858050765,0.3599369972652398,0.8307611250558777,0.6865789837944966,0.8427009915873742,0.26046329615887287,0.5748151043581456,0.54597803003389,0.6771081805218221,0.4128715564194802,0.22694507653620793,0.40865708370239745,0.660259700107095,0.35218533421014897,0.46374502214974767,0.4369272350534902,0.5917932271357629,0.3583645436958255,0.43390146618773545,0.3535088749390379,1
0.13467218595815134,0.4635817605024636,0.6412988259809189,0.27700551016498576,0.33616067582844256,0.40125580997608,0.19675338907707152,0.29815796792523186,0.7492557840315833,0.40292275837516844,0.30500929118633135,0.42381860891999856,0.36967506158445884,0.32966756649602413,0.7686221342623497,0.7003514438006491,0.5218536803970362,0.050880386629784946,0.4450210441547869,0.15416723711531521,0
0.15295900384025157,0.6956093060591748,0.2596872781414299,0.7345547779205084,0.8280256613324719,0.11919336703685879,0.7297677238196558,0.5869610271419019,0.46657705141743416,0.5148060028517025,0.23357397030166915,0.6407499416010682,0.6529886720619101,0.6436358462467837,0.2742103412195756,0.7483500565609833,0.0953225682886232,0.38529158818034814,0.38434742240798125,0.770728954739835,1
0.2176042672484575,0.7561163442317853,0.22472648310910592,0.6820596183162165,0.8176359420201,0.4569875453326941,0.7079873700821955,0.7287161380387961,0.4098216647629605,0.6107299680631075,0.5907125255703543,0.6200044351115496,0.5519786234453311,0.7395639025438171,0.3486681441129109,0.5823010318126841,0.15728597056940677,0.6292063746464538,0.2591413706802018,0.7343886266841124,1
0.31822112605493597,0.6812099001237746,0.6966705302346992,0.7361602685393929,0.7409630172133357,0.6629564544465918,0.6007308402403573,0.20449550161819546,0.26844549014586605,0.6697264394831326,0.3734823249335075,0.5209544349201605,0.6013002119851223,0.3791554177157279,0.3141363886046732,0.7736620114592049,0.5388626824218145,0.5616659892975362,0.6997137354561054,0.7118326494448006,1
0.28885383472198495,0.33844244619822844,0.4594530611860471,0.417430856662965,0.2644279557119429,0.282430723357587,0.08268444347298143,0.3232932017495266,0.7328905749692591,0.40079323204052947,0.46776138191467603,0.5372082348738911,0.48603521335774236,0.27930257167713773,0.7177748507744691,0.4424117087230805,0.4887991750274334,0.0468498388404997,0.34445499874628116,0.35798250388184105,0
0.4085140141487317,0.7082180781224732,0.5714381891773465,0.7466731320392577,0.16225581485683876,0.7157847280439986,0.2625233650354716,0.7614820149713677,0.41603370613823243,0.8650570772018011,0.7237627500382513,0.6071384864042686,0.5268196289279343,0.5801642521479362,0.6560656502020714,0.6792357875533477,0.40532745886439725,0.4281347638387464,0.5860117268252706,0.4919670288386747,0
0.23209579169147776,0.19864814825310084,0.6492735972756665,0.6528999918498866,0.6884786801999164,0.3752022165232789,0.7276782688267383,0.593744767711657,0.6180123428601682,0.32578523327545994,0.38022185122845914,0.19614271130365768,0.7018939581773465,0.3034388691322386,0.2608498552707903,0.711574590515703,0.34313589099060304,0.33729426491436726,0.24009760779758788,0.40903941926071297,1
0.7469030214510903,0.7295759662274341,0.5478626786000703,0.36920730514370226,0.7473494252513643,0.6994359593816202,0.7469783075320029,0.269850010514911,0.3390137423037092,0.637534154181378,0.44390881951432426,0.5284091024644334,0.6726786686732621,0.26130264251137036,0.337490021568656,0.3963711548401785,0.3123223548123424,0.6677532415795653,0.816847096220225,0.7825297747875966,0
0.3029339775378814,0.6935171340592167,0.294695678970942,0.6847235253600397,0.7004639196723634,0.16970681155242517,0.764779823799514,0.5758675425329133,0.46876877927020233,0.5998474592998838,0.5610422497610535,0.7857520197100596,0.7029007229223495,0.8120969134026562,0.324789299725737,0.251738767003791,0.3557135702562757,0.5444912397792037,0.22665028222922756,0.6076271210575133,1
0.7534802240407805,0.8791586134159566,0.5905538837405077,0.32630284668502674,0.7391149468757994,0.6559329519346946,0.658872261533302,0.2868147359606109,0.3276072457895406,0.7046626101150233,0.5269277198665738,0.617428090909484,0.38654090966209287,0.30172342404153174,0.34725679279580585,0.6834518887646597,0.4345132955132085,0.7286510802069495,0.6859921466082783,0.752233258595949,0
0.16007170338244603,0.23880660385190194,0.7554855304770998,0.2691647513295761,0.592197491891556,0.41882217532334537,0.2349202028333844,0.23094444144848197,0.767560439593977,0.36879906506020793,0.40687284184216915,0.6112858936586193,0.5819432008432346,0.32759255965803713,0.6305103636447426,0.5916199623856337,0.766056404252565,0.22079201223607361,0.3043369570140927,0.2689413924525691,0
0.25973800195301716,0.7624593167478694,0.5577951134443875,0.6144078244178653,0.4279134867650105,0.668356026312189,0.30645091392662727,0.5367412151708271,0.4448625846505677,0.7906527519066678,0.3958775921855727,0.3897602566437955,0.26532704169665106,0.9932610704130224,0.6243127066079565,0.4534536119664555,0.22736451146413966,0.09756106508536111,0.753435773319905,0.11141580374147508,0
0.7644234117605426,0.5217124863746767,0.6883611971937011,0.43816325718594895,0.6779116064227886,0.45998312416057197,0.8896252905916866,0.3273427520749641,0.394462485092007,0.5273334414355609,0.48797451039582695,0.5392392849351147,0.6667300502568392,0.41859049360123957,0.4047640095950106,0.7061210479943268,0.42922580733749177,0.6434002777411341,0.7562246335980779,0.7857067414348322,0
0.6584221067142648,0.6443227481309945,0.7313900232716659,0.3563874672441274,0.9393318802333004,0.7110687491306089,0.5295902484528467,0.29410372143298225,0.4444585803673418,0.6830375786341438,0.1645303921258896,0.6901925314061305,0.44440054793817213,0.16563461877209684,0.273946862250682,0.5666000051962028,0.5058250547817538,0.6308928075020038,0.75217258820595,0.7154625480522993,0
0.23240485585361997,0.7726684800509391,0.8215537972528393,0.6244105069358112,0.3848178806970376,0.7612950750962726,0.12019807366185242,0.7629879052131523,0.564854759800861,0.9471788824834453,0.289900738892122,0.7649741364100573,0.375169964715223,0.633317860474802,0.737466395642864,0.7273210146629446,0.5102252780166243,0.2802343689127224,0.8136537657645719,0.24548001605177105,1
0.38720305012353234,0.2963296366166926,0.6761822041898661,0.3299240097579852,0.39380064015902616,0.1499359107728911,0.43656029503995797,0.25365597632112125,0.7633612654616393,0.4338268744836172,0.44671916090110686,0.8108993213058671,0.5944665720403135,0.32424639371623576,0.5881254954074481,0.4466100499788108,0.7213541260169114,0.23819241881983255,0.42337815417679275,0.35159077686907214,0
0.17285855100386888,0.4205178351228216,0.7375888725391246,0.40331713624853044,0.35589824292001027,0.2974240880826454,0.24780078287445592,0.18067192803448975,0.7321274419823949,0.3554386558860144,0.4860343490026454,0.4767933083646856,0.5167824000045333,0.11655975588574374,0.7309991627725869,0.5491632714272697,0.7327846649203746,0.151329197443081,0.3997011972457526,0.2588686920142986,0
0.2732046530487503,0.26481882463426565,0.6633703726528777,0.3918047236350466,0.42682776780516174,0.36043462007499194,0.6357405129781366,0.25257775721348263,0.5363139514127381,0.20354008174541638,0.24943041134876165,0.29954892430871505,0.5316262569612145,0.2514832150602942,0.660581533631983,0.34993898972425114,0.5420698804212701,0.43830712776191816,0.35743198059303394,0.7301348061504511,0
0.2880884822461054,0.2793672498201674,0.6655890661447508,0.23470019284340898,0.25431249259667305,0.13411611000411666,0.641085988465972,0.2188375237644189,0.5438136172486489,0.12442030807971322,0.33099210764112186,0.1670063365952651,0.6053408436439016,0.27078388353229166,0.6017712722851882,0.184226398841478,0.41774584675588716,0.26612672883812577,0.27107771340084974,0.7104280429395804,0
0.31248217784166377,0.5751333691244616,0.20250838162667717,0.9484870869330647,0.6720313190395135,0.192873280193135,0.6940174761220771,0.3959129876098579,0.3319904347234271,0.5595531420245355,0.623811987832276,0.644724288488613,0.1906111844011174,0.8882642443772203,0.30361651922174204,0.6361130585283342,0.3589162695862106,0.4714851407220312,0.2495515116807586,0.6991708639178118,1
0.2549723657821257,0.6685673797819263,0.7208106493313575,0.5958618177329046,0.3356713420135014,0.5663413332478402,0.17468455792276366,0.7866900080780098,0.6722841601473284,0.7928712046577678,0.2640144730632572,0.5076670109433397,0.6353589419273845,0.6938431269479612,0.7403934757742986,0.47466278486987046,0.2659839946644839,0.0,0.8198586928608818,0.04288144625549484,0
0.32075121136152407,0.32055750767811975,0.6719017988728357,0.2784057023790787,0.3900985078933602,0.2804659993974695,0.36185553413416893,0.09623407273987772,0.6554527259225722,0.38817622380609285,0.3089678967913775,0.7602852062438491,0.4541783204212391,0.3512522231932622,0.654385979526022,0.4539746691883444,0.8730580835134292,0.374032389004062,0.2693037073875568,0.46667615881566854,0
0.18281500528641392,0.47370532741927357,0.6261230792250754,0.24792588799521667,0.8093881331801289,0.33503958006286205,0.7399860635649468,0.543548940101792,0.5586092422374571,0.30298393596269135,0.2627246051706081,0.6225916201196157,0.799116990223874,0.7830055018902504,0.72636725253121,0.6993772712283711,0.5265900046170466,0.6745350786935567,0.2304228746042575,0.803886642523018,0
0.3188271626416647,0.4304753818375963,0.8954753682621738,0.053838467075619845,0.9385506246968063,0.6609048905281791,0.27322827028185714,0.06431743534063389,0.6435158376309649,0.4835089208978436,0.37010903704952136,0.923166631861746,0.3664250704007927,0.3107924707219012,0.7388720583797588,0.4065353589744919,0.847397683681553,0.5123376377755648,0.7494044796985457,0.6804557443474928,1
0.1342765241331882,0.7740710798684377,0.6342668544980454,0.6184573250165255,0.3157932469671127,0.7286045902380875,0.3703169315041057,0.6343087412116485,0.5464825574275426,0.85988958542463,0.45770148628229634,0.6271781357110708,0.3615210980348432,0.6760847619803502,0.6491660274176534,0.5062296468273552,0.38845535551285704,0.24407768406143784,0.7588919637938358,0.10387760274680874,0
0.36352264484194396,0.2230987940350463,0.6636392805799695,0.6783083768411846,0.6660056092546137,0.2355559371690918,0.7070727282915943,0.5687944359571098,0.6606092449622814,0.3285906176197657,0.3679363535473119,0.2088528806725924,0.41449692351731515,0.351927352003556,0.27488939456291495,0.40107764523653777,0.4155746448596417,0.2823736558510437,0.20392303396201988,0.2769488728423938,1
0.23533712761990078,0.3546254742176308,0.5704933936004093,0.25465465146345023,0.8140645390689283,0.7258011084911791,0.16602077676275268,0.21994651534401397,0.6429328521738,0.3533286847503769,0.5397977506669626,0.5035999183820811,0.4344902233853073,0.21375681804477636,0.784208429950157,0.6366567485696476,0.4298482193672215,0.2993165444634944,0.6899283077536816,0.6705100782505502,1
0.272681383571345,0.3881523746554857,0.47117043898787037,0.27572123546534494,0.7108796332061549,0.31680922181109505,0.48646867921840287,0.7386699994420637,0.7435790271245997,0.45061756225319105,0.41417070078612367,0.8284946301720288,0.7732767442951993,0.5785135633676151,0.6661848850050186,0.4219096098214846,0.26219521185242384,0.3874717909861125,0.4688713775733985,0.7082853805289835,0
0.1970206519297154,0.8565428264727963,0.5824707895388984,0.6932372063419829,0.4149430212802278,0.5961420816770309,0.3060406169337113,0.5864157489035278,0.5120301891793975,0.8161101650500187,0.26710196401236874,0.6542476197605263,0.5769302095565658,0.788708626334583,0.802020072095663,0.6434378386552926,0.3548839771831772,0.21373880376637294,0.8698353405586823,0.2638527880196345,0
0.1901559419141008,0.3854738511907348,0.6489337375746352,0.322573603432609,0.6570285455837399,0.35829276916620467,0.5904477770578295,0.8100601304655708,0.7286432657798446,0.4305708168681265,0.4685603445984736,0.6628250384647072,0.5690535512350203,0.7557919512767248,0.7539745945862392,0.347129690427912,0.3690571809559432,0.4150200530555501,0.41471754273638517,0.5281691679271701,0
0.3074144382091727,0.9633369985322622,0.6419808911844168,0.723795213152126,0.8056928011136663,0.5046825270029316,0.5348138353236649,0.32299896994337274,0.21723942630129667,0.7990626653983977,0.46407204244777,0.5892259180473179,0.3821447053931723,0.3605190054440744,0.10452364478902226,0.0,0.36234075242369246,0.5136554439602012,0.6423101287278704,0.7923284388342635,1
0.7818094448607213,0.6263970353818118,0.596114345470011,0.2551998355405091,0.6390559655206292,0.7463306657152958,0.8459843062709352,0.1932681299514931,0.287975613500958,0.6111933583768875,0.5064161147475007,0.5072254237583141,0.543786257297313,0.41042204390601683,0.36161743574834526,0.6265390604454726,0.3425150920210939,0.6973703968353829,0.8405161025039638,0.8096649972453839,0
0.24269494291202326,0.39655369731479717,0.6030960030362864,0.2204454503787477,0.6909491448244525,0.6981704361654454,0.34104806244781183,0.24127422585818614,0.5960568789138206,0.48780005869064286,0.6620159934868703,0.7513296912594088,0.30552315656614937,0.29137554569435986,0.6229296724898117,0.47756064887143607,0.5883612618102616,0.48158410096521886,0.5524160862087244,0.662186066902866,1
0.8555713427796131,0.8262708935512917,0.2983941410377714,0.5581670117334381,0.30687447862687534,0.3435525577710079,0.7811943820254452,0.14209939705661773,0.16257160072935223,0.5399172391488608,0.40867692894657415,0.1871423955056277,0.6222794547442259,0.6839789863518316,0.3226096825607192,0.4633972304095891,0.3519255121597506,0.5669526238555419,0.27640292204189576,0.5894261557595298,1
0.22645894685950052,0.30213370715498744,0.6405478507147672,0.2113883728379896,0.7892381602439742,0.23183812850819363,0.8195184018821284,0.5209493229868548,0.7171506601096057,0.2531893093501505,0.39216425783099124,0.7459022115611016,0.46326562908543506,0.7257453910544251,0.7520102313151885,0.6337014588276491,0.5920785676864906,0.6007096998961985,0.2932287935235351,0.6495775876219896,0
0.2940568195426988,0.3268528616944315,0.6504677291401183,0.31975094407630666,0.7105753678305692,0.6674256392351003,0.2590461957201378,0.14820720991981218,0.5027250022635465,0.4097885308953377,0.4128943519567217,0.4919231846601701,0.47929929868312865,0.21254520841969377,0.5924282233991549,0.5898863971517117,0.40999467937327927,0.30170723603544425,0.7486822338530912,0.8287412892936554,1
0.7196041029178426,0.8611921786176412,0.35352997101132916,0.7273017311176848,0.3871283337678322,0.2346988684377289,0.6448276937412611,0.31413080729827775,0.14132004171791646,0.5886780366138621,0.5146822320168896,0.2211221790380059,0.6950640639742619,0.8377938254119759,0.30864176629374346,0.4867561580604572,0.330297155123482,0.5038408956999703,0.1990261219943395,0.6656193343243115,1
0.11029415388965613,0.4280652083778085,0.5527088355605909,0.6020128329982617,0.8567887313741382,0.5003970928891592,0.6712804150141543,0.7307638836096533,0.6318473279169636,0.369049158644735,0.296279479715708,0.14976202987013992,0.8153366691308349,0.33564294443586895,0.31315071974497677,0.46829626606764696,0.1865722497814261,0.36497012947404023,0.2400246977499592,0.36248205260109934,1
0.5879845768496663,0.6468666126458442,0.4274063969389936,0.6115445302452885,0.35603266251750687,0.1718853224942069,0.5677777949150792,0.2874773988794507,0.2065136022001361,0.4849413249114538,0.5297899407208208,0.2524740185495073,0.7099376335259252,0.8680716606861656,0.33095111063533017,0.48816274657601144,0.4005407716581663,0.43144809519838784,0.078403927083802,0.7106727198510046,1
0.7278435760804804,0.7540328502045355,0.7994306711556922,0.17711888853969104,0.8513857918746845,0.6098220567327637,0.36200130299409117,0.23116514768564378,0.26181750625224076,0.7918170122970514,0.3390704105761112,0.729494225912394,0.25696550297670573,0.2964266398202276,0.06493601752509837,0.31050459346930803,0.3924014464415462,0.550989689772373,0.7251805970549124,1.0,0
0.2976673931692568,0.38832723219263654,0.6893078160964505,0.33724940199465137,0.6748283407765254,0.35779420401665474,0.6460462822474231,0.46909796105079166,0.5644138942364866,0.26981331653999685,0.6570397951249933,0.5735535902951463,0.29780933476061344,0.6305849607477716,0.8450119984994,0.4922769365927609,0.6821604487180155,0.6830593059678384,0.24771028281180538,0.8027362344214164,0
0.38456200186069245,0.31488106031468155,0.6427443303852854,0.17139123495397168,0.8860737881781664,0.28955327491464056,0.6701191369905933,0.5737160093594339,0.728336647970924,0.24751779523865802,0.5259605016047438,0.6959898217847995,0.332807609266624,0.7077378604000937,0.8155989807321357,0.5965643920785497,0.5833277121525137,0.6226937881371735,0.2757920402077456,0.6915350026561253,0
0.8607069218954604,0.5966295576301273,0.6297544854205356,0.11653405865226568,0.67486552532976,0.6938247149564544,0.6439637189584224,0.18667134037832078,0.347337409968457,0.6340775166256801,0.4301438324234805,0.5482491287498535,0.654563447928674,0.24622737053916444,0.22123107248708662,0.4686322427106392,0.3206708847221416,0.5918184267716267,0.7694010080261694,0.8128171364836358,0
0.32477307793494953,0.8212594040516654,0.6311902880457677,0.7655320395473783,0.28126810663632795,0.5562034969376574,0.2527227032025505,0.4636577511883278,0.42709036141365353,0.7817300840906946,0.07807497863660956,0.6506327003676212,0.6496131059143531,0.7590644588210109,0.8022429196630532,0.22040266539355996,0.7311768939287886,0.43113320670491284,0.4760601974862015,0.29884391454503634,0
0.2569634646695997,0.3705691496538823,0.6275785186943386,0.6930156919262943,0.721925705665391,0.28430054820512823,0.7360778385126221,0.5868975728292303,0.6868699198094115,0.34223419478316963,0.2631256936499288,0.18366081156729264,0.4217990647986303,0.2473128612967645,0.29402112982478334,0.4066056026801725,0.3873740082704612,0.3047930041881296,0.22091100360966404,0.19081856856633456,1
0.7060743489382677,0.5726146816857913,0.7165681296316696,0.29715214289660263,0.802774959959639,0.5894412080208171,0.7073260324084136,0.2124442919879007,0.3660508444458176,0.617431762279077,0.5228556806501269,0.6564797359830802,0.5105016111243804,0.2838534016666311,0.24223752377568908,0.6341778174380729,0.44848437288524,0.6334193860723003,0.7674977087003434,0.8526094436909193,0
0.7495187658471892,0.7161231301253682,0.6227257981447126,0.36982825220142324,0.6676262279528233,0.6502968306808704,0.8121139841142979,0.31028272012528124,0.3682194473746656,0.578694817834743,0.30429260138584147,0.4783426198178392,0.4968497186214061,0.4236224422578709,0.49993638729177853,0.5103041084943428,0.4763197995722846,0.7373871461486502,0.6751318761700861,0.6555612593462323,0
0.21167048512073416,0.37824352502054037,0.7300970070432393,0.3421106827395298,0.3068835183311418,0.2911245271609901,0.2856193079833484,0.18753549679003903,0.7144100348399619,0.36187539324071294,0.43996469580515896,0.5780037773233201,0.5949567432972848,0.17750915795610134,0.7171429253630641,0.5587190070316091,0.8291056080041859,0.26870034654906333,0.2651041845208747,0.32431405265121654,0
0.2746297805860264,0.37333816653881735,0.7075581044581823,0.6543692623534738,0.7937100195243301,0.3555816866548286,0.6488742932907721,0.7125863897438552,0.6492085064231088,0.3331863166908515,0.2647437578050177,0.14590855035462014,0.48867142697087207,0.41330341190101316,0.454458741821521,0.3778767587472637,0.34462943219604053,0.3451199874123248,0.28333979017819944,0.3507190110112017,1
0.43024077394610505,0.7141499694150482,0.27127665755271263,0.7235370208955239,0.7066270369391437,0.4882608523638126,0.6831698003750459,0.6133070675931958,0.3161756844085381,0.6745967744925642,0.53815950689617,0.5845932668278739,0.39629739791715957,0.8912109000342507,0.3283449733741708,0.5733484484632052,0.2460292263942755,0.6167837373975917,0.3057585129424577,0.6836605381838355,1
0.18882469798525536,0.8489774544130997,0.577215463458401,0.5542276665365958,0.7123664945743922,0.7166400102968106,0.6057883145377635,0.38788266500486623,0.2684358105818877,0.7656672165102636,0.6225525211145299,0.6135082327453057,0.3906589485174687,0.365288985840667,0.20445558632642952,0.40852405534224445,0.3125419824156061,0.5912410797404809,0.637090033725998,0.7859021739627066,1
0.28884896883603356,0.2575008981220387,0.7643192478045533,0.3322317083645281,0.7474626328932716,0.8462705099610458,0.17068167663151107,0.3085441037510353,0.5494412712035863,0.4101625456854864,0.4044097254557797,0.4754941876859642,0.2692763151671872,0.3478010350764379,0.8841430925971389,0.6400862580331795,0.4357617646782924,0.33057839344155965,0.9147414430274534,0.8330903643501174,1
0.3159060263833441,0.348122091322629,0.6902931620240995,0.10725598920939833,0.7601158971297951,0.3070214790494583,0.6311076781162456,0.6875295206881382,0.6671981006408003,0.3912836723346105,0.527861759275271,0.7473781532468496,0.2461222234012438,0.5459009142173871,0.5541753887658164,0.4747569837039192,0.3416604993537938,0.5147439652289096,0.4092773704156434,0.8593793800691233,0
0.6657132971333438,0.7497712699021268,0.6302636434057249,0.37386712613177253,0.7725246215682378,0.7606218776003646,0.6510516630255785,0.2872890093452857,0.34591995569055967,0.656984157608944,0.5179055489761559,0.5223198496171115,0.6811955939729404,0.1583389669846007,0.3231690953734154,0.5546124178496294,0.3950531555923495,0.6907010781662505,0.7501523103426595,0.7710464334679537,0
0.27200031943078495,0.7746221750249911,0.6252004157469148,0.7293102675709582,0.31937565130116385,0.5887091748622981,0.39042416213176395,0.5428489009420905,0.4627160397314853,0.7538781888185307,0.5259437648407697,0.5944240378720835,0.5584833548051881,0.7451628773909267,0.8014878175619075,0.5373573829762717,0.5180929036785612,0.35978046545080555,0.6929329192573451,0.3190321632467302,0
0.25476601621397743,0.8666145672096046,0.4860606373091582,0.6235644798343064,0.4399760532547928,0.6899953297383259,0.18774795593785965,0.5975117717000404,0.4189994966623966,0.8309859483919233,0.5553205681155517,0.6101584940824949,0.1371379848252609,0.8998079809244915,0.6974820034156051,0.5944673386707253,0.4043142342914678,0.34595110961923775,0.523479628241104,0.3340985637987512,0
0.5893524095627585,0.7648969002471163,0.6833741941181579,0.37731849654834215,0.7730166114875769,0.7995662450752835,0.6870645058995617,0.21589716955074353,0.2788995745217798,0.6335440831705084,0.7102775702481091,0.4658148849736741,0.5571817644507372,0.3822640201564487,0.4120362466465891,0.44206393210996364,0.48864251709081513,0.7296397599350832,0.7129865971400743,0.740185582245557,0
0.5233514471186431,0.6713912715750266,0.2371916731193332,0.5069581019294723,0.5022109659263364,0.21651566625389596,0.6230786067353373,0.10993387216677675,0.32774023445109757,0.3944358629444514,0.38123546947945897,0.20140578669159173,0.5921326097761275,0.5941580412632241,0.33443400044768423,0.449756516997668,0.14344219643338207,0.2441644119760091,0.3945005919110951,0.6071174287444265,1
0.594745736348172,0.7336449198572789,0.793565591905633,0.26659057573362055,0.9199584709502019,0.7831709562924645,0.44040493715283774,0.15005000278261516,0.34224462616938,0.7013512173382306,0.2649189950210631,0.6767665268339876,0.4120625524804924,0.30133325586504073,0.32421057951568244,0.4642180236381435,0.6262311654827284,0.6746844888513235,0.6912996190583793,0.7526102363641732,0
0.43576496183731184,0.392916750040173,0.5345585241906042,0.21484918967480698,0.3586725491682338,0.43971865229796203,0.7598524049689646,0.224838070876039,0.5296754606308687,0.1483888118052898,0.4324621344267398,0.28737592366533027,0.76898968165738,0.27844728218283266,0.8261904452986758,0.8209402643281096,0.6441440754810526,0.694802177472257,0.1754316353738405,0.7041929375845664,0
0.2890948104681358,0.8062733152606947,0.5138857341573956,0.7827578171825795,0.596319884602603,0.6007293868343222,0.6793659325390461,0.2903299689133987,0.3617402308836506,0.6886858600648578,0.2590411977040551,0.5596359043411758,0.4294898335914372,0.23634625795086162,0.3798161152588919,0.2557854978034799,0.4157128251086458,0.519179326949225,0.747121738982927,0.5776026098856477,1
0.21303621267150274,0.5506402704093497,0.6827996761854256,0.34395751275092057,0.42642234872091767,0.3981072621788101,0.08966022117034156,0.008460848268435128,0.5981256160811972,0.39070965993028506,0.05550972807917676,0.4322625292792873,0.5682494269652167,0.3436964483836555,0.7656065228978407,0.6150513998981322,0.7960544760664042,0.1833849513461573,0.32020723998861145,0.2829748358619535,0
0.25938867317262004,0.19943429069160395,0.6163397104381568,0.5735808059689237,0.7582169897840696,0.3017666404447629,0.6752235749927175,0.5737324207709449,0.7640111702023589,0.3040309801102522,0.4951007027370956,0.30807356168764144,0.517766357398501,0.3499343829397623,0.34249121601846305,0.4526812702168247,0.46097233861306036,0.30157213494701307,0.15491646958208755,0.1779142239004633,1
0.3459958985704587,0.8714181086481867,0.24959878930101195,0.6170132369925221,0.8864473169181776,0.2983371985961045,0.7374019872583737,0.5751540813044401,0.43902650051699627,0.5807645006723201,0.6632194470441231,0.6665761345162398,0.5089679992715529,0.7734485362412179,0.3932616850993709,0.6539969900540711,0.28582089142939365,0.6293341350427797,0.2547622828471652,0.6312108494845089,1
0.3437830604406662,0.6781441426347756,0.30037345408299965,0.7649446213399879,0.7500671144860028,0.21249898825958768,0.7311433517154262,0.4550656263891342,0.412155368650677,0.5426655211955633,0.5356352944740734,0.6745167097977316,0.2855637534585793,0.8627739213942567,0.39224625793432155,0.4524377695568695,0.4705099884555531,0.5881669449756773,0.16853934153108885,0.5965534032602348,1
0.1691538917327824,0.3775163634111449,0.52313500954104,0.16794637164806692,0.20626755692441268,0.23096631843273724,0.8388297261579681,0.14626402948811806,0.5404595318433965,0.0,0.5836594802366184,0.11381224027717579,0.6095380003682783,0.257862615512191,0.8702791856395491,0.45731054557573125,0.40594247391613125,0.4228396713452677,0.3170401861254875,0.7554870682793478,0
0.19438714504095256,0.7247993672248743,0.6992283780322135,0.6009108776950348,0.6641027075871897,0.7256813379836764,0.6413418480069907,0.24467604732304787,0.3382977883428452,0.6427679951604004,0.2827657762578625,0.5687259721484595,0.4731171331228222,0.22692299379438913,0.3957126021700187,0.81822866997842,0.582421667268484,0.6448724118936356,0.6382212398444891,0.6851190104307295,1
0.303499003640502,0.5991635146681896,0.18083918882563477,0.8564845247183699,0.6188348513566704,0.3096332319680687,0.5876889243298966,0.6555813413925554,0.3404364534841993,0.6198393001477973,0.2886848469169597,0.5601592463141798,0.5397029597214952,0.7924002541263376,0.25314760917595924,0.353835010276385,0.08536344225876658,0.4172852598177016,0.28921161314278265,0.8003808711744405,1
0.31997268632812337,0.3426196379280869,0.5670586598624472,0.25814523641041337,0.3902246592078773,0.24813780551748044,0.25091233448780825,0.2701012833711103,0.7949415506233974,0.3855168633951793,0.5881158214606155,0.6109506277180037,0.44260044713541713,0.4004431186101528,0.7116425793150166,0.6308424423029435,0.5749607844028191,0.08766557871597902,0.3933408938551498,0.2136033969747393,0
0.2015644117689761,0.3012582580636726,0.7077079594508149,0.3565817609039481,0.8255669937157405,0.5131821489971307,0.30485640708673234,0.34599241858576846,0.7618884496270972,0.40486347030508707,0.22060001697282822,0.7078359181753724,0.5762750690373742,0.19273073948302816,0.6853049343027627,0.7201056137615846,0.5601113847743463,0.2936353573154808,0.6671462304756918,0.5370720180253076,1
0.13002305360324823,0.8463075592341083,0.6725555022999139,0.6234544150658594,0.4680788395993363,0.8968095197711056,0.27881730015035255,0.5927827617827752,0.42237864719744844,0.9687108406103866,0.6016720126817608,0.75195467050905,0.30373021308164794,0.8563713960928742,0.6292424873473892,0.71442487737453,0.5107947313877523,0.4040434991757041,0.7286282255768814,0.23563759307591553,0
0.6637845692651931,1.0,0.6006839930398151,0.07009662301118602,0.7740144638541733,0.7812652567459836,0.47347223645296344,0.09542152413185889,0.3534527002231356,0.7011997441458033,0.3512969056297181,0.7236963421797742,0.682656522517179,0.05136471488676758,0.3542870518903293,0.38797534206131995,0.6430179976636242,0.8399035093040111,0.5008833732085708,0.748890241873392,0
0.17845369719552423,0.30009918610335834,0.5322565859965164,0.22973483546667733,0.31213675971435706,0.29078198626313007,0.803783671094244,0.0864694035742683,0.4941001770872425,0.09810987241644303,0.36074332675935517,0.23145038449624997,0.7609033197582754,0.24961549916886877,0.6744156424690202,0.4276631106066329,0.36561357941192846,0.3767633145874639,0.4481231371773733,0.8268216734574649,0
0.7680410061123182,0.7293670392868318,0.24184168121321442,0.6423427448872288,0.3960653593530488,0.3617543765172463,0.6656080575924982,0.1391604160285163,0.1371815337368047,0.5879602945915061,0.4524271175336369,0.35287931549224216,0.3479400237475072,0.8639308527590267,0.32212399484916776,0.41769963018538014,0.3318078700170724,0.5171748613438779,0.337602391367687,0.7141421112898498,1
0.3667551145947553,0.5990557602830653,0.7200998243537318,0.6518373475214717,0.9812163112785077,0.8289982843671241,0.591080447428999,0.07443465597759213,0.24404666945655534,0.701937128173969,0.5723594608486259,0.7390214353044127,0.4643490485587155,0.4238765522115999,0.26136150267523045,0.5567472553278456,0.7489309131766086,0.769959677063951,0.6522864900901164,0.8085724491138699,1
0.11051416335285591,0.22074744929470985,0.6488622797516643,0.2296085869961382,0.777696106816081,0.5179280254607731,0.7377466467538307,0.5172019357327134,0.5457933800994939,0.2635870482272214,0.571528601239642,0.5529029276782588,0.8119312339466478,0.7264116121593505,0.6423561358713599,0.5246600560717148,0.52361306209317,0.6766829595600798,0.19986039240599307,0.8391741490980791,0
0.2043651743945446,0.769117571164998,0.6754846284153762,0.6730754252557952,0.2824942154185623,0.5702170423313466,0.3186931159925982,0.6092654921490062,0.5229885221440921,0.7812474351513443,0.492569464215124,0.685227766420101,0.3174471784201291,0.7079711600614945,0.8269943138781082,0.7108522483421106,0.5392606131222786,0.325713388649552,0.6887926899946487,0.30383960425103196,0
0.27550433431503263,0.37774874882491594,0.5357973530663863,0.08836604260243269,0.08707067972307836,0.38756124447107176,0.15274757698655805,0.23129414612347793,0.6985712796787777,0.44368549619195385,0.28747977383743023,0.6799121613662414,0.4671280977244752,0.3752208822261156,0.7704878505820532,0.6760799297545854,0.6216489868004705,0.18620436924096462,0.29648373008668183,0.37772221000652595,0
0.6463785145510226,0.6125377808889205,0.7082771389146658,0.4011588906969419,0.8414032099897125,0.6328760177280722,0.7538166097593226,0.12320712036184223,0.4476936426827565,0.56075679372028,0.31030410298770117,0.7196559961536417,0.3988480665310408,0.22098316488224673,0.4758921830181428,0.4015417549782893,0.7121214230729263,0.7601957958667452,0.7374715350672922,0.686024900072652,0
0.3135879113427163,0.45594702656086195,0.8756899476566025,0.24536808425443185,0.3549781365761702,0.2274084971272204,0.574670128192969,0.2711849211618633,0.49090557291282255,0.17942324409811233,0.2544344419309539,0.1700235601564633,0.5123773413489074,0.1867943657713113,0.6774261403272658,0.5335830617664657,0.6449977435972695,0.4777636487974369,0.19514129677870934,0.7705441397286252,0
0.17758195104013513,0.7995865255474607,0.8507447005119715,0.6533237091569608,0.39071693157904497,0.7079336553811613,0.24006496971550378,0.5718730211473566,0.5379735407204421,0.8815661765688125,0.4917882129389015,0.8152404479693891,0.4674087547860638,0.667780575835951,0.8208617851861767,0.33947399596992234,0.740047479085288,0.3965373523707911,0.7484703755306457,0.22377217036115943,0
0.2580613997073542,0.7794776735844362,0.3343219414546397,0.6635224260170203,0.8900025783499269,0.16707767132727463,0.5834157312940601,0.589732978580516,0.4688014630301553,0.5813662350897665,0.6477339450760226,0.710985415825008,0.6081649539584655,0.7484852394098583,0.32351547202085496,0.6043381647214461,0.28147462386908345,0.4689113647910034,0.2507561657829199,0.6827800604720441,1
0.4982900966494287,0.6205524082045226,0.4637824960435015,0.5552179955935237,0.7209247627249419,0.33148536104748616,0.8318406259324026,0.6545458757209497,0.4113860544253464,0.63464708605299,0.62446372490608,0.6143109679090778,0.8038174416355536,0.9448296704196606,0.26028732897095264,0.4622100902814495,0.3044810997275975,0.5823098311225061,0.29448932094989444,0.5660667216840489,1
0.2734917578237725,0.28112852598630755,0.7279627810121192,0.11725075882249925,0.6761156072833578,0.8513377155249535,0.09681563701078155,0.18472885916193876,0.5699088155300172,0.47234852517202747,0.44769310817758395,0.6189817926122566,0.5415363827608102,0.3301382938043972,0.7382671690923437,0.5640813015953055,0.5208251936683623,0.318947708244696,0.7538910102216831,0.7292160260604412,1
0.24830420567339262,0.3177440808174697,0.6768788220864883,0.26688504963509785,0.6913144330594945,0.3930842843452402,0.6739357759793936,0.6178649681322611,0.6169208058328144,0.3175005754015471,0.46711791231139804,0.5829435847455486,0.6229385091095608,0.7133772706445287,0.7452170790185242,0.7284608875399373,0.4895616814769489,0.5757025320410039,0.3208703823701169,0.7365852639713341,0
0.2858793287818916,0.290864987841339,0.5836327674942633,0.7863109141000293,0.7317302442389442,0.20965917807529788,0.8167044101897194,0.30997244137766106,0.5514566380859868,0.3419989394487719,0.590100689164014,0.2391586355743032,0.5216988599337338,0.30373809261502216,0.08812996687294344,0.39114038654843786,0.48263332239925105,0.3214364253973328,0.18205577970672077,0.2970996284276797,1
0.6619691845796418,0.9259401118066006,0.2919329816481672,1.0,0.3341441120364308,0.26356262345745657,0.669195146782612,0.43556355819748643,0.023344192412150633,0.6860607715012521,0.36325633448153427,0.28531688688976575,0.5709121816267617,0.9121428455266537,0.3178742775310661,0.43095512042920653,0.2944258489807326,0.5973548031562258,0.23939176103956586,0.8498438057675707,1
0.28064920513389663,0.3220495485915209,0.7186500556410463,0.22416129399345286,0.8594731545962454,0.26106876606837903,0.8104627636717954,0.539346219449155,0.6359085952899075,0.21546356538637473,0.3573730615955716,0.5912805415532385,0.6820978366447942,0.8721907671288445,0.7912716632334007,0.6116638183469566,0.6241708898340306,0.6624082844013186,0.2151263043141245,0.700862759022803,0
0.6040815996252376,0.8474086425800481,0.32517344737020903,0.859998079489877,0.4171138911207906,0.05164171334650197,0.6766630918226901,0.39332234246792835,0.12770304836218355,0.518183368875507,0.24998680902986095,0.19710430595598963,0.42803464372705513,0.7602501191931654,0.27023185583957077,0.5128013931550175,0.2095184742333141,0.45492734564457965,0.19002418133161553,0.8746567855312716,1
0.09368196885806845,0.15304174215210792,0.7121799023991695,0.13146680355639484,0.6659153927268316,0.5812179425254115,0.14295179822180315,0.015301428799433192,0.717509262564664,0.3018636108629853,0.45384163759698537,0.5749097376600767,0.8711058640588061,0.3126664180958906,0.7519725905592476,0.5929517480329093,0.5750551075891389,0.0821010636674675,0.6899885617763238,0.4897485384811697,1
0.2872486249600386,0.6810556571155846,0.7686313386850947,0.6638686023387044,0.6066484567529454,0.6744788141385725,0.6416275788062316,0.3144272303887374,0.4027234900558857,0.623242748892339,0.4362517114200461,0.5574392677421928,0.1271017633291608,0.2249937727675536,0.5117492845064053,0.43211583166135303,0.6840733120404967,0.6535608762025473,0.6284222927854752,0.5894829749812103,1
0.3355859708088097,0.28657008368708725,0.6387228645964181,0.11019018359749355,0.8584325968734812,0.26418546262807874,0.6580117516597519,0.8487507320386246,0.7664232016465027,0.34297762625296757,0.39098581430254054,0.6755007210331386,0.4809914134735028,0.8039904311309725,0.6369304325159839,0.3973512124776194,0.26152322019549773,0.44444168372294773,0.3429365249867652,0.6627110566840904,0
0.27725008738808204,0.9423121724977496,0.3173849084715886,0.5085097638063686,0.6759619339274593,0.2787737147205267,0.5924975198356863,0.7220730598483136,0.4829867527040601,0.6268793731306693,0.49958746412633326,0.6398808959707287,0.7510258574120962,0.5515821319743172,0.41139020460242526,0.2863576465264163,0.14207736419425562,0.503706477034612,0.3225302846480713,0.687133193257722,1
0.3551157273908705,0.3772925433835398,0.6361109559085598,0.20690584487143493,0.27418304833966506,0.20582024230440388,0.6389849688357334,0.22101940320800828,0.5428415172011269,0.12163067137625977,0.3070296257536299,0.1398722743627509,0.49924397683189625,0.2931291220205162,0.7213917992277464,0.21636865922717546,0.4737113309730083,0.36169061155902055,0.24254836140930064,0.6620602701707032,0
0.7369734748584292,0.6611108707679985,0.7961506242904323,0.31149051790287074,0.7059103986235017,0.7005323900531525,0.599427467650131,0.30174215357557677,0.37115284788430936,0.7038514607909423,0.45459607346126235,0.5876481485927953,0.6002114432424457,0.1873372254265242,0.23175677589494253,0.6274554948082092,0.5407181372484762,0.6706848449110754,0.6547170553624655,0.695245090955815,0
0.42282627780474946,0.20783357658118579,0.8353168617120618,0.31036673940205817,0.8348314237016474,0.6656681740875753,0.2992088988457038,0.03945415270074537,0.47017224135101665,0.3690460213239841,0.5892278403839866,0.5603325397662883,0.4960457723837434,0.26578459422710127,0.6386823008810647,0.23496281344605313,0.6322969900589178,0.4250530568105019,0.7948606254730443,0.9477614185325902,1
0.8400619459552336,0.6833821461886787,0.18309125593835246,0.6481784944308532,0.2536512155582433,0.575106376837104,0.5231878807947827,0.21092948041673648,0.11621757327583065,0.5986855418002807,0.596434107453502,0.1307718418865847,0.7284793751512524,0.8362487255272775,0.3940504162512975,0.5279470660444722,0.22166150083985306,0.4584833205468921,0.337839058564511,0.6331214103309766,1
0.14957207709251397,0.9318363290860894,0.5155382587844699,0.5769079587783628,0.37940120822792245,0.7450044358429035,0.2022727606604368,0.6285168950868878,0.4800260077898745,0.8407495099523763,0.3968548782930515,0.4524340857333316,0.4368933439155028,0.7817603685523513,0.7334298797788817,0.6664503006381837,0.14934791001099007,0.11248748858501717,0.8431689330767338,0.18353362947912633,0
0.19880832374695873,0.27604600236850885,0.8041009266566383,0.2437338143885722,0.9390840207125781,0.5857039208390388,0.28880272662333073,0.3000603762467662,0.7813508335375033,0.34423146341827815,0.27590229472747285,0.7367412904458479,0.7088391268728432,0.21555218464123382,0.813806677715543,0.26448385511958633,0.7083063545897228,0.40905425853036437,0.6393520683511922,0.5834421118817229,1
0.2689042923620305,0.15322116444123196,0.6776137527448486,0.24203301745389416,0.20788313059580366,0.45410796270840514,0.2858486318370021,0.31627893693757136,0.7815534286532453,0.36246387643634304,0.5009294645254844,0.5556399772736546,0.6030410416087353,0.3539636281204537,0.772258972545217,0.7767168753255688,0.7502025878157316,0.23502028415330134,0.25604243687100825,0.20310405358044642,0
0.6692257019364406,0.7346329300411348,0.6509285216353032,0.452311803489825,0.7321106623526846,0.528150129395528,0.7564106611911767,0.381119078515348,0.34014649337209135,0.6267844177865043,0.4032637960187211,0.5724042094638118,0.8704558660202174,0.3850052163475503,0.37801016833565526,0.7895427558784831,0.3764450557346704,0.6668495583268121,0.7353576641376951,0.8414144208631886,0
0.2049170766508372,0.9473788006451127,0.18061963755805976,0.6075007611547185,0.6492399294958506,0.17545764931778612,0.6782877838815149,0.6665198754443514,0.4949772149537136,0.5865595503416606,0.22063412381045353,0.6993713697052155,0.32827770511135346,0.47037570861435213,0.4241267006496348,0.5837427596661167,0.05559791658680591,0.4610012468974579,0.41616986764281916,0.7630341952473716,1
0.2613663897030576,0.2521153095776495,0.5941118253901321,0.26037600846065195,0.24343929298907768,0.3097198520631981,0.773338738719151,0.2661472558985934,0.5318055656088156,0.14301514613520971,0.2986591507623678,0.24792383576831475,0.5267762658377783,0.28160167497055866,0.6878842659886069,0.4597799646606069,0.4444966792591235,0.44463246811315954,0.3132997991132509,0.7604545357062289,0
0.3275754184692827,0.6959373041824195,0.7604614340677509,0.6348572319033294,0.18609721329864343,0.6713227920087859,0.314746021028813,0.6719203046114357,0.5122946977199367,0.8780944236651905,0.5298491802991669,0.602442123389926,0.39907567739114397,0.6573007026222402,0.6449310159498113,0.6401539546268722,0.4651379118411751,0.2543018789339413,0.7406026588849973,0.18254895938844207,0
0.3663518038596691,0.4336066425409002,0.702947468687452,0.16016536794120295,0.26111535738371555,0.2466885446860302,0.25194913197319846,0.07780852670662741,0.7171006338156447,0.39516006239824564,0.28609244983831456,0.6586522906801463,0.48828249543927577,0.357109484518249,0.761017828331874,0.4315459707132878,0.8583489491430462,0.2302356260384188,0.2927083391917359,0.2399519118970983,0
0.10042966466008396,0.28512482575708054,0.7031302342257981,0.2640258780347898,0.1743912870922425,0.2584920254857386,0.7273832929807911,0.26078085943119317,0.44397730202228053,0.1610756913797597,0.3946615135348366,0.18677127292616902,0.4071940850352249,0.37034714587478357,0.6614883090131725,0.28927099489085706,0.35453389547409797,0.326184164538276,0.4036244810737717,0.8835360405659891,0
0.18368676553301427,0.7793363566382049,0.6283211702463365,0.5993916883377588,0.3842396488445572,0.8977865668794238,0.2820755798156587,0.6870600251070613,0.4070754053713167,0.8664997515950794,0.331285321144902,0.5552235319614209,0.5491303905188372,0.7792790492809243,0.6754381699474428,0.7194391174554219,0.3696407387103495,0.40076638872929776,0.6707749658767285,0.36248585117791643,0
0.21691597874009094,0.434640890471674,0.6142332334047904,0.3033297820237747,0.6452980802725949,0.2513414202715681,0.8280064947133197,0.604545505760223,0.607330126982625,0.3631243426626212,0.3775582427548612,0.6686971065750993,0.5454755892542402,0.8142723897827986,0.7056659954029734,0.5417241933062094,0.420122622828663,0.5371785275719791,0.4041699519815046,0.6853998921817385,0
0.10673525090066299,0.8415747336937652,0.5222539334876972,0.7013540371994694,0.4604899960891051,0.7434451697202881,0.28024744119521405,0.6298092227655405,0.4843188257826417,0.8117854404165622,0.4898206020071164,0.6321529021314574,0.3984337216188829,0.7960331286727025,0.798761522645991,0.5528161605845514,0.375735327999398,0.3225739592323611,0.7283915151548279,0.2992638082662512,0
0.5632470179209402,0.6495539930439662,0.7872526381192587,0.22173009233605495,0.8630491944352523,0.7005656863092133,0.6011146109148313,0.17746276534980343,0.3211340650813288,0.6424456558452738,0.4545388604300257,0.6418170040453056,0.6843887852919058,0.503485113091105,0.32853381164267015,0.13578251219690413,0.5489429303096933,0.6579514026863689,0.6861234062930897,0.7908751926549591,0
0.24676115277549077,0.8010652349590208,0.6889106140352061,0.6184956367883958,0.41120251282218934,0.8608315218476557,0.3134361203459811,0.7070531912899571,0.4421819816273244,0.9746519970408699,0.49645217869758546,0.7854372325854699,0.2736953023823948,0.7761449949475875,0.6226080708268934,0.3855965792868242,0.48127954922642596,0.4544765271656606,0.7329767723212448,0.32871437124393044,0
0.32281431949711775,0.42229648758035676,0.6015851150987901,0.38063524485748257,0.580462765524391,0.08412235197164353,0.29852433648672616,0.18189861777908642,0.7821184038092597,0.3433677586088323,0.5693406519146161,0.654191137744059,0.4135334150894568,0.30433115058003235,0.683315653985194,0.6863858475135529,0.6210774068397715,0.10313602789704912,0.46513004016991144,0.32468408650553593,0
0.6873359863624169,0.7787008023212924,0.763408760151111,0.2804968946876465,0.7882398592978495,0.678861778849593,0.5397652449080269,0.2708813008326559,0.28503674669632595,0.720344020718106,0.37835055701646875,0.6004696860484415,0.42206992573138513,0.41307152456064267,0.2760781316216334,0.5200751669670979,0.49270711418655166,0.6679522897001742,0.656735056424259,0.8041912987058855,0
0.3471789163043896,0.106753715050797,0.659515456032451,0.25549836152560734,0.38602207951773515,0.4327199435121769,0.6254569228440012,0.23368595841322978,0.5541918882623282,0.21572056017358432,0.556673747508645,0.32507855760445026,0.6396996274565865,0.46207282663083665,0.6611865067875049,0.4426120771491005,0.5011256556688295,0.3674780229127401,0.4095143196426464,0.6595121775565809,0
0.3185709663341667,0.848277807210326,0.2676732155038317,0.6444650078149894,0.6168816858720202,0.23473658661250957,0.5400605539846888,0.6900157804767144,0.3868364601181896,0.6832506502829485,0.5766589828694677,0.6586073434018375,0.26383482680428694,0.6355583514192146,0.2639716824177687,0.5490107665869853,0.06940068412702055,0.4217653886518844,0.3462414106292993,0.8073204620128533,1
0.8853337809631731,0.7849255305818463,0.2922570563632116,0.6367573183982606,0.24158046924792698,0.3518784270903201,0.7913746235490676,0.12250660111504058,0.10272506949065136,0.5182966869253975,0.29425587670282394,0.18329181491992402,0.3918233236675984,0.5767563650680982,0.33941938401405747,0.5483182375193222,0.3716317491581246,0.6373132232764153,0.29117159677214915,0.7745827682553783,1
0.8319777253778479,0.8440431716813845,0.5919061636161584,0.3897378084692545,0.6411750474882206,0.5678032798316185,0.7006435497839205,0.4473819702318432,0.3289180561825523,0.7143769180124528,0.5945040981631786,0.53619963754502,0.42538040016269696,0.3949231766985445,0.3359105658631386,0.6838040037173206,0.30607877293559643,0.6584789409078513,0.699960591029359,0.7435849337646423,0
0.29899571994991747,0.4089066667233128,0.635655103835439,0.1582785853062274,0.6282974933963033,0.8575040039391688,0.15946524346148244,0.2079361709714113,0.5020799157438738,0.5343636273340412,0.5913791357947211,0.6653941228217404,0.3688280017381994,0.22403337031784448,0.6228676894017797,0.4636618188509227,0.5203421867507569,0.4555760261211563,0.6326313248690292,0.8082619500689592,1
0.6543567988486604,0.7813039667797104,0.652377898485802,0.2535513980942845,0.939685768338058,0.7358703103684847,0.5637778855598188,0.4240606437675962,0.48207177186470607,0.6896671746931773,0.3692883284551311,0.7191238326066252,0.5002451261461389,0.2760543068688788,0.39033797561190514,0.7712861407248566,0.5002116145834059,0.7432264996504967,0.6197137772277201,0.6500680792857759,0
0.25176067344044334,0.8058717841465455,0.6853741731380456,0.7349325873035504,0.6261295658064046,0.6842592189391664,0.6626690219760549,0.2979923361898301,0.31180877088972286,0.719271722873723,0.4478576492924748,0.5145976378053924,0.7111288662149136,0.22590612565788853,0.3196954162252953,0.5691460291354318,0.4888012506129712,0.568136948168078,0.7278160733756662,0.607050382449139,1
0.39779729526492325,0.7638754666463748,0.5837599740379317,0.7243845523874275,0.7899141052754495,0.8086116870797047,0.7109085357319413,0.19011767387868841,0.26755411375443083,0.7574349322495778,0.48437656416803576,0.7554726755918684,0.36548434518191103,0.34620964130942267,0.34411043785476453,0.22712965638911442,0.6643051287228348,0.8156420085350828,0.6931740736434695,0.7240111895279719,1
0.5693945336760717,0.8763683947699358,0.7161512019984959,0.4043439913188005,0.8720954206028824,0.6739263301177522,0.5236836782500812,0.28300054907574934,0.345865197340519,0.699816810981351,0.5583650976271834,0.6497617343504016,0.8235977934094312,0.2826358057335655,0.38175375761662805,0.6435435979631635,0.5789504644714114,0.723857540087931,0.629998512304654,0.7509383040014228,0
0.28509177446779804,0.21832356565944083,0.9005477547368776,0.042199336859836345,0.8092117880827805,0.7789185743233877,0.13011283788072237,0.05395585590295782,0.632663453904315,0.43434987303860434,0.4239763353918412,0.772069082660715,0.6893209572939809,0.3192668615109703,0.7834992316561953,0.7022703081274866,0.7461863460325724,0.360488942071464,0.8125689368523126,0.7140250756000264,1
0.7738420597357978,0.7971916194798648,0.3690777628096052,0.6754860133215834,0.38103978626140544,0.27748446971113894,0.6824718365590583,0.188166119961365,0.14488309790199416,0.5831583641663475,0.27737438201391473,0.2501392855739623,0.5597330077592015,0.7396127088462947,0.2891764843679967,0.5788380831764915,0.3128121824106796,0.4663220026173883,0.3799290274127407,0.6897777896534243,1
0.8217182125318786,0.6934921086185921,0.5521630443888589,0.3325185131221245,0.6680128979136468,0.7433941608054371,0.8192839973306165,0.21544745749685604,0.3930677271223358,0.5831194015447068,0.14600400851764705,0.4978586156498942,0.4588571288661448,0.1752876848995329,0.430779753527109,0.4048663154467234,0.4624003202882451,0.7595270069813004,0.7382266142250755,0.6469685683505876,0
0.11713778501961314,0.3148848315952472,0.5171356280041488,0.37264169633123867,0.751167307362392,0.37344433733882104,0.5891192699633628,0.6891579263977144,0.5982745390754096,0.357243393956729,0.4129176163117007,0.5664434691257103,0.44266297782135505,0.8828346834330196,0.6516475321352339,0.5233337930352758,0.28016377990724606,0.4203709146173322,0.3122676811062002,0.7213297803887626,0
0.18743347324884896,0.8210580523708517,0.1812114198621489,0.6668035277137632,0.9021519335654249,0.2597731820306251,0.7274950801969646,0.6078832727345996,0.4236729609641749,0.5312731635071326,0.5160411296023548,0.5603487881480279,0.42556323729528733,0.6938989097961399,0.27469151676791165,0.4202466680057898,0.09048847679364666,0.5104493507213209,0.247258394583617,0.7218471654843773,1
0.23445388871974904,0.3116797806299838,0.6093604828274235,0.2787806063680843,0.8258828439070409,0.6691027652038921,0.24711967626552817,0.1519850759035169,0.6352345692886177,0.3248472575243483,0.3655527074246343,0.5225441537145712,0.45764972988126673,0.25178695548113306,0.7611933446125987,0.5045852928295685,0.519308292762662,0.3273152598005944,0.6583143854160922,0.6526006835630307,1
0.23884792111064057,0.4341720830576015,0.732761489571978,0.17916580175690527,0.18649772374897244,0.13938413300526126,0.7134728187967692,0.21611299562518696,0.4764418208769943,0.1401797687708426,0.5360429080760688,0.11882992188001451,0.48049555116837944,0.26801944899284796,0.6219465794882355,0.42248730729952555,0.4504857647255206,0.3531488241166641,0.23529139180028527,0.7443647647442816,0
0.39223319944145446,0.58979207195239,0.8110777489087714,0.6792482131784963,0.11220444614688302,0.3875008373916657,0.2898787231062869,0.5831832185039502,0.5575597772804055,0.6766625012615369,0.5635347179201599,0.5895116794314363,0.4902518782806142,0.6170469041017991,0.8446267605677633,0.5841324336459158,0.6983347210159179,0.2947152797837781,0.5391835018076316,0.30356563327709996,0
0.2596981882145133,0.4896656251650498,0.7043636358344021,0.17477064988400165,0.627071915440041,0.3918301230171807,0.8423138703833821,0.45082379152145136,0.5609943041358608,0.25455578716454696,0.2673105230819484,0.6046634199773343,0.49568655294416325,0.6846372597938382,0.932196719863692,0.6692737587717489,0.6882274115306156,0.7951928585398702,0.29955401021158595,0.7894093505555289,0
0.4255320518472301,0.17753517389603912,0.7818598935533358,0.776457552264631,0.5732620513322847,0.19045239097817313,0.6614575872213249,0.7213677367818515,0.7822413894547113,0.3302998799985911,0.4906327822594496,0.2702478792424906,0.43865879990953144,0.13656763773167852,0.45124141369307047,0.5281342930171106,0.4853156848472852,0.27070516303802655,0.34388073396919794,0.26501299273637985,1
0.27589809549004285,0.4241862536345816,0.6828353862399723,0.18648202270005448,0.2774805879003954,0.21650419237165464,0.7373681273127732,0.10184540446623974,0.5468921248177717,0.02943589530180879,0.4766301865826835,0.1090678169837564,0.5398580809527201,0.14661685553329679,0.8271013999030554,0.3665001138582655,0.622995776638219,0.4800042829429918,0.2117933338259737,0.6776473411901699,0
0.6104199699689487,0.8617434838589364,0.2896619333833493,0.89140811473166,0.36682662363498164,0.3847093500454976,0.6111710619005709,0.3152579740750053,0.08113455433400169,0.7056957105889559,0.6615764114452867,0.37682270710198323,0.4801845540258843,0.8492125029393812,0.3275536862935807,0.49290416232447604,0.3132290343380151,0.5334869630362497,0.37621552271257447,0.7678882783198738,1
0.9069746585885265,0.8483135800002557,0.5949268757178127,0.2549574536781922,0.652740274152406,0.6257896389115005,0.7429356965170278,0.4580762729820498,0.3743073638340869,0.7821017370373522,0.3771498262658179,0.6643831118770331,0.47054616463259197,0.3398704185023954,0.22935145978093785,0.6318472310804885,0.36476065356517057,0.7393450547785276,0.639868707997737,0.6570659808539141,0
0.23649411030574102,0.31502990943765313,0.6096888396561859,0.23810137132533538,0.6451878244949426,0.37337749200445486,0.5890665674811187,0.5671583892767409,0.6472839868792463,0.33697113549995655,0.4160994665194283,0.6899416323790903,0.19773297742923251,0.5490000208230739,0.721178188989252,0.2975340908654692,0.4546321779663819,0.5236992155274918,0.37877411276604966,0.8046631218068445,0
0.27257280572099785,0.6852781220655252,0.2118581030142086,0.7758312333446067,0.777882245393428,0.19857032992016332,0.8303120745739668,0.46720000314958166,0.39939922455977667,0.5126926920298487,0.6996509681298246,0.5717702193315697,0.3433192408750103,0.7655846097558017,0.30778863648643107,0.5400221632021814,0.1676192659029359,0.4555109758027499,0.38953401295878837,0.6840301263215717,1
0.22856689130276975,0.800456479182651,0.6562407969844288,0.8294195850052696,0.7864848736885315,0.8166101239773135,0.8184910420013636,0.07105628677694376,0.13496263275206527,0.7654286677460027,0.5797100031310215,0.7161345762357452,0.395588966323158,0.36041960648113847,0.20116640204522634,0.6768289317344378,0.7925234147817785,0.9136146764542447,0.5652453598356408,0.7811652571233632,1
0.0,0.2452666910829553,0.6670493471824239,0.26449414226920653,0.44258992583686496,0.40081480193360397,0.1715968560846195,0.349763559935883,0.8628364229591481,0.2676064433612977,0.6033221994208446,0.4969286800254082,0.6537739019134516,0.12457398733520259,0.816222124305092,0.4710126890530342,0.6051551633115448,0.11609377914478303,0.3370315323146019,0.29198404275957357,0
0.28283913285127216,0.41135680002026775,0.6316209988995289,0.4365766136114719,0.4479975281151238,0.35914499629449903,0.13338444940667715,0.26924757904602326,0.6176579348747882,0.5046097272856211,0.2730740271258796,0.6254152054512879,0.5114247360436212,0.4019080600390117,0.6187823735959057,0.5699311947677401,0.5674868795378868,0.14271642805753232,0.47997876581542753,0.4672307143794706,0
0.6396252751048055,0.7138020564117242,0.16362887828346723,0.7618056519527827,0.2746203047052169,0.38956896242669986,0.7809087935238742,0.23929619091598944,0.2067351606961031,0.5793461786698466,0.32799137288523095,0.3210579444011402,0.6049190355316132,0.6435801810291738,0.3391972791718217,0.6072440814562767,0.2108767263161275,0.4781179962962137,0.442374250182542,0.6518150751534264,1
0.3066779235811221,0.8992740327479535,0.36137238287596607,0.559231836777273,0.7530261621493742,0.1709414853809666,0.6691046854470659,0.5882088079713814,0.4963223883915172,0.6041189239464229,0.28593594592150806,0.772660802909835,0.8132725514916126,0.6514681947550847,0.42468038755855403,0.6030385814392523,0.3521631181659379,0.5613037469843445,0.2851003761505291,0.638679040493187,1
0.5537629217322626,0.7474144295192496,0.8244290683035738,0.26555783991675685,0.7808631611828118,0.7445319700093108,0.5083980042262873,0.10809988424408817,0.24274701943141758,0.7044526152108606,0.5069624725864939,0.5704593376116165,0.42103158053550227,0.2929159607742088,0.19863084675688608,0.6276410057175976,0.5714929532586146,0.6508778250332701,0.6472036155853964,0.8182359861131158,0
0.6969348350648372,0.739567298246579,0.7478703962627106,0.29769416337510674,0.6452733889566306,0.6639930821524987,0.7480386206899753,0.03117100323921773,0.24316183940540026,0.6809575559870248,0.6357858482970198,0.629594765184077,0.34909958959118703,0.3352768274685181,0.26304560662606047,0.4345138120588015,0.6332385309140305,0.7394249041768857,0.699417748466321,0.7668833967906178,0
1.0,0.8531187408937235,0.5680365095600275,0.17775828498423907,0.6211920912474121,0.6946961668781801,0.6601222383963055,0.21855746895104336,0.4189129576498676,0.7628400435125141,0.39958014290076027,0.7140059569772355,0.6069255565179047,0.0,0.21702968022481056,0.45592286951809563,0.5347328896869523,0.7756751074013728,0.6312166584490031,0.5878227867517388,0
0.2609217073276917,0.2922839365049467,0.664062274872082,0.728712800342769,0.780282172543759,0.2898099227115508,0.7156910128530272,0.48478469131814533,0.6522023065845671,0.3766960425230754,0.5039930206916965,0.2787604338523688,0.47387360445337595,0.28846580905235186,0.1985483730484004,0.5352369916858326,0.4720079637100377,0.30440323130686714,0.2372857671295227,0.22511253932860575,1
0.2293597565358806,0.22746758141262086,0.6570602923700117,0.43356413373149294,0.7878816305086157,0.3017778438824854,0.8012381215086579,0.6001607204873552,0.6319996987153604,0.2796777439657261,0.6331066407356005,0.5689409861699923,0.5406109165604831,0.9062546932057416,0.6806365683538695,0.4601522407236171,0.6112418083973992,0.6001982572573897,0.1587197600705093,0.5651052240389972,0
0.40075424386257014,0.3132809619813448,0.5473852504071814,0.2352931235573575,0.29547271886326437,0.33489138233200644,0.2141968829942809,0.19888105206486367,0.6648408311431317,0.444216173442904,0.26188976204694125,0.7097954167583509,0.41959664018271864,0.5023550764945885,0.6906490134227159,0.35845730668735865,0.679596729162435,0.23255960177629312,0.30929912424598655,0.40345215914047805,0
0.3804990943861502,0.6965832759346801,0.27504762071075356,0.651261870905198,0.5702478010373979,0.30173013435265,0.7023390959747635,0.6920514820586943,0.37806558284004527,0.6637531386985739,0.5296933323147979,0.6062498584343357,0.3881817909310301,0.7681937881074168,0.22575115862616185,0.6036660566366343,0.10121282871746129,0.4729485702880852,0.31203504103363255,0.7090303079331813,1
0.11415034283256609,0.37619497282203734,0.6066464430341616,0.501309090760247,0.9392832349270932,0.457136263697093,0.733084211915489,0.9243725005570433,0.8168332587867453,0.3425036683510748,0.33291254356392463,0.23138296516051118,0.45973230899170564,0.4032288212559534,0.43015995178563865,0.43272550854764547,0.1872582859933698,0.35199596994104254,0.2559970271584078,0.18015402122780882,1
0.28265083804041885,0.42826375044970066,0.7043620535278274,0.2619989150318843,0.687401847670341,0.6542912827377115,0.24595080081771709,0.19535088012599802,0.5415854884407874,0.47592736155701293,0.4538766556669795,0.6134357833671793,0.37724881318551456,0.18976753881044972,0.6021810047978514,0.31633708661057014,0.5246386617340835,0.37165336597605386,0.6743355925430421,0.7511506363108262,1
0.36991478201133365,0.25558383424170444,0.8231612257365886,0.6257736872581059,0.7763035009604131,0.30741297660332,0.5501172610778557,0.6956041561483255,0.7027641840822995,0.3487094777424256,0.5865853993803789,0.25437073061488413,0.3412103722931842,0.42569269677989896,0.4819089565138756,0.39071942376881164,0.48099792276591735,0.3097561545618436,0.2985962035103221,0.33056263588714463,1
0.33302325522947496,0.26204830171592597,0.682483394863364,0.23938246654731477,0.7828063268833122,0.6222851297427023,0.2994731553799914,0.0857641315247118,0.5940771497940991,0.39977351857898685,0.41893886041415385,0.6976598492109523,0.6142340871179708,0.30344574497141297,0.631386616488037,0.6473662833545044,0.6637897762784984,0.4081968319935658,0.6099660065693938,0.6967838344613922,1
0.357525688649575,0.3433880487724169,0.6718461773470491,0.021408302115768607,0.7954292686838189,0.25402654054360685,0.7139207362291082,0.7082044414413752,0.8059013654421325,0.3246193320362922,0.5527866487995359,0.8003648317662324,0.5432339775889369,0.6135791216111216,0.711091215439541,0.3341888619928296,0.4545304208656551,0.5583245093105899,0.34127381530575285,0.6464122147537577,0
0.16969757696649818,0.45047609761245416,0.6132459532582333,0.5840904135137039,0.9092747724526351,0.5200667281193442,0.5978083296386979,0.7771159305163832,0.6203502054827683,0.43949430495811737,0.18244644044844105,0.27566488861528426,0.3904684852495887,0.4061317730682237,0.36410625432343374,0.5521656102264519,0.19291022407135547,0.37944775811964837,0.36712647940589765,0.4642067782020369,1
0.1777719212645114,0.7640362197040832,0.7609162622752882,0.5388996761626668,0.6846772420860259,0.7556328135400345,0.727864209896963,0.15525652015878844,0.3434279999004441,0.6216094735208133,0.4165991476732261,0.5981001388092548,0.692512941492333,0.1836358192585097,0.4525823864802846,0.505861935021339,0.6813219111021158,0.719159845515223,0.6904812848061346,0.664265879062785,1
0.38168359200616586,0.709335487338001,0.7857689839502233,0.7430143425844032,0.3242053004902322,0.765991160288199,0.2375548230408035,0.5518781303369937,0.37303274821569865,0.8572958893799687,0.4172871046758761,0.5421971579632772,0.23903471874674476,0.7637062747131571,0.7322263562351807,0.5998632423914761,0.5395436590783272,0.344197174220756,0.8004970257072571,0.3830802990299579,0
0.38390967796556885,0.7116726860256304,0.6394548249491778,0.9275432816030651,0.7661951098818213,0.6341055510195094,0.657844241202555,0.19308732310063684,0.3337088590812697,0.6750979605416615,0.3036800224961771,0.5159520842843627,0.4595469788064937,0.27790238069482326,0.3431408254955245,0.5934618624201068,0.6240875835016046,0.5739022459784985,0.7099542534826975,0.5137987144896412,1
0.3478317149679291,0.8407465922110318,0.6144793331607457,0.6356869367647334,0.7930693727074732,0.616256723862007,0.6484020990153448,0.31055483043923976,0.34820412828537256,0.7107275810152864,0.4298769736244236,0.6005054516854579,0.3716049568529346,0.2993293726547497,0.2821481751846177,0.6910565562521994,0.45183221026406517,0.590629173356868,0.6751974414068795,0.631656450647007,1
0.2692301594636204,0.6718811138670201,0.20596664217492716,0.7916812016539874,0.7176868292440025,0.33675583652052066,0.6701204810368477,0.5530134155464338,0.40622961348441516,0.5819184483625307,0.4224082407013446,0.6343191871536624,0.5640558208747922,0.8382561962950457,0.37218787945807996,0.38318009841645984,0.3263061752143091,0.553170657467401,0.18492970160922972,0.6068111639296195,1
0.1784471504824195,0.1283989138602029,0.8054461908085415,0.27371228516086815,0.6453972682853741,0.7843655279223775,0.17655232830515455,0.1963961737339713,0.6146825191067493,0.3623450053071711,0.37125342666994277,0.5293612807228951,0.4101425372492291,0.4157249056054883,0.9119867225335403,0.593445916076387,0.5614483714392926,0.24365789161766555,0.8563047248138117,0.6855337380148971,1
0.5761621672830086,0.7981657844619641,0.67745157975307,0.25792675587446634,0.8176554120682689,0.8011230073254023,0.6599401211916243,0.10947134312039086,0.31448251766301366,0.6810239738155321,0.37896614829005104,0.6682029641616887,0.49847204129595263,0.24093895866831627,0.3192344817570602,0.5763911482832561,0.5867888385724997,0.7790082478256517,0.6912105295869206,0.7516068769458826,0
0.1124872901180059,0.4286510137554834,0.689304900694988,0.21040178055285075,0.2288659648686414,0.23845824151395412,0.7274452307831443,0.08565035396857784,0.4542320290357398,0.08231082472183998,0.6256917013321142,0.08730885703041186,0.4854587969810207,0.3254961022194228,0.7989021780153587,0.6060827921549323,0.42405142468660245,0.3209414608762803,0.43461186818979386,0.7810871365020667,0
0.24277232043837293,0.4107993161722333,0.7483619345668582,0.20162585946896688,0.6874825704654336,0.3272426367858289,0.6578017497541316,0.5242052967798082,0.6127948589660722,0.32345456571308484,0.419392662705062,0.7044846579275521,0.58355103522902,0.47960356997758485,0.7151358760173044,0.2925538478944802,0.6210148379409274,0.6637854327319535,0.29631873823775,0.8571190233295245,0
0.2393988383468717,0.831220847121537,0.638353819498646,0.6845330625889912,0.24792699935703227,0.7429950780569492,0.39702410244617553,0.5291739483088684,0.406274965565633,0.9151778608208765,0.43760509949688403,0.8102267835873418,0.6097583165947043,0.6780106478198642,0.6434045894447372,0.3924410580126938,0.6838512864235178,0.5487974164973988,0.5599975627214216,0.3249823243239903,0
0.4718730910510641,0.8309096732536823,0.302432790935226,0.6585436293732352,0.7472421800487976,0.4699957115692693,0.5434454964863441,0.6581532086834571,0.3473841590450292,0.6496537565444341,0.3285829666838845,0.5287661818646965,0.43393483668424004,0.8024624286096472,0.4365106213737626,0.4290456250154503,0.25208526394213504,0.6153982519609984,0.2711718222025159,0.7030809499727264,1
0.34090717066992515,0.3083897814431733,0.6099023109840249,0.4466319240020559,0.8207494964205998,0.49674060960596483,0.46296089538573465,0.1446420357104824,0.5023347626027878,0.3783621026791986,0.4604129616815081,0.5772462417020674,0.5250829592327552,0.33693277349676826,0.5128662473075511,0.38566583745133554,0.5107848140118393,0.41156751025402566,0.6161034300083904,0.8093095479029453,1
0.42529197351047354,0.822307360920146,0.36160185514976706,0.6299337662335177,0.5781010495397737,0.24571335509664988,0.4839631630417284,0.6616411039842551,0.40381852009121616,0.6993575166138636,0.48940203541378474,0.7314302312615159,0.6467752110635814,0.729521397106697,0.3520089133405605,0.4151644106511104,0.35693574157115104,0.5423427559298681,0.1678540245925469,0.6969756684924822,1
0.16951467687370958,0.21383567881328308,0.7505134560439402,0.2863646893354147,0.468544732369238,0.3336534697864715,0.39473718341747666,0.3506159549947956,0.7997265170008749,0.3883627555694328,0.39583926731578467,0.6977090695131349,0.6427993894282064,0.2509109374667624,0.6182049882717116,0.507599560055509,0.6611268226983935,0.22621383663743383,0.42850816213481563,0.3501544865750024,0
0.3438371380480141,0.454792098917039,0.5379377399116565,0.0359297616528193,0.7359863809247901,0.3020214239952132,0.7509115736698697,0.6681613536503734,0.771553806492228,0.3404399157492111,0.6311007613611077,0.8231695296107533,0.5141806557341563,0.6619091502453687,0.8296711770001073,0.38735610239684626,0.3900534804254245,0.585618901418425,0.4390221409234803,0.67058240973859,0
0.28665892236229285,0.1871219381152855,0.635849352697758,0.3346063436148283,0.4102526043509049,0.4530199849551087,0.68055215322681,0.25855117313870213,0.5726262576628447,0.18402613546588253,0.30717698112644837,0.36357804009334965,0.3874967042720922,0.3589254353801864,0.7619415000782391,0.3356727709408298,0.6577224189474269,0.5474072032108044,0.27212417734627353,0.660419406612549,0
0.3323439846770923,0.9744133064516334,0.18586993165012566,0.6363048812956014,0.7479621324619357,0.3146170735306605,0.5717996942448966,0.6519285880016578,0.3724917760683094,0.6438412978046757,0.5428548170065766,0.5990875736192321,0.4665472710627677,0.6198782787955629,0.3607296628667451,0.9260905753104312,0.0615624705724262,0.5199099635971505,0.35288871118436527,0.8102328201849653,1
0.24665756931459165,0.22859181829198183,0.6562368710862845,0.1983682925483154,0.16219287582269354,0.23351238255109052,0.6842008857374469,0.24417985591916408,0.5101768994360056,0.16630087802679405,0.7186375878921193,0.14507074907227213,0.41340963696728866,0.43545884117659345,0.5938818343803878,0.7665680321017089,0.36132885884971394,0.24248443606029677,0.3040096654550237,0.6536908212848059,0
0.11610695380747821,0.8284037067855863,0.7122117291285557,0.6237324591118305,0.55273840457111,0.4962487252039643,0.7488376441201217,0.29470924991512826,0.3554654063576834,0.5855733086205986,0.41174785993904256,0.45853309715689655,0.47534802874717613,0.10346038988602752,0.3801474448768687,0.3517419056497325,0.3976847396192274,0.5027192408677568,0.7369487953929819,0.722643276824032,1
0.2924743571635373,0.3645180682106418,0.5216996802096335,0.5390916714321013,0.7843571133916165,0.3816410238718094,0.6737285317513454,0.48472431235187113,0.7095536027159342,0.32591119201248053,0.4815248584462933,0.263118569456047,0.6479541443852679,0.3972924169779707,0.3438481067482765,0.4635894790797786,0.5390267753520648,0.4121435975046107,0.0,0.07651841096434392,1
0.3479970245033228,0.7704579135447132,0.6711547169591412,0.7528259600303638,0.8358799387575431,0.7912631279645409,0.6968830292995223,0.22795061088492802,0.17008998946037995,0.7827893838985003,0.7358863359727532,0.6240140434451418,0.26481375788890577,0.4824447471477328,0.18860974957816956,0.2997578076917412,0.5903908076037461,0.7609728469764393,0.630856823247665,0.763644925728982,1
0.4365746906347361,0.4443261677333481,0.5964803561058623,0.8389562737365422,0.5260170743876766,0.19478744036338513,0.6848253691630695,0.4552206644618339,0.5798634889595494,0.4262748388662034,0.341045823031646,0.1766638982867747,0.5354400276585958,0.12321288143164055,0.145878858179686,0.6750433281232371,0.49833908204548005,0.31541310205245626,0.12182645447619622,0.18999750750315908,1
0.7957788187989405,0.7462560975647208,0.6513826571716337,0.164505635784356,0.6508391428314445,0.570192025826296,0.649555195734953,0.04010672478948801,0.29034010018596385,0.6002005897736202,0.3784973412715224,0.6160709682864202,0.4686484035166899,0.2896045778736863,0.3428529493754702,0.628199407484804,0.5347466113635433,0.692299724077335,0.6644123827611941,0.8701431508889494,0
0.2615869236872572,0.736945917100773,0.2715063760691092,0.6611142789456479,0.6912026590346758,0.33444656648625315,0.7394395674138766,0.6778437708957405,0.38523454098819926,0.6487983231519845,0.41952152333381704,0.665981807215503,0.47895280097542514,0.7679517767416237,0.24779819144184578,0.47120826723143394,0.1585802261476917,0.5529195755879415,0.28205859798176736,0.7307379880704896,1
0.4287076782588224,0.18345021470503753,0.673957664511487,0.14308063346688227,0.7357868691083453,0.30344071980709353,0.6901318674713766,0.7012584889104687,0.7457191682054259,0.1767389152336724,0.3667634107164061,0.5564048983412162,0.5173332802025234,0.7510012746414239,0.9106512786936971,0.5680308484288863,0.5319381871993418,0.612700342841884,0.2221914992227108,0.7093901483686652,0
0.3724688538487837,0.655804518611879,0.6241547267448165,0.7968540581600023,0.18285694786877288,0.7844794639248367,0.3941562106889191,0.6893577425311623,0.4372421136167029,0.8938760469801026,0.3888934107167178,0.6555256087513577,0.6053256408533281,0.6205322584044598,0.602418236855886,0.36591216252729764,0.5756053380190979,0.4978932218275847,0.5503000781606737,0.2892249471829198,0
0.32676149100366303,0.5820338251083172,0.785262038861896,0.6481259460503432,0.31946942583426147,0.796840499028596,0.21698161860414328,0.8416184693800101,0.5558910726736411,0.8944482781058662,0.3494384721888213,0.5929167422685608,0.5558535940223059,0.7089322670601137,0.6357248968217022,0.6511894904101992,0.4308947910359311,0.2712374808319619,0.6920060133673487,0.18284383476285604,0
0.6026366723825347,0.7937383669240553,0.25672421919171207,0.6716462642077631,0.500701042957728,0.2948655571449652,0.6594547749029893,0.17296200348364105,0.2054261934539503,0.5219096165215783,0.42619425176119896,0.31246013102333253,0.4116324416173084,0.7757649148837903,0.411958589397446,0.3845571528038478,0.24773109238556099,0.429206619717823,0.4438274739512856,0.7143227817959281,1
0.6908543542660526,0.7409112770769783,0.657553760346016,0.5552940533707073,0.6450247821862682,0.664315833876983,0.8995985149235409,0.13719224890887544,0.25789731286986384,0.6847533633127573,0.6193425951800828,0.5771349740339066,0.771405822797407,0.2303560101243441,0.2769503227850133,0.6484249108364789,0.5136179500205494,0.7419430579974039,0.850292706677835,0.7507577633982775,0
0.17176221290034527,0.7322855514132792,0.3589812067735594,0.6196624194600509,0.8250147861785688,0.10793157688340488,0.8576872354304814,0.5397261608791424,0.49947362676164053,0.5066963556775329,0.3516147320702243,0.6999877871044364,0.6059674661333039,0.7076458786565435,0.3130688725715097,0.19231289261853673,0.28183715109787194,0.5008821669311453,0.30204213302715555,0.6358233995222382,1
0.7102805407993669,0.8356665726361292,0.2670346196268124,0.7962802474123815,0.26980240252772525,0.33627680078945943,0.6066111544557999,0.28556762754051107,0.0828832659195875,0.6012240975600995,0.6793073298793745,0.18898197070265232,0.44979570567588856,0.6606116059133431,0.30450786057774537,0.3014086997513612,0.24021527692251307,0.5059969751848921,0.29004978892835953,0.8151163766350522,1
0.2948383594722418,0.7394517182957605,0.7599371701122326,0.599484167381561,0.7976878897778625,0.5997171873052971,0.6480445031194879,0.23339269827068582,0.32625921728903806,0.6444727942914985,0.4322319955479695,0.44960712040718004,0.520570821481437,0.3200197207658647,0.25072641572267745,0.6324392264097449,0.43673879914212366,0.47598805338803374,0.7407277229634395,0.6258654418159014,1
0.3839143399643134,0.2344810292703377,0.6328841447434432,0.16690328895286427,0.5074533248373175,0.46377009022010773,0.5946720598664682,0.17822969897162028,0.5636799556711976,0.13055621777295845,0.5012272161713074,0.23643113914478867,0.34028821166523704,0.357601060961882,0.787530530768312,0.5493824486510732,0.5197200985451528,0.448149091740234,0.3829471876247134,0.7014091564896534,0
0.21139227063924243,0.3607405571111433,0.7306863856702555,0.04950770533846788,0.8136097080789683,0.7453424666542414,0.25729499556317065,0.01025589361694107,0.5773623978494198,0.3828781901448275,0.6953801235312063,0.7198258997197394,0.4638226324850829,0.16399894774769247,0.699003658684476,0.43590611966133214,0.6729004394163522,0.4751105808374635,0.6676658586973437,0.815682184490018,1
0.2217576535624171,0.30293654779918155,0.8099332199585725,0.2571839928295746,0.20639490022936308,0.12092944048537041,0.6590867949266324,0.21667569448617713,0.542494393456172,0.14134028591180037,0.3175503454417907,0.1472073252667765,0.5995008399288049,0.23745786919266498,0.5882693688477337,0.3208167480624894,0.5503991343178039,0.2876641169005909,0.2163331719571317,0.628738673392288,0
0.7026135883537387,0.8684133319780112,0.5672487884022458,0.39033338708732795,0.692333548725923,0.732814892877828,0.8283911294292239,0.40771996316958936,0.45059450358545833,0.6517602632413162,0.4967655663201571,0.5682192927319092,0.6098573038501923,0.19749712669604153,0.4739881173142837,0.3204301315699911,0.5516395057033374,0.8635563313772996,0.5652111064967071,0.5010376567004816,0
0.0957304307920625,0.2093651137051733,0.6460317047283657,0.34314819809613395,0.49408926746916015,0.42148259801389343,0.2910494932195439,0.3340094038180026,0.7868978941719347,0.34387096272028156,0.5054726269366415,0.5644828899397492,0.5295947465587518,0.25748003601521846,0.6397471975028617,0.396610026338398,0.6543623062217536,0.21553416359484337,0.2730472242906816,0.28640358808125255,0
0.28195520983333394,0.27084870714710446,0.7238878233961787,0.1612805652546308,0.6820141805933273,0.44347162061337375,0.801893929776867,0.5571314593031584,0.5591076291398678,0.2644962122575404,0.4747659126479392,0.5280615196956407,0.486757161927263,0.7165719410565558,0.6903189654367328,0.4527417126588129,0.5680706540628669,0.7196230161076236,0.19757407948345135,0.8026624837709029,0
0.5278266563795218,0.3753653160906927,0.579159415922626,0.5201185612335504,0.7158441845876777,0.8052877006016631,0.4136223795264298,0.4599345292645354,0.4603510357991273,0.543958033238325,0.586208603270461,0.6279530105559641,0.6147852170880762,0.29150101827277763,0.5990078342312453,0.47134592833796674,0.5532007989457787,0.7044733511958844,0.5309457895347912,0.869015718091444,1
0.23379987815621317,0.2489209066219497,0.6568595850592778,0.261870415761873,0.3094257481711663,0.3177412854443243,0.2429243725703317,0.3206734111858044,0.8255501721625274,0.34826205687341083,0.4179452819785173,0.5613803294902074,0.46914889800383414,0.2516111478178438,0.753805797071224,0.3674275028158854,0.6201020663201147,0.10700463834560553,0.3812464258445151,0.23492679693636848,0
0.7708422821795582,0.7862574252681618,0.5523285457449376,0.2559514687385304,0.774115065580457,0.7323685248169678,0.6746134633227974,0.47206125617386363,0.4453732894080687,0.6551965400636093,0.16108183278235416,0.5535568063802961,0.684711181125016,0.3556579001605724,0.4482018280575165,0.4905609813496574,0.3470533054468299,0.7200393743700426,0.6539460590441993,0.6266189089754534,0
0.2572480640250544,0.46341641667633054,0.6533504265806888,0.2971629857765824,0.5894062547322989,0.34789470610304934,0.7367902267005874,0.5717302706095346,0.6065184992557087,0.3188899393109556,0.42522514142110157,0.6355078970551888,0.4361657410858127,0.655615751567063,0.8720253293405076,0.6637618646909367,0.6075275218308911,0.6822129680335178,0.2992364586826134,0.7280358732773482,0
0.238719713526365,0.34773928455818276,0.7307967148848207,0.2906979050015297,0.7626502909750386,0.2562210834746834,0.739620368535842,0.5330644711030588,0.6165640158260216,0.240434002086579,0.45134966120987063,0.5872283369810336,0.8173270946673858,0.7786750161501176,0.8252941674663139,0.741384422485774,0.5966662295552556,0.6025505672738583,0.30492746031374696,0.7565435870484207,0
0.36860753435850613,0.733342299235785,0.7229488371428568,0.6874481080279133,0.3388488257018266,0.7335085375291505,0.2132496292633761,0.6439799599079881,0.4071327134229985,0.8567328074779437,0.36420770700328237,0.6007714085942346,0.49859401994028296,0.7688776451961932,0.7084013492661521,0.41199642027451744,0.5400774200379167,0.4018194350093179,0.6278848384378236,0.3961969166545438,0
0.456445710282518,0.3573070893895325,0.719972849184456,0.4675422211959242,0.5530501974259957,0.2567517387819332,0.45876423417754286,0.7335188366194205,0.6959786905141729,0.41830085511383763,0.49123825243414454,0.6204269816135526,0.5561162470598682,0.5888997221417794,0.8121282928734868,0.6163358987675913,0.5250549859007233,0.4216171568619406,0.41536286020224666,0.6073885602285902,0
0.24132883386187792,0.6971024955359177,0.6670784172463702,0.6235765234984638,0.33009780235691455,0.9939509639199497,0.2660069131277676,0.7321245463523516,0.3655765309758397,0.9541708443880679,0.5237518354769009,0.6256934887052199,0.558162052094028,0.7914597597725976,0.5513135236827547,0.6190022690892328,0.45868074072628584,0.4908514207142408,0.5664573591381825,0.3732516091766398,0
0.9629466321187342,0.8345651481524481,0.43747557680495536,0.7019655350359355,0.4024504779167009,0.36278064493200196,0.6044462994588771,0.31656086213779216,0.058191078874289814,0.7075812574761959,0.18053583389644712,0.06490918952060143,0.5194428702190895,0.7943586898301147,0.052161160581190635,0.4841440556915424,0.1757690475660792,0.40781176077019177,0.3481729570669951,0.6164555239800249,1
0.8671613580303408,0.7493800050469128,0.3357108112792547,0.6624200484897003,0.3815866148790503,0.46888815585082594,0.6794360205198727,0.22074061839467476,0.1250352010201416,0.7011772081542283,0.31156636846140073,0.2716735610333671,0.1409768886928604,0.7585713149720755,0.18544548115075438,0.6196223668959759,0.1954832977982788,0.4366570907125942,0.5464337537445925,0.6315368170676791,1
0.3836810354552176,0.37299521155108994,0.6729836329581902,0.2354446188175715,0.2879013332823094,0.32343476661460147,0.39211750812235846,0.039205697141977414,0.5882889196069653,0.44121783268697523,0.2007816687672748,0.758153394453762,0.4710092757008635,0.455572602024121,0.6178116401644013,0.7649490877717922,0.9637348091998926,0.4470776811747224,0.16401136045657488,0.3991472449443942,0
0.24933249436641092,0.2801806080180148,0.7138215681276713,0.29771558417117916,0.4022485190418861,0.32985422968061656,0.33979427392653205,0.2532819699592286,0.7672934981091499,0.3685129210389345,0.47158338989373977,0.6181306874455277,0.32415397827971604,0.30591808785823293,0.6987098288685142,0.5427923717293036,0.7597891063065856,0.24343241916835906,0.329864448159833,0.26079613392386086,0
0.38446811162264616,0.6857299729191422,0.6498717205798519,0.6369182780064121,0.7561986008377757,0.8629527539787027,0.767867195696226,0.2118950782243756,0.2950395337533288,0.7369407129133889,0.4128984953263199,0.8508469003814174,0.3756005137885685,0.33883175644626257,0.39167176729767594,0.4910415801824584,0.8292501199458115,0.969823371843304,0.5716493651111989,0.7481440573013171,1
0.2150023912551241,0.8660194061008326,0.7020684195297051,0.6743300158134284,0.10289812628523709,0.5431705633821535,0.36056138927142434,0.5488134628463117,0.5387617087321174,0.8288981235863715,0.5621396989209755,0.7015967080179822,0.6914471574134426,0.49739237756169863,0.7960337889412016,0.38408871300570413,0.603969526948037,0.32047715426426826,0.7137196920731613,0.19475758010837324,0
0.3449494558686929,0.2664941551211133,0.6308461720531264,0.2824968184072868,0.40510694788888113,0.3452443341830117,0.4835519292408631,0.2742130033148002,0.7298796130982627,0.45168241504483914,0.4651921711082865,0.6900901371618695,0.5593009411706888,0.4997877533843104,0.5587434460173684,0.5132383763487844,0.6784222068930363,0.26629497310240285,0.3522796984164747,0.20106949934117369,0
0.20267577688033506,0.30840802930406014,0.6881551229497214,0.6904570350604948,0.6386557201348863,0.22776553336247685,0.6540802570326064,0.6823790666259498,0.72615613329382,0.3646624391961171,0.4487079200631622,0.22952361173607896,0.7125967413391869,0.1456048612635618,0.283992786793831,0.722182033690896,0.28206105685794475,0.18101924936251723,0.3432794002898828,0.2869472183075161,1
0.30708926732131886,0.8588294870061357,0.6178979029490204,0.6419832765442016,0.7085077650045029,0.7850972946851972,0.7637327933077771,0.2718206027009422,0.24394602640758645,0.7872630831329869,0.2617647432902124,0.8102846679058342,0.5740820920430527,0.317902103794601,0.29510548168575557,0.49852371537769263,0.7086087420361864,0.9298524901985166,0.5251364886002484,0.7804393783942711,1
0.2584679030483291,0.3864536600446015,0.46355411861278206,0.3426707414813725,0.8364336645421078,0.5996841599850916,0.4472447077111807,0.1735184130710462,0.5792557000026046,0.3315417526018354,0.5864593325178734,0.579642068001007,0.5331300029249616,0.13972243772115633,0.5605918373469237,0.31116696606794747,0.5232862485648855,0.5243488913460238,0.4323028819462687,0.7480225451770695,1
0.8753970805015016,0.8945262484603237,0.6409400307091679,0.23702762108519487,0.6415916959048986,0.6317553269064841,0.5780453740807471,0.34401306164100154,0.42643660892958635,0.6791776577151991,0.5827438778161672,0.5674080470629145,0.7024631759184236,0.19317480783485091,0.41318242573543895,0.5714146041145665,0.5915979683451618,0.7688346799065927,0.4662796781068242,0.5552400440554525,0
0.7566247675128549,0.7019947420294107,0.28692220298863363,0.8407520553805137,0.24551519931246563,0.28978722312995825,0.6413967399575105,0.24716526200043526,0.09931858683027223,0.5717505188464955,0.4589881389411731,0.2699380977521731,0.5703855869529394,0.7603736983108123,0.36568914654975915,0.3908099922330439,0.3456876845418283,0.5244953809648952,0.2961819616527555,0.8283040824615223,1
0.2461785369873748,0.8822671550089516,0.584213438321879,0.7789867625306459,0.6845746633433188,0.6123034527151479,0.6408894012778414,0.3474533857026871,0.26607479581682736,0.7891700775239239,0.48244300204643287,0.5650156301448279,0.44039681445852874,0.30569841737686776,0.1849174612358518,0.5657024574926873,0.3179614278274077,0.4985358427075851,0.759486368374442,0.685007064915403,1
0.3023856871993361,0.2996784511946564,0.677327702874029,0.7030127868655498,0.8157191606439753,0.35604250091883183,0.6605197656168379,0.42973050186618283,0.5685557886310618,0.4089611667765626,0.566501370844811,0.3078036666512326,0.659164397004445,0.3796773502007761,0.20939839996266119,0.5672772368915212,0.4671464799180725,0.3351290482031568,0.3061724339693843,0.3646947703246179,1
0.20801850887862844,0.37097555873774357,0.6087242325271266,0.6586903051217665,0.8598617656105333,0.41342043583715904,0.6964433055446692,0.5982602165425055,0.6660038442907198,0.4215709675992423,0.5721384850713748,0.3245742365053725,0.6951263403447867,0.2652781529392382,0.22655853015521882,0.3178847748562089,0.3491817979643211,0.35106035778793326,0.30676338887968013,0.2872954760823247,1
0.7090392453213661,0.7067526037440346,0.8429369173390349,0.3452518241958993,0.6748190559590874,0.7062585792524391,0.6387492071329915,0.23243870002925784,0.3282340830901745,0.7267425663676852,0.42609689155628305,0.5535963040984816,0.3798910657610254,0.2059815848180968,0.1746235432506677,0.5686771649180087,0.6398411156553895,0.7018144004486437,0.5809012175869117,0.6089748535270073,0
0.2698603164016655,0.31066634159857853,0.6847528393991464,0.3117008877599191,0.5582433139400813,0.8070816292536513,0.23045982253940195,0.2965102442860501,0.5325370490199756,0.48822028187644456,0.5452917130367729,0.5429704178085913,0.4411312404487715,0.377861399202182,0.7512632144634143,0.7117827928855691,0.47703323077840065,0.3494184807318967,0.7391616640914511,0.6989962641707275,1
0.6136316362325184,0.932014864190288,0.32444507354248003,0.6805527136485809,0.43727619691725705,0.09507233884694782,0.829609668535332,0.2524953835058539,0.20523280447378695,0.4400277741699148,0.5236482979423581,0.15411280767189695,0.404320219287469,0.7044671363604217,0.3683909372598555,0.6455614587815119,0.33509435600598003,0.5389675479679595,0.15060889250618248,0.6383929494758089,1
0.8816560136655704,0.7846161823859443,0.6720886968692197,0.20795892827847506,0.5196769591132773,0.653859391389561,0.7338236457449016,0.08655526308397404,0.12752563822066987,0.7991020392993731,0.2977736140015005,0.5946796534903773,0.18239470193828128,0.4138794779029895,0.059558792293132656,0.4073412499278434,0.3401319481586621,0.637049862143592,0.8177536539079429,0.9066220680946833,0
0.24958521840644254,0.2315144911328756,0.5676468693480572,0.3904220269881875,0.35396538434845826,0.323684670136387,0.1943389281286214,0.3824512937835191,0.7966711978443095,0.37911831735655466,0.5982896528495717,0.5347180876935421,0.5021790234624008,0.27904053283695873,0.6904176953445508,0.4517545557355527,0.5019528696536846,0.05621189561546641,0.40468085688312194,0.28192668010813166,0
0.8514563368932333,0.7533153108687096,0.4165862255251015,0.6423245890615346,0.443950647692116,0.49658693746940274,0.5605852188959191,0.24096373184018202,0.12184504843871297,0.7790760617659521,0.4969341186803238,0.35470083090569265,0.7331932491241517,0.9400211823176685,0.19235039441965174,0.6699905937865629,0.2487434556662433,0.3902439591244122,0.5699700382753244,0.5807475292067077,1
0.3371709990764532,0.29742657650857596,0.5257589743696393,0.2350068521504327,0.7258693695868548,0.35464145871946984,0.4738210424174889,0.8663125472219672,0.8281208335966681,0.46284107047059314,0.4182199290597565,0.8231555814588636,0.36317410732230315,0.5121930399016503,0.5995188042095869,0.4262879477791067,0.30278914451420197,0.4119623128987793,0.35188938947355897,0.5866605967177116,0
0.2594683413611254,0.40811614172539257,0.7909288561230011,0.23786173552418383,0.3997709667600597,0.27243317643383047,0.31182214197646785,0.11569515994386786,0.7113114053328764,0.4132082332477197,0.3278545047357351,0.7064341848987271,0.681196297094803,0.2656301010249874,0.6070562899213107,0.664209073337558,0.9764258029235522,0.347157455575233,0.15621106153657743,0.25468527302725164,0
0.3506469535064414,0.805237053007251,0.4332286891891855,0.5191848738119871,0.6317759091377543,0.15109179211711393,0.812965944400682,0.5917484656670767,0.46752080588439343,0.6108861009415896,0.2524668208801712,0.7561870188192938,0.48621751893672427,0.7300909799045188,0.34124476355022554,0.532646509344142,0.3812499934802557,0.5871773399841306,0.25217226451336894,0.608920808526578,1
0.20487447283292642,0.7461997375240798,0.6249197175260599,0.6345287316750339,0.35714162595146437,0.7952118071988035,0.5438596660174889,0.5423543537607115,0.38039060097723687,0.9197026792779912,0.393249867438908,0.8778384057716169,0.5549765914801802,0.8617273271241517,0.5822495673044901,0.6899158403211628,0.61750643304902,0.5965794615915477,0.6261632276394862,0.38660040371418836,0
0.23582488732435092,0.3227906583390878,0.5510477353958295,0.23952090236970078,0.7910928903619299,0.37044142969238064,0.758033909984453,0.5999135628980956,0.6201492719605155,0.2709100772916797,0.5304888050318716,0.5748463629762341,0.7047883212416659,0.9049488940154471,0.7554153792431882,0.30482903854127186,0.4394350854807393,0.5954912609702986,0.24839325792172592,0.6885187866997851,0
0.07374753831347763,0.16331553962011097,0.5708257040155936,0.23724601597308806,0.10995107050358616,0.22291567854417937,0.8699414307716425,0.16429731265840847,0.5703388641530722,0.012946131496351376,0.36006388188162125,0.16096502368808802,0.48722285788773545,0.2444697963179437,0.7294464976693016,0.6364215496084178,0.4600791978188453,0.36727799794809873,0.2416156864960554,0.6909281840287298,0
0.3660872685813156,0.7708332576368416,0.2978637856687286,0.6389223835549851,0.7732326104570387,0.39490107113779527,0.6522958373657608,0.6309008457361837,0.3640330540145421,0.6371877168919324,0.3955720715124369,0.5660168443525841,0.4664843549228298,0.8341310164950663,0.2880188964657167,0.5859372316434838,0.22398058359658873,0.5716141319440958,0.2242995833953067,0.6582836368879336,1
0.32687755421091236,0.4157630987510257,0.8312810508599746,0.2637674426401495,0.580832828371646,0.32889689466476746,0.71315189382713,0.703639452977605,0.6549588197083869,0.35372585842207166,0.28732470672421995,0.6450989278276862,0.5317062287573803,0.5523420444119668,0.8358465580330976,0.312956373935445,0.6201289221041602,0.6669371359818109,0.3552141279867555,0.7373679062340754,0
0.30553181401812635,0.23912419949961194,0.7057642326629123,0.20780167399133798,0.35973705776962517,0.4918047811789175,0.32095032405526047,0.27332168727392214,0.6547051408374589,0.505241465110011,0.382939250244954,0.7389917281436105,0.5618091985312106,0.5291229617418161,0.5975140570908166,0.4703570873433005,0.7192342128035953,0.3095968005613646,0.36364443422808934,0.37519886515160106,0
0.2077488575814524,0.291872412242006,0.6468521658697944,0.6917521929226499,0.7271781536630131,0.4803027128751682,0.6559707770143222,0.6799557040969942,0.6494534245306647,0.40313134439924186,0.6280297615962234,0.2579373490974746,0.4843730857261497,0.21696089330103435,0.30144629514883126,0.6363883603175581,0.36669330568846453,0.38731192743692483,0.26795036955361695,0.35985650339789765,1
0.4878180319439033,0.34607854212860234,0.6702636645393498,0.3934228875876027,0.8614142018629148,0.7901014960584666,0.4058294017736706,0.3223338654140072,0.47227403531051454,0.5104028929682225,0.463669468979186,0.7088540971943882,0.20664434072239546,0.23314425098006503,0.5831079605021389,0.5187907134480879,0.5556120673513195,0.6620160986034532,0.7025578965571511,0.9796178752318314,1
0.2800795429094805,0.31322005217285365,0.6480768413394807,0.24098094462444836,0.6205376715715012,0.7961037393225776,0.14497447108331313,0.2283113401024797,0.5300178380086656,0.49859108104958816,0.44554028047714866,0.5600065683273593,0.6150275401120803,0.42064776704736456,0.6860291004309848,0.5909096086888881,0.4347526206868587,0.27416683539106346,0.7342814693666242,0.68799662060174,1
0.2973395409843089,0.8170124155588034,0.311465936928743,0.6416845038096944,0.863686298588395,0.2017924064178398,0.6474840525415329,0.5840685777999617,0.4123178609974709,0.6090847366148225,0.4867517460416704,0.6787846265362381,0.42187995942800105,0.7536605546755116,0.25519816943344653,0.5271283626309774,0.21885177210153411,0.5010601976030357,0.2706135326837197,0.7226766097265929,1
0.22617322625834058,0.49557470946695753,0.6046232374235083,0.29645833498243507,0.9537013431695376,0.6686200247126952,0.35214669785913644,0.30442132116175047,0.6226614999849427,0.4272950673350511,0.4011190018556532,0.6781910851850567,0.6605116409663054,0.164578757040531,0.67493226231122,0.5665178775035623,0.466168826902885,0.482575682739663,0.6968097835868565,0.7716511290993291,1
0.19018067366929503,0.3771305952793375,0.6039561973841471,0.6536980937377522,0.7573282167751948,0.28925826361869955,0.6756408487791002,0.6387855319645869,0.7298281046703048,0.38527552730604053,0.49841470782252634,0.3130659993391211,0.5421460374143429,0.18712155429366384,0.28601762711143586,0.35158263669635953,0.30043880030542824,0.25441128890099973,0.33119321178505334,0.26404517659967064,1
0.2989616355092976,0.291899824996255,0.6368424379779307,0.26365179961079777,0.1878714863508073,0.30320407902360763,0.21042478719021085,0.3687270085404139,0.7747658762600453,0.4250837683357943,0.4047360112944397,0.6458651271959368,0.39763744894411035,0.28763539331525273,0.7126622301146213,0.6186171432389233,0.6679727444140842,0.1802684636016259,0.27171410909989546,0.29506248922040135,0
0.6803505921313238,0.8078502908440018,0.26981647364191463,0.6943040206278797,0.31179181072185413,0.17178447003740238,0.6152738900498849,0.2562110799470211,0.1909506355458812,0.43324190764491544,0.4042452363595477,0.10563100825562416,0.6048397831083275,0.7165046704209774,0.4372105090291054,0.5103325272450308,0.33204808320233076,0.47701470854842376,0.09089950347443226,0.6878535522009752,1
0.13247549166838918,0.3100404354286918,0.6356622495604498,0.5926174448521778,0.7702816332148901,0.27436170608943566,0.7565642960687498,0.7074320416869058,0.7699766708883125,0.24351507723077148,0.5026162802490399,0.10351712776657462,0.5466839144046616,0.24326884936528603,0.3994797867542614,0.5705537900373343,0.2064940170833775,0.21309012707395833,0.31686901617132296,0.236449660623337,1
0.18209730359989218,0.4832420827771509,0.5179719489146132,0.6303136593206486,0.7466188978572029,0.28549367475960413,0.7150673011758683,0.6441561384056098,0.7269252330603765,0.3401167325783019,0.35694088059249873,0.19724992211738945,0.5560555463845183,0.26373123742687427,0.34391981397003835,0.7851078204555437,0.30428906213781337,0.2991571675131034,0.1724754514882792,0.1460453472325966,1
0.20457855691798899,0.7749070266128517,0.6523706161106094,0.5158813158042402,0.26699425650385733,0.6056564512979389,0.2947801330245712,0.6229748813076464,0.5095828251445974,0.7947134111508435,0.5827475621904451,0.5664646565614172,0.5369558948167024,0.778068238086605,0.7027137718590286,0.4612551389872151,0.36086475631927184,0.20724400612932925,0.6782188494503928,0.23383637236121518,0
0.7325335466580072,0.7309962146857408,0.6494607077023931,0.16834592858185188,0.7531345908356026,0.7452246109189011,0.7153014455879315,0.1817921003917046,0.3561332052168872,0.6514075667620405,0.4430652433946026,0.6527188756846412,0.6911631997472415,0.3983324901957207,0.3873394592568367,0.40578447323851474,0.5394980384627803,0.7641746234721747,0.6791443572217969,0.6989741314447577,0
0.32036617334218903,0.8245183909490428,0.5860680624674107,0.5816641427361805,0.8208820383734381,0.5671561972651445,0.5263983138968681,0.3809626224171685,0.37851615043841613,0.7394126696259025,0.2694163438383346,0.661537087865335,0.622607845132186,0.3316526978143171,0.20559220858543498,0.4870281880305446,0.3949923727163105,0.5218535507116446,0.5851773521391894,0.648950297805305,1
0.230407656090863,0.7028866179626201,0.7604293900907523,0.613766050375224,0.4462848580264839,0.8091239494552144,0.3210952217550324,0.6383540985104428,0.4857012162682781,0.9292107229110486,0.5088167550810726,0.751935550064626,0.5275244323462759,0.8568074649461184,0.6383121231255564,0.8731295410748484,0.5144521039596912,0.3459356568792443,0.7926120011332006,0.21828630435392782,0
0.3762238876430193,0.3645989176344677,0.6741220910443017,0.3052166913147164,0.834859782720633,0.7219867782366454,0.3335533355960321,0.1465802232189311,0.5167155738900271,0.3805830214972295,0.20574956685567636,0.5615527057594768,0.6625435817846096,0.16714889994743798,0.6829422772676232,0.4943649996793768,0.5767093454559451,0.5212959351480334,0.6808873150794936,0.8708602692695078,1
0.35514454526630346,0.3256340527004382,0.7288708814347344,0.419482712436368,0.4893478577804507,0.2007875327246827,0.2588180862010705,0.11989766493529369,0.7162239436603797,0.32424010886531346,0.6438707387194531,0.5405632193128956,0.7346788789817653,0.3365178056242478,0.7191634018088802,0.364876642587897,0.8315165024718032,0.19426640561621594,0.3250061955303394,0.2877715054961696,0
0.4678621525151993,0.39328361661957734,0.6216405180581587,0.4016297919539115,0.762216199053197,0.726574602519962,0.42862812044465487,0.3125835064326702,0.512179029077673,0.5577444864739618,0.45667033004513036,0.7658733488623058,0.4533333431164074,0.4432597935681153,0.6111027875018367,0.534561850374261,0.6423505394076936,0.619171931909235,0.5931189489195641,0.7167569649880102,1
0.2567616411285024,0.2695210746161581,0.6320666072893859,0.6873904946117962,0.6527840995541401,0.21601015250632,0.6997333352582402,0.6118474567219141,0.6615787456768402,0.30293981163712375,0.6040368792275144,0.1318807945228032,0.30457956331879665,0.2975157718477779,0.2671050456122538,0.5000485500064887,0.31114251159576223,0.2296406832057096,0.19629945873273347,0.296842853050839,1
0.3806150590182077,0.7879092585343634,0.35186301589371755,0.5958613015150628,0.7449654893077554,0.4038031236099783,0.649709602765307,0.666162790289446,0.3758937334522904,0.6827967592027883,0.5983297654548063,0.6316677111902701,0.5299391503159412,0.7990529428715596,0.2758926068959005,0.5258140447402592,0.23479519809639288,0.5832959120215319,0.2698606265106468,0.670105581881137,1
0.39016542648144903,0.7620219536865285,0.6342880929602412,0.811928357944835,0.3600855837321095,0.7391463208943452,0.12065061908662378,0.7122758259252124,0.4560899720931103,0.8379214251055735,0.37154981871051745,0.5541398630874996,0.4080457055386242,0.6199196029195495,0.7977522243611157,0.44340601534801927,0.4648359018713005,0.3571428351231944,0.6877290767016221,0.40187357163812976,0
0.29531439180105495,0.17487809141117783,0.5380470917344289,0.27223477021362696,0.2761114818584157,0.15604358354152853,0.6623061433520969,0.2350492448062424,0.5784088413691151,0.11010287941913982,0.32091792175949974,0.16779756076900587,0.5865549583725366,0.2953394714053097,0.5549113046443743,0.41312218306373866,0.30713084411902364,0.20450894142907503,0.29557772428203344,0.6734942233562264,0
0.31637430519256826,0.807581789202564,0.5461695080835386,0.6675143673221178,0.39501213596850104,0.9499727301051835,0.3129892420934163,0.5914919170057951,0.296242602101834,1.0,0.25812001019831554,0.695319375600621,0.3197511184120306,0.8988442229861631,0.4813203286943228,0.64954634387467,0.47059299108962177,0.5198186042913429,0.5711307793018812,0.36110059779021075,0
0.2247026992672883,0.44089449058802765,0.5272152530270672,0.5992309999463159,0.6653860383132956,0.23891583810179906,0.6332510440759254,0.7039357775849824,0.702467619308297,0.3031691076508484,0.32840353478508666,0.038771281019365,0.546807866825422,0.3009915709985579,0.32974618796197985,0.45397260638911674,0.17640448170124864,0.1882039528056788,0.13837991043887665,0.1899610064133812,1
0.34976703784436075,0.35964100316404946,0.5783561099517456,0.38867956430997674,0.34296316668189664,0.1947216369789404,0.6935767795739687,0.34182652658864676,0.5771337139985167,0.1620772710132275,0.5224243056715451,0.3650452836664197,0.6328168852813206,0.09865438396935766,0.6686956473227209,0.413866985890915,0.6322031578706544,0.5959372666146248,0.08141960188636155,0.7831617691436679,0
0.26067630967754996,0.6490293489528431,0.7259491877151858,0.672086438261776,0.7392070500285101,0.7627148585040406,0.5994177611664244,0.25789725242929173,0.2955674943005633,0.661267876894136,0.3207422522766697,0.5056824461387025,0.30451092668892504,0.3445940449364345,0.3499625359252821,0.6949431521299786,0.5328291706602393,0.5926679639890898,0.6979462373080056,0.7023268877566919,1
0.42349989691051193,0.47529142497766563,0.7948521760937868,0.30643293654646636,0.3755313337049911,0.27820178647010907,0.5907492545746122,0.24463626888208861,0.49559019618890643,0.2143740719986948,0.37011453599135863,0.2527475366119466,0.6252852098092023,0.19618737430720418,0.7308387913950304,0.4265373839280842,0.7072686312993792,0.5582168071900876,0.22461015738455453,0.7399086123665273,0
0.25578558594071366,0.21243595842493962,0.5664476491146977,0.2782561550690048,0.25492139156082994,0.28928491869242123,0.17690995293147682,0.2308057437834471,0.7971019467561379,0.2516620813481713,0.4180907950206529,0.5438194299186234,0.5059821891279641,0.24173360898016782,0.877522765746017,0.7210031340909782,0.7227520307837838,0.1835970963655442,0.22543730435452125,0.3523728743426171,0
0.17123491363821342,0.1334861780684914,0.663166891078012,0.31260996551517284,0.8524076490080363,0.7267019384928908,0.333931172080456,0.3238188672393284,0.7166706327971782,0.35059444378263493,0.2979400708806348,0.7237340698073402,0.5946073816093018,0.333421467703692,0.8205687379710336,0.5657273922652051,0.5880475764276553,0.4244422783528894,0.6893409465770763,0.6853069314983218,1
0.8294606232672894,0.7126690157735178,0.3399099377915844,0.591291505968765,0.37937857154053833,0.3541521274750665,0.681216241125469,0.2520214974327952,0.10187122141824967,0.6086039477163695,0.44262848583355346,0.22411815830718226,0.40198424406276856,0.8978403725622406,0.18031553149083823,0.48129703743275254,0.26645235194971106,0.5054633271441604,0.24168286424263621,0.7048634709583892,1
0.24572813424965367,0.2624163622385706,0.8858417621941486,0.2975613047937087,0.24910142491307535,0.2885883078470717,0.6219318933947324,0.4721302220339341,0.557870243617513,0.16128250379227188,0.4693940699800815,0.15058903374522525,0.4280356713090854,0.24580772956110614,0.6901602749994247,0.585540068903767,0.6723825301934245,0.517530251429229,0.03152905089256347,0.6835385262851492,0
0.29912575145757386,0.2478231282419413,0.6561261281089975,0.3584065221719547,0.2634793483705469,0.22564816440451063,0.6908070744753634,0.23692886169112912,0.5224476089070912,0.1917192958857175,0.42906238552891046,0.2607564930243987,0.6093863463305672,0.3006537886518448,0.604804331624125,0.48506514693296315,0.48508050283281684,0.34996153347815784,0.32933692837518996,0.7064903818370747,0
0.7978240340834897,0.69741524923711,0.3243050048269367,0.8978266642261641,0.09978749638548973,0.42744611479446853,0.7233317301158333,0.330998228356589,0.0,0.7674319736031218,0.6993971508456986,0.4564397842734682,0.790512790556281,0.7622691530554916,0.21643691031128287,0.7314020403618519,0.36303952332619177,0.6563481802949592,0.3760092395302786,0.9379008238136259,1
0.33481057973693373,0.6467558039759369,0.7556183197787019,0.7299441417065525,0.1975420402936811,0.5938427177668777,0.22250828555206942,0.7622192493491675,0.5754755098795388,0.8198847008254637,0.5164029828848447,0.7053371368966275,0.5924687695883314,0.5284012197926848,0.7815955547291193,0.3632631184072785,0.6074151794686214,0.35906230845270815,0.6059417031668574,0.3150474411365045,0
0.3291053939077423,0.759185230514343,0.2592035666567969,0.6527729139776293,0.6144549291915691,0.23841166132785274,0.7158801512836082,0.6186925564869206,0.367189036775057,0.621751235492151,0.22495842341527444,0.5504030799583289,0.4792873366859142,0.6929912311203341,0.20717970117895668,0.5503550133939848,0.040221460259250774,0.41622297589704804,0.3650536552140837,0.7415205043155693,1
0.2951304786870975,0.5241153725965264,0.6027010223363042,0.2645753043458392,0.5344412070839083,0.21234061320791808,0.46116508200606093,0.8998463807647434,0.7844910279474484,0.548683733698345,0.5670950923513605,0.8541798367927946,0.4844422782565613,0.44276226754541614,0.6430455760644999,0.7436150693576633,0.2472657103830158,0.3348050612154011,0.5002973911686581,0.6403983618936336,0
0.4129041874111696,0.7739699040460021,0.4311653761695743,0.5037483604038773,0.6407926446340438,0.23743563077472313,0.645292769447702,0.7456614380454298,0.4394441423095019,0.7138735749146974,0.422180670219915,0.7462268394580089,0.4307103340024837,0.7502033809625567,0.21684515949654376,0.5701691125985014,0.22262447306592528,0.5143736752291215,0.2670439328568163,0.6811063365616632,1
0.1753275465188277,0.2691138908511667,0.664211184622058,0.1746043941333974,0.7385193270766505,0.6801292909677241,0.23516039797607916,0.12294129608768534,0.6640204568125884,0.39968715840311153,0.2573393782138844,0.6824405988173684,0.5438247822240563,0.3540624835728036,0.733168407293276,0.44269506367489525,0.5850576911593267,0.28525407054917085,0.6851513431047491,0.5674159864251811,1
0.31666951941989574,0.820181666194709,0.5644367081753452,0.48872596694697695,0.25068461444549955,0.7476079465822687,0.3694031583578891,0.5358848979834203,0.3096853492891142,0.9293142637681817,0.47683142682221835,0.5916707136081439,0.5455993231050824,0.9602365380390334,0.47744187359428797,0.6132467110525877,0.26757101458130494,0.2969350571303596,0.6995384916373919,0.3628412139185847,0
0.3328520971296974,0.30274124018658866,0.7525488554179907,0.2679499582103639,0.7124334090749171,0.9096150977186193,0.22912402588357952,0.3335329601298354,0.5177449406456129,0.533308941125337,0.18594335072330292,0.7079236541503529,0.6774725032610747,0.2437692938850025,0.739299770476503,0.408336321776809,0.5100468222521257,0.5061988558624873,0.8604859362955437,0.9370999692909706,1
0.6805420406983904,0.8943323415651132,0.6570349972870282,0.3607382777755258,0.8135769895107037,0.7605652276313837,0.649662556113848,0.33277515842404365,0.3894981908261549,0.6954325183921278,0.3442419079241755,0.5732021548427815,0.6769520194004073,0.3029062965432961,0.41731787284179667,0.4994295259272707,0.6045763643936524,0.8130452804480925,0.5461211847294508,0.5411350212573482,0
0.7675609059683559,0.7886397347221273,0.6057714441240232,0.07857906769860101,0.6858005129314326,0.8163248477364919,0.7050266057621246,0.13259401706186358,0.27844265021014286,0.69831156329864,0.3573877167292467,0.6024129789743629,0.49848271175425496,0.34421270962389366,0.26506531743422834,0.6378064952467544,0.4397242120051994,0.7601542620253695,0.6831535157866935,0.7562518028306024,0
0.8732620361934691,0.85892395234066,0.3144561690997103,0.6154725161121266,0.251789263829318,0.3328065730256842,0.7216680102476027,0.25322522314167434,0.16360997893215878,0.6290804868007656,0.46292477717883024,0.27443224298859303,0.6080079076287147,0.7658589107751411,0.37063154973025975,0.5798639527293773,0.3027842157437734,0.522499608668053,0.38691566055609833,0.6112837656700354,1
0.44969473145579225,0.2697902979132581,0.6400201237430384,0.46555526112751877,0.48382564832961406,0.4800106148695539,0.6570978204429291,0.32177996918245644,0.5341967947075056,0.3155484841100349,0.4730536600470059,0.4500889529926421,0.2678181187509082,0.29498361511555077,0.6502588226938666,0.5968505296350824,0.6708299995620942,0.6149457418790523,0.3305772639437911,0.6851399013447264,0
0.40751384110698025,0.7911684133725729,0.4797878400314445,0.7649698036332511,0.638300224645574,0.660422594083482,0.6670355001539554,0.2785539172370128,0.40167233935491164,0.7233214839691116,0.5695291416943583,0.6818233786894039,0.5412076853930641,0.24124166632693728,0.4460944347258414,0.699786240437055,0.48334554740809266,0.5840489842338425,0.806616114268678,0.5497645988829323,1
0.286752376115487,0.2938556532205798,0.6534017400308001,0.1184810004796325,0.4117107238747135,0.39110412855701837,0.6550276119637696,0.2914945564738468,0.5076588085392857,0.11085538874206796,0.21655341435862446,0.2275966024211676,0.6807793811492365,0.3696684353336913,0.8187811675732511,0.5936355199847358,0.3982588702478829,0.4795379721057918,0.39098897952038764,0.9326933233373993,0
0.35435421469566664,0.18576058779607152,0.7995194286493397,0.192777218555105,0.7988574521033788,0.240701956431136,0.7019954378452703,0.568982969716685,0.7352248028057742,0.1779746973821703,0.4250391038377465,0.6331005450689331,0.48065731413442253,0.5883154643672388,0.789021577364057,0.35587392599131945,0.7406515016050006,0.6682628753754811,0.13899321594636105,0.7150697703490931,0
0.7000114633081921,0.6594013484563065,0.47511086742312786,0.8861433880647209,0.4468547339892479,0.31247757207002214,0.5917811126755259,0.3232894358758523,0.0646913543093861,0.737062977294627,0.6246068003400943,0.3780474101784618,0.3620578428242622,0.9173847840319497,0.10469335636589461,0.6013927937444687,0.28080935447706623,0.4055568291241565,0.4580700621116346,0.8151806913840343,1
0.330521640416233,0.8215476330766338,0.7070150309807347,0.6140317862747067,0.832543752238746,0.5645216336508081,0.7368153376918999,0.15961803007160819,0.2604309593566331,0.6182515215528669,0.2821817639965377,0.4289488288845081,0.5525110833508191,0.3279004869645885,0.27768035959856974,0.5045775149308295,0.3680579466524558,0.5098699684201229,0.8479294116015955,0.7534509133333731,1
0.41670425290375873,0.34132005535025456,0.6921791712732249,0.18746360951735652,0.30430298756559426,0.14502551740976927,0.5602949435514515,0.1954724495225825,0.4961100175164851,0.18933014783131036,0.5934582140115774,0.07085386905251723,0.6453068215293479,0.2644704173823654,0.4357497756890186,0.7357323164121489,0.3195282277645818,0.1763739339950376,0.2982286393309729,0.6656759393820609,0
0.211792065299844,0.6170219536786115,0.26269643610719584,0.750149924786324,0.6982753224758681,0.4380698490115617,0.6793334948507314,0.7554978052593282,0.3660040358647747,0.6419990451027695,0.6144309852020413,0.5766659997319669,0.16409736331915042,0.7417535318813085,0.22862606034469946,0.7036113676678066,0.05028169082702999,0.5011170650178418,0.33656955954594514,0.8047573191364932,1
0.15498505166897297,0.6693761600372671,0.6678669535272675,0.7212445182636793,0.1782819334433411,0.6967701009113043,0.3402962319935313,0.7888899181782159,0.5882035880957469,0.852507835226944,0.5974751941262528,0.8595673604876912,0.5257349326090384,0.46246196590875827,0.7455888975541305,0.4500140602991174,0.6774776543483851,0.5263576081126218,0.48696895063531587,0.31946880352477525,0
0.3287482395426709,0.28366667636093423,0.7981577806691589,0.22498367176578804,0.9040935473957489,0.6265022911910827,0.2544611028646542,0.12574467273952744,0.6426525993452643,0.3900657457082981,0.46090130106051164,0.7280119078396023,0.599435338146023,0.24008820960068894,0.7381562254903945,0.44333439170907357,0.660963116440531,0.3865884456198153,0.7916661330181376,0.752309376914315,1
0.16906968384016363,0.7430913797645664,0.7852524415225454,0.609386964892776,0.35931337992438006,0.6417582390390849,0.21154020917074012,0.5495254003238306,0.5727017313617346,0.8014651250528843,0.7460865629364933,0.5891646354557126,0.44282420168250697,0.755546423623527,0.7355291559289046,0.5401825508556628,0.6519607003744781,0.23448583561234607,0.5682055842144198,0.0,0
0.1930101459649582,0.19001005282815203,0.7402294213561692,0.28115715259024165,0.41855590118450847,0.3309608615383953,0.3454642107678815,0.2828989844677404,0.8075215280276964,0.31587746810456335,0.32395116281257613,0.5968539927900627,0.4227757719413736,0.2434709656574186,0.6951275184737621,0.5954850032674692,0.7609956543241375,0.23689758936825336,0.29283600158887163,0.2778438309444611,0
0.2131353166183112,0.21782734866954745,0.4588050312301559,0.27035741091363996,0.281495761656098,0.33453380541499694,0.8680372133997218,0.10203753704851903,0.5988805257078531,0.033928448943683076,0.5593182226597092,0.19802616848622343,0.16418061737351203,0.20987473663775602,0.7666550834422203,0.7421292891116931,0.4826804033424054,0.4382193746465429,0.31402469362576746,0.6034854916775089,0
0.16358651183675083,0.7767110456844933,0.18914481977795972,0.7756406312508455,0.7944828680240545,0.16789037836719145,0.6296372411455196,0.5528425769152618,0.4385985708553089,0.5577685794393917,0.3231093812006222,0.7048028838287952,0.31685668765046826,0.7005570184490413,0.34607275289730666,0.5059936299969531,0.2234178654765946,0.4674453034879249,0.25454111512027305,0.7381146372171978,1
0.3483689534693496,0.2948621895659573,0.6959636362315358,0.23810802494334568,0.24810096639935592,0.21550900022850178,0.6458966637720327,0.22501422049004638,0.5311557404949115,0.17587312156533497,0.6532794177653445,0.17961765789084116,0.6712685983058189,0.28783086000402996,0.5726986802351611,0.3751750128826036,0.5216232006818665,0.3506461242850646,0.19381760691236488,0.6227160073437455,0
0.18453464627061839,0.7923731713299466,0.6308713686898274,0.5837784397410357,0.19388976422733883,0.5737522518185866,0.304566407835862,0.7245655223853916,0.5785554934431965,0.8138375496072286,0.5939171122117839,0.6653938153997674,0.49492258367135106,0.582308335656812,0.7490083565164297,0.5845289760444949,0.3753486496764998,0.24583176708203067,0.6991396050824035,0.25934360553407676,0
0.2718970337488412,0.7691834177051184,0.6234416155872009,0.7841053897159578,0.6830977716626085,0.6532418559741038,0.8104883737656461,0.1696155840575438,0.25897688270034536,0.6296889015254735,0.5702833127130479,0.5558275176258105,0.250477851653004,0.28206407041052395,0.38673082711036005,0.4662847208606972,0.6067247889987208,0.7276134096992324,0.6741343382055331,0.7347683960471671,1
0.22897776392203378,0.3798183757989456,0.5146791436740332,0.6395764030123081,0.8625494843997967,0.3140744113199321,0.7046163616143724,0.405932640338927,0.650543417187172,0.3471783520561247,0.43474610203008734,0.3006954129217892,0.36988419875072154,0.31466465929050674,0.22054617604638416,0.4449492851082497,0.42255904604550654,0.3304960289895343,0.1899832355041527,0.23493073795919128,1
0.2305713844564543,0.23443195265626654,0.5958797291808575,0.2775561646781658,0.3236624870039151,0.4373675815005263,0.782788633688984,0.2164298212018326,0.5434199311864376,0.11102472509864503,0.47492958961616594,0.22448021501369106,0.7624867541740128,0.34689546950291145,0.8189758144275707,0.45656593320668604,0.5374361533882599,0.5106212392955003,0.33588847981750014,0.687027981753541,0
0.5061978373066774,0.3148520134850281,0.7250914547736859,0.7596251633844202,0.5510884905619178,0.25879109300661607,0.6706370869280789,0.6771989107284075,0.6074412948791632,0.3651235848975297,0.3558169985486995,0.09604580603023866,0.5745084152481834,0.32124420952261984,0.35338293457710923,0.4496347342788627,0.4542051180333568,0.3583026354237348,0.1651186092943756,0.2943125779272894,1
0.267490226316082,0.8229979102934311,0.7199261353551163,0.723949116032967,0.45508882368510906,0.9036511868319307,0.172517301441323,0.6984477542909926,0.4418335256841211,0.9855207865869307,0.4936177741170946,0.796144407596706,0.5947322536789099,0.6828188979233276,0.6967000982384702,0.4415595256960029,0.6040048886769342,0.4972623163981221,0.701091410028347,0.3510667374900447,0
0.6020185312687886,0.817939539536205,0.6528467055872406,0.24182249173466397,0.8010425001913333,0.9294807206470319,0.6425845798591173,0.15449369543489844,0.287669990862111,0.6783500520256921,0.6285125886541658,0.5208173622996004,0.35496833563478847,0.44475222936520664,0.43446554189693964,0.30396194200423543,0.5434691957644255,0.7745257508731052,0.6864679224407253,0.6365661877852925,0
0.11113397177817663,0.7450987669052852,0.6629985194442486,0.6431106891833387,0.20793693634003152,0.645401093686954,0.32468255777033095,0.5910886683905355,0.5677060255727973,0.834610428164701,0.2059511724445285,0.660368867190019,0.4930864980640534,0.6419844373813094,0.6802495231851274,0.7664213900687469,0.5422825545081041,0.2532232837489571,0.6128344488326097,0.06146690837297164,0
0.14231263568917474,0.284702840938984,0.7652249938780665,0.18352857546470946,0.705530754984613,0.7686990380213842,0.21507556116851317,0.17097166412889608,0.5723244394916318,0.42352217649062585,0.48225410679174097,0.629400617702586,0.7965346599749747,0.2658404901421614,0.7399421115069956,0.35939258497675763,0.5115326751429863,0.32155660448450646,0.8186770327441941,0.8003898175278075,1
0.26319083609010396,0.7666911742256213,0.6810039375153532,0.63827921092437,0.4290566186713731,0.7408744637517838,0.27399091839105244,0.6200675852039857,0.4321163795896977,0.8721587632576142,0.41728773756562276,0.7021258578969223,0.3331520553639268,0.8413731306816241,0.7129712671715407,0.4212482731328779,0.47522915074299976,0.3757559148784921,0.7417979479260544,0.3871907540358862,0
0.3942666087520923,0.26552094144877836,0.6507694399908427,0.25904489722007373,0.26467329272674384,0.19440141351874307,0.44595248084808325,0.10296872796304873,0.7256228022864506,0.31071794199595537,0.5966756741986343,0.6764236433303525,0.6650538401068259,0.35259532171873265,0.7380629416781959,0.3982165864183995,0.8872258828881082,0.3351336395401335,0.22750562153042514,0.3237814348934501,0
0.43639889405175436,0.721107705236103,0.7516229765548801,0.7449657686403455,0.14663628973136156,0.6129795056483218,0.3589699088074869,0.59770465719931,0.48100922626608467,0.8819568503470985,0.5289514665172268,0.7124893222709128,0.7125099591852386,0.5544505178356489,0.6915012309549854,0.45606751626885966,0.6309376049132234,0.3920732206297334,0.7246171204041738,0.28454698210879026,0
0.27635618626749636,0.7826092866770689,0.3471858451871704,0.6023939162447587,0.8331615867068527,0.42842189048295287,0.6364051999766465,0.7437447568165553,0.46604228296120365,0.6189964336301953,0.5008158321121409,0.6704804027958242,0.6984672850161001,0.7130871463600423,0.4210739080158129,0.3338994652599129,0.2804206580706642,0.6435228247525107,0.24664074436083538,0.6784804027724124,1
0.4409800374748886,0.7154255999326141,0.6204565181311943,0.8120888045697594,0.33267426534404465,0.7130225960601205,0.12330701577863301,0.7282902256745541,0.4322005796474986,0.8403531814974469,0.3655552204722471,0.5469839181144969,0.40662581525242425,0.6720877856699768,0.7722105754251113,0.6084905007387399,0.39854739198132416,0.3237738068265487,0.7234932129995817,0.4662112086638934,0
0.7821623584077744,0.6836638055461155,0.22499554912493835,0.6949600229041435,0.346630749438835,0.3877934041718244,0.6179834660324957,0.20633732467391425,0.11785958230306881,0.5660042523181082,0.5011743096224694,0.23928287849396213,0.8718976086289234,0.8033907770007878,0.3226188875389794,0.3661069602535344,0.23363368868505904,0.4757255700043023,0.3473439838483238,0.7811749506077625,1
0.487954731359674,0.37724975722341625,0.6836817538821466,0.3205997461433564,0.31902368494372224,0.27959394913171864,0.6243770463946788,0.20374159845473153,0.5822995289984135,0.20462494126017033,0.5975984262078546,0.2791347141101328,0.4652235910266915,0.2525832048394042,0.716220811961734,0.49706322035097467,0.7895028009265737,0.5359177158222391,0.09765715114570533,0.4744682233149515,0
0.7810818420230552,0.7472687742975462,0.30932723308616006,0.6637393243647761,0.29049882118997084,0.23900902583122852,0.7624310608150169,0.2794744016931743,0.15220991854438798,0.6014778022036109,0.5556753917341659,0.2810149204697532,0.4100715307263225,0.7986185601331918,0.2059082562699449,0.7258213096292335,0.2633429488723815,0.48453891555638035,0.2727331190474076,0.6726488208995961,1
0.29886373591792725,0.3195862387830857,0.7819128176667755,0.20592524625728537,0.782495411823608,0.29337518835173226,0.8219211005627285,0.4660849020894696,0.615234089280239,0.19965054157302448,0.5118295826337712,0.5974112510274701,0.4316616027143222,0.7076505350682272,0.8212207007214376,0.4355540655945122,0.7229895791194366,0.7337084505753397,0.2318579636624893,0.7725300201308383,0
0.7321865945159346,0.8312998512806875,0.6424218441994036,0.22332861263381443,0.7787300627837374,0.7729346820304012,0.754707984130792,0.20379966884513145,0.3972117263470054,0.7091343439650696,0.761158650464358,0.7278736873582099,0.618696890678029,0.18952939413281356,0.3087575940557844,0.7117531688719752,0.6541848239484745,0.8773422064437402,0.5829777096518403,0.5927375858336095,0
0.2878886874030169,0.23509769665649827,0.6431188711634123,0.38689263724974726,0.6180475290347938,0.8369618737606452,0.19681024779726697,0.2820650325197198,0.5393559066495948,0.3901993928967137,0.49753972794800877,0.3970921251056518,0.7244840320437379,0.3433103343734896,0.845512804362927,0.3197944826271083,0.42130436069237837,0.3122140866680623,0.7815705140672505,0.7375183052747033,1
0.39651594193952044,0.3191553489511635,0.6053272214087662,0.28909736492966326,0.38161006973389533,0.364852403811553,0.6821124701758444,0.25901384709139785,0.5941241597295098,0.15301855439243822,0.7301819921682489,0.360519059021214,0.6245178510700196,0.3508232473986771,0.8785974896488438,0.591316043878008,0.7334296113419814,0.621785786330215,0.1762265169005856,0.6288034476241771,0
0.29508392627959334,0.37261834376991515,0.5770688704804943,0.7803358394726947,0.6862303715614446,0.4065545524829996,0.6635384539046645,0.5867569944011497,0.589718256750104,0.41938937237182583,0.5641004054439044,0.22984733606840393,0.4831553599048105,0.21063775026332904,0.2560201970628571,0.5061986240138259,0.3818107905838064,0.3827189473920618,0.24219274813430294,0.3527824960359915,1
0.3686706303571991,0.4469099677570234,0.7391500898405576,0.38994226639569096,0.3963300505755216,0.23957403882912354,0.24348727890744376,0.09642428085739368,0.6176556548999064,0.4404292676943235,1.0,0.6525849762816686,0.37182367579265285,0.3577858717790994,0.6522960639110508,0.4747110163630592,0.8799071470369692,0.285784091535468,0.3017393416300865,0.3834262613588469,0
0.6006770593887838,0.29176400474063635,0.7027072541162412,0.3864830395010319,0.6414379391496912,0.06658791497758526,0.4982489046451124,0.8021506171340631,0.8227137620329759,0.318869037397134,0.5970498463374762,0.6775847296809492,0.2941538897486684,0.5876754682023516,0.8383779388446021,0.30070860632719065,0.6073922320229183,0.47061172870174073,0.2207652186245031,0.5562046095878129,0
0.3009766289879326,0.2431905117014741,0.645405932763342,0.3157373682521807,0.34821435255656674,0.4068676741510816,0.7115648405735195,0.3046134741930413,0.6018111101258432,0.17465899772105903,0.4561449066375696,0.3656734897730778,0.5980273190182129,0.32241765913564835,0.8125033683595282,0.44067984239860136,0.7007094443997954,0.5894714483700514,0.20756627024589402,0.6194084309320873,0
0.6774698018585027,0.7143827214769648,0.82609472071552,0.4258195893808452,0.778509087448323,0.7990652885181636,0.7220912831230094,0.1591655559408378,0.26345040547924337,0.8381765848106841,0.49191643257767853,0.745001240436902,0.48276128332804424,0.3616394223449484,0.14342500768599553,0.38599476433977953,0.6349650304399328,0.7373860920826587,0.8231244957399697,0.6700850358706619,0
0.25136803293951343,0.3628171497468684,0.6561312056674111,0.195405530266324,0.24847160632051835,0.1453766422672258,0.7596853264368686,0.058862972205451836,0.5565910518423912,0.047901836959394484,0.4307497975681455,0.14212073058696317,0.6011126614230641,0.1676258056968724,0.7194459511354032,0.7468861310336283,0.5331069826376237,0.3505873177440617,0.2949563516728979,0.6500922607896346,0
0.17714341752692264,0.4765330476412849,0.5870284935026775,0.21179913800011074,0.5437138690530795,0.41978398038746156,0.7674628914669925,0.4995924466389734,0.5161204855750116,0.3387923040758144,0.2942044368023563,0.634080931609315,0.6581540404365926,0.6097148477566888,0.7432226568425143,0.5401294604255198,0.489802307872069,0.6922611619003967,0.31662853520281975,0.8804867189606471,0
0.08515549951027718,0.45561562422720403,0.6069159404217437,0.26656345456275554,0.5499484847216118,0.41190777522833355,0.6331903191945765,0.5563401282323222,0.4721019549095788,0.36702928920171984,0.3227035278698267,0.5481584089072917,0.4786284733862632,0.687587213825704,0.6911601606258468,0.22679717093037288,0.3178549015961113,0.5170177319213929,0.4060100805990643,0.9487624935472772,0
0.23055866345004955,0.4377710228523828,0.6703696727864638,0.12230440894948191,0.7307670866959735,0.7456588653941697,0.22624913325379237,0.022027769155158694,0.538306609579729,0.395324648642692,0.6034550753635184,0.5850467582904222,0.6698959924031918,0.2725667135150507,0.745967627062108,0.3879014278396429,0.612923956751636,0.4099867253090421,0.6502629342479671,0.7129336243794094,1
0.9092761759565104,0.6959689796890323,0.6543737200806277,0.08429185561213348,0.6560128683383268,0.6034160601656195,0.6940018878323543,0.255384918350984,0.4161704007711225,0.6355868325773496,0.58986685409751,0.6704030070566356,0.7669596672535295,0.35376823224187637,0.36732871788505495,0.44526836299279143,0.5332504866253486,0.7378879960830271,0.5888601913552001,0.6861459566024753,0
0.26449104369981014,0.7961121417084891,0.6245545711387239,0.6434537332012396,0.2636783325181718,0.5108916078227194,0.2651973286371093,0.5532055205548798,0.49665165535505384,0.7328431686066277,0.643259730401938,0.5432480394696262,0.3832224400631341,0.740821874598865,0.815473931163494,0.5792113872105068,0.4574408829230028,0.2343798130823661,0.6511390038163127,0.28508030866675405,0
0.42660969678593047,0.4477755125312924,0.7563516633455812,0.7964777867328918,0.7600889389721714,0.24080499936037753,0.611503866049779,0.6141321103093305,0.577691729293392,0.43088511262887585,0.5421219059779452,0.26339987942507664,0.480604635152515,0.3286240960609766,0.37458346755229377,0.4628080041538754,0.41613522017902005,0.331511134861118,0.41832643315768253,0.4496681950123763,1
0.217432079545207,0.9623498320293382,0.6285514938706703,0.5939563566017856,0.24546561934757982,0.8217088793654116,0.30805073470197053,0.4221154817663894,0.3331126423416756,0.9531355357452882,0.6532388667839901,0.7020103624383147,0.5112164421918672,0.7798844137674297,0.6237987856121995,0.6478141432586234,0.6409328827290588,0.48262668660748764,0.564964642615203,0.2436173231628609,0
0.45754329948056266,0.5532809601779232,0.5583890659875733,0.25281225395179896,0.3540625690217152,0.0,0.1447669669003498,0.05926464735700382,0.6739784640197298,0.4213484183724945,0.344485211958804,0.7896062927184291,0.5251891974320605,0.33871438086358696,0.6845845135720137,0.5195503058872868,0.7186698602037963,0.15044065422198938,0.3421033554186281,0.4856246618959859,0
0.39782122982419355,0.1716452900950292,0.6730353373816831,0.3811038169612543,0.23032864932647756,0.35474697315946946,0.7098407757626636,0.39820009982887256,0.6189134720524251,0.2779721700963863,0.398577678132536,0.43239951042693436,0.8072167584466182,0.409066039275878,0.6548484726731711,0.7018625819272895,0.7800816934858054,0.5747562952326545,0.051198149304271356,0.45332152329390285,0
0.09134952140371522,0.21613968811929207,0.6398425734970679,0.2969479977329549,0.23282556577943614,0.28992733743836274,0.8314046734367031,0.2369661449057037,0.5378831065162923,0.093719090545484,0.50749264632838,0.29071270618426837,0.3617025192065082,0.263735949918634,0.7459663305771951,0.539162152579867,0.5329706027227525,0.4869969277577804,0.29080527410630863,0.8092697057815785,0
0.3402335198776687,0.27725634582575637,0.7625372748984185,0.8940864804091551,0.749815878233764,0.29585511930002206,0.7254547592523282,0.6668724458197338,0.5901954248216396,0.42474406091063843,0.6641145025621265,0.27606012092925336,0.4326425912968248,0.23514452434756905,0.26249144548472736,0.280474053956694,0.37510740091494527,0.3419087888680967,0.45491707977359364,0.4863955043261982,1
0.19754850835257587,0.27152967406577827,0.6675822197154063,0.2528558983645367,0.23640260537111585,0.40098916866986156,0.14463149796280006,0.2538354839261171,0.7473841404341395,0.3616926225486697,0.08031267866333908,0.549489596656926,0.7736177074420356,0.23727374977797855,0.7619834492357939,0.5506245862131119,0.7421042706839598,0.19358932298528142,0.23265516317284585,0.3045654514213729,0
0.46349467356664537,0.5912627431805113,0.39585985705499993,0.6430037354183586,0.5355442488423197,0.48453738157198956,0.772533177319567,0.6936631839793199,0.35799079260787325,0.6869548648147238,0.5427909422554629,0.614403994088693,0.3036324272903361,0.9461563462931754,0.3135442795581697,0.798389128638071,0.3715685344217004,0.6688796886562062,0.1883179913376138,0.573144692550357,1
0.4693142028913942,0.23236818282195454,0.5565103255260626,0.2319362590043639,0.2945118006978428,0.30551483365027654,0.2786553769457086,0.2908103614181109,0.7328116088711291,0.4364999854228176,0.6233309982628524,0.7105960983284443,0.6590313689515671,0.5888632425839151,0.711231309258772,0.4274974794305825,0.6504550208339132,0.20070701199134247,0.333154821071457,0.29660449959487256,0
0.4325654303729367,0.4406315060997007,0.5670712447975566,0.22422899866577184,0.23414999478120407,0.27379118803000935,0.24175557440474466,0.19259445588387683,0.6895579543049442,0.5047327257590798,0.2526328363417437,0.6881316936623159,0.4953012745088019,0.45332209422908387,0.6106058888124992,0.5627599136626895,0.6902213986004022,0.1815306876081214,0.2862517138991516,0.20766320853130088,0
0.2960235529607552,0.2963452465448011,0.6062601902611624,0.21935765549048253,0.7117593917226939,0.25980769612359084,0.7302403357101106,0.6216441563056763,0.6745331168191061,0.2705106437961388,0.5971969645000657,0.6500000352882608,0.6470569874016563,0.7174251158223128,0.7368902826961504,0.36106929233496204,0.461999673566683,0.5641187008932234,0.2795846503567463,0.7435753746612068,0
0.273638901450204,0.2615669857910109,0.7103011121596297,0.1758805247935647,0.19174514744878618,0.3819450651327947,0.3563582010537603,0.10823440070999746,0.6877352093629536,0.38346369217613385,0.4127553798612318,0.6939520216540016,0.6820229495076249,0.27626154970401484,0.6605455187724855,0.690355012070285,0.9486746992542218,0.3909068320030695,0.13378103446100137,0.3234584629868061,0
0.27154719956354295,0.5153612699778144,0.7003786288752603,0.27201825777807964,0.2733514039649196,0.20685855699287065,0.7346605282438194,0.2734403966210476,0.4769201724148477,0.12421216206830948,0.2862124853882485,0.170865535131137,0.2712630889560609,0.1059708632566338,0.7363311486779708,0.6226805808650446,0.5521752783198246,0.5650547622245315,0.1946354165037153,0.8668434308529986,0
0.1733142755345215,0.4469209358476729,0.6118342910758277,0.42193097720435735,0.7166369888551164,0.2545226257280659,0.7171004513100062,0.5221515147592231,0.570867255761333,0.33013728826506894,0.42768957354395604,0.6163308758061083,0.787378524785784,0.8362685988281657,0.7624802485842446,0.3940178010521315,0.5147821567319288,0.5333809314918395,0.3447650255025414,0.6987510941408719,0
0.7810701475436047,0.7627514756528265,0.620810679905936,0.30340266371234775,0.7156302094112942,0.6057041464529578,0.601808881099679,0.21442069886055556,0.36633816708735634,0.6206354252521906,0.621387642609215,0.575047591614497,0.3177503636687674,0.14881351988336944,0.3572758276525698,0.33983386375512437,0.45890851097681773,0.6680711248472333,0.6893474151737458,0.8010553485778797,0
0.34446159891169337,0.20969646466969222,0.7082557895530766,0.26225175082745067,0.7011039128929029,0.35415840308366986,0.6710156664115825,0.5997085896180082,0.5270243830977919,0.2976976795784338,0.662679066062356,0.45351815284124475,0.6098442732449156,0.820978262847173,0.6107131469165096,0.5921596787834557,0.3542130471376725,0.48532188064261594,0.35654305203590625,0.8602932197548374,0
0.23463473844914212,0.71538209314093,0.6902673106322047,0.6219452191661408,0.3238355256876279,0.6442163566199666,0.34413751789570146,0.6396432129805357,0.49812430550179804,0.8107748292116702,0.509835329865078,0.7599530985404531,0.5096218844457053,0.7386344108736486,0.7508497576733224,0.5020960749417528,0.6007650641240156,0.44750266794622956,0.587198941079278,0.3675585078289782,0
0.36255958526546894,0.6776195601199834,0.6794244037163655,0.8298391131605208,0.35372813149536964,0.890099762535414,0.3739020395397301,0.5856083574740626,0.3737037036305022,0.9480287884788368,0.25587788511110254,0.6284048677800897,0.46025169419620865,0.7949339516228907,0.5637912144681235,0.5895888095386719,0.5725275464735231,0.45059027196252444,0.7021808798031279,0.22802858161377415,0
0.23201302963849313,0.4666744163623099,0.7349406728314654,0.2649813137021143,0.8822956101996302,0.624738711356731,0.27816838981401265,0.21120099542050075,0.6232430590438429,0.3928778160881797,0.33439025843434417,0.602220534016952,0.37944122734998226,0.1266083541562502,0.7254022849262506,0.37876210142252864,0.5338160667777283,0.3870871407074567,0.7529574435571531,0.7397665807526835,1
0.18401543712858592,0.44253069893590813,0.652445065988369,0.1809705399958727,0.712132161822136,0.3911520549196331,0.8407885483386317,0.4835642219368408,0.5307319742912805,0.28379004044027545,0.3868632399186505,0.5765823158539345,0.30418452942753516,0.8174115339495744,0.7463064960123739,0.3826131985752421,0.5566700611041717,0.7121341730467994,0.2419439591310158,0.7711095229137659,0
0.32229363456520876,0.6453426764184753,0.3723126519442155,0.669963899843139,0.7571439979340198,0.19482232073127642,0.7307099922300034,0.5760205331329616,0.42180729902745884,0.5840559547098918,0.5024566479208622,0.6577800825281881,0.5900417166483228,0.8663488420914225,0.2524261747530697,0.5437338841911166,0.30889033998730736,0.496832245459282,0.221968423713037,0.6334694894474251,1
0.24047427730018872,0.7169109114911749,0.6363294272548886,0.7688504259215276,0.4513945128185673,0.839283126171718,0.20931123511448646,0.7292787690180371,0.424229932245348,0.8491022526421794,0.4477764155232005,0.6202542704391991,0.5246421918643336,0.7889518515348098,0.7731259543921984,0.7159021342396905,0.45537571729545023,0.4278531388406985,0.6830042297262429,0.44857432826578614,0
0.8820898297380392,0.6621275262164988,0.21447441723478367,0.6503505349538481,0.18366291219140213,0.44035534196382126,0.7874280335596568,0.16825518424114494,0.11585300872679022,0.5629414304562709,0.4484784276758583,0.2511987107516285,0.741572393416843,0.7861668870278464,0.3569869665147243,0.5695731806366633,0.3600443577834427,0.6199372295500563,0.275619751761215,0.6875535767912282,1
0.32129856412479274,0.300401922319773,0.6565306124335453,0.36959155518731357,0.5555295202257332,0.7409612492292305,0.3215366967520402,0.22139802599786332,0.4939674130002471,0.45768849701778835,0.45796029832719726,0.5246412226653503,0.6372335697838999,0.3563386738233688,0.685294032307818,0.5163710970686844,0.5254714091647688,0.40037074845589354,0.6734012767818841,0.7237699622450297,1
0.16599562676744822,0.6069018725754592,0.8708465550713954,0.7206012360688709,0.7832138440544382,0.8482750511674375,0.7086544089715818,0.0996869420262973,0.18830767404670412,0.6783989800717489,0.3417695233666152,0.6057711573177245,0.5674609514146706,0.3399989425498995,0.28971036652686555,0.7252454930958608,0.7877169516345864,0.7860252739879706,0.6631167430443078,0.8236641165716347,1
0.14791364750110514,0.8059971233474816,0.49668166541740016,0.6225683716143997,0.5847908406550757,0.7288337796890226,0.7999457490453834,0.28691118385703623,0.3253766728383386,0.6612143396420689,0.5258569891943927,0.6399059995839025,0.3589915715124986,0.25614482260420046,0.3918866674569256,0.3590986587531728,0.4960303731896357,0.7376066504371912,0.5880209033774696,0.6940987683701412,1
0.2963510556776592,0.7626395981144168,0.2563404133114463,0.639207660626132,0.8203770163321737,0.31713965218338935,0.7631221669909714,0.6304216588995639,0.4395071800335324,0.5931567871083442,0.572619360740723,0.66014814433604,0.5467857982560815,0.7949199519826358,0.3278356713709298,0.49462260867564894,0.22284270837911135,0.5807359706908077,0.26845270027003043,0.6389875607345099,1
0.3049780810704965,0.18818351014646034,0.7779293623278407,0.25322875335009865,0.2884228652379528,0.20606734438707708,0.5287218878523793,0.3380297463708777,0.5577652587504964,0.21759847938789373,0.5924765850512304,0.23259196137594318,0.4071678305413102,0.38153887753944865,0.5564606680255475,0.5308962765946684,0.4430561118825681,0.22873196389042882,0.2931941485133762,0.6766838422923079,0
0.13878105761966442,0.23255360703145006,0.7239319056589752,0.31260426770841315,0.7338979897450258,0.4856751619409684,0.5973199222667747,0.818473377810047,0.7314164242050885,0.43700647406144977,0.4755793902915229,0.6794163559197497,0.44410685545119705,0.6432846359409778,0.6030660825170121,0.6483183764795813,0.43458575650932796,0.48293938690784727,0.33823630185013875,0.5564271028854564,0
0.020832768383312272,0.291602918843467,0.5921370019038514,0.1776920051354633,0.6622150021725105,0.7012929927701788,0.1741926482453967,0.26325809401817635,0.7158536468833396,0.37301459974013035,0.4807290806228156,0.6186955596830902,0.2442064186145228,0.18246742427435464,0.7401722571119653,0.314360533933285,0.47430353821528803,0.2550892437811605,0.5821736708241482,0.5791662397825604,1
0.2343359169302039,0.18068819516993412,0.7823877431456914,0.7848741427322857,0.6564317375075823,0.2219133527334783,0.7148410285870728,0.6153873057164424,0.7661032425543453,0.32251008006524196,0.5654664043688576,0.19267722526574943,0.40776022104089693,0.0825518064843786,0.28802830369118415,0.5892416599172388,0.4003241642662899,0.16419924602380992,0.3952368634509158,0.1833125975938058,1
0.4246707635598642,0.3370299318958212,0.5763641430672654,0.15803418882686104,0.20541811433185653,0.19826849296893456,0.2537064635166627,0.11950706673376055,0.7402033586083477,0.373990344339061,0.4660373191432099,0.7325586616156672,0.6195869271628729,0.36639471937565904,0.7756429637479021,0.22326823680693314,0.7514126527152347,0.20248933075057238,0.32295003327977756,0.35227801836952594,0
0.30993431732781446,0.3322020094510105,0.6162173815914704,0.678873586528062,0.6581878067011643,0.29130765525605884,0.6274437287801391,0.6328651770320353,0.6174874042009915,0.35420770183195793,0.5718921033646869,0.17580333543684884,0.4811369321232202,0.314906284369957,0.31953312165473047,0.512772391721626,0.30629749303453785,0.2867366262467493,0.23968386325939306,0.39298481114030365,1
0.3504020495993923,0.11295409756478064,0.6445605538493593,0.48042186585564556,0.8965806873984116,0.7043570400199808,0.48981385774280867,0.4139370988122318,0.6196918841166179,0.44536390519584423,0.49132935623854235,0.7929607586748684,0.859017086064616,0.518730363909437,0.6943332049577046,0.3669102108350957,0.5764602481199324,0.5440459091662796,0.7074143522133399,0.7677410895650553,1
0.3264989407248473,0.10548701371807184,0.4501503922614319,0.3309223301554268,0.41466348362199357,0.5937133085348063,0.8176120436378426,0.054787108252997485,0.6346233890221823,0.13700682755682453,0.4212200363331256,0.40866241285318633,0.33872218288362854,0.46188677169968717,0.9166267205718674,0.5540805783101813,0.7159826550354286,0.5636178187567042,0.4066801456783467,0.42675973315948257,0
0.23094624167873123,0.30600900350732996,0.6915439743269663,0.17875576657357006,0.3119264717314184,0.3125649534224104,0.2833292010342232,0.1255284054531675,0.7755487964026893,0.2865576436788766,0.6206198662686904,0.5535558570988838,0.8261988444484611,0.2860585857175719,0.8074523357291525,0.46558911319298135,0.8388164110689631,0.23509439487926556,0.2280178762645732,0.2213750850962254,0
0.7697975596310452,0.5796518183623672,0.7132690688345996,0.3372373588716534,0.6561883472942882,0.6425881895497613,0.7536120414358158,0.08264931934839859,0.33404803714018705,0.5993006217585725,0.35108217761639193,0.5973246043902116,0.7472588568238567,0.23526723353542628,0.3435670210419062,0.34432274159694665,0.5544508717364465,0.6715819828684573,0.8119829270945436,0.7863650690378778,0
0.6678373567912094,0.785711682806107,0.22166122605599908,0.6404437580968186,0.3265401230986846,0.30360840161896846,0.6250692798667514,0.1802483052746276,0.2298727722299594,0.4882310132741067,0.6520673452681109,0.29815673855545877,0.5867639920170536,0.7569591042988861,0.5451229938493055,0.509771735644964,0.37802043506803085,0.5086045593016293,0.27747069755953896,0.6553770693805534,1
0.30587965633173203,0.8679604731377377,0.7077708040465585,0.657457717177947,0.7959080787780375,0.8847355191657815,0.711805130291874,0.19307811627317825,0.18070475280932702,0.8060277413686678,0.3816886748486604,0.6628627621116807,0.603680326203191,0.376506867177548,0.2923410496949208,0.6221452984253746,0.5922399804220702,0.794263249539282,0.7841254397168254,0.7755201719440956,1
0.34391539437474505,0.6604068503458717,0.3278245826340197,0.7893599526869943,0.7565183544233289,0.0714231640082203,0.5255236128346151,0.5200286788874062,0.4230170869835451,0.5333440898288097,0.43211999138562057,0.5951851133496594,0.4900726510446916,0.7505686005315996,0.32441928860130936,0.7168411763246827,0.2558644170353245,0.3457589733126054,0.2806543144091198,0.7345835520293766,1
0.29382434669336543,0.682079981649367,0.7317344343990104,0.6389555803456863,0.2462259583439957,0.6699174305160654,0.2067233461669618,0.7143158206118444,0.5049423825234984,0.8768073469717398,0.2468882014827381,0.7127562958713856,0.8123982302238313,0.6848116864793881,0.6902657930196386,0.31138696947766986,0.5170915129255589,0.3251515279138437,0.6450014315243928,0.336298631697972,0
0.41492402011397744,0.27218562170868144,0.7178735338364205,0.30877169814750827,0.7934119406361693,0.8872758081975871,0.22708767416281686,0.2051273894208868,0.45916667225293967,0.4363249299738482,0.33603154043715333,0.5237927677105773,0.8099226901415948,0.41350288681870484,0.7965263303474155,0.6163350890059752,0.5123682470143051,0.4677379138173558,0.8342192051135232,0.910297322252031,1
0.5869519486799273,0.9375637364539382,0.638949980378146,0.23870134421361186,0.8117550085894171,0.6606417950804978,0.5414176700942147,0.3336425791379831,0.37873590580611816,0.620308625208143,0.5355250195284488,0.5590454366297885,0.38020554658946837,0.2542424238009506,0.4458641515641039,0.5970106177350443,0.5420004009783668,0.7842346871874475,0.4429303889355021,0.7336386973742971,0
0.39870037417147086,0.35963656214162143,0.7502815160866552,0.2464194314070109,0.29883775002014895,0.27713003396473057,0.6431141338373488,0.22002117800349186,0.5363560885866918,0.20065445344696364,0.5598079391537288,0.22153322365211744,0.5168398131172082,0.2718993324469803,0.6691618120062582,0.7844612477386217,0.6208514869186592,0.4374573863421727,0.2504521819732798,0.6067060601670481,0
0.27760979800085805,0.22677025857736194,0.6765228182549311,0.3622461481933137,0.7676171342545879,0.2773738585790359,0.6391495053109181,0.599504909330697,0.6783413307563833,0.2993658662252506,0.5052574037208263,0.6037618001861933,0.5093222377720921,0.7533433504136089,0.6676775544686177,0.587319026456087,0.5658940570646189,0.5002163132077384,0.22025300892270883,0.5998168878532019,0
0.19101491534223036,0.4361149475361958,0.873586547990981,0.31842734901661174,0.17228771196812737,0.20591546656590082,0.7450605015793206,0.25895611385400263,0.4856256891962776,0.22049659227368307,0.45791248917657185,0.1936883119070484,0.4359648011091157,0.3070686599323413,0.6639203493252758,0.6923159202601012,0.6563130719138464,0.43399853892372964,0.24202812087309675,0.6096773010162506,0
0.223787143888394,0.27168213048778267,0.4805013810517199,0.20444215707518437,0.38570032873056603,0.4244458253442755,0.7103627446909379,0.11126730419634356,0.5196058841117179,0.0754682832666072,0.4051448140000521,0.24022352413626608,0.5229314010342001,0.43056387054566486,0.8967652047084214,0.6387952392631049,0.41247811141189056,0.42803096610260666,0.46142012231579105,0.7957017875041527,0
0.1971928887441335,0.6185752905782451,0.8081040625451061,0.6155880300601567,0.7638163251511908,0.8589836856209319,0.7678190149001549,0.17226222698015253,0.256222326297587,0.6586800763684683,0.32733857257011684,0.5875683092742254,0.35915927785147084,0.32878600835198546,0.30801464202047224,0.22428743558418734,0.7124246361683599,0.7893152215610197,0.6336691454538568,0.7319086189949722,1
0.14646435174189132,0.2113531299460919,0.6622295957500905,0.20930340719942353,0.24152980373675903,0.37040978911467504,0.24370038837899358,0.30061928540783656,0.8474193062071005,0.2797745828263671,0.17791272589033102,0.5321054123251182,0.6066553669486748,0.19345827649763625,0.826832117573552,0.4760595715743969,0.7560175291693236,0.204908150451035,0.1901970411618319,0.2066251221193382,0
0.19409146487043155,0.8832697810432251,0.5704988781095368,0.6225786298643946,0.3668746448587403,0.6551972957731409,0.2989874404676027,0.5352860792227957,0.44535246420565383,0.7780738119401701,0.31625012797754853,0.5117775681403121,0.4416292128606357,0.7685096910318983,0.7739378257365951,0.46293468425592926,0.3323401073398517,0.24344679015472423,0.7717741494593583,0.2993553303051709,0
0.2973611480396861,0.6850726133825011,0.7692353844818516,0.6548916620543404,0.2650361723668212,0.6759586532582258,0.20805349653471394,0.6654732996641305,0.5015227152336634,0.8490712804210604,0.30595229899234566,0.6856880537095511,0.6864410081152532,0.6662123579351582,0.7101360245641491,0.4980313634446588,0.6367513612484312,0.38242761262193203,0.5552056702926746,0.2951594708994095,0
0.23809935191542997,0.8724442864634323,0.5704743722175679,0.856909799883258,0.4384016983656782,0.868542943158616,0.23732562499564827,0.5923845677645068,0.4109258048914009,0.9452912835035048,0.2854846145156803,0.6503657996245404,0.46105649454093117,0.7023687333334905,0.6989930420666781,0.559994435521671,0.46336230520148836,0.37431438459927724,0.8073157146172363,0.2616920360447555,0
0.271364358822066,0.34684954619272623,0.6532507830310657,0.15960349554794456,0.7329862472570174,0.26516377124122503,0.702452322549124,0.5783574219582657,0.7394990706160408,0.3402984702639312,0.5482350142988981,0.7878926307147209,0.6503699532907713,0.5915619220519324,0.6849708427185268,0.461532503658697,0.5164743737257443,0.532187017201469,0.3606732201470726,0.6448002367673661,0
0.2960015682160133,0.16971588068817395,0.7934763155730238,0.33994935646368485,0.27176717089309615,0.38470802304818885,0.6115496536177102,0.33967629528408205,0.5053176164056515,0.3097014582041011,0.5490148794310153,0.34159643395586986,0.41676012945544133,0.5464015262700763,0.6020586175978848,0.5019429752888577,0.6067753739638375,0.3967331514711387,0.28812197071510176,0.613157419291986,0
0.5932875457663299,0.844891359113078,0.7173718692831575,0.2848927647651116,0.7799740478332151,0.7370626225381445,0.6007242999472496,0.203250909231078,0.35801832211557305,0.7157401812869694,0.5768413081081638,0.6678297613704912,0.746343450506781,0.11183552739529534,0.24611571255467074,0.7799416806588193,0.6246460608302542,0.7718906525572625,0.5664829911184179,0.6803034573812604,0
0.2730224252216231,0.5683845825468248,0.5769520550650938,0.6523267594322446,0.6151357934957169,0.7032600873818565,0.6025971763111451,0.24623777342791553,0.5506842438866617,0.55324799534087,0.4530303895302805,0.6031080309607315,0.4630209730561845,0.1161363948942058,0.6049294083251548,0.4810771067614083,0.6306359760766098,0.545113846695689,0.6939675506325123,0.43226700220409625,1
0.160099358361469,0.8876704505288375,0.3220037330629937,0.5961032524566251,0.9598963122398239,0.11121100186586053,0.6657080719679487,0.5807160731295036,0.5084955090453525,0.5455786280131929,0.6297973268144281,0.7385549936959857,0.5597377536095125,0.6273621266641286,0.33546449381241294,0.6172866639231832,0.2192827405859773,0.4755058402786071,0.3163393229856982,0.7143963922049478,1
0.10420382285059515,0.6137880778119054,0.7323043584745614,0.6334748224150379,0.5483209252054193,0.7630930204154716,0.7251164209066777,0.2091272490302418,0.3699227119701176,0.5710998358955202,0.5157751906714931,0.5046639992628971,0.2065241194820061,0.1697381540031796,0.5014801463460972,0.49876953834110993,0.6079415873487604,0.6193423905399249,0.718122580864899,0.6440196401930486,1
0.3412143407383828,0.40686807258923857,0.7951265049712026,0.10222244546446041,0.6926692658997111,0.37088489132538915,0.7513979496680641,0.4774765740667115,0.6969719373965197,0.20269348909433677,0.0,0.7385666874205796,0.48300348038681906,0.38536144699924435,0.9813996703159861,0.6696547997431654,0.9101777281480938,0.9138381773740633,0.16789142741811452,0.809478293659701,0
0.4466816923820257,0.7812552130084052,0.5156948690320129,0.9237449390552025,0.6699451089893841,0.5141043298655813,0.6308752551068586,0.288938330106155,0.39469876994220504,0.6679345622528594,0.4971379901210155,0.5412135940185896,0.8287888962227292,0.2663807854361916,0.4300450173706184,0.5278683583206959,0.5157633477251289,0.514286184180288,0.7088613318086282,0.4977505165079948,1
0.753703463338505,0.8092032854001083,0.6399049907032787,0.14574910089554427,0.6629333824802689,0.7476003250450978,0.676941955298156,0.13819731883641811,0.2835997488957557,0.7029692674524131,0.4390357659737522,0.6035350836507383,0.30353018156326905,0.28880141772645074,0.2504715354327982,0.5027749146166395,0.48438969153716704,0.7406851312645232,0.6505789881008328,0.7463233128851627,0
0.23609717230594413,0.4747114532709348,0.7642015944060211,0.14270102178091248,0.3629732195909374,0.22892920932271676,0.6272660525959299,0.180520056325624,0.48177025426354575,0.10923174073657399,0.3192441530434891,0.08535460990524624,0.501758634359691,0.24555194712427664,0.7453228739295789,0.4861824218296353,0.401535370810328,0.33459838907251904,0.417521121649904,0.8239302035412479,0
0.30425447216580837,0.1827234883885887,0.8482561772325683,0.7483462811706401,0.7823764432282441,0.3828782680933727,0.6638925319170546,0.7646924946094091,0.7121642025443433,0.3515600256804631,0.4038467928377592,0.31874837881145635,0.690165599644999,0.2380148315065408,0.5282102252032014,0.27865158717990346,0.40777168164347366,0.35778443042584945,0.5537389224447803,0.5018093340489848,1
0.1999342131213681,0.28067513931648935,0.7807269955690641,0.12892589873236193,0.288972468336564,0.3647015205798253,0.266100343414595,0.15202238932169843,0.7385393005683408,0.3586463684161785,0.5250452497634291,0.686501075728327,0.2480167091672687,0.24119170359516118,0.7218945131998439,0.47874097934971305,0.9068109812708155,0.31924912601809524,0.20835629002714373,0.3484569315307958,0
0.3072945732279241,0.7068502932487086,0.2757370964253271,0.687242792537313,0.6512666262386831,0.2514286491073638,0.6949570095666898,0.6399868157931166,0.3770866665430701,0.6124233521289327,0.5386446123433403,0.596171021787323,0.3019774865767988,0.745052007251632,0.23133062622363199,0.40502810598815603,0.1432891728471321,0.47907519291393974,0.26303884234471087,0.7421620472099735,1
0.6828108649362655,0.760616659736822,0.14637905801593815,0.6538607457864062,0.32775960806057813,0.26994541833555913,0.6351648431788306,0.21886286523608356,0.16894534871015854,0.44904702214810216,0.31325182295235254,0.14570510369357165,0.5273317421574452,0.7336445731870178,0.3973313782119533,0.33096854221119765,0.21567687378183148,0.47258705198356443,0.17328156470002748,0.751935377943088,1
0.24551469857441327,0.24774794602835853,0.5278914569541339,0.30378188315308563,0.14779163842027082,0.44939727137065977,0.2246205262119519,0.2521791801855323,0.7215012791323105,0.3540011889710165,0.2810335629622452,0.49687307633897554,0.37322208727263784,0.317988596303049,0.7904537303451962,0.5176831630439719,0.6772378168079687,0.2124792285469943,0.22403596639168266,0.26119052825159395,0
0.3184923257494313,0.16126513482507238,0.7581065021905635,0.25942167925257975,0.7712653533600698,0.5820282439752082,0.15643480210161115,0.1962632516333059,0.6896632223702869,0.37905047995104557,0.30866612628975154,0.6365125773796504,0.4624450668221037,0.22104113918581303,0.6599015014580748,0.5026692347534625,0.5935321254519706,0.23936495645875536,0.6692088277789344,0.6385089727249723,1
0.35154227107153,0.31506981978224113,0.5872255239612588,0.27601815814651354,0.4254073333741828,0.33440324579913283,0.6371732963165424,0.23579580245241252,0.5334035120493613,0.17927275607783116,0.24813073009253994,0.3376459525287209,0.39667164288908746,0.3471384304136642,0.7501441203063888,0.3662832321340792,0.5079449065110556,0.4723151273738416,0.35352022375828995,0.7891809685727071,0
0.08049759413443452,0.19023125938178514,0.7345448277760264,0.18503987265816496,0.7216758810062648,0.666553818977237,0.1587995864195117,0.1358371761899414,0.7093828839690978,0.3345175450303832,0.4892602346359616,0.5992774914509957,0.6131734157702075,0.3369504615757343,0.8476713115342115,0.7011305052469198,0.5331886179360641,0.14972328933706935,0.802929531308426,0.5704891188176995,1
0.280013716551194,0.1842842164520863,0.5988767899747287,0.18942498743857933,0.8767243765482284,0.3408960187229066,0.6506664371311954,0.8060120908540321,0.7466090594740287,0.30779200822626485,0.4104635411090487,0.6094305197888633,0.52503827389282,0.8800454947266938,0.630942576500481,0.3805375012365064,0.3174035450474457,0.45834853492720073,0.24229748520230282,0.605209448054993,0
0.09119591500585456,0.6748972806370621,0.20305739360232938,0.7407290966379743,0.6913658184878033,0.32960029574277006,0.758008496008116,0.7011978066777105,0.4582759923505115,0.5447423259033494,0.29120764168491964,0.6125607273755584,0.5980781448872206,0.6127960485572818,0.3492797009514821,0.5838134561085164,0.10010733549009157,0.5085613611800216,0.31364581838382355,0.747092112558958,1
0.7630129745406121,0.8732034073976477,0.5844425881611042,0.2763449630958131,0.7081736158562584,0.8699269219632169,0.7657184676105422,0.18576514580518524,0.2699454671062891,0.7589608443219931,0.40642779101522164,0.5898431627009529,0.7338776281925824,0.4072336466736062,0.3270439875333468,0.17163878329129317,0.48277013964367926,0.804477077741717,0.739274522231083,0.6205025147404994,0
0.16142697889892937,0.37169520605169637,0.601848705809557,0.23479520752460817,0.7236222190073506,0.3459485217252104,0.6103105908131286,0.4833178170338152,0.5785472346164057,0.3492775321138868,0.42487058953066426,0.6946950418689126,0.7358985082199514,0.6108492330217354,0.633234065819812,0.3061887796119629,0.39965244223622876,0.4936841663962999,0.42188130954482955,0.8790753799290856,0
0.3623993409343046,0.626828266737345,0.8039911091921826,0.8489530541838493,0.8614201748921633,0.7114833213709786,0.7048201836275858,0.12872809990197237,0.2187290486432394,0.7029497255628009,0.2971387689833004,0.6241872187228132,0.35389003898865246,0.3874042279496118,0.2357850727150338,0.40663737492871965,0.7808971726176718,0.7466783407388315,0.6466430198056754,0.7328580699935556,1
0.15486879640843143,0.8309716027873066,0.23092319087477803,0.6451831383370048,0.7774915318703121,0.23454735681443262,0.7632546811083872,0.6404636830530521,0.5169079871215314,0.5169517598834321,0.25749956083877756,0.7099725550504152,0.5895419720254887,0.6036146839144152,0.4699705120874391,0.574682775542175,0.28441023943765864,0.6161754829377413,0.22068037569167293,0.6726239239613263,1
0.32268849683153966,0.8377417031654787,0.679285682344465,0.7525022414129132,0.3113169507756917,0.7037857130681924,0.2514655231990948,0.5723822080866718,0.42666359921145997,0.9030218020123978,0.3495249608616525,0.7881293064938562,0.3996791605485511,0.6533996751154254,0.7461034897741078,0.8505766509711782,0.687757887263669,0.5003712049260262,0.6254492204499172,0.3815098589154665,0
0.9856692463317753,0.7934162424669087,0.34644249027837565,0.6657187690605303,0.2817784437468079,0.44356752814280764,0.7099558003667306,0.21842706489887861,0.07606663950581505,0.6925895325528308,0.6347051538857078,0.22007456385183055,0.4038233485571412,0.7772489674025422,0.2106479112745714,0.49694770354673334,0.30052660830706496,0.5473553351922227,0.3954017475986355,0.6367197471257767,1
0.3312201119919653,0.28432262418264265,0.6250266562499409,0.4235993842317321,0.3630289632647943,0.27090676878149234,0.15703174622739619,0.2735756487031258,0.6917324622701048,0.37810405292167104,0.40893150943613676,0.6300148750801036,0.3426103207897919,0.3481633190576735,0.7688112721782645,0.4628502128818973,0.6975018582360166,0.20654588314276792,0.34498620732329477,0.4905858293890216,0
0.2789875571038361,0.7607199064257871,0.7250890966118471,0.6383366243533096,0.7761620307945074,0.6075155718100786,0.6352947361249147,0.23165051281574411,0.3043022708052605,0.6534147263279203,0.6525089899830985,0.48983245808291814,0.5562013844441236,0.31519532113914206,0.2833060170168007,0.7365501337364335,0.4596914264146936,0.5190856422877921,0.7253179992461766,0.6863297336166185,1
0.8446411890201682,0.8031660177547303,0.651994975562894,0.22605052813739646,0.7312104093296299,0.6710113940791581,0.520491838653512,0.2665265054522481,0.3789256361614003,0.6778348404117069,0.3667334495673379,0.5702823009810121,0.6110363469687484,0.23741995702901414,0.35000688007084657,0.2431757403909272,0.49270920901765625,0.6768460350649017,0.6153655253246808,0.6867282414296692,0
0.2516629475955541,0.7067979881574645,0.6343512869499857,0.6419196369851395,0.38157531600575856,0.7076560750971823,0.3155945937120175,0.65096078882202,0.46899066393049715,0.8174642716225778,0.7392622221539069,0.5745359064760729,0.5706672096790367,0.868991710864963,0.7101468047926828,0.4966470202307934,0.36075222071127017,0.2693695403063383,0.7471654408361356,0.28839157072891086,0
0.48715120114602595,0.5979067281365792,0.8884410737379795,0.8233558789742581,0.3647516086645094,0.8334981856515806,0.24948785789491199,0.6696869842391262,0.4353799293673002,0.952776782940373,0.31639333967537836,0.7177273437283715,0.4838703535312814,0.7405547875480389,0.6426509217012271,0.3791802598275317,0.801317774306664,0.5175965595026282,0.6217982365841619,0.2561272999777855,0
0.3824419404929448,0.4446485874874655,0.6439588183121858,0.21670565136666725,0.2557375566024776,0.2691082697116099,0.2156705500145525,0.14792432606026756,0.6926258561056932,0.4558770863916251,0.7018626423987375,0.6709530961370419,0.5626403170350598,0.39197005339087143,0.6891615711556824,0.4266940880705144,0.7793934195161372,0.21091056764145896,0.2822952205613176,0.25288418530669665,0
0.39435879884831876,0.7153195188051303,0.6209014199543977,0.6562573821549005,0.7478664080734371,0.7141941338980882,0.5199443978624738,0.35231708727392547,0.4602017155446323,0.7435031031673627,0.40661198390238107,0.712225207526415,0.6328544676497652,0.24805884972724773,0.4014513447067276,0.5101907448015814,0.5566604386090608,0.5663082893443708,0.7210024625945671,0.506285544242482,1
0.39115897876840555,0.33235936639440167,0.8053765308444243,0.26304535729729867,0.7244465594727846,0.688949459753904,0.326840147200987,0.19542916845538513,0.5125311741466301,0.5210070859514508,0.3437996882683221,0.7529894480451554,0.444963522626048,0.33381213820898037,0.5958538638238504,0.3527779973104231,0.6846966027967758,0.5088248742472343,0.6773712025878028,0.7988467177376894,1
0.3823512568135392,0.11037575451442005,0.6250360086922899,0.28650153341914436,0.3292615939208361,0.4480500459227232,0.6725436570100152,0.30330343334239995,0.5760907479735514,0.22538270526252963,0.268735742764382,0.3906426829048682,0.31755665298178537,0.5168344704134572,0.756147692843543,0.3929546600609289,0.5850729382406421,0.4744541456412829,0.33567496863948154,0.6289074836120155,0
0.7147459953219739,0.7679447614968982,0.7568375197689281,0.26898889762932465,0.7012218321915429,0.824351048019784,0.7666536959030077,0.1572071928861945,0.3318615104266158,0.7985778161603858,0.23562541885209945,0.7150888821929405,0.32669850224861696,0.23148385869098526,0.15396811705185715,0.16393281812915034,0.6767720412170384,0.8134715766740087,0.6492479627460146,0.5372185748623485,0
0.9132621135703389,0.6722987285811487,0.2879790601791065,0.4542368395138979,0.30161905998293304,0.2929324532538936,0.7502694546183377,0.034203078365061534,0.2269917071863911,0.4215207702703975,0.38780697427340677,0.14720445306509883,0.47633206832358865,0.5856705494802391,0.3611093359511537,0.6327177524862255,0.3369529784488955,0.4806289320759578,0.3128990398981351,0.6170878797167177,1
0.08153307001471616,0.20931635828354095,0.8566688159255502,0.3503984554871428,0.4514650320700525,0.3439506122703462,0.3968613278709747,0.33422786337925375,0.839258034448285,0.3220968270417641,0.4010685811621074,0.576358188047198,0.4664709042505739,0.08736934477684305,0.6368687142689569,0.5540852335877107,0.8578155595449252,0.2883992840601889,0.23249469196648972,0.20471226301155115,0
0.36311728224484885,0.3419738519385321,0.6155323455957302,0.2763783790067442,0.44767826709640923,0.27758289206160536,0.6441548803936114,0.12331048512592635,0.6057298815322845,0.17650634091912404,0.3175386510086312,0.400668047380176,0.6405878317878009,0.23794249569139792,0.7152647415505389,0.32318340242615584,0.6963550605244364,0.4857228396806971,0.25751133166019646,0.5906769032631289,0
0.13832928269935063,0.26221863249564303,0.8865500651114726,0.3273619132855651,0.3945638889102558,0.3636835719255457,0.2261472522729717,0.28994200511695223,0.8232614358954802,0.36932975340739865,0.265783220585287,0.5349993577019583,0.5280145286207323,0.07914797560182246,0.6651716802977814,0.4864389252763065,0.8401181912200034,0.17813070965215427,0.3036256747586594,0.1651818321593142,0
0.7448382029037579,0.6915774403419581,0.6679035222809508,0.096707026229503,0.8448410694014908,0.7867854102476521,0.5220504152722487,0.2857622617766533,0.4024936157255113,0.7020399343512693,0.6237964378626295,0.6620344526830202,0.48441770875995604,0.25659552616476355,0.2443472919745318,0.4092988265666866,0.40741193577418394,0.657960734191098,0.6851998366224561,0.7432705754318771,0
0.22183501960099566,0.29299941479733144,0.6813650898437549,0.16020074466669798,0.3362480372785265,0.35335134775766774,0.238135367054336,0.22812981376006258,0.8082815395661657,0.3466006245941846,0.6797364751363101,0.5717822994891946,0.5266074552551225,0.30839843231521114,0.7462818339063179,0.5444836831239852,0.7251828935686582,0.1612700283152322,0.2842361760105755,0.17364611183445178,0
0.2626802833002874,0.3876020041480397,0.6324059339302839,0.3334623036155465,0.2620244865132498,0.39943617718249735,0.20103014946132797,0.17207255509634584,0.6681439163042955,0.39995093157263656,0.46414178837721487,0.47808529928785093,0.34930129313502256,0.3376015093675031,0.7144042828745198,0.3297573018940836,0.7560738887065586,0.21162635350970105,0.23005537718742594,0.22133478977677717,0
0.5252557059793481,0.38105524455974155,0.7491735127030852,0.8164748068184335,0.6151057761036571,0.19680664783778473,0.6687869204464809,0.5134253021363082,0.6435564926618218,0.3633410041339906,0.6312819329481623,0.21196898763769337,0.5078233858387272,0.18326129192891844,0.4085119538609642,0.6180542263843551,0.6061708628441688,0.37043452896667606,0.26962316578937484,0.25412523222778466,1
0.21614797099918254,0.32013684251010227,0.45164921202951896,0.3955654290229282,0.3863042652594327,0.3100766313099414,0.7203394124201359,0.1205104789488996,0.5066820472498497,0.19582042958699253,0.45097858339161645,0.368728543258684,0.4729004589035356,0.27721035765100627,0.6173092541514821,0.5908931495099564,0.4527120694685941,0.41479587419689984,0.37449031801987,0.7495238846222113,0
0.4795587951567969,0.7621390675915621,0.4931794134728032,0.7923683749129669,0.660347867920478,0.7463679301021033,0.7239430325147924,0.3521404581903025,0.4313243785910009,0.8030384065915355,0.5060757436074967,1.0,0.5341763583416543,0.2508112801640796,0.43279913103649187,0.5159825342989731,0.9340012111950398,1.0,0.3863402246929004,0.5100135502741662,1
0.16028368696936768,0.357347146629596,0.7274588225084422,0.2797332984262868,0.312816500134832,0.31745945543590237,0.6996987707169898,0.1906002607510723,0.43380299313915244,0.17032543229384678,0.4825225298220259,0.22125722636529727,0.5267650920014756,0.29385625012743,0.6776391252459475,0.5458122568763609,0.483021911796223,0.43796713600663156,0.382721525671348,0.8866035341114789,0
0.351095738346633,0.6741062672595324,0.7766204038085578,0.7748407939596097,0.2805984637497258,0.8440018485557931,0.3196048287414588,0.7033402005135165,0.4296386968877475,0.9846721156474794,0.4823896547993131,0.7311537071786174,0.24632085635469686,0.6810442088720747,0.5941595763121026,0.8244948515505253,0.5671119266339126,0.4324778270371327,0.7630666973397641,0.30241239660504043,0
0.21204609932329116,0.235261152243462,0.6979665578241888,0.3780117725540221,0.19604393251012192,0.3255109692095789,0.7236281235647157,0.22830372711812816,0.48850955198792295,0.21526614841216263,0.3156577169950461,0.2930802366376618,0.44906144464916076,0.3844354237597397,0.6833245811917685,0.5458399026936578,0.5814331379899683,0.4256655918724617,0.3276043759362701,0.698266903784468,0
0.23945218108617894,0.29023956555834296,0.6751566991444582,0.30610417426038733,0.7343387025342744,0.41716614917310735,0.6643628700128899,0.714740194490662,0.6043443664724163,0.3585372974294494,0.699524530402835,0.5636251697740606,0.3318261812773101,0.7642871309605532,0.6500436517640236,0.4894816371112729,0.40891807720124196,0.5520830239662944,0.3037590331962211,0.7387029239416081,0
0.3235464442952758,0.42160277798507007,0.7689949553850866,0.7152547332025678,0.7938716553701155,0.3425552332180616,0.5989120324360669,0.5748783531502074,0.5928792287855777,0.3958515296038779,0.21896483331416153,0.222200798482903,0.5628983172381214,0.40586652436876014,0.40841161525961733,0.7472087561758609,0.506047929877387,0.37322847618922594,0.2858889157802764,0.33891591700838813,1
0.6589346288525936,0.9747422706425226,0.31724708815874214,0.8712406390603717,0.49508411805972924,0.33481654229418967,0.6155031045727234,0.40836649512338374,0.05414131309391196,0.685872581235497,0.29052602829767893,0.13795552185276266,0.2652130020807707,0.961063460647797,0.23498112870574556,0.4662203649909045,0.17465926892115508,0.4684101454548921,0.28505779908740264,0.6659246906106826,1
0.3775257781573683,0.22524245476985555,0.5777209208385865,0.249194528365234,0.8742771563832259,0.7904493495431801,0.23304167780176852,0.23125146214267356,0.631506522313,0.3334809067042282,0.2845353522542953,0.5654280726889405,0.706160749095462,0.2948845236203478,0.787241495110264,0.6944013025045438,0.5725731648674426,0.47835259017505555,0.5677037007191723,0.7202821219906926,1
0.2971511442114817,0.22781806115833825,0.5915753582137873,0.31566744334842683,0.36330264739689,0.15454680877037624,0.27420107873577,0.2798024023985794,0.8674774839529374,0.24177387509937548,0.514392399740949,0.5383062240829427,0.4163498327937676,0.249119139443083,0.8414031252931344,0.5530511242453079,0.6098275765386778,0.0726329947248679,0.38653550107540424,0.2696074529304465,0
0.25932072030222386,0.17232292050881198,0.7393194565573413,0.7119299454482558,0.6611453349464085,0.30863912982678066,0.7172379250664838,0.662061875130373,0.7087715859531523,0.4038934089415782,0.4500213617024187,0.3004142014030677,0.5229998621255487,0.19419148081667026,0.18335401101720472,0.6912924117164029,0.39051064073266556,0.26279732902383024,0.30609288461213213,0.2646396795898461,1
0.23067011969984974,0.3745813046351607,0.5729594561245829,0.2980205720907131,0.6046476466842479,0.883481702705419,0.2585290767943531,0.1515750785124696,0.44314309175702815,0.4029859762917355,0.1724430508369208,0.3984350970877809,0.6075539219094526,0.3410993260145345,0.7953759838608385,0.47299783044376653,0.4037790307706605,0.3902007111302314,0.7546891945575293,0.8164695323662235,1
0.7975501797210919,0.7666680308540873,0.6722819215404171,0.365735582626714,0.6822361262939927,0.5905777680065594,0.5760967193362891,0.34024118069859904,0.37047004139008566,0.6586631438993209,0.3629443078383079,0.5366584503096905,0.6222232847029799,0.16510969838606482,0.3365445875540101,0.49346687491984215,0.43512766364229727,0.6474280875741201,0.6653435459026912,0.7715808762773875,0
0.46973346880864386,0.7578003102779554,0.528416901018273,0.8095884219609055,0.7358761306291502,0.6439272280702537,0.686908625417705,0.30027811581192343,0.35993139466162993,0.7354385729557354,0.7079689776198195,0.7253980699350475,0.49250633355694706,0.319263973837416,0.3753175126880015,0.6400490762814388,0.5902865542802906,0.6970571640398735,0.6803921020701176,0.615413434589811,1
0.2878939138468234,0.3642706651631379,0.7221458888885195,0.8509639395945064,0.7976843124761773,0.3225327451998774,0.722523325972377,0.42224111949261656,0.5697605696638893,0.4232100433130176,0.3987760482639767,0.34579959696343776,0.3509767424935921,0.17763995613430295,0.25129507424153025,0.40262811246146646,0.511353289607547,0.37469099294845254,0.44671151557147876,0.4214046205974605,1
0.44615631367177516,0.3066102593422674,0.6298278339874146,0.34148104100151366,0.6775832464023785,0.30271563211137736,0.5121004558115454,0.6767869078481362,0.6917445554134614,0.3270874214430749,0.7358638822981847,0.6303676509704436,0.23252620384079997,0.575159287436444,0.7733228570490597,0.6022729546157874,0.5591844224169118,0.5635596940638223,0.22525005587493868,0.7039470002842552,0
0.31346125861443297,0.7993880913705791,0.6121440962680568,0.71822309656118,0.3090180995241006,0.8271828792267946,0.3848256841177977,0.5631245487658999,0.37689602930923266,0.9453664992481807,0.591688493225294,0.6414086231148441,0.4547316159626843,0.7646216051019106,0.5539501921208453,0.49515606829626296,0.4824592760315158,0.4152135207392672,0.6962553142536274,0.24119714129995656,1
0.43864088941296986,0.607991773863116,0.6583513880228143,0.6612052998527835,0.7218628001319114,0.722658939530368,0.7375186228940127,0.1840103837444818,0.405672289563198,0.6206200013433021,0.4552168875057715,0.6706619020818689,0.6947521926794042,0.26062894650365226,0.5038491008501734,0.5407792016790836,0.6839652474794808,0.7050273672648926,0.7727876938734214,0.6135089489209045,1
0.4388908704539646,0.2666188034693997,0.5658907186093625,0.3756650924784634,0.29215944579019903,0.2326479175533781,0.33991001276024657,0.2541257237373471,0.7002839086099736,0.41383744932385846,0.3911001350126204,0.6872041105258109,0.3070146359254262,0.4226835660824948,0.6753144087777976,0.6490784779960593,0.664498407495898,0.223642241233018,0.36921523854124505,0.3873745383102041,0
0.1351182954276905,0.3810338495984903,0.655864175839189,0.3236148740009032,0.291470471946487,0.16162422141773092,0.7303686340007592,0.08906921197402295,0.515738233826841,0.09573040874020178,0.8795897368811973,0.15489472715401642,0.33161484137689157,0.16361545382446568,0.6747593287999935,0.09676200639555371,0.43988448983157785,0.2861037295451928,0.4192411637891349,0.7293606884639143,0
0.10113858225426886,0.6810797085370288,0.7670126093246382,0.5078587429653983,0.7778736908683732,0.6104308683101491,0.5981957963410915,0.18951735450890747,0.321868120540999,0.5565648996143827,0.5631554777693324,0.35924748900410697,0.5034767857068231,0.24546307397461453,0.2955253429289949,0.5959824822985682,0.2533667948420971,0.32829910747608027,0.8926220395120162,0.7822104370355134,1
0.09300488722105371,0.47259329151857266,0.5442888957917658,0.2511767508945457,0.6888171496686869,0.7755452094875277,0.32714327718735525,0.23530462537516672,0.5647030247120878,0.42749403555378984,0.5064871679984987,0.5617461368516772,0.6962200215066975,0.3581690804226467,0.7706013444632651,0.1969555646796955,0.44275752601902546,0.4000633917435209,0.6554699584503174,0.6482493930107674,1
0.28151046056638607,0.29660420021357536,0.7300675000492991,0.7331606597144503,0.7251272582364197,0.19024394533883754,0.6861656656102111,0.4139859998932614,0.6508066454281798,0.35404132890532014,0.560054071764367,0.22439687350879145,0.49314032529798363,0.30607448500619483,0.19364465684149879,0.5886606295951728,0.5403723374814277,0.23455992652747618,0.19631216324320372,0.15118450312000703,1
0.37206490144888593,0.8687510746358535,0.2984628777681867,0.6097654340731309,0.8785284387277648,0.1529941207144071,0.907769449681691,0.3325388566668387,0.4753140974202034,0.4987227099627686,0.6169226477428057,0.7178990054496661,0.5452903319546403,0.8088082060971982,0.446680497612555,0.5528355607325466,0.5430643138099929,0.6740194064363094,0.20769702409965884,0.45499175979360984,1
0.28484078156011355,0.691088113852907,0.6055768026372319,0.5881356474541315,0.2297414248396571,0.6280888330241525,0.28984148355563777,0.7338077161385241,0.4856732767445071,0.761432056245538,0.5269774433008038,0.5252820595810805,0.1784381706558567,0.7560348228843168,0.7343220342988197,0.552409021356582,0.3399739211707814,0.2947707191215425,0.5900400939857343,0.3744317287391543,0
0.729067858634942,0.7691531306262116,0.5247785310495282,0.4245764627110017,0.7813244522407643,0.6574791110297475,0.8713394235543133,0.3619073792702314,0.4502693950254069,0.6007635499478612,0.4760622931692074,0.588132344436735,0.6325163883133554,0.2746487146892683,0.46552465240031565,0.44946561258086015,0.46295275621317195,0.7937058389711333,0.6847756450040874,0.5947103129567266,0
0.7982717437925859,0.8719934895647363,0.3516250517625514,0.9607300303852183,0.21030671261511752,0.22414489622504985,0.6710138943051798,0.41097580092522956,0.02064390285241169,0.7123100369750663,0.2962416663398973,0.2608930848000811,0.7437211368547066,0.8170259511852502,0.20491868539582875,0.6938842381094336,0.32701541051655336,0.5696178871686262,0.20448987779502198,0.8059565194870343,1
0.6946207503491948,0.6142466447253514,0.7130615714037783,0.14197069111482513,0.9239821095684568,0.7186677146736506,0.61783146139551,0.1653880116677039,0.48628867427966305,0.6529466287057681,0.6571219448634589,0.85810904946568,0.6089201455101008,0.1626796176366715,0.30400099186308077,0.6261410506841302,0.6397616188853597,0.7449836130065477,0.699808987613949,0.7133454642165447,0
0.609419719548349,0.57196795941432,0.21108331012937287,0.6353903556427561,0.35337471338950693,0.23533387855889992,0.7391453923950005,0.18844456965194803,0.24894766232130056,0.44916435222548234,0.7181866570173685,0.3095539749159846,0.6130907458244181,0.714752809078252,0.3076573392836923,0.5830714066961158,0.2658832146453747,0.4323492016367021,0.2567748768747349,0.7116009070821765,1
0.1907545163257856,0.8816528304200275,0.6905486548953539,0.775825513270696,0.3371123406964194,0.8006541723409237,0.3573731853756045,0.5148604024141894,0.39031666128427134,0.9149193193925356,0.48205816915427624,0.8018373094306301,0.5385628691243696,0.6516979397345776,0.7834790692833545,0.7007610559272819,0.6683035514873388,0.5348028162572828,0.780619535681516,0.4060167988154922,0
0.2678657505739601,0.8394735748180995,0.7101346006287758,0.6761553097806068,0.44081571961648236,1.0,0.3386754109825692,0.5776712888045308,0.3565233376959712,0.9976681575983317,0.37885740822585895,0.5641640354865772,0.6348214434193107,0.8551990170384974,0.5788031337442037,1.0,0.40546901608978336,0.35857286909985314,0.8915976662844693,0.17903070484245348,0
0.2427859307511423,0.7848247954051608,0.7122160589120109,0.5138297070127114,0.3994944430962792,0.6286431688597823,0.1306783183309036,0.6200711934619014,0.4916620134531302,0.7826693892660053,0.706269585547914,0.5404111719167134,0.4964199228008532,0.8486024446856779,0.7522317004382624,0.3860545466397182,0.44793796430061833,0.2291234827555739,0.5927987532842066,0.27493282800481034,1
0.9142409243684739,0.7464003947810054,0.7787583386166559,0.14205166048077944,0.6827000618598736,0.6842143349277379,0.37523846798250093,0.26490180263106006,0.2668931453107368,0.7510025182686977,0.43701491533741954,0.49113599119571144,0.6623955081679507,0.3502017462452016,0.1732807036245092,0.5315483553554063,0.4009338497266818,0.5577089061559839,0.630643182707077,0.7988947331363355,0
0.3027636172299558,0.6568970403929377,0.6211266132989164,0.8021317554518308,0.27398289173352874,0.492783685585559,0.3966864288270374,0.6092314485562489,0.544611475294707,0.7014811280422348,0.25399190898676904,0.5543741609592842,0.5331379042091368,0.6980063537243075,0.8173776781750686,0.5946722531707185,0.49165198005111266,0.26987161321952513,0.6874688382882364,0.24680637419521023,0
0.15137423712228087,0.7924994095973092,0.17615804094064924,0.7250133890450048,0.8751317304576502,0.33843882406899245,0.722575188646368,0.6225206888558936,0.44570328179359847,0.5474294968329962,0.47810746740094906,0.6369629286123917,0.41054526090212234,0.6649217346911513,0.3851545245776784,0.7990746310778846,0.14643665772979836,0.5562729359568623,0.3272128918829423,0.7339357043592503,1
0.16170063984678723,0.6649328858409078,0.8543625576051072,0.4495323888148415,0.8426550501022998,0.8299015325308354,0.6626002067858653,0.09721463430976018,0.21951810226895674,0.6633128194808887,0.39024494667772275,0.6030972074547409,0.49122117583950253,0.3165407776818373,0.23694529045518353,0.3787493417128527,0.5992791936869503,0.6907770985844266,0.7321050544236747,0.8817748647921857,1
0.3670068094819826,0.2051623978804047,0.6696264619400785,0.4279283408394539,0.42242967167053797,0.40414001259311444,0.6559580839583856,0.303916611089324,0.5618502513981461,0.3223857771520877,0.3803552876493335,0.5471023145045588,0.3294695193107601,0.30718558279448016,0.5811513745364953,0.5206624899515181,0.7305401075472775,0.5821853910412516,0.24792173900409606,0.6658802915740538,0
0.2518085636501006,0.3518510643945626,0.4886922602500238,0.24513834363177775,0.2844458179506668,0.3056547325294621,0.1737440989957676,0.13295540613230838,0.7717719228111882,0.2380223748942863,0.44079301277007044,0.4034736464545661,0.6224286601898475,0.35819085553479757,0.9229631085813634,0.578071940918933,0.6420194396596168,0.0979028957814655,0.26834697449906353,0.19819387460872,0
0.5690753858592067,0.6852428548095917,0.2780035112229926,0.6457837204625309,0.20403419514354082,0.26151801852730333,0.6506606480337891,0.19434909814810622,0.2414055848190121,0.4928154844962279,0.492052476013544,0.2719504916503078,0.5379535454005945,0.5272126999802291,0.3322883538644717,0.36461786550027375,0.34173669634581966,0.4401323822275517,0.21239578632720052,0.6687193103979107,1
0.3223300956514852,0.23185975060602287,0.6865893968522021,0.17883815335446124,0.19119215084866314,0.2875826567891384,0.3015688565897721,0.18162491308995113,0.7244224016595836,0.3455326683039932,0.6844383015608428,0.7367390671444858,0.5854238823259316,0.28296896773184865,0.7918941765222635,0.674304141314666,0.8326722522840533,0.31789227040255874,0.2861319477155285,0.4785426502269407,0
0.43039135023175645,0.3384764056598037,0.7187505968942544,0.2446700195635978,0.7299659712951699,0.8174219789929933,0.19420331971211235,0.21151475103997971,0.5184706576845155,0.45862157759982003,0.19910330883865163,0.5574573512085491,0.5611280047569293,0.3896315331416159,0.7731187956803154,0.32607487927320356,0.5910790690093715,0.452174056606778,0.6944496227945588,0.7452175581847469,1
0.7095687587033895,0.8590880867896541,0.2399401112211697,0.5929605790975956,0.3326886823660341,0.43660478283978854,0.745761880835516,0.17961506945907194,0.20528709401181544,0.5780487305741535,0.7927627203310215,0.27408588870936557,0.7158891134523506,0.8416709153810069,0.4787059667567583,0.4515345889009906,0.34669120697666617,0.539911827862914,0.3681482480245835,0.48796573732283255,1
0.27049319334695665,0.31850239226898636,0.5536302329860866,0.2307156893899006,0.17749732445380612,0.4815333999805122,0.1361270078133172,0.1941641259321192,0.6553950048445776,0.398863625944214,0.5093732885231348,0.531912164583136,0.4016937105738355,0.45054829392340123,0.7983572223997006,0.7926029677186959,0.7205579655023986,0.23465362671428408,0.20199462087079623,0.3093580172506586,0
0.7074205700077927,0.7811003448030978,0.8245659929009806,0.36361971238693525,0.7308828671449312,0.6116683575515829,0.5821872118351549,0.18889356215081102,0.1860206735616034,0.8009023667842164,0.1777506373918264,0.6414504771299963,0.5619092187920358,0.4472438862705646,0.1082353335020696,0.4999751130464801,0.491273331759398,0.6213902626692662,0.7369075428376022,0.868495431870081,0
0.20969638178701117,0.8053078658155348,0.7856703782171028,0.6237767893080766,0.27150819891399836,0.7705064535175804,0.2544273664685852,0.5067180230806695,0.4123602821220524,0.8681830922224812,0.12939539953505635,0.5856060899191236,0.44835964289446095,0.7304154264521568,0.7181117718868261,0.5353626957052726,0.5892229186480532,0.3382815587316646,0.7099579533081596,0.2504718184922723,0
0.917682110682794,0.8113727194330036,0.5950800651666157,0.161127758904606,0.5987227232241118,0.6563593630727413,0.6571738415788478,0.2186798344156983,0.24519666613129393,0.7582215744838536,0.6135783123579616,0.5900038035428017,0.6012607248424301,0.3252737801565299,0.15411795347802626,0.4732664756069107,0.2971854655338057,0.6461130381160549,0.7433951407343176,0.8414813581032035,0
0.2986167526961875,0.3602796696219452,0.8247329582312145,0.15675898608723232,0.602417293583414,0.8218295673001239,0.13243150628987616,0.14691402848732604,0.5126707152183743,0.5317662182459295,0.2937783585303113,0.6312333992974501,0.4252479482833338,0.44545995216329537,0.763759647008504,0.6957461562956557,0.6149158234222805,0.3335919791822698,0.7952174881635853,0.6785744233931064,1
0.23683091323889405,0.7234569781016553,0.19920882171860416,0.7786431061026291,0.6535713249859599,0.2651684491925185,0.6907747289729614,0.6180609794200675,0.4055361146991066,0.544888556508063,0.5887589953449147,0.5747941189533677,0.5719229815370843,0.6611595187811375,0.3987834277947578,0.4572786659055699,0.14113757687383927,0.4888201641721181,0.3301467273190589,0.7768005444005256,1
0.813380024103741,0.6833126158168012,0.2044271467604546,0.7340819731850576,0.2206735573378854,0.24244713074063795,0.6839269775386699,0.2764803191041638,0.12004355816849493,0.5194926495430932,0.5017871432888797,0.12569951835574678,0.36290930574292535,0.6084818934795044,0.21207499587852313,0.5046104879611313,0.1252592551263621,0.4330166059537621,0.27010415679447436,0.8376300441747002,1
0.41990607489845166,0.7311852692446505,0.3635345218066879,0.68311446211307,0.6196545355428714,0.06730093666556508,0.67705104899294,0.46040056145128894,0.4219015545511432,0.6761887294039625,0.3289916872232579,0.8647364040577998,0.19764903393804828,0.8504505276992071,0.25168589225941856,0.5805574229504286,0.45407869113500243,0.4831424331856902,0.24065691870377834,0.5930769698780349,1
0.44319157108798585,0.3646871636554722,0.6833102754855848,0.2867811553188761,0.4906100024003686,0.33304818782021506,0.6099816707233144,0.32273891307055885,0.6145277965325281,0.22346975495922983,0.3390476692106334,0.4343224215426052,0.4134424538855188,0.2505066370014191,0.7535173603692382,0.7362799831996947,0.7422038115335122,0.6190060994265438,0.17419018529356478,0.6480722580736343,0
0.2986093910660062,0.6850730434711403,0.7528945245709742,0.6371405074859382,0.40551769199526755,0.8367384221308236,0.13879303207986482,0.7733643285587787,0.4793364846334998,0.880818818793704,0.5688966926620516,0.540750848274385,0.6593680745012651,0.7701326577135164,0.6948682200700258,0.4382101419870913,0.39445472907296764,0.28271225279155454,0.721301272605593,0.29529912354649507,0
0.6743973840344767,0.5307203125273139,0.8093786331922248,0.2602890954161884,0.7924223573791118,0.731511920866454,0.6564767141200599,0.20336737533251226,0.322870634363814,0.6521864948023586,0.49387475386748547,0.5934636618958572,0.36617209175128085,0.4283922960801365,0.26230560888482185,0.4722542269914583,0.4924763840912581,0.6270521986806419,0.7776530104639838,0.7889639552963599,0
0.7309498451203088,0.7035658212048505,0.3891030313910931,0.5414266356614211,0.2919831677591773,0.336572619016167,0.7597213558716318,0.1117865471061339,0.17512358090020108,0.5146948976128266,0.6383040203300285,0.27076553477578036,0.16849642415571975,0.6425618361492098,0.32399422861603344,0.4888017794543721,0.4154700626336207,0.552207058684428,0.30439917157518537,0.6926179096680154,1
0.27066945233780193,0.8326145404489023,0.22730930861720436,0.6082161153230021,0.6590095290395345,0.2513740002729418,0.718425121972687,0.6761232284718616,0.46703097700558993,0.5958235456108456,0.335361146556743,0.6404469307749083,0.4189233720852957,0.6258868947277718,0.3694369809904059,0.5369926859674548,0.09945353657420528,0.4862782425427251,0.3558086921744391,0.6858418781082778,1
0.18363897891709952,0.2633699770427235,0.6401271378096348,0.2174886404550817,0.6844230754808545,0.4469436433020608,0.6277019829921833,0.6366811810108568,0.5886970509271926,0.3317263214048831,0.3446818547303099,0.570926028158152,0.34229368141104544,0.6852411484812985,0.6419176132456091,0.3389589447203055,0.3626673427094498,0.5235328143171719,0.33063970748411897,0.8324173881276882,0
0.8277956701625104,0.7254765420341915,0.3834172753299292,0.6457448641186894,0.37867581124266747,0.2447314526224802,0.6461059494603051,0.3297195892608338,0.16518490088909193,0.5632338177212316,0.35428947503342056,0.08643661406160319,0.691116062478193,0.8525049261348749,0.19448849510663424,0.6077288476698481,0.213724073090583,0.38366505146543245,0.22092458421339506,0.5838297981119174,1
0.2506845831943607,0.690481760566948,0.6521060091114327,0.6559025889045236,0.27248407775323485,0.7705929555307074,0.31912141969115804,0.6970361685444908,0.4878328054271696,0.9118641615288966,0.3217045618462233,0.6829078168088196,0.5658261261620736,0.734371545774805,0.5954380767644388,0.29669283893666665,0.45436047627054443,0.33896470640292664,0.6554706512212579,0.21893654922101902,0
0.3750057836756766,0.8195778780062433,0.355288510823595,0.5760942621787392,0.6455347625786176,0.2629473546737794,0.49161441782448567,0.7255769511679951,0.3560001756871647,0.702236494404696,0.29922307023440947,0.587845177945685,0.6144358459900281,0.7389437663711946,0.1803946839731176,0.48086820615705805,0.10019516581460938,0.4287345401231354,0.2260885021553512,0.7698664486824018,1
0.7519471337960779,0.7545683024737887,0.7498839878615471,0.1256024036412982,0.7217927862096332,0.7827345420781009,0.4789250314352622,0.14603195216844722,0.33924687813231647,0.723765285024988,0.46619270506729266,0.6497252678192561,0.6080158578945288,0.2277159230699033,0.27795049301308505,0.5359181252236497,0.5894024798025415,0.6907625184994324,0.6390923862730735,0.7114276377043127,0
0.260628308574823,0.6858808229387812,0.6524209839198629,0.6828067971876042,0.8086504100978318,0.8505726328545667,0.7131238724710887,0.15657368376576258,0.21593886174473215,0.7311346518106682,0.4319695756502996,0.7467392105421957,0.6563783390761729,0.36685586241474466,0.2695162742601067,0.4748020178535213,0.7062921550158991,0.8522250105129066,0.6023355100906682,0.8294652037710053,1
0.13664787710773524,0.20836618050363864,0.7348161054214388,0.1487447052700438,0.6845357407191714,0.7461684744184692,0.11420612530930879,0.07646057826079089,0.601919922980332,0.4101559432757364,0.4784760742836297,0.5838535342160897,0.5605152049590252,0.41356417775180476,0.7694691692612929,0.6030401159135728,0.43345117279974177,0.10638922115838767,0.9290150090956968,0.6714121196587386,1
0.38191666782308265,0.789082044023922,0.6265873854217002,0.7995498306064488,0.31619436609792306,0.7178047549751342,0.17432484640124718,0.6240433135539272,0.40163552361019866,0.8348324006245937,0.5376624074694317,0.473013113455759,0.4922093745875958,0.7149581965309737,0.7884319248559808,0.7210686577695934,0.35853553768841095,0.254677400193861,0.8313957535896878,0.3907965290581884,0
0.26541341178315236,0.13916351280270356,0.6050133989951215,0.33683824610667823,0.24087442011639493,0.2671712790092095,0.727941735492198,0.18499561323607427,0.5633019260568082,0.12834412274409285,0.39220422481702244,0.11971688942289693,0.4559720382568296,0.2779963069478613,0.556996029571966,0.5332061833950203,0.4059463685355425,0.24233520877203435,0.32712257223896135,0.5561839136486497,0
0.2768679999515885,0.30318099694213413,0.7190048485096984,0.16161233901456645,0.8148804729719638,0.23334183103713207,0.8383008459950375,0.579017390510825,0.685518628072504,0.1991911967434299,0.4043151607945204,0.6368767764673099,0.4926688722566855,0.7944556040047825,0.8000043199025269,0.6233856039244954,0.6294361685873915,0.6827535383173107,0.18517030654110872,0.7046951537486118,0
0.8251576662689163,0.7497479037246872,0.47730966215155685,0.5938119146837113,0.24799053989904546,0.21841988378330673,0.7765582337786532,0.18052905231341257,0.1529323828124462,0.5637440107027387,0.32816785236867396,0.3018250257825737,0.7543122637288907,0.7246634172388379,0.28761578239223334,0.33796879733508245,0.5016820742511372,0.5864303202843041,0.2211107572743451,0.6743822438517504,1
0.21805952071087897,0.7017265978945759,0.2833412197455819,0.6669584363765645,0.789253383424362,0.18378022068027683,0.8556141902479859,0.514608225865672,0.4433925288206811,0.4967137091481028,0.26516104687013264,0.5573486681065005,0.6092858247377495,0.7604909460038802,0.2910175249051657,0.5445407758657971,0.18952716393451954,0.4631297267709836,0.31280803809368873,0.6148161270198268,1
0.15315813749954932,0.44509461136843353,0.6748433188286838,0.40337991057660405,0.629483059425218,0.27553337478311635,0.6967916003572453,0.6251380523399788,0.6423108868612911,0.3665998585769227,0.415427428304779,0.6935589258718466,0.46073623999825725,0.6681414484215774,0.7885858757633722,0.5973778054043477,0.57133362476313,0.5689757256250361,0.3359914214557895,0.6685793787124807,0
0.3518739955322697,0.17292977548933702,0.6278852834659392,0.3417260389745535,0.4555681122354418,0.11479142709092743,0.3754737125266076,0.27185340441425476,0.8898551849425552,0.26329926339176707,0.6118018981635971,0.6415806999298487,0.19571494262482902,0.23857084828194353,0.7204086544742594,0.4087441680111781,0.7029871112283013,0.1463202772330559,0.33876745377127926,0.2362189895938051,0
0.21088559799455364,0.2885160942334744,0.7517314447354304,0.21670671340841624,0.7884951452979098,0.3368069579015319,0.8312495452552908,0.5167499091111346,0.557242163023884,0.1878425494787192,0.368215094494673,0.5163442508154625,0.669199914248104,0.8239226296622886,0.7831897260743242,0.4433947858624114,0.6206644980305502,0.7200603850843525,0.18982166728240424,0.8412285384107797,0
0.15966654135457203,0.3416491716498151,0.7100145380643685,0.24816712682471184,0.7961695419635457,0.3423078106338537,0.8312182499207375,0.47207736024714275,0.5510001320816511,0.22690127922141884,0.3522037656299887,0.5435724478801273,0.4765268118123635,0.8660917985761537,0.7572804419462263,0.6103525647235241,0.607921793930627,0.6781847699285012,0.22304745184600194,0.7636296211021728,0
0.3749135457164714,0.358700244367829,0.6742146969133368,0.46780943512881995,0.4504638682821642,0.25970006882862806,0.23580377974101047,0.22605642138466014,0.6786443794305754,0.4513889359899456,0.2802481566389524,0.6034538360350992,0.5113090487689294,0.36286369760964066,0.5947414564966315,0.4455210531230106,0.7133068750286158,0.1763946551718354,0.36946809712354683,0.30664264095280214,0
0.41149130053224103,0.6905630888963554,0.3998956025004733,0.5856829967683335,0.762264637564453,0.4336098920789785,0.6573517916977588,0.753100686812242,0.3793414695142952,0.6540010234434037,0.5351590610538572,0.5402055046593627,0.4336204353046429,0.8277839658097081,0.2614203440812157,0.6570428519240161,0.16247141204949558,0.5594569805770395,0.28317644703021083,0.701363407391594,1
0.3180250845780248,0.3020813271286787,0.7813334905528011,0.23525149843692997,0.2616397254135856,0.37045825470309546,0.6604981658394432,0.24526250830937898,0.449128820756446,0.2390807739460209,0.38612461314037094,0.1949247988892819,0.5004737133552697,0.4428758008916735,0.6541983731919567,0.5799351638912104,0.4952560933527786,0.3912672558357418,0.38771199497920306,0.7221532175982557,0
0.8237277986026674,0.7097330973852398,0.7292142090957907,0.32160258253373325,0.5247057982604656,0.5220689750077141,0.7149131763692533,0.1482076556498459,0.18323246742049676,0.7067292435327397,0.40870038598213676,0.5575343765010736,0.4747235087308781,0.325873162148063,0.14143314131645368,0.17975361166747905,0.38130255777770117,0.6033883125966105,0.783325043505013,0.9618718676141045,0
0.11969417611018851,0.8731691256675768,0.09407366350907415,0.7485704180051511,0.9010460496153706,0.2157935594770642,0.7771344599309127,0.5213172103314845,0.4888524862613097,0.49171533952747204,0.4379985815061902,0.7293564711762057,0.5970371191603772,0.6574272290285562,0.4719874986570596,0.5465006866083407,0.2794428033570893,0.616968144128636,0.22983733813249485,0.6768662273183558,1
0.9189182746977385,0.8796779176245992,0.24761054279033837,0.7496725002591996,0.4201018478871731,0.2806436690954951,0.7019573636672826,0.2717836632440065,0.08414641374956078,0.60928170323928,0.3751309527523588,0.1431897844340062,0.2990826967141216,0.7736717548660361,0.23397353295193113,0.5169418735788314,0.13535998667812874,0.47309406733020004,0.39799833818630564,0.7454492664217114,1
0.3385611602717929,0.11102376213107856,0.7506661937204049,0.36566155976183823,0.8772374851988113,0.18898724760124475,0.7149281559540431,0.5872208250321612,0.7599130077173581,0.2518752903170107,0.36863101466256126,0.6618157237055289,0.3016366948221231,0.7644364185248639,0.6496004201462753,0.357599932513358,0.6582757161464863,0.4996802384644012,0.22428314282126077,0.526333702107308,0
0.36708836771720166,0.7845438754792013,0.6351681069121845,0.600114680866545,0.2595353362653559,0.6950526263109842,0.1495743984871144,0.5944744572111157,0.4075869012963688,0.8837579090204453,0.3949088939949751,0.5405027045047825,0.40189731815120194,0.8348723917585537,0.608418349885813,0.4422993535424532,0.44554383121939684,0.26567968794747443,0.5506282285337457,0.24833983888688893,0
0.23419859960147493,0.286336808521338,0.7438057706581405,0.6716062692571028,0.7634181432577994,0.30157919466221056,0.6675013385495159,0.7217764237004805,0.7864626052917174,0.3767234487143532,0.6651962312082214,0.3012509292012931,0.4901595661812606,0.16614418858655355,0.34293732257227055,0.36709733461593363,0.3758416338688279,0.2563769087741776,0.3674145355505518,0.21457758045897746,1
0.8701697395748667,0.8561215557600419,0.2889168674102043,0.7270860672472702,0.19784302327352482,0.48980869981137015,0.6918997726953003,0.12034458484917288,0.0886813903674259,0.6812670583639531,0.5712582722122311,0.32322369634837356,0.44313997166855024,0.6535101124456782,0.4027969437150419,0.5164037522809787,0.38743419761050585,0.5908933364987115,0.508293452993935,0.6847352990117871,1
0.2462995339109827,0.18706587464161567,0.6900229578250809,0.13262570591407402,0.25588844411551837,0.5109996853779657,0.7862944755752036,0.18479775353973485,0.5394441472914125,0.09074134570316744,0.4010858406705363,0.18902481307238042,0.31216655524738435,0.4782419313540952,0.9137341434119888,0.5083156199437232,0.6153276380507136,0.5326350082387081,0.32391415938398394,0.6319905248292224,0
0.1331811451769187,0.4093702915812999,0.7255654214375427,0.21472139837869736,0.39691750454744035,0.2959305176643574,0.3497585527338644,0.32534564250177317,0.7563715601677958,0.4791628891316366,0.7104536025394785,0.7917111831341612,0.5306178619296751,0.20772236216546447,0.560510717614857,0.3696398704610401,0.6485531511375351,0.23675427868488275,0.40752231533543604,0.38308557744444244,0
0.2231929323482879,0.4084821027164007,0.7427854321852576,0.29541161677492633,0.40279781661541114,0.08863407196790957,0.23806539089059864,0.17203662166584605,0.8199675247813354,0.3008568611913075,0.39733439905548973,0.6481908736030421,0.29269188749016795,0.07003155501959768,0.7626940213345694,0.4450175230464345,0.7846148378283437,0.1499298170227306,0.3599424081217756,0.34668262320941967,0
0.509415011773991,0.3111579740290348,0.7054782349266174,0.3792370801533603,0.7449815001542702,0.7703913212998864,0.12767443316316157,0.32023388440930345,0.548843377055362,0.4577523620033431,0.3944100228642158,0.508481531330664,0.43855317354098267,0.14765789678539482,0.7185863924331659,0.5394326267549372,0.4915502655517606,0.40382416959405526,0.7483609651500563,0.8333216593411459,1
0.39067954409510985,0.3926047142427781,0.6305120925943073,0.37161562455144287,0.305567863307052,0.36671223223193905,0.11488159024564037,0.11411491161596576,0.586951744970708,0.42198407738470123,0.5357884026988182,0.5716490826848563,0.3305058894623263,0.4867344228749484,0.8088279443601387,0.3348015542461218,0.7831486484562189,0.23892599792831817,0.33856226170015746,0.4303843490819077,0
0.28136547171753745,0.16668846772611678,0.6836043021340714,0.25993769678638645,0.33113234222753374,0.35507794866002285,0.6905744200184973,0.18901868273196354,0.5505157539020392,0.18192400558297617,0.22662594324839574,0.30071364329104444,0.6023130451837192,0.33314670116920714,0.6258862795825085,0.6734671212168204,0.5577092695376022,0.3990724727404896,0.3275401527170591,0.6571994612557004,0
0.41685909781901526,0.21580334982706284,0.5759823838918104,0.4129474400295595,0.24644106713752956,0.3689156421020414,0.22563144411389768,0.16296585845771266,0.6554528187432049,0.3151773518095293,0.286433832612227,0.4407509771205383,0.26522689501403296,0.4769016965902505,0.8629553136514785,0.4078120907551053,0.7154750775013579,0.19591267341274698,0.339741519642392,0.3427690153440477,0
0.7158661740682003,0.8478112048739226,0.3879030243465609,0.8561744505355462,0.09232490397632587,0.3183222109183157,0.6073180644789462,0.27825703969776755,0.10579777391136469,0.6942546203249823,0.48090721698727107,0.38146931186921695,0.6020644649356826,0.7156403308370102,0.41781204264808947,0.45610114398681834,0.5081541813466615,0.5785931196490715,0.28743929830767834,0.7045272991808279,1
0.26733909862894656,0.40726297332149863,0.68792482590224,0.29666768277590033,0.7043762779518759,0.7002582750323005,0.2770209875983807,0.4001950328765645,0.6864166508137393,0.5169788525786942,0.3140189465005069,0.7578400511147749,0.4008596746523429,0.32515927672810685,0.7537139884483585,0.722275439407255,0.6590407490282522,0.4689595779090172,0.5618741197568023,0.5112331744397988,1
0.35339269357553804,0.40367614039432975,0.7538235810776094,0.15724145085350294,0.7217397707200977,0.3920307738456287,0.7808702170449896,0.5198302786319998,0.4943644583103853,0.18039951859855696,0.4276587753704674,0.42203319583572474,0.634334737073782,0.801459500070754,0.9037990012821154,0.262080978339709,0.6334324788676284,0.8124185014125599,0.17255252328063364,0.927885399010109,0
0.30975075266478524,0.36360502961457275,0.6579561440889574,0.24748153656724994,0.4252307935668153,0.47785623601654836,0.7032076246996342,0.23117910253859053,0.5422748958050854,0.16996292193114826,0.3289542841531289,0.3552052335661181,0.457474255923215,0.4153495576137938,0.9270916954158226,0.4892937104149282,0.7371793859002923,0.669894072714571,0.2592706256733521,0.6813621703913334,0
0.25769804053772993,0.7694156427233809,0.6797419830056605,0.6465428423787519,0.2359849512565313,0.7903323649543919,0.279826430281258,0.7470513898525198,0.4919751468392635,0.8827852401518206,0.5008147887561901,0.6009451352822016,0.4628717148372775,0.5669432229178829,0.712275338207727,0.3588658021224878,0.3732745051531338,0.33059230338108353,0.7787713920848273,0.3208056418386121,0
0.15911824474001318,0.14354199332226075,0.604742681153364,0.3457265017177338,0.37088013829517164,0.40282213799434663,0.7842068509367971,0.19593256523564218,0.6177655255129133,0.08658692736488105,0.44785911066531076,0.3490753840931402,0.5139415907550359,0.28520078900518586,0.8355732467384247,0.5230221181392675,0.6789491352782868,0.5414612148019222,0.2771383264296958,0.645153692538514,0
0.19877001166806701,0.8377953318131388,0.5760512020488913,0.5555201770177648,0.18684591366905506,0.6171373241584052,0.23968656747603667,0.5703378993461276,0.4891513570193082,0.7940350311103752,0.5293988365485667,0.5005905691823396,0.5002102289985003,0.6938388127270683,0.6818994632363893,0.41065785410277106,0.3984208590201863,0.21411855430571278,0.5467903223396058,0.16739881320108957,0
0.3963313217141081,0.2216548311436381,0.787026119718931,0.7418302998418189,0.6025616561634806,0.1580533651204179,0.6363299781341377,0.6205008475321923,0.7127885696691036,0.3709533953700458,0.6976244766147024,0.27768490390234085,0.5181291057616184,0.19002865461159046,0.31439834454760307,0.2986937839660223,0.43692237407925044,0.20235703492666432,0.36889343090096977,0.30188509763952087,1
0.2697211713684031,0.4366123835400046,0.726289404330403,0.24503038069215224,0.2650904272920273,0.4043473786100833,0.6651258642348448,0.18393949703395293,0.387843025240985,0.214055801614837,0.44405992552307133,0.14609566749070574,0.37585387335606707,0.4436885045729435,0.7416020181199996,0.8509865214895791,0.5232501123616091,0.4744712935529056,0.34384186489063207,0.777899830421499,0
0.214654776610896,0.19751510257420474,0.5011276515941744,0.4010817423606997,0.21356027950601653,0.23012846961942285,0.814138125205709,0.11432382581097561,0.6018192132715398,0.09249760963331871,0.5893673046776258,0.32317720541813494,0.664880963519955,0.22027398112853247,0.7387862731310533,0.740556010047181,0.6080203880331392,0.4275192268266499,0.2626558706889898,0.5954212410373466,0
0.6438092226554084,0.7756009705273971,0.7944242410837836,0.27425292463156925,0.7201496465960887,0.6910722416287967,0.7287553031129952,0.04268769399152428,0.23782647380362765,0.739938879733533,0.4333130478236947,0.7130931640875585,0.5312314351516889,0.36812433995105687,0.18713841183252944,0.6639673773834783,0.6886476718862378,0.775159622892512,0.6537674770623875,0.7456310188184346,0
0.16108423925020227,0.26421878194708287,0.6187773399010692,0.4535914467112169,0.997329401306005,0.3370526068318841,0.7063070221666603,0.6863172911723449,0.8084065538512655,0.28202703670861407,0.5848320730189271,0.34603969056121014,0.6436079067311854,0.4739953863952495,0.42851426541190807,0.3967670306428025,0.2934878697397963,0.2938126633004254,0.31035660462352177,0.25981700693403265,1
0.6642614117207261,0.5583913391958901,0.7060187179940006,0.36497076981269455,0.7657401472778491,0.7362366590991052,0.7102041610368153,0.19768513173334223,0.39100562853173404,0.5275341090975864,0.49771972948985754,0.43049859205566565,0.5537258292822973,0.3512283182680149,0.47299123890584394,0.5164020171085938,0.5269696434093261,0.6525425351531873,0.7256658151209292,0.6412657926474072,0
0.16782945052471854,0.7525862828685691,0.21813061135173534,0.6799409181387879,0.7132137402002277,0.3051599839618344,0.705954090051191,0.7234626538048965,0.4276060553886077,0.5964964658463798,0.6067891951087796,0.6204711117292517,0.4600334004854466,0.651493468380551,0.28974711449295215,0.42739458465335484,0.04850179286519918,0.4898469764614182,0.3190551692244936,0.7779346930322759,1
0.25035315865485175,0.7742455367623146,0.7041294692716186,0.5641778222267442,0.8051606465278953,0.6034572921816638,0.7641661385178891,0.2207537432413728,0.3538808617729574,0.6266831909297422,0.31394692871731955,0.5941760541275841,0.4326720869309682,0.23859226439651965,0.2681221488432194,0.638785509901907,0.5785187019863471,0.6710137499937365,0.5921010964530447,0.6522504931434706,1
0.7614488636331994,0.8719599823818148,0.6114036633765573,0.32324782293044124,0.6390721892654101,0.5901105279188059,0.7964327962369306,0.23315425583186333,0.2879036391517867,0.7184627325360823,0.4801167614985148,0.6745671356800629,0.4841995613573446,0.3329663666984901,0.29013642339931,0.4765981958989769,0.48286598887565835,0.7734179548048564,0.6803981220102705,0.7753699798794119,0
0.3650410716788023,0.2594857017053483,0.8405091211430544,0.7116150952970017,0.7920404871673719,0.22509646335257744,0.7244563077226299,0.6323103072474328,0.6710086121846438,0.43260968710738135,0.39008384205486013,0.3640301354112442,0.5612356861107834,0.34604799855157986,0.2318658487322014,0.4130208740519542,0.4441511257635412,0.28527168642151485,0.4186330554247074,0.326176368467348,1
0.24993823841749996,0.9217866306890509,0.2283507727897607,0.6677367081573808,0.7876827444556862,0.06536840005414113,0.5271610216547962,0.5573318980725734,0.38650444068398443,0.6052492423294041,0.5900306589962305,0.6506363807530817,0.3468618047147223,0.6131857197636066,0.2041949175757372,0.34030143456053347,0.09283881938318733,0.37900364479849513,0.26283359790435323,0.8336837760362865,1
0.15233362475224382,0.8134725366938867,0.28996624168494894,0.6224415696327527,0.836731050949075,0.1821594746050007,0.7934902075828616,0.5866034525650086,0.4776305716798793,0.5468585347979045,0.2956900365437366,0.730785587829837,0.2192289113431588,0.6810913008203177,0.3262234676374381,0.6711741563242649,0.2696560040650564,0.5686228195185238,0.24109936151510533,0.6825385834840882,1
0.3084406030993313,0.2452092801199089,0.6085827935559514,0.220932573241445,0.3558239319099984,0.3529370782799951,0.6489360822160944,0.20271276223619336,0.48751585025502137,0.19523472916292428,0.5416400165483245,0.2930751108128682,0.3021106107337222,0.3977865263086902,0.6388478340292092,0.5496436092144772,0.41676787858759445,0.3864064403313174,0.39052840793742527,0.8129569612829305,0
0.28830737255748584,0.38356836558991114,0.6987659707211907,0.5066814979934613,0.5104597661726387,0.40646815052874646,0.12682699594086888,0.3516575065419461,0.6631750610105318,0.5340289034717927,0.3720982737954026,0.5449631515716512,0.45278953023962926,0.4174463064659995,0.5277939210271068,0.6184898027197024,0.6570014729433885,0.15156667561608855,0.3254762594209486,0.23047702166761191,0
0.506894400739768,0.18383927138076916,0.7512309728665266,0.39157580362366573,0.7999436962158916,0.7989600226166365,0.3097990669413233,0.28681214699192903,0.5170612405336638,0.4261428921058451,0.35708447585180014,0.6037293792666873,0.602277948698066,0.2505636774979964,0.7212162372719908,0.40393263059180484,0.5932439294691838,0.5508198779931734,0.7628504075055708,0.9391195433391605,1
0.3180552096525276,0.8403919465880834,0.6865565771246704,0.5308985980102281,0.3672912173834737,0.74543881858727,0.1806265270127047,0.6868854441357157,0.4529053295345151,0.8677982391147263,0.47342787372244605,0.36988330486770393,0.47193988279815374,0.8576949917038651,0.7022161502288845,0.6582162400244047,0.08444631845231432,0.032224734260948795,1.0,0.22559712272799287,0
0.23783794237250577,0.1594821894466722,0.6862020884477659,0.44611980630185066,0.6707620734051929,0.7802037693255819,0.3543023745715048,0.4060769236676375,0.5849229948239261,0.44655466896715607,0.4722324093342711,0.6176224986198933,0.1663887189292937,0.41707772206420307,0.7974543579454727,0.24042037578660097,0.4360415975962194,0.37440217250757307,0.8617058966817981,0.7841313631291331,1
0.5826053573872606,0.7389858629222767,0.812477596529935,0.29659212480467123,0.7934241356369551,0.6834729286304922,0.5901353422767454,0.19452603126652973,0.2571812326316154,0.74213608549158,0.4468645370827297,0.6810590616801856,0.5360245793471945,0.35331104956793224,0.17827898577644252,0.4512531634844486,0.5313765494584277,0.674318813508276,0.702898610431548,0.8649413415417386,0
0.3226653643455418,0.2602513712058007,0.5721328557505664,0.23962644288962567,0.7102990054667286,0.3624838709869376,0.5995000446445107,0.7609608278658362,0.6709243691817062,0.2954570120333565,0.41066712121537235,0.5662499963066029,0.306537211370195,0.7636566146517166,0.7566434135357236,0.5050742172620796,0.3617948879223942,0.5317200587070525,0.2449582539280086,0.7545350162287382,0
0.4361884636668452,0.6199055806685676,0.8059100780805855,0.90359950867173,0.34679316474888366,0.6957994875626716,0.18683312762270593,0.7938526194287293,0.5788412111417431,0.8274969431716332,0.4249334677524068,0.5839736672069836,0.5769030522646301,0.530854219578461,0.8427787245058158,0.6077535610152237,0.6013528595830635,0.3351639752624119,0.7620063966169115,0.23632838852528854,0
0.658515545370546,0.7958703621581452,0.23839609077319227,0.7656469903070521,0.2850077829569264,0.4044631368418651,0.6946686381425069,0.12949612513746867,0.13534778612500492,0.5859000940425203,0.4633306224515429,0.3687010467905483,0.31859259814589264,0.7817839158633503,0.4803803801372803,0.5544719528738259,0.44052522495688945,0.5896857251529554,0.3601388579853208,0.6940030735850777,1
0.27143246887432254,0.3590557007969438,0.7484823580375657,0.19385596307609593,0.7421708096265293,0.6463815380918572,0.21841075473599159,0.22523215793104984,0.6985382011590364,0.46868706381781244,0.46456730770759197,0.7534358062557746,0.5051599535903756,0.3677188224207856,0.7539135512311862,0.40582033688597646,0.7257828165995561,0.3740141603549129,0.5893326614855797,0.4650291269084842,1
0.10628986946460778,0.8713401770345633,0.566587119467674,0.6432563519894803,0.774024385554492,0.7480805465551881,0.6686424871494285,0.23285768866218806,0.21272104933193264,0.7375834326459745,0.6494059647414057,0.597173856450483,0.26929805559331377,0.2920130492951667,0.18268547156351994,0.6594098978322162,0.3764119454939516,0.6343364380840083,0.6800169548126868,0.8254847371313199,1
0.5757635301346109,0.8115402047049932,0.673711718225949,0.18546306909043847,0.8552850033135537,0.7080359720174293,0.7316660329647103,0.2254364407426726,0.35457836129237585,0.6739173929506044,0.2969211788329599,0.7570494876507237,0.5095416680009439,0.3968409305766135,0.34229082047856096,0.6947618812305068,0.5856975133546566,0.8320596799151798,0.5977403251508169,0.756300970150031,0
0.6892511516750502,0.10982011708050199,0.956427960854631,0.7861459944876925,0.6241480178020625,0.07116397471741176,0.6550480172254987,0.5418983898226571,0.7520509248890925,0.35394501190897665,0.3169982947358132,0.4584473420320201,0.6381908410847721,0.24303534678463895,0.5172171389484804,0.4623986953966117,0.7471945560424749,0.3261518260941001,0.4863605424019886,0.3506299219744397,1
0.8208819529896547,0.7593546992020039,0.7171853623565647,0.21454083755129694,0.7223181959640085,0.5743996550745422,0.624661757815031,0.36841233356161285,0.3199224555316861,0.7811017390153683,0.18252489132103883,0.7107659897956153,0.43439561763388007,0.40235928950243643,0.14122708794672584,0.46336721988256646,0.37606742328919013,0.6425369739897205,0.6848089886871762,0.818910409074609,0
0.38782219004911317,0.4603410703890297,1.0,0.3569993239971938,0.33661751239380855,0.31668407204986815,0.5504906480939028,0.45655400465453233,0.4414742989697186,0.34706162265393226,0.46965737535203034,0.28460387861513076,0.7444745959833682,0.22932432776399092,0.5664910698300023,0.31404726421498913,0.7576659879178593,0.6153335319987916,0.12218092943085462,0.7887995246387283,0
0.4460262085228625,0.3230272017813562,0.6544228831625369,0.27599099132570465,0.677915787074171,0.22352183541380555,0.5980033917918022,0.6678518447640491,0.6053174827237726,0.2933286780000337,0.3791717291497736,0.5286686741553512,0.5433429614181545,0.7820652852934815,0.7690144832809893,0.608720667376292,0.3718257673526563,0.4761645592455973,0.3639857839303677,0.8382459174590231,0
0.31988514821977776,0.3679669305281448,0.6659800375952256,0.16916402167499733,0.2924153630185683,0.28616312041232495,0.3201091767360678,0.1416515786003978,0.7027873184699966,0.41031762184866705,0.4000265552730146,0.7276804943550582,0.4379302733185807,0.3734826279376844,0.6906298167184013,0.39202715546720457,0.8064505215045623,0.289059398488006,0.2828642931003299,0.3403457560219393,0
0.3779723417641777,0.3170241106030108,0.5620240176263552,0.22957592400740137,0.372292313837418,0.3302491927502573,0.6954445938025386,0.2505335946127969,0.5319492230694784,0.11180146396526791,0.2597991666386008,0.1744517527956781,0.5056576478353607,0.25598448401523105,0.7179748098612468,0.5348576484445715,0.446027375452096,0.4789209628448675,0.26172440025308014,0.763525560635776,0
0.2874105877927807,0.30469961443980775,0.6496111936843285,0.3188993966207507,0.8826229036834301,0.6987962253674797,0.30007050292083626,0.2351840960193595,0.6168587018490106,0.34609240047107276,0.301325468021979,0.5910081841106581,0.3792551907609908,0.18483428086681508,0.7455302596588652,0.6669144606185884,0.5609019184600839,0.46750902309361403,0.6524595856267826,0.787478995117169,1
0.30328057230839456,0.223857407289137,0.6993981719496616,0.2904038026313099,0.4677375615513176,0.2542056726497595,0.4978527979598772,0.2411004750043784,0.754175574595159,0.387281237707819,0.4255756120813756,0.7778976260462334,0.4176531562233678,0.36314091351407507,0.5906581741255749,0.5416879528251232,0.7646516122972524,0.3197106892966181,0.3621780080184365,0.36348601651221724,0
0.3861573414425929,0.8263945431125594,0.6742453198989444,0.8372784671653744,0.8554258736659344,0.7477322229585919,0.6980867033713568,0.14596555783336151,0.2004535740142243,0.791032841980071,0.47224693338868223,0.7200455337565459,0.7992701254388499,0.39948159705514485,0.2587869269461406,0.3005182106545421,0.7481492898702982,0.8146496461037102,0.6485096976085265,0.7088747624451852,1
0.20891590250569209,0.22721936453553127,0.6082554583206367,0.2459662725082666,0.5968403044214775,0.7152870359374265,0.24028979396048214,0.16517410730515014,0.5973881449246901,0.40548729527633964,0.4758417180303012,0.6079282879156583,0.23114435539539535,0.2790283302320496,0.6879427683402857,0.3687254733662665,0.5139517916369253,0.3083262699680249,0.6496071741616806,0.6810379758402983,1
0.26639407679791893,0.610537892174699,0.2638006847808279,0.7888621130472013,0.7891764073892141,0.38433455836437613,0.754341758513472,0.5774717190270902,0.34058647293307964,0.5962388460332495,0.5333537484399482,0.5876331669658834,0.4458419272914054,0.8911310101285232,0.24120955445526338,0.4897176266849773,0.24517353906253114,0.5693618593003347,0.23616065447382106,0.7010258912655059,1
0.3065390822481824,0.7437459699099191,0.6886047543298317,0.8197849585475199,0.6816105107644383,0.670813280793725,0.5580836252994559,0.32202756722895487,0.2622102562788039,0.7692515367242413,0.579029281070076,0.5837591607927878,0.2753294232485102,0.33688176107185697,0.22618170174312346,0.5444274970749616,0.5741363126564687,0.6080970286287029,0.5797366241480608,0.6711016719543017,1
0.36477480851932065,0.33063941172726,0.6564474013640261,0.20541248875909973,0.8017129344699339,0.28994524374114916,0.6532557691404626,0.8073467157188553,0.7185357997446029,0.3065175096352536,0.35154809387537733,0.5936688174975289,0.7096033154283901,0.8382761436820185,0.7736825239739595,0.30145303211761215,0.4196558421319311,0.5497721603097141,0.2393454570688681,0.6441950414151345,0
0.2699884936379685,0.3218113633131845,0.5355865553473801,0.2152719134562805,0.33445285464155816,0.29829416493807526,0.7428638601016199,0.19444925216302708,0.5273895225413858,0.09609122068737053,0.38143306183373293,0.20554798961861884,0.3884768172607371,0.3120948232551482,0.7543471416110542,0.5676705088353096,0.40004201108878445,0.42201932007573983,0.349310935875784,0.7779392179408005,0
0.7054825057655959,0.811211447435888,0.43097115266098884,0.855251961430691,0.25323427724719916,0.2692844306577373,0.7184886479708182,0.32961957734950004,0.10820073157673377,0.6991836370304343,0.43715520371341887,0.40600906376678203,0.7190765947232959,0.8275285149892431,0.3118035965472413,0.5146162743355076,0.425389156696073,0.5605019673698858,0.3573497315231778,0.7268843640922836,1
0.31322435360574935,0.320734111464519,0.5863926451311668,0.27774547893819307,0.22934170580354285,0.39736968879766704,0.21853512379786888,0.11313277108273229,0.6677302818542,0.36767483591984773,0.40046098626645865,0.5482534814294431,0.6981691103972393,0.3879741903835344,0.7559622772716866,0.28557818200365814,0.8311680629052687,0.277599673065403,0.16268822912888087,0.2659215529358323,0
0.2336145441238202,0.2339587847754993,0.6649398462107329,0.17309980677622377,0.26589353319001713,0.2656686927726789,0.3180944112159958,0.27786470704296273,0.8519085144264803,0.31674083241597595,0.39228670630698975,0.6199817686844299,0.42968081756836407,0.23114195455359998,0.7440875344470713,0.5149030210637792,0.7056275078728429,0.16654527602441313,0.28642346617578907,0.21479852079619793,0
0.1226238473695373,0.2949338245348976,0.9146942380821941,0.27983586616210987,0.1821201910337525,0.23465445636405513,0.6357698315003706,0.25727692919060824,0.4580479797514496,0.17129264596487265,0.20027409429042095,0.12067266225634077,0.34765235626482016,0.3015570212497979,0.6255728201041619,0.5124555688797225,0.5726886997572016,0.34541629349567,0.2506711454787046,0.7567358316353655,0
0.32817381701234577,0.41900727467733745,0.6460927359367463,0.3348624371002858,0.37969970235872325,0.29501149363947043,0.20516395474614646,0.284311381987146,0.6995593677616324,0.49974710856843435,0.41859250586367464,0.6686110011369633,0.8182767433719514,0.38117581596918965,0.5907804989486606,0.6169723709562734,0.6716768198327647,0.17994547802348868,0.3264069215437626,0.2816419018224684,0
0.34270870443817847,0.3874559749812789,0.6653275624811718,0.6887281337180228,0.7329973494623474,0.22352034160959078,0.5944201802195189,0.7057753887727685,0.7075926826103147,0.46137532992521957,0.49269524911887186,0.3722482010079376,0.40518205642978145,0.1703178681417572,0.2309994040024148,0.4214738293630417,0.28645715324367793,0.2301328671060187,0.385583845589221,0.3497055323901526,1
0.27190555717089954,0.7615889345955626,0.13125114900134588,0.8197097993624768,0.7150296879160467,0.2775423295267735,0.6779385835755961,0.5370869221033616,0.37513175487256156,0.5565771508995361,0.48270628258029424,0.5896959384657745,0.4697242278713001,0.6835872412466247,0.37099780696802664,0.4517304769975586,0.16717170474932566,0.5110071687267073,0.3106162141015695,0.7650639741588443,1
0.4238316274333763,0.7498712048165057,0.6900394565924723,0.8090641565019441,0.29271330185960637,0.6333122818198593,0.21625427451512358,0.5827116178930791,0.43744113290326525,0.7905410162730329,0.26678045391084326,0.5816267247943595,0.4115128599977328,0.6335961491208082,0.8385169504148243,0.799548041845374,0.5963050077609495,0.39154703778782657,0.686682688439491,0.4123192906676633,0
0.21339084657331864,0.236351814627078,0.7475571786573458,0.2563981404460353,0.8776150923070287,0.5687563788011989,0.3399379062571385,0.17078428026933395,0.6839661936520793,0.3836302426499846,0.588399864324048,0.7709456502990533,0.653888216867524,0.29261479174112137,0.6810350559405185,0.6188086503566318,0.6323831335340238,0.35454637461632593,0.727544539752058,0.6750311165849266,1
0.6987989066141977,0.5825600344326689,0.6699503911331399,0.32697436751430137,0.7894596883474512,0.6391912108519053,0.7463329513823687,0.27717882073005484,0.4364993338570512,0.5981305344194849,0.48196599331261086,0.6322277244160805,0.6057027675037399,0.2056908144866571,0.32003770318744784,0.42000365956512553,0.46015991992987293,0.6698031774995552,0.7486148276632538,0.7370210696624118,0
0.4396893520485309,0.21088206859448622,0.6717949492455157,0.31374839023386913,0.5473214639431024,0.39068108679253966,0.4598465234623941,1.0,0.7640913852509443,0.4537957582027676,0.38311273441449856,0.6129430607618576,0.5150429159040126,0.5721212463901845,0.6739208737343348,0.5458914958852434,0.2809106033333318,0.39549342452101977,0.37441571939334634,0.6304523529391649,0
0.20795705547463023,0.2887678605438614,0.8103588010426395,0.24812561192371932,0.4646164475191469,0.2735503677605374,0.3559234044720265,0.2604772673054935,0.7988023439597025,0.4090043384100583,0.2881859835552044,0.7472917480659047,0.42415644512629735,0.2055936529661163,0.6089132226420021,0.6345337436489512,0.767380759775943,0.2277889635052336,0.4157730524217222,0.3163643864423896,0
0.19163898629280834,0.4049111031193846,0.7237569147187841,0.4088916918316586,0.4294488334521867,0.2847003149044133,0.21438398078831383,0.3884494453409766,0.748200852833399,0.4868078307605857,0.48656934263737006,0.6685093746779289,0.3855209807572497,0.21702738477689115,0.6232252940771191,0.3067804109871834,0.5683858633725984,0.11469876476549845,0.5146711057139971,0.37118236532021404,0
0.04587387821045047,0.6840866639948598,0.8139843322137994,0.6636148625238834,0.7409560728470199,0.8824385335690101,0.7878086720189293,0.08905631136663528,0.1544412669819969,0.6629882496053144,0.6074033222728572,0.49829539035916454,0.5160897410298194,0.3418899504072421,0.24132270567606462,0.49879582803507083,0.6640289793266486,0.7593215472408694,0.6494020331034633,0.7926061894946519,1
0.22735211691047008,0.23562106685719336,0.683232598552171,0.3674961603052677,0.7522470335823279,0.36731959815505394,0.7313513837949206,0.5323558199700652,0.5658352536547515,0.26404211610367223,0.31256148140781137,0.512398877949618,0.4081085399106673,0.871793213319459,0.7323136094398337,0.47519448982782264,0.5490421509321293,0.5750628754734661,0.27387760583261,0.7208985020481382,0
0.2845373376581528,0.20964630753364816,0.5115511711319388,0.35936550563829245,0.39305696330475803,0.4120686148202913,0.697891155047045,0.203120383273904,0.5535020966838703,0.1917504627464276,0.40747067267027315,0.39950078530397454,0.5742425110507151,0.4134208361678642,0.777215518366944,0.3782378112737772,0.5128180263173505,0.45589711767334845,0.429332454893802,0.7144387403515945,0
0.7709874601971004,0.628750711122835,0.6620903370917692,0.35333408749257134,0.7313108201537544,0.5943542900790727,0.8468399236812055,0.3823197605683798,0.38861073560456016,0.6846500466667083,0.564054847993927,0.683311595240037,0.4417255252207911,0.43324197132044684,0.286701034463314,0.5668496462479082,0.3900147376177224,0.6831214583904448,0.7899477349310424,0.7301829371247637,0
0.3441690622429867,0.7795347547244965,0.6988499345392648,0.71288618974483,0.17933643910640118,0.74540258481795,0.3431541872577202,0.6517459834890995,0.44501769541685515,0.9069518029398945,0.31046991025602333,0.6547246124194148,0.510260949942572,0.5839625129707997,0.6674872765145617,0.5359810658021741,0.5516607531966331,0.42956588514859434,0.6760009748579117,0.28862565070579044,0
0.26013195096689723,0.7115016090350779,0.6762263328890434,0.6066239705079032,0.1521368823483884,0.5716433578159406,0.30928941375523633,0.6880725881545044,0.569395946750322,0.7869949705496575,0.5033952912307132,0.5967977027473637,0.4757565913566446,0.5767737278254199,0.7208680019830374,0.40469426576403555,0.4606958343298808,0.2593645623576922,0.6160487601945167,0.20865535292905701,0
0.22642685301267368,0.3618507653554818,0.7146384853685688,0.3315189330843271,0.2466511974773209,0.2249358468534169,0.7279079271649548,0.1820554450387748,0.5084125964385549,0.14398245190728604,0.32168682484472644,0.2205911039036569,0.49929066897685503,0.2071518283793058,0.6968609629692335,0.3939819374287678,0.6131635385696406,0.45554800018257713,0.25115223323320957,0.7129677676201323,0
0.24702558236977845,0.8061377745475884,0.7342394019924281,0.6026147578127315,0.714236470114533,0.5254837090749372,0.8007040672793597,0.1841376450749945,0.35916045986972334,0.5590330971357198,0.7743548558200167,0.4396678882805709,0.25503259714604354,0.1935091084244286,0.38058752011653524,0.5589450251017702,0.4909020317003412,0.5487872775145023,0.75310739450567,0.6258147958462157,1
0.3209672398982468,0.3652779268362579,0.7473236220531465,0.2521641055931952,0.4709541313209082,0.2398201286273503,0.39102465130843844,0.16466731551324054,0.7279222370021494,0.4293095550328573,0.5292983999445189,0.7257474745759614,0.5265493692838653,0.365423398092378,0.5894093719625078,0.5456325319066914,0.7760333911213991,0.2427346796329208,0.39706381376213595,0.28376071348105125,0
0.6780297141802194,0.63078065262447,0.6054029728379277,0.4160403882905012,0.7762659117984608,0.7783479359571688,0.7530768664428777,0.32675826310067513,0.40185549174690005,0.561489859603578,0.5501622715962822,0.45520802477146577,0.45607829426907626,0.22157631327232513,0.4749947635635544,0.4399793544491749,0.3819516162790251,0.7004531312603588,0.8071164562510045,0.7290011606360034,0
0.2468060113126368,0.3232908216504092,0.6099691373427965,0.3713490692524091,0.409106560492718,0.23633320885564701,0.19248792728949177,0.32943578622271563,0.8088456225125435,0.34755274610088993,0.4432999430492222,0.5794739444584601,0.4779240212524232,0.2707511753911216,0.7546840177505235,0.3311086116104811,0.639320773691478,0.12384284185754954,0.3216675186499517,0.2789920336183379,0
0.3260977216349853,0.4659983119527361,0.5711100571748645,0.10509988862003328,0.5148604246308519,0.3528450335934991,0.608902299696938,0.7428298084011343,0.7184241647208529,0.37671998574221066,0.48525357002974323,0.7607710264379096,0.6017470405070143,0.4417803170270551,0.8252902288752932,0.5935656120937137,0.41299162065583783,0.6114135256538109,0.34321869954375206,0.7933204191775967,0
0.3562096926115735,0.5959794169322644,0.2622461541479895,0.8566007545942432,0.7424240332368193,0.14064319279751386,0.6136400830876981,0.485079923827173,0.3445061572152849,0.6125457137883344,0.4647362390234392,0.6784384103506186,0.5513794223694264,0.9440527416910554,0.19795743404215443,0.31895998471013304,0.28533763106091364,0.40893673186223084,0.23331461836384296,0.7165320127900474,1
0.3110821438190662,0.2584727599552382,0.6354659316546013,0.3107542827911463,0.7627544867561463,0.2088980272981955,0.569440877798405,0.6690537014055281,0.706154150623693,0.33289711832085317,0.34133400636343436,0.6574666638998767,0.39373298599318485,0.7260394978056652,0.6372101230707305,0.3719004742204165,0.4199103306583981,0.40558615863613806,0.3020270676003021,0.6644365822809449,0
0.23772240835863606,0.3244975612421737,0.6465095637873441,0.2063232769144519,0.9094013128925189,0.2739680798509343,0.8467822512014506,0.5054973659415393,0.5875903720460935,0.23706088531197528,0.5043586358375203,0.5631317595594775,0.26204598556657493,1.0,0.6796224128009596,0.43809929817155024,0.4880161714202774,0.593020156683864,0.2528336708400317,0.6999693054054934,0
0.22181769911713317,0.72630975119471,0.7936624840245678,0.6272396851777109,0.7702453466238925,0.6289678859256639,0.8010435605330141,0.1508509338298087,0.2966348359143043,0.5960286008394101,0.5953697210508767,0.5081831467002619,0.2969091998618302,0.224936878063973,0.2900836915993742,0.7261973054891924,0.6185308727482812,0.6682330866250583,0.665882145162944,0.7037659730558129,1
0.23702261354753495,0.2341581615455156,0.47308440512223693,0.20846055337928032,0.2694327924720617,0.30008985486022643,0.7433191360165754,0.09117822775554268,0.4987904338844963,0.07198661832307757,0.258657543859132,0.139595074396846,0.5332624878162338,0.3416170941714324,0.684676403890953,0.9316956419640932,0.30253218269132787,0.2989734840069681,0.40274863467525235,0.7667316044375238,0
0.2556496456784239,0.3458319257321379,0.6911234399224676,0.2293527074813904,0.18931786490278762,0.1367537580237232,0.7093789051704134,0.22898087866057645,0.4956162900681702,0.11576639736947375,0.4869166127082847,0.1510942241923635,0.4886765730026046,0.2140661814015627,0.6155952659581888,0.34561904481976613,0.46381880969340045,0.374699500094974,0.20462831038615226,0.7936738662122416,0
0.33671195832524026,0.24039796288487536,0.5045697682661731,0.20281864647740994,0.19603331084542536,0.23691553771318968,0.24241093721915896,0.2521789027844713,0.7960417677396148,0.3032011198107231,0.48741079281921273,0.5993209280529593,0.6042760738610973,0.34048244054013077,0.836722209402792,0.5402067611139524,0.5691456938001547,0.10752007248308532,0.3607416376220758,0.3481856402681106,0
0.288429768156137,0.3796706358669123,0.602637380009516,0.4131983874619227,0.48163242711996856,0.3463619179480075,0.17915281254948856,0.28168077124179614,0.6705223893608266,0.4889909948822282,0.42406797532783863,0.6246806917492808,0.6729592466749177,0.41568164485933556,0.5904440603592644,0.5206978769662167,0.5542548085857262,0.12214990224687444,0.45298673039850196,0.36178676113559133,0
0.2564719135612248,0.49157963802939975,0.9803726438819544,0.17356695577473324,0.2499192554376185,0.2778777167792063,0.5829760655644621,0.32413813668632374,0.40828664471507264,0.25514993360898824,0.5067541322291242,0.16955126740784648,0.5777540394461751,0.3692742155282238,0.6775846608000886,0.6097662883814122,0.6021144483464196,0.465940310514019,0.2606748509855095,0.8269164028257876,0
0.16156393244734024,0.42754129369301624,0.5742098910782352,0.1468352268648197,0.7582980917946727,0.7215905401835816,0.271967536867802,0.030438109199586838,0.5624056410091375,0.34758672551596437,0.31471216039485406,0.5542562478565773,0.26968700032852644,0.19175690926800376,0.6960179997022649,0.6997612232644932,0.5515219187821924,0.4087870370513802,0.5774497932575069,0.7118375677729771,1
0.8972512942069205,0.6697359546994048,0.3241827650872341,0.4883326339721035,0.5351827974325275,0.2598767668338883,0.7075576844949181,0.09958811121337646,0.1825153251978877,0.461028497935803,0.382513847154257,0.13873962469870027,0.26878399878815296,0.6920567227943342,0.19463789884165705,0.5189849632032804,0.18059031918148818,0.4011027057735556,0.38804853058247013,0.7291835913220206,1
0.22886194151725175,0.2929687176629382,0.7007754387686634,0.2208549456235629,0.21525655585900683,0.3692243420895696,0.7570326398839442,0.2816738681048494,0.4941026036411307,0.1331310564138607,0.5767145648070575,0.19509198803247418,0.5442797186189254,0.4048752617260273,0.8282581659395978,0.4635084346235379,0.5293761906557141,0.5030134721428692,0.30458139300218057,0.7696091647214907,0
0.07636941643400313,0.35044274836311406,0.702062765785917,0.2649248994842909,0.2878081604786247,0.20572216988159703,0.7383013878141251,0.17192470081813715,0.5698164726650591,0.05076272798861242,0.4825780532479685,0.17509871016217948,0.5110234018249223,0.21868678842230982,0.8031555636739995,0.5059981686223566,0.5747236137614,0.40083262397560343,0.2604648480129131,0.6813737882660424,0
0.20985877033704037,0.7557942763539736,0.6388269587227882,0.6158407047672322,0.7599998381100596,0.7481314067249066,0.6808452616396655,0.15405452077439585,0.3307542071668753,0.6529636944842484,0.3359112061171935,0.6177805598116274,0.2854482767173654,0.2584679185995414,0.3513407940725468,0.5239135529673097,0.6461054871973957,0.6985029294888256,0.5977840485528416,0.6225220693965559,1
0.3597870848342818,0.6874220053528466,0.7804225888482828,0.7728661922094449,0.15332149387755195,0.6017472586784697,0.293356391338623,0.658101068230258,0.5323750968616056,0.838698339232062,0.48579506971040676,0.675026918940486,0.5721676383488881,0.5024323880619382,0.748570053032905,0.6432759543341647,0.6644243260997782,0.3726769769779229,0.649562055083944,0.2563526548145038,0
0.3326780769210574,0.19894501263485442,0.6362701742204213,0.17875385859904236,0.0,0.4671401209531431,0.2964246193275055,0.21103477425041364,0.6877580954589868,0.3585959010538331,0.600167606573299,0.557492278301952,0.3676270112800047,0.40866533004030225,0.8615770173758244,0.29539890253010936,0.8226874263582615,0.3194051011068611,0.2009381780422944,0.300714794419078,0
0.1446549091516175,0.2090006073354757,0.5209514487697539,0.19516762413049682,0.2464112141656286,0.4178850783294202,0.838618580592468,0.22776221144202866,0.5487502734239476,0.046379357694417755,0.5319613676344435,0.21561349271626123,0.4107198007051995,0.38637785207735836,0.9017493539585693,0.5255093530121412,0.42787395966994257,0.4899425954452279,0.36695467900081863,0.7794905279442007,0
0.25348800865527055,0.3671322901917965,0.6550947660872524,0.21985803775705454,0.28333999576419167,0.41127570555047277,0.18033835539260634,0.14595445321815986,0.6231472882444726,0.44916374366694,0.35748949008925823,0.6879121804577433,0.5627318908876526,0.3592434996777383,0.6883990710500905,0.4721474817165029,0.7497762145453852,0.2731242525013503,0.32018446539329626,0.47399339729053697,0
0.16960860699584313,0.1983075460610405,0.6197618091062957,0.04642551397154948,0.015992253468967155,0.4909923951680775,0.31906191779857895,0.3376106037852447,0.8061749217194459,0.3573690905705581,0.39704522936513714,0.5961565538017133,0.5115590943314885,0.31057140039228426,0.8386259132347404,0.5381122666272707,0.6764883683061012,0.24078706684899193,0.2462890052641446,0.22196303514527616,0
0.1567287275038109,0.39416698700497743,0.618066774173865,0.24169534688237085,0.2576533430524052,0.3670458011541563,0.0,0.2582322875968306,0.7801700912901417,0.34336828948992476,0.3245531373303979,0.4609122445855304,0.06562891786450281,0.2352339915768597,0.8507546018948132,0.3723813725823767,0.6766509602508468,0.08163824404962694,0.224733171945527,0.21835565696734294,0
0.26680063858795655,0.385400061350039,0.5367622034111729,0.6689006679255836,0.5768800812246976,0.2444658105005646,0.7006625535314994,0.6219895361862364,0.6450195810774858,0.4141208602926668,0.5636470637662295,0.20338449486444446,0.3782810440632849,0.1476973991728054,0.08822474232818128,0.4825954243112103,0.24761298331172005,0.2425869233156544,0.15193304479641928,0.25556929910135884,1
0.7208832759733479,0.8756803278031551,0.6683424669039725,0.11953163276822737,0.7574850802160068,0.8707764041633892,0.5462431339752375,0.15480704366720338,0.30029688287199274,0.7410957719074106,0.46656185832667274,0.618303455949107,0.672006984193159,0.2593251964301602,0.293990401877978,0.42718463344018043,0.5587453666479059,0.7852600735287358,0.6059945168845517,0.6923616774707142,0
0.19206325193224266,0.34618991419519674,0.62380646888399,0.4110581471120463,0.6128526169960935,0.34917763936225515,0.6168767512306819,0.6746066875964662,0.5540158325400061,0.41832198329680265,0.3889998873092955,0.5426374272504721,0.39682069854650953,0.8178869550040132,0.6079614223327747,0.5531899724931524,0.30970437200257805,0.3997335146634891,0.39900299297052955,0.7106356007867101,0
0.2662213952705951,0.7723346622846212,0.6944762278189984,0.655157734217569,0.8904647844613336,0.6406875532537117,0.6661969824035411,0.19770856462214734,0.19944082339331176,0.6619251259591605,0.4561315515843959,0.5081052365897313,0.3860121232990676,0.3963810883995146,0.21432084014950525,0.3677927302646663,0.39324028109017767,0.5820287529706826,0.7620228968559565,0.8953466670461931,1
0.176871130213903,0.6147270586471216,0.7294496291393646,0.5812150452281024,0.36877437782932226,0.7489086412122588,0.1757320535396651,0.8740664940267302,0.6188672275182785,0.8516125958949986,0.5280915864105146,0.7239908175274767,0.31958563535704454,0.6465133188383954,0.7047148594605244,0.5418590661552328,0.4594836984947156,0.31907062751703524,0.5953671010879649,0.2677651945844771,0
0.6478331093376558,0.7446921829736204,0.28986139673187805,0.6009588629105092,0.4197087322759336,0.35169234710704733,0.6952128241467304,0.22247541098123483,0.1768836636350774,0.5913590591317041,0.4705763394171614,0.3731597518982111,0.5631818069952054,0.8848753072071495,0.32529397171545466,0.6871306821434907,0.2939177481485387,0.49517057234574896,0.3486119358960216,0.687486807681498,1
0.3314757038869612,0.3354084952563908,0.6896028438295618,0.6625811836072413,0.6975098743881714,0.32453895322503035,0.6585270351798889,0.7448223607911024,0.692137961263008,0.3657676897731933,0.5763582164372361,0.20157429118573542,0.4492687275197575,0.3130259578886344,0.40077844744798985,0.5719252434298994,0.3473818646313777,0.3264797067630615,0.27532964406714244,0.30173055792857195,1
